event_id,origin_time,latitude,longitude,depth_km,magnitude,horizontal_distance_m,east_m,north_m,depth_difference_km,requested_start_utc,requested_end_utc,coverage_complete,coverage_segment_id,intersecting_file_count,source_files,source_files_exist,family_neighborhood_gate,nomination_status,family_label,waveform_access_status
75003091,2024-05-08T01:25:43.140Z,36.03067,-120.6045,-0.74,0.9,2690.957635084614,-2420.172024668122,1176.4439488704857,-5.571000000000001,2024-05-08T01:25:33.140Z,2024-05-08T01:26:13.140Z,False,,0,,False,False,not_nominated,,EMBARGOED_UNTIL_NETWORK_MODEL_FROZEN
75003116,2024-05-08T02:51:09.790Z,35.9,-120.43833,6.37,0.1,18307.80682355875,12524.45767949793,-13353.41718524549,1.5389999999999997,2024-05-08T02:50:59.790Z,2024-05-08T02:51:39.790Z,False,,0,,False,False,not_nominated,,EMBARGOED_UNTIL_NETWORK_MODEL_FROZEN
75004276,2024-05-10T12:29:58.410Z,35.9955,-120.5645,2.76,1.1,2976.9557162893093,1177.2594501270046,-2734.287022942957,-2.0710000000000006,2024-05-10T12:29:48.410Z,2024-05-10T12:30:28.410Z,False,,0,,False,False,not_nominated,,EMBARGOED_UNTIL_NETWORK_MODEL_FROZEN
75004856,2024-05-11T09:46:31.440Z,36.0375,-120.607,2.19,0.6,3277.7765597755165,-2645.011491842578,1935.906346865602,-2.6410000000000005,2024-05-11T09:46:21.440Z,2024-05-11T09:47:01.440Z,False,,0,,False,False,not_nominated,,EMBARGOED_UNTIL_NETWORK_MODEL_FROZEN
75005361,2024-05-12T04:29:12.240Z,36.03533,-120.60934,2.47,1.0,3320.447582893917,-2855.4612331184003,1694.6130227588847,-2.361,2024-05-12T04:29:02.240Z,2024-05-12T04:29:42.240Z,False,,0,,False,False,not_nominated,,EMBARGOED_UNTIL_NETWORK_MODEL_FROZEN
75005956,2024-05-13T09:30:29.090Z,35.99217,-120.55483,4.0,0.7,3718.6410532915106,2046.9385091585766,-3104.5666401204303,-0.8310000000000004,2024-05-13T09:30:19.090Z,2024-05-13T09:30:59.090Z,False,,0,,False,False,not_nominated,,EMBARGOED_UNTIL_NETWORK_MODEL_FROZEN
75006381,2024-05-14T03:16:53.640Z,36.043,-120.60533,0.03,0.3,3565.6375598175573,-2494.81872776952,2547.4792881497933,-4.801,2024-05-14T03:16:43.640Z,2024-05-14T03:17:23.640Z,False,,0,,False,False,not_nominated,,EMBARGOED_UNTIL_NETWORK_MODEL_FROZEN
75008786,2024-05-18T17:40:29.650Z,36.08617,-120.665,2.22,0.8,10760.556331842368,-7861.28713029532,7347.770901831796,-2.611,2024-05-18T17:40:19.650Z,2024-05-18T17:40:59.650Z,False,,0,,False,False,not_nominated,,EMBARGOED_UNTIL_NETWORK_MODEL_FROZEN
75010621,2024-05-22T15:44:38.780Z,36.03783,-120.59783,3.94,0.9,2684.147330431596,-1820.3003262461527,1972.6007233424639,-0.8910000000000005,2024-05-22T15:44:28.780Z,2024-05-22T15:45:08.780Z,True,2,2,/oak/stanford/groups/ettore88/data/SAFOD/SAFODAS1-harddrive-transfer/recording_21052024_234236_UTC(+0000)/SAFOD-Zumberge-16mGL-500HzFs_2024-05-22T154357Z.h5;/oak/stanford/groups/ettore88/data/SAFOD/SAFODAS1-harddrive-transfer/recording_21052024_234236_UTC(+0000)/SAFOD-Zumberge-16mGL-500HzFs_2024-05-22T154457Z.h5,True,False,not_nominated,,EMBARGOED_UNTIL_NETWORK_MODEL_FROZEN
75010721,2024-05-22T21:31:27.080Z,35.98317,-120.54617,2.88,2.0,4983.8457041170595,2825.7824234508707,-4105.322362222264,-1.9510000000000005,2024-05-22T21:31:17.080Z,2024-05-22T21:31:57.080Z,True,2,1,/oak/stanford/groups/ettore88/data/SAFOD/SAFODAS1-harddrive-transfer/recording_21052024_234236_UTC(+0000)/SAFOD-Zumberge-16mGL-500HzFs_2024-05-22T213057Z.h5,True,False,not_nominated,,EMBARGOED_UNTIL_NETWORK_MODEL_FROZEN
75012011,2024-05-25T04:56:28.150Z,35.9275,-120.48317,4.65,1.4,13345.710848722947,8491.736996252524,-10295.552478822956,-0.18100000000000005,2024-05-25T04:56:18.150Z,2024-05-25T04:56:58.150Z,True,2,2,/oak/stanford/groups/ettore88/data/SAFOD/SAFODAS1-harddrive-transfer/recording_21052024_234236_UTC(+0000)/SAFOD-Zumberge-16mGL-500HzFs_2024-05-25T045557Z.h5;/oak/stanford/groups/ettore88/data/SAFOD/SAFODAS1-harddrive-transfer/recording_21052024_234236_UTC(+0000)/SAFOD-Zumberge-16mGL-500HzFs_2024-05-25T045657Z.h5,True,False,not_nominated,,EMBARGOED_UNTIL_NETWORK_MODEL_FROZEN
75012236,2024-05-26T04:15:09.970Z,35.94067,-120.47066,-0.55,0.2,13056.494623233684,9616.833689995066,-8831.113272147855,-5.381,2024-05-26T04:14:59.970Z,2024-05-26T04:15:39.970Z,True,2,1,/oak/stanford/groups/ettore88/data/SAFOD/SAFODAS1-harddrive-transfer/recording_21052024_234236_UTC(+0000)/SAFOD-Zumberge-16mGL-500HzFs_2024-05-26T041457Z.h5,True,False,not_nominated,,EMBARGOED_UNTIL_NETWORK_MODEL_FROZEN
75012366,2024-05-26T18:33:36.800Z,35.97783,-120.53333,6.17,1.7,6158.443038953482,3980.557926859663,-4699.1040906697635,1.3389999999999995,2024-05-26T18:33:26.800Z,2024-05-26T18:34:06.800Z,True,2,2,/oak/stanford/groups/ettore88/data/SAFOD/SAFODAS1-harddrive-transfer/recording_21052024_234236_UTC(+0000)/SAFOD-Zumberge-16mGL-500HzFs_2024-05-26T183257Z.h5;/oak/stanford/groups/ettore88/data/SAFOD/SAFODAS1-harddrive-transfer/recording_21052024_234236_UTC(+0000)/SAFOD-Zumberge-16mGL-500HzFs_2024-05-26T183357Z.h5,True,False,not_nominated,,EMBARGOED_UNTIL_NETWORK_MODEL_FROZEN
75012841,2024-05-28T07:03:11.380Z,35.797,-120.72617,7.34,1.2,28176.65029625231,-13362.659213124005,-24806.51044929955,2.5089999999999995,2024-05-28T07:03:01.380Z,2024-05-28T07:03:41.380Z,True,6,2,/oak/stanford/groups/ettore88/data/SAFOD/SAFODAS1-harddrive-transfer/recording_26052024_193843_UTC(+0000)/SAFOD-Zumberge-16mGL-500HzFs_2024-05-28T070204Z.h5;/oak/stanford/groups/ettore88/data/SAFOD/SAFODAS1-harddrive-transfer/recording_26052024_193843_UTC(+0000)/SAFOD-Zumberge-16mGL-500HzFs_2024-05-28T070304Z.h5,True,False,not_nominated,,EMBARGOED_UNTIL_NETWORK_MODEL_FROZEN
75013057,2024-05-29T08:03:40.730Z,36.09833,-120.68034,4.06,1.5,12691.83143582557,-9240.902100878568,8699.903077470934,-0.7710000000000008,2024-05-29T08:03:30.730Z,2024-05-29T08:04:10.730Z,True,6,2,/oak/stanford/groups/ettore88/data/SAFOD/SAFODAS1-harddrive-transfer/recording_26052024_193843_UTC(+0000)/SAFOD-Zumberge-16mGL-500HzFs_2024-05-29T080304Z.h5;/oak/stanford/groups/ettore88/data/SAFOD/SAFODAS1-harddrive-transfer/recording_26052024_193843_UTC(+0000)/SAFOD-Zumberge-16mGL-500HzFs_2024-05-29T080404Z.h5,True,False,not_nominated,,EMBARGOED_UNTIL_NETWORK_MODEL_FROZEN
75013992,2024-05-31T23:17:32.540Z,35.80183,-120.73167,9.93,0.9,27946.924013679156,-13857.306040908063,-24269.43821177098,5.098999999999999,2024-05-31T23:17:22.540Z,2024-05-31T23:18:02.540Z,True,15,2,/oak/stanford/groups/ettore88/data/SAFOD/SAFODAS1-harddrive-transfer/recording_31052024_164225_UTC(+0000)/SAFOD-Zumberge-16mGL-500HzFs_2024-05-31T231625Z.h5;/oak/stanford/groups/ettore88/data/SAFOD/SAFODAS1-harddrive-transfer/recording_31052024_164225_UTC(+0000)/SAFOD-Zumberge-16mGL-500HzFs_2024-05-31T231725Z.h5,True,False,not_nominated,,EMBARGOED_UNTIL_NETWORK_MODEL_FROZEN
75014212,2024-06-01T12:19:21.300Z,35.9705,-120.53333,5.37,0.6,6800.797478633586,3980.557926859663,-5514.1640287811215,0.5389999999999997,2024-06-01T12:19:11.300Z,2024-06-01T12:19:51.300Z,True,15,2,/oak/stanford/groups/ettore88/data/SAFOD/SAFODAS1-harddrive-transfer/recording_31052024_164225_UTC(+0000)/SAFOD-Zumberge-16mGL-500HzFs_2024-06-01T121825Z.h5;/oak/stanford/groups/ettore88/data/SAFOD/SAFODAS1-harddrive-transfer/recording_31052024_164225_UTC(+0000)/SAFOD-Zumberge-16mGL-500HzFs_2024-06-01T121925Z.h5,True,False,not_nominated,,EMBARGOED_UNTIL_NETWORK_MODEL_FROZEN
75016247,2024-06-04T18:01:39.150Z,35.8,-120.73483,10.37,1.8,28264.928426734758,-14141.503127417576,-24472.925208598936,5.538999999999999,2024-06-04T18:01:29.150Z,2024-06-04T18:02:09.150Z,True,15,1,/oak/stanford/groups/ettore88/data/SAFOD/SAFODAS1-harddrive-transfer/recording_31052024_164225_UTC(+0000)/SAFOD-Zumberge-16mGL-500HzFs_2024-06-04T180125Z.h5,True,False,not_nominated,,EMBARGOED_UNTIL_NETWORK_MODEL_FROZEN
75016937,2024-06-06T02:33:21.100Z,35.801,-120.73267,10.39,1.5,28071.68412207951,-13947.241827778356,-24361.730128364874,5.559,2024-06-06T02:33:11.100Z,2024-06-06T02:33:51.100Z,True,20,2,/oak/stanford/groups/ettore88/data/SAFOD/SAFODAS1-harddrive-transfer/recording_05062024_232735_UTC(+0000)/SAFOD-Zumberge-16mGL-500HzFs_2024-06-06T023235Z.h5;/oak/stanford/groups/ettore88/data/SAFOD/SAFODAS1-harddrive-transfer/recording_05062024_232735_UTC(+0000)/SAFOD-Zumberge-16mGL-500HzFs_2024-06-06T023335Z.h5,True,False,not_nominated,,EMBARGOED_UNTIL_NETWORK_MODEL_FROZEN
75017277,2024-06-07T00:01:36.490Z,36.01417,-120.57317,2.21,0.8,768.9895465981218,397.51617796444805,-658.2748749828769,-2.6210000000000004,2024-06-07T00:01:26.490Z,2024-06-07T00:02:06.490Z,True,20,2,/oak/stanford/groups/ettore88/data/SAFOD/SAFODAS1-harddrive-transfer/recording_05062024_232735_UTC(+0000)/SAFOD-Zumberge-16mGL-500HzFs_2024-06-07T000035Z.h5;/oak/stanford/groups/ettore88/data/SAFOD/SAFODAS1-harddrive-transfer/recording_05062024_232735_UTC(+0000)/SAFOD-Zumberge-16mGL-500HzFs_2024-06-07T000135Z.h5,True,False,not_nominated,,EMBARGOED_UNTIL_NETWORK_MODEL_FROZEN
75017367,2024-06-07T10:50:08.750Z,35.867,-120.41,5.47,1.8,22736.59990348353,15072.338521520896,-17022.854832952213,0.6389999999999993,2024-06-07T10:49:58.750Z,2024-06-07T10:50:38.750Z,True,20,2,/oak/stanford/groups/ettore88/data/SAFOD/SAFODAS1-harddrive-transfer/recording_05062024_232735_UTC(+0000)/SAFOD-Zumberge-16mGL-500HzFs_2024-06-07T104935Z.h5;/oak/stanford/groups/ettore88/data/SAFOD/SAFODAS1-harddrive-transfer/recording_05062024_232735_UTC(+0000)/SAFOD-Zumberge-16mGL-500HzFs_2024-06-07T105035Z.h5,True,False,not_nominated,,EMBARGOED_UNTIL_NETWORK_MODEL_FROZEN
75017507,2024-06-07T21:48:23.430Z,36.12617,-120.691,5.66,2.0,15593.837487039775,-10199.61758891145,11795.574111173017,0.8289999999999997,2024-06-07T21:48:13.430Z,2024-06-07T21:48:53.430Z,True,20,2,/oak/stanford/groups/ettore88/data/SAFOD/SAFODAS1-harddrive-transfer/recording_05062024_232735_UTC(+0000)/SAFOD-Zumberge-16mGL-500HzFs_2024-06-07T214735Z.h5;/oak/stanford/groups/ettore88/data/SAFOD/SAFODAS1-harddrive-transfer/recording_05062024_232735_UTC(+0000)/SAFOD-Zumberge-16mGL-500HzFs_2024-06-07T214835Z.h5,True,False,not_nominated,,EMBARGOED_UNTIL_NETWORK_MODEL_FROZEN
75018832,2024-06-08T21:38:27.840Z,36.03283,-120.59167,3.29,0.7,1900.0875129635901,-1266.2958791270362,1416.6253221745148,-1.5410000000000004,2024-06-08T21:38:17.840Z,2024-06-08T21:38:57.840Z,True,20,2,/oak/stanford/groups/ettore88/data/SAFOD/SAFODAS1-harddrive-transfer/recording_05062024_232735_UTC(+0000)/SAFOD-Zumberge-16mGL-500HzFs_2024-06-08T213735Z.h5;/oak/stanford/groups/ettore88/data/SAFOD/SAFODAS1-harddrive-transfer/recording_05062024_232735_UTC(+0000)/SAFOD-Zumberge-16mGL-500HzFs_2024-06-08T213835Z.h5,True,False,not_nominated,,EMBARGOED_UNTIL_NETWORK_MODEL_FROZEN
75019617,2024-06-09T07:50:26.100Z,35.79683,-120.73883,12.61,1.0,28750.43138074078,-14501.246274896193,-24825.41361293893,7.778999999999999,2024-06-09T07:50:16.100Z,2024-06-09T07:50:56.100Z,True,20,2,/oak/stanford/groups/ettore88/data/SAFOD/SAFODAS1-harddrive-transfer/recording_05062024_232735_UTC(+0000)/SAFOD-Zumberge-16mGL-500HzFs_2024-06-09T074935Z.h5;/oak/stanford/groups/ettore88/data/SAFOD/SAFODAS1-harddrive-transfer/recording_05062024_232735_UTC(+0000)/SAFOD-Zumberge-16mGL-500HzFs_2024-06-09T075035Z.h5,True,False,not_nominated,,EMBARGOED_UNTIL_NETWORK_MODEL_FROZEN
75019807,2024-06-09T14:40:53.120Z,36.00033,-120.55967,1.41,1.1,2724.9158302084516,1611.6493007082984,-2197.214785415178,-3.4210000000000003,2024-06-09T14:40:43.120Z,2024-06-09T14:41:23.120Z,True,20,1,/oak/stanford/groups/ettore88/data/SAFOD/SAFODAS1-harddrive-transfer/recording_05062024_232735_UTC(+0000)/SAFOD-Zumberge-16mGL-500HzFs_2024-06-09T144035Z.h5,True,False,not_nominated,,EMBARGOED_UNTIL_NETWORK_MODEL_FROZEN
75019887,2024-06-09T16:35:44.120Z,35.99983,-120.56017,2.63,1.8,2744.021502459787,1566.6814072731518,-2252.81232553142,-2.2010000000000005,2024-06-09T16:35:34.120Z,2024-06-09T16:36:14.120Z,True,20,2,/oak/stanford/groups/ettore88/data/SAFOD/SAFODAS1-harddrive-transfer/recording_05062024_232735_UTC(+0000)/SAFOD-Zumberge-16mGL-500HzFs_2024-06-09T163435Z.h5;/oak/stanford/groups/ettore88/data/SAFOD/SAFODAS1-harddrive-transfer/recording_05062024_232735_UTC(+0000)/SAFOD-Zumberge-16mGL-500HzFs_2024-06-09T163535Z.h5,True,False,not_nominated,,EMBARGOED_UNTIL_NETWORK_MODEL_FROZEN
75020092,2024-06-10T01:19:14.660Z,36.00733,-120.565,3.63,0.8,1815.2733373176811,1132.291556691858,-1418.8492237798914,-1.2010000000000005,2024-06-10T01:19:04.660Z,2024-06-10T01:19:44.660Z,True,20,2,/oak/stanford/groups/ettore88/data/SAFOD/SAFODAS1-harddrive-transfer/recording_05062024_232735_UTC(+0000)/SAFOD-Zumberge-16mGL-500HzFs_2024-06-10T011835Z.h5;/oak/stanford/groups/ettore88/data/SAFOD/SAFODAS1-harddrive-transfer/recording_05062024_232735_UTC(+0000)/SAFOD-Zumberge-16mGL-500HzFs_2024-06-10T011935Z.h5,True,False,not_nominated,,EMBARGOED_UNTIL_NETWORK_MODEL_FROZEN
75020097,2024-06-10T01:20:17.870Z,36.006,-120.56284,4.33,0.6,2052.903449650336,1326.5528563310784,-1566.7386804908172,-0.5010000000000003,2024-06-10T01:20:07.870Z,2024-06-10T01:20:47.870Z,True,20,2,/oak/stanford/groups/ettore88/data/SAFOD/SAFODAS1-harddrive-transfer/recording_05062024_232735_UTC(+0000)/SAFOD-Zumberge-16mGL-500HzFs_2024-06-10T011935Z.h5;/oak/stanford/groups/ettore88/data/SAFOD/SAFODAS1-harddrive-transfer/recording_05062024_232735_UTC(+0000)/SAFOD-Zumberge-16mGL-500HzFs_2024-06-10T012035Z.h5,True,False,not_nominated,,EMBARGOED_UNTIL_NETWORK_MODEL_FROZEN
75020102,2024-06-10T01:22:25.040Z,36.004,-120.572,3.46,0.6,1858.4215268603812,502.74104860235923,-1789.1288409581548,-1.3710000000000004,2024-06-10T01:22:15.040Z,2024-06-10T01:22:55.040Z,True,20,2,/oak/stanford/groups/ettore88/data/SAFOD/SAFODAS1-harddrive-transfer/recording_05062024_232735_UTC(+0000)/SAFOD-Zumberge-16mGL-500HzFs_2024-06-10T012135Z.h5;/oak/stanford/groups/ettore88/data/SAFOD/SAFODAS1-harddrive-transfer/recording_05062024_232735_UTC(+0000)/SAFOD-Zumberge-16mGL-500HzFs_2024-06-10T012235Z.h5,True,False,not_nominated,,EMBARGOED_UNTIL_NETWORK_MODEL_FROZEN
75020332,2024-06-10T14:27:27.830Z,35.99933,-120.5605,1.25,0.7,2773.289219116812,1537.0025976056227,-2308.409865648452,-3.5810000000000004,2024-06-10T14:27:17.830Z,2024-06-10T14:27:57.830Z,True,20,2,/oak/stanford/groups/ettore88/data/SAFOD/SAFODAS1-harddrive-transfer/recording_05062024_232735_UTC(+0000)/SAFOD-Zumberge-16mGL-500HzFs_2024-06-10T142635Z.h5;/oak/stanford/groups/ettore88/data/SAFOD/SAFODAS1-harddrive-transfer/recording_05062024_232735_UTC(+0000)/SAFOD-Zumberge-16mGL-500HzFs_2024-06-10T142735Z.h5,True,False,not_nominated,,EMBARGOED_UNTIL_NETWORK_MODEL_FROZEN
75021072,2024-06-12T01:58:45.580Z,36.0155,-120.57584,3.88,1.5,534.1012453873972,157.38762702237466,-510.38541827195115,-0.9510000000000005,2024-06-12T01:58:35.580Z,2024-06-12T01:59:15.580Z,True,20,2,/oak/stanford/groups/ettore88/data/SAFOD/SAFODAS1-harddrive-transfer/recording_05062024_232735_UTC(+0000)/SAFOD-Zumberge-16mGL-500HzFs_2024-06-12T015735Z.h5;/oak/stanford/groups/ettore88/data/SAFOD/SAFODAS1-harddrive-transfer/recording_05062024_232735_UTC(+0000)/SAFOD-Zumberge-16mGL-500HzFs_2024-06-12T015835Z.h5,True,True,prospective_candidate_waveform_verification_required,,EMBARGOED_UNTIL_NETWORK_MODEL_FROZEN
75023752,2024-06-19T02:13:46.830Z,36.07333,-120.63633,3.65,1.1,7934.417536407387,-5282.82812073584,5920.026071632768,-1.1810000000000005,2024-06-19T02:13:36.830Z,2024-06-19T02:14:16.830Z,True,20,1,/oak/stanford/groups/ettore88/data/SAFOD/SAFODAS1-harddrive-transfer/recording_05062024_232735_UTC(+0000)/SAFOD-Zumberge-16mGL-500HzFs_2024-06-19T021335Z.h5,True,False,not_nominated,,EMBARGOED_UNTIL_NETWORK_MODEL_FROZEN
75023827,2024-06-19T07:49:04.120Z,35.97383,-120.532,9.94,2.5,6578.0667039459795,4100.172523397486,-5143.884411603649,5.108999999999999,2024-06-19T07:48:54.120Z,2024-06-19T07:49:34.120Z,True,20,1,/oak/stanford/groups/ettore88/data/SAFOD/SAFODAS1-harddrive-transfer/recording_05062024_232735_UTC(+0000)/SAFOD-Zumberge-16mGL-500HzFs_2024-06-19T074835Z.h5,True,False,not_nominated,,EMBARGOED_UNTIL_NETWORK_MODEL_FROZEN
75025387,2024-06-22T10:45:24.990Z,36.04567,-120.60616,3.76,1.7,3833.091984829053,-2569.465430872196,2844.3701523735426,-1.0710000000000006,2024-06-22T10:45:14.990Z,2024-06-22T10:45:54.990Z,True,24,2,/oak/stanford/groups/ettore88/data/SAFOD/SAFODAS1-harddrive-transfer/recording_19062024_125414_UTC(+0000)/SAFOD-Zumberge-16mGL-500HzFs_2024-06-22T104435Z.h5;/oak/stanford/groups/ettore88/data/SAFOD/SAFODAS1-harddrive-transfer/recording_19062024_125414_UTC(+0000)/SAFOD-Zumberge-16mGL-500HzFs_2024-06-22T104535Z.h5,True,False,not_nominated,,EMBARGOED_UNTIL_NETWORK_MODEL_FROZEN
75025517,2024-06-22T19:26:50.650Z,36.00233,-120.56017,2.2,1.5,2520.7980742605628,1566.6814072731518,-1974.8246249478404,-2.6310000000000002,2024-06-22T19:26:40.650Z,2024-06-22T19:27:20.650Z,True,28,2,/oak/stanford/groups/ettore88/data/SAFOD/SAFODAS1-harddrive-transfer/recording_22062024_152134_UTC(+0000)/SAFOD-Zumberge-16mGL-500HzFs_2024-06-22T192555Z.h5;/oak/stanford/groups/ettore88/data/SAFOD/SAFODAS1-harddrive-transfer/recording_22062024_152134_UTC(+0000)/SAFOD-Zumberge-16mGL-500HzFs_2024-06-22T192655Z.h5,True,False,not_nominated,,EMBARGOED_UNTIL_NETWORK_MODEL_FROZEN
75025737,2024-06-23T03:52:07.870Z,36.03417,-120.59367,3.52,0.9,2131.334642529787,-1446.167452867623,1565.6267296881288,-1.3110000000000004,2024-06-23T03:51:57.870Z,2024-06-23T03:52:37.870Z,True,28,1,/oak/stanford/groups/ettore88/data/SAFOD/SAFODAS1-harddrive-transfer/recording_22062024_152134_UTC(+0000)/SAFOD-Zumberge-16mGL-500HzFs_2024-06-23T035155Z.h5,True,False,not_nominated,,EMBARGOED_UNTIL_NETWORK_MODEL_FROZEN
75025747,2024-06-23T03:52:33.640Z,36.0265,-120.60783,0.46,0.5,2811.506389250598,-2719.6581949452534,712.7604642964304,-4.371,2024-06-23T03:52:23.640Z,2024-06-23T03:53:03.640Z,True,28,2,/oak/stanford/groups/ettore88/data/SAFOD/SAFODAS1-harddrive-transfer/recording_22062024_152134_UTC(+0000)/SAFOD-Zumberge-16mGL-500HzFs_2024-06-23T035155Z.h5;/oak/stanford/groups/ettore88/data/SAFOD/SAFODAS1-harddrive-transfer/recording_22062024_152134_UTC(+0000)/SAFOD-Zumberge-16mGL-500HzFs_2024-06-23T035255Z.h5,True,False,not_nominated,,EMBARGOED_UNTIL_NETWORK_MODEL_FROZEN
75025812,2024-06-23T08:51:53.700Z,35.99983,-120.5595,1.19,0.8,2778.865214606025,1626.938384475916,-2252.81232553142,-3.6410000000000005,2024-06-23T08:51:43.700Z,2024-06-23T08:52:23.700Z,True,28,2,/oak/stanford/groups/ettore88/data/SAFOD/SAFODAS1-harddrive-transfer/recording_22062024_152134_UTC(+0000)/SAFOD-Zumberge-16mGL-500HzFs_2024-06-23T085055Z.h5;/oak/stanford/groups/ettore88/data/SAFOD/SAFODAS1-harddrive-transfer/recording_22062024_152134_UTC(+0000)/SAFOD-Zumberge-16mGL-500HzFs_2024-06-23T085155Z.h5,True,False,not_nominated,,EMBARGOED_UNTIL_NETWORK_MODEL_FROZEN
75026896,2024-06-25T07:21:36.020Z,36.07367,-120.65134,3.48,1.7,8915.67882494087,-6632.764281652836,5957.832398912318,-1.3510000000000004,2024-06-25T07:21:26.020Z,2024-06-25T07:22:06.020Z,True,28,2,/oak/stanford/groups/ettore88/data/SAFOD/SAFODAS1-harddrive-transfer/recording_22062024_152134_UTC(+0000)/SAFOD-Zumberge-16mGL-500HzFs_2024-06-25T072055Z.h5;/oak/stanford/groups/ettore88/data/SAFOD/SAFODAS1-harddrive-transfer/recording_22062024_152134_UTC(+0000)/SAFOD-Zumberge-16mGL-500HzFs_2024-06-25T072155Z.h5,True,False,not_nominated,,EMBARGOED_UNTIL_NETWORK_MODEL_FROZEN
75027251,2024-06-25T21:20:11.620Z,36.075,-120.64,5.9,3.2,8293.636182607885,-5612.8924585482055,6105.721855623244,1.069,2024-06-25T21:20:01.620Z,2024-06-25T21:20:41.620Z,True,28,1,/oak/stanford/groups/ettore88/data/SAFOD/SAFODAS1-harddrive-transfer/recording_22062024_152134_UTC(+0000)/SAFOD-Zumberge-16mGL-500HzFs_2024-06-25T211955Z.h5,True,False,not_nominated,,EMBARGOED_UNTIL_NETWORK_MODEL_FROZEN
75027581,2024-06-26T15:22:09.160Z,36.0055,-120.573,4.25,0.8,1674.0319581211386,412.80526173334374,-1622.336220607849,-0.5810000000000004,2024-06-26T15:21:59.160Z,2024-06-26T15:22:39.160Z,True,28,1,/oak/stanford/groups/ettore88/data/SAFOD/SAFODAS1-harddrive-transfer/recording_22062024_152134_UTC(+0000)/SAFOD-Zumberge-16mGL-500HzFs_2024-06-26T152155Z.h5,True,False,not_nominated,,EMBARGOED_UNTIL_NETWORK_MODEL_FROZEN
75027751,2024-06-27T01:05:48.950Z,35.99233,-120.54733,3.28,0.9,4115.156164129903,2721.456910681944,-3086.7754272829484,-1.5510000000000006,2024-06-27T01:05:38.950Z,2024-06-27T01:06:18.950Z,True,28,2,/oak/stanford/groups/ettore88/data/SAFOD/SAFODAS1-harddrive-transfer/recording_22062024_152134_UTC(+0000)/SAFOD-Zumberge-16mGL-500HzFs_2024-06-27T010455Z.h5;/oak/stanford/groups/ettore88/data/SAFOD/SAFODAS1-harddrive-transfer/recording_22062024_152134_UTC(+0000)/SAFOD-Zumberge-16mGL-500HzFs_2024-06-27T010555Z.h5,True,False,not_nominated,,EMBARGOED_UNTIL_NETWORK_MODEL_FROZEN
75028721,2024-06-29T04:54:45.990Z,36.003,-120.57333,2.31,0.7,1938.5605184581948,383.12645206581453,-1900.3239211914286,-2.5210000000000004,2024-06-29T04:54:35.990Z,2024-06-29T04:55:15.990Z,True,32,1,/oak/stanford/groups/ettore88/data/SAFOD/SAFODAS1-harddrive-transfer/recording_28062024_112010_UTC(+0000)/SAFOD-Zumberge-16mGL-500HzFs_2024-06-29T045432Z.h5,True,False,not_nominated,,EMBARGOED_UNTIL_NETWORK_MODEL_FROZEN
75029096,2024-06-30T12:27:32.030Z,36.0645,-120.63216,0.4,0.6,6962.184868205035,-4907.795889488326,4938.173513171104,-4.431,2024-06-30T12:27:22.030Z,2024-06-30T12:28:02.030Z,True,32,2,/oak/stanford/groups/ettore88/data/SAFOD/SAFODAS1-harddrive-transfer/recording_28062024_112010_UTC(+0000)/SAFOD-Zumberge-16mGL-500HzFs_2024-06-30T122632Z.h5;/oak/stanford/groups/ettore88/data/SAFOD/SAFODAS1-harddrive-transfer/recording_28062024_112010_UTC(+0000)/SAFOD-Zumberge-16mGL-500HzFs_2024-06-30T122732Z.h5,True,False,not_nominated,,EMBARGOED_UNTIL_NETWORK_MODEL_FROZEN
75029601,2024-07-01T19:47:07.680Z,36.11567,-120.68233,7.18,0.9,14201.723975769295,-9419.874316748894,10628.025768720878,2.3489999999999993,2024-07-01T19:46:57.680Z,2024-07-01T19:47:37.680Z,True,32,2,/oak/stanford/groups/ettore88/data/SAFOD/SAFODAS1-harddrive-transfer/recording_28062024_112010_UTC(+0000)/SAFOD-Zumberge-16mGL-500HzFs_2024-07-01T194632Z.h5;/oak/stanford/groups/ettore88/data/SAFOD/SAFODAS1-harddrive-transfer/recording_28062024_112010_UTC(+0000)/SAFOD-Zumberge-16mGL-500HzFs_2024-07-01T194732Z.h5,True,False,not_nominated,,EMBARGOED_UNTIL_NETWORK_MODEL_FROZEN
75030036,2024-07-03T02:54:45.520Z,35.95567,-120.51133,9.98,1.0,9317.867832714974,5959.145237997174,-7163.187068644798,5.149,2024-07-03T02:54:35.520Z,2024-07-03T02:55:15.520Z,True,33,1,/oak/stanford/groups/ettore88/data/SAFOD/SAFODAS1-harddrive-transfer/recording_2024-07-01T23_24_54Z/SAFOD-Zumberge-16mGL-500HzFs_2024-07-03T025416Z.h5,True,False,not_nominated,,EMBARGOED_UNTIL_NETWORK_MODEL_FROZEN
75030497,2024-07-04T00:44:14.710Z,35.9985,-120.55883,3.56,0.9,2934.2796791941337,1687.1953616786805,-2400.701782242346,-1.2710000000000004,2024-07-04T00:44:04.710Z,2024-07-04T00:44:44.710Z,True,33,2,/oak/stanford/groups/ettore88/data/SAFOD/SAFODAS1-harddrive-transfer/recording_2024-07-01T23_24_54Z/SAFOD-Zumberge-16mGL-500HzFs_2024-07-04T004316Z.h5;/oak/stanford/groups/ettore88/data/SAFOD/SAFODAS1-harddrive-transfer/recording_2024-07-01T23_24_54Z/SAFOD-Zumberge-16mGL-500HzFs_2024-07-04T004416Z.h5,True,False,not_nominated,,EMBARGOED_UNTIL_NETWORK_MODEL_FROZEN
75030772,2024-07-04T18:16:43.880Z,36.0565,-120.63367,8.25,0.9,6467.546391390213,-5043.598927661472,4048.6128713025437,3.4189999999999996,2024-07-04T18:16:33.880Z,2024-07-04T18:17:13.880Z,True,33,1,/oak/stanford/groups/ettore88/data/SAFOD/SAFODAS1-harddrive-transfer/recording_2024-07-01T23_24_54Z/SAFOD-Zumberge-16mGL-500HzFs_2024-07-04T181616Z.h5,True,False,not_nominated,,EMBARGOED_UNTIL_NETWORK_MODEL_FROZEN
75031012,2024-07-05T08:04:57.020Z,35.957,-120.51566,10.05,1.2,8957.467164844034,5569.723280851027,-7015.297611933873,5.219,2024-07-05T08:04:47.020Z,2024-07-05T08:05:27.020Z,True,33,2,/oak/stanford/groups/ettore88/data/SAFOD/SAFODAS1-harddrive-transfer/recording_2024-07-01T23_24_54Z/SAFOD-Zumberge-16mGL-500HzFs_2024-07-05T080416Z.h5;/oak/stanford/groups/ettore88/data/SAFOD/SAFODAS1-harddrive-transfer/recording_2024-07-01T23_24_54Z/SAFOD-Zumberge-16mGL-500HzFs_2024-07-05T080516Z.h5,True,False,not_nominated,,EMBARGOED_UNTIL_NETWORK_MODEL_FROZEN
75031357,2024-07-06T00:04:58.110Z,36.09517,-120.6625,6.72,1.1,11314.293159631901,-7636.447663119587,8348.526623933629,1.8889999999999993,2024-07-06T00:04:48.110Z,2024-07-06T00:05:28.110Z,True,33,2,/oak/stanford/groups/ettore88/data/SAFOD/SAFODAS1-harddrive-transfer/recording_2024-07-01T23_24_54Z/SAFOD-Zumberge-16mGL-500HzFs_2024-07-06T000416Z.h5;/oak/stanford/groups/ettore88/data/SAFOD/SAFODAS1-harddrive-transfer/recording_2024-07-01T23_24_54Z/SAFOD-Zumberge-16mGL-500HzFs_2024-07-06T000516Z.h5,True,False,not_nominated,,EMBARGOED_UNTIL_NETWORK_MODEL_FROZEN
75032262,2024-07-08T08:30:36.310Z,35.99967,-120.558,1.38,0.6,2873.974232605767,1761.8420647800785,-2270.603538368902,-3.4510000000000005,2024-07-08T08:30:26.310Z,2024-07-08T08:31:06.310Z,True,33,1,/oak/stanford/groups/ettore88/data/SAFOD/SAFODAS1-harddrive-transfer/recording_2024-07-01T23_24_54Z/SAFOD-Zumberge-16mGL-500HzFs_2024-07-08T083016Z.h5,True,False,not_nominated,,EMBARGOED_UNTIL_NETWORK_MODEL_FROZEN
75032782,2024-07-09T14:25:48.730Z,36.06883,-120.634,3.15,0.8,7423.660399462056,-5073.277737329001,5419.648210581851,-1.6810000000000005,2024-07-09T14:25:38.730Z,2024-07-09T14:26:18.730Z,True,33,2,/oak/stanford/groups/ettore88/data/SAFOD/SAFODAS1-harddrive-transfer/recording_2024-07-01T23_24_54Z/SAFOD-Zumberge-16mGL-500HzFs_2024-07-09T142516Z.h5;/oak/stanford/groups/ettore88/data/SAFOD/SAFODAS1-harddrive-transfer/recording_2024-07-01T23_24_54Z/SAFOD-Zumberge-16mGL-500HzFs_2024-07-09T142616Z.h5,True,False,not_nominated,,EMBARGOED_UNTIL_NETWORK_MODEL_FROZEN
75033347,2024-07-10T20:30:37.960Z,35.95533,-120.508,10.22,1.5,9540.690383446248,6258.6314082743065,-7200.993395924349,5.389,2024-07-10T20:30:27.960Z,2024-07-10T20:31:07.960Z,True,43,1,/oak/stanford/groups/ettore88/data/SAFOD/SAFODAS1-harddrive-transfer/recording_10072024_192153_UTC(+0000)/SAFOD-Zumberge-16mGL-500HzFs_2024-07-10T203014Z.h5,True,False,not_nominated,,EMBARGOED_UNTIL_NETWORK_MODEL_FROZEN
75033602,2024-07-11T08:54:42.890Z,36.01817,-120.58817,1.3,0.5,975.1776374425306,-951.5206250835647,-213.49455404899174,-3.5310000000000006,2024-07-11T08:54:32.890Z,2024-07-11T08:55:12.890Z,True,43,1,/oak/stanford/groups/ettore88/data/SAFOD/SAFODAS1-harddrive-transfer/recording_10072024_192153_UTC(+0000)/SAFOD-Zumberge-16mGL-500HzFs_2024-07-11T085414Z.h5,True,False,not_nominated,,EMBARGOED_UNTIL_NETWORK_MODEL_FROZEN
75033782,2024-07-11T18:51:17.740Z,36.01266,-120.56917,3.81,1.1,1120.7203768959487,757.2593254443441,-826.1794461358709,-1.0210000000000004,2024-07-11T18:51:07.740Z,2024-07-11T18:51:47.740Z,True,43,2,/oak/stanford/groups/ettore88/data/SAFOD/SAFODAS1-harddrive-transfer/recording_10072024_192153_UTC(+0000)/SAFOD-Zumberge-16mGL-500HzFs_2024-07-11T185014Z.h5;/oak/stanford/groups/ettore88/data/SAFOD/SAFODAS1-harddrive-transfer/recording_10072024_192153_UTC(+0000)/SAFOD-Zumberge-16mGL-500HzFs_2024-07-11T185114Z.h5,True,False,not_nominated,,EMBARGOED_UNTIL_NETWORK_MODEL_FROZEN
75033892,2024-07-12T03:46:43.610Z,35.9665,-120.5255,10.59,2.6,7579.9702154100505,4684.755138051837,-5958.944349715007,5.7589999999999995,2024-07-12T03:46:33.610Z,2024-07-12T03:47:13.610Z,True,43,1,/oak/stanford/groups/ettore88/data/SAFOD/SAFODAS1-harddrive-transfer/recording_10072024_192153_UTC(+0000)/SAFOD-Zumberge-16mGL-500HzFs_2024-07-12T034614Z.h5,True,False,not_nominated,,EMBARGOED_UNTIL_NETWORK_MODEL_FROZEN
75034052,2024-07-12T16:11:11.970Z,35.97133,-120.52267,10.85,2.1,7334.37925580467,4939.273414892545,-5421.872112187229,6.018999999999999,2024-07-12T16:11:01.970Z,2024-07-12T16:11:41.970Z,False,,0,,False,False,not_nominated,,EMBARGOED_UNTIL_NETWORK_MODEL_FROZEN
75034357,2024-07-13T09:25:40.110Z,36.04317,-120.6245,5.59,1.0,4938.150750813272,-4218.887762065046,2566.382451789963,0.7589999999999995,2024-07-13T09:25:30.110Z,2024-07-13T09:26:10.110Z,False,,0,,False,False,not_nominated,,EMBARGOED_UNTIL_NETWORK_MODEL_FROZEN
75035387,2024-07-16T01:41:55.170Z,36.001,-120.56017,4.14,0.7,2638.2580814559824,1566.6814072731518,-2122.714081658766,-0.6910000000000007,2024-07-16T01:41:45.170Z,2024-07-16T01:42:25.170Z,False,,0,,False,False,not_nominated,,EMBARGOED_UNTIL_NETWORK_MODEL_FROZEN
75035617,2024-07-16T16:36:11.910Z,35.96267,-120.5105,2.35,1.3,8784.793160049514,6033.791941099851,-6384.821507009512,-2.4810000000000003,2024-07-16T16:36:01.910Z,2024-07-16T16:36:41.910Z,False,,0,,False,False,not_nominated,,EMBARGOED_UNTIL_NETWORK_MODEL_FROZEN
75036327,2024-07-18T00:22:01.280Z,36.04183,-120.61684,2.62,0.9,4278.374379856471,-3529.9796346417675,2417.3810442763493,-2.2110000000000003,2024-07-18T00:21:51.280Z,2024-07-18T00:22:31.280Z,False,,0,,False,False,not_nominated,,EMBARGOED_UNTIL_NETWORK_MODEL_FROZEN
75038587,2024-07-23T22:26:35.010Z,35.84883,-120.6385,9.96,1.9,19815.510895489937,-5477.988778242766,-19043.269440795262,5.1290000000000004,2024-07-23T22:26:25.010Z,2024-07-23T22:27:05.010Z,False,,0,,False,False,not_nominated,,EMBARGOED_UNTIL_NETWORK_MODEL_FROZEN
75042842,2024-08-02T21:05:35.910Z,35.876,-120.4185,6.15,0.7,21480.763813422935,14307.884333127236,-16022.099110850379,1.319,2024-08-02T21:05:25.910Z,2024-08-02T21:06:05.910Z,False,,0,,False,False,not_nominated,,EMBARGOED_UNTIL_NETWORK_MODEL_FROZEN
75043062,2024-08-03T13:38:34.700Z,36.0425,-120.62933,4.2,0.9,5278.490995212025,-4653.2776126463405,2491.8817480327607,-0.6310000000000002,2024-08-03T13:38:24.700Z,2024-08-03T13:39:04.700Z,False,,0,,False,False,not_nominated,,EMBARGOED_UNTIL_NETWORK_MODEL_FROZEN
75043287,2024-08-04T04:15:42.200Z,35.9685,-120.52233,10.05,2.2,7589.9590721924615,4969.851582429058,-5736.554189248459,5.219,2024-08-04T04:15:32.200Z,2024-08-04T04:16:12.200Z,False,,0,,False,False,not_nominated,,EMBARGOED_UNTIL_NETWORK_MODEL_FROZEN
75043302,2024-08-04T05:39:08.400Z,35.83717,-120.54266,10.32,0.8,20580.97136113965,3141.4570353646045,-20339.80407631816,5.489,2024-08-04T05:38:58.400Z,2024-08-04T05:39:38.400Z,False,,0,,False,False,not_nominated,,EMBARGOED_UNTIL_NETWORK_MODEL_FROZEN
75043702,2024-08-05T05:09:19.900Z,36.02417,-120.58383,4.52,1.7,721.6415402955906,-561.1993100684334,453.675927352231,-0.31100000000000083,2024-08-05T05:09:09.900Z,2024-08-05T05:09:49.900Z,False,,0,,False,True,not_nominated,,EMBARGOED_UNTIL_NETWORK_MODEL_FROZEN
75044107,2024-08-06T02:59:18.930Z,35.834,-120.54716,10.47,1.5,20872.487794779936,2736.7459944495613,-20692.292480658147,5.639,2024-08-06T02:59:08.930Z,2024-08-06T02:59:48.930Z,False,,0,,False,False,not_nominated,,EMBARGOED_UNTIL_NETWORK_MODEL_FROZEN
75044822,2024-08-07T07:00:43.660Z,36.0425,-120.601,3.29,0.5,3262.233929063048,-2105.396770623373,2491.8817480327607,-1.5410000000000004,2024-08-07T07:00:33.660Z,2024-08-07T07:01:13.660Z,False,,0,,False,False,not_nominated,,EMBARGOED_UNTIL_NETWORK_MODEL_FROZEN
75046117,2024-08-09T09:12:50.100Z,35.852,-120.47066,5.91,1.0,21019.72373685582,9616.833689995066,-18690.78103645527,1.0789999999999997,2024-08-09T09:12:40.100Z,2024-08-09T09:13:20.100Z,False,,0,,False,False,not_nominated,,EMBARGOED_UNTIL_NETWORK_MODEL_FROZEN
75047681,2024-08-13T10:16:32.330Z,36.0355,-120.595,5.67,0.5,2321.165902576799,-1565.7820494041675,1713.5161863982646,0.8389999999999995,2024-08-13T10:16:22.330Z,2024-08-13T10:17:02.330Z,False,,0,,False,False,not_nominated,,EMBARGOED_UNTIL_NETWORK_MODEL_FROZEN
75047851,2024-08-13T19:49:51.790Z,36.05067,-120.61066,3.36,1.2,4517.529808292271,-2974.176471785961,3400.3455535407015,-1.4710000000000005,2024-08-13T19:49:41.790Z,2024-08-13T19:50:21.790Z,False,,0,,False,False,not_nominated,,EMBARGOED_UNTIL_NETWORK_MODEL_FROZEN
75047886,2024-08-13T20:59:31.720Z,36.02917,-120.59383,6.81,1.7,1775.5627495608853,-1460.5571787662566,1009.65132852018,1.9789999999999992,2024-08-13T20:59:21.720Z,2024-08-13T21:00:01.720Z,False,,0,,False,False,not_nominated,,EMBARGOED_UNTIL_NETWORK_MODEL_FROZEN
75048241,2024-08-14T13:45:15.200Z,35.9355,-120.495,9.66,1.7,11985.192752982242,7427.796637581732,-9405.991836955185,4.829,2024-08-14T13:45:05.200Z,2024-08-14T13:45:45.200Z,False,,0,,False,False,not_nominated,,EMBARGOED_UNTIL_NETWORK_MODEL_FROZEN
75049106,2024-08-16T11:41:37.810Z,35.97017,-120.52834,4.97,0.6,7101.482926384117,4429.337503340868,-5550.858405257984,0.13899999999999935,2024-08-16T11:41:27.810Z,2024-08-16T11:42:07.810Z,False,,0,,False,False,not_nominated,,EMBARGOED_UNTIL_NETWORK_MODEL_FROZEN
75049136,2024-08-16T13:22:59.960Z,35.88467,-120.42683,9.58,0.9,20262.85686807965,13558.719228501193,-15058.037765225408,4.749,2024-08-16T13:22:49.960Z,2024-08-16T13:23:29.960Z,False,,0,,False,False,not_nominated,,EMBARGOED_UNTIL_NETWORK_MODEL_FROZEN
75049151,2024-08-16T15:16:14.280Z,35.96183,-120.515,10.08,0.9,8582.188286353567,5629.080900184807,-6478.2253744060945,5.249,2024-08-16T15:16:04.280Z,2024-08-16T15:16:44.280Z,False,,0,,False,False,not_nominated,,EMBARGOED_UNTIL_NETWORK_MODEL_FROZEN
75050346,2024-08-19T07:57:56.170Z,35.86683,-120.4635,7.32,0.7,19892.33513525969,10260.773923983197,-17041.757996591594,2.489,2024-08-19T07:57:46.170Z,2024-08-19T07:58:26.170Z,False,,0,,False,False,not_nominated,,EMBARGOED_UNTIL_NETWORK_MODEL_FROZEN
75050516,2024-08-19T15:32:10.590Z,36.01883,-120.58583,2.72,1.0,754.1987074557433,-741.0708838077425,-140.105801094478,-2.111,2024-08-19T15:32:00.590Z,2024-08-19T15:32:40.590Z,False,,0,,False,False,not_nominated,,EMBARGOED_UNTIL_NETWORK_MODEL_FROZEN
75050721,2024-08-20T03:59:14.310Z,36.03617,-120.60717,-0.2,1.8,3205.339849699301,-2660.300575610195,1788.0168901546765,-5.031000000000001,2024-08-20T03:59:04.310Z,2024-08-20T03:59:44.310Z,False,,0,,False,False,not_nominated,,EMBARGOED_UNTIL_NETWORK_MODEL_FROZEN
75050791,2024-08-20T06:28:40.480Z,35.98017,-120.61933,4.03,0.8,5813.416736420418,-3753.9197439485174,-4438.907602922876,-0.8010000000000002,2024-08-20T06:28:30.480Z,2024-08-20T06:29:10.480Z,False,,0,,False,False,not_nominated,,EMBARGOED_UNTIL_NETWORK_MODEL_FROZEN
75051566,2024-08-22T02:02:22.680Z,35.96783,-120.52133,10.5,0.9,7705.180542467785,5059.787369298073,-5811.054893004871,5.669,2024-08-22T02:02:12.680Z,2024-08-22T02:02:52.680Z,False,,0,,False,False,not_nominated,,EMBARGOED_UNTIL_NETWORK_MODEL_FROZEN
75051841,2024-08-22T20:00:47.980Z,36.03067,-120.59683,3.63,0.1,2092.4105247210478,-1730.364539375859,1176.4439488704857,-1.2010000000000005,2024-08-22T20:00:37.980Z,2024-08-22T20:01:17.980Z,False,,0,,False,False,not_nominated,,EMBARGOED_UNTIL_NETWORK_MODEL_FROZEN
75052396,2024-08-23T20:19:53.960Z,36.029,-120.59783,2.05,0.9,2072.456321360362,-1820.3003262461527,990.7481648807999,-2.7810000000000006,2024-08-23T20:19:43.960Z,2024-08-23T20:20:23.960Z,False,,0,,False,False,not_nominated,,EMBARGOED_UNTIL_NETWORK_MODEL_FROZEN
75052421,2024-08-23T20:41:24.900Z,35.80933,-120.3645,5.4,0.7,30273.690984750152,19164.416824098804,-23435.47511001945,0.569,2024-08-23T20:41:14.900Z,2024-08-23T20:41:54.900Z,False,,0,,False,False,not_nominated,,EMBARGOED_UNTIL_NETWORK_MODEL_FROZEN
75052636,2024-08-24T09:18:14.310Z,35.829,-120.54716,10.21,0.9,21423.787401297144,2736.7459944495613,-21248.267881826097,5.3790000000000004,2024-08-24T09:18:04.310Z,2024-08-24T09:18:44.310Z,False,,0,,False,False,not_nominated,,EMBARGOED_UNTIL_NETWORK_MODEL_FROZEN
75052986,2024-08-24T23:42:16.560Z,35.83383,-120.54217,10.07,0.5,20954.741663391025,3185.525570930767,-20711.19564429832,5.239,2024-08-24T23:42:06.560Z,2024-08-24T23:42:46.560Z,False,,0,,False,False,not_nominated,,EMBARGOED_UNTIL_NETWORK_MODEL_FROZEN
75052991,2024-08-25T00:44:53.780Z,36.04617,-120.61867,9.22,1.7,4696.765047361092,-3694.562124613459,2899.9676924897844,4.389,2024-08-25T00:44:43.780Z,2024-08-25T00:45:23.780Z,False,,0,,False,False,not_nominated,,EMBARGOED_UNTIL_NETWORK_MODEL_FROZEN
75053156,2024-08-25T09:38:31.030Z,36.0005,-120.557,2.47,1.0,2859.0422755571376,1851.777851650372,-2178.311621775008,-2.361,2024-08-25T09:38:21.030Z,2024-08-25T09:39:01.030Z,False,,0,,False,False,not_nominated,,EMBARGOED_UNTIL_NETWORK_MODEL_FROZEN
75053181,2024-08-25T11:01:02.830Z,36.046,-120.6215,6.72,0.5,4888.329861676633,-3949.0804014554437,2881.0645288504043,1.8889999999999993,2024-08-25T11:00:52.830Z,2024-08-25T11:01:32.830Z,False,,0,,False,False,not_nominated,,EMBARGOED_UNTIL_NETWORK_MODEL_FROZEN
75054526,2024-08-28T16:14:51.750Z,36.05217,-120.61283,8.45,0.8,4771.70541743233,-3169.3371292941656,3567.1381738910068,3.618999999999999,2024-08-28T16:14:41.750Z,2024-08-28T16:15:21.750Z,False,,0,,False,False,not_nominated,,EMBARGOED_UNTIL_NETWORK_MODEL_FROZEN
75055291,2024-08-30T15:12:54.580Z,35.96533,-120.5195,10.13,2.3,8023.12159530155,5224.3698592710425,-6089.0425935884505,5.299,2024-08-30T15:12:44.580Z,2024-08-30T15:13:24.580Z,False,,0,,False,False,not_nominated,,EMBARGOED_UNTIL_NETWORK_MODEL_FROZEN
75055526,2024-08-31T06:04:49.740Z,35.96417,-120.5245,10.96,1.2,7839.742129933222,4774.690924920853,-6218.028886659206,6.1290000000000004,2024-08-31T06:04:39.740Z,2024-08-31T06:05:19.740Z,True,65,2,/oak/stanford/groups/ettore88/data/SAFOD/SAFODAS1-harddrive-transfer/recording_2024-08-30T163436Z/SAFOD-Zumberge-16mGL-500HzFs_2024-08-31T060357Z.h5;/oak/stanford/groups/ettore88/data/SAFOD/SAFODAS1-harddrive-transfer/recording_2024-08-30T163436Z/SAFOD-Zumberge-16mGL-500HzFs_2024-08-31T060457Z.h5,True,False,not_nominated,,EMBARGOED_UNTIL_NETWORK_MODEL_FROZEN
75055671,2024-08-31T13:49:42.540Z,36.01317,-120.57217,5.12,0.8,910.8750902300465,487.4519648347416,-769.4699552161507,0.2889999999999997,2024-08-31T13:49:32.540Z,2024-08-31T13:50:12.540Z,True,65,2,/oak/stanford/groups/ettore88/data/SAFOD/SAFODAS1-harddrive-transfer/recording_2024-08-30T163436Z/SAFOD-Zumberge-16mGL-500HzFs_2024-08-31T134857Z.h5;/oak/stanford/groups/ettore88/data/SAFOD/SAFODAS1-harddrive-transfer/recording_2024-08-30T163436Z/SAFOD-Zumberge-16mGL-500HzFs_2024-08-31T134957Z.h5,True,False,not_nominated,,EMBARGOED_UNTIL_NETWORK_MODEL_FROZEN
75055911,2024-09-01T02:37:35.070Z,36.0585,-120.64217,3.1,0.5,7209.36529080787,-5808.053116055132,4271.003031769882,-1.7310000000000003,2024-09-01T02:37:25.070Z,2024-09-01T02:38:05.070Z,True,65,2,/oak/stanford/groups/ettore88/data/SAFOD/SAFODAS1-harddrive-transfer/recording_2024-08-30T163436Z/SAFOD-Zumberge-16mGL-500HzFs_2024-09-01T023657Z.h5;/oak/stanford/groups/ettore88/data/SAFOD/SAFODAS1-harddrive-transfer/recording_2024-08-30T163436Z/SAFOD-Zumberge-16mGL-500HzFs_2024-09-01T023757Z.h5,True,False,not_nominated,,EMBARGOED_UNTIL_NETWORK_MODEL_FROZEN
75056051,2024-09-01T11:39:10.490Z,35.99683,-120.55666,3.73,0.7,3198.861759060568,1882.356019186885,-2586.3975662320313,-1.1010000000000004,2024-09-01T11:39:00.490Z,2024-09-01T11:39:40.490Z,True,65,1,/oak/stanford/groups/ettore88/data/SAFOD/SAFODAS1-harddrive-transfer/recording_2024-08-30T163436Z/SAFOD-Zumberge-16mGL-500HzFs_2024-09-01T113857Z.h5,True,False,not_nominated,,EMBARGOED_UNTIL_NETWORK_MODEL_FROZEN
75056131,2024-09-01T17:01:40.070Z,35.99733,-120.5565,4.23,1.4,3162.6876535136535,1896.7457450855186,-2530.8000261157895,-0.601,2024-09-01T17:01:30.070Z,2024-09-01T17:02:10.070Z,True,65,2,/oak/stanford/groups/ettore88/data/SAFOD/SAFODAS1-harddrive-transfer/recording_2024-08-30T163436Z/SAFOD-Zumberge-16mGL-500HzFs_2024-09-01T170057Z.h5;/oak/stanford/groups/ettore88/data/SAFOD/SAFODAS1-harddrive-transfer/recording_2024-08-30T163436Z/SAFOD-Zumberge-16mGL-500HzFs_2024-09-01T170157Z.h5,True,False,not_nominated,,EMBARGOED_UNTIL_NETWORK_MODEL_FROZEN
75056191,2024-09-01T21:05:55.820Z,35.96483,-120.51917,9.56,0.6,8084.653968371552,5254.048668937294,-6144.640133705482,4.729,2024-09-01T21:05:45.820Z,2024-09-01T21:06:25.820Z,True,65,2,/oak/stanford/groups/ettore88/data/SAFOD/SAFODAS1-harddrive-transfer/recording_2024-08-30T163436Z/SAFOD-Zumberge-16mGL-500HzFs_2024-09-01T210457Z.h5;/oak/stanford/groups/ettore88/data/SAFOD/SAFODAS1-harddrive-transfer/recording_2024-08-30T163436Z/SAFOD-Zumberge-16mGL-500HzFs_2024-09-01T210557Z.h5,True,False,not_nominated,,EMBARGOED_UNTIL_NETWORK_MODEL_FROZEN
75056386,2024-09-02T09:00:01.460Z,36.0435,-120.61317,0.27,1.0,4124.980833984863,-3199.9152968294,2603.076828266825,-4.561,2024-09-02T08:59:51.460Z,2024-09-02T09:00:31.460Z,True,65,2,/oak/stanford/groups/ettore88/data/SAFOD/SAFODAS1-harddrive-transfer/recording_2024-08-30T163436Z/SAFOD-Zumberge-16mGL-500HzFs_2024-09-02T085857Z.h5;/oak/stanford/groups/ettore88/data/SAFOD/SAFODAS1-harddrive-transfer/recording_2024-08-30T163436Z/SAFOD-Zumberge-16mGL-500HzFs_2024-09-02T085957Z.h5,True,False,not_nominated,,EMBARGOED_UNTIL_NETWORK_MODEL_FROZEN
75056611,2024-09-02T19:45:04.390Z,36.05767,-120.63233,4.1,2.2,6457.429228260564,-4923.084973255943,4178.711115175988,-0.7310000000000008,2024-09-02T19:44:54.390Z,2024-09-02T19:45:34.390Z,True,69,1,/oak/stanford/groups/ettore88/data/SAFOD/SAFODAS1-harddrive-transfer/recording_2024-09-02T121626Z/SAFOD-Zumberge-16mGL-500HzFs_2024-09-02T194447Z.h5,True,False,not_nominated,,EMBARGOED_UNTIL_NETWORK_MODEL_FROZEN
75056646,2024-09-02T21:22:00.180Z,36.05867,-120.62383,5.23,2.2,5974.738920673861,-4158.630784862282,4289.906195409262,0.399,2024-09-02T21:21:50.180Z,2024-09-02T21:22:30.180Z,True,69,1,/oak/stanford/groups/ettore88/data/SAFOD/SAFODAS1-harddrive-transfer/recording_2024-09-02T121626Z/SAFOD-Zumberge-16mGL-500HzFs_2024-09-02T212147Z.h5,True,False,not_nominated,,EMBARGOED_UNTIL_NETWORK_MODEL_FROZEN
75056656,2024-09-02T21:53:43.100Z,36.0575,-120.62366,4.42,0.9,5871.224969773399,-4143.341701094664,4159.807951535818,-0.4110000000000005,2024-09-02T21:53:33.100Z,2024-09-02T21:54:13.100Z,True,69,2,/oak/stanford/groups/ettore88/data/SAFOD/SAFODAS1-harddrive-transfer/recording_2024-09-02T121626Z/SAFOD-Zumberge-16mGL-500HzFs_2024-09-02T215247Z.h5;/oak/stanford/groups/ettore88/data/SAFOD/SAFODAS1-harddrive-transfer/recording_2024-09-02T121626Z/SAFOD-Zumberge-16mGL-500HzFs_2024-09-02T215347Z.h5,True,False,not_nominated,,EMBARGOED_UNTIL_NETWORK_MODEL_FROZEN
75056951,2024-09-03T15:04:29.400Z,36.0425,-120.64283,1.97,0.6,6374.635941287224,-5867.410735390191,2491.8817480327607,-2.8610000000000007,2024-09-03T15:04:19.400Z,2024-09-03T15:04:59.400Z,False,,0,,False,False,not_nominated,,EMBARGOED_UNTIL_NETWORK_MODEL_FROZEN
75057711,2024-09-05T10:51:58.560Z,36.09833,-120.66534,8.16,1.7,11746.056846299118,-7891.8652978305545,8699.903077470934,3.3289999999999997,2024-09-05T10:51:48.560Z,2024-09-05T10:52:28.560Z,False,,0,,False,False,not_nominated,,EMBARGOED_UNTIL_NETWORK_MODEL_FROZEN
75060151,2024-09-10T19:52:29.440Z,35.98017,-120.53516,3.31,0.2,5853.679974359622,3815.975436887972,-4438.907602922876,-1.5210000000000004,2024-09-10T19:52:19.440Z,2024-09-10T19:52:59.440Z,False,,0,,False,False,not_nominated,,EMBARGOED_UNTIL_NETWORK_MODEL_FROZEN
75060296,2024-09-11T00:51:02.030Z,35.9285,-120.48083,5.32,1.5,13395.864646861082,8702.186737528347,-10184.35739858968,0.4889999999999999,2024-09-11T00:50:52.030Z,2024-09-11T00:51:32.030Z,False,,0,,False,False,not_nominated,,EMBARGOED_UNTIL_NETWORK_MODEL_FROZEN
75060301,2024-09-11T01:33:03.830Z,35.94467,-120.47266,3.88,-0.0,12624.849874443109,9436.962116254477,-8386.33295121318,-0.9510000000000005,2024-09-11T01:32:53.830Z,2024-09-11T01:33:33.830Z,False,,0,,False,False,not_nominated,,EMBARGOED_UNTIL_NETWORK_MODEL_FROZEN
75060796,2024-09-12T06:26:48.820Z,35.81717,-120.369,7.96,2.8,29343.608761193107,18759.70578318504,-22563.705680989166,3.1289999999999996,2024-09-12T06:26:38.820Z,2024-09-12T06:27:18.820Z,False,,0,,False,False,not_nominated,,EMBARGOED_UNTIL_NETWORK_MODEL_FROZEN
75061306,2024-09-13T10:18:13.190Z,35.93383,-120.487,8.51,0.6,12584.859578106918,8147.282932541524,-9591.68762094487,3.6789999999999994,2024-09-13T10:18:03.190Z,2024-09-13T10:18:43.190Z,False,,0,,False,False,not_nominated,,EMBARGOED_UNTIL_NETWORK_MODEL_FROZEN
75061326,2024-09-13T12:21:51.010Z,35.99866,-120.56284,4.37,2.6,2727.2706617462,1326.5528563310784,-2382.910569404864,-0.4610000000000003,2024-09-13T12:21:41.010Z,2024-09-13T12:22:21.010Z,False,,0,,False,False,not_nominated,,EMBARGOED_UNTIL_NETWORK_MODEL_FROZEN
75061336,2024-09-13T13:13:44.970Z,36.00483,-120.56567,3.84,1.9,2007.115763354551,1072.0345794890934,-1696.836924364261,-0.9910000000000005,2024-09-13T13:13:34.970Z,2024-09-13T13:14:14.970Z,False,,0,,False,False,not_nominated,,EMBARGOED_UNTIL_NETWORK_MODEL_FROZEN
75061356,2024-09-13T14:31:03.010Z,36.00033,-120.56116,3.82,1.0,2647.8647048252033,1477.6449782718423,-2197.214785415178,-1.0110000000000006,2024-09-13T14:30:53.010Z,2024-09-13T14:31:33.010Z,False,,0,,False,False,not_nominated,,EMBARGOED_UNTIL_NETWORK_MODEL_FROZEN
75061361,2024-09-13T14:38:01.480Z,36.0015,-120.55833,4.14,1.2,2696.916820868228,1732.1632551138275,-2067.116541541734,-0.6910000000000007,2024-09-13T14:37:51.480Z,2024-09-13T14:38:31.480Z,False,,0,,False,False,not_nominated,,EMBARGOED_UNTIL_NETWORK_MODEL_FROZEN
75061446,2024-09-13T20:05:19.500Z,35.99833,-120.57516,1.12,0.5,2429.4545802511116,218.54396209412315,-2419.6049458817256,-3.7110000000000003,2024-09-13T20:05:09.500Z,2024-09-13T20:05:49.500Z,False,,0,,False,False,not_nominated,,EMBARGOED_UNTIL_NETWORK_MODEL_FROZEN
75061831,2024-09-14T17:36:05.760Z,36.0035,-120.56116,3.96,2.0,2363.5672410244297,1477.6449782718423,-1844.7263810743966,-0.8710000000000004,2024-09-14T17:35:55.760Z,2024-09-14T17:36:35.760Z,False,,0,,False,False,not_nominated,,EMBARGOED_UNTIL_NETWORK_MODEL_FROZEN
75062756,2024-09-16T19:56:29.040Z,36.09,-120.66534,2.62,0.6,11077.506128468638,-7891.8652978305545,7773.648059126302,-2.2110000000000003,2024-09-16T19:56:19.040Z,2024-09-16T19:56:59.040Z,False,,0,,False,False,not_nominated,,EMBARGOED_UNTIL_NETWORK_MODEL_FROZEN
75063571,2024-09-18T18:28:44.830Z,35.9695,-120.51534,3.01,-0.0,7936.491539267515,5598.502732649572,-5625.359109015186,-1.8210000000000006,2024-09-18T18:28:34.830Z,2024-09-18T18:29:14.830Z,True,77,2,/oak/stanford/groups/ettore88/data/SAFOD/SAFODAS1-harddrive-transfer/recording_2024-09-18T162626Z/SAFOD-Zumberge-16mGL-500HzFs_2024-09-18T182747Z.h5;/oak/stanford/groups/ettore88/data/SAFOD/SAFODAS1-harddrive-transfer/recording_2024-09-18T162626Z/SAFOD-Zumberge-16mGL-500HzFs_2024-09-18T182847Z.h5,True,False,not_nominated,,EMBARGOED_UNTIL_NETWORK_MODEL_FROZEN
75064116,2024-09-19T21:25:07.860Z,35.972,-120.52016,2.99,0.6,7434.496110590945,5165.012239935984,-5347.371408430816,-1.8410000000000002,2024-09-19T21:24:57.860Z,2024-09-19T21:25:37.860Z,True,80,2,/oak/stanford/groups/ettore88/data/SAFOD/SAFODAS1-harddrive-transfer/recording_2024-09-19T205603Z/SAFOD-Zumberge-16mGL-500HzFs_2024-09-19T212424Z.h5;/oak/stanford/groups/ettore88/data/SAFOD/SAFODAS1-harddrive-transfer/recording_2024-09-19T205603Z/SAFOD-Zumberge-16mGL-500HzFs_2024-09-19T212524Z.h5,True,False,not_nominated,,EMBARGOED_UNTIL_NETWORK_MODEL_FROZEN
75064741,2024-09-21T06:13:41.680Z,35.80533,-120.49934,10.94,1.2,24895.63532756993,7037.475322566601,-23880.255430954126,6.108999999999999,2024-09-21T06:13:31.680Z,2024-09-21T06:14:11.680Z,False,,0,,False,False,not_nominated,,EMBARGOED_UNTIL_NETWORK_MODEL_FROZEN
75065306,2024-09-22T11:20:48.420Z,36.00433,-120.56934,2.15,0.5,1903.0360984050951,741.9702416767265,-1752.4344644805028,-2.6810000000000005,2024-09-22T11:20:38.420Z,2024-09-22T11:21:18.420Z,False,,0,,False,False,not_nominated,,EMBARGOED_UNTIL_NETWORK_MODEL_FROZEN
75065721,2024-09-23T10:55:35.260Z,36.01266,-120.58334,-0.74,0.5,974.6777493893521,-517.1307745022707,-826.1794461358709,-5.571000000000001,2024-09-23T10:55:25.260Z,2024-09-23T10:56:05.260Z,False,,0,,False,False,not_nominated,,EMBARGOED_UNTIL_NETWORK_MODEL_FROZEN
75067611,2024-09-28T04:11:46.860Z,36.07883,-120.6525,4.13,1.7,9383.504918933544,-6737.089794421763,6531.59901291775,-0.7010000000000005,2024-09-28T04:11:36.860Z,2024-09-28T04:12:16.860Z,True,103,2,/oak/stanford/groups/ettore88/data/SAFOD/SAFODAS1-harddrive-transfer/recording_2024-09-25T184442Z/SAFOD-Zumberge-16mGL-500HzFs_2024-09-28T041103Z.h5;/oak/stanford/groups/ettore88/data/SAFOD/SAFODAS1-harddrive-transfer/recording_2024-09-25T184442Z/SAFOD-Zumberge-16mGL-500HzFs_2024-09-28T041203Z.h5,True,False,not_nominated,,EMBARGOED_UNTIL_NETWORK_MODEL_FROZEN
75069226,2024-10-02T02:16:57.660Z,35.93417,-120.48734,4.97,1.0,12536.249200446808,8116.704765005011,-9553.881293665321,0.13899999999999935,2024-10-02T02:16:47.660Z,2024-10-02T02:17:27.660Z,True,103,2,/oak/stanford/groups/ettore88/data/SAFOD/SAFODAS1-harddrive-transfer/recording_2024-09-25T184442Z/SAFOD-Zumberge-16mGL-500HzFs_2024-10-02T021603Z.h5;/oak/stanford/groups/ettore88/data/SAFOD/SAFODAS1-harddrive-transfer/recording_2024-09-25T184442Z/SAFOD-Zumberge-16mGL-500HzFs_2024-10-02T021703Z.h5,True,False,not_nominated,,EMBARGOED_UNTIL_NETWORK_MODEL_FROZEN
75069511,2024-10-02T16:36:53.840Z,35.88133,-120.43584,10.46,0.8,20014.71797777705,12748.3977888034,-15429.42933320557,5.6290000000000004,2024-10-02T16:36:43.840Z,2024-10-02T16:37:23.840Z,True,103,2,/oak/stanford/groups/ettore88/data/SAFOD/SAFODAS1-harddrive-transfer/recording_2024-09-25T184442Z/SAFOD-Zumberge-16mGL-500HzFs_2024-10-02T163603Z.h5;/oak/stanford/groups/ettore88/data/SAFOD/SAFODAS1-harddrive-transfer/recording_2024-09-25T184442Z/SAFOD-Zumberge-16mGL-500HzFs_2024-10-02T163703Z.h5,True,False,not_nominated,,EMBARGOED_UNTIL_NETWORK_MODEL_FROZEN
75070031,2024-10-03T18:21:57.410Z,35.987,-120.54017,10.06,0.9,4986.403007922583,3365.397144670076,-3679.445204927759,5.229,2024-10-03T18:21:47.410Z,2024-10-03T18:22:27.410Z,True,103,2,/oak/stanford/groups/ettore88/data/SAFOD/SAFODAS1-harddrive-transfer/recording_2024-09-25T184442Z/SAFOD-Zumberge-16mGL-500HzFs_2024-10-03T182103Z.h5;/oak/stanford/groups/ettore88/data/SAFOD/SAFODAS1-harddrive-transfer/recording_2024-09-25T184442Z/SAFOD-Zumberge-16mGL-500HzFs_2024-10-03T182203Z.h5,True,False,not_nominated,,EMBARGOED_UNTIL_NETWORK_MODEL_FROZEN
75070206,2024-10-04T10:25:45.510Z,35.966,-120.52084,7.65,1.2,7888.2228189980715,5103.8559048642355,-6014.541889832039,2.819,2024-10-04T10:25:35.510Z,2024-10-04T10:26:15.510Z,True,103,2,/oak/stanford/groups/ettore88/data/SAFOD/SAFODAS1-harddrive-transfer/recording_2024-09-25T184442Z/SAFOD-Zumberge-16mGL-500HzFs_2024-10-04T102503Z.h5;/oak/stanford/groups/ettore88/data/SAFOD/SAFODAS1-harddrive-transfer/recording_2024-09-25T184442Z/SAFOD-Zumberge-16mGL-500HzFs_2024-10-04T102603Z.h5,True,False,not_nominated,,EMBARGOED_UNTIL_NETWORK_MODEL_FROZEN
75071201,2024-10-06T14:13:05.260Z,35.995,-120.55483,1.16,0.7,3460.2620038772734,2046.9385091585766,-2789.884563059989,-3.6710000000000003,2024-10-06T14:12:55.260Z,2024-10-06T14:13:35.260Z,True,103,2,/oak/stanford/groups/ettore88/data/SAFOD/SAFODAS1-harddrive-transfer/recording_2024-09-25T184442Z/SAFOD-Zumberge-16mGL-500HzFs_2024-10-06T141203Z.h5;/oak/stanford/groups/ettore88/data/SAFOD/SAFODAS1-harddrive-transfer/recording_2024-09-25T184442Z/SAFOD-Zumberge-16mGL-500HzFs_2024-10-06T141303Z.h5,True,False,not_nominated,,EMBARGOED_UNTIL_NETWORK_MODEL_FROZEN
75071276,2024-10-06T18:38:46.700Z,36.03117,-120.607,-0.2,1.4,2917.8779999454878,-2645.011491842578,1232.0414889875176,-5.031000000000001,2024-10-06T18:38:36.700Z,2024-10-06T18:39:16.700Z,True,103,2,/oak/stanford/groups/ettore88/data/SAFOD/SAFODAS1-harddrive-transfer/recording_2024-09-25T184442Z/SAFOD-Zumberge-16mGL-500HzFs_2024-10-06T183803Z.h5;/oak/stanford/groups/ettore88/data/SAFOD/SAFODAS1-harddrive-transfer/recording_2024-09-25T184442Z/SAFOD-Zumberge-16mGL-500HzFs_2024-10-06T183903Z.h5,True,False,not_nominated,,EMBARGOED_UNTIL_NETWORK_MODEL_FROZEN
75071706,2024-10-07T17:42:27.290Z,35.981,-120.5405,1.88,0.7,5479.058745361456,3335.718335003825,-4346.6156863289825,-2.9510000000000005,2024-10-07T17:42:17.290Z,2024-10-07T17:42:57.290Z,True,103,1,/oak/stanford/groups/ettore88/data/SAFOD/SAFODAS1-harddrive-transfer/recording_2024-09-25T184442Z/SAFOD-Zumberge-16mGL-500HzFs_2024-10-07T174203Z.h5,True,False,not_nominated,,EMBARGOED_UNTIL_NETWORK_MODEL_FROZEN
75072501,2024-10-09T23:04:10.750Z,36.038,-120.6,3.0,0.7,2833.402673270201,-2015.460983753079,1991.503886981844,-1.8310000000000004,2024-10-09T23:04:00.750Z,2024-10-09T23:04:40.750Z,True,103,2,/oak/stanford/groups/ettore88/data/SAFOD/SAFODAS1-harddrive-transfer/recording_2024-09-25T184442Z/SAFOD-Zumberge-16mGL-500HzFs_2024-10-09T230303Z.h5;/oak/stanford/groups/ettore88/data/SAFOD/SAFODAS1-harddrive-transfer/recording_2024-09-25T184442Z/SAFOD-Zumberge-16mGL-500HzFs_2024-10-09T230403Z.h5,True,False,not_nominated,,EMBARGOED_UNTIL_NETWORK_MODEL_FROZEN
75072711,2024-10-10T15:47:06.910Z,35.96017,-120.515,4.99,2.0,8722.360822485116,5629.080900184807,-6662.809207593882,0.1589999999999998,2024-10-10T15:46:56.910Z,2024-10-10T15:47:36.910Z,True,103,2,/oak/stanford/groups/ettore88/data/SAFOD/SAFODAS1-harddrive-transfer/recording_2024-09-25T184442Z/SAFOD-Zumberge-16mGL-500HzFs_2024-10-10T154603Z.h5;/oak/stanford/groups/ettore88/data/SAFOD/SAFODAS1-harddrive-transfer/recording_2024-09-25T184442Z/SAFOD-Zumberge-16mGL-500HzFs_2024-10-10T154703Z.h5,True,False,not_nominated,,EMBARGOED_UNTIL_NETWORK_MODEL_FROZEN
75074401,2024-10-15T05:20:29.330Z,35.8825,-120.4305,10.05,1.3,20225.4009106853,13228.654890688824,-15299.331089332125,5.219,2024-10-15T05:20:19.330Z,2024-10-15T05:20:59.330Z,True,103,1,/oak/stanford/groups/ettore88/data/SAFOD/SAFODAS1-harddrive-transfer/recording_2024-09-25T184442Z/SAFOD-Zumberge-16mGL-500HzFs_2024-10-15T052003Z.h5,True,False,not_nominated,,EMBARGOED_UNTIL_NETWORK_MODEL_FROZEN
75075471,2024-10-17T14:15:30.670Z,35.82017,-120.38,6.05,1.6,28459.898137117245,17770.412127616924,-22230.120440288552,1.2189999999999994,2024-10-17T14:15:20.670Z,2024-10-17T14:16:00.670Z,True,103,1,/oak/stanford/groups/ettore88/data/SAFOD/SAFODAS1-harddrive-transfer/recording_2024-09-25T184442Z/SAFOD-Zumberge-16mGL-500HzFs_2024-10-17T141503Z.h5,True,False,not_nominated,,EMBARGOED_UNTIL_NETWORK_MODEL_FROZEN
75075736,2024-10-18T09:45:58.000Z,36.14317,-120.727,5.31,1.5,19179.801573109668,-13437.305916226678,13685.890475142622,0.4789999999999992,2024-10-18T09:45:48.000Z,2024-10-18T09:46:28.000Z,True,103,2,/oak/stanford/groups/ettore88/data/SAFOD/SAFODAS1-harddrive-transfer/recording_2024-09-25T184442Z/SAFOD-Zumberge-16mGL-500HzFs_2024-10-18T094503Z.h5;/oak/stanford/groups/ettore88/data/SAFOD/SAFODAS1-harddrive-transfer/recording_2024-09-25T184442Z/SAFOD-Zumberge-16mGL-500HzFs_2024-10-18T094603Z.h5,True,False,not_nominated,,EMBARGOED_UNTIL_NETWORK_MODEL_FROZEN
75076376,2024-10-20T10:39:20.800Z,36.099,-120.4495,6.82,2.4,14480.941970499165,11519.874940160918,8774.403781227344,1.9889999999999999,2024-10-20T10:39:10.800Z,2024-10-20T10:39:50.800Z,True,103,1,/oak/stanford/groups/ettore88/data/SAFOD/SAFODAS1-harddrive-transfer/recording_2024-09-25T184442Z/SAFOD-Zumberge-16mGL-500HzFs_2024-10-20T103903Z.h5,True,False,not_nominated,,EMBARGOED_UNTIL_NETWORK_MODEL_FROZEN
75076581,2024-10-20T23:28:36.910Z,35.93817,-120.4915,9.32,1.0,11955.046634305581,7742.5718916264805,-9109.100972731436,4.489,2024-10-20T23:28:26.910Z,2024-10-20T23:29:06.910Z,True,103,2,/oak/stanford/groups/ettore88/data/SAFOD/SAFODAS1-harddrive-transfer/recording_2024-09-25T184442Z/SAFOD-Zumberge-16mGL-500HzFs_2024-10-20T232803Z.h5;/oak/stanford/groups/ettore88/data/SAFOD/SAFODAS1-harddrive-transfer/recording_2024-09-25T184442Z/SAFOD-Zumberge-16mGL-500HzFs_2024-10-20T232903Z.h5,True,False,not_nominated,,EMBARGOED_UNTIL_NETWORK_MODEL_FROZEN
75077756,2024-10-23T17:02:29.730Z,36.063,-120.63533,0.47,0.8,7052.10652326629,-5192.892333865546,4771.380892820799,-4.361000000000001,2024-10-23T17:02:19.730Z,2024-10-23T17:02:59.730Z,True,103,1,/oak/stanford/groups/ettore88/data/SAFOD/SAFODAS1-harddrive-transfer/recording_2024-09-25T184442Z/SAFOD-Zumberge-16mGL-500HzFs_2024-10-23T170203Z.h5,True,False,not_nominated,,EMBARGOED_UNTIL_NETWORK_MODEL_FROZEN
75079421,2024-10-27T01:40:05.600Z,36.06633,-120.638,2.07,0.3,7480.266621908963,-5433.020884808897,5141.660509998272,-2.7610000000000006,2024-10-27T01:39:55.600Z,2024-10-27T01:40:35.600Z,True,103,2,/oak/stanford/groups/ettore88/data/SAFOD/SAFODAS1-harddrive-transfer/recording_2024-09-25T184442Z/SAFOD-Zumberge-16mGL-500HzFs_2024-10-27T013903Z.h5;/oak/stanford/groups/ettore88/data/SAFOD/SAFODAS1-harddrive-transfer/recording_2024-09-25T184442Z/SAFOD-Zumberge-16mGL-500HzFs_2024-10-27T014003Z.h5,True,False,not_nominated,,EMBARGOED_UNTIL_NETWORK_MODEL_FROZEN
75081346,2024-10-31T15:56:54.170Z,36.0775,-120.6455,1.12,1.1,8834.805251509415,-6107.539286332264,6383.709556206823,-3.7110000000000003,2024-10-31T15:56:44.170Z,2024-10-31T15:57:24.170Z,True,103,2,/oak/stanford/groups/ettore88/data/SAFOD/SAFODAS1-harddrive-transfer/recording_2024-09-25T184442Z/SAFOD-Zumberge-16mGL-500HzFs_2024-10-31T155603Z.h5;/oak/stanford/groups/ettore88/data/SAFOD/SAFODAS1-harddrive-transfer/recording_2024-09-25T184442Z/SAFOD-Zumberge-16mGL-500HzFs_2024-10-31T155703Z.h5,True,False,not_nominated,,EMBARGOED_UNTIL_NETWORK_MODEL_FROZEN
75083106,2024-11-06T04:43:52.140Z,36.03767,-120.59283,4.25,1.6,2387.4428207366677,-1370.621391897241,1954.8095105049822,-0.5810000000000004,2024-11-06T04:43:42.140Z,2024-11-06T04:44:22.140Z,False,,0,,False,False,not_nominated,,EMBARGOED_UNTIL_NETWORK_MODEL_FROZEN
75083406,2024-11-07T07:00:24.280Z,36.01183,-120.56983,3.77,1.5,1153.5408252616185,697.9017061105639,-918.4713627289746,-1.0610000000000004,2024-11-07T07:00:14.280Z,2024-11-07T07:00:54.280Z,False,,0,,False,False,not_nominated,,EMBARGOED_UNTIL_NETWORK_MODEL_FROZEN
75083781,2024-11-08T01:39:43.510Z,36.00017,-120.561,1.19,0.6,2670.658931938772,1492.0347041704758,-2215.00599825266,-3.6410000000000005,2024-11-08T01:39:33.510Z,2024-11-08T01:40:13.510Z,False,,0,,False,False,not_nominated,,EMBARGOED_UNTIL_NETWORK_MODEL_FROZEN
75084576,2024-11-09T21:34:01.050Z,36.019,-120.582,3.64,1.1,414.7227764527885,-396.61682009546394,-121.202637455098,-1.1910000000000003,2024-11-09T21:33:51.050Z,2024-11-09T21:34:31.050Z,False,,0,,False,True,not_nominated,,EMBARGOED_UNTIL_NETWORK_MODEL_FROZEN
75087156,2024-11-17T00:12:07.860Z,36.00033,-120.55833,1.45,0.5,2797.881762264731,1732.1632551138275,-2197.214785415178,-3.3810000000000002,2024-11-17T00:11:57.860Z,2024-11-17T00:12:37.860Z,False,,0,,False,False,not_nominated,,EMBARGOED_UNTIL_NETWORK_MODEL_FROZEN
75087811,2024-11-18T14:34:45.730Z,35.97167,-120.5295,10.48,1.9,6906.076534096954,4325.011990571941,-5384.065784907678,5.649,2024-11-18T14:34:35.730Z,2024-11-18T14:35:15.730Z,False,,0,,False,False,not_nominated,,EMBARGOED_UNTIL_NETWORK_MODEL_FROZEN
75088016,2024-11-19T04:51:37.040Z,36.1245,-120.704,4.38,0.8,16249.261445979988,-11368.782818218875,11609.878327182541,-0.4510000000000005,2024-11-19T04:51:27.040Z,2024-11-19T04:52:07.040Z,False,,0,,False,False,not_nominated,,EMBARGOED_UNTIL_NETWORK_MODEL_FROZEN
75094221,2024-12-02T22:27:05.850Z,35.95167,-120.4915,3.31,0.3,10854.887714660947,7742.5718916264805,-7607.967389578684,-1.5210000000000004,2024-12-02T22:26:55.850Z,2024-12-02T22:27:35.850Z,True,109,2,/oak/stanford/groups/ettore88/data/SAFOD/SAFODAS1-harddrive-transfer/recording_2024-11-20T202704Z/SAFOD-Zumberge-16mGL-500HzFs_2024-12-02T222606Z.h5;/oak/stanford/groups/ettore88/data/SAFOD/SAFODAS1-harddrive-transfer/recording_2024-11-20T202704Z/SAFOD-Zumberge-16mGL-500HzFs_2024-12-02T222706Z.h5,True,False,not_nominated,,EMBARGOED_UNTIL_NETWORK_MODEL_FROZEN
75094291,2024-12-03T01:17:00.680Z,36.01317,-120.57267,0.91,0.9,887.6238873659872,442.4840713995948,-769.4699552161507,-3.9210000000000003,2024-12-03T01:16:50.680Z,2024-12-03T01:17:30.680Z,True,109,2,/oak/stanford/groups/ettore88/data/SAFOD/SAFODAS1-harddrive-transfer/recording_2024-11-20T202704Z/SAFOD-Zumberge-16mGL-500HzFs_2024-12-03T011606Z.h5;/oak/stanford/groups/ettore88/data/SAFOD/SAFODAS1-harddrive-transfer/recording_2024-11-20T202704Z/SAFOD-Zumberge-16mGL-500HzFs_2024-12-03T011706Z.h5,True,False,not_nominated,,EMBARGOED_UNTIL_NETWORK_MODEL_FROZEN
75100191,2024-12-09T17:36:21.130Z,35.99467,-120.554,3.28,1.0,3534.214525791193,2121.5852122599745,-2826.5789395368506,-1.5510000000000006,2024-12-09T17:36:11.130Z,2024-12-09T17:36:51.130Z,True,109,1,/oak/stanford/groups/ettore88/data/SAFOD/SAFODAS1-harddrive-transfer/recording_2024-11-20T202704Z/SAFOD-Zumberge-16mGL-500HzFs_2024-12-09T173606Z.h5,True,False,not_nominated,,EMBARGOED_UNTIL_NETWORK_MODEL_FROZEN
75100196,2024-12-09T17:50:58.170Z,36.00167,-120.56133,2.06,0.9,2516.676936678489,1462.3558945042246,-2048.2133779023543,-2.7710000000000004,2024-12-09T17:50:48.170Z,2024-12-09T17:51:28.170Z,True,109,2,/oak/stanford/groups/ettore88/data/SAFOD/SAFODAS1-harddrive-transfer/recording_2024-11-20T202704Z/SAFOD-Zumberge-16mGL-500HzFs_2024-12-09T175006Z.h5;/oak/stanford/groups/ettore88/data/SAFOD/SAFODAS1-harddrive-transfer/recording_2024-11-20T202704Z/SAFOD-Zumberge-16mGL-500HzFs_2024-12-09T175106Z.h5,True,False,not_nominated,,EMBARGOED_UNTIL_NETWORK_MODEL_FROZEN
75100786,2024-12-10T06:11:35.430Z,35.98867,-120.54283,2.54,0.7,4688.199129505616,3126.1679515969868,-3493.7494209380734,-2.2910000000000004,2024-12-10T06:11:25.430Z,2024-12-10T06:12:05.430Z,True,109,1,/oak/stanford/groups/ettore88/data/SAFOD/SAFODAS1-harddrive-transfer/recording_2024-11-20T202704Z/SAFOD-Zumberge-16mGL-500HzFs_2024-12-10T061106Z.h5,True,False,not_nominated,,EMBARGOED_UNTIL_NETWORK_MODEL_FROZEN
75101591,2024-12-11T06:46:59.250Z,36.00117,-120.56067,3.81,2.0,2596.465366025793,1521.7135138380052,-2103.810918018596,-1.0210000000000004,2024-12-11T06:46:49.250Z,2024-12-11T06:47:29.250Z,True,109,2,/oak/stanford/groups/ettore88/data/SAFOD/SAFODAS1-harddrive-transfer/recording_2024-11-20T202704Z/SAFOD-Zumberge-16mGL-500HzFs_2024-12-11T064606Z.h5;/oak/stanford/groups/ettore88/data/SAFOD/SAFODAS1-harddrive-transfer/recording_2024-11-20T202704Z/SAFOD-Zumberge-16mGL-500HzFs_2024-12-11T064706Z.h5,True,False,not_nominated,,EMBARGOED_UNTIL_NETWORK_MODEL_FROZEN
75105061,2024-12-18T23:51:30.230Z,35.977,-120.52317,2.8,0.0,6849.211796681644,4894.305521458676,-4791.396007263657,-2.0310000000000006,2024-12-18T23:51:20.230Z,2024-12-18T23:52:00.230Z,True,109,1,/oak/stanford/groups/ettore88/data/SAFOD/SAFODAS1-harddrive-transfer/recording_2024-11-20T202704Z/SAFOD-Zumberge-16mGL-500HzFs_2024-12-18T235106Z.h5,True,False,not_nominated,,EMBARGOED_UNTIL_NETWORK_MODEL_FROZEN
75105066,2024-12-19T00:00:22.060Z,35.98034,-120.54034,2.49,0.7,5546.139491845605,3350.1080609024584,-4420.004439283495,-2.341,2024-12-19T00:00:12.060Z,2024-12-19T00:00:52.060Z,True,109,1,/oak/stanford/groups/ettore88/data/SAFOD/SAFODAS1-harddrive-transfer/recording_2024-11-20T202704Z/SAFOD-Zumberge-16mGL-500HzFs_2024-12-19T000006Z.h5,True,False,not_nominated,,EMBARGOED_UNTIL_NETWORK_MODEL_FROZEN
75105406,2024-12-19T17:58:16.690Z,36.01167,-120.567,2.39,0.8,1335.5491134112842,952.4199829525488,-936.2625755664562,-2.4410000000000003,2024-12-19T17:58:06.690Z,2024-12-19T17:58:46.690Z,True,109,1,/oak/stanford/groups/ettore88/data/SAFOD/SAFODAS1-harddrive-transfer/recording_2024-11-20T202704Z/SAFOD-Zumberge-16mGL-500HzFs_2024-12-19T175806Z.h5,True,False,not_nominated,,EMBARGOED_UNTIL_NETWORK_MODEL_FROZEN
75106186,2024-12-21T06:54:40.180Z,35.92317,-120.4925,9.74,1.7,13217.683386626975,7652.636104756188,-10777.027176234493,4.909,2024-12-21T06:54:30.180Z,2024-12-21T06:55:10.180Z,True,109,2,/oak/stanford/groups/ettore88/data/SAFOD/SAFODAS1-harddrive-transfer/recording_2024-11-20T202704Z/SAFOD-Zumberge-16mGL-500HzFs_2024-12-21T065406Z.h5;/oak/stanford/groups/ettore88/data/SAFOD/SAFODAS1-harddrive-transfer/recording_2024-11-20T202704Z/SAFOD-Zumberge-16mGL-500HzFs_2024-12-21T065506Z.h5,True,False,not_nominated,,EMBARGOED_UNTIL_NETWORK_MODEL_FROZEN
75106666,2024-12-22T12:09:29.360Z,36.0665,-120.666,5.62,1.3,9479.101397712118,-7951.222917164335,5160.563673637652,0.7889999999999997,2024-12-22T12:09:19.360Z,2024-12-22T12:09:59.360Z,True,109,1,/oak/stanford/groups/ettore88/data/SAFOD/SAFODAS1-harddrive-transfer/recording_2024-11-20T202704Z/SAFOD-Zumberge-16mGL-500HzFs_2024-12-22T120906Z.h5,True,False,not_nominated,,EMBARGOED_UNTIL_NETWORK_MODEL_FROZEN
75106931,2024-12-23T07:49:42.620Z,35.98017,-120.543,3.28,0.7,5420.467510979649,3110.878867828091,-4438.907602922876,-1.5510000000000006,2024-12-23T07:49:32.620Z,2024-12-23T07:50:12.620Z,True,109,2,/oak/stanford/groups/ettore88/data/SAFOD/SAFODAS1-harddrive-transfer/recording_2024-11-20T202704Z/SAFOD-Zumberge-16mGL-500HzFs_2024-12-23T074906Z.h5;/oak/stanford/groups/ettore88/data/SAFOD/SAFODAS1-harddrive-transfer/recording_2024-11-20T202704Z/SAFOD-Zumberge-16mGL-500HzFs_2024-12-23T075006Z.h5,True,False,not_nominated,,EMBARGOED_UNTIL_NETWORK_MODEL_FROZEN
75106936,2024-12-23T08:16:14.800Z,35.9805,-120.54266,3.33,0.9,5408.16360663562,3141.4570353646045,-4402.213226446014,-1.5010000000000003,2024-12-23T08:16:04.800Z,2024-12-23T08:16:44.800Z,True,109,2,/oak/stanford/groups/ettore88/data/SAFOD/SAFODAS1-harddrive-transfer/recording_2024-11-20T202704Z/SAFOD-Zumberge-16mGL-500HzFs_2024-12-23T081506Z.h5;/oak/stanford/groups/ettore88/data/SAFOD/SAFODAS1-harddrive-transfer/recording_2024-11-20T202704Z/SAFOD-Zumberge-16mGL-500HzFs_2024-12-23T081606Z.h5,True,False,not_nominated,,EMBARGOED_UNTIL_NETWORK_MODEL_FROZEN
75109116,2024-12-29T01:26:29.780Z,35.95567,-120.513,9.95,1.4,9222.536409508459,5808.952473924116,-7163.187068644798,5.118999999999999,2024-12-29T01:26:19.780Z,2024-12-29T01:26:59.780Z,True,109,1,/oak/stanford/groups/ettore88/data/SAFOD/SAFODAS1-harddrive-transfer/recording_2024-11-20T202704Z/SAFOD-Zumberge-16mGL-500HzFs_2024-12-29T012606Z.h5,True,False,not_nominated,,EMBARGOED_UNTIL_NETWORK_MODEL_FROZEN
75109571,2024-12-30T03:21:19.730Z,36.02383,-120.59,-0.74,0.8,1191.0640989051165,-1116.103115055256,415.8696000726809,-5.571000000000001,2024-12-30T03:21:09.730Z,2024-12-30T03:21:49.730Z,True,109,1,/oak/stanford/groups/ettore88/data/SAFOD/SAFODAS1-harddrive-transfer/recording_2024-11-20T202704Z/SAFOD-Zumberge-16mGL-500HzFs_2024-12-30T032106Z.h5,True,False,not_nominated,,EMBARGOED_UNTIL_NETWORK_MODEL_FROZEN
75109601,2024-12-30T04:39:32.700Z,36.0525,-120.61317,5.89,1.0,4819.446748121558,-3199.9152968294,3603.832550368659,1.0589999999999993,2024-12-30T04:39:22.700Z,2024-12-30T04:40:02.700Z,True,109,1,/oak/stanford/groups/ettore88/data/SAFOD/SAFODAS1-harddrive-transfer/recording_2024-11-20T202704Z/SAFOD-Zumberge-16mGL-500HzFs_2024-12-30T043906Z.h5,True,False,not_nominated,,EMBARGOED_UNTIL_NETWORK_MODEL_FROZEN
75109596,2024-12-30T04:39:32.700Z,36.0515,-120.6105,6.02,0.9,4578.0841057060625,-2959.786745887327,3492.6374701345953,1.1889999999999992,2024-12-30T04:39:22.700Z,2024-12-30T04:40:02.700Z,True,109,1,/oak/stanford/groups/ettore88/data/SAFOD/SAFODAS1-harddrive-transfer/recording_2024-11-20T202704Z/SAFOD-Zumberge-16mGL-500HzFs_2024-12-30T043906Z.h5,True,False,not_nominated,,EMBARGOED_UNTIL_NETWORK_MODEL_FROZEN
75109821,2024-12-30T18:17:32.580Z,35.99267,-120.564,3.71,1.7,3284.8214947134247,1222.2273435621514,-3048.969100004188,-1.1210000000000004,2024-12-30T18:17:22.580Z,2024-12-30T18:18:02.580Z,True,109,1,/oak/stanford/groups/ettore88/data/SAFOD/SAFODAS1-harddrive-transfer/recording_2024-11-20T202704Z/SAFOD-Zumberge-16mGL-500HzFs_2024-12-30T181706Z.h5,True,False,not_nominated,,EMBARGOED_UNTIL_NETWORK_MODEL_FROZEN
75111066,2025-01-02T00:14:00.300Z,36.10534,-120.492,-0.4,1.0,12211.132776335618,7697.6039981913345,9479.380589908118,-5.231000000000001,2025-01-02T00:13:50.300Z,2025-01-02T00:14:30.300Z,True,109,2,/oak/stanford/groups/ettore88/data/SAFOD/SAFODAS1-harddrive-transfer/recording_2024-11-20T202704Z/SAFOD-Zumberge-16mGL-500HzFs_2025-01-02T001306Z.h5;/oak/stanford/groups/ettore88/data/SAFOD/SAFODAS1-harddrive-transfer/recording_2024-11-20T202704Z/SAFOD-Zumberge-16mGL-500HzFs_2025-01-02T001406Z.h5,True,False,not_nominated,,EMBARGOED_UNTIL_NETWORK_MODEL_FROZEN
75114111,2025-01-07T17:46:30.720Z,36.03717,-120.59683,5.22,0.5,2569.2737393273824,-1730.364539375859,1899.2119703887402,0.38899999999999935,2025-01-07T17:46:20.720Z,2025-01-07T17:47:00.720Z,True,109,1,/oak/stanford/groups/ettore88/data/SAFOD/SAFODAS1-harddrive-transfer/recording_2024-11-20T202704Z/SAFOD-Zumberge-16mGL-500HzFs_2025-01-07T174606Z.h5,True,False,not_nominated,,EMBARGOED_UNTIL_NETWORK_MODEL_FROZEN
75115481,2025-01-10T17:03:22.120Z,36.0155,-120.571,4.35,1.6,782.1503093974408,592.6768354726528,-510.38541827195115,-0.48100000000000076,2025-01-10T17:03:12.120Z,2025-01-10T17:03:52.120Z,True,109,1,/oak/stanford/groups/ettore88/data/SAFOD/SAFODAS1-harddrive-transfer/recording_2024-11-20T202704Z/SAFOD-Zumberge-16mGL-500HzFs_2025-01-10T170306Z.h5,True,False,not_nominated,,EMBARGOED_UNTIL_NETWORK_MODEL_FROZEN
75115646,2025-01-10T23:05:32.250Z,36.06233,-120.63917,-0.72,0.8,7261.738742073824,-5538.24575544553,4696.880189064386,-5.551,2025-01-10T23:05:22.250Z,2025-01-10T23:06:02.250Z,True,109,1,/oak/stanford/groups/ettore88/data/SAFOD/SAFODAS1-harddrive-transfer/recording_2024-11-20T202704Z/SAFOD-Zumberge-16mGL-500HzFs_2025-01-10T230506Z.h5,True,False,not_nominated,,EMBARGOED_UNTIL_NETWORK_MODEL_FROZEN
75115861,2025-01-11T11:58:42.340Z,36.139,-120.736,5.8,0.9,19436.97549394039,-14246.727998055487,13222.206990569357,0.9689999999999994,2025-01-11T11:58:32.340Z,2025-01-11T11:59:12.340Z,True,109,2,/oak/stanford/groups/ettore88/data/SAFOD/SAFODAS1-harddrive-transfer/recording_2024-11-20T202704Z/SAFOD-Zumberge-16mGL-500HzFs_2025-01-11T115806Z.h5;/oak/stanford/groups/ettore88/data/SAFOD/SAFODAS1-harddrive-transfer/recording_2024-11-20T202704Z/SAFOD-Zumberge-16mGL-500HzFs_2025-01-11T115906Z.h5,True,False,not_nominated,,EMBARGOED_UNTIL_NETWORK_MODEL_FROZEN
75117391,2025-01-15T03:00:06.440Z,36.07133,-120.62917,2.88,1.0,7347.267233606352,-4638.887886747707,5697.635911166221,-1.9510000000000005,2025-01-15T02:59:56.440Z,2025-01-15T03:00:36.440Z,True,109,2,/oak/stanford/groups/ettore88/data/SAFOD/SAFODAS1-harddrive-transfer/recording_2024-11-20T202704Z/SAFOD-Zumberge-16mGL-500HzFs_2025-01-15T025906Z.h5;/oak/stanford/groups/ettore88/data/SAFOD/SAFODAS1-harddrive-transfer/recording_2024-11-20T202704Z/SAFOD-Zumberge-16mGL-500HzFs_2025-01-15T030006Z.h5,True,False,not_nominated,,EMBARGOED_UNTIL_NETWORK_MODEL_FROZEN
75118146,2025-01-16T19:52:54.180Z,35.904,-120.46817,9.74,0.2,16231.87403424645,9840.773799300538,-12908.636864310814,4.909,2025-01-16T19:52:44.180Z,2025-01-16T19:53:24.180Z,True,109,2,/oak/stanford/groups/ettore88/data/SAFOD/SAFODAS1-harddrive-transfer/recording_2024-11-20T202704Z/SAFOD-Zumberge-16mGL-500HzFs_2025-01-16T195206Z.h5;/oak/stanford/groups/ettore88/data/SAFOD/SAFODAS1-harddrive-transfer/recording_2024-11-20T202704Z/SAFOD-Zumberge-16mGL-500HzFs_2025-01-16T195306Z.h5,True,False,not_nominated,,EMBARGOED_UNTIL_NETWORK_MODEL_FROZEN
75119236,2025-01-18T17:23:37.300Z,36.12567,-120.69283,6.04,2.5,15660.258400296745,-10364.200078883141,11739.976571055986,1.2089999999999996,2025-01-18T17:23:27.300Z,2025-01-18T17:24:07.300Z,True,109,2,/oak/stanford/groups/ettore88/data/SAFOD/SAFODAS1-harddrive-transfer/recording_2024-11-20T202704Z/SAFOD-Zumberge-16mGL-500HzFs_2025-01-18T172306Z.h5;/oak/stanford/groups/ettore88/data/SAFOD/SAFODAS1-harddrive-transfer/recording_2024-11-20T202704Z/SAFOD-Zumberge-16mGL-500HzFs_2025-01-18T172406Z.h5,True,False,not_nominated,,EMBARGOED_UNTIL_NETWORK_MODEL_FROZEN
75119551,2025-01-19T06:08:54.080Z,36.064,-120.6205,5.79,2.1,6223.547644947884,-3859.1446145864284,4882.575973054072,0.9589999999999996,2025-01-19T06:08:44.080Z,2025-01-19T06:09:24.080Z,True,109,2,/oak/stanford/groups/ettore88/data/SAFOD/SAFODAS1-harddrive-transfer/recording_2024-11-20T202704Z/SAFOD-Zumberge-16mGL-500HzFs_2025-01-19T060806Z.h5;/oak/stanford/groups/ettore88/data/SAFOD/SAFODAS1-harddrive-transfer/recording_2024-11-20T202704Z/SAFOD-Zumberge-16mGL-500HzFs_2025-01-19T060906Z.h5,True,False,not_nominated,,EMBARGOED_UNTIL_NETWORK_MODEL_FROZEN
75119786,2025-01-19T15:38:52.020Z,36.0575,-120.62283,4.73,0.9,5818.786916561359,-4068.6949979919887,4159.807951535818,-0.10099999999999998,2025-01-19T15:38:42.020Z,2025-01-19T15:39:22.020Z,True,109,2,/oak/stanford/groups/ettore88/data/SAFOD/SAFODAS1-harddrive-transfer/recording_2024-11-20T202704Z/SAFOD-Zumberge-16mGL-500HzFs_2025-01-19T153806Z.h5;/oak/stanford/groups/ettore88/data/SAFOD/SAFODAS1-harddrive-transfer/recording_2024-11-20T202704Z/SAFOD-Zumberge-16mGL-500HzFs_2025-01-19T153906Z.h5,True,False,not_nominated,,EMBARGOED_UNTIL_NETWORK_MODEL_FROZEN
75119846,2025-01-19T18:53:45.480Z,36.06167,-120.6255,5.21,2.0,6320.018467982596,-4308.82354893534,4623.491436109874,0.37899999999999956,2025-01-19T18:53:35.480Z,2025-01-19T18:54:15.480Z,True,109,2,/oak/stanford/groups/ettore88/data/SAFOD/SAFODAS1-harddrive-transfer/recording_2024-11-20T202704Z/SAFOD-Zumberge-16mGL-500HzFs_2025-01-19T185306Z.h5;/oak/stanford/groups/ettore88/data/SAFOD/SAFODAS1-harddrive-transfer/recording_2024-11-20T202704Z/SAFOD-Zumberge-16mGL-500HzFs_2025-01-19T185406Z.h5,True,False,not_nominated,,EMBARGOED_UNTIL_NETWORK_MODEL_FROZEN
75120101,2025-01-20T05:14:48.490Z,36.0205,-120.57867,3.91,1.0,107.29776174163695,-97.1306498196103,45.58998289520769,-0.9210000000000003,2025-01-20T05:14:38.490Z,2025-01-20T05:15:18.490Z,True,109,2,/oak/stanford/groups/ettore88/data/SAFOD/SAFODAS1-harddrive-transfer/recording_2024-11-20T202704Z/SAFOD-Zumberge-16mGL-500HzFs_2025-01-20T051406Z.h5;/oak/stanford/groups/ettore88/data/SAFOD/SAFODAS1-harddrive-transfer/recording_2024-11-20T202704Z/SAFOD-Zumberge-16mGL-500HzFs_2025-01-20T051506Z.h5,True,True,prospective_candidate_waveform_verification_required,,EMBARGOED_UNTIL_NETWORK_MODEL_FROZEN
75120116,2025-01-20T05:24:29.130Z,36.01983,-120.57767,4.27,2.1,29.792546611089172,-7.1948629493167475,-28.910720861204236,-0.5610000000000008,2025-01-20T05:24:19.130Z,2025-01-20T05:24:59.130Z,True,109,1,/oak/stanford/groups/ettore88/data/SAFOD/SAFODAS1-harddrive-transfer/recording_2024-11-20T202704Z/SAFOD-Zumberge-16mGL-500HzFs_2025-01-20T052406Z.h5,True,True,prospective_candidate_waveform_verification_required,,EMBARGOED_UNTIL_NETWORK_MODEL_FROZEN
75121356,2025-01-22T18:27:35.650Z,36.05983,-120.62666,4.8,1.6,6245.197792349444,-4413.149061704267,4418.892488480017,-0.031000000000000583,2025-01-22T18:27:25.650Z,2025-01-22T18:28:05.650Z,True,109,1,/oak/stanford/groups/ettore88/data/SAFOD/SAFODAS1-harddrive-transfer/recording_2024-11-20T202704Z/SAFOD-Zumberge-16mGL-500HzFs_2025-01-22T182706Z.h5,True,False,not_nominated,,EMBARGOED_UNTIL_NETWORK_MODEL_FROZEN
75121411,2025-01-22T21:17:00.430Z,36.01083,-120.57233,2.4,1.3,1133.137619917104,473.06223893610803,-1029.6664429630384,-2.4310000000000005,2025-01-22T21:16:50.430Z,2025-01-22T21:17:30.430Z,True,109,2,/oak/stanford/groups/ettore88/data/SAFOD/SAFODAS1-harddrive-transfer/recording_2024-11-20T202704Z/SAFOD-Zumberge-16mGL-500HzFs_2025-01-22T211606Z.h5;/oak/stanford/groups/ettore88/data/SAFOD/SAFODAS1-harddrive-transfer/recording_2024-11-20T202704Z/SAFOD-Zumberge-16mGL-500HzFs_2025-01-22T211706Z.h5,True,False,not_nominated,,EMBARGOED_UNTIL_NETWORK_MODEL_FROZEN
75121531,2025-01-23T02:51:45.160Z,36.103,-120.68,3.8,1.9,13031.631611838708,-9210.323933343332,9219.18410216202,-1.0310000000000006,2025-01-23T02:51:35.160Z,2025-01-23T02:52:15.160Z,True,109,2,/oak/stanford/groups/ettore88/data/SAFOD/SAFODAS1-harddrive-transfer/recording_2024-11-20T202704Z/SAFOD-Zumberge-16mGL-500HzFs_2025-01-23T025106Z.h5;/oak/stanford/groups/ettore88/data/SAFOD/SAFODAS1-harddrive-transfer/recording_2024-11-20T202704Z/SAFOD-Zumberge-16mGL-500HzFs_2025-01-23T025206Z.h5,True,False,not_nominated,,EMBARGOED_UNTIL_NETWORK_MODEL_FROZEN
75121641,2025-01-23T10:22:23.420Z,36.062,-120.62366,4.97,1.0,6235.752742040427,-4143.341701094664,4660.185812586735,0.13899999999999935,2025-01-23T10:22:13.420Z,2025-01-23T10:22:53.420Z,True,109,1,/oak/stanford/groups/ettore88/data/SAFOD/SAFODAS1-harddrive-transfer/recording_2024-11-20T202704Z/SAFOD-Zumberge-16mGL-500HzFs_2025-01-23T102206Z.h5,True,False,not_nominated,,EMBARGOED_UNTIL_NETWORK_MODEL_FROZEN
75121816,2025-01-23T19:56:04.480Z,35.9645,-120.52016,10.24,1.8,8055.200045030522,5165.012239935984,-6181.334510182344,5.409,2025-01-23T19:55:54.480Z,2025-01-23T19:56:34.480Z,True,109,2,/oak/stanford/groups/ettore88/data/SAFOD/SAFODAS1-harddrive-transfer/recording_2024-11-20T202704Z/SAFOD-Zumberge-16mGL-500HzFs_2025-01-23T195506Z.h5;/oak/stanford/groups/ettore88/data/SAFOD/SAFODAS1-harddrive-transfer/recording_2024-11-20T202704Z/SAFOD-Zumberge-16mGL-500HzFs_2025-01-23T195606Z.h5,True,False,not_nominated,,EMBARGOED_UNTIL_NETWORK_MODEL_FROZEN
75121971,2025-01-24T02:17:17.930Z,36.01283,-120.57267,2.91,0.6,920.5906526369037,442.4840713995948,-807.2762824957008,-1.9210000000000003,2025-01-24T02:17:07.930Z,2025-01-24T02:17:47.930Z,True,109,1,/oak/stanford/groups/ettore88/data/SAFOD/SAFODAS1-harddrive-transfer/recording_2024-11-20T202704Z/SAFOD-Zumberge-16mGL-500HzFs_2025-01-24T021706Z.h5,True,False,not_nominated,,EMBARGOED_UNTIL_NETWORK_MODEL_FROZEN
75122106,2025-01-24T08:55:20.460Z,36.05667,-120.62466,1.67,1.0,5870.717586856021,-4233.277487964958,4067.5160349419243,-3.1610000000000005,2025-01-24T08:55:10.460Z,2025-01-24T08:55:50.460Z,True,109,1,/oak/stanford/groups/ettore88/data/SAFOD/SAFODAS1-harddrive-transfer/recording_2024-11-20T202704Z/SAFOD-Zumberge-16mGL-500HzFs_2025-01-24T085506Z.h5,True,False,not_nominated,,EMBARGOED_UNTIL_NETWORK_MODEL_FROZEN
75127391,2025-02-03T07:19:21.530Z,36.038,-120.59783,3.49,1.0,2698.069867441472,-1820.3003262461527,1991.503886981844,-1.3410000000000002,2025-02-03T07:19:11.530Z,2025-02-03T07:19:51.530Z,True,109,1,/oak/stanford/groups/ettore88/data/SAFOD/SAFODAS1-harddrive-transfer/recording_2024-11-20T202704Z/SAFOD-Zumberge-16mGL-500HzFs_2025-02-03T071906Z.h5,True,False,not_nominated,,EMBARGOED_UNTIL_NETWORK_MODEL_FROZEN
75127591,2025-02-03T19:37:11.880Z,36.03633,-120.59666,3.61,1.3,2490.467169681615,-1715.0754556082413,1805.8081029921584,-1.2210000000000005,2025-02-03T19:37:01.880Z,2025-02-03T19:37:41.880Z,True,109,2,/oak/stanford/groups/ettore88/data/SAFOD/SAFODAS1-harddrive-transfer/recording_2024-11-20T202704Z/SAFOD-Zumberge-16mGL-500HzFs_2025-02-03T193606Z.h5;/oak/stanford/groups/ettore88/data/SAFOD/SAFODAS1-harddrive-transfer/recording_2024-11-20T202704Z/SAFOD-Zumberge-16mGL-500HzFs_2025-02-03T193706Z.h5,True,False,not_nominated,,EMBARGOED_UNTIL_NETWORK_MODEL_FROZEN
75127646,2025-02-03T23:37:39.200Z,36.0045,-120.56416,3.55,0.6,2112.818610680034,1207.8376176622398,-1733.5313008411229,-1.2810000000000006,2025-02-03T23:37:29.200Z,2025-02-03T23:38:09.200Z,True,109,2,/oak/stanford/groups/ettore88/data/SAFOD/SAFODAS1-harddrive-transfer/recording_2024-11-20T202704Z/SAFOD-Zumberge-16mGL-500HzFs_2025-02-03T233706Z.h5;/oak/stanford/groups/ettore88/data/SAFOD/SAFODAS1-harddrive-transfer/recording_2024-11-20T202704Z/SAFOD-Zumberge-16mGL-500HzFs_2025-02-03T233806Z.h5,True,False,not_nominated,,EMBARGOED_UNTIL_NETWORK_MODEL_FROZEN
75127691,2025-02-04T01:08:54.190Z,35.99117,-120.54816,4.55,2.1,4164.940301739014,2646.810207580546,-3215.7617203544937,-0.2810000000000006,2025-02-04T01:08:44.190Z,2025-02-04T01:09:24.190Z,True,109,2,/oak/stanford/groups/ettore88/data/SAFOD/SAFODAS1-harddrive-transfer/recording_2024-11-20T202704Z/SAFOD-Zumberge-16mGL-500HzFs_2025-02-04T010806Z.h5;/oak/stanford/groups/ettore88/data/SAFOD/SAFODAS1-harddrive-transfer/recording_2024-11-20T202704Z/SAFOD-Zumberge-16mGL-500HzFs_2025-02-04T010906Z.h5,True,False,not_nominated,,EMBARGOED_UNTIL_NETWORK_MODEL_FROZEN
75127741,2025-02-04T05:27:50.300Z,35.99017,-120.54933,3.73,0.7,4186.6809739863165,2541.585336942635,-3326.956800587768,-1.1010000000000004,2025-02-04T05:27:40.300Z,2025-02-04T05:28:20.300Z,True,109,2,/oak/stanford/groups/ettore88/data/SAFOD/SAFODAS1-harddrive-transfer/recording_2024-11-20T202704Z/SAFOD-Zumberge-16mGL-500HzFs_2025-02-04T052706Z.h5;/oak/stanford/groups/ettore88/data/SAFOD/SAFODAS1-harddrive-transfer/recording_2024-11-20T202704Z/SAFOD-Zumberge-16mGL-500HzFs_2025-02-04T052806Z.h5,True,False,not_nominated,,EMBARGOED_UNTIL_NETWORK_MODEL_FROZEN
75127856,2025-02-04T14:42:05.580Z,35.94883,-120.38983,5.49,0.3,18653.00475761469,16886.34334268544,-7923.761417441813,0.6589999999999998,2025-02-04T14:41:55.580Z,2025-02-04T14:42:35.580Z,True,109,2,/oak/stanford/groups/ettore88/data/SAFOD/SAFODAS1-harddrive-transfer/recording_2024-11-20T202704Z/SAFOD-Zumberge-16mGL-500HzFs_2025-02-04T144106Z.h5;/oak/stanford/groups/ettore88/data/SAFOD/SAFODAS1-harddrive-transfer/recording_2024-11-20T202704Z/SAFOD-Zumberge-16mGL-500HzFs_2025-02-04T144206Z.h5,True,False,not_nominated,,EMBARGOED_UNTIL_NETWORK_MODEL_FROZEN
75128756,2025-02-06T21:30:08.110Z,35.97933,-120.537,7.49,1.3,5819.617745837327,3650.493589047296,-4532.311470319457,2.659,2025-02-06T21:29:58.110Z,2025-02-06T21:30:38.110Z,True,109,2,/oak/stanford/groups/ettore88/data/SAFOD/SAFODAS1-harddrive-transfer/recording_2024-11-20T202704Z/SAFOD-Zumberge-16mGL-500HzFs_2025-02-06T212906Z.h5;/oak/stanford/groups/ettore88/data/SAFOD/SAFODAS1-harddrive-transfer/recording_2024-11-20T202704Z/SAFOD-Zumberge-16mGL-500HzFs_2025-02-06T213006Z.h5,True,False,not_nominated,,EMBARGOED_UNTIL_NETWORK_MODEL_FROZEN
75128961,2025-02-07T12:50:56.980Z,35.98734,-120.54667,3.91,0.8,4581.971536963699,2780.814530015724,-3641.6388776482095,-0.9210000000000003,2025-02-07T12:50:46.980Z,2025-02-07T12:51:26.980Z,True,113,2,/oak/stanford/groups/ettore88/data/SAFOD/SAFODAS1-harddrive-transfer/recording_2025-02-07T091146Z/SAFOD-Zumberge-16mGL-500HzFs_2025-02-07T125007Z.h5;/oak/stanford/groups/ettore88/data/SAFOD/SAFODAS1-harddrive-transfer/recording_2025-02-07T091146Z/SAFOD-Zumberge-16mGL-500HzFs_2025-02-07T125107Z.h5,True,False,not_nominated,,EMBARGOED_UNTIL_NETWORK_MODEL_FROZEN
75129957,2025-02-08T17:03:03.180Z,35.92567,-120.47134,3.71,0.2,14196.506599254284,9555.677354923317,-10499.039475650912,-1.1210000000000004,2025-02-08T17:02:53.180Z,2025-02-08T17:03:33.180Z,True,113,2,/oak/stanford/groups/ettore88/data/SAFOD/SAFODAS1-harddrive-transfer/recording_2025-02-07T091146Z/SAFOD-Zumberge-16mGL-500HzFs_2025-02-08T170207Z.h5;/oak/stanford/groups/ettore88/data/SAFOD/SAFODAS1-harddrive-transfer/recording_2025-02-07T091146Z/SAFOD-Zumberge-16mGL-500HzFs_2025-02-08T170307Z.h5,True,False,not_nominated,,EMBARGOED_UNTIL_NETWORK_MODEL_FROZEN
75130112,2025-02-08T20:53:42.340Z,35.8915,-120.44234,10.1,1.1,18772.523994477237,12163.81517414905,-14298.57536723029,5.268999999999999,2025-02-08T20:53:32.340Z,2025-02-08T20:54:12.340Z,True,113,2,/oak/stanford/groups/ettore88/data/SAFOD/SAFODAS1-harddrive-transfer/recording_2025-02-07T091146Z/SAFOD-Zumberge-16mGL-500HzFs_2025-02-08T205307Z.h5;/oak/stanford/groups/ettore88/data/SAFOD/SAFODAS1-harddrive-transfer/recording_2025-02-07T091146Z/SAFOD-Zumberge-16mGL-500HzFs_2025-02-08T205407Z.h5,True,False,not_nominated,,EMBARGOED_UNTIL_NETWORK_MODEL_FROZEN
75131397,2025-02-11T00:23:28.150Z,35.94683,-120.48734,12.33,0.4,11499.594852538361,8116.704765005011,-8146.15157790915,7.499,2025-02-11T00:23:18.150Z,2025-02-11T00:23:58.150Z,True,113,1,/oak/stanford/groups/ettore88/data/SAFOD/SAFODAS1-harddrive-transfer/recording_2025-02-07T091146Z/SAFOD-Zumberge-16mGL-500HzFs_2025-02-11T002307Z.h5,True,False,not_nominated,,EMBARGOED_UNTIL_NETWORK_MODEL_FROZEN
75131437,2025-02-11T01:19:36.440Z,35.95067,-120.5,12.22,1.1,10405.74821507443,6978.1177032328205,-7719.162469811957,7.389,2025-02-11T01:19:26.440Z,2025-02-11T01:20:06.440Z,True,113,1,/oak/stanford/groups/ettore88/data/SAFOD/SAFODAS1-harddrive-transfer/recording_2025-02-07T091146Z/SAFOD-Zumberge-16mGL-500HzFs_2025-02-11T011907Z.h5,True,False,not_nominated,,EMBARGOED_UNTIL_NETWORK_MODEL_FROZEN
75131452,2025-02-11T01:35:47.970Z,36.01167,-120.5705,4.23,1.8,1132.7746513363704,637.6447289077995,-936.2625755664562,-0.601,2025-02-11T01:35:37.970Z,2025-02-11T01:36:17.970Z,True,113,2,/oak/stanford/groups/ettore88/data/SAFOD/SAFODAS1-harddrive-transfer/recording_2025-02-07T091146Z/SAFOD-Zumberge-16mGL-500HzFs_2025-02-11T013507Z.h5;/oak/stanford/groups/ettore88/data/SAFOD/SAFODAS1-harddrive-transfer/recording_2025-02-07T091146Z/SAFOD-Zumberge-16mGL-500HzFs_2025-02-11T013607Z.h5,True,False,not_nominated,,EMBARGOED_UNTIL_NETWORK_MODEL_FROZEN
75131552,2025-02-11T05:27:13.630Z,36.00933,-120.57017,3.93,0.8,1369.97627545868,667.3235385740505,-1196.4590633133441,-0.9010000000000002,2025-02-11T05:27:03.630Z,2025-02-11T05:27:43.630Z,True,113,2,/oak/stanford/groups/ettore88/data/SAFOD/SAFODAS1-harddrive-transfer/recording_2025-02-07T091146Z/SAFOD-Zumberge-16mGL-500HzFs_2025-02-11T052607Z.h5;/oak/stanford/groups/ettore88/data/SAFOD/SAFODAS1-harddrive-transfer/recording_2025-02-07T091146Z/SAFOD-Zumberge-16mGL-500HzFs_2025-02-11T052707Z.h5,True,False,not_nominated,,EMBARGOED_UNTIL_NETWORK_MODEL_FROZEN
75132537,2025-02-13T00:58:06.920Z,36.00834,-120.56866,3.88,0.4,1533.6442872132716,803.126576748475,-1306.5421927447196,-0.9510000000000005,2025-02-13T00:57:56.920Z,2025-02-13T00:58:36.920Z,True,113,2,/oak/stanford/groups/ettore88/data/SAFOD/SAFODAS1-harddrive-transfer/recording_2025-02-07T091146Z/SAFOD-Zumberge-16mGL-500HzFs_2025-02-13T005707Z.h5;/oak/stanford/groups/ettore88/data/SAFOD/SAFODAS1-harddrive-transfer/recording_2025-02-07T091146Z/SAFOD-Zumberge-16mGL-500HzFs_2025-02-13T005807Z.h5,True,False,not_nominated,,EMBARGOED_UNTIL_NETWORK_MODEL_FROZEN
75133272,2025-02-14T13:18:47.040Z,36.08183,-120.63267,6.18,0.5,8465.78604434133,-4953.663140792456,6865.18425361757,1.3489999999999993,2025-02-14T13:18:37.040Z,2025-02-14T13:19:17.040Z,True,113,2,/oak/stanford/groups/ettore88/data/SAFOD/SAFODAS1-harddrive-transfer/recording_2025-02-07T091146Z/SAFOD-Zumberge-16mGL-500HzFs_2025-02-14T131807Z.h5;/oak/stanford/groups/ettore88/data/SAFOD/SAFODAS1-harddrive-transfer/recording_2025-02-07T091146Z/SAFOD-Zumberge-16mGL-500HzFs_2025-02-14T131907Z.h5,True,False,not_nominated,,EMBARGOED_UNTIL_NETWORK_MODEL_FROZEN
75133802,2025-02-15T06:59:48.130Z,36.0795,-120.63184,5.98,0.4,8212.512092282697,-4879.01643768978,6606.099716674162,1.149,2025-02-15T06:59:38.130Z,2025-02-15T07:00:18.130Z,True,113,2,/oak/stanford/groups/ettore88/data/SAFOD/SAFODAS1-harddrive-transfer/recording_2025-02-07T091146Z/SAFOD-Zumberge-16mGL-500HzFs_2025-02-15T065907Z.h5;/oak/stanford/groups/ettore88/data/SAFOD/SAFODAS1-harddrive-transfer/recording_2025-02-07T091146Z/SAFOD-Zumberge-16mGL-500HzFs_2025-02-15T070007Z.h5,True,False,not_nominated,,EMBARGOED_UNTIL_NETWORK_MODEL_FROZEN
75134172,2025-02-15T20:15:22.400Z,36.03217,-120.60316,-0.61,0.8,2663.214546561339,-2299.6580702625934,1343.2365692207914,-5.441000000000001,2025-02-15T20:15:12.400Z,2025-02-15T20:15:52.400Z,True,113,1,/oak/stanford/groups/ettore88/data/SAFOD/SAFODAS1-harddrive-transfer/recording_2025-02-07T091146Z/SAFOD-Zumberge-16mGL-500HzFs_2025-02-15T201507Z.h5,True,False,not_nominated,,EMBARGOED_UNTIL_NETWORK_MODEL_FROZEN
75134807,2025-02-16T20:51:03.330Z,35.8265,-120.38383,5.57,0.6,27695.553683654474,17425.958063904643,-21526.255582409674,0.7389999999999999,2025-02-16T20:50:53.330Z,2025-02-16T20:51:33.330Z,True,113,2,/oak/stanford/groups/ettore88/data/SAFOD/SAFODAS1-harddrive-transfer/recording_2025-02-07T091146Z/SAFOD-Zumberge-16mGL-500HzFs_2025-02-16T205007Z.h5;/oak/stanford/groups/ettore88/data/SAFOD/SAFODAS1-harddrive-transfer/recording_2025-02-07T091146Z/SAFOD-Zumberge-16mGL-500HzFs_2025-02-16T205107Z.h5,True,False,not_nominated,,EMBARGOED_UNTIL_NETWORK_MODEL_FROZEN
75135232,2025-02-17T16:42:39.790Z,36.05233,-120.61716,3.76,1.9,5051.384458062065,-3558.7590864403123,3584.929386728489,-1.0710000000000006,2025-02-17T16:42:29.790Z,2025-02-17T16:43:09.790Z,True,113,2,/oak/stanford/groups/ettore88/data/SAFOD/SAFODAS1-harddrive-transfer/recording_2025-02-07T091146Z/SAFOD-Zumberge-16mGL-500HzFs_2025-02-17T164207Z.h5;/oak/stanford/groups/ettore88/data/SAFOD/SAFODAS1-harddrive-transfer/recording_2025-02-07T091146Z/SAFOD-Zumberge-16mGL-500HzFs_2025-02-17T164307Z.h5,True,False,not_nominated,,EMBARGOED_UNTIL_NETWORK_MODEL_FROZEN
75135467,2025-02-18T04:02:47.440Z,35.85683,-120.39133,4.46,0.2,24701.576344813086,16751.43966238128,-18153.708798926702,-0.37100000000000044,2025-02-18T04:02:37.440Z,2025-02-18T04:03:17.440Z,True,113,2,/oak/stanford/groups/ettore88/data/SAFOD/SAFODAS1-harddrive-transfer/recording_2025-02-07T091146Z/SAFOD-Zumberge-16mGL-500HzFs_2025-02-18T040207Z.h5;/oak/stanford/groups/ettore88/data/SAFOD/SAFODAS1-harddrive-transfer/recording_2025-02-07T091146Z/SAFOD-Zumberge-16mGL-500HzFs_2025-02-18T040307Z.h5,True,False,not_nominated,,EMBARGOED_UNTIL_NETWORK_MODEL_FROZEN
75135522,2025-02-18T07:44:25.320Z,35.98883,-120.54417,1.61,0.5,4595.241170525751,3005.653997191458,-3475.958208100592,-3.221,2025-02-18T07:44:15.320Z,2025-02-18T07:44:55.320Z,True,113,1,/oak/stanford/groups/ettore88/data/SAFOD/SAFODAS1-harddrive-transfer/recording_2025-02-07T091146Z/SAFOD-Zumberge-16mGL-500HzFs_2025-02-18T074407Z.h5,True,False,not_nominated,,EMBARGOED_UNTIL_NETWORK_MODEL_FROZEN
75136127,2025-02-19T14:45:10.190Z,35.992,-120.54583,2.13,-0.0,4232.594882663598,2856.360590987384,-3123.4698037606,-2.7010000000000005,2025-02-19T14:45:00.190Z,2025-02-19T14:45:40.190Z,True,113,2,/oak/stanford/groups/ettore88/data/SAFOD/SAFODAS1-harddrive-transfer/recording_2025-02-07T091146Z/SAFOD-Zumberge-16mGL-500HzFs_2025-02-19T144407Z.h5;/oak/stanford/groups/ettore88/data/SAFOD/SAFODAS1-harddrive-transfer/recording_2025-02-07T091146Z/SAFOD-Zumberge-16mGL-500HzFs_2025-02-19T144507Z.h5,True,False,not_nominated,,EMBARGOED_UNTIL_NETWORK_MODEL_FROZEN
75136427,2025-02-20T02:58:47.060Z,36.0635,-120.639,1.78,0.3,7335.037231621316,-5522.956671677913,4826.97843293704,-3.051,2025-02-20T02:58:37.060Z,2025-02-20T02:59:17.060Z,True,113,2,/oak/stanford/groups/ettore88/data/SAFOD/SAFODAS1-harddrive-transfer/recording_2025-02-07T091146Z/SAFOD-Zumberge-16mGL-500HzFs_2025-02-20T025807Z.h5;/oak/stanford/groups/ettore88/data/SAFOD/SAFODAS1-harddrive-transfer/recording_2025-02-07T091146Z/SAFOD-Zumberge-16mGL-500HzFs_2025-02-20T025907Z.h5,True,False,not_nominated,,EMBARGOED_UNTIL_NETWORK_MODEL_FROZEN
75136447,2025-02-20T05:43:00.540Z,36.00617,-120.5695,2.56,0.0,1710.3123089555345,727.5805157768149,-1547.8355168514372,-2.2710000000000004,2025-02-20T05:42:50.540Z,2025-02-20T05:43:30.540Z,True,113,2,/oak/stanford/groups/ettore88/data/SAFOD/SAFODAS1-harddrive-transfer/recording_2025-02-07T091146Z/SAFOD-Zumberge-16mGL-500HzFs_2025-02-20T054207Z.h5;/oak/stanford/groups/ettore88/data/SAFOD/SAFODAS1-harddrive-transfer/recording_2025-02-07T091146Z/SAFOD-Zumberge-16mGL-500HzFs_2025-02-20T054307Z.h5,True,False,not_nominated,,EMBARGOED_UNTIL_NETWORK_MODEL_FROZEN
75136836,2025-02-21T21:03:47.800Z,36.0015,-120.5635,1.35,0.8,2424.6143126239394,1267.19523699602,-2067.116541541734,-3.4810000000000003,2025-02-21T21:03:37.800Z,2025-02-21T21:04:17.800Z,True,113,2,/oak/stanford/groups/ettore88/data/SAFOD/SAFODAS1-harddrive-transfer/recording_2025-02-07T091146Z/SAFOD-Zumberge-16mGL-500HzFs_2025-02-21T210307Z.h5;/oak/stanford/groups/ettore88/data/SAFOD/SAFODAS1-harddrive-transfer/recording_2025-02-07T091146Z/SAFOD-Zumberge-16mGL-500HzFs_2025-02-21T210407Z.h5,True,False,not_nominated,,EMBARGOED_UNTIL_NETWORK_MODEL_FROZEN
75138537,2025-02-24T04:30:41.700Z,36.00083,-120.563,4.42,1.6,2511.6322394453655,1312.163130431167,-2141.6172452981464,-0.4110000000000005,2025-02-24T04:30:31.700Z,2025-02-24T04:31:11.700Z,True,113,2,/oak/stanford/groups/ettore88/data/SAFOD/SAFODAS1-harddrive-transfer/recording_2025-02-07T091146Z/SAFOD-Zumberge-16mGL-500HzFs_2025-02-24T043007Z.h5;/oak/stanford/groups/ettore88/data/SAFOD/SAFODAS1-harddrive-transfer/recording_2025-02-07T091146Z/SAFOD-Zumberge-16mGL-500HzFs_2025-02-24T043107Z.h5,True,False,not_nominated,,EMBARGOED_UNTIL_NETWORK_MODEL_FROZEN
75138926,2025-02-25T10:52:31.180Z,35.92883,-120.47717,3.9,0.6,13584.563984723081,9031.351717471729,-10147.66302211282,-0.9310000000000005,2025-02-25T10:52:21.180Z,2025-02-25T10:53:01.180Z,True,113,1,/oak/stanford/groups/ettore88/data/SAFOD/SAFODAS1-harddrive-transfer/recording_2025-02-07T091146Z/SAFOD-Zumberge-16mGL-500HzFs_2025-02-25T105207Z.h5,True,False,not_nominated,,EMBARGOED_UNTIL_NETWORK_MODEL_FROZEN
75138991,2025-02-25T12:23:42.200Z,36.00367,-120.57017,0.62,-0.0,1943.9524496395863,667.3235385740505,-1825.8232174350167,-4.211,2025-02-25T12:23:32.200Z,2025-02-25T12:24:12.200Z,True,113,2,/oak/stanford/groups/ettore88/data/SAFOD/SAFODAS1-harddrive-transfer/recording_2025-02-07T091146Z/SAFOD-Zumberge-16mGL-500HzFs_2025-02-25T122307Z.h5;/oak/stanford/groups/ettore88/data/SAFOD/SAFODAS1-harddrive-transfer/recording_2025-02-07T091146Z/SAFOD-Zumberge-16mGL-500HzFs_2025-02-25T122407Z.h5,True,False,not_nominated,,EMBARGOED_UNTIL_NETWORK_MODEL_FROZEN
75139121,2025-02-25T23:09:01.500Z,35.989,-120.5535,4.13,-0.0,4079.850725238839,2166.5531056951213,-3457.0550444612113,-0.7010000000000005,2025-02-25T23:08:51.500Z,2025-02-25T23:09:31.500Z,True,113,2,/oak/stanford/groups/ettore88/data/SAFOD/SAFODAS1-harddrive-transfer/recording_2025-02-07T091146Z/SAFOD-Zumberge-16mGL-500HzFs_2025-02-25T230807Z.h5;/oak/stanford/groups/ettore88/data/SAFOD/SAFODAS1-harddrive-transfer/recording_2025-02-07T091146Z/SAFOD-Zumberge-16mGL-500HzFs_2025-02-25T230907Z.h5,True,False,not_nominated,,EMBARGOED_UNTIL_NETWORK_MODEL_FROZEN
75139686,2025-02-27T01:16:17.830Z,36.087,-120.66534,5.64,0.5,10846.016440206173,-7891.8652978305545,7440.062818425689,0.8089999999999993,2025-02-27T01:16:07.830Z,2025-02-27T01:16:47.830Z,True,113,2,/oak/stanford/groups/ettore88/data/SAFOD/SAFODAS1-harddrive-transfer/recording_2025-02-07T091146Z/SAFOD-Zumberge-16mGL-500HzFs_2025-02-27T011507Z.h5;/oak/stanford/groups/ettore88/data/SAFOD/SAFODAS1-harddrive-transfer/recording_2025-02-07T091146Z/SAFOD-Zumberge-16mGL-500HzFs_2025-02-27T011607Z.h5,True,False,not_nominated,,EMBARGOED_UNTIL_NETWORK_MODEL_FROZEN
75139691,2025-02-27T01:17:35.120Z,36.092,-120.66933,6.53,0.7,11489.596496604168,-8250.709087441466,7996.038219592849,1.6989999999999998,2025-02-27T01:17:25.120Z,2025-02-27T01:18:05.120Z,True,113,1,/oak/stanford/groups/ettore88/data/SAFOD/SAFODAS1-harddrive-transfer/recording_2025-02-07T091146Z/SAFOD-Zumberge-16mGL-500HzFs_2025-02-27T011707Z.h5,True,False,not_nominated,,EMBARGOED_UNTIL_NETWORK_MODEL_FROZEN
75140226,2025-02-28T00:00:10.820Z,36.04367,-120.61517,3.12,1.1,4277.585576985424,-3379.7868705699875,2621.9799919062048,-1.7110000000000003,2025-02-28T00:00:00.820Z,2025-02-28T00:00:40.820Z,True,113,2,/oak/stanford/groups/ettore88/data/SAFOD/SAFODAS1-harddrive-transfer/recording_2025-02-07T091146Z/SAFOD-Zumberge-16mGL-500HzFs_2025-02-27T235907Z.h5;/oak/stanford/groups/ettore88/data/SAFOD/SAFODAS1-harddrive-transfer/recording_2025-02-07T091146Z/SAFOD-Zumberge-16mGL-500HzFs_2025-02-28T000007Z.h5,True,False,not_nominated,,EMBARGOED_UNTIL_NETWORK_MODEL_FROZEN
75141121,2025-03-01T19:33:38.110Z,36.00683,-120.5735,3.76,0.8,1519.6373215615142,367.83736829819696,-1474.4467638969234,-1.0710000000000006,2025-03-01T19:33:28.110Z,2025-03-01T19:34:08.110Z,True,113,2,/oak/stanford/groups/ettore88/data/SAFOD/SAFODAS1-harddrive-transfer/recording_2025-02-07T091146Z/SAFOD-Zumberge-16mGL-500HzFs_2025-03-01T193307Z.h5;/oak/stanford/groups/ettore88/data/SAFOD/SAFODAS1-harddrive-transfer/recording_2025-02-07T091146Z/SAFOD-Zumberge-16mGL-500HzFs_2025-03-01T193407Z.h5,True,False,not_nominated,,EMBARGOED_UNTIL_NETWORK_MODEL_FROZEN
75002738,2025-03-02T11:20:42.340Z,36.11483,-120.601,8.23,0.5,10742.949044169056,-2105.396770623373,10534.621901324295,3.399,2025-03-02T11:20:32.340Z,2025-03-02T11:21:12.340Z,True,113,2,/oak/stanford/groups/ettore88/data/SAFOD/SAFODAS1-harddrive-transfer/recording_2025-02-07T091146Z/SAFOD-Zumberge-16mGL-500HzFs_2025-03-02T112007Z.h5;/oak/stanford/groups/ettore88/data/SAFOD/SAFODAS1-harddrive-transfer/recording_2025-02-07T091146Z/SAFOD-Zumberge-16mGL-500HzFs_2025-03-02T112107Z.h5,True,False,not_nominated,,EMBARGOED_UNTIL_NETWORK_MODEL_FROZEN
75141556,2025-03-02T11:20:59.610Z,36.10633,-120.59717,7.78,0.8,9749.806851499998,-1760.9427069123724,9589.463719339494,2.949,2025-03-02T11:20:49.610Z,2025-03-02T11:21:29.610Z,True,113,2,/oak/stanford/groups/ettore88/data/SAFOD/SAFODAS1-harddrive-transfer/recording_2025-02-07T091146Z/SAFOD-Zumberge-16mGL-500HzFs_2025-03-02T112007Z.h5;/oak/stanford/groups/ettore88/data/SAFOD/SAFODAS1-harddrive-transfer/recording_2025-02-07T091146Z/SAFOD-Zumberge-16mGL-500HzFs_2025-03-02T112107Z.h5,True,False,not_nominated,,EMBARGOED_UNTIL_NETWORK_MODEL_FROZEN
75141576,2025-03-02T11:32:11.930Z,36.1225,-120.6065,8.37,0.9,11680.544227933742,-2600.0435984074315,11387.488166715993,3.538999999999999,2025-03-02T11:32:01.930Z,2025-03-02T11:32:41.930Z,True,113,2,/oak/stanford/groups/ettore88/data/SAFOD/SAFODAS1-harddrive-transfer/recording_2025-02-07T091146Z/SAFOD-Zumberge-16mGL-500HzFs_2025-03-02T113107Z.h5;/oak/stanford/groups/ettore88/data/SAFOD/SAFODAS1-harddrive-transfer/recording_2025-02-07T091146Z/SAFOD-Zumberge-16mGL-500HzFs_2025-03-02T113207Z.h5,True,False,not_nominated,,EMBARGOED_UNTIL_NETWORK_MODEL_FROZEN
75141581,2025-03-02T11:38:33.080Z,36.10333,-120.6095,7.3,1.0,9690.579494452406,-2869.850959017034,9255.878478638882,2.4689999999999994,2025-03-02T11:38:23.080Z,2025-03-02T11:39:03.080Z,True,113,1,/oak/stanford/groups/ettore88/data/SAFOD/SAFODAS1-harddrive-transfer/recording_2025-02-07T091146Z/SAFOD-Zumberge-16mGL-500HzFs_2025-03-02T113807Z.h5,True,False,not_nominated,,EMBARGOED_UNTIL_NETWORK_MODEL_FROZEN
75141616,2025-03-02T12:50:49.940Z,36.11983,-120.6035,7.43,1.0,11332.755598264459,-2330.2362377978284,11090.597302492244,2.5989999999999993,2025-03-02T12:50:39.940Z,2025-03-02T12:51:19.940Z,True,113,2,/oak/stanford/groups/ettore88/data/SAFOD/SAFODAS1-harddrive-transfer/recording_2025-02-07T091146Z/SAFOD-Zumberge-16mGL-500HzFs_2025-03-02T125007Z.h5;/oak/stanford/groups/ettore88/data/SAFOD/SAFODAS1-harddrive-transfer/recording_2025-02-07T091146Z/SAFOD-Zumberge-16mGL-500HzFs_2025-03-02T125107Z.h5,True,False,not_nominated,,EMBARGOED_UNTIL_NETWORK_MODEL_FROZEN
75141626,2025-03-02T13:22:54.270Z,36.08817,-120.617,7.95,1.6,8358.821249020977,-3544.369360541679,7570.1610622983435,3.1189999999999998,2025-03-02T13:22:44.270Z,2025-03-02T13:23:24.270Z,True,113,2,/oak/stanford/groups/ettore88/data/SAFOD/SAFODAS1-harddrive-transfer/recording_2025-02-07T091146Z/SAFOD-Zumberge-16mGL-500HzFs_2025-03-02T132207Z.h5;/oak/stanford/groups/ettore88/data/SAFOD/SAFODAS1-harddrive-transfer/recording_2025-02-07T091146Z/SAFOD-Zumberge-16mGL-500HzFs_2025-03-02T132307Z.h5,True,False,not_nominated,,EMBARGOED_UNTIL_NETWORK_MODEL_FROZEN
75141641,2025-03-02T13:56:41.780Z,36.10883,-120.59717,8.83,0.7,10023.348579270789,-1760.9427069123724,9867.451419923073,3.9989999999999997,2025-03-02T13:56:31.780Z,2025-03-02T13:57:11.780Z,True,113,2,/oak/stanford/groups/ettore88/data/SAFOD/SAFODAS1-harddrive-transfer/recording_2025-02-07T091146Z/SAFOD-Zumberge-16mGL-500HzFs_2025-03-02T135607Z.h5;/oak/stanford/groups/ettore88/data/SAFOD/SAFODAS1-harddrive-transfer/recording_2025-02-07T091146Z/SAFOD-Zumberge-16mGL-500HzFs_2025-03-02T135707Z.h5,True,False,not_nominated,,EMBARGOED_UNTIL_NETWORK_MODEL_FROZEN
75141766,2025-03-02T18:58:01.050Z,36.067,-120.627,8.75,0.4,6852.375463717915,-4443.727229239502,5216.161213754684,3.9189999999999996,2025-03-02T18:57:51.050Z,2025-03-02T18:58:31.050Z,True,113,2,/oak/stanford/groups/ettore88/data/SAFOD/SAFODAS1-harddrive-transfer/recording_2025-02-07T091146Z/SAFOD-Zumberge-16mGL-500HzFs_2025-03-02T185707Z.h5;/oak/stanford/groups/ettore88/data/SAFOD/SAFODAS1-harddrive-transfer/recording_2025-02-07T091146Z/SAFOD-Zumberge-16mGL-500HzFs_2025-03-02T185807Z.h5,True,False,not_nominated,,EMBARGOED_UNTIL_NETWORK_MODEL_FROZEN
75141781,2025-03-02T19:10:05.320Z,36.128,-120.60867,9.01,0.5,12320.334179956788,-2795.204255915636,11999.061108000185,4.178999999999999,2025-03-02T19:09:55.320Z,2025-03-02T19:10:35.320Z,True,113,2,/oak/stanford/groups/ettore88/data/SAFOD/SAFODAS1-harddrive-transfer/recording_2025-02-07T091146Z/SAFOD-Zumberge-16mGL-500HzFs_2025-03-02T190907Z.h5;/oak/stanford/groups/ettore88/data/SAFOD/SAFODAS1-harddrive-transfer/recording_2025-02-07T091146Z/SAFOD-Zumberge-16mGL-500HzFs_2025-03-02T191007Z.h5,True,False,not_nominated,,EMBARGOED_UNTIL_NETWORK_MODEL_FROZEN
75141791,2025-03-02T19:24:54.710Z,36.13033,-120.61234,8.4,0.7,12650.274243494156,-3125.2685937280025,12258.145644944385,3.569,2025-03-02T19:24:44.710Z,2025-03-02T19:25:24.710Z,True,113,2,/oak/stanford/groups/ettore88/data/SAFOD/SAFODAS1-harddrive-transfer/recording_2025-02-07T091146Z/SAFOD-Zumberge-16mGL-500HzFs_2025-03-02T192407Z.h5;/oak/stanford/groups/ettore88/data/SAFOD/SAFODAS1-harddrive-transfer/recording_2025-02-07T091146Z/SAFOD-Zumberge-16mGL-500HzFs_2025-03-02T192507Z.h5,True,False,not_nominated,,EMBARGOED_UNTIL_NETWORK_MODEL_FROZEN
75141921,2025-03-03T03:39:05.740Z,36.09133,-120.61266,7.13,0.4,8526.357703515256,-3154.048045526548,7921.537515836436,2.2989999999999995,2025-03-03T03:38:55.740Z,2025-03-03T03:39:35.740Z,True,113,2,/oak/stanford/groups/ettore88/data/SAFOD/SAFODAS1-harddrive-transfer/recording_2025-02-07T091146Z/SAFOD-Zumberge-16mGL-500HzFs_2025-03-03T033807Z.h5;/oak/stanford/groups/ettore88/data/SAFOD/SAFODAS1-harddrive-transfer/recording_2025-02-07T091146Z/SAFOD-Zumberge-16mGL-500HzFs_2025-03-03T033907Z.h5,True,False,not_nominated,,EMBARGOED_UNTIL_NETWORK_MODEL_FROZEN
75142136,2025-03-03T15:15:17.900Z,36.11533,-120.59834,8.11,1.2,10753.38687323101,-1866.1675775490053,10590.219441441328,3.278999999999999,2025-03-03T15:15:07.900Z,2025-03-03T15:15:47.900Z,True,113,2,/oak/stanford/groups/ettore88/data/SAFOD/SAFODAS1-harddrive-transfer/recording_2025-02-07T091146Z/SAFOD-Zumberge-16mGL-500HzFs_2025-03-03T151407Z.h5;/oak/stanford/groups/ettore88/data/SAFOD/SAFODAS1-harddrive-transfer/recording_2025-02-07T091146Z/SAFOD-Zumberge-16mGL-500HzFs_2025-03-03T151507Z.h5,True,False,not_nominated,,EMBARGOED_UNTIL_NETWORK_MODEL_FROZEN
75142141,2025-03-03T15:37:08.260Z,36.11,-120.59566,7.54,0.7,10128.774764155016,-1625.139668737948,9997.549663796515,2.7089999999999996,2025-03-03T15:36:58.260Z,2025-03-03T15:37:38.260Z,True,113,2,/oak/stanford/groups/ettore88/data/SAFOD/SAFODAS1-harddrive-transfer/recording_2025-02-07T091146Z/SAFOD-Zumberge-16mGL-500HzFs_2025-03-03T153607Z.h5;/oak/stanford/groups/ettore88/data/SAFOD/SAFODAS1-harddrive-transfer/recording_2025-02-07T091146Z/SAFOD-Zumberge-16mGL-500HzFs_2025-03-03T153707Z.h5,True,False,not_nominated,,EMBARGOED_UNTIL_NETWORK_MODEL_FROZEN
75142161,2025-03-03T16:20:25.570Z,36.12033,-120.61183,8.58,0.5,11563.752509334137,-3079.4013424238715,11146.194842609277,3.7489999999999997,2025-03-03T16:20:15.570Z,2025-03-03T16:20:55.570Z,True,113,1,/oak/stanford/groups/ettore88/data/SAFOD/SAFODAS1-harddrive-transfer/recording_2025-02-07T091146Z/SAFOD-Zumberge-16mGL-500HzFs_2025-03-03T162007Z.h5,True,False,not_nominated,,EMBARGOED_UNTIL_NETWORK_MODEL_FROZEN
75142196,2025-03-03T17:00:08.030Z,36.10534,-120.597,8.52,0.9,9638.773933458588,-1745.6536231434766,9479.380589908118,3.688999999999999,2025-03-03T16:59:58.030Z,2025-03-03T17:00:38.030Z,True,113,2,/oak/stanford/groups/ettore88/data/SAFOD/SAFODAS1-harddrive-transfer/recording_2025-02-07T091146Z/SAFOD-Zumberge-16mGL-500HzFs_2025-03-03T165907Z.h5;/oak/stanford/groups/ettore88/data/SAFOD/SAFODAS1-harddrive-transfer/recording_2025-02-07T091146Z/SAFOD-Zumberge-16mGL-500HzFs_2025-03-03T170007Z.h5,True,False,not_nominated,,EMBARGOED_UNTIL_NETWORK_MODEL_FROZEN
75142211,2025-03-03T17:32:27.340Z,36.08717,-120.61667,6.15,0.7,8245.557785256737,-3514.69055087415,7458.96598206507,1.319,2025-03-03T17:32:17.340Z,2025-03-03T17:32:57.340Z,True,113,1,/oak/stanford/groups/ettore88/data/SAFOD/SAFODAS1-harddrive-transfer/recording_2025-02-07T091146Z/SAFOD-Zumberge-16mGL-500HzFs_2025-03-03T173207Z.h5,True,False,not_nominated,,EMBARGOED_UNTIL_NETWORK_MODEL_FROZEN
75142271,2025-03-03T18:30:37.960Z,35.99166,-120.55367,11.51,0.1,3823.8205591683936,2151.2640219275036,-3161.2761310393603,6.678999999999999,2025-03-03T18:30:27.960Z,2025-03-03T18:31:07.960Z,True,113,1,/oak/stanford/groups/ettore88/data/SAFOD/SAFODAS1-harddrive-transfer/recording_2025-02-07T091146Z/SAFOD-Zumberge-16mGL-500HzFs_2025-03-03T183007Z.h5,True,False,not_nominated,,EMBARGOED_UNTIL_NETWORK_MODEL_FROZEN
75142281,2025-03-03T19:26:40.570Z,36.082,-120.6145,5.91,0.9,7642.639483935177,-3319.529893367223,6884.0874172577405,1.0789999999999997,2025-03-03T19:26:30.570Z,2025-03-03T19:27:10.570Z,True,113,2,/oak/stanford/groups/ettore88/data/SAFOD/SAFODAS1-harddrive-transfer/recording_2025-02-07T091146Z/SAFOD-Zumberge-16mGL-500HzFs_2025-03-03T192607Z.h5;/oak/stanford/groups/ettore88/data/SAFOD/SAFODAS1-harddrive-transfer/recording_2025-02-07T091146Z/SAFOD-Zumberge-16mGL-500HzFs_2025-03-03T192707Z.h5,True,False,not_nominated,,EMBARGOED_UNTIL_NETWORK_MODEL_FROZEN
75142371,2025-03-03T23:42:02.810Z,36.10433,-120.59933,8.22,1.1,9568.954476041376,-1955.2040065503147,9367.073558872156,3.3890000000000002,2025-03-03T23:41:52.810Z,2025-03-03T23:42:32.810Z,True,113,2,/oak/stanford/groups/ettore88/data/SAFOD/SAFODAS1-harddrive-transfer/recording_2025-02-07T091146Z/SAFOD-Zumberge-16mGL-500HzFs_2025-03-03T234107Z.h5;/oak/stanford/groups/ettore88/data/SAFOD/SAFODAS1-harddrive-transfer/recording_2025-02-07T091146Z/SAFOD-Zumberge-16mGL-500HzFs_2025-03-03T234207Z.h5,True,False,not_nominated,,EMBARGOED_UNTIL_NETWORK_MODEL_FROZEN
75142376,2025-03-03T23:59:40.900Z,36.0955,-120.6035,6.69,0.4,8702.984094531676,-2330.2362377978284,8385.221000410493,1.859,2025-03-03T23:59:30.900Z,2025-03-04T00:00:10.900Z,True,113,2,/oak/stanford/groups/ettore88/data/SAFOD/SAFODAS1-harddrive-transfer/recording_2025-02-07T091146Z/SAFOD-Zumberge-16mGL-500HzFs_2025-03-03T235907Z.h5;/oak/stanford/groups/ettore88/data/SAFOD/SAFODAS1-harddrive-transfer/recording_2025-02-07T091146Z/SAFOD-Zumberge-16mGL-500HzFs_2025-03-04T000007Z.h5,True,False,not_nominated,,EMBARGOED_UNTIL_NETWORK_MODEL_FROZEN
75142381,2025-03-04T00:02:56.360Z,36.11817,-120.59967,8.02,1.1,11085.326365767101,-1985.782174086828,10906.013469304458,3.188999999999999,2025-03-04T00:02:46.360Z,2025-03-04T00:03:26.360Z,True,113,2,/oak/stanford/groups/ettore88/data/SAFOD/SAFODAS1-harddrive-transfer/recording_2025-02-07T091146Z/SAFOD-Zumberge-16mGL-500HzFs_2025-03-04T000207Z.h5;/oak/stanford/groups/ettore88/data/SAFOD/SAFODAS1-harddrive-transfer/recording_2025-02-07T091146Z/SAFOD-Zumberge-16mGL-500HzFs_2025-03-04T000307Z.h5,True,False,not_nominated,,EMBARGOED_UNTIL_NETWORK_MODEL_FROZEN
75142386,2025-03-04T00:08:58.610Z,36.07617,-120.65916,3.18,0.8,9628.253214445875,-7336.062134974749,6235.820099495899,-1.6510000000000002,2025-03-04T00:08:48.610Z,2025-03-04T00:09:28.610Z,True,113,2,/oak/stanford/groups/ettore88/data/SAFOD/SAFODAS1-harddrive-transfer/recording_2025-02-07T091146Z/SAFOD-Zumberge-16mGL-500HzFs_2025-03-04T000807Z.h5;/oak/stanford/groups/ettore88/data/SAFOD/SAFODAS1-harddrive-transfer/recording_2025-02-07T091146Z/SAFOD-Zumberge-16mGL-500HzFs_2025-03-04T000907Z.h5,True,False,not_nominated,,EMBARGOED_UNTIL_NETWORK_MODEL_FROZEN
75142396,2025-03-04T00:32:10.230Z,36.06833,-120.628,2.33,0.3,7023.328266496186,-4533.6630161097955,5364.05067046561,-2.5010000000000003,2025-03-04T00:32:00.230Z,2025-03-04T00:32:40.230Z,True,113,2,/oak/stanford/groups/ettore88/data/SAFOD/SAFODAS1-harddrive-transfer/recording_2025-02-07T091146Z/SAFOD-Zumberge-16mGL-500HzFs_2025-03-04T003107Z.h5;/oak/stanford/groups/ettore88/data/SAFOD/SAFODAS1-harddrive-transfer/recording_2025-02-07T091146Z/SAFOD-Zumberge-16mGL-500HzFs_2025-03-04T003207Z.h5,True,False,not_nominated,,EMBARGOED_UNTIL_NETWORK_MODEL_FROZEN
75142416,2025-03-04T01:13:23.400Z,36.10417,-120.596,8.44,0.8,9494.7607626126,-1655.7178362744612,9349.282346035465,3.608999999999999,2025-03-04T01:13:13.400Z,2025-03-04T01:13:53.400Z,True,113,1,/oak/stanford/groups/ettore88/data/SAFOD/SAFODAS1-harddrive-transfer/recording_2025-02-07T091146Z/SAFOD-Zumberge-16mGL-500HzFs_2025-03-04T011307Z.h5,True,False,not_nominated,,EMBARGOED_UNTIL_NETWORK_MODEL_FROZEN
75142451,2025-03-04T02:52:05.470Z,36.089,-120.61483,7.76,1.7,8362.438913989727,-3349.208703033474,7662.452978892236,2.9289999999999994,2025-03-04T02:51:55.470Z,2025-03-04T02:52:35.470Z,True,113,2,/oak/stanford/groups/ettore88/data/SAFOD/SAFODAS1-harddrive-transfer/recording_2025-02-07T091146Z/SAFOD-Zumberge-16mGL-500HzFs_2025-03-04T025107Z.h5;/oak/stanford/groups/ettore88/data/SAFOD/SAFODAS1-harddrive-transfer/recording_2025-02-07T091146Z/SAFOD-Zumberge-16mGL-500HzFs_2025-03-04T025207Z.h5,True,False,not_nominated,,EMBARGOED_UNTIL_NETWORK_MODEL_FROZEN
75142551,2025-03-04T07:59:04.560Z,36.10633,-120.6025,8.11,1.0,9847.677926037199,-2240.300450928813,9589.463719339494,3.278999999999999,2025-03-04T07:58:54.560Z,2025-03-04T07:59:34.560Z,True,113,2,/oak/stanford/groups/ettore88/data/SAFOD/SAFODAS1-harddrive-transfer/recording_2025-02-07T091146Z/SAFOD-Zumberge-16mGL-500HzFs_2025-03-04T075807Z.h5;/oak/stanford/groups/ettore88/data/SAFOD/SAFODAS1-harddrive-transfer/recording_2025-02-07T091146Z/SAFOD-Zumberge-16mGL-500HzFs_2025-03-04T075907Z.h5,True,False,not_nominated,,EMBARGOED_UNTIL_NETWORK_MODEL_FROZEN
75142571,2025-03-04T08:30:27.320Z,36.08867,-120.61,6.55,0.6,8163.844878788594,-2914.8188524521806,7625.758602415375,1.7189999999999994,2025-03-04T08:30:17.320Z,2025-03-04T08:30:57.320Z,True,113,1,/oak/stanford/groups/ettore88/data/SAFOD/SAFODAS1-harddrive-transfer/recording_2025-02-07T091146Z/SAFOD-Zumberge-16mGL-500HzFs_2025-03-04T083007Z.h5,True,False,not_nominated,,EMBARGOED_UNTIL_NETWORK_MODEL_FROZEN
75142576,2025-03-04T08:51:01.170Z,36.0845,-120.622,6.18,0.5,8200.472045895905,-3994.0482948905906,7162.07511784132,1.3489999999999993,2025-03-04T08:50:51.170Z,2025-03-04T08:51:31.170Z,True,113,2,/oak/stanford/groups/ettore88/data/SAFOD/SAFODAS1-harddrive-transfer/recording_2025-02-07T091146Z/SAFOD-Zumberge-16mGL-500HzFs_2025-03-04T085007Z.h5;/oak/stanford/groups/ettore88/data/SAFOD/SAFODAS1-harddrive-transfer/recording_2025-02-07T091146Z/SAFOD-Zumberge-16mGL-500HzFs_2025-03-04T085107Z.h5,True,False,not_nominated,,EMBARGOED_UNTIL_NETWORK_MODEL_FROZEN
75142626,2025-03-04T11:25:38.630Z,36.085,-120.61983,5.85,1.1,8156.368424666478,-3798.8876373823855,7217.672657958353,1.0189999999999992,2025-03-04T11:25:28.630Z,2025-03-04T11:26:08.630Z,True,113,2,/oak/stanford/groups/ettore88/data/SAFOD/SAFODAS1-harddrive-transfer/recording_2025-02-07T091146Z/SAFOD-Zumberge-16mGL-500HzFs_2025-03-04T112507Z.h5;/oak/stanford/groups/ettore88/data/SAFOD/SAFODAS1-harddrive-transfer/recording_2025-02-07T091146Z/SAFOD-Zumberge-16mGL-500HzFs_2025-03-04T112607Z.h5,True,False,not_nominated,,EMBARGOED_UNTIL_NETWORK_MODEL_FROZEN
75142691,2025-03-04T13:39:12.180Z,36.05633,-120.62833,0.75,0.6,6087.910063964765,-4563.341825777325,4029.709707663164,-4.081,2025-03-04T13:39:02.180Z,2025-03-04T13:39:42.180Z,True,113,2,/oak/stanford/groups/ettore88/data/SAFOD/SAFODAS1-harddrive-transfer/recording_2025-02-07T091146Z/SAFOD-Zumberge-16mGL-500HzFs_2025-03-04T133807Z.h5;/oak/stanford/groups/ettore88/data/SAFOD/SAFODAS1-harddrive-transfer/recording_2025-02-07T091146Z/SAFOD-Zumberge-16mGL-500HzFs_2025-03-04T133907Z.h5,True,False,not_nominated,,EMBARGOED_UNTIL_NETWORK_MODEL_FROZEN
75142726,2025-03-04T15:29:33.250Z,36.104,-120.60067,8.03,1.0,9558.482135815819,-2075.7179609558434,9330.379182395294,3.198999999999999,2025-03-04T15:29:23.250Z,2025-03-04T15:30:03.250Z,True,113,1,/oak/stanford/groups/ettore88/data/SAFOD/SAFODAS1-harddrive-transfer/recording_2025-02-07T091146Z/SAFOD-Zumberge-16mGL-500HzFs_2025-03-04T152907Z.h5,True,False,not_nominated,,EMBARGOED_UNTIL_NETWORK_MODEL_FROZEN
75142781,2025-03-04T16:44:52.320Z,36.11717,-120.60033,8.49,2.5,10986.842168141939,-2045.1397934206084,10794.818389071184,3.659,2025-03-04T16:44:42.320Z,2025-03-04T16:45:22.320Z,True,113,2,/oak/stanford/groups/ettore88/data/SAFOD/SAFODAS1-harddrive-transfer/recording_2025-02-07T091146Z/SAFOD-Zumberge-16mGL-500HzFs_2025-03-04T164407Z.h5;/oak/stanford/groups/ettore88/data/SAFOD/SAFODAS1-harddrive-transfer/recording_2025-02-07T091146Z/SAFOD-Zumberge-16mGL-500HzFs_2025-03-04T164507Z.h5,True,False,not_nominated,,EMBARGOED_UNTIL_NETWORK_MODEL_FROZEN
75142881,2025-03-04T20:10:47.500Z,36.09533,-120.61083,7.32,1.2,8884.37833805552,-2989.4655555548566,8366.317836770322,2.489,2025-03-04T20:10:37.500Z,2025-03-04T20:11:17.500Z,True,113,2,/oak/stanford/groups/ettore88/data/SAFOD/SAFODAS1-harddrive-transfer/recording_2025-02-07T091146Z/SAFOD-Zumberge-16mGL-500HzFs_2025-03-04T201007Z.h5;/oak/stanford/groups/ettore88/data/SAFOD/SAFODAS1-harddrive-transfer/recording_2025-02-07T091146Z/SAFOD-Zumberge-16mGL-500HzFs_2025-03-04T201107Z.h5,True,False,not_nominated,,EMBARGOED_UNTIL_NETWORK_MODEL_FROZEN
75142901,2025-03-04T20:53:07.820Z,36.111,-120.60233,9.21,0.5,10350.71958290537,-2225.0113671599174,10108.744744029791,4.3790000000000004,2025-03-04T20:52:57.820Z,2025-03-04T20:53:37.820Z,True,113,2,/oak/stanford/groups/ettore88/data/SAFOD/SAFODAS1-harddrive-transfer/recording_2025-02-07T091146Z/SAFOD-Zumberge-16mGL-500HzFs_2025-03-04T205207Z.h5;/oak/stanford/groups/ettore88/data/SAFOD/SAFODAS1-harddrive-transfer/recording_2025-02-07T091146Z/SAFOD-Zumberge-16mGL-500HzFs_2025-03-04T205307Z.h5,True,False,not_nominated,,EMBARGOED_UNTIL_NETWORK_MODEL_FROZEN
75142911,2025-03-04T21:02:38.050Z,36.1145,-120.59717,8.49,1.2,10644.594944570565,-1760.9427069123724,10497.927524847433,3.659,2025-03-04T21:02:28.050Z,2025-03-04T21:03:08.050Z,True,113,2,/oak/stanford/groups/ettore88/data/SAFOD/SAFODAS1-harddrive-transfer/recording_2025-02-07T091146Z/SAFOD-Zumberge-16mGL-500HzFs_2025-03-04T210207Z.h5;/oak/stanford/groups/ettore88/data/SAFOD/SAFODAS1-harddrive-transfer/recording_2025-02-07T091146Z/SAFOD-Zumberge-16mGL-500HzFs_2025-03-04T210307Z.h5,True,False,not_nominated,,EMBARGOED_UNTIL_NETWORK_MODEL_FROZEN
75142961,2025-03-04T23:38:23.180Z,36.10733,-120.6025,8.45,0.5,9955.989516675898,-2240.300450928813,9700.658799572766,3.618999999999999,2025-03-04T23:38:13.180Z,2025-03-04T23:38:53.180Z,True,113,1,/oak/stanford/groups/ettore88/data/SAFOD/SAFODAS1-harddrive-transfer/recording_2025-02-07T091146Z/SAFOD-Zumberge-16mGL-500HzFs_2025-03-04T233807Z.h5,True,False,not_nominated,,EMBARGOED_UNTIL_NETWORK_MODEL_FROZEN
75143051,2025-03-05T04:38:22.800Z,36.1175,-120.60567,8.21,1.0,11122.01862384035,-2525.396895306033,10831.512765548045,3.3790000000000004,2025-03-05T04:38:12.800Z,2025-03-05T04:38:52.800Z,True,113,1,/oak/stanford/groups/ettore88/data/SAFOD/SAFODAS1-harddrive-transfer/recording_2025-02-07T091146Z/SAFOD-Zumberge-16mGL-500HzFs_2025-03-05T043807Z.h5,True,False,not_nominated,,EMBARGOED_UNTIL_NETWORK_MODEL_FROZEN
75143341,2025-03-05T16:25:43.760Z,36.1075,-120.59834,9.01,0.7,9897.093825170641,-1866.1675775490053,9719.561963212936,4.178999999999999,2025-03-05T16:25:33.760Z,2025-03-05T16:26:13.760Z,True,113,2,/oak/stanford/groups/ettore88/data/SAFOD/SAFODAS1-harddrive-transfer/recording_2025-02-07T091146Z/SAFOD-Zumberge-16mGL-500HzFs_2025-03-05T162507Z.h5;/oak/stanford/groups/ettore88/data/SAFOD/SAFODAS1-harddrive-transfer/recording_2025-02-07T091146Z/SAFOD-Zumberge-16mGL-500HzFs_2025-03-05T162607Z.h5,True,False,not_nominated,,EMBARGOED_UNTIL_NETWORK_MODEL_FROZEN
75143781,2025-03-06T10:11:26.070Z,36.01417,-120.58234,3.86,0.4,784.7428677545324,-427.1949876319772,-658.2748749828769,-0.9710000000000005,2025-03-06T10:11:16.070Z,2025-03-06T10:11:56.070Z,True,113,1,/oak/stanford/groups/ettore88/data/SAFOD/SAFODAS1-harddrive-transfer/recording_2025-02-07T091146Z/SAFOD-Zumberge-16mGL-500HzFs_2025-03-06T101107Z.h5,True,False,not_nominated,,EMBARGOED_UNTIL_NETWORK_MODEL_FROZEN
75143811,2025-03-06T12:38:32.100Z,36.04133,-120.615,4.92,0.3,4110.70148246163,-3364.497786801092,2361.783504160107,0.08899999999999952,2025-03-06T12:38:22.100Z,2025-03-06T12:39:02.100Z,True,113,1,/oak/stanford/groups/ettore88/data/SAFOD/SAFODAS1-harddrive-transfer/recording_2025-02-07T091146Z/SAFOD-Zumberge-16mGL-500HzFs_2025-03-06T123807Z.h5,True,False,not_nominated,,EMBARGOED_UNTIL_NETWORK_MODEL_FROZEN
75002733,2025-03-06T16:35:16.960Z,36.041,-120.61183,5.02,0.6,3858.5945730782737,-3079.4013424238715,2325.0891276824555,0.18899999999999917,2025-03-06T16:35:06.960Z,2025-03-06T16:35:46.960Z,True,113,2,/oak/stanford/groups/ettore88/data/SAFOD/SAFODAS1-harddrive-transfer/recording_2025-02-07T091146Z/SAFOD-Zumberge-16mGL-500HzFs_2025-03-06T163407Z.h5;/oak/stanford/groups/ettore88/data/SAFOD/SAFODAS1-harddrive-transfer/recording_2025-02-07T091146Z/SAFOD-Zumberge-16mGL-500HzFs_2025-03-06T163507Z.h5,True,False,not_nominated,,EMBARGOED_UNTIL_NETWORK_MODEL_FROZEN
75144011,2025-03-06T21:33:32.160Z,36.04016,-120.6165,3.85,0.1,4150.449340609773,-3499.401467106532,2231.6852602866634,-0.9810000000000003,2025-03-06T21:33:22.160Z,2025-03-06T21:34:02.160Z,True,113,1,/oak/stanford/groups/ettore88/data/SAFOD/SAFODAS1-harddrive-transfer/recording_2025-02-07T091146Z/SAFOD-Zumberge-16mGL-500HzFs_2025-03-06T213307Z.h5,True,False,not_nominated,,EMBARGOED_UNTIL_NETWORK_MODEL_FROZEN
75144146,2025-03-07T02:15:48.950Z,35.98067,-120.53717,3.7,0.4,5694.569246387355,3635.204505279679,-4383.310062805844,-1.1310000000000002,2025-03-07T02:15:38.950Z,2025-03-07T02:16:18.950Z,True,113,2,/oak/stanford/groups/ettore88/data/SAFOD/SAFODAS1-harddrive-transfer/recording_2025-02-07T091146Z/SAFOD-Zumberge-16mGL-500HzFs_2025-03-07T021507Z.h5;/oak/stanford/groups/ettore88/data/SAFOD/SAFODAS1-harddrive-transfer/recording_2025-02-07T091146Z/SAFOD-Zumberge-16mGL-500HzFs_2025-03-07T021607Z.h5,True,False,not_nominated,,EMBARGOED_UNTIL_NETWORK_MODEL_FROZEN
75144251,2025-03-07T06:10:15.790Z,36.04433,-120.61017,5.29,1.0,3981.2743171841717,-2930.107936219798,2695.368744860719,0.45899999999999963,2025-03-07T06:10:05.790Z,2025-03-07T06:10:45.790Z,True,113,2,/oak/stanford/groups/ettore88/data/SAFOD/SAFODAS1-harddrive-transfer/recording_2025-02-07T091146Z/SAFOD-Zumberge-16mGL-500HzFs_2025-03-07T060907Z.h5;/oak/stanford/groups/ettore88/data/SAFOD/SAFODAS1-harddrive-transfer/recording_2025-02-07T091146Z/SAFOD-Zumberge-16mGL-500HzFs_2025-03-07T061007Z.h5,True,False,not_nominated,,EMBARGOED_UNTIL_NETWORK_MODEL_FROZEN
75144661,2025-03-07T20:10:34.950Z,35.9655,-120.51334,1.97,0.1,8380.704166342923,5778.374306388881,-6070.13942994907,-2.8610000000000007,2025-03-07T20:10:24.950Z,2025-03-07T20:11:04.950Z,True,113,1,/oak/stanford/groups/ettore88/data/SAFOD/SAFODAS1-harddrive-transfer/recording_2025-02-07T091146Z/SAFOD-Zumberge-16mGL-500HzFs_2025-03-07T201007Z.h5,True,False,not_nominated,,EMBARGOED_UNTIL_NETWORK_MODEL_FROZEN
75144871,2025-03-08T07:19:35.070Z,36.11317,-120.60667,7.44,0.6,10675.357279750771,-2615.332682175049,10350.038068136508,2.609,2025-03-08T07:19:25.070Z,2025-03-08T07:20:05.070Z,True,113,1,/oak/stanford/groups/ettore88/data/SAFOD/SAFODAS1-harddrive-transfer/recording_2025-02-07T091146Z/SAFOD-Zumberge-16mGL-500HzFs_2025-03-08T071907Z.h5,True,False,not_nominated,,EMBARGOED_UNTIL_NETWORK_MODEL_FROZEN
75145771,2025-03-09T21:03:44.490Z,36.10017,-120.60966,7.3,0.7,9359.967983041086,-2884.240684916945,8904.502025100788,2.4689999999999994,2025-03-09T21:03:34.490Z,2025-03-09T21:04:14.490Z,True,113,2,/oak/stanford/groups/ettore88/data/SAFOD/SAFODAS1-harddrive-transfer/recording_2025-02-07T091146Z/SAFOD-Zumberge-16mGL-500HzFs_2025-03-09T210307Z.h5;/oak/stanford/groups/ettore88/data/SAFOD/SAFODAS1-harddrive-transfer/recording_2025-02-07T091146Z/SAFOD-Zumberge-16mGL-500HzFs_2025-03-09T210407Z.h5,True,False,not_nominated,,EMBARGOED_UNTIL_NETWORK_MODEL_FROZEN
75147866,2025-03-13T00:51:40.840Z,36.01233,-120.56783,2.83,0.6,1230.8684594905797,877.7732798498729,-862.8738226127326,-2.0010000000000003,2025-03-13T00:51:30.840Z,2025-03-13T00:52:10.840Z,True,113,2,/oak/stanford/groups/ettore88/data/SAFOD/SAFODAS1-harddrive-transfer/recording_2025-02-07T091146Z/SAFOD-Zumberge-16mGL-500HzFs_2025-03-13T005107Z.h5;/oak/stanford/groups/ettore88/data/SAFOD/SAFODAS1-harddrive-transfer/recording_2025-02-07T091146Z/SAFOD-Zumberge-16mGL-500HzFs_2025-03-13T005207Z.h5,True,False,not_nominated,,EMBARGOED_UNTIL_NETWORK_MODEL_FROZEN
75148061,2025-03-13T11:01:00.360Z,35.795,-120.50883,9.76,0.8,25781.534720946045,6183.984705171631,-25028.9006097661,4.928999999999999,2025-03-13T11:00:50.360Z,2025-03-13T11:01:30.360Z,True,113,2,/oak/stanford/groups/ettore88/data/SAFOD/SAFODAS1-harddrive-transfer/recording_2025-02-07T091146Z/SAFOD-Zumberge-16mGL-500HzFs_2025-03-13T110007Z.h5;/oak/stanford/groups/ettore88/data/SAFOD/SAFODAS1-harddrive-transfer/recording_2025-02-07T091146Z/SAFOD-Zumberge-16mGL-500HzFs_2025-03-13T110107Z.h5,True,False,not_nominated,,EMBARGOED_UNTIL_NETWORK_MODEL_FROZEN
75148321,2025-03-14T01:10:52.550Z,36.00383,-120.5695,3.06,1.0,1948.936411632518,727.5805157768149,-1808.0320045975348,-1.7710000000000004,2025-03-14T01:10:42.550Z,2025-03-14T01:11:22.550Z,True,113,2,/oak/stanford/groups/ettore88/data/SAFOD/SAFODAS1-harddrive-transfer/recording_2025-02-07T091146Z/SAFOD-Zumberge-16mGL-500HzFs_2025-03-14T011007Z.h5;/oak/stanford/groups/ettore88/data/SAFOD/SAFODAS1-harddrive-transfer/recording_2025-02-07T091146Z/SAFOD-Zumberge-16mGL-500HzFs_2025-03-14T011107Z.h5,True,False,not_nominated,,EMBARGOED_UNTIL_NETWORK_MODEL_FROZEN
75148441,2025-03-14T06:20:33.910Z,36.0815,-120.65517,0.6,0.6,9762.676366708813,-6977.218345363836,6828.489877140709,-4.231000000000001,2025-03-14T06:20:23.910Z,2025-03-14T06:21:03.910Z,True,113,1,/oak/stanford/groups/ettore88/data/SAFOD/SAFODAS1-harddrive-transfer/recording_2025-02-07T091146Z/SAFOD-Zumberge-16mGL-500HzFs_2025-03-14T062007Z.h5,True,False,not_nominated,,EMBARGOED_UNTIL_NETWORK_MODEL_FROZEN
75148851,2025-03-14T20:51:06.070Z,35.90267,-120.43567,10.32,0.3,18258.822036280853,12763.68687257102,-13056.52632102174,5.489,2025-03-14T20:50:56.070Z,2025-03-14T20:51:36.070Z,True,113,2,/oak/stanford/groups/ettore88/data/SAFOD/SAFODAS1-harddrive-transfer/recording_2025-02-07T091146Z/SAFOD-Zumberge-16mGL-500HzFs_2025-03-14T205007Z.h5;/oak/stanford/groups/ettore88/data/SAFOD/SAFODAS1-harddrive-transfer/recording_2025-02-07T091146Z/SAFOD-Zumberge-16mGL-500HzFs_2025-03-14T205107Z.h5,True,False,not_nominated,,EMBARGOED_UNTIL_NETWORK_MODEL_FROZEN
75149191,2025-03-15T17:02:52.630Z,36.063,-120.6425,0.22,0.4,7539.574899221906,-5837.731925722662,4771.380892820799,-4.611000000000001,2025-03-15T17:02:42.630Z,2025-03-15T17:03:22.630Z,True,113,2,/oak/stanford/groups/ettore88/data/SAFOD/SAFODAS1-harddrive-transfer/recording_2025-02-07T091146Z/SAFOD-Zumberge-16mGL-500HzFs_2025-03-15T170207Z.h5;/oak/stanford/groups/ettore88/data/SAFOD/SAFODAS1-harddrive-transfer/recording_2025-02-07T091146Z/SAFOD-Zumberge-16mGL-500HzFs_2025-03-15T170307Z.h5,True,False,not_nominated,,EMBARGOED_UNTIL_NETWORK_MODEL_FROZEN
75149481,2025-03-16T07:22:08.840Z,36.0405,-120.6275,0.07,0.4,5029.808740932103,-4488.695122674649,2269.491587566213,-4.761,2025-03-16T07:21:58.840Z,2025-03-16T07:22:38.840Z,True,113,2,/oak/stanford/groups/ettore88/data/SAFOD/SAFODAS1-harddrive-transfer/recording_2025-02-07T091146Z/SAFOD-Zumberge-16mGL-500HzFs_2025-03-16T072107Z.h5;/oak/stanford/groups/ettore88/data/SAFOD/SAFODAS1-harddrive-transfer/recording_2025-02-07T091146Z/SAFOD-Zumberge-16mGL-500HzFs_2025-03-16T072207Z.h5,True,False,not_nominated,,EMBARGOED_UNTIL_NETWORK_MODEL_FROZEN
75149606,2025-03-16T15:55:22.780Z,35.9445,-120.47417,0.16,0.0,12536.329380732215,9301.159078081331,-8405.23611485335,-4.671,2025-03-16T15:55:12.780Z,2025-03-16T15:55:52.780Z,True,113,1,/oak/stanford/groups/ettore88/data/SAFOD/SAFODAS1-harddrive-transfer/recording_2025-02-07T091146Z/SAFOD-Zumberge-16mGL-500HzFs_2025-03-16T155507Z.h5,True,False,not_nominated,,EMBARGOED_UNTIL_NETWORK_MODEL_FROZEN
75151362,2025-03-19T02:19:16.920Z,35.99117,-120.55283,3.59,0.7,3911.4967195937897,2226.8100828978854,-3215.7617203544937,-1.2410000000000005,2025-03-19T02:19:06.920Z,2025-03-19T02:19:46.920Z,True,113,2,/oak/stanford/groups/ettore88/data/SAFOD/SAFODAS1-harddrive-transfer/recording_2025-02-07T091146Z/SAFOD-Zumberge-16mGL-500HzFs_2025-03-19T021807Z.h5;/oak/stanford/groups/ettore88/data/SAFOD/SAFODAS1-harddrive-transfer/recording_2025-02-07T091146Z/SAFOD-Zumberge-16mGL-500HzFs_2025-03-19T021907Z.h5,True,False,not_nominated,,EMBARGOED_UNTIL_NETWORK_MODEL_FROZEN
75151882,2025-03-20T04:45:51.610Z,35.95833,-120.51667,9.87,0.9,8785.186963204573,5478.88813611175,-6867.408155223737,5.038999999999999,2025-03-20T04:45:41.610Z,2025-03-20T04:46:21.610Z,True,113,2,/oak/stanford/groups/ettore88/data/SAFOD/SAFODAS1-harddrive-transfer/recording_2025-02-07T091146Z/SAFOD-Zumberge-16mGL-500HzFs_2025-03-20T044507Z.h5;/oak/stanford/groups/ettore88/data/SAFOD/SAFODAS1-harddrive-transfer/recording_2025-02-07T091146Z/SAFOD-Zumberge-16mGL-500HzFs_2025-03-20T044607Z.h5,True,False,not_nominated,,EMBARGOED_UNTIL_NETWORK_MODEL_FROZEN
75153017,2025-03-22T01:58:34.520Z,36.02917,-120.59067,4.39,2.2,1550.2318767977463,-1176.3600922580206,1009.65132852018,-0.4410000000000007,2025-03-22T01:58:24.520Z,2025-03-22T01:59:04.520Z,True,113,1,/oak/stanford/groups/ettore88/data/SAFOD/SAFODAS1-harddrive-transfer/recording_2025-02-07T091146Z/SAFOD-Zumberge-16mGL-500HzFs_2025-03-22T015807Z.h5,True,False,not_nominated,,EMBARGOED_UNTIL_NETWORK_MODEL_FROZEN
75153337,2025-03-22T18:46:02.500Z,35.99166,-120.552,3.99,1.5,3910.2902851963995,2301.4567859992835,-3161.2761310393603,-0.8410000000000002,2025-03-22T18:45:52.500Z,2025-03-22T18:46:32.500Z,True,113,2,/oak/stanford/groups/ettore88/data/SAFOD/SAFODAS1-harddrive-transfer/recording_2025-02-07T091146Z/SAFOD-Zumberge-16mGL-500HzFs_2025-03-22T184507Z.h5;/oak/stanford/groups/ettore88/data/SAFOD/SAFODAS1-harddrive-transfer/recording_2025-02-07T091146Z/SAFOD-Zumberge-16mGL-500HzFs_2025-03-22T184607Z.h5,True,False,not_nominated,,EMBARGOED_UNTIL_NETWORK_MODEL_FROZEN
75153522,2025-03-23T00:02:18.260Z,36.0155,-120.57983,3.51,1.1,548.7056229250196,-201.4561625885373,-510.38541827195115,-1.3210000000000006,2025-03-23T00:02:08.260Z,2025-03-23T00:02:48.260Z,True,113,1,/oak/stanford/groups/ettore88/data/SAFOD/SAFODAS1-harddrive-transfer/recording_2025-02-07T091146Z/SAFOD-Zumberge-16mGL-500HzFs_2025-03-23T000207Z.h5,True,True,prospective_candidate_waveform_verification_required,,EMBARGOED_UNTIL_NETWORK_MODEL_FROZEN
75153662,2025-03-23T07:07:56.780Z,35.86317,-120.4045,4.64,1.0,23383.525844768028,15566.985349304956,-17448.731990246717,-0.19100000000000072,2025-03-23T07:07:46.780Z,2025-03-23T07:08:26.780Z,True,113,2,/oak/stanford/groups/ettore88/data/SAFOD/SAFODAS1-harddrive-transfer/recording_2025-02-07T091146Z/SAFOD-Zumberge-16mGL-500HzFs_2025-03-23T070707Z.h5;/oak/stanford/groups/ettore88/data/SAFOD/SAFODAS1-harddrive-transfer/recording_2025-02-07T091146Z/SAFOD-Zumberge-16mGL-500HzFs_2025-03-23T070807Z.h5,True,False,not_nominated,,EMBARGOED_UNTIL_NETWORK_MODEL_FROZEN
75154582,2025-03-24T19:10:29.600Z,35.82433,-120.482,10.39,0.3,23403.716344596884,8596.961866890435,-21767.548906516393,5.559,2025-03-24T19:10:19.600Z,2025-03-24T19:10:59.600Z,True,113,1,/oak/stanford/groups/ettore88/data/SAFOD/SAFODAS1-harddrive-transfer/recording_2025-02-07T091146Z/SAFOD-Zumberge-16mGL-500HzFs_2025-03-24T191007Z.h5,True,False,not_nominated,,EMBARGOED_UNTIL_NETWORK_MODEL_FROZEN
75154827,2025-03-25T05:19:18.190Z,35.79833,-120.50816,9.18,0.8,25436.944459664064,6244.241682374395,-24658.620992588625,4.348999999999999,2025-03-25T05:19:08.190Z,2025-03-25T05:19:48.190Z,True,113,1,/oak/stanford/groups/ettore88/data/SAFOD/SAFODAS1-harddrive-transfer/recording_2025-02-07T091146Z/SAFOD-Zumberge-16mGL-500HzFs_2025-03-25T051907Z.h5,True,False,not_nominated,,EMBARGOED_UNTIL_NETWORK_MODEL_FROZEN
75154907,2025-03-25T09:43:15.820Z,36.06533,-120.62683,4.3,1.4,6701.9882757530395,-4428.438145471884,5030.465429764998,-0.5310000000000006,2025-03-25T09:43:05.820Z,2025-03-25T09:43:45.820Z,True,113,2,/oak/stanford/groups/ettore88/data/SAFOD/SAFODAS1-harddrive-transfer/recording_2025-02-07T091146Z/SAFOD-Zumberge-16mGL-500HzFs_2025-03-25T094207Z.h5;/oak/stanford/groups/ettore88/data/SAFOD/SAFODAS1-harddrive-transfer/recording_2025-02-07T091146Z/SAFOD-Zumberge-16mGL-500HzFs_2025-03-25T094307Z.h5,True,False,not_nominated,,EMBARGOED_UNTIL_NETWORK_MODEL_FROZEN
75154982,2025-03-25T12:05:41.890Z,35.98217,-120.54533,5.83,0.0,5118.273763393857,2901.328484421253,-4216.517442455538,0.9989999999999997,2025-03-25T12:05:31.890Z,2025-03-25T12:06:11.890Z,True,113,2,/oak/stanford/groups/ettore88/data/SAFOD/SAFODAS1-harddrive-transfer/recording_2025-02-07T091146Z/SAFOD-Zumberge-16mGL-500HzFs_2025-03-25T120507Z.h5;/oak/stanford/groups/ettore88/data/SAFOD/SAFODAS1-harddrive-transfer/recording_2025-02-07T091146Z/SAFOD-Zumberge-16mGL-500HzFs_2025-03-25T120607Z.h5,True,False,not_nominated,,EMBARGOED_UNTIL_NETWORK_MODEL_FROZEN
75154987,2025-03-25T12:10:39.970Z,36.05767,-120.6355,2.27,0.8,6677.333319752334,-5208.181417633163,4178.711115175988,-2.5610000000000004,2025-03-25T12:10:29.970Z,2025-03-25T12:11:09.970Z,True,113,2,/oak/stanford/groups/ettore88/data/SAFOD/SAFODAS1-harddrive-transfer/recording_2025-02-07T091146Z/SAFOD-Zumberge-16mGL-500HzFs_2025-03-25T121007Z.h5;/oak/stanford/groups/ettore88/data/SAFOD/SAFODAS1-harddrive-transfer/recording_2025-02-07T091146Z/SAFOD-Zumberge-16mGL-500HzFs_2025-03-25T121107Z.h5,True,False,not_nominated,,EMBARGOED_UNTIL_NETWORK_MODEL_FROZEN
75156012,2025-03-27T05:53:47.440Z,35.988,-120.544,2.11,0.0,4675.308123618883,3020.9430809590754,-3568.2501246944853,-2.7210000000000005,2025-03-27T05:53:37.440Z,2025-03-27T05:54:17.440Z,True,113,2,/oak/stanford/groups/ettore88/data/SAFOD/SAFODAS1-harddrive-transfer/recording_2025-02-07T091146Z/SAFOD-Zumberge-16mGL-500HzFs_2025-03-27T055307Z.h5;/oak/stanford/groups/ettore88/data/SAFOD/SAFODAS1-harddrive-transfer/recording_2025-02-07T091146Z/SAFOD-Zumberge-16mGL-500HzFs_2025-03-27T055407Z.h5,True,False,not_nominated,,EMBARGOED_UNTIL_NETWORK_MODEL_FROZEN
75157107,2025-03-29T06:43:47.290Z,36.00383,-120.572,3.99,0.7,1876.626838665263,502.74104860235923,-1808.0320045975348,-0.8410000000000002,2025-03-29T06:43:37.290Z,2025-03-29T06:44:17.290Z,True,113,2,/oak/stanford/groups/ettore88/data/SAFOD/SAFODAS1-harddrive-transfer/recording_2025-02-07T091146Z/SAFOD-Zumberge-16mGL-500HzFs_2025-03-29T064307Z.h5;/oak/stanford/groups/ettore88/data/SAFOD/SAFODAS1-harddrive-transfer/recording_2025-02-07T091146Z/SAFOD-Zumberge-16mGL-500HzFs_2025-03-29T064407Z.h5,True,False,not_nominated,,EMBARGOED_UNTIL_NETWORK_MODEL_FROZEN
75157112,2025-03-29T06:43:58.360Z,36.00483,-120.5715,3.8,0.7,1783.0425213869155,547.708942037506,-1696.836924364261,-1.0310000000000006,2025-03-29T06:43:48.360Z,2025-03-29T06:44:28.360Z,True,113,2,/oak/stanford/groups/ettore88/data/SAFOD/SAFODAS1-harddrive-transfer/recording_2025-02-07T091146Z/SAFOD-Zumberge-16mGL-500HzFs_2025-03-29T064307Z.h5;/oak/stanford/groups/ettore88/data/SAFOD/SAFODAS1-harddrive-transfer/recording_2025-02-07T091146Z/SAFOD-Zumberge-16mGL-500HzFs_2025-03-29T064407Z.h5,True,False,not_nominated,,EMBARGOED_UNTIL_NETWORK_MODEL_FROZEN
75157117,2025-03-29T06:46:47.140Z,36.0055,-120.56817,3.79,0.7,1830.2224922194491,847.1951123146376,-1622.336220607849,-1.0410000000000004,2025-03-29T06:46:37.140Z,2025-03-29T06:47:17.140Z,True,113,2,/oak/stanford/groups/ettore88/data/SAFOD/SAFODAS1-harddrive-transfer/recording_2025-02-07T091146Z/SAFOD-Zumberge-16mGL-500HzFs_2025-03-29T064607Z.h5;/oak/stanford/groups/ettore88/data/SAFOD/SAFODAS1-harddrive-transfer/recording_2025-02-07T091146Z/SAFOD-Zumberge-16mGL-500HzFs_2025-03-29T064707Z.h5,True,False,not_nominated,,EMBARGOED_UNTIL_NETWORK_MODEL_FROZEN
75157222,2025-03-29T13:49:32.150Z,36.03667,-120.60117,3.64,0.1,2810.0218256305625,-2120.6858543909902,1843.6144302717082,-1.1910000000000003,2025-03-29T13:49:22.150Z,2025-03-29T13:50:02.150Z,True,113,1,/oak/stanford/groups/ettore88/data/SAFOD/SAFODAS1-harddrive-transfer/recording_2025-02-07T091146Z/SAFOD-Zumberge-16mGL-500HzFs_2025-03-29T134907Z.h5,True,False,not_nominated,,EMBARGOED_UNTIL_NETWORK_MODEL_FROZEN
75158472,2025-04-01T13:01:47.230Z,36.0415,-120.604,2.87,0.7,3362.9248691079047,-2375.204131232975,2380.686667799487,-1.9610000000000003,2025-04-01T13:01:37.230Z,2025-04-01T13:02:17.230Z,True,113,2,/oak/stanford/groups/ettore88/data/SAFOD/SAFODAS1-harddrive-transfer/recording_2025-02-07T091146Z/SAFOD-Zumberge-16mGL-500HzFs_2025-04-01T130107Z.h5;/oak/stanford/groups/ettore88/data/SAFOD/SAFODAS1-harddrive-transfer/recording_2025-02-07T091146Z/SAFOD-Zumberge-16mGL-500HzFs_2025-04-01T130207Z.h5,True,False,not_nominated,,EMBARGOED_UNTIL_NETWORK_MODEL_FROZEN
75158827,2025-04-02T15:46:47.240Z,36.00083,-120.56267,1.87,1.0,2527.264176449754,1341.841940098696,-2141.6172452981464,-2.9610000000000003,2025-04-02T15:46:37.240Z,2025-04-02T15:47:17.240Z,True,113,2,/oak/stanford/groups/ettore88/data/SAFOD/SAFODAS1-harddrive-transfer/recording_2025-02-07T091146Z/SAFOD-Zumberge-16mGL-500HzFs_2025-04-02T154607Z.h5;/oak/stanford/groups/ettore88/data/SAFOD/SAFODAS1-harddrive-transfer/recording_2025-02-07T091146Z/SAFOD-Zumberge-16mGL-500HzFs_2025-04-02T154707Z.h5,True,False,not_nominated,,EMBARGOED_UNTIL_NETWORK_MODEL_FROZEN
75158832,2025-04-02T15:47:14.420Z,36.00033,-120.56267,1.55,1.0,2574.547068020878,1341.841940098696,-2197.214785415178,-3.2810000000000006,2025-04-02T15:47:04.420Z,2025-04-02T15:47:44.420Z,True,113,2,/oak/stanford/groups/ettore88/data/SAFOD/SAFODAS1-harddrive-transfer/recording_2025-02-07T091146Z/SAFOD-Zumberge-16mGL-500HzFs_2025-04-02T154607Z.h5;/oak/stanford/groups/ettore88/data/SAFOD/SAFODAS1-harddrive-transfer/recording_2025-02-07T091146Z/SAFOD-Zumberge-16mGL-500HzFs_2025-04-02T154707Z.h5,True,False,not_nominated,,EMBARGOED_UNTIL_NETWORK_MODEL_FROZEN
75159777,2025-04-04T06:29:45.940Z,35.99367,-120.55566,3.34,0.2,3538.424954619154,1972.291806055901,-2937.7740197701246,-1.4910000000000005,2025-04-04T06:29:35.940Z,2025-04-04T06:30:15.940Z,True,113,2,/oak/stanford/groups/ettore88/data/SAFOD/SAFODAS1-harddrive-transfer/recording_2025-02-07T091146Z/SAFOD-Zumberge-16mGL-500HzFs_2025-04-04T062907Z.h5;/oak/stanford/groups/ettore88/data/SAFOD/SAFODAS1-harddrive-transfer/recording_2025-02-07T091146Z/SAFOD-Zumberge-16mGL-500HzFs_2025-04-04T063007Z.h5,True,False,not_nominated,,EMBARGOED_UNTIL_NETWORK_MODEL_FROZEN
75160677,2025-04-05T17:53:02.330Z,35.92767,-120.477,4.11,-0.0,13691.283027310172,9046.640801239348,-10276.649315183575,-0.7210000000000001,2025-04-05T17:52:52.330Z,2025-04-05T17:53:32.330Z,True,113,2,/oak/stanford/groups/ettore88/data/SAFOD/SAFODAS1-harddrive-transfer/recording_2025-02-07T091146Z/SAFOD-Zumberge-16mGL-500HzFs_2025-04-05T175207Z.h5;/oak/stanford/groups/ettore88/data/SAFOD/SAFODAS1-harddrive-transfer/recording_2025-02-07T091146Z/SAFOD-Zumberge-16mGL-500HzFs_2025-04-05T175307Z.h5,True,False,not_nominated,,EMBARGOED_UNTIL_NETWORK_MODEL_FROZEN
75161057,2025-04-06T06:11:18.180Z,35.995,-120.56,3.42,3.1,3207.1929330372686,1581.9704910407695,-2789.884563059989,-1.4110000000000005,2025-04-06T06:11:08.180Z,2025-04-06T06:11:48.180Z,True,113,1,/oak/stanford/groups/ettore88/data/SAFOD/SAFODAS1-harddrive-transfer/recording_2025-02-07T091146Z/SAFOD-Zumberge-16mGL-500HzFs_2025-04-06T061107Z.h5,True,False,not_nominated,,EMBARGOED_UNTIL_NETWORK_MODEL_FROZEN
75161042,2025-04-06T06:12:56.970Z,35.99917,-120.56084,2.25,1.0,2771.3761962357285,1506.4244300703874,-2326.201078485934,-2.5810000000000004,2025-04-06T06:12:46.970Z,2025-04-06T06:13:26.970Z,True,113,2,/oak/stanford/groups/ettore88/data/SAFOD/SAFODAS1-harddrive-transfer/recording_2025-02-07T091146Z/SAFOD-Zumberge-16mGL-500HzFs_2025-04-06T061207Z.h5;/oak/stanford/groups/ettore88/data/SAFOD/SAFODAS1-harddrive-transfer/recording_2025-02-07T091146Z/SAFOD-Zumberge-16mGL-500HzFs_2025-04-06T061307Z.h5,True,False,not_nominated,,EMBARGOED_UNTIL_NETWORK_MODEL_FROZEN
75161062,2025-04-06T06:19:55.500Z,35.99866,-120.56133,3.59,1.7,2795.8446923913107,1462.3558945042246,-2382.910569404864,-1.2410000000000005,2025-04-06T06:19:45.500Z,2025-04-06T06:20:25.500Z,True,113,2,/oak/stanford/groups/ettore88/data/SAFOD/SAFODAS1-harddrive-transfer/recording_2025-02-07T091146Z/SAFOD-Zumberge-16mGL-500HzFs_2025-04-06T061907Z.h5;/oak/stanford/groups/ettore88/data/SAFOD/SAFODAS1-harddrive-transfer/recording_2025-02-07T091146Z/SAFOD-Zumberge-16mGL-500HzFs_2025-04-06T062007Z.h5,True,False,not_nominated,,EMBARGOED_UNTIL_NETWORK_MODEL_FROZEN
75161097,2025-04-06T08:10:07.010Z,35.99783,-120.55783,1.13,0.0,3047.100665524102,1777.1311485489741,-2475.2024859987578,-3.7010000000000005,2025-04-06T08:09:57.010Z,2025-04-06T08:10:37.010Z,True,113,2,/oak/stanford/groups/ettore88/data/SAFOD/SAFODAS1-harddrive-transfer/recording_2025-02-07T091146Z/SAFOD-Zumberge-16mGL-500HzFs_2025-04-06T080907Z.h5;/oak/stanford/groups/ettore88/data/SAFOD/SAFODAS1-harddrive-transfer/recording_2025-02-07T091146Z/SAFOD-Zumberge-16mGL-500HzFs_2025-04-06T081007Z.h5,True,False,not_nominated,,EMBARGOED_UNTIL_NETWORK_MODEL_FROZEN
75161102,2025-04-06T08:17:09.960Z,35.9995,-120.5645,3.62,1.6,2574.4476594908265,1177.2594501270046,-2289.506702009072,-1.2110000000000003,2025-04-06T08:16:59.960Z,2025-04-06T08:17:39.960Z,True,113,2,/oak/stanford/groups/ettore88/data/SAFOD/SAFODAS1-harddrive-transfer/recording_2025-02-07T091146Z/SAFOD-Zumberge-16mGL-500HzFs_2025-04-06T081607Z.h5;/oak/stanford/groups/ettore88/data/SAFOD/SAFODAS1-harddrive-transfer/recording_2025-02-07T091146Z/SAFOD-Zumberge-16mGL-500HzFs_2025-04-06T081707Z.h5,True,False,not_nominated,,EMBARGOED_UNTIL_NETWORK_MODEL_FROZEN
75161107,2025-04-06T08:23:21.000Z,36.00117,-120.56316,3.05,1.8,2471.8891941764323,1297.7734045325333,-2103.810918018596,-1.7810000000000006,2025-04-06T08:23:11.000Z,2025-04-06T08:23:51.000Z,True,113,1,/oak/stanford/groups/ettore88/data/SAFOD/SAFODAS1-harddrive-transfer/recording_2025-02-07T091146Z/SAFOD-Zumberge-16mGL-500HzFs_2025-04-06T082307Z.h5,True,False,not_nominated,,EMBARGOED_UNTIL_NETWORK_MODEL_FROZEN
75161267,2025-04-06T12:58:40.860Z,36.00183,-120.567,2.51,1.1,2242.703277813197,952.4199829525488,-2030.4221650648726,-2.3210000000000006,2025-04-06T12:58:30.860Z,2025-04-06T12:59:10.860Z,True,113,2,/oak/stanford/groups/ettore88/data/SAFOD/SAFODAS1-harddrive-transfer/recording_2025-02-07T091146Z/SAFOD-Zumberge-16mGL-500HzFs_2025-04-06T125807Z.h5;/oak/stanford/groups/ettore88/data/SAFOD/SAFODAS1-harddrive-transfer/recording_2025-02-07T091146Z/SAFOD-Zumberge-16mGL-500HzFs_2025-04-06T125907Z.h5,True,False,not_nominated,,EMBARGOED_UNTIL_NETWORK_MODEL_FROZEN
75161302,2025-04-06T13:51:22.310Z,36.002,-120.56483,2.74,1.6,2315.8475812216166,1147.5806404594753,-2011.5190014247023,-2.091,2025-04-06T13:51:12.310Z,2025-04-06T13:51:52.310Z,True,113,1,/oak/stanford/groups/ettore88/data/SAFOD/SAFODAS1-harddrive-transfer/recording_2025-02-07T091146Z/SAFOD-Zumberge-16mGL-500HzFs_2025-04-06T135107Z.h5,True,False,not_nominated,,EMBARGOED_UNTIL_NETWORK_MODEL_FROZEN
75161312,2025-04-06T14:24:15.710Z,35.99717,-120.56917,3.25,1.1,2658.7137847541608,757.2593254443441,-2548.5912389532714,-1.5810000000000004,2025-04-06T14:24:05.710Z,2025-04-06T14:24:45.710Z,True,113,2,/oak/stanford/groups/ettore88/data/SAFOD/SAFODAS1-harddrive-transfer/recording_2025-02-07T091146Z/SAFOD-Zumberge-16mGL-500HzFs_2025-04-06T142307Z.h5;/oak/stanford/groups/ettore88/data/SAFOD/SAFODAS1-harddrive-transfer/recording_2025-02-07T091146Z/SAFOD-Zumberge-16mGL-500HzFs_2025-04-06T142407Z.h5,True,False,not_nominated,,EMBARGOED_UNTIL_NETWORK_MODEL_FROZEN
75161322,2025-04-06T14:52:17.940Z,36.00017,-120.5585,1.79,0.8,2802.4825588272615,1716.8741713462098,-2215.00599825266,-3.0410000000000004,2025-04-06T14:52:07.940Z,2025-04-06T14:52:47.940Z,True,113,2,/oak/stanford/groups/ettore88/data/SAFOD/SAFODAS1-harddrive-transfer/recording_2025-02-07T091146Z/SAFOD-Zumberge-16mGL-500HzFs_2025-04-06T145107Z.h5;/oak/stanford/groups/ettore88/data/SAFOD/SAFODAS1-harddrive-transfer/recording_2025-02-07T091146Z/SAFOD-Zumberge-16mGL-500HzFs_2025-04-06T145207Z.h5,True,False,not_nominated,,EMBARGOED_UNTIL_NETWORK_MODEL_FROZEN
75161557,2025-04-06T22:01:14.190Z,36.00533,-120.573,1.11,0.5,1692.3577932928245,412.80526173334374,-1641.239384247229,-3.721,2025-04-06T22:01:04.190Z,2025-04-06T22:01:44.190Z,True,113,2,/oak/stanford/groups/ettore88/data/SAFOD/SAFODAS1-harddrive-transfer/recording_2025-02-07T091146Z/SAFOD-Zumberge-16mGL-500HzFs_2025-04-06T220007Z.h5;/oak/stanford/groups/ettore88/data/SAFOD/SAFODAS1-harddrive-transfer/recording_2025-02-07T091146Z/SAFOD-Zumberge-16mGL-500HzFs_2025-04-06T220107Z.h5,True,False,not_nominated,,EMBARGOED_UNTIL_NETWORK_MODEL_FROZEN
75162242,2025-04-08T04:09:06.980Z,35.99783,-120.557,1.62,0.9,3091.230913173149,1851.777851650372,-2475.2024859987578,-3.2110000000000003,2025-04-08T04:08:56.980Z,2025-04-08T04:09:36.980Z,True,113,2,/oak/stanford/groups/ettore88/data/SAFOD/SAFODAS1-harddrive-transfer/recording_2025-02-07T091146Z/SAFOD-Zumberge-16mGL-500HzFs_2025-04-08T040807Z.h5;/oak/stanford/groups/ettore88/data/SAFOD/SAFODAS1-harddrive-transfer/recording_2025-02-07T091146Z/SAFOD-Zumberge-16mGL-500HzFs_2025-04-08T040907Z.h5,True,False,not_nominated,,EMBARGOED_UNTIL_NETWORK_MODEL_FROZEN
75162462,2025-04-08T13:11:32.520Z,36.0005,-120.56067,2.27,1.6,2657.189029737492,1521.7135138380052,-2178.311621775008,-2.5610000000000004,2025-04-08T13:11:22.520Z,2025-04-08T13:12:02.520Z,True,113,1,/oak/stanford/groups/ettore88/data/SAFOD/SAFODAS1-harddrive-transfer/recording_2025-02-07T091146Z/SAFOD-Zumberge-16mGL-500HzFs_2025-04-08T131107Z.h5,True,False,not_nominated,,EMBARGOED_UNTIL_NETWORK_MODEL_FROZEN
75162782,2025-04-08T21:53:20.900Z,35.9815,-120.53967,4.79,0.5,5481.188413497338,3410.365038105223,-4291.01814621274,-0.04100000000000037,2025-04-08T21:53:10.900Z,2025-04-08T21:53:50.900Z,True,113,1,/oak/stanford/groups/ettore88/data/SAFOD/SAFODAS1-harddrive-transfer/recording_2025-02-07T091146Z/SAFOD-Zumberge-16mGL-500HzFs_2025-04-08T215307Z.h5,True,False,not_nominated,,EMBARGOED_UNTIL_NETWORK_MODEL_FROZEN
75162676,2025-04-10T01:01:44.360Z,36.01883,-120.58466,4.15,1.4,651.0989079735081,-635.8460131698313,-140.105801094478,-0.681,2025-04-10T01:01:34.360Z,2025-04-10T01:02:14.360Z,True,113,2,/oak/stanford/groups/ettore88/data/SAFOD/SAFODAS1-harddrive-transfer/recording_2025-02-07T091146Z/SAFOD-Zumberge-16mGL-500HzFs_2025-04-10T010107Z.h5;/oak/stanford/groups/ettore88/data/SAFOD/SAFODAS1-harddrive-transfer/recording_2025-02-07T091146Z/SAFOD-Zumberge-16mGL-500HzFs_2025-04-10T010207Z.h5,True,True,prospective_candidate_waveform_verification_required,,EMBARGOED_UNTIL_NETWORK_MODEL_FROZEN
75163171,2025-04-10T20:27:59.080Z,36.0435,-120.621,4.28,0.6,4692.345197141852,-3904.112508020297,2603.076828266825,-0.5510000000000002,2025-04-10T20:27:49.080Z,2025-04-10T20:28:29.080Z,True,113,2,/oak/stanford/groups/ettore88/data/SAFOD/SAFODAS1-harddrive-transfer/recording_2025-02-07T091146Z/SAFOD-Zumberge-16mGL-500HzFs_2025-04-10T202707Z.h5;/oak/stanford/groups/ettore88/data/SAFOD/SAFODAS1-harddrive-transfer/recording_2025-02-07T091146Z/SAFOD-Zumberge-16mGL-500HzFs_2025-04-10T202807Z.h5,True,False,not_nominated,,EMBARGOED_UNTIL_NETWORK_MODEL_FROZEN
75163341,2025-04-11T01:56:26.330Z,36.01966,-120.5855,1.43,0.2,712.9970902469028,-711.3920741402133,-47.813884500584244,-3.4010000000000007,2025-04-11T01:56:16.330Z,2025-04-11T01:56:56.330Z,True,113,1,/oak/stanford/groups/ettore88/data/SAFOD/SAFODAS1-harddrive-transfer/recording_2025-02-07T091146Z/SAFOD-Zumberge-16mGL-500HzFs_2025-04-11T015607Z.h5,True,False,not_nominated,,EMBARGOED_UNTIL_NETWORK_MODEL_FROZEN
75164461,2025-04-13T07:27:38.390Z,36.03133,-120.60567,-0.74,0.2,2817.7493255026347,-2525.396895306033,1249.8327018242094,-5.571000000000001,2025-04-13T07:27:28.390Z,2025-04-13T07:28:08.390Z,True,113,2,/oak/stanford/groups/ettore88/data/SAFOD/SAFODAS1-harddrive-transfer/recording_2025-02-07T091146Z/SAFOD-Zumberge-16mGL-500HzFs_2025-04-13T072707Z.h5;/oak/stanford/groups/ettore88/data/SAFOD/SAFODAS1-harddrive-transfer/recording_2025-02-07T091146Z/SAFOD-Zumberge-16mGL-500HzFs_2025-04-13T072807Z.h5,True,False,not_nominated,,EMBARGOED_UNTIL_NETWORK_MODEL_FROZEN
75164501,2025-04-13T09:22:07.040Z,35.888,-120.432,5.23,0.1,19676.802590232106,13093.751210383385,-14687.758148047935,0.399,2025-04-13T09:21:57.040Z,2025-04-13T09:22:37.040Z,True,113,2,/oak/stanford/groups/ettore88/data/SAFOD/SAFODAS1-harddrive-transfer/recording_2025-02-07T091146Z/SAFOD-Zumberge-16mGL-500HzFs_2025-04-13T092107Z.h5;/oak/stanford/groups/ettore88/data/SAFOD/SAFODAS1-harddrive-transfer/recording_2025-02-07T091146Z/SAFOD-Zumberge-16mGL-500HzFs_2025-04-13T092207Z.h5,True,False,not_nominated,,EMBARGOED_UNTIL_NETWORK_MODEL_FROZEN
75165156,2025-04-14T13:59:07.390Z,36.00667,-120.57283,3.95,0.0,1552.4300138358212,428.0943455009613,-1492.2379767344053,-0.8810000000000002,2025-04-14T13:58:57.390Z,2025-04-14T13:59:37.390Z,True,113,2,/oak/stanford/groups/ettore88/data/SAFOD/SAFODAS1-harddrive-transfer/recording_2025-02-07T091146Z/SAFOD-Zumberge-16mGL-500HzFs_2025-04-14T135807Z.h5;/oak/stanford/groups/ettore88/data/SAFOD/SAFODAS1-harddrive-transfer/recording_2025-02-07T091146Z/SAFOD-Zumberge-16mGL-500HzFs_2025-04-14T135907Z.h5,True,False,not_nominated,,EMBARGOED_UNTIL_NETWORK_MODEL_FROZEN
75165356,2025-04-14T19:06:30.250Z,36.039,-120.59683,4.34,2.0,2723.142373409858,-1730.364539375859,2102.6989672159075,-0.49100000000000055,2025-04-14T19:06:20.250Z,2025-04-14T19:07:00.250Z,True,113,1,/oak/stanford/groups/ettore88/data/SAFOD/SAFODAS1-harddrive-transfer/recording_2025-02-07T091146Z/SAFOD-Zumberge-16mGL-500HzFs_2025-04-14T190607Z.h5,True,False,not_nominated,,EMBARGOED_UNTIL_NETWORK_MODEL_FROZEN
75165651,2025-04-15T04:24:02.290Z,36.0335,-120.59766,3.3,0.9,2341.265130369148,-1805.011242478535,1491.126025930927,-1.5310000000000006,2025-04-15T04:23:52.290Z,2025-04-15T04:24:32.290Z,True,113,2,/oak/stanford/groups/ettore88/data/SAFOD/SAFODAS1-harddrive-transfer/recording_2025-02-07T091146Z/SAFOD-Zumberge-16mGL-500HzFs_2025-04-15T042307Z.h5;/oak/stanford/groups/ettore88/data/SAFOD/SAFODAS1-harddrive-transfer/recording_2025-02-07T091146Z/SAFOD-Zumberge-16mGL-500HzFs_2025-04-15T042407Z.h5,True,False,not_nominated,,EMBARGOED_UNTIL_NETWORK_MODEL_FROZEN
75165656,2025-04-15T04:24:35.820Z,35.8775,-120.631,12.89,0.3,16566.957221159068,-4803.470376719399,-15855.306490500076,8.059000000000001,2025-04-15T04:24:25.820Z,2025-04-15T04:25:05.820Z,True,113,1,/oak/stanford/groups/ettore88/data/SAFOD/SAFODAS1-harddrive-transfer/recording_2025-02-07T091146Z/SAFOD-Zumberge-16mGL-500HzFs_2025-04-15T042407Z.h5,True,False,not_nominated,,EMBARGOED_UNTIL_NETWORK_MODEL_FROZEN
75165841,2025-04-15T17:33:56.880Z,35.971,-120.52184,4.23,0.0,7411.838035252284,5013.920117995221,-5458.566488664879,-0.601,2025-04-15T17:33:46.880Z,2025-04-15T17:34:26.880Z,True,113,2,/oak/stanford/groups/ettore88/data/SAFOD/SAFODAS1-harddrive-transfer/recording_2025-02-07T091146Z/SAFOD-Zumberge-16mGL-500HzFs_2025-04-15T173307Z.h5;/oak/stanford/groups/ettore88/data/SAFOD/SAFODAS1-harddrive-transfer/recording_2025-02-07T091146Z/SAFOD-Zumberge-16mGL-500HzFs_2025-04-15T173407Z.h5,True,False,not_nominated,,EMBARGOED_UNTIL_NETWORK_MODEL_FROZEN
75166111,2025-04-16T06:12:10.260Z,35.98233,-120.5365,3.77,-0.0,5593.3654913478185,3695.4614824824425,-4198.726229618846,-1.0610000000000004,2025-04-16T06:12:00.260Z,2025-04-16T06:12:40.260Z,True,113,2,/oak/stanford/groups/ettore88/data/SAFOD/SAFODAS1-harddrive-transfer/recording_2025-02-07T091146Z/SAFOD-Zumberge-16mGL-500HzFs_2025-04-16T061107Z.h5;/oak/stanford/groups/ettore88/data/SAFOD/SAFODAS1-harddrive-transfer/recording_2025-02-07T091146Z/SAFOD-Zumberge-16mGL-500HzFs_2025-04-16T061207Z.h5,True,False,not_nominated,,EMBARGOED_UNTIL_NETWORK_MODEL_FROZEN
75166406,2025-04-16T17:26:47.540Z,36.00217,-120.56416,4.45,0.7,2330.1050593552422,1207.8376176622398,-1992.6158377853224,-0.3810000000000002,2025-04-16T17:26:37.540Z,2025-04-16T17:27:17.540Z,True,113,2,/oak/stanford/groups/ettore88/data/SAFOD/SAFODAS1-harddrive-transfer/recording_2025-02-07T091146Z/SAFOD-Zumberge-16mGL-500HzFs_2025-04-16T172607Z.h5;/oak/stanford/groups/ettore88/data/SAFOD/SAFODAS1-harddrive-transfer/recording_2025-02-07T091146Z/SAFOD-Zumberge-16mGL-500HzFs_2025-04-16T172707Z.h5,True,False,not_nominated,,EMBARGOED_UNTIL_NETWORK_MODEL_FROZEN
75166411,2025-04-16T17:28:54.170Z,36.0015,-120.5635,4.35,0.6,2424.6143126239394,1267.19523699602,-2067.116541541734,-0.48100000000000076,2025-04-16T17:28:44.170Z,2025-04-16T17:29:24.170Z,True,113,2,/oak/stanford/groups/ettore88/data/SAFOD/SAFODAS1-harddrive-transfer/recording_2025-02-07T091146Z/SAFOD-Zumberge-16mGL-500HzFs_2025-04-16T172807Z.h5;/oak/stanford/groups/ettore88/data/SAFOD/SAFODAS1-harddrive-transfer/recording_2025-02-07T091146Z/SAFOD-Zumberge-16mGL-500HzFs_2025-04-16T172907Z.h5,True,False,not_nominated,,EMBARGOED_UNTIL_NETWORK_MODEL_FROZEN
75166426,2025-04-16T18:35:17.380Z,35.92433,-120.47066,3.49,0.2,14347.970757934741,9616.833689995066,-10648.040883163736,-1.3410000000000002,2025-04-16T18:35:07.380Z,2025-04-16T18:35:47.380Z,True,113,2,/oak/stanford/groups/ettore88/data/SAFOD/SAFODAS1-harddrive-transfer/recording_2025-02-07T091146Z/SAFOD-Zumberge-16mGL-500HzFs_2025-04-16T183407Z.h5;/oak/stanford/groups/ettore88/data/SAFOD/SAFODAS1-harddrive-transfer/recording_2025-02-07T091146Z/SAFOD-Zumberge-16mGL-500HzFs_2025-04-16T183507Z.h5,True,False,not_nominated,,EMBARGOED_UNTIL_NETWORK_MODEL_FROZEN
75166696,2025-04-17T04:23:21.740Z,35.97633,-120.52766,3.52,0.6,6621.290336115582,4490.493838412617,-4865.896711020069,-1.3110000000000004,2025-04-17T04:23:11.740Z,2025-04-17T04:23:51.740Z,True,113,1,/oak/stanford/groups/ettore88/data/SAFOD/SAFODAS1-harddrive-transfer/recording_2025-02-07T091146Z/SAFOD-Zumberge-16mGL-500HzFs_2025-04-17T042307Z.h5,True,False,not_nominated,,EMBARGOED_UNTIL_NETWORK_MODEL_FROZEN
75167361,2025-04-18T04:05:35.160Z,36.03633,-120.60217,2.05,0.1,2854.433559507888,-2210.621641261284,1805.8081029921584,-2.7810000000000006,2025-04-18T04:05:25.160Z,2025-04-18T04:06:05.160Z,True,113,1,/oak/stanford/groups/ettore88/data/SAFOD/SAFODAS1-harddrive-transfer/recording_2025-02-07T091146Z/SAFOD-Zumberge-16mGL-500HzFs_2025-04-18T040507Z.h5,True,False,not_nominated,,EMBARGOED_UNTIL_NETWORK_MODEL_FROZEN
75167411,2025-04-18T07:55:55.930Z,36.0015,-120.56267,1.23,0.4,2464.449347932169,1341.841940098696,-2067.116541541734,-3.6010000000000004,2025-04-18T07:55:45.930Z,2025-04-18T07:56:25.930Z,True,113,2,/oak/stanford/groups/ettore88/data/SAFOD/SAFODAS1-harddrive-transfer/recording_2025-02-07T091146Z/SAFOD-Zumberge-16mGL-500HzFs_2025-04-18T075507Z.h5;/oak/stanford/groups/ettore88/data/SAFOD/SAFODAS1-harddrive-transfer/recording_2025-02-07T091146Z/SAFOD-Zumberge-16mGL-500HzFs_2025-04-18T075607Z.h5,True,False,not_nominated,,EMBARGOED_UNTIL_NETWORK_MODEL_FROZEN
75169056,2025-04-21T02:31:46.520Z,36.0065,-120.5685,4.65,0.4,1718.1037370380122,817.5163026471084,-1511.1411403737852,-0.18100000000000005,2025-04-21T02:31:36.520Z,2025-04-21T02:32:16.520Z,True,113,2,/oak/stanford/groups/ettore88/data/SAFOD/SAFODAS1-harddrive-transfer/recording_2025-02-07T091146Z/SAFOD-Zumberge-16mGL-500HzFs_2025-04-21T023107Z.h5;/oak/stanford/groups/ettore88/data/SAFOD/SAFODAS1-harddrive-transfer/recording_2025-02-07T091146Z/SAFOD-Zumberge-16mGL-500HzFs_2025-04-21T023207Z.h5,True,False,not_nominated,,EMBARGOED_UNTIL_NETWORK_MODEL_FROZEN
75169466,2025-04-22T00:51:21.450Z,36.043,-120.611,4.09,0.4,3939.3148092126517,-3004.754639322474,2547.4792881497933,-0.7410000000000005,2025-04-22T00:51:11.450Z,2025-04-22T00:51:51.450Z,True,113,1,/oak/stanford/groups/ettore88/data/SAFOD/SAFODAS1-harddrive-transfer/recording_2025-02-07T091146Z/SAFOD-Zumberge-16mGL-500HzFs_2025-04-22T005107Z.h5,True,False,not_nominated,,EMBARGOED_UNTIL_NETWORK_MODEL_FROZEN
75170361,2025-04-23T17:44:23.590Z,36.035,-120.595,3.78,1.4,2280.431464421439,-1565.7820494041675,1657.9186462812327,-1.0510000000000006,2025-04-23T17:44:13.590Z,2025-04-23T17:44:53.590Z,True,113,1,/oak/stanford/groups/ettore88/data/SAFOD/SAFODAS1-harddrive-transfer/recording_2025-02-07T091146Z/SAFOD-Zumberge-16mGL-500HzFs_2025-04-23T174407Z.h5,True,False,not_nominated,,EMBARGOED_UNTIL_NETWORK_MODEL_FROZEN
75173916,2025-04-30T01:45:47.130Z,35.99267,-120.5405,0.54,0.2,4519.2067205717685,3335.718335003825,-3048.969100004188,-4.291,2025-04-30T01:45:37.130Z,2025-04-30T01:46:17.130Z,True,116,2,/oak/stanford/groups/ettore88/data/SAFOD/SAFODAS1-harddrive-transfer/recording_2025-04-29T070619Z/SAFOD-Zumberge-16mGL-500HzFs_2025-04-30T014440Z.h5;/oak/stanford/groups/ettore88/data/SAFOD/SAFODAS1-harddrive-transfer/recording_2025-04-29T070619Z/SAFOD-Zumberge-16mGL-500HzFs_2025-04-30T014540Z.h5,True,False,not_nominated,,EMBARGOED_UNTIL_NETWORK_MODEL_FROZEN
75175061,2025-05-02T04:49:53.300Z,36.04467,-120.61867,0.95,0.2,4595.653954291737,-3694.562124613459,2733.1750721402686,-3.8810000000000002,2025-05-02T04:49:43.300Z,2025-05-02T04:50:23.300Z,True,116,1,/oak/stanford/groups/ettore88/data/SAFOD/SAFODAS1-harddrive-transfer/recording_2025-04-29T070619Z/SAFOD-Zumberge-16mGL-500HzFs_2025-05-02T044940Z.h5,True,False,not_nominated,,EMBARGOED_UNTIL_NETWORK_MODEL_FROZEN
75175481,2025-05-02T20:02:46.150Z,36.05033,-120.614,3.85,1.1,4693.551569925425,-3274.5619999320766,3362.5392262619416,-0.9810000000000003,2025-05-02T20:02:36.150Z,2025-05-02T20:03:16.150Z,False,,0,,False,False,not_nominated,,EMBARGOED_UNTIL_NETWORK_MODEL_FROZEN
75176371,2025-05-04T14:37:01.470Z,35.90567,-120.425,10.32,0.3,18713.691239025073,13723.301718472885,-12722.941080321129,5.489,2025-05-04T14:36:51.470Z,2025-05-04T14:37:31.470Z,True,119,1,/oak/stanford/groups/ettore88/data/SAFOD/SAFODAS1-harddrive-transfer/recording_2025-05-02T235923Z/SAFOD-Zumberge-16mGL-500HzFs_2025-05-04T143644Z.h5,True,False,not_nominated,,EMBARGOED_UNTIL_NETWORK_MODEL_FROZEN
75176381,2025-05-04T16:07:44.650Z,36.044,-120.63,2.38,0.5,5411.650185183912,-4713.534589849105,2658.6743683830664,-2.4510000000000005,2025-05-04T16:07:34.650Z,2025-05-04T16:08:14.650Z,True,119,2,/oak/stanford/groups/ettore88/data/SAFOD/SAFODAS1-harddrive-transfer/recording_2025-05-02T235923Z/SAFOD-Zumberge-16mGL-500HzFs_2025-05-04T160644Z.h5;/oak/stanford/groups/ettore88/data/SAFOD/SAFODAS1-harddrive-transfer/recording_2025-05-02T235923Z/SAFOD-Zumberge-16mGL-500HzFs_2025-05-04T160744Z.h5,True,False,not_nominated,,EMBARGOED_UNTIL_NETWORK_MODEL_FROZEN
75176451,2025-05-04T19:41:34.520Z,35.9315,-120.47967,4.04,-0.0,13213.340611718084,8806.512250297274,-9850.77215788907,-0.7910000000000004,2025-05-04T19:41:24.520Z,2025-05-04T19:42:04.520Z,True,119,2,/oak/stanford/groups/ettore88/data/SAFOD/SAFODAS1-harddrive-transfer/recording_2025-05-02T235923Z/SAFOD-Zumberge-16mGL-500HzFs_2025-05-04T194044Z.h5;/oak/stanford/groups/ettore88/data/SAFOD/SAFODAS1-harddrive-transfer/recording_2025-05-02T235923Z/SAFOD-Zumberge-16mGL-500HzFs_2025-05-04T194144Z.h5,True,False,not_nominated,,EMBARGOED_UNTIL_NETWORK_MODEL_FROZEN
75176461,2025-05-04T20:08:43.190Z,35.98317,-120.52184,11.37,0.1,6480.205756563551,5013.920117995221,-4105.322362222264,6.538999999999999,2025-05-04T20:08:33.190Z,2025-05-04T20:09:13.190Z,True,119,2,/oak/stanford/groups/ettore88/data/SAFOD/SAFODAS1-harddrive-transfer/recording_2025-05-02T235923Z/SAFOD-Zumberge-16mGL-500HzFs_2025-05-04T200744Z.h5;/oak/stanford/groups/ettore88/data/SAFOD/SAFODAS1-harddrive-transfer/recording_2025-05-02T235923Z/SAFOD-Zumberge-16mGL-500HzFs_2025-05-04T200844Z.h5,True,False,not_nominated,,EMBARGOED_UNTIL_NETWORK_MODEL_FROZEN
75179101,2025-05-09T22:38:33.520Z,36.063,-120.6305,0.41,1.0,6738.651312228419,-4758.502483284252,4771.380892820799,-4.421,2025-05-09T22:38:23.520Z,2025-05-09T22:39:03.520Z,False,,0,,False,False,not_nominated,,EMBARGOED_UNTIL_NETWORK_MODEL_FROZEN
75179726,2025-05-11T09:34:52.630Z,36.058,-120.63883,-0.72,1.1,6935.708018506444,-5507.667587910294,4215.405491652849,-5.551,2025-05-11T09:34:42.630Z,2025-05-11T09:35:22.630Z,False,,0,,False,False,not_nominated,,EMBARGOED_UNTIL_NETWORK_MODEL_FROZEN
75179786,2025-05-11T12:13:11.660Z,36.01,-120.57217,0.17,1.0,1223.2742859232073,487.4519648347416,-1121.9583595569322,-4.6610000000000005,2025-05-11T12:13:01.660Z,2025-05-11T12:13:41.660Z,False,,0,,False,False,not_nominated,,EMBARGOED_UNTIL_NETWORK_MODEL_FROZEN
75179826,2025-05-11T14:09:32.080Z,35.99983,-120.56233,1.44,0.8,2637.9348600570515,1372.4201076339314,-2252.81232553142,-3.3910000000000005,2025-05-11T14:09:22.080Z,2025-05-11T14:10:02.080Z,False,,0,,False,False,not_nominated,,EMBARGOED_UNTIL_NETWORK_MODEL_FROZEN
75181227,2025-05-12T19:47:29.600Z,35.90917,-120.5735,10.63,0.6,12339.242202019037,367.83736829819696,-12333.758299503485,5.799,2025-05-12T19:47:19.600Z,2025-05-12T19:47:59.600Z,False,,0,,False,False,not_nominated,,EMBARGOED_UNTIL_NETWORK_MODEL_FROZEN
75181487,2025-05-13T12:21:15.790Z,36.04933,-120.61983,-0.6,0.8,5000.278595975075,-3798.8876373823855,3251.3441460278773,-5.431,2025-05-13T12:21:05.790Z,2025-05-13T12:21:45.790Z,False,,0,,False,False,not_nominated,,EMBARGOED_UNTIL_NETWORK_MODEL_FROZEN
75182147,2025-05-15T00:07:24.040Z,35.95583,-120.49717,5.09,0.4,10166.99095880689,7232.635980074806,-7145.395855807317,0.25899999999999945,2025-05-15T00:07:14.040Z,2025-05-15T00:07:54.040Z,False,,0,,False,False,not_nominated,,EMBARGOED_UNTIL_NETWORK_MODEL_FROZEN
75182232,2025-05-15T03:36:21.100Z,35.96783,-120.51167,2.79,0.3,8301.582167182441,5928.56707046194,-5811.054893004871,-2.0410000000000004,2025-05-15T03:36:11.100Z,2025-05-15T03:36:51.100Z,False,,0,,False,False,not_nominated,,EMBARGOED_UNTIL_NETWORK_MODEL_FROZEN
75182792,2025-05-16T10:30:30.280Z,36.00867,-120.56983,4.08,0.7,1448.9928460383358,697.9017061105639,-1269.8478162670676,-0.7510000000000003,2025-05-16T10:30:20.280Z,2025-05-16T10:31:00.280Z,False,,0,,False,False,not_nominated,,EMBARGOED_UNTIL_NETWORK_MODEL_FROZEN
75182797,2025-05-16T10:49:31.610Z,36.00883,-120.57117,3.86,0.8,1378.7756721129895,577.3877517050352,-1252.0566034295857,-0.9710000000000005,2025-05-16T10:49:21.610Z,2025-05-16T10:50:01.610Z,False,,0,,False,False,not_nominated,,EMBARGOED_UNTIL_NETWORK_MODEL_FROZEN
75183107,2025-05-16T21:37:58.590Z,35.943,-120.47,5.08,-0.0,12927.039680139002,9676.191309328846,-8572.028735203656,0.24899999999999967,2025-05-16T21:37:48.590Z,2025-05-16T21:38:28.590Z,False,,0,,False,False,not_nominated,,EMBARGOED_UNTIL_NETWORK_MODEL_FROZEN
75184387,2025-05-19T12:50:42.840Z,35.92717,-120.47567,9.62,1.8,13812.152732146731,9166.25539777717,-10332.246855300607,4.788999999999999,2025-05-19T12:50:32.840Z,2025-05-19T12:51:12.840Z,False,,0,,False,False,not_nominated,,EMBARGOED_UNTIL_NETWORK_MODEL_FROZEN
75184437,2025-05-19T14:56:11.660Z,36.0115,-120.57183,4.25,2.0,1086.5987333866153,518.0301323699767,-955.1657392066263,-0.5810000000000004,2025-05-19T14:56:01.660Z,2025-05-19T14:56:41.660Z,False,,0,,False,False,not_nominated,,EMBARGOED_UNTIL_NETWORK_MODEL_FROZEN
75184291,2025-05-21T01:33:09.000Z,36.037,-120.60167,3.38,1.0,2868.0337104381506,-2165.653747826137,1880.3088067485703,-1.4510000000000005,2025-05-21T01:32:59.000Z,2025-05-21T01:33:39.000Z,False,,0,,False,False,not_nominated,,EMBARGOED_UNTIL_NETWORK_MODEL_FROZEN
75184786,2025-05-22T04:40:03.150Z,36.00983,-120.57166,2.14,0.7,1259.3626965305868,533.3192161388724,-1140.861523196312,-2.6910000000000003,2025-05-22T04:39:53.150Z,2025-05-22T04:40:33.150Z,False,,0,,False,False,not_nominated,,EMBARGOED_UNTIL_NETWORK_MODEL_FROZEN
75184916,2025-05-22T12:58:01.530Z,36.032,-120.645,2.54,1.1,6205.532278790536,-6062.571392897117,1324.333405580621,-2.2910000000000004,2025-05-22T12:57:51.530Z,2025-05-22T12:58:31.530Z,False,,0,,False,False,not_nominated,,EMBARGOED_UNTIL_NETWORK_MODEL_FROZEN
75185446,2025-05-23T13:24:59.970Z,36.02267,-120.58717,2.34,0.5,908.0916612739869,-861.584838213271,286.8833070019253,-2.4910000000000005,2025-05-23T13:24:49.970Z,2025-05-23T13:25:29.970Z,False,,0,,False,False,not_nominated,,EMBARGOED_UNTIL_NETWORK_MODEL_FROZEN
75185451,2025-05-23T13:26:02.250Z,36.02167,-120.59033,2.64,0.1,1159.1732277980004,-1145.7819247215073,175.68822676865156,-2.1910000000000003,2025-05-23T13:25:52.250Z,2025-05-23T13:26:32.250Z,False,,0,,False,False,not_nominated,,EMBARGOED_UNTIL_NETWORK_MODEL_FROZEN
75186266,2025-05-25T13:32:11.500Z,36.03467,-120.59433,3.47,0.9,2212.458785159569,-1505.5250722014032,1621.2242698043708,-1.3610000000000002,2025-05-25T13:32:01.500Z,2025-05-25T13:32:41.500Z,False,,0,,False,False,not_nominated,,EMBARGOED_UNTIL_NETWORK_MODEL_FROZEN
75186601,2025-05-26T08:02:50.660Z,36.0225,-120.584,3.75,0.9,635.7296795527799,-576.488393836051,267.98014336254533,-1.0810000000000004,2025-05-26T08:02:40.660Z,2025-05-26T08:03:20.660Z,False,,0,,False,True,not_nominated,,EMBARGOED_UNTIL_NETWORK_MODEL_FROZEN
75186941,2025-05-26T21:11:26.250Z,36.07383,-120.64967,1.62,0.4,8816.564582071542,-6482.571517579779,5975.6236117498,-3.2110000000000003,2025-05-26T21:11:16.250Z,2025-05-26T21:11:56.250Z,False,,0,,False,False,not_nominated,,EMBARGOED_UNTIL_NETWORK_MODEL_FROZEN
75187191,2025-05-27T12:14:48.880Z,35.98067,-120.54667,3.35,1.7,5190.986087155458,2780.814530015724,-4383.310062805844,-1.4810000000000003,2025-05-27T12:14:38.880Z,2025-05-27T12:15:18.880Z,False,,0,,False,False,not_nominated,,EMBARGOED_UNTIL_NETWORK_MODEL_FROZEN
75187291,2025-05-27T17:51:43.950Z,36.02234,-120.58617,2.93,0.6,811.1946495113193,-771.6490513429776,250.18893052506345,-1.9010000000000002,2025-05-27T17:51:33.950Z,2025-05-27T17:52:13.950Z,False,,0,,False,False,not_nominated,,EMBARGOED_UNTIL_NETWORK_MODEL_FROZEN
75187401,2025-05-27T22:36:38.280Z,36.03817,-120.607,2.29,0.7,3322.3218238409722,-2645.011491842578,2010.407050622014,-2.5410000000000004,2025-05-27T22:36:28.280Z,2025-05-27T22:37:08.280Z,False,,0,,False,False,not_nominated,,EMBARGOED_UNTIL_NETWORK_MODEL_FROZEN
75188136,2025-05-29T10:09:22.240Z,36.04984,-120.61317,4.3,2.5,4602.464206466468,-3199.9152968294,3308.053636947597,-0.5310000000000006,2025-05-29T10:09:12.240Z,2025-05-29T10:09:52.240Z,False,,0,,False,False,not_nominated,,EMBARGOED_UNTIL_NETWORK_MODEL_FROZEN
75188246,2025-05-29T16:21:29.400Z,36.04767,-120.61617,3.64,0.6,4630.766042023352,-3469.7226574390033,3066.76031284009,-1.1910000000000003,2025-05-29T16:21:19.400Z,2025-05-29T16:21:59.400Z,False,,0,,False,False,not_nominated,,EMBARGOED_UNTIL_NETWORK_MODEL_FROZEN
75189041,2025-05-31T09:59:21.440Z,35.99067,-120.54933,3.05,0.7,4142.637738932702,2541.585336942635,-3271.359260470736,-1.7810000000000006,2025-05-31T09:59:11.440Z,2025-05-31T09:59:51.440Z,False,,0,,False,False,not_nominated,,EMBARGOED_UNTIL_NETWORK_MODEL_FROZEN
75189796,2025-06-02T02:20:19.860Z,36.00467,-120.5675,2.8,0.8,1939.9533354319167,907.4520895174021,-1714.628137201743,-2.0310000000000006,2025-06-02T02:20:09.860Z,2025-06-02T02:20:49.860Z,False,,0,,False,False,not_nominated,,EMBARGOED_UNTIL_NETWORK_MODEL_FROZEN
75190196,2025-06-02T20:49:38.770Z,36.04984,-120.61283,5.67,1.7,4581.257109576454,-3169.3371292941656,3308.053636947597,0.8389999999999995,2025-06-02T20:49:28.770Z,2025-06-02T20:50:08.770Z,False,,0,,False,False,not_nominated,,EMBARGOED_UNTIL_NETWORK_MODEL_FROZEN
75190206,2025-06-02T21:01:51.740Z,36.05017,-120.61,5.57,0.6,4436.609991414336,-2914.8188524521806,3344.7480134244593,0.7389999999999999,2025-06-02T21:01:41.740Z,2025-06-02T21:02:21.740Z,False,,0,,False,False,not_nominated,,EMBARGOED_UNTIL_NETWORK_MODEL_FROZEN
75190261,2025-06-02T23:41:13.010Z,36.01067,-120.575,2.11,1.8,1073.0450333965614,232.93368799275663,-1047.4576558005201,-2.7210000000000005,2025-06-02T23:41:03.010Z,2025-06-02T23:41:43.010Z,False,,0,,False,False,not_nominated,,EMBARGOED_UNTIL_NETWORK_MODEL_FROZEN
75192331,2025-06-07T15:09:29.810Z,36.02467,-120.58683,4.77,1.1,974.6443204469825,-831.006670678036,509.2734674692629,-0.06100000000000083,2025-06-07T15:09:19.810Z,2025-06-07T15:09:59.810Z,False,,0,,False,False,not_nominated,,EMBARGOED_UNTIL_NETWORK_MODEL_FROZEN
75193331,2025-06-09T16:21:16.680Z,35.966,-120.514,1.89,-0.0,8299.509986219611,5719.016687055101,-6014.541889832039,-2.9410000000000007,2025-06-09T16:21:06.680Z,2025-06-09T16:21:46.680Z,False,,0,,False,False,not_nominated,,EMBARGOED_UNTIL_NETWORK_MODEL_FROZEN
75194406,2025-06-11T19:48:32.930Z,36.0,-120.561,1.96,0.8,2686.357701802624,1492.0347041704758,-2233.90916189204,-2.8710000000000004,2025-06-11T19:48:22.930Z,2025-06-11T19:49:02.930Z,False,,0,,False,False,not_nominated,,EMBARGOED_UNTIL_NETWORK_MODEL_FROZEN
75194511,2025-06-12T00:36:38.240Z,35.95284,-120.44534,4.82,0.0,14049.41097800288,11894.007813539447,-7477.869145705239,-0.01100000000000012,2025-06-12T00:36:28.240Z,2025-06-12T00:37:08.240Z,False,,0,,False,False,not_nominated,,EMBARGOED_UNTIL_NETWORK_MODEL_FROZEN
75197401,2025-06-18T22:56:24.160Z,35.94183,-120.49167,10.28,3.3,11637.779579997165,7727.282807858864,-8702.12697907631,5.448999999999999,2025-06-18T22:56:14.160Z,2025-06-18T22:56:54.160Z,False,,0,,False,False,not_nominated,,EMBARGOED_UNTIL_NETWORK_MODEL_FROZEN
75197406,2025-06-18T23:06:16.500Z,35.94167,-120.49184,9.96,2.3,11640.954448587618,7711.993724091246,-8719.918191913792,5.1290000000000004,2025-06-18T23:06:06.500Z,2025-06-18T23:06:46.500Z,False,,0,,False,False,not_nominated,,EMBARGOED_UNTIL_NETWORK_MODEL_FROZEN
75197436,2025-06-19T00:47:39.380Z,35.94316,-120.493,9.97,0.7,11447.776867262111,7607.668211322319,-8554.237522366175,5.139,2025-06-19T00:47:29.380Z,2025-06-19T00:48:09.380Z,False,,0,,False,False,not_nominated,,EMBARGOED_UNTIL_NETWORK_MODEL_FROZEN
75197506,2025-06-19T06:04:47.940Z,35.943,-120.49367,9.89,0.8,11421.168634341724,7547.411234119554,-8572.028735203656,5.059,2025-06-19T06:04:37.940Z,2025-06-19T06:05:17.940Z,False,,0,,False,False,not_nominated,,EMBARGOED_UNTIL_NETWORK_MODEL_FROZEN
75198496,2025-06-21T12:22:02.210Z,35.9355,-120.49067,10.22,2.2,12230.355227655773,7817.218594729157,-9405.991836955185,5.389,2025-06-21T12:21:52.210Z,2025-06-21T12:22:32.210Z,False,,0,,False,False,not_nominated,,EMBARGOED_UNTIL_NETWORK_MODEL_FROZEN
75198581,2025-06-21T16:21:59.280Z,36.042,-120.613,7.26,2.4,4009.6539574710996,-3184.626213061783,2436.2842079165193,2.4289999999999994,2025-06-21T16:21:49.280Z,2025-06-21T16:22:29.280Z,False,,0,,False,False,not_nominated,,EMBARGOED_UNTIL_NETWORK_MODEL_FROZEN
75198826,2025-06-22T09:41:09.340Z,36.033,-120.604,3.41,0.1,2775.3083970275434,-2375.204131232975,1435.528485814685,-1.4210000000000003,2025-06-22T09:40:59.340Z,2025-06-22T09:41:39.340Z,False,,0,,False,False,not_nominated,,EMBARGOED_UNTIL_NETWORK_MODEL_FROZEN
75200011,2025-06-24T19:49:37.910Z,35.93817,-120.48067,9.55,0.2,12607.712947802467,8716.57646342698,-9109.100972731436,4.719,2025-06-24T19:49:27.910Z,2025-06-24T19:50:07.910Z,False,,0,,False,False,not_nominated,,EMBARGOED_UNTIL_NETWORK_MODEL_FROZEN
75201031,2025-06-26T21:32:59.350Z,36.03033,-120.58916,3.58,1.5,1542.4832628291479,-1040.5570540848742,1138.6376215909354,-1.2510000000000003,2025-06-26T21:32:49.350Z,2025-06-26T21:33:29.350Z,False,,0,,False,False,not_nominated,,EMBARGOED_UNTIL_NETWORK_MODEL_FROZEN
75201271,2025-06-27T11:21:49.910Z,35.92,-120.46833,4.49,0.2,14846.681144830205,9826.384073401903,-11129.515580574483,-0.3410000000000002,2025-06-27T11:21:39.910Z,2025-06-27T11:22:19.910Z,False,,0,,False,False,not_nominated,,EMBARGOED_UNTIL_NETWORK_MODEL_FROZEN
75201331,2025-06-27T13:42:34.580Z,36.03367,-120.59717,3.08,0.9,2319.7213993030755,-1760.9427069123724,1510.029189571097,-1.7510000000000003,2025-06-27T13:42:24.580Z,2025-06-27T13:43:04.580Z,False,,0,,False,False,not_nominated,,EMBARGOED_UNTIL_NETWORK_MODEL_FROZEN
75201911,2025-06-28T22:22:17.740Z,35.923,-120.4715,4.09,-0.0,14407.924261432116,9541.287629023405,-10795.93033987387,-0.7410000000000005,2025-06-28T22:22:07.740Z,2025-06-28T22:22:47.740Z,False,,0,,False,False,not_nominated,,EMBARGOED_UNTIL_NETWORK_MODEL_FROZEN
75202401,2025-06-30T04:12:15.320Z,35.93767,-120.49233,9.95,1.0,11949.425740520936,7667.925188525083,-9164.698512848467,5.118999999999999,2025-06-30T04:12:05.320Z,2025-06-30T04:12:45.320Z,False,,0,,False,False,not_nominated,,EMBARGOED_UNTIL_NETWORK_MODEL_FROZEN
75003783,2025-06-30T08:10:33.220Z,35.96217,-120.50467,3.61,-0.0,9191.730178626818,6558.11757855016,-6440.419047126544,-1.2210000000000005,2025-06-30T08:10:23.220Z,2025-06-30T08:11:03.220Z,False,,0,,False,False,not_nominated,,EMBARGOED_UNTIL_NETWORK_MODEL_FROZEN
75203051,2025-07-01T11:26:53.940Z,35.99383,-120.55483,5.13,1.8,3565.9860982705145,2046.9385091585766,-2919.9828069326427,0.2989999999999995,2025-07-01T11:26:43.940Z,2025-07-01T11:27:23.940Z,False,,0,,False,False,not_nominated,,EMBARGOED_UNTIL_NETWORK_MODEL_FROZEN
75203851,2025-07-03T04:29:50.570Z,35.96933,-120.529,7.44,0.5,7138.236532165229,4369.979884007088,-5644.262272654565,2.609,2025-07-03T04:29:40.570Z,2025-07-03T04:30:20.570Z,False,,0,,False,False,not_nominated,,EMBARGOED_UNTIL_NETWORK_MODEL_FROZEN
75203906,2025-07-03T07:30:28.840Z,36.00533,-120.57317,3.74,0.6,1688.6935270047336,397.51617796444805,-1641.239384247229,-1.0910000000000002,2025-07-03T07:30:18.840Z,2025-07-03T07:30:58.840Z,False,,0,,False,False,not_nominated,,EMBARGOED_UNTIL_NETWORK_MODEL_FROZEN
75204386,2025-07-04T11:50:10.780Z,36.09883,-120.66433,6.65,0.5,11726.67312216225,-7801.030153092555,8755.500617587966,1.819,2025-07-04T11:50:00.780Z,2025-07-04T11:50:40.780Z,False,,0,,False,False,not_nominated,,EMBARGOED_UNTIL_NETWORK_MODEL_FROZEN
75207012,2025-07-08T10:43:07.160Z,36.0325,-120.59383,8.23,2.2,2009.337375191052,-1460.5571787662566,1379.9309456976532,3.399,2025-07-08T10:42:57.160Z,2025-07-08T10:43:37.160Z,False,,0,,False,False,not_nominated,,EMBARGOED_UNTIL_NETWORK_MODEL_FROZEN
75207262,2025-07-08T23:34:15.380Z,35.92667,-120.47784,9.63,2.8,13725.445421634766,8971.094740268965,-10387.844395416849,4.799,2025-07-08T23:34:05.380Z,2025-07-08T23:34:45.380Z,False,,0,,False,False,not_nominated,,EMBARGOED_UNTIL_NETWORK_MODEL_FROZEN
75207657,2025-07-09T21:41:42.760Z,35.97117,-120.5295,5.84,0.6,6949.50831413345,4325.011990571941,-5439.66332502471,1.0089999999999995,2025-07-09T21:41:32.760Z,2025-07-09T21:42:12.760Z,False,,0,,False,False,not_nominated,,EMBARGOED_UNTIL_NETWORK_MODEL_FROZEN
75208107,2025-07-11T02:16:09.860Z,35.939,-120.4895,9.48,3.1,12002.831166719005,7922.443465365791,-9016.809056137541,4.649,2025-07-11T02:15:59.860Z,2025-07-11T02:16:39.860Z,False,,0,,False,False,not_nominated,,EMBARGOED_UNTIL_NETWORK_MODEL_FROZEN
75208642,2025-07-12T05:05:05.250Z,36.0345,-120.59883,4.95,2.2,2493.2779498315117,-1910.2361131164462,1602.3211061649909,0.11899999999999977,2025-07-12T05:04:55.250Z,2025-07-12T05:05:35.250Z,False,,0,,False,False,not_nominated,,EMBARGOED_UNTIL_NETWORK_MODEL_FROZEN
75209172,2025-07-13T11:53:34.700Z,35.99166,-120.5495,4.06,1.5,4046.7072460811046,2526.2962531750172,-3161.2761310393603,-0.7710000000000008,2025-07-13T11:53:24.700Z,2025-07-13T11:54:04.700Z,False,,0,,False,False,not_nominated,,EMBARGOED_UNTIL_NETWORK_MODEL_FROZEN
75209402,2025-07-13T18:37:06.320Z,36.1245,-120.50667,9.18,1.2,13246.557925358138,6378.246004810851,11609.878327182541,4.348999999999999,2025-07-13T18:36:56.320Z,2025-07-13T18:37:36.320Z,False,,0,,False,False,not_nominated,,EMBARGOED_UNTIL_NETWORK_MODEL_FROZEN
75209452,2025-07-13T20:15:04.760Z,36.03267,-120.6035,5.11,1.0,2717.8553657972893,-2330.2362377978284,1398.8341093378233,0.2789999999999999,2025-07-13T20:14:54.760Z,2025-07-13T20:15:34.760Z,False,,0,,False,False,not_nominated,,EMBARGOED_UNTIL_NETWORK_MODEL_FROZEN
75209587,2025-07-14T03:30:01.650Z,35.98883,-120.54234,2.64,-0.0,4704.538749867241,3170.2364871631494,-3475.958208100592,-2.1910000000000003,2025-07-14T03:29:51.650Z,2025-07-14T03:30:31.650Z,False,,0,,False,False,not_nominated,,EMBARGOED_UNTIL_NETWORK_MODEL_FROZEN
75210187,2025-07-15T13:48:09.490Z,35.8085,-120.4325,8.38,0.3,26904.0251135636,13048.783316948238,-23527.767026613346,3.5490000000000004,2025-07-15T13:47:59.490Z,2025-07-15T13:48:39.490Z,False,,0,,False,False,not_nominated,,EMBARGOED_UNTIL_NETWORK_MODEL_FROZEN
75210737,2025-07-16T11:00:25.900Z,35.92783,-120.472,4.03,-0.0,13979.422666355696,9496.319735589537,-10258.858102346092,-0.8010000000000002,2025-07-16T11:00:15.900Z,2025-07-16T11:00:55.900Z,False,,0,,False,False,not_nominated,,EMBARGOED_UNTIL_NETWORK_MODEL_FROZEN
75213342,2025-07-22T09:00:40.350Z,36.027,-120.60817,2.98,0.6,2855.551448049246,-2750.236362480489,768.3580044134624,-1.8510000000000004,2025-07-22T09:00:30.350Z,2025-07-22T09:01:10.350Z,False,,0,,False,False,not_nominated,,EMBARGOED_UNTIL_NETWORK_MODEL_FROZEN
75213632,2025-07-22T18:57:43.230Z,35.83633,-120.57667,8.67,0.9,20433.375465927762,82.74092392097678,-20433.20794371474,3.8389999999999995,2025-07-22T18:57:33.230Z,2025-07-22T18:58:13.230Z,False,,0,,False,False,not_nominated,,EMBARGOED_UNTIL_NETWORK_MODEL_FROZEN
75214722,2025-07-25T02:11:15.870Z,35.9715,-120.52216,2.55,0.5,7351.44209803356,4985.140666196676,-5402.9689485478475,-2.2810000000000006,2025-07-25T02:11:05.870Z,2025-07-25T02:11:45.870Z,False,,0,,False,False,not_nominated,,EMBARGOED_UNTIL_NETWORK_MODEL_FROZEN
75214742,2025-07-25T03:24:02.120Z,35.97233,-120.52333,3.19,0.7,7212.272090642947,4879.915795558764,-5310.677031953954,-1.6410000000000005,2025-07-25T03:23:52.120Z,2025-07-25T03:24:32.120Z,False,,0,,False,False,not_nominated,,EMBARGOED_UNTIL_NETWORK_MODEL_FROZEN
75214892,2025-07-25T12:41:22.020Z,36.02083,-120.5815,3.89,1.5,361.14773074120774,-351.6489266615952,82.28435937206952,-0.9410000000000003,2025-07-25T12:41:12.020Z,2025-07-25T12:41:52.020Z,False,,0,,False,True,not_nominated,,EMBARGOED_UNTIL_NETWORK_MODEL_FROZEN
