event_id,origin_time,latitude,longitude,depth_km,author,catalog,contributor,contributor_id,magnitude_type,magnitude,magnitude_author,location_name,event_type,source_url,retrieved_utc
75214892,2025-07-25T12:41:22.020Z,36.02083,-120.5815,3.89,NC,NCSS,NC,,Md,1.5,NC,"Bradley, CA",earthquake,https://service.ncedc.org/fdsnws/event/1/query?starttime=2024-05-07T23%3A46%3A07Z&endtime=2025-07-25T20%3A05%3A12Z&format=text&orderby=time&catalog=NCSS&minlatitude=35.75&maxlatitude=36.15&minlongitude=-120.75&maxlongitude=-120.35&mindepth=-2.0&maxdepth=15.0&minmagnitude=-1.0,2026-08-15T19:16:06Z
75214742,2025-07-25T03:24:02.120Z,35.97233,-120.52333,3.19,NC,NCSS,NC,,Md,0.7,NC,"San Miguel, CA",earthquake,https://service.ncedc.org/fdsnws/event/1/query?starttime=2024-05-07T23%3A46%3A07Z&endtime=2025-07-25T20%3A05%3A12Z&format=text&orderby=time&catalog=NCSS&minlatitude=35.75&maxlatitude=36.15&minlongitude=-120.75&maxlongitude=-120.35&mindepth=-2.0&maxdepth=15.0&minmagnitude=-1.0,2026-08-15T19:16:06Z
75214722,2025-07-25T02:11:15.870Z,35.9715,-120.52216,2.55,NC,NCSS,NC,,Md,0.5,NC,"San Miguel, CA",earthquake,https://service.ncedc.org/fdsnws/event/1/query?starttime=2024-05-07T23%3A46%3A07Z&endtime=2025-07-25T20%3A05%3A12Z&format=text&orderby=time&catalog=NCSS&minlatitude=35.75&maxlatitude=36.15&minlongitude=-120.75&maxlongitude=-120.35&mindepth=-2.0&maxdepth=15.0&minmagnitude=-1.0,2026-08-15T19:16:06Z
75213632,2025-07-22T18:57:43.230Z,35.83633,-120.57667,8.67,NC,NCSS,NC,,Md,0.9,NC,"San Miguel, CA",earthquake,https://service.ncedc.org/fdsnws/event/1/query?starttime=2024-05-07T23%3A46%3A07Z&endtime=2025-07-25T20%3A05%3A12Z&format=text&orderby=time&catalog=NCSS&minlatitude=35.75&maxlatitude=36.15&minlongitude=-120.75&maxlongitude=-120.35&mindepth=-2.0&maxdepth=15.0&minmagnitude=-1.0,2026-08-15T19:16:06Z
75213342,2025-07-22T09:00:40.350Z,36.027,-120.60817,2.98,NC,NCSS,NC,,Md,0.6,NC,"Bradley, CA",earthquake,https://service.ncedc.org/fdsnws/event/1/query?starttime=2024-05-07T23%3A46%3A07Z&endtime=2025-07-25T20%3A05%3A12Z&format=text&orderby=time&catalog=NCSS&minlatitude=35.75&maxlatitude=36.15&minlongitude=-120.75&maxlongitude=-120.35&mindepth=-2.0&maxdepth=15.0&minmagnitude=-1.0,2026-08-15T19:16:06Z
75210737,2025-07-16T11:00:25.900Z,35.92783,-120.472,4.03,NC,NCSS,NC,,Md,-0.0,NC,"Cholame, CA",earthquake,https://service.ncedc.org/fdsnws/event/1/query?starttime=2024-05-07T23%3A46%3A07Z&endtime=2025-07-25T20%3A05%3A12Z&format=text&orderby=time&catalog=NCSS&minlatitude=35.75&maxlatitude=36.15&minlongitude=-120.75&maxlongitude=-120.35&mindepth=-2.0&maxdepth=15.0&minmagnitude=-1.0,2026-08-15T19:16:06Z
75210187,2025-07-15T13:48:09.490Z,35.8085,-120.4325,8.38,NC,NCSS,NC,,Md,0.3,NC,"Cholame, CA",earthquake,https://service.ncedc.org/fdsnws/event/1/query?starttime=2024-05-07T23%3A46%3A07Z&endtime=2025-07-25T20%3A05%3A12Z&format=text&orderby=time&catalog=NCSS&minlatitude=35.75&maxlatitude=36.15&minlongitude=-120.75&maxlongitude=-120.35&mindepth=-2.0&maxdepth=15.0&minmagnitude=-1.0,2026-08-15T19:16:06Z
75209587,2025-07-14T03:30:01.650Z,35.98883,-120.54234,2.64,NC,NCSS,NC,,Md,-0.0,NC,"San Miguel, CA",earthquake,https://service.ncedc.org/fdsnws/event/1/query?starttime=2024-05-07T23%3A46%3A07Z&endtime=2025-07-25T20%3A05%3A12Z&format=text&orderby=time&catalog=NCSS&minlatitude=35.75&maxlatitude=36.15&minlongitude=-120.75&maxlongitude=-120.35&mindepth=-2.0&maxdepth=15.0&minmagnitude=-1.0,2026-08-15T19:16:06Z
75209452,2025-07-13T20:15:04.760Z,36.03267,-120.6035,5.11,NC,NCSS,NC,,Md,1.0,NC,"Bradley, CA",earthquake,https://service.ncedc.org/fdsnws/event/1/query?starttime=2024-05-07T23%3A46%3A07Z&endtime=2025-07-25T20%3A05%3A12Z&format=text&orderby=time&catalog=NCSS&minlatitude=35.75&maxlatitude=36.15&minlongitude=-120.75&maxlongitude=-120.35&mindepth=-2.0&maxdepth=15.0&minmagnitude=-1.0,2026-08-15T19:16:06Z
75209402,2025-07-13T18:37:06.320Z,36.1245,-120.50667,9.18,NC,NCSS,NC,,Md,1.2,NC,"New Idria, CA",earthquake,https://service.ncedc.org/fdsnws/event/1/query?starttime=2024-05-07T23%3A46%3A07Z&endtime=2025-07-25T20%3A05%3A12Z&format=text&orderby=time&catalog=NCSS&minlatitude=35.75&maxlatitude=36.15&minlongitude=-120.75&maxlongitude=-120.35&mindepth=-2.0&maxdepth=15.0&minmagnitude=-1.0,2026-08-15T19:16:06Z
75209172,2025-07-13T11:53:34.700Z,35.99166,-120.5495,4.06,NC,NCSS,NC,,Md,1.5,NC,"San Miguel, CA",earthquake,https://service.ncedc.org/fdsnws/event/1/query?starttime=2024-05-07T23%3A46%3A07Z&endtime=2025-07-25T20%3A05%3A12Z&format=text&orderby=time&catalog=NCSS&minlatitude=35.75&maxlatitude=36.15&minlongitude=-120.75&maxlongitude=-120.35&mindepth=-2.0&maxdepth=15.0&minmagnitude=-1.0,2026-08-15T19:16:06Z
75208642,2025-07-12T05:05:05.250Z,36.0345,-120.59883,4.95,NC,NCSS,NC,,Md,2.2,NC,"Bradley, CA",earthquake,https://service.ncedc.org/fdsnws/event/1/query?starttime=2024-05-07T23%3A46%3A07Z&endtime=2025-07-25T20%3A05%3A12Z&format=text&orderby=time&catalog=NCSS&minlatitude=35.75&maxlatitude=36.15&minlongitude=-120.75&maxlongitude=-120.35&mindepth=-2.0&maxdepth=15.0&minmagnitude=-1.0,2026-08-15T19:16:06Z
75208107,2025-07-11T02:16:09.860Z,35.939,-120.4895,9.48,NC,NCSS,NC,,Ml,3.1,NC,"San Miguel, CA",earthquake,https://service.ncedc.org/fdsnws/event/1/query?starttime=2024-05-07T23%3A46%3A07Z&endtime=2025-07-25T20%3A05%3A12Z&format=text&orderby=time&catalog=NCSS&minlatitude=35.75&maxlatitude=36.15&minlongitude=-120.75&maxlongitude=-120.35&mindepth=-2.0&maxdepth=15.0&minmagnitude=-1.0,2026-08-15T19:16:06Z
75207657,2025-07-09T21:41:42.760Z,35.97117,-120.5295,5.84,NC,NCSS,NC,,Md,0.6,NC,"San Miguel, CA",earthquake,https://service.ncedc.org/fdsnws/event/1/query?starttime=2024-05-07T23%3A46%3A07Z&endtime=2025-07-25T20%3A05%3A12Z&format=text&orderby=time&catalog=NCSS&minlatitude=35.75&maxlatitude=36.15&minlongitude=-120.75&maxlongitude=-120.35&mindepth=-2.0&maxdepth=15.0&minmagnitude=-1.0,2026-08-15T19:16:06Z
75207262,2025-07-08T23:34:15.380Z,35.92667,-120.47784,9.63,NC,NCSS,NC,,Md,2.8,NC,"Cholame, CA",earthquake,https://service.ncedc.org/fdsnws/event/1/query?starttime=2024-05-07T23%3A46%3A07Z&endtime=2025-07-25T20%3A05%3A12Z&format=text&orderby=time&catalog=NCSS&minlatitude=35.75&maxlatitude=36.15&minlongitude=-120.75&maxlongitude=-120.35&mindepth=-2.0&maxdepth=15.0&minmagnitude=-1.0,2026-08-15T19:16:06Z
75207012,2025-07-08T10:43:07.160Z,36.0325,-120.59383,8.23,NC,NCSS,NC,,Md,2.2,NC,"Bradley, CA",earthquake,https://service.ncedc.org/fdsnws/event/1/query?starttime=2024-05-07T23%3A46%3A07Z&endtime=2025-07-25T20%3A05%3A12Z&format=text&orderby=time&catalog=NCSS&minlatitude=35.75&maxlatitude=36.15&minlongitude=-120.75&maxlongitude=-120.35&mindepth=-2.0&maxdepth=15.0&minmagnitude=-1.0,2026-08-15T19:16:06Z
75204386,2025-07-04T11:50:10.780Z,36.09883,-120.66433,6.65,NC,NCSS,NC,,Md,0.5,NC,"San Ardo, CA",earthquake,https://service.ncedc.org/fdsnws/event/1/query?starttime=2024-05-07T23%3A46%3A07Z&endtime=2025-07-25T20%3A05%3A12Z&format=text&orderby=time&catalog=NCSS&minlatitude=35.75&maxlatitude=36.15&minlongitude=-120.75&maxlongitude=-120.35&mindepth=-2.0&maxdepth=15.0&minmagnitude=-1.0,2026-08-15T19:16:06Z
75203906,2025-07-03T07:30:28.840Z,36.00533,-120.57317,3.74,NC,NCSS,NC,,Md,0.6,NC,"Bradley, CA",earthquake,https://service.ncedc.org/fdsnws/event/1/query?starttime=2024-05-07T23%3A46%3A07Z&endtime=2025-07-25T20%3A05%3A12Z&format=text&orderby=time&catalog=NCSS&minlatitude=35.75&maxlatitude=36.15&minlongitude=-120.75&maxlongitude=-120.35&mindepth=-2.0&maxdepth=15.0&minmagnitude=-1.0,2026-08-15T19:16:06Z
75203851,2025-07-03T04:29:50.570Z,35.96933,-120.529,7.44,NC,NCSS,NC,,Md,0.5,NC,"San Miguel, CA",earthquake,https://service.ncedc.org/fdsnws/event/1/query?starttime=2024-05-07T23%3A46%3A07Z&endtime=2025-07-25T20%3A05%3A12Z&format=text&orderby=time&catalog=NCSS&minlatitude=35.75&maxlatitude=36.15&minlongitude=-120.75&maxlongitude=-120.35&mindepth=-2.0&maxdepth=15.0&minmagnitude=-1.0,2026-08-15T19:16:06Z
75203051,2025-07-01T11:26:53.940Z,35.99383,-120.55483,5.13,NC,NCSS,NC,,Md,1.8,NC,"San Miguel, CA",earthquake,https://service.ncedc.org/fdsnws/event/1/query?starttime=2024-05-07T23%3A46%3A07Z&endtime=2025-07-25T20%3A05%3A12Z&format=text&orderby=time&catalog=NCSS&minlatitude=35.75&maxlatitude=36.15&minlongitude=-120.75&maxlongitude=-120.35&mindepth=-2.0&maxdepth=15.0&minmagnitude=-1.0,2026-08-15T19:16:06Z
75003783,2025-06-30T08:10:33.220Z,35.96217,-120.50467,3.61,NC,NCSS,NC,,Md,-0.0,NC,"San Miguel, CA",earthquake,https://service.ncedc.org/fdsnws/event/1/query?starttime=2024-05-07T23%3A46%3A07Z&endtime=2025-07-25T20%3A05%3A12Z&format=text&orderby=time&catalog=NCSS&minlatitude=35.75&maxlatitude=36.15&minlongitude=-120.75&maxlongitude=-120.35&mindepth=-2.0&maxdepth=15.0&minmagnitude=-1.0,2026-08-15T19:16:06Z
75202401,2025-06-30T04:12:15.320Z,35.93767,-120.49233,9.95,NC,NCSS,NC,,Md,1.0,NC,"San Miguel, CA",earthquake,https://service.ncedc.org/fdsnws/event/1/query?starttime=2024-05-07T23%3A46%3A07Z&endtime=2025-07-25T20%3A05%3A12Z&format=text&orderby=time&catalog=NCSS&minlatitude=35.75&maxlatitude=36.15&minlongitude=-120.75&maxlongitude=-120.35&mindepth=-2.0&maxdepth=15.0&minmagnitude=-1.0,2026-08-15T19:16:06Z
75201911,2025-06-28T22:22:17.740Z,35.923,-120.4715,4.09,NC,NCSS,NC,,Md,-0.0,NC,"Cholame, CA",earthquake,https://service.ncedc.org/fdsnws/event/1/query?starttime=2024-05-07T23%3A46%3A07Z&endtime=2025-07-25T20%3A05%3A12Z&format=text&orderby=time&catalog=NCSS&minlatitude=35.75&maxlatitude=36.15&minlongitude=-120.75&maxlongitude=-120.35&mindepth=-2.0&maxdepth=15.0&minmagnitude=-1.0,2026-08-15T19:16:06Z
75201331,2025-06-27T13:42:34.580Z,36.03367,-120.59717,3.08,NC,NCSS,NC,,Md,0.9,NC,"Bradley, CA",earthquake,https://service.ncedc.org/fdsnws/event/1/query?starttime=2024-05-07T23%3A46%3A07Z&endtime=2025-07-25T20%3A05%3A12Z&format=text&orderby=time&catalog=NCSS&minlatitude=35.75&maxlatitude=36.15&minlongitude=-120.75&maxlongitude=-120.35&mindepth=-2.0&maxdepth=15.0&minmagnitude=-1.0,2026-08-15T19:16:06Z
75201271,2025-06-27T11:21:49.910Z,35.92,-120.46833,4.49,NC,NCSS,NC,,Md,0.2,NC,"Cholame, CA",earthquake,https://service.ncedc.org/fdsnws/event/1/query?starttime=2024-05-07T23%3A46%3A07Z&endtime=2025-07-25T20%3A05%3A12Z&format=text&orderby=time&catalog=NCSS&minlatitude=35.75&maxlatitude=36.15&minlongitude=-120.75&maxlongitude=-120.35&mindepth=-2.0&maxdepth=15.0&minmagnitude=-1.0,2026-08-15T19:16:06Z
75201031,2025-06-26T21:32:59.350Z,36.03033,-120.58916,3.58,NC,NCSS,NC,,Md,1.5,NC,"Bradley, CA",earthquake,https://service.ncedc.org/fdsnws/event/1/query?starttime=2024-05-07T23%3A46%3A07Z&endtime=2025-07-25T20%3A05%3A12Z&format=text&orderby=time&catalog=NCSS&minlatitude=35.75&maxlatitude=36.15&minlongitude=-120.75&maxlongitude=-120.35&mindepth=-2.0&maxdepth=15.0&minmagnitude=-1.0,2026-08-15T19:16:06Z
75200011,2025-06-24T19:49:37.910Z,35.93817,-120.48067,9.55,NC,NCSS,NC,,Md,0.2,NC,"Cholame, CA",earthquake,https://service.ncedc.org/fdsnws/event/1/query?starttime=2024-05-07T23%3A46%3A07Z&endtime=2025-07-25T20%3A05%3A12Z&format=text&orderby=time&catalog=NCSS&minlatitude=35.75&maxlatitude=36.15&minlongitude=-120.75&maxlongitude=-120.35&mindepth=-2.0&maxdepth=15.0&minmagnitude=-1.0,2026-08-15T19:16:06Z
75198826,2025-06-22T09:41:09.340Z,36.033,-120.604,3.41,NC,NCSS,NC,,Md,0.1,NC,"Bradley, CA",earthquake,https://service.ncedc.org/fdsnws/event/1/query?starttime=2024-05-07T23%3A46%3A07Z&endtime=2025-07-25T20%3A05%3A12Z&format=text&orderby=time&catalog=NCSS&minlatitude=35.75&maxlatitude=36.15&minlongitude=-120.75&maxlongitude=-120.35&mindepth=-2.0&maxdepth=15.0&minmagnitude=-1.0,2026-08-15T19:16:06Z
75198581,2025-06-21T16:21:59.280Z,36.042,-120.613,7.26,NC,NCSS,NC,,Md,2.4,NC,"Bradley, CA",earthquake,https://service.ncedc.org/fdsnws/event/1/query?starttime=2024-05-07T23%3A46%3A07Z&endtime=2025-07-25T20%3A05%3A12Z&format=text&orderby=time&catalog=NCSS&minlatitude=35.75&maxlatitude=36.15&minlongitude=-120.75&maxlongitude=-120.35&mindepth=-2.0&maxdepth=15.0&minmagnitude=-1.0,2026-08-15T19:16:06Z
75198496,2025-06-21T12:22:02.210Z,35.9355,-120.49067,10.22,NC,NCSS,NC,,Md,2.2,NC,"San Miguel, CA",earthquake,https://service.ncedc.org/fdsnws/event/1/query?starttime=2024-05-07T23%3A46%3A07Z&endtime=2025-07-25T20%3A05%3A12Z&format=text&orderby=time&catalog=NCSS&minlatitude=35.75&maxlatitude=36.15&minlongitude=-120.75&maxlongitude=-120.35&mindepth=-2.0&maxdepth=15.0&minmagnitude=-1.0,2026-08-15T19:16:06Z
75197506,2025-06-19T06:04:47.940Z,35.943,-120.49367,9.89,NC,NCSS,NC,,Md,0.8,NC,"San Miguel, CA",earthquake,https://service.ncedc.org/fdsnws/event/1/query?starttime=2024-05-07T23%3A46%3A07Z&endtime=2025-07-25T20%3A05%3A12Z&format=text&orderby=time&catalog=NCSS&minlatitude=35.75&maxlatitude=36.15&minlongitude=-120.75&maxlongitude=-120.35&mindepth=-2.0&maxdepth=15.0&minmagnitude=-1.0,2026-08-15T19:16:06Z
75197436,2025-06-19T00:47:39.380Z,35.94316,-120.493,9.97,NC,NCSS,NC,,Md,0.7,NC,"San Miguel, CA",earthquake,https://service.ncedc.org/fdsnws/event/1/query?starttime=2024-05-07T23%3A46%3A07Z&endtime=2025-07-25T20%3A05%3A12Z&format=text&orderby=time&catalog=NCSS&minlatitude=35.75&maxlatitude=36.15&minlongitude=-120.75&maxlongitude=-120.35&mindepth=-2.0&maxdepth=15.0&minmagnitude=-1.0,2026-08-15T19:16:06Z
75197406,2025-06-18T23:06:16.500Z,35.94167,-120.49184,9.96,NC,NCSS,NC,,Md,2.3,NC,"San Miguel, CA",earthquake,https://service.ncedc.org/fdsnws/event/1/query?starttime=2024-05-07T23%3A46%3A07Z&endtime=2025-07-25T20%3A05%3A12Z&format=text&orderby=time&catalog=NCSS&minlatitude=35.75&maxlatitude=36.15&minlongitude=-120.75&maxlongitude=-120.35&mindepth=-2.0&maxdepth=15.0&minmagnitude=-1.0,2026-08-15T19:16:06Z
75197401,2025-06-18T22:56:24.160Z,35.94183,-120.49167,10.28,NC,NCSS,NC,,Ml,3.3,NC,"San Miguel, CA",earthquake,https://service.ncedc.org/fdsnws/event/1/query?starttime=2024-05-07T23%3A46%3A07Z&endtime=2025-07-25T20%3A05%3A12Z&format=text&orderby=time&catalog=NCSS&minlatitude=35.75&maxlatitude=36.15&minlongitude=-120.75&maxlongitude=-120.35&mindepth=-2.0&maxdepth=15.0&minmagnitude=-1.0,2026-08-15T19:16:06Z
75194511,2025-06-12T00:36:38.240Z,35.95284,-120.44534,4.82,NC,NCSS,NC,,Md,0.0,NC,"Cholame, CA",earthquake,https://service.ncedc.org/fdsnws/event/1/query?starttime=2024-05-07T23%3A46%3A07Z&endtime=2025-07-25T20%3A05%3A12Z&format=text&orderby=time&catalog=NCSS&minlatitude=35.75&maxlatitude=36.15&minlongitude=-120.75&maxlongitude=-120.35&mindepth=-2.0&maxdepth=15.0&minmagnitude=-1.0,2026-08-15T19:16:06Z
75194406,2025-06-11T19:48:32.930Z,36.0,-120.561,1.96,NC,NCSS,NC,,Md,0.8,NC,"Bradley, CA",earthquake,https://service.ncedc.org/fdsnws/event/1/query?starttime=2024-05-07T23%3A46%3A07Z&endtime=2025-07-25T20%3A05%3A12Z&format=text&orderby=time&catalog=NCSS&minlatitude=35.75&maxlatitude=36.15&minlongitude=-120.75&maxlongitude=-120.35&mindepth=-2.0&maxdepth=15.0&minmagnitude=-1.0,2026-08-15T19:16:06Z
75193331,2025-06-09T16:21:16.680Z,35.966,-120.514,1.89,NC,NCSS,NC,,Md,-0.0,NC,"San Miguel, CA",earthquake,https://service.ncedc.org/fdsnws/event/1/query?starttime=2024-05-07T23%3A46%3A07Z&endtime=2025-07-25T20%3A05%3A12Z&format=text&orderby=time&catalog=NCSS&minlatitude=35.75&maxlatitude=36.15&minlongitude=-120.75&maxlongitude=-120.35&mindepth=-2.0&maxdepth=15.0&minmagnitude=-1.0,2026-08-15T19:16:06Z
75192331,2025-06-07T15:09:29.810Z,36.02467,-120.58683,4.77,NC,NCSS,NC,,Md,1.1,NC,"Bradley, CA",earthquake,https://service.ncedc.org/fdsnws/event/1/query?starttime=2024-05-07T23%3A46%3A07Z&endtime=2025-07-25T20%3A05%3A12Z&format=text&orderby=time&catalog=NCSS&minlatitude=35.75&maxlatitude=36.15&minlongitude=-120.75&maxlongitude=-120.35&mindepth=-2.0&maxdepth=15.0&minmagnitude=-1.0,2026-08-15T19:16:06Z
75190261,2025-06-02T23:41:13.010Z,36.01067,-120.575,2.11,NC,NCSS,NC,,Md,1.8,NC,"Bradley, CA",earthquake,https://service.ncedc.org/fdsnws/event/1/query?starttime=2024-05-07T23%3A46%3A07Z&endtime=2025-07-25T20%3A05%3A12Z&format=text&orderby=time&catalog=NCSS&minlatitude=35.75&maxlatitude=36.15&minlongitude=-120.75&maxlongitude=-120.35&mindepth=-2.0&maxdepth=15.0&minmagnitude=-1.0,2026-08-15T19:16:06Z
75190206,2025-06-02T21:01:51.740Z,36.05017,-120.61,5.57,NC,NCSS,NC,,Md,0.6,NC,"Bradley, CA",earthquake,https://service.ncedc.org/fdsnws/event/1/query?starttime=2024-05-07T23%3A46%3A07Z&endtime=2025-07-25T20%3A05%3A12Z&format=text&orderby=time&catalog=NCSS&minlatitude=35.75&maxlatitude=36.15&minlongitude=-120.75&maxlongitude=-120.35&mindepth=-2.0&maxdepth=15.0&minmagnitude=-1.0,2026-08-15T19:16:06Z
75190196,2025-06-02T20:49:38.770Z,36.04984,-120.61283,5.67,NC,NCSS,NC,,Md,1.7,NC,"Bradley, CA",earthquake,https://service.ncedc.org/fdsnws/event/1/query?starttime=2024-05-07T23%3A46%3A07Z&endtime=2025-07-25T20%3A05%3A12Z&format=text&orderby=time&catalog=NCSS&minlatitude=35.75&maxlatitude=36.15&minlongitude=-120.75&maxlongitude=-120.35&mindepth=-2.0&maxdepth=15.0&minmagnitude=-1.0,2026-08-15T19:16:06Z
75189796,2025-06-02T02:20:19.860Z,36.00467,-120.5675,2.8,NC,NCSS,NC,,Md,0.8,NC,"Bradley, CA",earthquake,https://service.ncedc.org/fdsnws/event/1/query?starttime=2024-05-07T23%3A46%3A07Z&endtime=2025-07-25T20%3A05%3A12Z&format=text&orderby=time&catalog=NCSS&minlatitude=35.75&maxlatitude=36.15&minlongitude=-120.75&maxlongitude=-120.35&mindepth=-2.0&maxdepth=15.0&minmagnitude=-1.0,2026-08-15T19:16:06Z
75189041,2025-05-31T09:59:21.440Z,35.99067,-120.54933,3.05,NC,NCSS,NC,,Md,0.7,NC,"San Miguel, CA",earthquake,https://service.ncedc.org/fdsnws/event/1/query?starttime=2024-05-07T23%3A46%3A07Z&endtime=2025-07-25T20%3A05%3A12Z&format=text&orderby=time&catalog=NCSS&minlatitude=35.75&maxlatitude=36.15&minlongitude=-120.75&maxlongitude=-120.35&mindepth=-2.0&maxdepth=15.0&minmagnitude=-1.0,2026-08-15T19:16:06Z
75188246,2025-05-29T16:21:29.400Z,36.04767,-120.61617,3.64,NC,NCSS,NC,,Md,0.6,NC,"Bradley, CA",earthquake,https://service.ncedc.org/fdsnws/event/1/query?starttime=2024-05-07T23%3A46%3A07Z&endtime=2025-07-25T20%3A05%3A12Z&format=text&orderby=time&catalog=NCSS&minlatitude=35.75&maxlatitude=36.15&minlongitude=-120.75&maxlongitude=-120.35&mindepth=-2.0&maxdepth=15.0&minmagnitude=-1.0,2026-08-15T19:16:06Z
75188136,2025-05-29T10:09:22.240Z,36.04984,-120.61317,4.3,NC,NCSS,NC,,Md,2.5,NC,"Bradley, CA",earthquake,https://service.ncedc.org/fdsnws/event/1/query?starttime=2024-05-07T23%3A46%3A07Z&endtime=2025-07-25T20%3A05%3A12Z&format=text&orderby=time&catalog=NCSS&minlatitude=35.75&maxlatitude=36.15&minlongitude=-120.75&maxlongitude=-120.35&mindepth=-2.0&maxdepth=15.0&minmagnitude=-1.0,2026-08-15T19:16:06Z
75187401,2025-05-27T22:36:38.280Z,36.03817,-120.607,2.29,NC,NCSS,NC,,Md,0.7,NC,"Bradley, CA",earthquake,https://service.ncedc.org/fdsnws/event/1/query?starttime=2024-05-07T23%3A46%3A07Z&endtime=2025-07-25T20%3A05%3A12Z&format=text&orderby=time&catalog=NCSS&minlatitude=35.75&maxlatitude=36.15&minlongitude=-120.75&maxlongitude=-120.35&mindepth=-2.0&maxdepth=15.0&minmagnitude=-1.0,2026-08-15T19:16:06Z
75187291,2025-05-27T17:51:43.950Z,36.02234,-120.58617,2.93,NC,NCSS,NC,,Md,0.6,NC,"Bradley, CA",earthquake,https://service.ncedc.org/fdsnws/event/1/query?starttime=2024-05-07T23%3A46%3A07Z&endtime=2025-07-25T20%3A05%3A12Z&format=text&orderby=time&catalog=NCSS&minlatitude=35.75&maxlatitude=36.15&minlongitude=-120.75&maxlongitude=-120.35&mindepth=-2.0&maxdepth=15.0&minmagnitude=-1.0,2026-08-15T19:16:06Z
75187191,2025-05-27T12:14:48.880Z,35.98067,-120.54667,3.35,NC,NCSS,NC,,Md,1.7,NC,"San Miguel, CA",earthquake,https://service.ncedc.org/fdsnws/event/1/query?starttime=2024-05-07T23%3A46%3A07Z&endtime=2025-07-25T20%3A05%3A12Z&format=text&orderby=time&catalog=NCSS&minlatitude=35.75&maxlatitude=36.15&minlongitude=-120.75&maxlongitude=-120.35&mindepth=-2.0&maxdepth=15.0&minmagnitude=-1.0,2026-08-15T19:16:06Z
75186941,2025-05-26T21:11:26.250Z,36.07383,-120.64967,1.62,NC,NCSS,NC,,Md,0.4,NC,"Bradley, CA",earthquake,https://service.ncedc.org/fdsnws/event/1/query?starttime=2024-05-07T23%3A46%3A07Z&endtime=2025-07-25T20%3A05%3A12Z&format=text&orderby=time&catalog=NCSS&minlatitude=35.75&maxlatitude=36.15&minlongitude=-120.75&maxlongitude=-120.35&mindepth=-2.0&maxdepth=15.0&minmagnitude=-1.0,2026-08-15T19:16:06Z
75186601,2025-05-26T08:02:50.660Z,36.0225,-120.584,3.75,NC,NCSS,NC,,Md,0.9,NC,"Bradley, CA",earthquake,https://service.ncedc.org/fdsnws/event/1/query?starttime=2024-05-07T23%3A46%3A07Z&endtime=2025-07-25T20%3A05%3A12Z&format=text&orderby=time&catalog=NCSS&minlatitude=35.75&maxlatitude=36.15&minlongitude=-120.75&maxlongitude=-120.35&mindepth=-2.0&maxdepth=15.0&minmagnitude=-1.0,2026-08-15T19:16:06Z
75186266,2025-05-25T13:32:11.500Z,36.03467,-120.59433,3.47,NC,NCSS,NC,,Md,0.9,NC,"Bradley, CA",earthquake,https://service.ncedc.org/fdsnws/event/1/query?starttime=2024-05-07T23%3A46%3A07Z&endtime=2025-07-25T20%3A05%3A12Z&format=text&orderby=time&catalog=NCSS&minlatitude=35.75&maxlatitude=36.15&minlongitude=-120.75&maxlongitude=-120.35&mindepth=-2.0&maxdepth=15.0&minmagnitude=-1.0,2026-08-15T19:16:06Z
75185451,2025-05-23T13:26:02.250Z,36.02167,-120.59033,2.64,NC,NCSS,NC,,Md,0.1,NC,"Bradley, CA",earthquake,https://service.ncedc.org/fdsnws/event/1/query?starttime=2024-05-07T23%3A46%3A07Z&endtime=2025-07-25T20%3A05%3A12Z&format=text&orderby=time&catalog=NCSS&minlatitude=35.75&maxlatitude=36.15&minlongitude=-120.75&maxlongitude=-120.35&mindepth=-2.0&maxdepth=15.0&minmagnitude=-1.0,2026-08-15T19:16:06Z
75185446,2025-05-23T13:24:59.970Z,36.02267,-120.58717,2.34,NC,NCSS,NC,,Md,0.5,NC,"Bradley, CA",earthquake,https://service.ncedc.org/fdsnws/event/1/query?starttime=2024-05-07T23%3A46%3A07Z&endtime=2025-07-25T20%3A05%3A12Z&format=text&orderby=time&catalog=NCSS&minlatitude=35.75&maxlatitude=36.15&minlongitude=-120.75&maxlongitude=-120.35&mindepth=-2.0&maxdepth=15.0&minmagnitude=-1.0,2026-08-15T19:16:06Z
75184916,2025-05-22T12:58:01.530Z,36.032,-120.645,2.54,NC,NCSS,NC,,Md,1.1,NC,"Bradley, CA",earthquake,https://service.ncedc.org/fdsnws/event/1/query?starttime=2024-05-07T23%3A46%3A07Z&endtime=2025-07-25T20%3A05%3A12Z&format=text&orderby=time&catalog=NCSS&minlatitude=35.75&maxlatitude=36.15&minlongitude=-120.75&maxlongitude=-120.35&mindepth=-2.0&maxdepth=15.0&minmagnitude=-1.0,2026-08-15T19:16:06Z
75184786,2025-05-22T04:40:03.150Z,36.00983,-120.57166,2.14,NC,NCSS,NC,,Md,0.7,NC,"Bradley, CA",earthquake,https://service.ncedc.org/fdsnws/event/1/query?starttime=2024-05-07T23%3A46%3A07Z&endtime=2025-07-25T20%3A05%3A12Z&format=text&orderby=time&catalog=NCSS&minlatitude=35.75&maxlatitude=36.15&minlongitude=-120.75&maxlongitude=-120.35&mindepth=-2.0&maxdepth=15.0&minmagnitude=-1.0,2026-08-15T19:16:06Z
75184291,2025-05-21T01:33:09.000Z,36.037,-120.60167,3.38,NC,NCSS,NC,,Md,1.0,NC,"Bradley, CA",earthquake,https://service.ncedc.org/fdsnws/event/1/query?starttime=2024-05-07T23%3A46%3A07Z&endtime=2025-07-25T20%3A05%3A12Z&format=text&orderby=time&catalog=NCSS&minlatitude=35.75&maxlatitude=36.15&minlongitude=-120.75&maxlongitude=-120.35&mindepth=-2.0&maxdepth=15.0&minmagnitude=-1.0,2026-08-15T19:16:06Z
75184437,2025-05-19T14:56:11.660Z,36.0115,-120.57183,4.25,NC,NCSS,NC,,Md,2.0,NC,"Bradley, CA",earthquake,https://service.ncedc.org/fdsnws/event/1/query?starttime=2024-05-07T23%3A46%3A07Z&endtime=2025-07-25T20%3A05%3A12Z&format=text&orderby=time&catalog=NCSS&minlatitude=35.75&maxlatitude=36.15&minlongitude=-120.75&maxlongitude=-120.35&mindepth=-2.0&maxdepth=15.0&minmagnitude=-1.0,2026-08-15T19:16:06Z
75184387,2025-05-19T12:50:42.840Z,35.92717,-120.47567,9.62,NC,NCSS,NC,,Md,1.8,NC,"Cholame, CA",earthquake,https://service.ncedc.org/fdsnws/event/1/query?starttime=2024-05-07T23%3A46%3A07Z&endtime=2025-07-25T20%3A05%3A12Z&format=text&orderby=time&catalog=NCSS&minlatitude=35.75&maxlatitude=36.15&minlongitude=-120.75&maxlongitude=-120.35&mindepth=-2.0&maxdepth=15.0&minmagnitude=-1.0,2026-08-15T19:16:06Z
75183107,2025-05-16T21:37:58.590Z,35.943,-120.47,5.08,NC,NCSS,NC,,Md,-0.0,NC,"Cholame, CA",earthquake,https://service.ncedc.org/fdsnws/event/1/query?starttime=2024-05-07T23%3A46%3A07Z&endtime=2025-07-25T20%3A05%3A12Z&format=text&orderby=time&catalog=NCSS&minlatitude=35.75&maxlatitude=36.15&minlongitude=-120.75&maxlongitude=-120.35&mindepth=-2.0&maxdepth=15.0&minmagnitude=-1.0,2026-08-15T19:16:06Z
75182797,2025-05-16T10:49:31.610Z,36.00883,-120.57117,3.86,NC,NCSS,NC,,Md,0.8,NC,"Bradley, CA",earthquake,https://service.ncedc.org/fdsnws/event/1/query?starttime=2024-05-07T23%3A46%3A07Z&endtime=2025-07-25T20%3A05%3A12Z&format=text&orderby=time&catalog=NCSS&minlatitude=35.75&maxlatitude=36.15&minlongitude=-120.75&maxlongitude=-120.35&mindepth=-2.0&maxdepth=15.0&minmagnitude=-1.0,2026-08-15T19:16:06Z
75182792,2025-05-16T10:30:30.280Z,36.00867,-120.56983,4.08,NC,NCSS,NC,,Md,0.7,NC,"Bradley, CA",earthquake,https://service.ncedc.org/fdsnws/event/1/query?starttime=2024-05-07T23%3A46%3A07Z&endtime=2025-07-25T20%3A05%3A12Z&format=text&orderby=time&catalog=NCSS&minlatitude=35.75&maxlatitude=36.15&minlongitude=-120.75&maxlongitude=-120.35&mindepth=-2.0&maxdepth=15.0&minmagnitude=-1.0,2026-08-15T19:16:06Z
75182232,2025-05-15T03:36:21.100Z,35.96783,-120.51167,2.79,NC,NCSS,NC,,Md,0.3,NC,"San Miguel, CA",earthquake,https://service.ncedc.org/fdsnws/event/1/query?starttime=2024-05-07T23%3A46%3A07Z&endtime=2025-07-25T20%3A05%3A12Z&format=text&orderby=time&catalog=NCSS&minlatitude=35.75&maxlatitude=36.15&minlongitude=-120.75&maxlongitude=-120.35&mindepth=-2.0&maxdepth=15.0&minmagnitude=-1.0,2026-08-15T19:16:06Z
75182147,2025-05-15T00:07:24.040Z,35.95583,-120.49717,5.09,NC,NCSS,NC,,Md,0.4,NC,"San Miguel, CA",earthquake,https://service.ncedc.org/fdsnws/event/1/query?starttime=2024-05-07T23%3A46%3A07Z&endtime=2025-07-25T20%3A05%3A12Z&format=text&orderby=time&catalog=NCSS&minlatitude=35.75&maxlatitude=36.15&minlongitude=-120.75&maxlongitude=-120.35&mindepth=-2.0&maxdepth=15.0&minmagnitude=-1.0,2026-08-15T19:16:06Z
75181487,2025-05-13T12:21:15.790Z,36.04933,-120.61983,-0.6,NC,NCSS,NC,,Md,0.8,NC,"Bradley, CA",earthquake,https://service.ncedc.org/fdsnws/event/1/query?starttime=2024-05-07T23%3A46%3A07Z&endtime=2025-07-25T20%3A05%3A12Z&format=text&orderby=time&catalog=NCSS&minlatitude=35.75&maxlatitude=36.15&minlongitude=-120.75&maxlongitude=-120.35&mindepth=-2.0&maxdepth=15.0&minmagnitude=-1.0,2026-08-15T19:16:06Z
75181227,2025-05-12T19:47:29.600Z,35.90917,-120.5735,10.63,NC,NCSS,NC,,Md,0.6,NC,"San Miguel, CA",earthquake,https://service.ncedc.org/fdsnws/event/1/query?starttime=2024-05-07T23%3A46%3A07Z&endtime=2025-07-25T20%3A05%3A12Z&format=text&orderby=time&catalog=NCSS&minlatitude=35.75&maxlatitude=36.15&minlongitude=-120.75&maxlongitude=-120.35&mindepth=-2.0&maxdepth=15.0&minmagnitude=-1.0,2026-08-15T19:16:06Z
75179826,2025-05-11T14:09:32.080Z,35.99983,-120.56233,1.44,NC,NCSS,NC,,Md,0.8,NC,"Bradley, CA",earthquake,https://service.ncedc.org/fdsnws/event/1/query?starttime=2024-05-07T23%3A46%3A07Z&endtime=2025-07-25T20%3A05%3A12Z&format=text&orderby=time&catalog=NCSS&minlatitude=35.75&maxlatitude=36.15&minlongitude=-120.75&maxlongitude=-120.35&mindepth=-2.0&maxdepth=15.0&minmagnitude=-1.0,2026-08-15T19:16:06Z
75179786,2025-05-11T12:13:11.660Z,36.01,-120.57217,0.17,NC,NCSS,NC,,Md,1.0,NC,"Bradley, CA",earthquake,https://service.ncedc.org/fdsnws/event/1/query?starttime=2024-05-07T23%3A46%3A07Z&endtime=2025-07-25T20%3A05%3A12Z&format=text&orderby=time&catalog=NCSS&minlatitude=35.75&maxlatitude=36.15&minlongitude=-120.75&maxlongitude=-120.35&mindepth=-2.0&maxdepth=15.0&minmagnitude=-1.0,2026-08-15T19:16:06Z
75179726,2025-05-11T09:34:52.630Z,36.058,-120.63883,-0.72,NC,NCSS,NC,,Md,1.1,NC,"Bradley, CA",earthquake,https://service.ncedc.org/fdsnws/event/1/query?starttime=2024-05-07T23%3A46%3A07Z&endtime=2025-07-25T20%3A05%3A12Z&format=text&orderby=time&catalog=NCSS&minlatitude=35.75&maxlatitude=36.15&minlongitude=-120.75&maxlongitude=-120.35&mindepth=-2.0&maxdepth=15.0&minmagnitude=-1.0,2026-08-15T19:16:06Z
75179101,2025-05-09T22:38:33.520Z,36.063,-120.6305,0.41,NC,NCSS,NC,,Md,1.0,NC,"Bradley, CA",earthquake,https://service.ncedc.org/fdsnws/event/1/query?starttime=2024-05-07T23%3A46%3A07Z&endtime=2025-07-25T20%3A05%3A12Z&format=text&orderby=time&catalog=NCSS&minlatitude=35.75&maxlatitude=36.15&minlongitude=-120.75&maxlongitude=-120.35&mindepth=-2.0&maxdepth=15.0&minmagnitude=-1.0,2026-08-15T19:16:06Z
75176461,2025-05-04T20:08:43.190Z,35.98317,-120.52184,11.37,NC,NCSS,NC,,Md,0.1,NC,"San Miguel, CA",earthquake,https://service.ncedc.org/fdsnws/event/1/query?starttime=2024-05-07T23%3A46%3A07Z&endtime=2025-07-25T20%3A05%3A12Z&format=text&orderby=time&catalog=NCSS&minlatitude=35.75&maxlatitude=36.15&minlongitude=-120.75&maxlongitude=-120.35&mindepth=-2.0&maxdepth=15.0&minmagnitude=-1.0,2026-08-15T19:16:06Z
75176451,2025-05-04T19:41:34.520Z,35.9315,-120.47967,4.04,NC,NCSS,NC,,Md,-0.0,NC,"Cholame, CA",earthquake,https://service.ncedc.org/fdsnws/event/1/query?starttime=2024-05-07T23%3A46%3A07Z&endtime=2025-07-25T20%3A05%3A12Z&format=text&orderby=time&catalog=NCSS&minlatitude=35.75&maxlatitude=36.15&minlongitude=-120.75&maxlongitude=-120.35&mindepth=-2.0&maxdepth=15.0&minmagnitude=-1.0,2026-08-15T19:16:06Z
75176381,2025-05-04T16:07:44.650Z,36.044,-120.63,2.38,NC,NCSS,NC,,Md,0.5,NC,"Bradley, CA",earthquake,https://service.ncedc.org/fdsnws/event/1/query?starttime=2024-05-07T23%3A46%3A07Z&endtime=2025-07-25T20%3A05%3A12Z&format=text&orderby=time&catalog=NCSS&minlatitude=35.75&maxlatitude=36.15&minlongitude=-120.75&maxlongitude=-120.35&mindepth=-2.0&maxdepth=15.0&minmagnitude=-1.0,2026-08-15T19:16:06Z
75176371,2025-05-04T14:37:01.470Z,35.90567,-120.425,10.32,NC,NCSS,NC,,Md,0.3,NC,"Cholame, CA",earthquake,https://service.ncedc.org/fdsnws/event/1/query?starttime=2024-05-07T23%3A46%3A07Z&endtime=2025-07-25T20%3A05%3A12Z&format=text&orderby=time&catalog=NCSS&minlatitude=35.75&maxlatitude=36.15&minlongitude=-120.75&maxlongitude=-120.35&mindepth=-2.0&maxdepth=15.0&minmagnitude=-1.0,2026-08-15T19:16:06Z
75175481,2025-05-02T20:02:46.150Z,36.05033,-120.614,3.85,NC,NCSS,NC,,Md,1.1,NC,"Bradley, CA",earthquake,https://service.ncedc.org/fdsnws/event/1/query?starttime=2024-05-07T23%3A46%3A07Z&endtime=2025-07-25T20%3A05%3A12Z&format=text&orderby=time&catalog=NCSS&minlatitude=35.75&maxlatitude=36.15&minlongitude=-120.75&maxlongitude=-120.35&mindepth=-2.0&maxdepth=15.0&minmagnitude=-1.0,2026-08-15T19:16:06Z
75175061,2025-05-02T04:49:53.300Z,36.04467,-120.61867,0.95,NC,NCSS,NC,,Md,0.2,NC,"Bradley, CA",earthquake,https://service.ncedc.org/fdsnws/event/1/query?starttime=2024-05-07T23%3A46%3A07Z&endtime=2025-07-25T20%3A05%3A12Z&format=text&orderby=time&catalog=NCSS&minlatitude=35.75&maxlatitude=36.15&minlongitude=-120.75&maxlongitude=-120.35&mindepth=-2.0&maxdepth=15.0&minmagnitude=-1.0,2026-08-15T19:16:06Z
75173916,2025-04-30T01:45:47.130Z,35.99267,-120.5405,0.54,NC,NCSS,NC,,Md,0.2,NC,"San Miguel, CA",earthquake,https://service.ncedc.org/fdsnws/event/1/query?starttime=2024-05-07T23%3A46%3A07Z&endtime=2025-07-25T20%3A05%3A12Z&format=text&orderby=time&catalog=NCSS&minlatitude=35.75&maxlatitude=36.15&minlongitude=-120.75&maxlongitude=-120.35&mindepth=-2.0&maxdepth=15.0&minmagnitude=-1.0,2026-08-15T19:16:06Z
75170361,2025-04-23T17:44:23.590Z,36.035,-120.595,3.78,NC,NCSS,NC,,Md,1.4,NC,"Bradley, CA",earthquake,https://service.ncedc.org/fdsnws/event/1/query?starttime=2024-05-07T23%3A46%3A07Z&endtime=2025-07-25T20%3A05%3A12Z&format=text&orderby=time&catalog=NCSS&minlatitude=35.75&maxlatitude=36.15&minlongitude=-120.75&maxlongitude=-120.35&mindepth=-2.0&maxdepth=15.0&minmagnitude=-1.0,2026-08-15T19:16:06Z
75169466,2025-04-22T00:51:21.450Z,36.043,-120.611,4.09,NC,NCSS,NC,,Md,0.4,NC,"Bradley, CA",earthquake,https://service.ncedc.org/fdsnws/event/1/query?starttime=2024-05-07T23%3A46%3A07Z&endtime=2025-07-25T20%3A05%3A12Z&format=text&orderby=time&catalog=NCSS&minlatitude=35.75&maxlatitude=36.15&minlongitude=-120.75&maxlongitude=-120.35&mindepth=-2.0&maxdepth=15.0&minmagnitude=-1.0,2026-08-15T19:16:06Z
75169056,2025-04-21T02:31:46.520Z,36.0065,-120.5685,4.65,NC,NCSS,NC,,Md,0.4,NC,"Bradley, CA",earthquake,https://service.ncedc.org/fdsnws/event/1/query?starttime=2024-05-07T23%3A46%3A07Z&endtime=2025-07-25T20%3A05%3A12Z&format=text&orderby=time&catalog=NCSS&minlatitude=35.75&maxlatitude=36.15&minlongitude=-120.75&maxlongitude=-120.35&mindepth=-2.0&maxdepth=15.0&minmagnitude=-1.0,2026-08-15T19:16:06Z
75167411,2025-04-18T07:55:55.930Z,36.0015,-120.56267,1.23,NC,NCSS,NC,,Md,0.4,NC,"Bradley, CA",earthquake,https://service.ncedc.org/fdsnws/event/1/query?starttime=2024-05-07T23%3A46%3A07Z&endtime=2025-07-25T20%3A05%3A12Z&format=text&orderby=time&catalog=NCSS&minlatitude=35.75&maxlatitude=36.15&minlongitude=-120.75&maxlongitude=-120.35&mindepth=-2.0&maxdepth=15.0&minmagnitude=-1.0,2026-08-15T19:16:06Z
75167361,2025-04-18T04:05:35.160Z,36.03633,-120.60217,2.05,NC,NCSS,NC,,Md,0.1,NC,"Bradley, CA",earthquake,https://service.ncedc.org/fdsnws/event/1/query?starttime=2024-05-07T23%3A46%3A07Z&endtime=2025-07-25T20%3A05%3A12Z&format=text&orderby=time&catalog=NCSS&minlatitude=35.75&maxlatitude=36.15&minlongitude=-120.75&maxlongitude=-120.35&mindepth=-2.0&maxdepth=15.0&minmagnitude=-1.0,2026-08-15T19:16:06Z
75166696,2025-04-17T04:23:21.740Z,35.97633,-120.52766,3.52,NC,NCSS,NC,,Md,0.6,NC,"San Miguel, CA",earthquake,https://service.ncedc.org/fdsnws/event/1/query?starttime=2024-05-07T23%3A46%3A07Z&endtime=2025-07-25T20%3A05%3A12Z&format=text&orderby=time&catalog=NCSS&minlatitude=35.75&maxlatitude=36.15&minlongitude=-120.75&maxlongitude=-120.35&mindepth=-2.0&maxdepth=15.0&minmagnitude=-1.0,2026-08-15T19:16:06Z
75166426,2025-04-16T18:35:17.380Z,35.92433,-120.47066,3.49,NC,NCSS,NC,,Md,0.2,NC,"Cholame, CA",earthquake,https://service.ncedc.org/fdsnws/event/1/query?starttime=2024-05-07T23%3A46%3A07Z&endtime=2025-07-25T20%3A05%3A12Z&format=text&orderby=time&catalog=NCSS&minlatitude=35.75&maxlatitude=36.15&minlongitude=-120.75&maxlongitude=-120.35&mindepth=-2.0&maxdepth=15.0&minmagnitude=-1.0,2026-08-15T19:16:06Z
75166411,2025-04-16T17:28:54.170Z,36.0015,-120.5635,4.35,NC,NCSS,NC,,Md,0.6,NC,"Bradley, CA",earthquake,https://service.ncedc.org/fdsnws/event/1/query?starttime=2024-05-07T23%3A46%3A07Z&endtime=2025-07-25T20%3A05%3A12Z&format=text&orderby=time&catalog=NCSS&minlatitude=35.75&maxlatitude=36.15&minlongitude=-120.75&maxlongitude=-120.35&mindepth=-2.0&maxdepth=15.0&minmagnitude=-1.0,2026-08-15T19:16:06Z
75166406,2025-04-16T17:26:47.540Z,36.00217,-120.56416,4.45,NC,NCSS,NC,,Md,0.7,NC,"Bradley, CA",earthquake,https://service.ncedc.org/fdsnws/event/1/query?starttime=2024-05-07T23%3A46%3A07Z&endtime=2025-07-25T20%3A05%3A12Z&format=text&orderby=time&catalog=NCSS&minlatitude=35.75&maxlatitude=36.15&minlongitude=-120.75&maxlongitude=-120.35&mindepth=-2.0&maxdepth=15.0&minmagnitude=-1.0,2026-08-15T19:16:06Z
75166111,2025-04-16T06:12:10.260Z,35.98233,-120.5365,3.77,NC,NCSS,NC,,Md,-0.0,NC,"San Miguel, CA",earthquake,https://service.ncedc.org/fdsnws/event/1/query?starttime=2024-05-07T23%3A46%3A07Z&endtime=2025-07-25T20%3A05%3A12Z&format=text&orderby=time&catalog=NCSS&minlatitude=35.75&maxlatitude=36.15&minlongitude=-120.75&maxlongitude=-120.35&mindepth=-2.0&maxdepth=15.0&minmagnitude=-1.0,2026-08-15T19:16:06Z
75165841,2025-04-15T17:33:56.880Z,35.971,-120.52184,4.23,NC,NCSS,NC,,Md,0.0,NC,"San Miguel, CA",earthquake,https://service.ncedc.org/fdsnws/event/1/query?starttime=2024-05-07T23%3A46%3A07Z&endtime=2025-07-25T20%3A05%3A12Z&format=text&orderby=time&catalog=NCSS&minlatitude=35.75&maxlatitude=36.15&minlongitude=-120.75&maxlongitude=-120.35&mindepth=-2.0&maxdepth=15.0&minmagnitude=-1.0,2026-08-15T19:16:06Z
75165656,2025-04-15T04:24:35.820Z,35.8775,-120.631,12.89,NC,NCSS,NC,,Md,0.3,NC,"San Miguel, CA",earthquake,https://service.ncedc.org/fdsnws/event/1/query?starttime=2024-05-07T23%3A46%3A07Z&endtime=2025-07-25T20%3A05%3A12Z&format=text&orderby=time&catalog=NCSS&minlatitude=35.75&maxlatitude=36.15&minlongitude=-120.75&maxlongitude=-120.35&mindepth=-2.0&maxdepth=15.0&minmagnitude=-1.0,2026-08-15T19:16:06Z
75165651,2025-04-15T04:24:02.290Z,36.0335,-120.59766,3.3,NC,NCSS,NC,,Md,0.9,NC,"Bradley, CA",earthquake,https://service.ncedc.org/fdsnws/event/1/query?starttime=2024-05-07T23%3A46%3A07Z&endtime=2025-07-25T20%3A05%3A12Z&format=text&orderby=time&catalog=NCSS&minlatitude=35.75&maxlatitude=36.15&minlongitude=-120.75&maxlongitude=-120.35&mindepth=-2.0&maxdepth=15.0&minmagnitude=-1.0,2026-08-15T19:16:06Z
75165356,2025-04-14T19:06:30.250Z,36.039,-120.59683,4.34,NC,NCSS,NC,,Md,2.0,NC,"Bradley, CA",earthquake,https://service.ncedc.org/fdsnws/event/1/query?starttime=2024-05-07T23%3A46%3A07Z&endtime=2025-07-25T20%3A05%3A12Z&format=text&orderby=time&catalog=NCSS&minlatitude=35.75&maxlatitude=36.15&minlongitude=-120.75&maxlongitude=-120.35&mindepth=-2.0&maxdepth=15.0&minmagnitude=-1.0,2026-08-15T19:16:06Z
75165156,2025-04-14T13:59:07.390Z,36.00667,-120.57283,3.95,NC,NCSS,NC,,Md,0.0,NC,"Bradley, CA",earthquake,https://service.ncedc.org/fdsnws/event/1/query?starttime=2024-05-07T23%3A46%3A07Z&endtime=2025-07-25T20%3A05%3A12Z&format=text&orderby=time&catalog=NCSS&minlatitude=35.75&maxlatitude=36.15&minlongitude=-120.75&maxlongitude=-120.35&mindepth=-2.0&maxdepth=15.0&minmagnitude=-1.0,2026-08-15T19:16:06Z
75164501,2025-04-13T09:22:07.040Z,35.888,-120.432,5.23,NC,NCSS,NC,,Md,0.1,NC,"Cholame, CA",earthquake,https://service.ncedc.org/fdsnws/event/1/query?starttime=2024-05-07T23%3A46%3A07Z&endtime=2025-07-25T20%3A05%3A12Z&format=text&orderby=time&catalog=NCSS&minlatitude=35.75&maxlatitude=36.15&minlongitude=-120.75&maxlongitude=-120.35&mindepth=-2.0&maxdepth=15.0&minmagnitude=-1.0,2026-08-15T19:16:06Z
75164461,2025-04-13T07:27:38.390Z,36.03133,-120.60567,-0.74,NC,NCSS,NC,,Md,0.2,NC,"Bradley, CA",earthquake,https://service.ncedc.org/fdsnws/event/1/query?starttime=2024-05-07T23%3A46%3A07Z&endtime=2025-07-25T20%3A05%3A12Z&format=text&orderby=time&catalog=NCSS&minlatitude=35.75&maxlatitude=36.15&minlongitude=-120.75&maxlongitude=-120.35&mindepth=-2.0&maxdepth=15.0&minmagnitude=-1.0,2026-08-15T19:16:06Z
75163341,2025-04-11T01:56:26.330Z,36.01966,-120.5855,1.43,NC,NCSS,NC,,Md,0.2,NC,"Bradley, CA",earthquake,https://service.ncedc.org/fdsnws/event/1/query?starttime=2024-05-07T23%3A46%3A07Z&endtime=2025-07-25T20%3A05%3A12Z&format=text&orderby=time&catalog=NCSS&minlatitude=35.75&maxlatitude=36.15&minlongitude=-120.75&maxlongitude=-120.35&mindepth=-2.0&maxdepth=15.0&minmagnitude=-1.0,2026-08-15T19:16:06Z
75163171,2025-04-10T20:27:59.080Z,36.0435,-120.621,4.28,NC,NCSS,NC,,Md,0.6,NC,"Bradley, CA",earthquake,https://service.ncedc.org/fdsnws/event/1/query?starttime=2024-05-07T23%3A46%3A07Z&endtime=2025-07-25T20%3A05%3A12Z&format=text&orderby=time&catalog=NCSS&minlatitude=35.75&maxlatitude=36.15&minlongitude=-120.75&maxlongitude=-120.35&mindepth=-2.0&maxdepth=15.0&minmagnitude=-1.0,2026-08-15T19:16:06Z
75162676,2025-04-10T01:01:44.360Z,36.01883,-120.58466,4.15,NC,NCSS,NC,,Md,1.4,NC,"Bradley, CA",earthquake,https://service.ncedc.org/fdsnws/event/1/query?starttime=2024-05-07T23%3A46%3A07Z&endtime=2025-07-25T20%3A05%3A12Z&format=text&orderby=time&catalog=NCSS&minlatitude=35.75&maxlatitude=36.15&minlongitude=-120.75&maxlongitude=-120.35&mindepth=-2.0&maxdepth=15.0&minmagnitude=-1.0,2026-08-15T19:16:06Z
75162782,2025-04-08T21:53:20.900Z,35.9815,-120.53967,4.79,NC,NCSS,NC,,Md,0.5,NC,"San Miguel, CA",earthquake,https://service.ncedc.org/fdsnws/event/1/query?starttime=2024-05-07T23%3A46%3A07Z&endtime=2025-07-25T20%3A05%3A12Z&format=text&orderby=time&catalog=NCSS&minlatitude=35.75&maxlatitude=36.15&minlongitude=-120.75&maxlongitude=-120.35&mindepth=-2.0&maxdepth=15.0&minmagnitude=-1.0,2026-08-15T19:16:06Z
75162462,2025-04-08T13:11:32.520Z,36.0005,-120.56067,2.27,NC,NCSS,NC,,Md,1.6,NC,"Bradley, CA",earthquake,https://service.ncedc.org/fdsnws/event/1/query?starttime=2024-05-07T23%3A46%3A07Z&endtime=2025-07-25T20%3A05%3A12Z&format=text&orderby=time&catalog=NCSS&minlatitude=35.75&maxlatitude=36.15&minlongitude=-120.75&maxlongitude=-120.35&mindepth=-2.0&maxdepth=15.0&minmagnitude=-1.0,2026-08-15T19:16:06Z
75162242,2025-04-08T04:09:06.980Z,35.99783,-120.557,1.62,NC,NCSS,NC,,Md,0.9,NC,"Bradley, CA",earthquake,https://service.ncedc.org/fdsnws/event/1/query?starttime=2024-05-07T23%3A46%3A07Z&endtime=2025-07-25T20%3A05%3A12Z&format=text&orderby=time&catalog=NCSS&minlatitude=35.75&maxlatitude=36.15&minlongitude=-120.75&maxlongitude=-120.35&mindepth=-2.0&maxdepth=15.0&minmagnitude=-1.0,2026-08-15T19:16:06Z
75161557,2025-04-06T22:01:14.190Z,36.00533,-120.573,1.11,NC,NCSS,NC,,Md,0.5,NC,"Bradley, CA",earthquake,https://service.ncedc.org/fdsnws/event/1/query?starttime=2024-05-07T23%3A46%3A07Z&endtime=2025-07-25T20%3A05%3A12Z&format=text&orderby=time&catalog=NCSS&minlatitude=35.75&maxlatitude=36.15&minlongitude=-120.75&maxlongitude=-120.35&mindepth=-2.0&maxdepth=15.0&minmagnitude=-1.0,2026-08-15T19:16:06Z
75161322,2025-04-06T14:52:17.940Z,36.00017,-120.5585,1.79,NC,NCSS,NC,,Md,0.8,NC,"Bradley, CA",earthquake,https://service.ncedc.org/fdsnws/event/1/query?starttime=2024-05-07T23%3A46%3A07Z&endtime=2025-07-25T20%3A05%3A12Z&format=text&orderby=time&catalog=NCSS&minlatitude=35.75&maxlatitude=36.15&minlongitude=-120.75&maxlongitude=-120.35&mindepth=-2.0&maxdepth=15.0&minmagnitude=-1.0,2026-08-15T19:16:06Z
75161312,2025-04-06T14:24:15.710Z,35.99717,-120.56917,3.25,NC,NCSS,NC,,Md,1.1,NC,"Bradley, CA",earthquake,https://service.ncedc.org/fdsnws/event/1/query?starttime=2024-05-07T23%3A46%3A07Z&endtime=2025-07-25T20%3A05%3A12Z&format=text&orderby=time&catalog=NCSS&minlatitude=35.75&maxlatitude=36.15&minlongitude=-120.75&maxlongitude=-120.35&mindepth=-2.0&maxdepth=15.0&minmagnitude=-1.0,2026-08-15T19:16:06Z
75161302,2025-04-06T13:51:22.310Z,36.002,-120.56483,2.74,NC,NCSS,NC,,Md,1.6,NC,"Bradley, CA",earthquake,https://service.ncedc.org/fdsnws/event/1/query?starttime=2024-05-07T23%3A46%3A07Z&endtime=2025-07-25T20%3A05%3A12Z&format=text&orderby=time&catalog=NCSS&minlatitude=35.75&maxlatitude=36.15&minlongitude=-120.75&maxlongitude=-120.35&mindepth=-2.0&maxdepth=15.0&minmagnitude=-1.0,2026-08-15T19:16:06Z
75161267,2025-04-06T12:58:40.860Z,36.00183,-120.567,2.51,NC,NCSS,NC,,Md,1.1,NC,"Bradley, CA",earthquake,https://service.ncedc.org/fdsnws/event/1/query?starttime=2024-05-07T23%3A46%3A07Z&endtime=2025-07-25T20%3A05%3A12Z&format=text&orderby=time&catalog=NCSS&minlatitude=35.75&maxlatitude=36.15&minlongitude=-120.75&maxlongitude=-120.35&mindepth=-2.0&maxdepth=15.0&minmagnitude=-1.0,2026-08-15T19:16:06Z
75161107,2025-04-06T08:23:21.000Z,36.00117,-120.56316,3.05,NC,NCSS,NC,,Md,1.8,NC,"Bradley, CA",earthquake,https://service.ncedc.org/fdsnws/event/1/query?starttime=2024-05-07T23%3A46%3A07Z&endtime=2025-07-25T20%3A05%3A12Z&format=text&orderby=time&catalog=NCSS&minlatitude=35.75&maxlatitude=36.15&minlongitude=-120.75&maxlongitude=-120.35&mindepth=-2.0&maxdepth=15.0&minmagnitude=-1.0,2026-08-15T19:16:06Z
75161102,2025-04-06T08:17:09.960Z,35.9995,-120.5645,3.62,NC,NCSS,NC,,Md,1.6,NC,"Bradley, CA",earthquake,https://service.ncedc.org/fdsnws/event/1/query?starttime=2024-05-07T23%3A46%3A07Z&endtime=2025-07-25T20%3A05%3A12Z&format=text&orderby=time&catalog=NCSS&minlatitude=35.75&maxlatitude=36.15&minlongitude=-120.75&maxlongitude=-120.35&mindepth=-2.0&maxdepth=15.0&minmagnitude=-1.0,2026-08-15T19:16:06Z
75161097,2025-04-06T08:10:07.010Z,35.99783,-120.55783,1.13,NC,NCSS,NC,,Md,0.0,NC,"Bradley, CA",earthquake,https://service.ncedc.org/fdsnws/event/1/query?starttime=2024-05-07T23%3A46%3A07Z&endtime=2025-07-25T20%3A05%3A12Z&format=text&orderby=time&catalog=NCSS&minlatitude=35.75&maxlatitude=36.15&minlongitude=-120.75&maxlongitude=-120.35&mindepth=-2.0&maxdepth=15.0&minmagnitude=-1.0,2026-08-15T19:16:06Z
75161062,2025-04-06T06:19:55.500Z,35.99866,-120.56133,3.59,NC,NCSS,NC,,Md,1.7,NC,"Bradley, CA",earthquake,https://service.ncedc.org/fdsnws/event/1/query?starttime=2024-05-07T23%3A46%3A07Z&endtime=2025-07-25T20%3A05%3A12Z&format=text&orderby=time&catalog=NCSS&minlatitude=35.75&maxlatitude=36.15&minlongitude=-120.75&maxlongitude=-120.35&mindepth=-2.0&maxdepth=15.0&minmagnitude=-1.0,2026-08-15T19:16:06Z
75161042,2025-04-06T06:12:56.970Z,35.99917,-120.56084,2.25,NC,NCSS,NC,,Md,1.0,NC,"Bradley, CA",earthquake,https://service.ncedc.org/fdsnws/event/1/query?starttime=2024-05-07T23%3A46%3A07Z&endtime=2025-07-25T20%3A05%3A12Z&format=text&orderby=time&catalog=NCSS&minlatitude=35.75&maxlatitude=36.15&minlongitude=-120.75&maxlongitude=-120.35&mindepth=-2.0&maxdepth=15.0&minmagnitude=-1.0,2026-08-15T19:16:06Z
75161057,2025-04-06T06:11:18.180Z,35.995,-120.56,3.42,NC,NCSS,NC,,Ml,3.1,NC,"Bradley, CA",earthquake,https://service.ncedc.org/fdsnws/event/1/query?starttime=2024-05-07T23%3A46%3A07Z&endtime=2025-07-25T20%3A05%3A12Z&format=text&orderby=time&catalog=NCSS&minlatitude=35.75&maxlatitude=36.15&minlongitude=-120.75&maxlongitude=-120.35&mindepth=-2.0&maxdepth=15.0&minmagnitude=-1.0,2026-08-15T19:16:06Z
75160677,2025-04-05T17:53:02.330Z,35.92767,-120.477,4.11,NC,NCSS,NC,,Md,-0.0,NC,"Cholame, CA",earthquake,https://service.ncedc.org/fdsnws/event/1/query?starttime=2024-05-07T23%3A46%3A07Z&endtime=2025-07-25T20%3A05%3A12Z&format=text&orderby=time&catalog=NCSS&minlatitude=35.75&maxlatitude=36.15&minlongitude=-120.75&maxlongitude=-120.35&mindepth=-2.0&maxdepth=15.0&minmagnitude=-1.0,2026-08-15T19:16:06Z
75159777,2025-04-04T06:29:45.940Z,35.99367,-120.55566,3.34,NC,NCSS,NC,,Md,0.2,NC,"San Miguel, CA",earthquake,https://service.ncedc.org/fdsnws/event/1/query?starttime=2024-05-07T23%3A46%3A07Z&endtime=2025-07-25T20%3A05%3A12Z&format=text&orderby=time&catalog=NCSS&minlatitude=35.75&maxlatitude=36.15&minlongitude=-120.75&maxlongitude=-120.35&mindepth=-2.0&maxdepth=15.0&minmagnitude=-1.0,2026-08-15T19:16:06Z
75158832,2025-04-02T15:47:14.420Z,36.00033,-120.56267,1.55,NC,NCSS,NC,,Md,1.0,NC,"Bradley, CA",earthquake,https://service.ncedc.org/fdsnws/event/1/query?starttime=2024-05-07T23%3A46%3A07Z&endtime=2025-07-25T20%3A05%3A12Z&format=text&orderby=time&catalog=NCSS&minlatitude=35.75&maxlatitude=36.15&minlongitude=-120.75&maxlongitude=-120.35&mindepth=-2.0&maxdepth=15.0&minmagnitude=-1.0,2026-08-15T19:16:06Z
75158827,2025-04-02T15:46:47.240Z,36.00083,-120.56267,1.87,NC,NCSS,NC,,Md,1.0,NC,"Bradley, CA",earthquake,https://service.ncedc.org/fdsnws/event/1/query?starttime=2024-05-07T23%3A46%3A07Z&endtime=2025-07-25T20%3A05%3A12Z&format=text&orderby=time&catalog=NCSS&minlatitude=35.75&maxlatitude=36.15&minlongitude=-120.75&maxlongitude=-120.35&mindepth=-2.0&maxdepth=15.0&minmagnitude=-1.0,2026-08-15T19:16:06Z
75158472,2025-04-01T13:01:47.230Z,36.0415,-120.604,2.87,NC,NCSS,NC,,Md,0.7,NC,"Bradley, CA",earthquake,https://service.ncedc.org/fdsnws/event/1/query?starttime=2024-05-07T23%3A46%3A07Z&endtime=2025-07-25T20%3A05%3A12Z&format=text&orderby=time&catalog=NCSS&minlatitude=35.75&maxlatitude=36.15&minlongitude=-120.75&maxlongitude=-120.35&mindepth=-2.0&maxdepth=15.0&minmagnitude=-1.0,2026-08-15T19:16:06Z
75157222,2025-03-29T13:49:32.150Z,36.03667,-120.60117,3.64,NC,NCSS,NC,,Md,0.1,NC,"Bradley, CA",earthquake,https://service.ncedc.org/fdsnws/event/1/query?starttime=2024-05-07T23%3A46%3A07Z&endtime=2025-07-25T20%3A05%3A12Z&format=text&orderby=time&catalog=NCSS&minlatitude=35.75&maxlatitude=36.15&minlongitude=-120.75&maxlongitude=-120.35&mindepth=-2.0&maxdepth=15.0&minmagnitude=-1.0,2026-08-15T19:16:06Z
75157117,2025-03-29T06:46:47.140Z,36.0055,-120.56817,3.79,NC,NCSS,NC,,Md,0.7,NC,"Bradley, CA",earthquake,https://service.ncedc.org/fdsnws/event/1/query?starttime=2024-05-07T23%3A46%3A07Z&endtime=2025-07-25T20%3A05%3A12Z&format=text&orderby=time&catalog=NCSS&minlatitude=35.75&maxlatitude=36.15&minlongitude=-120.75&maxlongitude=-120.35&mindepth=-2.0&maxdepth=15.0&minmagnitude=-1.0,2026-08-15T19:16:06Z
75157112,2025-03-29T06:43:58.360Z,36.00483,-120.5715,3.8,NC,NCSS,NC,,Md,0.7,NC,"Bradley, CA",earthquake,https://service.ncedc.org/fdsnws/event/1/query?starttime=2024-05-07T23%3A46%3A07Z&endtime=2025-07-25T20%3A05%3A12Z&format=text&orderby=time&catalog=NCSS&minlatitude=35.75&maxlatitude=36.15&minlongitude=-120.75&maxlongitude=-120.35&mindepth=-2.0&maxdepth=15.0&minmagnitude=-1.0,2026-08-15T19:16:06Z
75157107,2025-03-29T06:43:47.290Z,36.00383,-120.572,3.99,NC,NCSS,NC,,Md,0.7,NC,"Bradley, CA",earthquake,https://service.ncedc.org/fdsnws/event/1/query?starttime=2024-05-07T23%3A46%3A07Z&endtime=2025-07-25T20%3A05%3A12Z&format=text&orderby=time&catalog=NCSS&minlatitude=35.75&maxlatitude=36.15&minlongitude=-120.75&maxlongitude=-120.35&mindepth=-2.0&maxdepth=15.0&minmagnitude=-1.0,2026-08-15T19:16:06Z
75156012,2025-03-27T05:53:47.440Z,35.988,-120.544,2.11,NC,NCSS,NC,,Md,0.0,NC,"San Miguel, CA",earthquake,https://service.ncedc.org/fdsnws/event/1/query?starttime=2024-05-07T23%3A46%3A07Z&endtime=2025-07-25T20%3A05%3A12Z&format=text&orderby=time&catalog=NCSS&minlatitude=35.75&maxlatitude=36.15&minlongitude=-120.75&maxlongitude=-120.35&mindepth=-2.0&maxdepth=15.0&minmagnitude=-1.0,2026-08-15T19:16:06Z
75154987,2025-03-25T12:10:39.970Z,36.05767,-120.6355,2.27,NC,NCSS,NC,,Md,0.8,NC,"Bradley, CA",earthquake,https://service.ncedc.org/fdsnws/event/1/query?starttime=2024-05-07T23%3A46%3A07Z&endtime=2025-07-25T20%3A05%3A12Z&format=text&orderby=time&catalog=NCSS&minlatitude=35.75&maxlatitude=36.15&minlongitude=-120.75&maxlongitude=-120.35&mindepth=-2.0&maxdepth=15.0&minmagnitude=-1.0,2026-08-15T19:16:06Z
75154982,2025-03-25T12:05:41.890Z,35.98217,-120.54533,5.83,NC,NCSS,NC,,Md,0.0,NC,"San Miguel, CA",earthquake,https://service.ncedc.org/fdsnws/event/1/query?starttime=2024-05-07T23%3A46%3A07Z&endtime=2025-07-25T20%3A05%3A12Z&format=text&orderby=time&catalog=NCSS&minlatitude=35.75&maxlatitude=36.15&minlongitude=-120.75&maxlongitude=-120.35&mindepth=-2.0&maxdepth=15.0&minmagnitude=-1.0,2026-08-15T19:16:06Z
75154907,2025-03-25T09:43:15.820Z,36.06533,-120.62683,4.3,NC,NCSS,NC,,Md,1.4,NC,"Bradley, CA",earthquake,https://service.ncedc.org/fdsnws/event/1/query?starttime=2024-05-07T23%3A46%3A07Z&endtime=2025-07-25T20%3A05%3A12Z&format=text&orderby=time&catalog=NCSS&minlatitude=35.75&maxlatitude=36.15&minlongitude=-120.75&maxlongitude=-120.35&mindepth=-2.0&maxdepth=15.0&minmagnitude=-1.0,2026-08-15T19:16:06Z
75154827,2025-03-25T05:19:18.190Z,35.79833,-120.50816,9.18,NC,NCSS,NC,,Md,0.8,NC,"San Miguel, CA",earthquake,https://service.ncedc.org/fdsnws/event/1/query?starttime=2024-05-07T23%3A46%3A07Z&endtime=2025-07-25T20%3A05%3A12Z&format=text&orderby=time&catalog=NCSS&minlatitude=35.75&maxlatitude=36.15&minlongitude=-120.75&maxlongitude=-120.35&mindepth=-2.0&maxdepth=15.0&minmagnitude=-1.0,2026-08-15T19:16:06Z
75154582,2025-03-24T19:10:29.600Z,35.82433,-120.482,10.39,NC,NCSS,NC,,Md,0.3,NC,"Shandon, CA",earthquake,https://service.ncedc.org/fdsnws/event/1/query?starttime=2024-05-07T23%3A46%3A07Z&endtime=2025-07-25T20%3A05%3A12Z&format=text&orderby=time&catalog=NCSS&minlatitude=35.75&maxlatitude=36.15&minlongitude=-120.75&maxlongitude=-120.35&mindepth=-2.0&maxdepth=15.0&minmagnitude=-1.0,2026-08-15T19:16:06Z
75153662,2025-03-23T07:07:56.780Z,35.86317,-120.4045,4.64,NC,NCSS,NC,,Md,1.0,NC,"Cholame, CA",earthquake,https://service.ncedc.org/fdsnws/event/1/query?starttime=2024-05-07T23%3A46%3A07Z&endtime=2025-07-25T20%3A05%3A12Z&format=text&orderby=time&catalog=NCSS&minlatitude=35.75&maxlatitude=36.15&minlongitude=-120.75&maxlongitude=-120.35&mindepth=-2.0&maxdepth=15.0&minmagnitude=-1.0,2026-08-15T19:16:06Z
75153522,2025-03-23T00:02:18.260Z,36.0155,-120.57983,3.51,NC,NCSS,NC,,Md,1.1,NC,"Bradley, CA",earthquake,https://service.ncedc.org/fdsnws/event/1/query?starttime=2024-05-07T23%3A46%3A07Z&endtime=2025-07-25T20%3A05%3A12Z&format=text&orderby=time&catalog=NCSS&minlatitude=35.75&maxlatitude=36.15&minlongitude=-120.75&maxlongitude=-120.35&mindepth=-2.0&maxdepth=15.0&minmagnitude=-1.0,2026-08-15T19:16:06Z
75153337,2025-03-22T18:46:02.500Z,35.99166,-120.552,3.99,NC,NCSS,NC,,Md,1.5,NC,"San Miguel, CA",earthquake,https://service.ncedc.org/fdsnws/event/1/query?starttime=2024-05-07T23%3A46%3A07Z&endtime=2025-07-25T20%3A05%3A12Z&format=text&orderby=time&catalog=NCSS&minlatitude=35.75&maxlatitude=36.15&minlongitude=-120.75&maxlongitude=-120.35&mindepth=-2.0&maxdepth=15.0&minmagnitude=-1.0,2026-08-15T19:16:06Z
75153017,2025-03-22T01:58:34.520Z,36.02917,-120.59067,4.39,NC,NCSS,NC,,Md,2.2,NC,"Bradley, CA",earthquake,https://service.ncedc.org/fdsnws/event/1/query?starttime=2024-05-07T23%3A46%3A07Z&endtime=2025-07-25T20%3A05%3A12Z&format=text&orderby=time&catalog=NCSS&minlatitude=35.75&maxlatitude=36.15&minlongitude=-120.75&maxlongitude=-120.35&mindepth=-2.0&maxdepth=15.0&minmagnitude=-1.0,2026-08-15T19:16:06Z
75151882,2025-03-20T04:45:51.610Z,35.95833,-120.51667,9.87,NC,NCSS,NC,,Md,0.9,NC,"San Miguel, CA",earthquake,https://service.ncedc.org/fdsnws/event/1/query?starttime=2024-05-07T23%3A46%3A07Z&endtime=2025-07-25T20%3A05%3A12Z&format=text&orderby=time&catalog=NCSS&minlatitude=35.75&maxlatitude=36.15&minlongitude=-120.75&maxlongitude=-120.35&mindepth=-2.0&maxdepth=15.0&minmagnitude=-1.0,2026-08-15T19:16:06Z
75151362,2025-03-19T02:19:16.920Z,35.99117,-120.55283,3.59,NC,NCSS,NC,,Md,0.7,NC,"San Miguel, CA",earthquake,https://service.ncedc.org/fdsnws/event/1/query?starttime=2024-05-07T23%3A46%3A07Z&endtime=2025-07-25T20%3A05%3A12Z&format=text&orderby=time&catalog=NCSS&minlatitude=35.75&maxlatitude=36.15&minlongitude=-120.75&maxlongitude=-120.35&mindepth=-2.0&maxdepth=15.0&minmagnitude=-1.0,2026-08-15T19:16:06Z
75149606,2025-03-16T15:55:22.780Z,35.9445,-120.47417,0.16,NC,NCSS,NC,,Md,0.0,NC,"Cholame, CA",earthquake,https://service.ncedc.org/fdsnws/event/1/query?starttime=2024-05-07T23%3A46%3A07Z&endtime=2025-07-25T20%3A05%3A12Z&format=text&orderby=time&catalog=NCSS&minlatitude=35.75&maxlatitude=36.15&minlongitude=-120.75&maxlongitude=-120.35&mindepth=-2.0&maxdepth=15.0&minmagnitude=-1.0,2026-08-15T19:16:06Z
75149481,2025-03-16T07:22:08.840Z,36.0405,-120.6275,0.07,NC,NCSS,NC,,Md,0.4,NC,"Bradley, CA",earthquake,https://service.ncedc.org/fdsnws/event/1/query?starttime=2024-05-07T23%3A46%3A07Z&endtime=2025-07-25T20%3A05%3A12Z&format=text&orderby=time&catalog=NCSS&minlatitude=35.75&maxlatitude=36.15&minlongitude=-120.75&maxlongitude=-120.35&mindepth=-2.0&maxdepth=15.0&minmagnitude=-1.0,2026-08-15T19:16:06Z
75149191,2025-03-15T17:02:52.630Z,36.063,-120.6425,0.22,NC,NCSS,NC,,Md,0.4,NC,"Bradley, CA",earthquake,https://service.ncedc.org/fdsnws/event/1/query?starttime=2024-05-07T23%3A46%3A07Z&endtime=2025-07-25T20%3A05%3A12Z&format=text&orderby=time&catalog=NCSS&minlatitude=35.75&maxlatitude=36.15&minlongitude=-120.75&maxlongitude=-120.35&mindepth=-2.0&maxdepth=15.0&minmagnitude=-1.0,2026-08-15T19:16:06Z
75148851,2025-03-14T20:51:06.070Z,35.90267,-120.43567,10.32,NC,NCSS,NC,,Md,0.3,NC,"Cholame, CA",earthquake,https://service.ncedc.org/fdsnws/event/1/query?starttime=2024-05-07T23%3A46%3A07Z&endtime=2025-07-25T20%3A05%3A12Z&format=text&orderby=time&catalog=NCSS&minlatitude=35.75&maxlatitude=36.15&minlongitude=-120.75&maxlongitude=-120.35&mindepth=-2.0&maxdepth=15.0&minmagnitude=-1.0,2026-08-15T19:16:06Z
75148441,2025-03-14T06:20:33.910Z,36.0815,-120.65517,0.6,NC,NCSS,NC,,Md,0.6,NC,"San Ardo, CA",earthquake,https://service.ncedc.org/fdsnws/event/1/query?starttime=2024-05-07T23%3A46%3A07Z&endtime=2025-07-25T20%3A05%3A12Z&format=text&orderby=time&catalog=NCSS&minlatitude=35.75&maxlatitude=36.15&minlongitude=-120.75&maxlongitude=-120.35&mindepth=-2.0&maxdepth=15.0&minmagnitude=-1.0,2026-08-15T19:16:06Z
75148321,2025-03-14T01:10:52.550Z,36.00383,-120.5695,3.06,NC,NCSS,NC,,Md,1.0,NC,"Bradley, CA",earthquake,https://service.ncedc.org/fdsnws/event/1/query?starttime=2024-05-07T23%3A46%3A07Z&endtime=2025-07-25T20%3A05%3A12Z&format=text&orderby=time&catalog=NCSS&minlatitude=35.75&maxlatitude=36.15&minlongitude=-120.75&maxlongitude=-120.35&mindepth=-2.0&maxdepth=15.0&minmagnitude=-1.0,2026-08-15T19:16:06Z
75148061,2025-03-13T11:01:00.360Z,35.795,-120.50883,9.76,NC,NCSS,NC,,Md,0.8,NC,"San Miguel, CA",earthquake,https://service.ncedc.org/fdsnws/event/1/query?starttime=2024-05-07T23%3A46%3A07Z&endtime=2025-07-25T20%3A05%3A12Z&format=text&orderby=time&catalog=NCSS&minlatitude=35.75&maxlatitude=36.15&minlongitude=-120.75&maxlongitude=-120.35&mindepth=-2.0&maxdepth=15.0&minmagnitude=-1.0,2026-08-15T19:16:06Z
75147866,2025-03-13T00:51:40.840Z,36.01233,-120.56783,2.83,NC,NCSS,NC,,Md,0.6,NC,"Bradley, CA",earthquake,https://service.ncedc.org/fdsnws/event/1/query?starttime=2024-05-07T23%3A46%3A07Z&endtime=2025-07-25T20%3A05%3A12Z&format=text&orderby=time&catalog=NCSS&minlatitude=35.75&maxlatitude=36.15&minlongitude=-120.75&maxlongitude=-120.35&mindepth=-2.0&maxdepth=15.0&minmagnitude=-1.0,2026-08-15T19:16:06Z
75145771,2025-03-09T21:03:44.490Z,36.10017,-120.60966,7.3,NC,NCSS,NC,,Md,0.7,NC,"Bradley, CA",earthquake,https://service.ncedc.org/fdsnws/event/1/query?starttime=2024-05-07T23%3A46%3A07Z&endtime=2025-07-25T20%3A05%3A12Z&format=text&orderby=time&catalog=NCSS&minlatitude=35.75&maxlatitude=36.15&minlongitude=-120.75&maxlongitude=-120.35&mindepth=-2.0&maxdepth=15.0&minmagnitude=-1.0,2026-08-15T19:16:06Z
75144871,2025-03-08T07:19:35.070Z,36.11317,-120.60667,7.44,NC,NCSS,NC,,Md,0.6,NC,"New Idria, CA",earthquake,https://service.ncedc.org/fdsnws/event/1/query?starttime=2024-05-07T23%3A46%3A07Z&endtime=2025-07-25T20%3A05%3A12Z&format=text&orderby=time&catalog=NCSS&minlatitude=35.75&maxlatitude=36.15&minlongitude=-120.75&maxlongitude=-120.35&mindepth=-2.0&maxdepth=15.0&minmagnitude=-1.0,2026-08-15T19:16:06Z
75144661,2025-03-07T20:10:34.950Z,35.9655,-120.51334,1.97,NC,NCSS,NC,,Md,0.1,NC,"San Miguel, CA",earthquake,https://service.ncedc.org/fdsnws/event/1/query?starttime=2024-05-07T23%3A46%3A07Z&endtime=2025-07-25T20%3A05%3A12Z&format=text&orderby=time&catalog=NCSS&minlatitude=35.75&maxlatitude=36.15&minlongitude=-120.75&maxlongitude=-120.35&mindepth=-2.0&maxdepth=15.0&minmagnitude=-1.0,2026-08-15T19:16:06Z
75144251,2025-03-07T06:10:15.790Z,36.04433,-120.61017,5.29,NC,NCSS,NC,,Md,1.0,NC,"Bradley, CA",earthquake,https://service.ncedc.org/fdsnws/event/1/query?starttime=2024-05-07T23%3A46%3A07Z&endtime=2025-07-25T20%3A05%3A12Z&format=text&orderby=time&catalog=NCSS&minlatitude=35.75&maxlatitude=36.15&minlongitude=-120.75&maxlongitude=-120.35&mindepth=-2.0&maxdepth=15.0&minmagnitude=-1.0,2026-08-15T19:16:06Z
75144146,2025-03-07T02:15:48.950Z,35.98067,-120.53717,3.7,NC,NCSS,NC,,Md,0.4,NC,"San Miguel, CA",earthquake,https://service.ncedc.org/fdsnws/event/1/query?starttime=2024-05-07T23%3A46%3A07Z&endtime=2025-07-25T20%3A05%3A12Z&format=text&orderby=time&catalog=NCSS&minlatitude=35.75&maxlatitude=36.15&minlongitude=-120.75&maxlongitude=-120.35&mindepth=-2.0&maxdepth=15.0&minmagnitude=-1.0,2026-08-15T19:16:06Z
75144011,2025-03-06T21:33:32.160Z,36.04016,-120.6165,3.85,NC,NCSS,NC,,Md,0.1,NC,"Bradley, CA",earthquake,https://service.ncedc.org/fdsnws/event/1/query?starttime=2024-05-07T23%3A46%3A07Z&endtime=2025-07-25T20%3A05%3A12Z&format=text&orderby=time&catalog=NCSS&minlatitude=35.75&maxlatitude=36.15&minlongitude=-120.75&maxlongitude=-120.35&mindepth=-2.0&maxdepth=15.0&minmagnitude=-1.0,2026-08-15T19:16:06Z
75002733,2025-03-06T16:35:16.960Z,36.041,-120.61183,5.02,NC,NCSS,NC,,Md,0.6,NC,"Bradley, CA",earthquake,https://service.ncedc.org/fdsnws/event/1/query?starttime=2024-05-07T23%3A46%3A07Z&endtime=2025-07-25T20%3A05%3A12Z&format=text&orderby=time&catalog=NCSS&minlatitude=35.75&maxlatitude=36.15&minlongitude=-120.75&maxlongitude=-120.35&mindepth=-2.0&maxdepth=15.0&minmagnitude=-1.0,2026-08-15T19:16:06Z
75143811,2025-03-06T12:38:32.100Z,36.04133,-120.615,4.92,NC,NCSS,NC,,Md,0.3,NC,"Bradley, CA",earthquake,https://service.ncedc.org/fdsnws/event/1/query?starttime=2024-05-07T23%3A46%3A07Z&endtime=2025-07-25T20%3A05%3A12Z&format=text&orderby=time&catalog=NCSS&minlatitude=35.75&maxlatitude=36.15&minlongitude=-120.75&maxlongitude=-120.35&mindepth=-2.0&maxdepth=15.0&minmagnitude=-1.0,2026-08-15T19:16:06Z
75143781,2025-03-06T10:11:26.070Z,36.01417,-120.58234,3.86,NC,NCSS,NC,,Md,0.4,NC,"Bradley, CA",earthquake,https://service.ncedc.org/fdsnws/event/1/query?starttime=2024-05-07T23%3A46%3A07Z&endtime=2025-07-25T20%3A05%3A12Z&format=text&orderby=time&catalog=NCSS&minlatitude=35.75&maxlatitude=36.15&minlongitude=-120.75&maxlongitude=-120.35&mindepth=-2.0&maxdepth=15.0&minmagnitude=-1.0,2026-08-15T19:16:06Z
75143341,2025-03-05T16:25:43.760Z,36.1075,-120.59834,9.01,NC,NCSS,NC,,Md,0.7,NC,"New Idria, CA",earthquake,https://service.ncedc.org/fdsnws/event/1/query?starttime=2024-05-07T23%3A46%3A07Z&endtime=2025-07-25T20%3A05%3A12Z&format=text&orderby=time&catalog=NCSS&minlatitude=35.75&maxlatitude=36.15&minlongitude=-120.75&maxlongitude=-120.35&mindepth=-2.0&maxdepth=15.0&minmagnitude=-1.0,2026-08-15T19:16:06Z
75143051,2025-03-05T04:38:22.800Z,36.1175,-120.60567,8.21,NC,NCSS,NC,,Md,1.0,NC,"New Idria, CA",earthquake,https://service.ncedc.org/fdsnws/event/1/query?starttime=2024-05-07T23%3A46%3A07Z&endtime=2025-07-25T20%3A05%3A12Z&format=text&orderby=time&catalog=NCSS&minlatitude=35.75&maxlatitude=36.15&minlongitude=-120.75&maxlongitude=-120.35&mindepth=-2.0&maxdepth=15.0&minmagnitude=-1.0,2026-08-15T19:16:06Z
75142961,2025-03-04T23:38:23.180Z,36.10733,-120.6025,8.45,NC,NCSS,NC,,Md,0.5,NC,"San Ardo, CA",earthquake,https://service.ncedc.org/fdsnws/event/1/query?starttime=2024-05-07T23%3A46%3A07Z&endtime=2025-07-25T20%3A05%3A12Z&format=text&orderby=time&catalog=NCSS&minlatitude=35.75&maxlatitude=36.15&minlongitude=-120.75&maxlongitude=-120.35&mindepth=-2.0&maxdepth=15.0&minmagnitude=-1.0,2026-08-15T19:16:06Z
75142911,2025-03-04T21:02:38.050Z,36.1145,-120.59717,8.49,NC,NCSS,NC,,Md,1.2,NC,"New Idria, CA",earthquake,https://service.ncedc.org/fdsnws/event/1/query?starttime=2024-05-07T23%3A46%3A07Z&endtime=2025-07-25T20%3A05%3A12Z&format=text&orderby=time&catalog=NCSS&minlatitude=35.75&maxlatitude=36.15&minlongitude=-120.75&maxlongitude=-120.35&mindepth=-2.0&maxdepth=15.0&minmagnitude=-1.0,2026-08-15T19:16:06Z
75142901,2025-03-04T20:53:07.820Z,36.111,-120.60233,9.21,NC,NCSS,NC,,Md,0.5,NC,"New Idria, CA",earthquake,https://service.ncedc.org/fdsnws/event/1/query?starttime=2024-05-07T23%3A46%3A07Z&endtime=2025-07-25T20%3A05%3A12Z&format=text&orderby=time&catalog=NCSS&minlatitude=35.75&maxlatitude=36.15&minlongitude=-120.75&maxlongitude=-120.35&mindepth=-2.0&maxdepth=15.0&minmagnitude=-1.0,2026-08-15T19:16:06Z
75142881,2025-03-04T20:10:47.500Z,36.09533,-120.61083,7.32,NC,NCSS,NC,,Md,1.2,NC,"Bradley, CA",earthquake,https://service.ncedc.org/fdsnws/event/1/query?starttime=2024-05-07T23%3A46%3A07Z&endtime=2025-07-25T20%3A05%3A12Z&format=text&orderby=time&catalog=NCSS&minlatitude=35.75&maxlatitude=36.15&minlongitude=-120.75&maxlongitude=-120.35&mindepth=-2.0&maxdepth=15.0&minmagnitude=-1.0,2026-08-15T19:16:06Z
75142781,2025-03-04T16:44:52.320Z,36.11717,-120.60033,8.49,NC,NCSS,NC,,Md,2.5,NC,"New Idria, CA",earthquake,https://service.ncedc.org/fdsnws/event/1/query?starttime=2024-05-07T23%3A46%3A07Z&endtime=2025-07-25T20%3A05%3A12Z&format=text&orderby=time&catalog=NCSS&minlatitude=35.75&maxlatitude=36.15&minlongitude=-120.75&maxlongitude=-120.35&mindepth=-2.0&maxdepth=15.0&minmagnitude=-1.0,2026-08-15T19:16:06Z
75142726,2025-03-04T15:29:33.250Z,36.104,-120.60067,8.03,NC,NCSS,NC,,Md,1.0,NC,"Bradley, CA",earthquake,https://service.ncedc.org/fdsnws/event/1/query?starttime=2024-05-07T23%3A46%3A07Z&endtime=2025-07-25T20%3A05%3A12Z&format=text&orderby=time&catalog=NCSS&minlatitude=35.75&maxlatitude=36.15&minlongitude=-120.75&maxlongitude=-120.35&mindepth=-2.0&maxdepth=15.0&minmagnitude=-1.0,2026-08-15T19:16:06Z
75142691,2025-03-04T13:39:12.180Z,36.05633,-120.62833,0.75,NC,NCSS,NC,,Md,0.6,NC,"Bradley, CA",earthquake,https://service.ncedc.org/fdsnws/event/1/query?starttime=2024-05-07T23%3A46%3A07Z&endtime=2025-07-25T20%3A05%3A12Z&format=text&orderby=time&catalog=NCSS&minlatitude=35.75&maxlatitude=36.15&minlongitude=-120.75&maxlongitude=-120.35&mindepth=-2.0&maxdepth=15.0&minmagnitude=-1.0,2026-08-15T19:16:06Z
75142626,2025-03-04T11:25:38.630Z,36.085,-120.61983,5.85,NC,NCSS,NC,,Md,1.1,NC,"Bradley, CA",earthquake,https://service.ncedc.org/fdsnws/event/1/query?starttime=2024-05-07T23%3A46%3A07Z&endtime=2025-07-25T20%3A05%3A12Z&format=text&orderby=time&catalog=NCSS&minlatitude=35.75&maxlatitude=36.15&minlongitude=-120.75&maxlongitude=-120.35&mindepth=-2.0&maxdepth=15.0&minmagnitude=-1.0,2026-08-15T19:16:06Z
75142576,2025-03-04T08:51:01.170Z,36.0845,-120.622,6.18,NC,NCSS,NC,,Md,0.5,NC,"Bradley, CA",earthquake,https://service.ncedc.org/fdsnws/event/1/query?starttime=2024-05-07T23%3A46%3A07Z&endtime=2025-07-25T20%3A05%3A12Z&format=text&orderby=time&catalog=NCSS&minlatitude=35.75&maxlatitude=36.15&minlongitude=-120.75&maxlongitude=-120.35&mindepth=-2.0&maxdepth=15.0&minmagnitude=-1.0,2026-08-15T19:16:06Z
75142571,2025-03-04T08:30:27.320Z,36.08867,-120.61,6.55,NC,NCSS,NC,,Md,0.6,NC,"Bradley, CA",earthquake,https://service.ncedc.org/fdsnws/event/1/query?starttime=2024-05-07T23%3A46%3A07Z&endtime=2025-07-25T20%3A05%3A12Z&format=text&orderby=time&catalog=NCSS&minlatitude=35.75&maxlatitude=36.15&minlongitude=-120.75&maxlongitude=-120.35&mindepth=-2.0&maxdepth=15.0&minmagnitude=-1.0,2026-08-15T19:16:06Z
75142551,2025-03-04T07:59:04.560Z,36.10633,-120.6025,8.11,NC,NCSS,NC,,Md,1.0,NC,"San Ardo, CA",earthquake,https://service.ncedc.org/fdsnws/event/1/query?starttime=2024-05-07T23%3A46%3A07Z&endtime=2025-07-25T20%3A05%3A12Z&format=text&orderby=time&catalog=NCSS&minlatitude=35.75&maxlatitude=36.15&minlongitude=-120.75&maxlongitude=-120.35&mindepth=-2.0&maxdepth=15.0&minmagnitude=-1.0,2026-08-15T19:16:06Z
75142451,2025-03-04T02:52:05.470Z,36.089,-120.61483,7.76,NC,NCSS,NC,,Md,1.7,NC,"Bradley, CA",earthquake,https://service.ncedc.org/fdsnws/event/1/query?starttime=2024-05-07T23%3A46%3A07Z&endtime=2025-07-25T20%3A05%3A12Z&format=text&orderby=time&catalog=NCSS&minlatitude=35.75&maxlatitude=36.15&minlongitude=-120.75&maxlongitude=-120.35&mindepth=-2.0&maxdepth=15.0&minmagnitude=-1.0,2026-08-15T19:16:06Z
75142416,2025-03-04T01:13:23.400Z,36.10417,-120.596,8.44,NC,NCSS,NC,,Md,0.8,NC,"Bradley, CA",earthquake,https://service.ncedc.org/fdsnws/event/1/query?starttime=2024-05-07T23%3A46%3A07Z&endtime=2025-07-25T20%3A05%3A12Z&format=text&orderby=time&catalog=NCSS&minlatitude=35.75&maxlatitude=36.15&minlongitude=-120.75&maxlongitude=-120.35&mindepth=-2.0&maxdepth=15.0&minmagnitude=-1.0,2026-08-15T19:16:06Z
75142396,2025-03-04T00:32:10.230Z,36.06833,-120.628,2.33,NC,NCSS,NC,,Md,0.3,NC,"Bradley, CA",earthquake,https://service.ncedc.org/fdsnws/event/1/query?starttime=2024-05-07T23%3A46%3A07Z&endtime=2025-07-25T20%3A05%3A12Z&format=text&orderby=time&catalog=NCSS&minlatitude=35.75&maxlatitude=36.15&minlongitude=-120.75&maxlongitude=-120.35&mindepth=-2.0&maxdepth=15.0&minmagnitude=-1.0,2026-08-15T19:16:06Z
75142386,2025-03-04T00:08:58.610Z,36.07617,-120.65916,3.18,NC,NCSS,NC,,Md,0.8,NC,"San Ardo, CA",earthquake,https://service.ncedc.org/fdsnws/event/1/query?starttime=2024-05-07T23%3A46%3A07Z&endtime=2025-07-25T20%3A05%3A12Z&format=text&orderby=time&catalog=NCSS&minlatitude=35.75&maxlatitude=36.15&minlongitude=-120.75&maxlongitude=-120.35&mindepth=-2.0&maxdepth=15.0&minmagnitude=-1.0,2026-08-15T19:16:06Z
75142381,2025-03-04T00:02:56.360Z,36.11817,-120.59967,8.02,NC,NCSS,NC,,Md,1.1,NC,"New Idria, CA",earthquake,https://service.ncedc.org/fdsnws/event/1/query?starttime=2024-05-07T23%3A46%3A07Z&endtime=2025-07-25T20%3A05%3A12Z&format=text&orderby=time&catalog=NCSS&minlatitude=35.75&maxlatitude=36.15&minlongitude=-120.75&maxlongitude=-120.35&mindepth=-2.0&maxdepth=15.0&minmagnitude=-1.0,2026-08-15T19:16:06Z
75142376,2025-03-03T23:59:40.900Z,36.0955,-120.6035,6.69,NC,NCSS,NC,,Md,0.4,NC,"Bradley, CA",earthquake,https://service.ncedc.org/fdsnws/event/1/query?starttime=2024-05-07T23%3A46%3A07Z&endtime=2025-07-25T20%3A05%3A12Z&format=text&orderby=time&catalog=NCSS&minlatitude=35.75&maxlatitude=36.15&minlongitude=-120.75&maxlongitude=-120.35&mindepth=-2.0&maxdepth=15.0&minmagnitude=-1.0,2026-08-15T19:16:06Z
75142371,2025-03-03T23:42:02.810Z,36.10433,-120.59933,8.22,NC,NCSS,NC,,Md,1.1,NC,"Bradley, CA",earthquake,https://service.ncedc.org/fdsnws/event/1/query?starttime=2024-05-07T23%3A46%3A07Z&endtime=2025-07-25T20%3A05%3A12Z&format=text&orderby=time&catalog=NCSS&minlatitude=35.75&maxlatitude=36.15&minlongitude=-120.75&maxlongitude=-120.35&mindepth=-2.0&maxdepth=15.0&minmagnitude=-1.0,2026-08-15T19:16:06Z
75142281,2025-03-03T19:26:40.570Z,36.082,-120.6145,5.91,NC,NCSS,NC,,Md,0.9,NC,"Bradley, CA",earthquake,https://service.ncedc.org/fdsnws/event/1/query?starttime=2024-05-07T23%3A46%3A07Z&endtime=2025-07-25T20%3A05%3A12Z&format=text&orderby=time&catalog=NCSS&minlatitude=35.75&maxlatitude=36.15&minlongitude=-120.75&maxlongitude=-120.35&mindepth=-2.0&maxdepth=15.0&minmagnitude=-1.0,2026-08-15T19:16:06Z
75142271,2025-03-03T18:30:37.960Z,35.99166,-120.55367,11.51,NC,NCSS,NC,,Md,0.1,NC,"San Miguel, CA",earthquake,https://service.ncedc.org/fdsnws/event/1/query?starttime=2024-05-07T23%3A46%3A07Z&endtime=2025-07-25T20%3A05%3A12Z&format=text&orderby=time&catalog=NCSS&minlatitude=35.75&maxlatitude=36.15&minlongitude=-120.75&maxlongitude=-120.35&mindepth=-2.0&maxdepth=15.0&minmagnitude=-1.0,2026-08-15T19:16:06Z
75142211,2025-03-03T17:32:27.340Z,36.08717,-120.61667,6.15,NC,NCSS,NC,,Md,0.7,NC,"Bradley, CA",earthquake,https://service.ncedc.org/fdsnws/event/1/query?starttime=2024-05-07T23%3A46%3A07Z&endtime=2025-07-25T20%3A05%3A12Z&format=text&orderby=time&catalog=NCSS&minlatitude=35.75&maxlatitude=36.15&minlongitude=-120.75&maxlongitude=-120.35&mindepth=-2.0&maxdepth=15.0&minmagnitude=-1.0,2026-08-15T19:16:06Z
75142196,2025-03-03T17:00:08.030Z,36.10534,-120.597,8.52,NC,NCSS,NC,,Md,0.9,NC,"Bradley, CA",earthquake,https://service.ncedc.org/fdsnws/event/1/query?starttime=2024-05-07T23%3A46%3A07Z&endtime=2025-07-25T20%3A05%3A12Z&format=text&orderby=time&catalog=NCSS&minlatitude=35.75&maxlatitude=36.15&minlongitude=-120.75&maxlongitude=-120.35&mindepth=-2.0&maxdepth=15.0&minmagnitude=-1.0,2026-08-15T19:16:06Z
75142161,2025-03-03T16:20:25.570Z,36.12033,-120.61183,8.58,NC,NCSS,NC,,Md,0.5,NC,"New Idria, CA",earthquake,https://service.ncedc.org/fdsnws/event/1/query?starttime=2024-05-07T23%3A46%3A07Z&endtime=2025-07-25T20%3A05%3A12Z&format=text&orderby=time&catalog=NCSS&minlatitude=35.75&maxlatitude=36.15&minlongitude=-120.75&maxlongitude=-120.35&mindepth=-2.0&maxdepth=15.0&minmagnitude=-1.0,2026-08-15T19:16:06Z
75142141,2025-03-03T15:37:08.260Z,36.11,-120.59566,7.54,NC,NCSS,NC,,Md,0.7,NC,"New Idria, CA",earthquake,https://service.ncedc.org/fdsnws/event/1/query?starttime=2024-05-07T23%3A46%3A07Z&endtime=2025-07-25T20%3A05%3A12Z&format=text&orderby=time&catalog=NCSS&minlatitude=35.75&maxlatitude=36.15&minlongitude=-120.75&maxlongitude=-120.35&mindepth=-2.0&maxdepth=15.0&minmagnitude=-1.0,2026-08-15T19:16:06Z
75142136,2025-03-03T15:15:17.900Z,36.11533,-120.59834,8.11,NC,NCSS,NC,,Md,1.2,NC,"New Idria, CA",earthquake,https://service.ncedc.org/fdsnws/event/1/query?starttime=2024-05-07T23%3A46%3A07Z&endtime=2025-07-25T20%3A05%3A12Z&format=text&orderby=time&catalog=NCSS&minlatitude=35.75&maxlatitude=36.15&minlongitude=-120.75&maxlongitude=-120.35&mindepth=-2.0&maxdepth=15.0&minmagnitude=-1.0,2026-08-15T19:16:06Z
75141921,2025-03-03T03:39:05.740Z,36.09133,-120.61266,7.13,NC,NCSS,NC,,Md,0.4,NC,"Bradley, CA",earthquake,https://service.ncedc.org/fdsnws/event/1/query?starttime=2024-05-07T23%3A46%3A07Z&endtime=2025-07-25T20%3A05%3A12Z&format=text&orderby=time&catalog=NCSS&minlatitude=35.75&maxlatitude=36.15&minlongitude=-120.75&maxlongitude=-120.35&mindepth=-2.0&maxdepth=15.0&minmagnitude=-1.0,2026-08-15T19:16:06Z
75141791,2025-03-02T19:24:54.710Z,36.13033,-120.61234,8.4,NC,NCSS,NC,,Md,0.7,NC,"New Idria, CA",earthquake,https://service.ncedc.org/fdsnws/event/1/query?starttime=2024-05-07T23%3A46%3A07Z&endtime=2025-07-25T20%3A05%3A12Z&format=text&orderby=time&catalog=NCSS&minlatitude=35.75&maxlatitude=36.15&minlongitude=-120.75&maxlongitude=-120.35&mindepth=-2.0&maxdepth=15.0&minmagnitude=-1.0,2026-08-15T19:16:06Z
75141781,2025-03-02T19:10:05.320Z,36.128,-120.60867,9.01,NC,NCSS,NC,,Md,0.5,NC,"New Idria, CA",earthquake,https://service.ncedc.org/fdsnws/event/1/query?starttime=2024-05-07T23%3A46%3A07Z&endtime=2025-07-25T20%3A05%3A12Z&format=text&orderby=time&catalog=NCSS&minlatitude=35.75&maxlatitude=36.15&minlongitude=-120.75&maxlongitude=-120.35&mindepth=-2.0&maxdepth=15.0&minmagnitude=-1.0,2026-08-15T19:16:06Z
75141766,2025-03-02T18:58:01.050Z,36.067,-120.627,8.75,NC,NCSS,NC,,Md,0.4,NC,"Bradley, CA",earthquake,https://service.ncedc.org/fdsnws/event/1/query?starttime=2024-05-07T23%3A46%3A07Z&endtime=2025-07-25T20%3A05%3A12Z&format=text&orderby=time&catalog=NCSS&minlatitude=35.75&maxlatitude=36.15&minlongitude=-120.75&maxlongitude=-120.35&mindepth=-2.0&maxdepth=15.0&minmagnitude=-1.0,2026-08-15T19:16:06Z
75141641,2025-03-02T13:56:41.780Z,36.10883,-120.59717,8.83,NC,NCSS,NC,,Md,0.7,NC,"New Idria, CA",earthquake,https://service.ncedc.org/fdsnws/event/1/query?starttime=2024-05-07T23%3A46%3A07Z&endtime=2025-07-25T20%3A05%3A12Z&format=text&orderby=time&catalog=NCSS&minlatitude=35.75&maxlatitude=36.15&minlongitude=-120.75&maxlongitude=-120.35&mindepth=-2.0&maxdepth=15.0&minmagnitude=-1.0,2026-08-15T19:16:06Z
75141626,2025-03-02T13:22:54.270Z,36.08817,-120.617,7.95,NC,NCSS,NC,,Md,1.6,NC,"Bradley, CA",earthquake,https://service.ncedc.org/fdsnws/event/1/query?starttime=2024-05-07T23%3A46%3A07Z&endtime=2025-07-25T20%3A05%3A12Z&format=text&orderby=time&catalog=NCSS&minlatitude=35.75&maxlatitude=36.15&minlongitude=-120.75&maxlongitude=-120.35&mindepth=-2.0&maxdepth=15.0&minmagnitude=-1.0,2026-08-15T19:16:06Z
75141616,2025-03-02T12:50:49.940Z,36.11983,-120.6035,7.43,NC,NCSS,NC,,Md,1.0,NC,"New Idria, CA",earthquake,https://service.ncedc.org/fdsnws/event/1/query?starttime=2024-05-07T23%3A46%3A07Z&endtime=2025-07-25T20%3A05%3A12Z&format=text&orderby=time&catalog=NCSS&minlatitude=35.75&maxlatitude=36.15&minlongitude=-120.75&maxlongitude=-120.35&mindepth=-2.0&maxdepth=15.0&minmagnitude=-1.0,2026-08-15T19:16:06Z
75141581,2025-03-02T11:38:33.080Z,36.10333,-120.6095,7.3,NC,NCSS,NC,,Md,1.0,NC,"San Ardo, CA",earthquake,https://service.ncedc.org/fdsnws/event/1/query?starttime=2024-05-07T23%3A46%3A07Z&endtime=2025-07-25T20%3A05%3A12Z&format=text&orderby=time&catalog=NCSS&minlatitude=35.75&maxlatitude=36.15&minlongitude=-120.75&maxlongitude=-120.35&mindepth=-2.0&maxdepth=15.0&minmagnitude=-1.0,2026-08-15T19:16:06Z
75141576,2025-03-02T11:32:11.930Z,36.1225,-120.6065,8.37,NC,NCSS,NC,,Md,0.9,NC,"New Idria, CA",earthquake,https://service.ncedc.org/fdsnws/event/1/query?starttime=2024-05-07T23%3A46%3A07Z&endtime=2025-07-25T20%3A05%3A12Z&format=text&orderby=time&catalog=NCSS&minlatitude=35.75&maxlatitude=36.15&minlongitude=-120.75&maxlongitude=-120.35&mindepth=-2.0&maxdepth=15.0&minmagnitude=-1.0,2026-08-15T19:16:06Z
75141556,2025-03-02T11:20:59.610Z,36.10633,-120.59717,7.78,NC,NCSS,NC,,Md,0.8,NC,"Bradley, CA",earthquake,https://service.ncedc.org/fdsnws/event/1/query?starttime=2024-05-07T23%3A46%3A07Z&endtime=2025-07-25T20%3A05%3A12Z&format=text&orderby=time&catalog=NCSS&minlatitude=35.75&maxlatitude=36.15&minlongitude=-120.75&maxlongitude=-120.35&mindepth=-2.0&maxdepth=15.0&minmagnitude=-1.0,2026-08-15T19:16:06Z
75002738,2025-03-02T11:20:42.340Z,36.11483,-120.601,8.23,NC,NCSS,NC,,Md,0.5,NC,"New Idria, CA",earthquake,https://service.ncedc.org/fdsnws/event/1/query?starttime=2024-05-07T23%3A46%3A07Z&endtime=2025-07-25T20%3A05%3A12Z&format=text&orderby=time&catalog=NCSS&minlatitude=35.75&maxlatitude=36.15&minlongitude=-120.75&maxlongitude=-120.35&mindepth=-2.0&maxdepth=15.0&minmagnitude=-1.0,2026-08-15T19:16:06Z
75141121,2025-03-01T19:33:38.110Z,36.00683,-120.5735,3.76,NC,NCSS,NC,,Md,0.8,NC,"Bradley, CA",earthquake,https://service.ncedc.org/fdsnws/event/1/query?starttime=2024-05-07T23%3A46%3A07Z&endtime=2025-07-25T20%3A05%3A12Z&format=text&orderby=time&catalog=NCSS&minlatitude=35.75&maxlatitude=36.15&minlongitude=-120.75&maxlongitude=-120.35&mindepth=-2.0&maxdepth=15.0&minmagnitude=-1.0,2026-08-15T19:16:06Z
75140226,2025-02-28T00:00:10.820Z,36.04367,-120.61517,3.12,NC,NCSS,NC,,Md,1.1,NC,"Bradley, CA",earthquake,https://service.ncedc.org/fdsnws/event/1/query?starttime=2024-05-07T23%3A46%3A07Z&endtime=2025-07-25T20%3A05%3A12Z&format=text&orderby=time&catalog=NCSS&minlatitude=35.75&maxlatitude=36.15&minlongitude=-120.75&maxlongitude=-120.35&mindepth=-2.0&maxdepth=15.0&minmagnitude=-1.0,2026-08-15T19:16:06Z
75139691,2025-02-27T01:17:35.120Z,36.092,-120.66933,6.53,NC,NCSS,NC,,Md,0.7,NC,"San Ardo, CA",earthquake,https://service.ncedc.org/fdsnws/event/1/query?starttime=2024-05-07T23%3A46%3A07Z&endtime=2025-07-25T20%3A05%3A12Z&format=text&orderby=time&catalog=NCSS&minlatitude=35.75&maxlatitude=36.15&minlongitude=-120.75&maxlongitude=-120.35&mindepth=-2.0&maxdepth=15.0&minmagnitude=-1.0,2026-08-15T19:16:06Z
75139686,2025-02-27T01:16:17.830Z,36.087,-120.66534,5.64,NC,NCSS,NC,,Md,0.5,NC,"San Ardo, CA",earthquake,https://service.ncedc.org/fdsnws/event/1/query?starttime=2024-05-07T23%3A46%3A07Z&endtime=2025-07-25T20%3A05%3A12Z&format=text&orderby=time&catalog=NCSS&minlatitude=35.75&maxlatitude=36.15&minlongitude=-120.75&maxlongitude=-120.35&mindepth=-2.0&maxdepth=15.0&minmagnitude=-1.0,2026-08-15T19:16:06Z
75139121,2025-02-25T23:09:01.500Z,35.989,-120.5535,4.13,NC,NCSS,NC,,Md,-0.0,NC,"San Miguel, CA",earthquake,https://service.ncedc.org/fdsnws/event/1/query?starttime=2024-05-07T23%3A46%3A07Z&endtime=2025-07-25T20%3A05%3A12Z&format=text&orderby=time&catalog=NCSS&minlatitude=35.75&maxlatitude=36.15&minlongitude=-120.75&maxlongitude=-120.35&mindepth=-2.0&maxdepth=15.0&minmagnitude=-1.0,2026-08-15T19:16:06Z
75138991,2025-02-25T12:23:42.200Z,36.00367,-120.57017,0.62,NC,NCSS,NC,,Md,-0.0,NC,"Bradley, CA",earthquake,https://service.ncedc.org/fdsnws/event/1/query?starttime=2024-05-07T23%3A46%3A07Z&endtime=2025-07-25T20%3A05%3A12Z&format=text&orderby=time&catalog=NCSS&minlatitude=35.75&maxlatitude=36.15&minlongitude=-120.75&maxlongitude=-120.35&mindepth=-2.0&maxdepth=15.0&minmagnitude=-1.0,2026-08-15T19:16:06Z
75138926,2025-02-25T10:52:31.180Z,35.92883,-120.47717,3.9,NC,NCSS,NC,,Md,0.6,NC,"Cholame, CA",earthquake,https://service.ncedc.org/fdsnws/event/1/query?starttime=2024-05-07T23%3A46%3A07Z&endtime=2025-07-25T20%3A05%3A12Z&format=text&orderby=time&catalog=NCSS&minlatitude=35.75&maxlatitude=36.15&minlongitude=-120.75&maxlongitude=-120.35&mindepth=-2.0&maxdepth=15.0&minmagnitude=-1.0,2026-08-15T19:16:06Z
75138537,2025-02-24T04:30:41.700Z,36.00083,-120.563,4.42,NC,NCSS,NC,,Md,1.6,NC,"Bradley, CA",earthquake,https://service.ncedc.org/fdsnws/event/1/query?starttime=2024-05-07T23%3A46%3A07Z&endtime=2025-07-25T20%3A05%3A12Z&format=text&orderby=time&catalog=NCSS&minlatitude=35.75&maxlatitude=36.15&minlongitude=-120.75&maxlongitude=-120.35&mindepth=-2.0&maxdepth=15.0&minmagnitude=-1.0,2026-08-15T19:16:06Z
75136836,2025-02-21T21:03:47.800Z,36.0015,-120.5635,1.35,NC,NCSS,NC,,Md,0.8,NC,"Bradley, CA",earthquake,https://service.ncedc.org/fdsnws/event/1/query?starttime=2024-05-07T23%3A46%3A07Z&endtime=2025-07-25T20%3A05%3A12Z&format=text&orderby=time&catalog=NCSS&minlatitude=35.75&maxlatitude=36.15&minlongitude=-120.75&maxlongitude=-120.35&mindepth=-2.0&maxdepth=15.0&minmagnitude=-1.0,2026-08-15T19:16:06Z
75136447,2025-02-20T05:43:00.540Z,36.00617,-120.5695,2.56,NC,NCSS,NC,,Md,0.0,NC,"Bradley, CA",earthquake,https://service.ncedc.org/fdsnws/event/1/query?starttime=2024-05-07T23%3A46%3A07Z&endtime=2025-07-25T20%3A05%3A12Z&format=text&orderby=time&catalog=NCSS&minlatitude=35.75&maxlatitude=36.15&minlongitude=-120.75&maxlongitude=-120.35&mindepth=-2.0&maxdepth=15.0&minmagnitude=-1.0,2026-08-15T19:16:06Z
75136427,2025-02-20T02:58:47.060Z,36.0635,-120.639,1.78,NC,NCSS,NC,,Md,0.3,NC,"Bradley, CA",earthquake,https://service.ncedc.org/fdsnws/event/1/query?starttime=2024-05-07T23%3A46%3A07Z&endtime=2025-07-25T20%3A05%3A12Z&format=text&orderby=time&catalog=NCSS&minlatitude=35.75&maxlatitude=36.15&minlongitude=-120.75&maxlongitude=-120.35&mindepth=-2.0&maxdepth=15.0&minmagnitude=-1.0,2026-08-15T19:16:06Z
75136127,2025-02-19T14:45:10.190Z,35.992,-120.54583,2.13,NC,NCSS,NC,,Md,-0.0,NC,"San Miguel, CA",earthquake,https://service.ncedc.org/fdsnws/event/1/query?starttime=2024-05-07T23%3A46%3A07Z&endtime=2025-07-25T20%3A05%3A12Z&format=text&orderby=time&catalog=NCSS&minlatitude=35.75&maxlatitude=36.15&minlongitude=-120.75&maxlongitude=-120.35&mindepth=-2.0&maxdepth=15.0&minmagnitude=-1.0,2026-08-15T19:16:06Z
75135522,2025-02-18T07:44:25.320Z,35.98883,-120.54417,1.61,NC,NCSS,NC,,Md,0.5,NC,"San Miguel, CA",earthquake,https://service.ncedc.org/fdsnws/event/1/query?starttime=2024-05-07T23%3A46%3A07Z&endtime=2025-07-25T20%3A05%3A12Z&format=text&orderby=time&catalog=NCSS&minlatitude=35.75&maxlatitude=36.15&minlongitude=-120.75&maxlongitude=-120.35&mindepth=-2.0&maxdepth=15.0&minmagnitude=-1.0,2026-08-15T19:16:06Z
75135467,2025-02-18T04:02:47.440Z,35.85683,-120.39133,4.46,NC,NCSS,NC,,Md,0.2,NC,"Cholame, CA",earthquake,https://service.ncedc.org/fdsnws/event/1/query?starttime=2024-05-07T23%3A46%3A07Z&endtime=2025-07-25T20%3A05%3A12Z&format=text&orderby=time&catalog=NCSS&minlatitude=35.75&maxlatitude=36.15&minlongitude=-120.75&maxlongitude=-120.35&mindepth=-2.0&maxdepth=15.0&minmagnitude=-1.0,2026-08-15T19:16:06Z
75135232,2025-02-17T16:42:39.790Z,36.05233,-120.61716,3.76,NC,NCSS,NC,,Md,1.9,NC,"Bradley, CA",earthquake,https://service.ncedc.org/fdsnws/event/1/query?starttime=2024-05-07T23%3A46%3A07Z&endtime=2025-07-25T20%3A05%3A12Z&format=text&orderby=time&catalog=NCSS&minlatitude=35.75&maxlatitude=36.15&minlongitude=-120.75&maxlongitude=-120.35&mindepth=-2.0&maxdepth=15.0&minmagnitude=-1.0,2026-08-15T19:16:06Z
75134807,2025-02-16T20:51:03.330Z,35.8265,-120.38383,5.57,NC,NCSS,NC,,Md,0.6,NC,"Cholame, CA",earthquake,https://service.ncedc.org/fdsnws/event/1/query?starttime=2024-05-07T23%3A46%3A07Z&endtime=2025-07-25T20%3A05%3A12Z&format=text&orderby=time&catalog=NCSS&minlatitude=35.75&maxlatitude=36.15&minlongitude=-120.75&maxlongitude=-120.35&mindepth=-2.0&maxdepth=15.0&minmagnitude=-1.0,2026-08-15T19:16:06Z
75134172,2025-02-15T20:15:22.400Z,36.03217,-120.60316,-0.61,NC,NCSS,NC,,Md,0.8,NC,"Bradley, CA",earthquake,https://service.ncedc.org/fdsnws/event/1/query?starttime=2024-05-07T23%3A46%3A07Z&endtime=2025-07-25T20%3A05%3A12Z&format=text&orderby=time&catalog=NCSS&minlatitude=35.75&maxlatitude=36.15&minlongitude=-120.75&maxlongitude=-120.35&mindepth=-2.0&maxdepth=15.0&minmagnitude=-1.0,2026-08-15T19:16:06Z
75133802,2025-02-15T06:59:48.130Z,36.0795,-120.63184,5.98,NC,NCSS,NC,,Md,0.4,NC,"Bradley, CA",earthquake,https://service.ncedc.org/fdsnws/event/1/query?starttime=2024-05-07T23%3A46%3A07Z&endtime=2025-07-25T20%3A05%3A12Z&format=text&orderby=time&catalog=NCSS&minlatitude=35.75&maxlatitude=36.15&minlongitude=-120.75&maxlongitude=-120.35&mindepth=-2.0&maxdepth=15.0&minmagnitude=-1.0,2026-08-15T19:16:06Z
75133272,2025-02-14T13:18:47.040Z,36.08183,-120.63267,6.18,NC,NCSS,NC,,Md,0.5,NC,"Bradley, CA",earthquake,https://service.ncedc.org/fdsnws/event/1/query?starttime=2024-05-07T23%3A46%3A07Z&endtime=2025-07-25T20%3A05%3A12Z&format=text&orderby=time&catalog=NCSS&minlatitude=35.75&maxlatitude=36.15&minlongitude=-120.75&maxlongitude=-120.35&mindepth=-2.0&maxdepth=15.0&minmagnitude=-1.0,2026-08-15T19:16:06Z
75132537,2025-02-13T00:58:06.920Z,36.00834,-120.56866,3.88,NC,NCSS,NC,,Md,0.4,NC,"Bradley, CA",earthquake,https://service.ncedc.org/fdsnws/event/1/query?starttime=2024-05-07T23%3A46%3A07Z&endtime=2025-07-25T20%3A05%3A12Z&format=text&orderby=time&catalog=NCSS&minlatitude=35.75&maxlatitude=36.15&minlongitude=-120.75&maxlongitude=-120.35&mindepth=-2.0&maxdepth=15.0&minmagnitude=-1.0,2026-08-15T19:16:06Z
75131552,2025-02-11T05:27:13.630Z,36.00933,-120.57017,3.93,NC,NCSS,NC,,Md,0.8,NC,"Bradley, CA",earthquake,https://service.ncedc.org/fdsnws/event/1/query?starttime=2024-05-07T23%3A46%3A07Z&endtime=2025-07-25T20%3A05%3A12Z&format=text&orderby=time&catalog=NCSS&minlatitude=35.75&maxlatitude=36.15&minlongitude=-120.75&maxlongitude=-120.35&mindepth=-2.0&maxdepth=15.0&minmagnitude=-1.0,2026-08-15T19:16:06Z
75131452,2025-02-11T01:35:47.970Z,36.01167,-120.5705,4.23,NC,NCSS,NC,,Md,1.8,NC,"Bradley, CA",earthquake,https://service.ncedc.org/fdsnws/event/1/query?starttime=2024-05-07T23%3A46%3A07Z&endtime=2025-07-25T20%3A05%3A12Z&format=text&orderby=time&catalog=NCSS&minlatitude=35.75&maxlatitude=36.15&minlongitude=-120.75&maxlongitude=-120.35&mindepth=-2.0&maxdepth=15.0&minmagnitude=-1.0,2026-08-15T19:16:06Z
75131437,2025-02-11T01:19:36.440Z,35.95067,-120.5,12.22,NC,NCSS,NC,,Md,1.1,NC,"San Miguel, CA",earthquake,https://service.ncedc.org/fdsnws/event/1/query?starttime=2024-05-07T23%3A46%3A07Z&endtime=2025-07-25T20%3A05%3A12Z&format=text&orderby=time&catalog=NCSS&minlatitude=35.75&maxlatitude=36.15&minlongitude=-120.75&maxlongitude=-120.35&mindepth=-2.0&maxdepth=15.0&minmagnitude=-1.0,2026-08-15T19:16:06Z
75131397,2025-02-11T00:23:28.150Z,35.94683,-120.48734,12.33,NC,NCSS,NC,,Md,0.4,NC,"San Miguel, CA",earthquake,https://service.ncedc.org/fdsnws/event/1/query?starttime=2024-05-07T23%3A46%3A07Z&endtime=2025-07-25T20%3A05%3A12Z&format=text&orderby=time&catalog=NCSS&minlatitude=35.75&maxlatitude=36.15&minlongitude=-120.75&maxlongitude=-120.35&mindepth=-2.0&maxdepth=15.0&minmagnitude=-1.0,2026-08-15T19:16:06Z
75130112,2025-02-08T20:53:42.340Z,35.8915,-120.44234,10.1,NC,NCSS,NC,,Md,1.1,NC,"Cholame, CA",earthquake,https://service.ncedc.org/fdsnws/event/1/query?starttime=2024-05-07T23%3A46%3A07Z&endtime=2025-07-25T20%3A05%3A12Z&format=text&orderby=time&catalog=NCSS&minlatitude=35.75&maxlatitude=36.15&minlongitude=-120.75&maxlongitude=-120.35&mindepth=-2.0&maxdepth=15.0&minmagnitude=-1.0,2026-08-15T19:16:06Z
75129957,2025-02-08T17:03:03.180Z,35.92567,-120.47134,3.71,NC,NCSS,NC,,Md,0.2,NC,"Cholame, CA",earthquake,https://service.ncedc.org/fdsnws/event/1/query?starttime=2024-05-07T23%3A46%3A07Z&endtime=2025-07-25T20%3A05%3A12Z&format=text&orderby=time&catalog=NCSS&minlatitude=35.75&maxlatitude=36.15&minlongitude=-120.75&maxlongitude=-120.35&mindepth=-2.0&maxdepth=15.0&minmagnitude=-1.0,2026-08-15T19:16:06Z
75128961,2025-02-07T12:50:56.980Z,35.98734,-120.54667,3.91,NC,NCSS,NC,,Md,0.8,NC,"San Miguel, CA",earthquake,https://service.ncedc.org/fdsnws/event/1/query?starttime=2024-05-07T23%3A46%3A07Z&endtime=2025-07-25T20%3A05%3A12Z&format=text&orderby=time&catalog=NCSS&minlatitude=35.75&maxlatitude=36.15&minlongitude=-120.75&maxlongitude=-120.35&mindepth=-2.0&maxdepth=15.0&minmagnitude=-1.0,2026-08-15T19:16:06Z
75128756,2025-02-06T21:30:08.110Z,35.97933,-120.537,7.49,NC,NCSS,NC,,Md,1.3,NC,"San Miguel, CA",earthquake,https://service.ncedc.org/fdsnws/event/1/query?starttime=2024-05-07T23%3A46%3A07Z&endtime=2025-07-25T20%3A05%3A12Z&format=text&orderby=time&catalog=NCSS&minlatitude=35.75&maxlatitude=36.15&minlongitude=-120.75&maxlongitude=-120.35&mindepth=-2.0&maxdepth=15.0&minmagnitude=-1.0,2026-08-15T19:16:06Z
75127856,2025-02-04T14:42:05.580Z,35.94883,-120.38983,5.49,NC,NCSS,NC,,Md,0.3,NC,"Cholame, CA",earthquake,https://service.ncedc.org/fdsnws/event/1/query?starttime=2024-05-07T23%3A46%3A07Z&endtime=2025-07-25T20%3A05%3A12Z&format=text&orderby=time&catalog=NCSS&minlatitude=35.75&maxlatitude=36.15&minlongitude=-120.75&maxlongitude=-120.35&mindepth=-2.0&maxdepth=15.0&minmagnitude=-1.0,2026-08-15T19:16:06Z
75127741,2025-02-04T05:27:50.300Z,35.99017,-120.54933,3.73,NC,NCSS,NC,,Md,0.7,NC,"San Miguel, CA",earthquake,https://service.ncedc.org/fdsnws/event/1/query?starttime=2024-05-07T23%3A46%3A07Z&endtime=2025-07-25T20%3A05%3A12Z&format=text&orderby=time&catalog=NCSS&minlatitude=35.75&maxlatitude=36.15&minlongitude=-120.75&maxlongitude=-120.35&mindepth=-2.0&maxdepth=15.0&minmagnitude=-1.0,2026-08-15T19:16:06Z
75127691,2025-02-04T01:08:54.190Z,35.99117,-120.54816,4.55,NC,NCSS,NC,,Md,2.1,NC,"San Miguel, CA",earthquake,https://service.ncedc.org/fdsnws/event/1/query?starttime=2024-05-07T23%3A46%3A07Z&endtime=2025-07-25T20%3A05%3A12Z&format=text&orderby=time&catalog=NCSS&minlatitude=35.75&maxlatitude=36.15&minlongitude=-120.75&maxlongitude=-120.35&mindepth=-2.0&maxdepth=15.0&minmagnitude=-1.0,2026-08-15T19:16:06Z
75127646,2025-02-03T23:37:39.200Z,36.0045,-120.56416,3.55,NC,NCSS,NC,,Md,0.6,NC,"Bradley, CA",earthquake,https://service.ncedc.org/fdsnws/event/1/query?starttime=2024-05-07T23%3A46%3A07Z&endtime=2025-07-25T20%3A05%3A12Z&format=text&orderby=time&catalog=NCSS&minlatitude=35.75&maxlatitude=36.15&minlongitude=-120.75&maxlongitude=-120.35&mindepth=-2.0&maxdepth=15.0&minmagnitude=-1.0,2026-08-15T19:16:06Z
75127591,2025-02-03T19:37:11.880Z,36.03633,-120.59666,3.61,NC,NCSS,NC,,Md,1.3,NC,"Bradley, CA",earthquake,https://service.ncedc.org/fdsnws/event/1/query?starttime=2024-05-07T23%3A46%3A07Z&endtime=2025-07-25T20%3A05%3A12Z&format=text&orderby=time&catalog=NCSS&minlatitude=35.75&maxlatitude=36.15&minlongitude=-120.75&maxlongitude=-120.35&mindepth=-2.0&maxdepth=15.0&minmagnitude=-1.0,2026-08-15T19:16:06Z
75127391,2025-02-03T07:19:21.530Z,36.038,-120.59783,3.49,NC,NCSS,NC,,Md,1.0,NC,"Bradley, CA",earthquake,https://service.ncedc.org/fdsnws/event/1/query?starttime=2024-05-07T23%3A46%3A07Z&endtime=2025-07-25T20%3A05%3A12Z&format=text&orderby=time&catalog=NCSS&minlatitude=35.75&maxlatitude=36.15&minlongitude=-120.75&maxlongitude=-120.35&mindepth=-2.0&maxdepth=15.0&minmagnitude=-1.0,2026-08-15T19:16:06Z
75122106,2025-01-24T08:55:20.460Z,36.05667,-120.62466,1.67,NC,NCSS,NC,,Md,1.0,NC,"Bradley, CA",earthquake,https://service.ncedc.org/fdsnws/event/1/query?starttime=2024-05-07T23%3A46%3A07Z&endtime=2025-07-25T20%3A05%3A12Z&format=text&orderby=time&catalog=NCSS&minlatitude=35.75&maxlatitude=36.15&minlongitude=-120.75&maxlongitude=-120.35&mindepth=-2.0&maxdepth=15.0&minmagnitude=-1.0,2026-08-15T19:16:06Z
75121971,2025-01-24T02:17:17.930Z,36.01283,-120.57267,2.91,NC,NCSS,NC,,Md,0.6,NC,"Bradley, CA",earthquake,https://service.ncedc.org/fdsnws/event/1/query?starttime=2024-05-07T23%3A46%3A07Z&endtime=2025-07-25T20%3A05%3A12Z&format=text&orderby=time&catalog=NCSS&minlatitude=35.75&maxlatitude=36.15&minlongitude=-120.75&maxlongitude=-120.35&mindepth=-2.0&maxdepth=15.0&minmagnitude=-1.0,2026-08-15T19:16:06Z
75121816,2025-01-23T19:56:04.480Z,35.9645,-120.52016,10.24,NC,NCSS,NC,,Md,1.8,NC,"San Miguel, CA",earthquake,https://service.ncedc.org/fdsnws/event/1/query?starttime=2024-05-07T23%3A46%3A07Z&endtime=2025-07-25T20%3A05%3A12Z&format=text&orderby=time&catalog=NCSS&minlatitude=35.75&maxlatitude=36.15&minlongitude=-120.75&maxlongitude=-120.35&mindepth=-2.0&maxdepth=15.0&minmagnitude=-1.0,2026-08-15T19:16:06Z
75121641,2025-01-23T10:22:23.420Z,36.062,-120.62366,4.97,NC,NCSS,NC,,Md,1.0,NC,"Bradley, CA",earthquake,https://service.ncedc.org/fdsnws/event/1/query?starttime=2024-05-07T23%3A46%3A07Z&endtime=2025-07-25T20%3A05%3A12Z&format=text&orderby=time&catalog=NCSS&minlatitude=35.75&maxlatitude=36.15&minlongitude=-120.75&maxlongitude=-120.35&mindepth=-2.0&maxdepth=15.0&minmagnitude=-1.0,2026-08-15T19:16:06Z
75121531,2025-01-23T02:51:45.160Z,36.103,-120.68,3.8,NC,NCSS,NC,,Md,1.9,NC,"San Ardo, CA",earthquake,https://service.ncedc.org/fdsnws/event/1/query?starttime=2024-05-07T23%3A46%3A07Z&endtime=2025-07-25T20%3A05%3A12Z&format=text&orderby=time&catalog=NCSS&minlatitude=35.75&maxlatitude=36.15&minlongitude=-120.75&maxlongitude=-120.35&mindepth=-2.0&maxdepth=15.0&minmagnitude=-1.0,2026-08-15T19:16:06Z
75121411,2025-01-22T21:17:00.430Z,36.01083,-120.57233,2.4,NC,NCSS,NC,,Md,1.3,NC,"Bradley, CA",earthquake,https://service.ncedc.org/fdsnws/event/1/query?starttime=2024-05-07T23%3A46%3A07Z&endtime=2025-07-25T20%3A05%3A12Z&format=text&orderby=time&catalog=NCSS&minlatitude=35.75&maxlatitude=36.15&minlongitude=-120.75&maxlongitude=-120.35&mindepth=-2.0&maxdepth=15.0&minmagnitude=-1.0,2026-08-15T19:16:06Z
75121356,2025-01-22T18:27:35.650Z,36.05983,-120.62666,4.8,NC,NCSS,NC,,Md,1.6,NC,"Bradley, CA",earthquake,https://service.ncedc.org/fdsnws/event/1/query?starttime=2024-05-07T23%3A46%3A07Z&endtime=2025-07-25T20%3A05%3A12Z&format=text&orderby=time&catalog=NCSS&minlatitude=35.75&maxlatitude=36.15&minlongitude=-120.75&maxlongitude=-120.35&mindepth=-2.0&maxdepth=15.0&minmagnitude=-1.0,2026-08-15T19:16:06Z
75120116,2025-01-20T05:24:29.130Z,36.01983,-120.57767,4.27,NC,NCSS,NC,,Md,2.1,NC,"Bradley, CA",earthquake,https://service.ncedc.org/fdsnws/event/1/query?starttime=2024-05-07T23%3A46%3A07Z&endtime=2025-07-25T20%3A05%3A12Z&format=text&orderby=time&catalog=NCSS&minlatitude=35.75&maxlatitude=36.15&minlongitude=-120.75&maxlongitude=-120.35&mindepth=-2.0&maxdepth=15.0&minmagnitude=-1.0,2026-08-15T19:16:06Z
75120101,2025-01-20T05:14:48.490Z,36.0205,-120.57867,3.91,NC,NCSS,NC,,Md,1.0,NC,"Bradley, CA",earthquake,https://service.ncedc.org/fdsnws/event/1/query?starttime=2024-05-07T23%3A46%3A07Z&endtime=2025-07-25T20%3A05%3A12Z&format=text&orderby=time&catalog=NCSS&minlatitude=35.75&maxlatitude=36.15&minlongitude=-120.75&maxlongitude=-120.35&mindepth=-2.0&maxdepth=15.0&minmagnitude=-1.0,2026-08-15T19:16:06Z
75119846,2025-01-19T18:53:45.480Z,36.06167,-120.6255,5.21,NC,NCSS,NC,,Md,2.0,NC,"Bradley, CA",earthquake,https://service.ncedc.org/fdsnws/event/1/query?starttime=2024-05-07T23%3A46%3A07Z&endtime=2025-07-25T20%3A05%3A12Z&format=text&orderby=time&catalog=NCSS&minlatitude=35.75&maxlatitude=36.15&minlongitude=-120.75&maxlongitude=-120.35&mindepth=-2.0&maxdepth=15.0&minmagnitude=-1.0,2026-08-15T19:16:06Z
75119786,2025-01-19T15:38:52.020Z,36.0575,-120.62283,4.73,NC,NCSS,NC,,Md,0.9,NC,"Bradley, CA",earthquake,https://service.ncedc.org/fdsnws/event/1/query?starttime=2024-05-07T23%3A46%3A07Z&endtime=2025-07-25T20%3A05%3A12Z&format=text&orderby=time&catalog=NCSS&minlatitude=35.75&maxlatitude=36.15&minlongitude=-120.75&maxlongitude=-120.35&mindepth=-2.0&maxdepth=15.0&minmagnitude=-1.0,2026-08-15T19:16:06Z
75119551,2025-01-19T06:08:54.080Z,36.064,-120.6205,5.79,NC,NCSS,NC,,Md,2.1,NC,"Bradley, CA",earthquake,https://service.ncedc.org/fdsnws/event/1/query?starttime=2024-05-07T23%3A46%3A07Z&endtime=2025-07-25T20%3A05%3A12Z&format=text&orderby=time&catalog=NCSS&minlatitude=35.75&maxlatitude=36.15&minlongitude=-120.75&maxlongitude=-120.35&mindepth=-2.0&maxdepth=15.0&minmagnitude=-1.0,2026-08-15T19:16:06Z
75119236,2025-01-18T17:23:37.300Z,36.12567,-120.69283,6.04,NC,NCSS,NC,,Md,2.5,NC,"San Ardo, CA",earthquake,https://service.ncedc.org/fdsnws/event/1/query?starttime=2024-05-07T23%3A46%3A07Z&endtime=2025-07-25T20%3A05%3A12Z&format=text&orderby=time&catalog=NCSS&minlatitude=35.75&maxlatitude=36.15&minlongitude=-120.75&maxlongitude=-120.35&mindepth=-2.0&maxdepth=15.0&minmagnitude=-1.0,2026-08-15T19:16:06Z
75118146,2025-01-16T19:52:54.180Z,35.904,-120.46817,9.74,NC,NCSS,NC,,Md,0.2,NC,"Cholame, CA",earthquake,https://service.ncedc.org/fdsnws/event/1/query?starttime=2024-05-07T23%3A46%3A07Z&endtime=2025-07-25T20%3A05%3A12Z&format=text&orderby=time&catalog=NCSS&minlatitude=35.75&maxlatitude=36.15&minlongitude=-120.75&maxlongitude=-120.35&mindepth=-2.0&maxdepth=15.0&minmagnitude=-1.0,2026-08-15T19:16:06Z
75117391,2025-01-15T03:00:06.440Z,36.07133,-120.62917,2.88,NC,NCSS,NC,,Md,1.0,NC,"Bradley, CA",earthquake,https://service.ncedc.org/fdsnws/event/1/query?starttime=2024-05-07T23%3A46%3A07Z&endtime=2025-07-25T20%3A05%3A12Z&format=text&orderby=time&catalog=NCSS&minlatitude=35.75&maxlatitude=36.15&minlongitude=-120.75&maxlongitude=-120.35&mindepth=-2.0&maxdepth=15.0&minmagnitude=-1.0,2026-08-15T19:16:06Z
75115861,2025-01-11T11:58:42.340Z,36.139,-120.736,5.8,NC,NCSS,NC,,Md,0.9,NC,"San Ardo, CA",earthquake,https://service.ncedc.org/fdsnws/event/1/query?starttime=2024-05-07T23%3A46%3A07Z&endtime=2025-07-25T20%3A05%3A12Z&format=text&orderby=time&catalog=NCSS&minlatitude=35.75&maxlatitude=36.15&minlongitude=-120.75&maxlongitude=-120.35&mindepth=-2.0&maxdepth=15.0&minmagnitude=-1.0,2026-08-15T19:16:06Z
75115646,2025-01-10T23:05:32.250Z,36.06233,-120.63917,-0.72,NC,NCSS,NC,,Md,0.8,NC,"Bradley, CA",earthquake,https://service.ncedc.org/fdsnws/event/1/query?starttime=2024-05-07T23%3A46%3A07Z&endtime=2025-07-25T20%3A05%3A12Z&format=text&orderby=time&catalog=NCSS&minlatitude=35.75&maxlatitude=36.15&minlongitude=-120.75&maxlongitude=-120.35&mindepth=-2.0&maxdepth=15.0&minmagnitude=-1.0,2026-08-15T19:16:06Z
75115481,2025-01-10T17:03:22.120Z,36.0155,-120.571,4.35,NC,NCSS,NC,,Md,1.6,NC,"Bradley, CA",earthquake,https://service.ncedc.org/fdsnws/event/1/query?starttime=2024-05-07T23%3A46%3A07Z&endtime=2025-07-25T20%3A05%3A12Z&format=text&orderby=time&catalog=NCSS&minlatitude=35.75&maxlatitude=36.15&minlongitude=-120.75&maxlongitude=-120.35&mindepth=-2.0&maxdepth=15.0&minmagnitude=-1.0,2026-08-15T19:16:06Z
75114111,2025-01-07T17:46:30.720Z,36.03717,-120.59683,5.22,NC,NCSS,NC,,Md,0.5,NC,"Bradley, CA",earthquake,https://service.ncedc.org/fdsnws/event/1/query?starttime=2024-05-07T23%3A46%3A07Z&endtime=2025-07-25T20%3A05%3A12Z&format=text&orderby=time&catalog=NCSS&minlatitude=35.75&maxlatitude=36.15&minlongitude=-120.75&maxlongitude=-120.35&mindepth=-2.0&maxdepth=15.0&minmagnitude=-1.0,2026-08-15T19:16:06Z
75111066,2025-01-02T00:14:00.300Z,36.10534,-120.492,-0.4,NC,NCSS,NC,,Md,1.0,NC,"New Idria, CA",earthquake,https://service.ncedc.org/fdsnws/event/1/query?starttime=2024-05-07T23%3A46%3A07Z&endtime=2025-07-25T20%3A05%3A12Z&format=text&orderby=time&catalog=NCSS&minlatitude=35.75&maxlatitude=36.15&minlongitude=-120.75&maxlongitude=-120.35&mindepth=-2.0&maxdepth=15.0&minmagnitude=-1.0,2026-08-15T19:16:06Z
75109821,2024-12-30T18:17:32.580Z,35.99267,-120.564,3.71,NC,NCSS,NC,,Md,1.7,NC,"Bradley, CA",earthquake,https://service.ncedc.org/fdsnws/event/1/query?starttime=2024-05-07T23%3A46%3A07Z&endtime=2025-07-25T20%3A05%3A12Z&format=text&orderby=time&catalog=NCSS&minlatitude=35.75&maxlatitude=36.15&minlongitude=-120.75&maxlongitude=-120.35&mindepth=-2.0&maxdepth=15.0&minmagnitude=-1.0,2026-08-15T19:16:06Z
75109601,2024-12-30T04:39:32.700Z,36.0525,-120.61317,5.89,NC,NCSS,NC,,Md,1.0,NC,"Bradley, CA",earthquake,https://service.ncedc.org/fdsnws/event/1/query?starttime=2024-05-07T23%3A46%3A07Z&endtime=2025-07-25T20%3A05%3A12Z&format=text&orderby=time&catalog=NCSS&minlatitude=35.75&maxlatitude=36.15&minlongitude=-120.75&maxlongitude=-120.35&mindepth=-2.0&maxdepth=15.0&minmagnitude=-1.0,2026-08-15T19:16:06Z
75109596,2024-12-30T04:39:32.700Z,36.0515,-120.6105,6.02,NC,NCSS,NC,,Md,0.9,NC,"Bradley, CA",earthquake,https://service.ncedc.org/fdsnws/event/1/query?starttime=2024-05-07T23%3A46%3A07Z&endtime=2025-07-25T20%3A05%3A12Z&format=text&orderby=time&catalog=NCSS&minlatitude=35.75&maxlatitude=36.15&minlongitude=-120.75&maxlongitude=-120.35&mindepth=-2.0&maxdepth=15.0&minmagnitude=-1.0,2026-08-15T19:16:06Z
75109571,2024-12-30T03:21:19.730Z,36.02383,-120.59,-0.74,NC,NCSS,NC,,Md,0.8,NC,"Bradley, CA",earthquake,https://service.ncedc.org/fdsnws/event/1/query?starttime=2024-05-07T23%3A46%3A07Z&endtime=2025-07-25T20%3A05%3A12Z&format=text&orderby=time&catalog=NCSS&minlatitude=35.75&maxlatitude=36.15&minlongitude=-120.75&maxlongitude=-120.35&mindepth=-2.0&maxdepth=15.0&minmagnitude=-1.0,2026-08-15T19:16:06Z
75109116,2024-12-29T01:26:29.780Z,35.95567,-120.513,9.95,NC,NCSS,NC,,Md,1.4,NC,"San Miguel, CA",earthquake,https://service.ncedc.org/fdsnws/event/1/query?starttime=2024-05-07T23%3A46%3A07Z&endtime=2025-07-25T20%3A05%3A12Z&format=text&orderby=time&catalog=NCSS&minlatitude=35.75&maxlatitude=36.15&minlongitude=-120.75&maxlongitude=-120.35&mindepth=-2.0&maxdepth=15.0&minmagnitude=-1.0,2026-08-15T19:16:06Z
75106936,2024-12-23T08:16:14.800Z,35.9805,-120.54266,3.33,NC,NCSS,NC,,Md,0.9,NC,"San Miguel, CA",earthquake,https://service.ncedc.org/fdsnws/event/1/query?starttime=2024-05-07T23%3A46%3A07Z&endtime=2025-07-25T20%3A05%3A12Z&format=text&orderby=time&catalog=NCSS&minlatitude=35.75&maxlatitude=36.15&minlongitude=-120.75&maxlongitude=-120.35&mindepth=-2.0&maxdepth=15.0&minmagnitude=-1.0,2026-08-15T19:16:06Z
75106931,2024-12-23T07:49:42.620Z,35.98017,-120.543,3.28,NC,NCSS,NC,,Md,0.7,NC,"San Miguel, CA",earthquake,https://service.ncedc.org/fdsnws/event/1/query?starttime=2024-05-07T23%3A46%3A07Z&endtime=2025-07-25T20%3A05%3A12Z&format=text&orderby=time&catalog=NCSS&minlatitude=35.75&maxlatitude=36.15&minlongitude=-120.75&maxlongitude=-120.35&mindepth=-2.0&maxdepth=15.0&minmagnitude=-1.0,2026-08-15T19:16:06Z
75106666,2024-12-22T12:09:29.360Z,36.0665,-120.666,5.62,NC,NCSS,NC,,Md,1.3,NC,"San Ardo, CA",earthquake,https://service.ncedc.org/fdsnws/event/1/query?starttime=2024-05-07T23%3A46%3A07Z&endtime=2025-07-25T20%3A05%3A12Z&format=text&orderby=time&catalog=NCSS&minlatitude=35.75&maxlatitude=36.15&minlongitude=-120.75&maxlongitude=-120.35&mindepth=-2.0&maxdepth=15.0&minmagnitude=-1.0,2026-08-15T19:16:06Z
75106186,2024-12-21T06:54:40.180Z,35.92317,-120.4925,9.74,NC,NCSS,NC,,Md,1.7,NC,"San Miguel, CA",earthquake,https://service.ncedc.org/fdsnws/event/1/query?starttime=2024-05-07T23%3A46%3A07Z&endtime=2025-07-25T20%3A05%3A12Z&format=text&orderby=time&catalog=NCSS&minlatitude=35.75&maxlatitude=36.15&minlongitude=-120.75&maxlongitude=-120.35&mindepth=-2.0&maxdepth=15.0&minmagnitude=-1.0,2026-08-15T19:16:06Z
75105406,2024-12-19T17:58:16.690Z,36.01167,-120.567,2.39,NC,NCSS,NC,,Md,0.8,NC,"Bradley, CA",earthquake,https://service.ncedc.org/fdsnws/event/1/query?starttime=2024-05-07T23%3A46%3A07Z&endtime=2025-07-25T20%3A05%3A12Z&format=text&orderby=time&catalog=NCSS&minlatitude=35.75&maxlatitude=36.15&minlongitude=-120.75&maxlongitude=-120.35&mindepth=-2.0&maxdepth=15.0&minmagnitude=-1.0,2026-08-15T19:16:06Z
75105066,2024-12-19T00:00:22.060Z,35.98034,-120.54034,2.49,NC,NCSS,NC,,Md,0.7,NC,"San Miguel, CA",earthquake,https://service.ncedc.org/fdsnws/event/1/query?starttime=2024-05-07T23%3A46%3A07Z&endtime=2025-07-25T20%3A05%3A12Z&format=text&orderby=time&catalog=NCSS&minlatitude=35.75&maxlatitude=36.15&minlongitude=-120.75&maxlongitude=-120.35&mindepth=-2.0&maxdepth=15.0&minmagnitude=-1.0,2026-08-15T19:16:06Z
75105061,2024-12-18T23:51:30.230Z,35.977,-120.52317,2.8,NC,NCSS,NC,,Md,0.0,NC,"San Miguel, CA",earthquake,https://service.ncedc.org/fdsnws/event/1/query?starttime=2024-05-07T23%3A46%3A07Z&endtime=2025-07-25T20%3A05%3A12Z&format=text&orderby=time&catalog=NCSS&minlatitude=35.75&maxlatitude=36.15&minlongitude=-120.75&maxlongitude=-120.35&mindepth=-2.0&maxdepth=15.0&minmagnitude=-1.0,2026-08-15T19:16:06Z
75101591,2024-12-11T06:46:59.250Z,36.00117,-120.56067,3.81,NC,NCSS,NC,,Md,2.0,NC,"Bradley, CA",earthquake,https://service.ncedc.org/fdsnws/event/1/query?starttime=2024-05-07T23%3A46%3A07Z&endtime=2025-07-25T20%3A05%3A12Z&format=text&orderby=time&catalog=NCSS&minlatitude=35.75&maxlatitude=36.15&minlongitude=-120.75&maxlongitude=-120.35&mindepth=-2.0&maxdepth=15.0&minmagnitude=-1.0,2026-08-15T19:16:06Z
75100786,2024-12-10T06:11:35.430Z,35.98867,-120.54283,2.54,NC,NCSS,NC,,Md,0.7,NC,"San Miguel, CA",earthquake,https://service.ncedc.org/fdsnws/event/1/query?starttime=2024-05-07T23%3A46%3A07Z&endtime=2025-07-25T20%3A05%3A12Z&format=text&orderby=time&catalog=NCSS&minlatitude=35.75&maxlatitude=36.15&minlongitude=-120.75&maxlongitude=-120.35&mindepth=-2.0&maxdepth=15.0&minmagnitude=-1.0,2026-08-15T19:16:06Z
75100196,2024-12-09T17:50:58.170Z,36.00167,-120.56133,2.06,NC,NCSS,NC,,Md,0.9,NC,"Bradley, CA",earthquake,https://service.ncedc.org/fdsnws/event/1/query?starttime=2024-05-07T23%3A46%3A07Z&endtime=2025-07-25T20%3A05%3A12Z&format=text&orderby=time&catalog=NCSS&minlatitude=35.75&maxlatitude=36.15&minlongitude=-120.75&maxlongitude=-120.35&mindepth=-2.0&maxdepth=15.0&minmagnitude=-1.0,2026-08-15T19:16:06Z
75100191,2024-12-09T17:36:21.130Z,35.99467,-120.554,3.28,NC,NCSS,NC,,Md,1.0,NC,"San Miguel, CA",earthquake,https://service.ncedc.org/fdsnws/event/1/query?starttime=2024-05-07T23%3A46%3A07Z&endtime=2025-07-25T20%3A05%3A12Z&format=text&orderby=time&catalog=NCSS&minlatitude=35.75&maxlatitude=36.15&minlongitude=-120.75&maxlongitude=-120.35&mindepth=-2.0&maxdepth=15.0&minmagnitude=-1.0,2026-08-15T19:16:06Z
75094291,2024-12-03T01:17:00.680Z,36.01317,-120.57267,0.91,NC,NCSS,NC,,Md,0.9,NC,"Bradley, CA",earthquake,https://service.ncedc.org/fdsnws/event/1/query?starttime=2024-05-07T23%3A46%3A07Z&endtime=2025-07-25T20%3A05%3A12Z&format=text&orderby=time&catalog=NCSS&minlatitude=35.75&maxlatitude=36.15&minlongitude=-120.75&maxlongitude=-120.35&mindepth=-2.0&maxdepth=15.0&minmagnitude=-1.0,2026-08-15T19:16:06Z
75094221,2024-12-02T22:27:05.850Z,35.95167,-120.4915,3.31,NC,NCSS,NC,,Md,0.3,NC,"San Miguel, CA",earthquake,https://service.ncedc.org/fdsnws/event/1/query?starttime=2024-05-07T23%3A46%3A07Z&endtime=2025-07-25T20%3A05%3A12Z&format=text&orderby=time&catalog=NCSS&minlatitude=35.75&maxlatitude=36.15&minlongitude=-120.75&maxlongitude=-120.35&mindepth=-2.0&maxdepth=15.0&minmagnitude=-1.0,2026-08-15T19:16:06Z
75088016,2024-11-19T04:51:37.040Z,36.1245,-120.704,4.38,NC,NCSS,NC,,Md,0.8,NC,"San Ardo, CA",earthquake,https://service.ncedc.org/fdsnws/event/1/query?starttime=2024-05-07T23%3A46%3A07Z&endtime=2025-07-25T20%3A05%3A12Z&format=text&orderby=time&catalog=NCSS&minlatitude=35.75&maxlatitude=36.15&minlongitude=-120.75&maxlongitude=-120.35&mindepth=-2.0&maxdepth=15.0&minmagnitude=-1.0,2026-08-15T19:16:06Z
75087811,2024-11-18T14:34:45.730Z,35.97167,-120.5295,10.48,NC,NCSS,NC,,Md,1.9,NC,"San Miguel, CA",earthquake,https://service.ncedc.org/fdsnws/event/1/query?starttime=2024-05-07T23%3A46%3A07Z&endtime=2025-07-25T20%3A05%3A12Z&format=text&orderby=time&catalog=NCSS&minlatitude=35.75&maxlatitude=36.15&minlongitude=-120.75&maxlongitude=-120.35&mindepth=-2.0&maxdepth=15.0&minmagnitude=-1.0,2026-08-15T19:16:06Z
75087156,2024-11-17T00:12:07.860Z,36.00033,-120.55833,1.45,NC,NCSS,NC,,Md,0.5,NC,"Bradley, CA",earthquake,https://service.ncedc.org/fdsnws/event/1/query?starttime=2024-05-07T23%3A46%3A07Z&endtime=2025-07-25T20%3A05%3A12Z&format=text&orderby=time&catalog=NCSS&minlatitude=35.75&maxlatitude=36.15&minlongitude=-120.75&maxlongitude=-120.35&mindepth=-2.0&maxdepth=15.0&minmagnitude=-1.0,2026-08-15T19:16:06Z
75084576,2024-11-09T21:34:01.050Z,36.019,-120.582,3.64,NC,NCSS,NC,,Md,1.1,NC,"Bradley, CA",earthquake,https://service.ncedc.org/fdsnws/event/1/query?starttime=2024-05-07T23%3A46%3A07Z&endtime=2025-07-25T20%3A05%3A12Z&format=text&orderby=time&catalog=NCSS&minlatitude=35.75&maxlatitude=36.15&minlongitude=-120.75&maxlongitude=-120.35&mindepth=-2.0&maxdepth=15.0&minmagnitude=-1.0,2026-08-15T19:16:06Z
75083781,2024-11-08T01:39:43.510Z,36.00017,-120.561,1.19,NC,NCSS,NC,,Md,0.6,NC,"Bradley, CA",earthquake,https://service.ncedc.org/fdsnws/event/1/query?starttime=2024-05-07T23%3A46%3A07Z&endtime=2025-07-25T20%3A05%3A12Z&format=text&orderby=time&catalog=NCSS&minlatitude=35.75&maxlatitude=36.15&minlongitude=-120.75&maxlongitude=-120.35&mindepth=-2.0&maxdepth=15.0&minmagnitude=-1.0,2026-08-15T19:16:06Z
75083406,2024-11-07T07:00:24.280Z,36.01183,-120.56983,3.77,NC,NCSS,NC,,Md,1.5,NC,"Bradley, CA",earthquake,https://service.ncedc.org/fdsnws/event/1/query?starttime=2024-05-07T23%3A46%3A07Z&endtime=2025-07-25T20%3A05%3A12Z&format=text&orderby=time&catalog=NCSS&minlatitude=35.75&maxlatitude=36.15&minlongitude=-120.75&maxlongitude=-120.35&mindepth=-2.0&maxdepth=15.0&minmagnitude=-1.0,2026-08-15T19:16:06Z
75083106,2024-11-06T04:43:52.140Z,36.03767,-120.59283,4.25,NC,NCSS,NC,,Md,1.6,NC,"Bradley, CA",earthquake,https://service.ncedc.org/fdsnws/event/1/query?starttime=2024-05-07T23%3A46%3A07Z&endtime=2025-07-25T20%3A05%3A12Z&format=text&orderby=time&catalog=NCSS&minlatitude=35.75&maxlatitude=36.15&minlongitude=-120.75&maxlongitude=-120.35&mindepth=-2.0&maxdepth=15.0&minmagnitude=-1.0,2026-08-15T19:16:06Z
75081346,2024-10-31T15:56:54.170Z,36.0775,-120.6455,1.12,NC,NCSS,NC,,Md,1.1,NC,"San Ardo, CA",earthquake,https://service.ncedc.org/fdsnws/event/1/query?starttime=2024-05-07T23%3A46%3A07Z&endtime=2025-07-25T20%3A05%3A12Z&format=text&orderby=time&catalog=NCSS&minlatitude=35.75&maxlatitude=36.15&minlongitude=-120.75&maxlongitude=-120.35&mindepth=-2.0&maxdepth=15.0&minmagnitude=-1.0,2026-08-15T19:16:06Z
75079421,2024-10-27T01:40:05.600Z,36.06633,-120.638,2.07,NC,NCSS,NC,,Md,0.3,NC,"Bradley, CA",earthquake,https://service.ncedc.org/fdsnws/event/1/query?starttime=2024-05-07T23%3A46%3A07Z&endtime=2025-07-25T20%3A05%3A12Z&format=text&orderby=time&catalog=NCSS&minlatitude=35.75&maxlatitude=36.15&minlongitude=-120.75&maxlongitude=-120.35&mindepth=-2.0&maxdepth=15.0&minmagnitude=-1.0,2026-08-15T19:16:06Z
75077756,2024-10-23T17:02:29.730Z,36.063,-120.63533,0.47,NC,NCSS,NC,,Md,0.8,NC,"Bradley, CA",earthquake,https://service.ncedc.org/fdsnws/event/1/query?starttime=2024-05-07T23%3A46%3A07Z&endtime=2025-07-25T20%3A05%3A12Z&format=text&orderby=time&catalog=NCSS&minlatitude=35.75&maxlatitude=36.15&minlongitude=-120.75&maxlongitude=-120.35&mindepth=-2.0&maxdepth=15.0&minmagnitude=-1.0,2026-08-15T19:16:06Z
75076581,2024-10-20T23:28:36.910Z,35.93817,-120.4915,9.32,NC,NCSS,NC,,Md,1.0,NC,"San Miguel, CA",earthquake,https://service.ncedc.org/fdsnws/event/1/query?starttime=2024-05-07T23%3A46%3A07Z&endtime=2025-07-25T20%3A05%3A12Z&format=text&orderby=time&catalog=NCSS&minlatitude=35.75&maxlatitude=36.15&minlongitude=-120.75&maxlongitude=-120.35&mindepth=-2.0&maxdepth=15.0&minmagnitude=-1.0,2026-08-15T19:16:06Z
75076376,2024-10-20T10:39:20.800Z,36.099,-120.4495,6.82,NC,NCSS,NC,,Md,2.4,NC,"Avenal, CA",earthquake,https://service.ncedc.org/fdsnws/event/1/query?starttime=2024-05-07T23%3A46%3A07Z&endtime=2025-07-25T20%3A05%3A12Z&format=text&orderby=time&catalog=NCSS&minlatitude=35.75&maxlatitude=36.15&minlongitude=-120.75&maxlongitude=-120.35&mindepth=-2.0&maxdepth=15.0&minmagnitude=-1.0,2026-08-15T19:16:06Z
75075736,2024-10-18T09:45:58.000Z,36.14317,-120.727,5.31,NC,NCSS,NC,,Md,1.5,NC,"San Ardo, CA",earthquake,https://service.ncedc.org/fdsnws/event/1/query?starttime=2024-05-07T23%3A46%3A07Z&endtime=2025-07-25T20%3A05%3A12Z&format=text&orderby=time&catalog=NCSS&minlatitude=35.75&maxlatitude=36.15&minlongitude=-120.75&maxlongitude=-120.35&mindepth=-2.0&maxdepth=15.0&minmagnitude=-1.0,2026-08-15T19:16:06Z
75075471,2024-10-17T14:15:30.670Z,35.82017,-120.38,6.05,NC,NCSS,NC,,Md,1.6,NC,"Cholame, CA",earthquake,https://service.ncedc.org/fdsnws/event/1/query?starttime=2024-05-07T23%3A46%3A07Z&endtime=2025-07-25T20%3A05%3A12Z&format=text&orderby=time&catalog=NCSS&minlatitude=35.75&maxlatitude=36.15&minlongitude=-120.75&maxlongitude=-120.35&mindepth=-2.0&maxdepth=15.0&minmagnitude=-1.0,2026-08-15T19:16:06Z
75074401,2024-10-15T05:20:29.330Z,35.8825,-120.4305,10.05,NC,NCSS,NC,,Md,1.3,NC,"Cholame, CA",earthquake,https://service.ncedc.org/fdsnws/event/1/query?starttime=2024-05-07T23%3A46%3A07Z&endtime=2025-07-25T20%3A05%3A12Z&format=text&orderby=time&catalog=NCSS&minlatitude=35.75&maxlatitude=36.15&minlongitude=-120.75&maxlongitude=-120.35&mindepth=-2.0&maxdepth=15.0&minmagnitude=-1.0,2026-08-15T19:16:06Z
75072711,2024-10-10T15:47:06.910Z,35.96017,-120.515,4.99,NC,NCSS,NC,,Md,2.0,NC,"San Miguel, CA",earthquake,https://service.ncedc.org/fdsnws/event/1/query?starttime=2024-05-07T23%3A46%3A07Z&endtime=2025-07-25T20%3A05%3A12Z&format=text&orderby=time&catalog=NCSS&minlatitude=35.75&maxlatitude=36.15&minlongitude=-120.75&maxlongitude=-120.35&mindepth=-2.0&maxdepth=15.0&minmagnitude=-1.0,2026-08-15T19:16:06Z
75072501,2024-10-09T23:04:10.750Z,36.038,-120.6,3.0,NC,NCSS,NC,,Md,0.7,NC,"Bradley, CA",earthquake,https://service.ncedc.org/fdsnws/event/1/query?starttime=2024-05-07T23%3A46%3A07Z&endtime=2025-07-25T20%3A05%3A12Z&format=text&orderby=time&catalog=NCSS&minlatitude=35.75&maxlatitude=36.15&minlongitude=-120.75&maxlongitude=-120.35&mindepth=-2.0&maxdepth=15.0&minmagnitude=-1.0,2026-08-15T19:16:06Z
75071706,2024-10-07T17:42:27.290Z,35.981,-120.5405,1.88,NC,NCSS,NC,,Md,0.7,NC,"San Miguel, CA",earthquake,https://service.ncedc.org/fdsnws/event/1/query?starttime=2024-05-07T23%3A46%3A07Z&endtime=2025-07-25T20%3A05%3A12Z&format=text&orderby=time&catalog=NCSS&minlatitude=35.75&maxlatitude=36.15&minlongitude=-120.75&maxlongitude=-120.35&mindepth=-2.0&maxdepth=15.0&minmagnitude=-1.0,2026-08-15T19:16:06Z
75071276,2024-10-06T18:38:46.700Z,36.03117,-120.607,-0.2,NC,NCSS,NC,,Md,1.4,NC,"Bradley, CA",earthquake,https://service.ncedc.org/fdsnws/event/1/query?starttime=2024-05-07T23%3A46%3A07Z&endtime=2025-07-25T20%3A05%3A12Z&format=text&orderby=time&catalog=NCSS&minlatitude=35.75&maxlatitude=36.15&minlongitude=-120.75&maxlongitude=-120.35&mindepth=-2.0&maxdepth=15.0&minmagnitude=-1.0,2026-08-15T19:16:06Z
75071201,2024-10-06T14:13:05.260Z,35.995,-120.55483,1.16,NC,NCSS,NC,,Md,0.7,NC,"San Miguel, CA",earthquake,https://service.ncedc.org/fdsnws/event/1/query?starttime=2024-05-07T23%3A46%3A07Z&endtime=2025-07-25T20%3A05%3A12Z&format=text&orderby=time&catalog=NCSS&minlatitude=35.75&maxlatitude=36.15&minlongitude=-120.75&maxlongitude=-120.35&mindepth=-2.0&maxdepth=15.0&minmagnitude=-1.0,2026-08-15T19:16:06Z
75070206,2024-10-04T10:25:45.510Z,35.966,-120.52084,7.65,NC,NCSS,NC,,Md,1.2,NC,"San Miguel, CA",earthquake,https://service.ncedc.org/fdsnws/event/1/query?starttime=2024-05-07T23%3A46%3A07Z&endtime=2025-07-25T20%3A05%3A12Z&format=text&orderby=time&catalog=NCSS&minlatitude=35.75&maxlatitude=36.15&minlongitude=-120.75&maxlongitude=-120.35&mindepth=-2.0&maxdepth=15.0&minmagnitude=-1.0,2026-08-15T19:16:06Z
75070031,2024-10-03T18:21:57.410Z,35.987,-120.54017,10.06,NC,NCSS,NC,,Md,0.9,NC,"San Miguel, CA",earthquake,https://service.ncedc.org/fdsnws/event/1/query?starttime=2024-05-07T23%3A46%3A07Z&endtime=2025-07-25T20%3A05%3A12Z&format=text&orderby=time&catalog=NCSS&minlatitude=35.75&maxlatitude=36.15&minlongitude=-120.75&maxlongitude=-120.35&mindepth=-2.0&maxdepth=15.0&minmagnitude=-1.0,2026-08-15T19:16:06Z
75069511,2024-10-02T16:36:53.840Z,35.88133,-120.43584,10.46,NC,NCSS,NC,,Md,0.8,NC,"Cholame, CA",earthquake,https://service.ncedc.org/fdsnws/event/1/query?starttime=2024-05-07T23%3A46%3A07Z&endtime=2025-07-25T20%3A05%3A12Z&format=text&orderby=time&catalog=NCSS&minlatitude=35.75&maxlatitude=36.15&minlongitude=-120.75&maxlongitude=-120.35&mindepth=-2.0&maxdepth=15.0&minmagnitude=-1.0,2026-08-15T19:16:06Z
75069226,2024-10-02T02:16:57.660Z,35.93417,-120.48734,4.97,NC,NCSS,NC,,Md,1.0,NC,"San Miguel, CA",earthquake,https://service.ncedc.org/fdsnws/event/1/query?starttime=2024-05-07T23%3A46%3A07Z&endtime=2025-07-25T20%3A05%3A12Z&format=text&orderby=time&catalog=NCSS&minlatitude=35.75&maxlatitude=36.15&minlongitude=-120.75&maxlongitude=-120.35&mindepth=-2.0&maxdepth=15.0&minmagnitude=-1.0,2026-08-15T19:16:06Z
75067611,2024-09-28T04:11:46.860Z,36.07883,-120.6525,4.13,NC,NCSS,NC,,Md,1.7,NC,"San Ardo, CA",earthquake,https://service.ncedc.org/fdsnws/event/1/query?starttime=2024-05-07T23%3A46%3A07Z&endtime=2025-07-25T20%3A05%3A12Z&format=text&orderby=time&catalog=NCSS&minlatitude=35.75&maxlatitude=36.15&minlongitude=-120.75&maxlongitude=-120.35&mindepth=-2.0&maxdepth=15.0&minmagnitude=-1.0,2026-08-15T19:16:06Z
75065721,2024-09-23T10:55:35.260Z,36.01266,-120.58334,-0.74,NC,NCSS,NC,,Md,0.5,NC,"Bradley, CA",earthquake,https://service.ncedc.org/fdsnws/event/1/query?starttime=2024-05-07T23%3A46%3A07Z&endtime=2025-07-25T20%3A05%3A12Z&format=text&orderby=time&catalog=NCSS&minlatitude=35.75&maxlatitude=36.15&minlongitude=-120.75&maxlongitude=-120.35&mindepth=-2.0&maxdepth=15.0&minmagnitude=-1.0,2026-08-15T19:16:06Z
75065306,2024-09-22T11:20:48.420Z,36.00433,-120.56934,2.15,NC,NCSS,NC,,Md,0.5,NC,"Bradley, CA",earthquake,https://service.ncedc.org/fdsnws/event/1/query?starttime=2024-05-07T23%3A46%3A07Z&endtime=2025-07-25T20%3A05%3A12Z&format=text&orderby=time&catalog=NCSS&minlatitude=35.75&maxlatitude=36.15&minlongitude=-120.75&maxlongitude=-120.35&mindepth=-2.0&maxdepth=15.0&minmagnitude=-1.0,2026-08-15T19:16:06Z
75064741,2024-09-21T06:13:41.680Z,35.80533,-120.49934,10.94,NC,NCSS,NC,,Md,1.2,NC,"Shandon, CA",earthquake,https://service.ncedc.org/fdsnws/event/1/query?starttime=2024-05-07T23%3A46%3A07Z&endtime=2025-07-25T20%3A05%3A12Z&format=text&orderby=time&catalog=NCSS&minlatitude=35.75&maxlatitude=36.15&minlongitude=-120.75&maxlongitude=-120.35&mindepth=-2.0&maxdepth=15.0&minmagnitude=-1.0,2026-08-15T19:16:06Z
75064116,2024-09-19T21:25:07.860Z,35.972,-120.52016,2.99,NC,NCSS,NC,,Md,0.6,NC,"San Miguel, CA",earthquake,https://service.ncedc.org/fdsnws/event/1/query?starttime=2024-05-07T23%3A46%3A07Z&endtime=2025-07-25T20%3A05%3A12Z&format=text&orderby=time&catalog=NCSS&minlatitude=35.75&maxlatitude=36.15&minlongitude=-120.75&maxlongitude=-120.35&mindepth=-2.0&maxdepth=15.0&minmagnitude=-1.0,2026-08-15T19:16:06Z
75063571,2024-09-18T18:28:44.830Z,35.9695,-120.51534,3.01,NC,NCSS,NC,,Md,-0.0,NC,"San Miguel, CA",earthquake,https://service.ncedc.org/fdsnws/event/1/query?starttime=2024-05-07T23%3A46%3A07Z&endtime=2025-07-25T20%3A05%3A12Z&format=text&orderby=time&catalog=NCSS&minlatitude=35.75&maxlatitude=36.15&minlongitude=-120.75&maxlongitude=-120.35&mindepth=-2.0&maxdepth=15.0&minmagnitude=-1.0,2026-08-15T19:16:06Z
75062756,2024-09-16T19:56:29.040Z,36.09,-120.66534,2.62,NC,NCSS,NC,,Md,0.6,NC,"San Ardo, CA",earthquake,https://service.ncedc.org/fdsnws/event/1/query?starttime=2024-05-07T23%3A46%3A07Z&endtime=2025-07-25T20%3A05%3A12Z&format=text&orderby=time&catalog=NCSS&minlatitude=35.75&maxlatitude=36.15&minlongitude=-120.75&maxlongitude=-120.35&mindepth=-2.0&maxdepth=15.0&minmagnitude=-1.0,2026-08-15T19:16:06Z
75061831,2024-09-14T17:36:05.760Z,36.0035,-120.56116,3.96,NC,NCSS,NC,,Md,2.0,NC,"Bradley, CA",earthquake,https://service.ncedc.org/fdsnws/event/1/query?starttime=2024-05-07T23%3A46%3A07Z&endtime=2025-07-25T20%3A05%3A12Z&format=text&orderby=time&catalog=NCSS&minlatitude=35.75&maxlatitude=36.15&minlongitude=-120.75&maxlongitude=-120.35&mindepth=-2.0&maxdepth=15.0&minmagnitude=-1.0,2026-08-15T19:16:06Z
75061446,2024-09-13T20:05:19.500Z,35.99833,-120.57516,1.12,NC,NCSS,NC,,Md,0.5,NC,"Bradley, CA",earthquake,https://service.ncedc.org/fdsnws/event/1/query?starttime=2024-05-07T23%3A46%3A07Z&endtime=2025-07-25T20%3A05%3A12Z&format=text&orderby=time&catalog=NCSS&minlatitude=35.75&maxlatitude=36.15&minlongitude=-120.75&maxlongitude=-120.35&mindepth=-2.0&maxdepth=15.0&minmagnitude=-1.0,2026-08-15T19:16:06Z
75061361,2024-09-13T14:38:01.480Z,36.0015,-120.55833,4.14,NC,NCSS,NC,,Md,1.2,NC,"Bradley, CA",earthquake,https://service.ncedc.org/fdsnws/event/1/query?starttime=2024-05-07T23%3A46%3A07Z&endtime=2025-07-25T20%3A05%3A12Z&format=text&orderby=time&catalog=NCSS&minlatitude=35.75&maxlatitude=36.15&minlongitude=-120.75&maxlongitude=-120.35&mindepth=-2.0&maxdepth=15.0&minmagnitude=-1.0,2026-08-15T19:16:06Z
75061356,2024-09-13T14:31:03.010Z,36.00033,-120.56116,3.82,NC,NCSS,NC,,Md,1.0,NC,"Bradley, CA",earthquake,https://service.ncedc.org/fdsnws/event/1/query?starttime=2024-05-07T23%3A46%3A07Z&endtime=2025-07-25T20%3A05%3A12Z&format=text&orderby=time&catalog=NCSS&minlatitude=35.75&maxlatitude=36.15&minlongitude=-120.75&maxlongitude=-120.35&mindepth=-2.0&maxdepth=15.0&minmagnitude=-1.0,2026-08-15T19:16:06Z
75061336,2024-09-13T13:13:44.970Z,36.00483,-120.56567,3.84,NC,NCSS,NC,,Md,1.9,NC,"Bradley, CA",earthquake,https://service.ncedc.org/fdsnws/event/1/query?starttime=2024-05-07T23%3A46%3A07Z&endtime=2025-07-25T20%3A05%3A12Z&format=text&orderby=time&catalog=NCSS&minlatitude=35.75&maxlatitude=36.15&minlongitude=-120.75&maxlongitude=-120.35&mindepth=-2.0&maxdepth=15.0&minmagnitude=-1.0,2026-08-15T19:16:06Z
75061326,2024-09-13T12:21:51.010Z,35.99866,-120.56284,4.37,NC,NCSS,NC,,Md,2.6,NC,"Bradley, CA",earthquake,https://service.ncedc.org/fdsnws/event/1/query?starttime=2024-05-07T23%3A46%3A07Z&endtime=2025-07-25T20%3A05%3A12Z&format=text&orderby=time&catalog=NCSS&minlatitude=35.75&maxlatitude=36.15&minlongitude=-120.75&maxlongitude=-120.35&mindepth=-2.0&maxdepth=15.0&minmagnitude=-1.0,2026-08-15T19:16:06Z
75061306,2024-09-13T10:18:13.190Z,35.93383,-120.487,8.51,NC,NCSS,NC,,Md,0.6,NC,"San Miguel, CA",earthquake,https://service.ncedc.org/fdsnws/event/1/query?starttime=2024-05-07T23%3A46%3A07Z&endtime=2025-07-25T20%3A05%3A12Z&format=text&orderby=time&catalog=NCSS&minlatitude=35.75&maxlatitude=36.15&minlongitude=-120.75&maxlongitude=-120.35&mindepth=-2.0&maxdepth=15.0&minmagnitude=-1.0,2026-08-15T19:16:06Z
75060796,2024-09-12T06:26:48.820Z,35.81717,-120.369,7.96,NC,NCSS,NC,,Md,2.8,NC,"Cholame, CA",earthquake,https://service.ncedc.org/fdsnws/event/1/query?starttime=2024-05-07T23%3A46%3A07Z&endtime=2025-07-25T20%3A05%3A12Z&format=text&orderby=time&catalog=NCSS&minlatitude=35.75&maxlatitude=36.15&minlongitude=-120.75&maxlongitude=-120.35&mindepth=-2.0&maxdepth=15.0&minmagnitude=-1.0,2026-08-15T19:16:06Z
75060301,2024-09-11T01:33:03.830Z,35.94467,-120.47266,3.88,NC,NCSS,NC,,Md,-0.0,NC,"Cholame, CA",earthquake,https://service.ncedc.org/fdsnws/event/1/query?starttime=2024-05-07T23%3A46%3A07Z&endtime=2025-07-25T20%3A05%3A12Z&format=text&orderby=time&catalog=NCSS&minlatitude=35.75&maxlatitude=36.15&minlongitude=-120.75&maxlongitude=-120.35&mindepth=-2.0&maxdepth=15.0&minmagnitude=-1.0,2026-08-15T19:16:06Z
75060296,2024-09-11T00:51:02.030Z,35.9285,-120.48083,5.32,NC,NCSS,NC,,Md,1.5,NC,"Cholame, CA",earthquake,https://service.ncedc.org/fdsnws/event/1/query?starttime=2024-05-07T23%3A46%3A07Z&endtime=2025-07-25T20%3A05%3A12Z&format=text&orderby=time&catalog=NCSS&minlatitude=35.75&maxlatitude=36.15&minlongitude=-120.75&maxlongitude=-120.35&mindepth=-2.0&maxdepth=15.0&minmagnitude=-1.0,2026-08-15T19:16:06Z
75060151,2024-09-10T19:52:29.440Z,35.98017,-120.53516,3.31,NC,NCSS,NC,,Md,0.2,NC,"San Miguel, CA",earthquake,https://service.ncedc.org/fdsnws/event/1/query?starttime=2024-05-07T23%3A46%3A07Z&endtime=2025-07-25T20%3A05%3A12Z&format=text&orderby=time&catalog=NCSS&minlatitude=35.75&maxlatitude=36.15&minlongitude=-120.75&maxlongitude=-120.35&mindepth=-2.0&maxdepth=15.0&minmagnitude=-1.0,2026-08-15T19:16:06Z
75057711,2024-09-05T10:51:58.560Z,36.09833,-120.66534,8.16,NC,NCSS,NC,,Md,1.7,NC,"San Ardo, CA",earthquake,https://service.ncedc.org/fdsnws/event/1/query?starttime=2024-05-07T23%3A46%3A07Z&endtime=2025-07-25T20%3A05%3A12Z&format=text&orderby=time&catalog=NCSS&minlatitude=35.75&maxlatitude=36.15&minlongitude=-120.75&maxlongitude=-120.35&mindepth=-2.0&maxdepth=15.0&minmagnitude=-1.0,2026-08-15T19:16:06Z
75056951,2024-09-03T15:04:29.400Z,36.0425,-120.64283,1.97,NC,NCSS,NC,,Md,0.6,NC,"Bradley, CA",earthquake,https://service.ncedc.org/fdsnws/event/1/query?starttime=2024-05-07T23%3A46%3A07Z&endtime=2025-07-25T20%3A05%3A12Z&format=text&orderby=time&catalog=NCSS&minlatitude=35.75&maxlatitude=36.15&minlongitude=-120.75&maxlongitude=-120.35&mindepth=-2.0&maxdepth=15.0&minmagnitude=-1.0,2026-08-15T19:16:06Z
75056656,2024-09-02T21:53:43.100Z,36.0575,-120.62366,4.42,NC,NCSS,NC,,Md,0.9,NC,"Bradley, CA",earthquake,https://service.ncedc.org/fdsnws/event/1/query?starttime=2024-05-07T23%3A46%3A07Z&endtime=2025-07-25T20%3A05%3A12Z&format=text&orderby=time&catalog=NCSS&minlatitude=35.75&maxlatitude=36.15&minlongitude=-120.75&maxlongitude=-120.35&mindepth=-2.0&maxdepth=15.0&minmagnitude=-1.0,2026-08-15T19:16:06Z
75056646,2024-09-02T21:22:00.180Z,36.05867,-120.62383,5.23,NC,NCSS,NC,,Md,2.2,NC,"Bradley, CA",earthquake,https://service.ncedc.org/fdsnws/event/1/query?starttime=2024-05-07T23%3A46%3A07Z&endtime=2025-07-25T20%3A05%3A12Z&format=text&orderby=time&catalog=NCSS&minlatitude=35.75&maxlatitude=36.15&minlongitude=-120.75&maxlongitude=-120.35&mindepth=-2.0&maxdepth=15.0&minmagnitude=-1.0,2026-08-15T19:16:06Z
75056611,2024-09-02T19:45:04.390Z,36.05767,-120.63233,4.1,NC,NCSS,NC,,Md,2.2,NC,"Bradley, CA",earthquake,https://service.ncedc.org/fdsnws/event/1/query?starttime=2024-05-07T23%3A46%3A07Z&endtime=2025-07-25T20%3A05%3A12Z&format=text&orderby=time&catalog=NCSS&minlatitude=35.75&maxlatitude=36.15&minlongitude=-120.75&maxlongitude=-120.35&mindepth=-2.0&maxdepth=15.0&minmagnitude=-1.0,2026-08-15T19:16:06Z
75056386,2024-09-02T09:00:01.460Z,36.0435,-120.61317,0.27,NC,NCSS,NC,,Md,1.0,NC,"Bradley, CA",earthquake,https://service.ncedc.org/fdsnws/event/1/query?starttime=2024-05-07T23%3A46%3A07Z&endtime=2025-07-25T20%3A05%3A12Z&format=text&orderby=time&catalog=NCSS&minlatitude=35.75&maxlatitude=36.15&minlongitude=-120.75&maxlongitude=-120.35&mindepth=-2.0&maxdepth=15.0&minmagnitude=-1.0,2026-08-15T19:16:06Z
75056191,2024-09-01T21:05:55.820Z,35.96483,-120.51917,9.56,NC,NCSS,NC,,Md,0.6,NC,"San Miguel, CA",earthquake,https://service.ncedc.org/fdsnws/event/1/query?starttime=2024-05-07T23%3A46%3A07Z&endtime=2025-07-25T20%3A05%3A12Z&format=text&orderby=time&catalog=NCSS&minlatitude=35.75&maxlatitude=36.15&minlongitude=-120.75&maxlongitude=-120.35&mindepth=-2.0&maxdepth=15.0&minmagnitude=-1.0,2026-08-15T19:16:06Z
75056131,2024-09-01T17:01:40.070Z,35.99733,-120.5565,4.23,NC,NCSS,NC,,Md,1.4,NC,"Bradley, CA",earthquake,https://service.ncedc.org/fdsnws/event/1/query?starttime=2024-05-07T23%3A46%3A07Z&endtime=2025-07-25T20%3A05%3A12Z&format=text&orderby=time&catalog=NCSS&minlatitude=35.75&maxlatitude=36.15&minlongitude=-120.75&maxlongitude=-120.35&mindepth=-2.0&maxdepth=15.0&minmagnitude=-1.0,2026-08-15T19:16:06Z
75056051,2024-09-01T11:39:10.490Z,35.99683,-120.55666,3.73,NC,NCSS,NC,,Md,0.7,NC,"Bradley, CA",earthquake,https://service.ncedc.org/fdsnws/event/1/query?starttime=2024-05-07T23%3A46%3A07Z&endtime=2025-07-25T20%3A05%3A12Z&format=text&orderby=time&catalog=NCSS&minlatitude=35.75&maxlatitude=36.15&minlongitude=-120.75&maxlongitude=-120.35&mindepth=-2.0&maxdepth=15.0&minmagnitude=-1.0,2026-08-15T19:16:06Z
75055911,2024-09-01T02:37:35.070Z,36.0585,-120.64217,3.1,NC,NCSS,NC,,Md,0.5,NC,"Bradley, CA",earthquake,https://service.ncedc.org/fdsnws/event/1/query?starttime=2024-05-07T23%3A46%3A07Z&endtime=2025-07-25T20%3A05%3A12Z&format=text&orderby=time&catalog=NCSS&minlatitude=35.75&maxlatitude=36.15&minlongitude=-120.75&maxlongitude=-120.35&mindepth=-2.0&maxdepth=15.0&minmagnitude=-1.0,2026-08-15T19:16:06Z
75055671,2024-08-31T13:49:42.540Z,36.01317,-120.57217,5.12,NC,NCSS,NC,,Md,0.8,NC,"Bradley, CA",earthquake,https://service.ncedc.org/fdsnws/event/1/query?starttime=2024-05-07T23%3A46%3A07Z&endtime=2025-07-25T20%3A05%3A12Z&format=text&orderby=time&catalog=NCSS&minlatitude=35.75&maxlatitude=36.15&minlongitude=-120.75&maxlongitude=-120.35&mindepth=-2.0&maxdepth=15.0&minmagnitude=-1.0,2026-08-15T19:16:06Z
75055526,2024-08-31T06:04:49.740Z,35.96417,-120.5245,10.96,NC,NCSS,NC,,Md,1.2,NC,"San Miguel, CA",earthquake,https://service.ncedc.org/fdsnws/event/1/query?starttime=2024-05-07T23%3A46%3A07Z&endtime=2025-07-25T20%3A05%3A12Z&format=text&orderby=time&catalog=NCSS&minlatitude=35.75&maxlatitude=36.15&minlongitude=-120.75&maxlongitude=-120.35&mindepth=-2.0&maxdepth=15.0&minmagnitude=-1.0,2026-08-15T19:16:06Z
75055291,2024-08-30T15:12:54.580Z,35.96533,-120.5195,10.13,NC,NCSS,NC,,Md,2.3,NC,"San Miguel, CA",earthquake,https://service.ncedc.org/fdsnws/event/1/query?starttime=2024-05-07T23%3A46%3A07Z&endtime=2025-07-25T20%3A05%3A12Z&format=text&orderby=time&catalog=NCSS&minlatitude=35.75&maxlatitude=36.15&minlongitude=-120.75&maxlongitude=-120.35&mindepth=-2.0&maxdepth=15.0&minmagnitude=-1.0,2026-08-15T19:16:06Z
75054526,2024-08-28T16:14:51.750Z,36.05217,-120.61283,8.45,NC,NCSS,NC,,Md,0.8,NC,"Bradley, CA",earthquake,https://service.ncedc.org/fdsnws/event/1/query?starttime=2024-05-07T23%3A46%3A07Z&endtime=2025-07-25T20%3A05%3A12Z&format=text&orderby=time&catalog=NCSS&minlatitude=35.75&maxlatitude=36.15&minlongitude=-120.75&maxlongitude=-120.35&mindepth=-2.0&maxdepth=15.0&minmagnitude=-1.0,2026-08-15T19:16:06Z
75053181,2024-08-25T11:01:02.830Z,36.046,-120.6215,6.72,NC,NCSS,NC,,Md,0.5,NC,"Bradley, CA",earthquake,https://service.ncedc.org/fdsnws/event/1/query?starttime=2024-05-07T23%3A46%3A07Z&endtime=2025-07-25T20%3A05%3A12Z&format=text&orderby=time&catalog=NCSS&minlatitude=35.75&maxlatitude=36.15&minlongitude=-120.75&maxlongitude=-120.35&mindepth=-2.0&maxdepth=15.0&minmagnitude=-1.0,2026-08-15T19:16:06Z
75053156,2024-08-25T09:38:31.030Z,36.0005,-120.557,2.47,NC,NCSS,NC,,Md,1.0,NC,"Bradley, CA",earthquake,https://service.ncedc.org/fdsnws/event/1/query?starttime=2024-05-07T23%3A46%3A07Z&endtime=2025-07-25T20%3A05%3A12Z&format=text&orderby=time&catalog=NCSS&minlatitude=35.75&maxlatitude=36.15&minlongitude=-120.75&maxlongitude=-120.35&mindepth=-2.0&maxdepth=15.0&minmagnitude=-1.0,2026-08-15T19:16:06Z
75052991,2024-08-25T00:44:53.780Z,36.04617,-120.61867,9.22,NC,NCSS,NC,,Md,1.7,NC,"Bradley, CA",earthquake,https://service.ncedc.org/fdsnws/event/1/query?starttime=2024-05-07T23%3A46%3A07Z&endtime=2025-07-25T20%3A05%3A12Z&format=text&orderby=time&catalog=NCSS&minlatitude=35.75&maxlatitude=36.15&minlongitude=-120.75&maxlongitude=-120.35&mindepth=-2.0&maxdepth=15.0&minmagnitude=-1.0,2026-08-15T19:16:06Z
75052986,2024-08-24T23:42:16.560Z,35.83383,-120.54217,10.07,NC,NCSS,NC,,Md,0.5,NC,"San Miguel, CA",earthquake,https://service.ncedc.org/fdsnws/event/1/query?starttime=2024-05-07T23%3A46%3A07Z&endtime=2025-07-25T20%3A05%3A12Z&format=text&orderby=time&catalog=NCSS&minlatitude=35.75&maxlatitude=36.15&minlongitude=-120.75&maxlongitude=-120.35&mindepth=-2.0&maxdepth=15.0&minmagnitude=-1.0,2026-08-15T19:16:06Z
75052636,2024-08-24T09:18:14.310Z,35.829,-120.54716,10.21,NC,NCSS,NC,,Md,0.9,NC,"San Miguel, CA",earthquake,https://service.ncedc.org/fdsnws/event/1/query?starttime=2024-05-07T23%3A46%3A07Z&endtime=2025-07-25T20%3A05%3A12Z&format=text&orderby=time&catalog=NCSS&minlatitude=35.75&maxlatitude=36.15&minlongitude=-120.75&maxlongitude=-120.35&mindepth=-2.0&maxdepth=15.0&minmagnitude=-1.0,2026-08-15T19:16:06Z
75052421,2024-08-23T20:41:24.900Z,35.80933,-120.3645,5.4,NC,NCSS,NC,,Md,0.7,NC,"Cholame, CA",earthquake,https://service.ncedc.org/fdsnws/event/1/query?starttime=2024-05-07T23%3A46%3A07Z&endtime=2025-07-25T20%3A05%3A12Z&format=text&orderby=time&catalog=NCSS&minlatitude=35.75&maxlatitude=36.15&minlongitude=-120.75&maxlongitude=-120.35&mindepth=-2.0&maxdepth=15.0&minmagnitude=-1.0,2026-08-15T19:16:06Z
75052396,2024-08-23T20:19:53.960Z,36.029,-120.59783,2.05,NC,NCSS,NC,,Md,0.9,NC,"Bradley, CA",earthquake,https://service.ncedc.org/fdsnws/event/1/query?starttime=2024-05-07T23%3A46%3A07Z&endtime=2025-07-25T20%3A05%3A12Z&format=text&orderby=time&catalog=NCSS&minlatitude=35.75&maxlatitude=36.15&minlongitude=-120.75&maxlongitude=-120.35&mindepth=-2.0&maxdepth=15.0&minmagnitude=-1.0,2026-08-15T19:16:06Z
75051841,2024-08-22T20:00:47.980Z,36.03067,-120.59683,3.63,NC,NCSS,NC,,Md,0.1,NC,"Bradley, CA",earthquake,https://service.ncedc.org/fdsnws/event/1/query?starttime=2024-05-07T23%3A46%3A07Z&endtime=2025-07-25T20%3A05%3A12Z&format=text&orderby=time&catalog=NCSS&minlatitude=35.75&maxlatitude=36.15&minlongitude=-120.75&maxlongitude=-120.35&mindepth=-2.0&maxdepth=15.0&minmagnitude=-1.0,2026-08-15T19:16:06Z
75051566,2024-08-22T02:02:22.680Z,35.96783,-120.52133,10.5,NC,NCSS,NC,,Md,0.9,NC,"San Miguel, CA",earthquake,https://service.ncedc.org/fdsnws/event/1/query?starttime=2024-05-07T23%3A46%3A07Z&endtime=2025-07-25T20%3A05%3A12Z&format=text&orderby=time&catalog=NCSS&minlatitude=35.75&maxlatitude=36.15&minlongitude=-120.75&maxlongitude=-120.35&mindepth=-2.0&maxdepth=15.0&minmagnitude=-1.0,2026-08-15T19:16:06Z
75050791,2024-08-20T06:28:40.480Z,35.98017,-120.61933,4.03,NC,NCSS,NC,,Md,0.8,NC,"Bradley, CA",earthquake,https://service.ncedc.org/fdsnws/event/1/query?starttime=2024-05-07T23%3A46%3A07Z&endtime=2025-07-25T20%3A05%3A12Z&format=text&orderby=time&catalog=NCSS&minlatitude=35.75&maxlatitude=36.15&minlongitude=-120.75&maxlongitude=-120.35&mindepth=-2.0&maxdepth=15.0&minmagnitude=-1.0,2026-08-15T19:16:06Z
75050721,2024-08-20T03:59:14.310Z,36.03617,-120.60717,-0.2,NC,NCSS,NC,,Md,1.8,NC,"Bradley, CA",earthquake,https://service.ncedc.org/fdsnws/event/1/query?starttime=2024-05-07T23%3A46%3A07Z&endtime=2025-07-25T20%3A05%3A12Z&format=text&orderby=time&catalog=NCSS&minlatitude=35.75&maxlatitude=36.15&minlongitude=-120.75&maxlongitude=-120.35&mindepth=-2.0&maxdepth=15.0&minmagnitude=-1.0,2026-08-15T19:16:06Z
75050516,2024-08-19T15:32:10.590Z,36.01883,-120.58583,2.72,NC,NCSS,NC,,Md,1.0,NC,"Bradley, CA",earthquake,https://service.ncedc.org/fdsnws/event/1/query?starttime=2024-05-07T23%3A46%3A07Z&endtime=2025-07-25T20%3A05%3A12Z&format=text&orderby=time&catalog=NCSS&minlatitude=35.75&maxlatitude=36.15&minlongitude=-120.75&maxlongitude=-120.35&mindepth=-2.0&maxdepth=15.0&minmagnitude=-1.0,2026-08-15T19:16:06Z
75050346,2024-08-19T07:57:56.170Z,35.86683,-120.4635,7.32,NC,NCSS,NC,,Md,0.7,NC,"Cholame, CA",earthquake,https://service.ncedc.org/fdsnws/event/1/query?starttime=2024-05-07T23%3A46%3A07Z&endtime=2025-07-25T20%3A05%3A12Z&format=text&orderby=time&catalog=NCSS&minlatitude=35.75&maxlatitude=36.15&minlongitude=-120.75&maxlongitude=-120.35&mindepth=-2.0&maxdepth=15.0&minmagnitude=-1.0,2026-08-15T19:16:06Z
75049151,2024-08-16T15:16:14.280Z,35.96183,-120.515,10.08,NC,NCSS,NC,,Md,0.9,NC,"San Miguel, CA",earthquake,https://service.ncedc.org/fdsnws/event/1/query?starttime=2024-05-07T23%3A46%3A07Z&endtime=2025-07-25T20%3A05%3A12Z&format=text&orderby=time&catalog=NCSS&minlatitude=35.75&maxlatitude=36.15&minlongitude=-120.75&maxlongitude=-120.35&mindepth=-2.0&maxdepth=15.0&minmagnitude=-1.0,2026-08-15T19:16:06Z
75049136,2024-08-16T13:22:59.960Z,35.88467,-120.42683,9.58,NC,NCSS,NC,,Md,0.9,NC,"Cholame, CA",earthquake,https://service.ncedc.org/fdsnws/event/1/query?starttime=2024-05-07T23%3A46%3A07Z&endtime=2025-07-25T20%3A05%3A12Z&format=text&orderby=time&catalog=NCSS&minlatitude=35.75&maxlatitude=36.15&minlongitude=-120.75&maxlongitude=-120.35&mindepth=-2.0&maxdepth=15.0&minmagnitude=-1.0,2026-08-15T19:16:06Z
75049106,2024-08-16T11:41:37.810Z,35.97017,-120.52834,4.97,NC,NCSS,NC,,Md,0.6,NC,"San Miguel, CA",earthquake,https://service.ncedc.org/fdsnws/event/1/query?starttime=2024-05-07T23%3A46%3A07Z&endtime=2025-07-25T20%3A05%3A12Z&format=text&orderby=time&catalog=NCSS&minlatitude=35.75&maxlatitude=36.15&minlongitude=-120.75&maxlongitude=-120.35&mindepth=-2.0&maxdepth=15.0&minmagnitude=-1.0,2026-08-15T19:16:06Z
75048241,2024-08-14T13:45:15.200Z,35.9355,-120.495,9.66,NC,NCSS,NC,,Md,1.7,NC,"San Miguel, CA",earthquake,https://service.ncedc.org/fdsnws/event/1/query?starttime=2024-05-07T23%3A46%3A07Z&endtime=2025-07-25T20%3A05%3A12Z&format=text&orderby=time&catalog=NCSS&minlatitude=35.75&maxlatitude=36.15&minlongitude=-120.75&maxlongitude=-120.35&mindepth=-2.0&maxdepth=15.0&minmagnitude=-1.0,2026-08-15T19:16:06Z
75047886,2024-08-13T20:59:31.720Z,36.02917,-120.59383,6.81,NC,NCSS,NC,,Md,1.7,NC,"Bradley, CA",earthquake,https://service.ncedc.org/fdsnws/event/1/query?starttime=2024-05-07T23%3A46%3A07Z&endtime=2025-07-25T20%3A05%3A12Z&format=text&orderby=time&catalog=NCSS&minlatitude=35.75&maxlatitude=36.15&minlongitude=-120.75&maxlongitude=-120.35&mindepth=-2.0&maxdepth=15.0&minmagnitude=-1.0,2026-08-15T19:16:06Z
75047851,2024-08-13T19:49:51.790Z,36.05067,-120.61066,3.36,NC,NCSS,NC,,Md,1.2,NC,"Bradley, CA",earthquake,https://service.ncedc.org/fdsnws/event/1/query?starttime=2024-05-07T23%3A46%3A07Z&endtime=2025-07-25T20%3A05%3A12Z&format=text&orderby=time&catalog=NCSS&minlatitude=35.75&maxlatitude=36.15&minlongitude=-120.75&maxlongitude=-120.35&mindepth=-2.0&maxdepth=15.0&minmagnitude=-1.0,2026-08-15T19:16:06Z
75047681,2024-08-13T10:16:32.330Z,36.0355,-120.595,5.67,NC,NCSS,NC,,Md,0.5,NC,"Bradley, CA",earthquake,https://service.ncedc.org/fdsnws/event/1/query?starttime=2024-05-07T23%3A46%3A07Z&endtime=2025-07-25T20%3A05%3A12Z&format=text&orderby=time&catalog=NCSS&minlatitude=35.75&maxlatitude=36.15&minlongitude=-120.75&maxlongitude=-120.35&mindepth=-2.0&maxdepth=15.0&minmagnitude=-1.0,2026-08-15T19:16:06Z
75046117,2024-08-09T09:12:50.100Z,35.852,-120.47066,5.91,NC,NCSS,NC,,Md,1.0,NC,"Cholame, CA",earthquake,https://service.ncedc.org/fdsnws/event/1/query?starttime=2024-05-07T23%3A46%3A07Z&endtime=2025-07-25T20%3A05%3A12Z&format=text&orderby=time&catalog=NCSS&minlatitude=35.75&maxlatitude=36.15&minlongitude=-120.75&maxlongitude=-120.35&mindepth=-2.0&maxdepth=15.0&minmagnitude=-1.0,2026-08-15T19:16:06Z
75044822,2024-08-07T07:00:43.660Z,36.0425,-120.601,3.29,NC,NCSS,NC,,Md,0.5,NC,"Bradley, CA",earthquake,https://service.ncedc.org/fdsnws/event/1/query?starttime=2024-05-07T23%3A46%3A07Z&endtime=2025-07-25T20%3A05%3A12Z&format=text&orderby=time&catalog=NCSS&minlatitude=35.75&maxlatitude=36.15&minlongitude=-120.75&maxlongitude=-120.35&mindepth=-2.0&maxdepth=15.0&minmagnitude=-1.0,2026-08-15T19:16:06Z
75044107,2024-08-06T02:59:18.930Z,35.834,-120.54716,10.47,NC,NCSS,NC,,Md,1.5,NC,"San Miguel, CA",earthquake,https://service.ncedc.org/fdsnws/event/1/query?starttime=2024-05-07T23%3A46%3A07Z&endtime=2025-07-25T20%3A05%3A12Z&format=text&orderby=time&catalog=NCSS&minlatitude=35.75&maxlatitude=36.15&minlongitude=-120.75&maxlongitude=-120.35&mindepth=-2.0&maxdepth=15.0&minmagnitude=-1.0,2026-08-15T19:16:06Z
75043702,2024-08-05T05:09:19.900Z,36.02417,-120.58383,4.52,NC,NCSS,NC,,Md,1.7,NC,"Bradley, CA",earthquake,https://service.ncedc.org/fdsnws/event/1/query?starttime=2024-05-07T23%3A46%3A07Z&endtime=2025-07-25T20%3A05%3A12Z&format=text&orderby=time&catalog=NCSS&minlatitude=35.75&maxlatitude=36.15&minlongitude=-120.75&maxlongitude=-120.35&mindepth=-2.0&maxdepth=15.0&minmagnitude=-1.0,2026-08-15T19:16:06Z
75043302,2024-08-04T05:39:08.400Z,35.83717,-120.54266,10.32,NC,NCSS,NC,,Md,0.8,NC,"San Miguel, CA",earthquake,https://service.ncedc.org/fdsnws/event/1/query?starttime=2024-05-07T23%3A46%3A07Z&endtime=2025-07-25T20%3A05%3A12Z&format=text&orderby=time&catalog=NCSS&minlatitude=35.75&maxlatitude=36.15&minlongitude=-120.75&maxlongitude=-120.35&mindepth=-2.0&maxdepth=15.0&minmagnitude=-1.0,2026-08-15T19:16:06Z
75043287,2024-08-04T04:15:42.200Z,35.9685,-120.52233,10.05,NC,NCSS,NC,,Md,2.2,NC,"San Miguel, CA",earthquake,https://service.ncedc.org/fdsnws/event/1/query?starttime=2024-05-07T23%3A46%3A07Z&endtime=2025-07-25T20%3A05%3A12Z&format=text&orderby=time&catalog=NCSS&minlatitude=35.75&maxlatitude=36.15&minlongitude=-120.75&maxlongitude=-120.35&mindepth=-2.0&maxdepth=15.0&minmagnitude=-1.0,2026-08-15T19:16:06Z
75043062,2024-08-03T13:38:34.700Z,36.0425,-120.62933,4.2,NC,NCSS,NC,,Md,0.9,NC,"Bradley, CA",earthquake,https://service.ncedc.org/fdsnws/event/1/query?starttime=2024-05-07T23%3A46%3A07Z&endtime=2025-07-25T20%3A05%3A12Z&format=text&orderby=time&catalog=NCSS&minlatitude=35.75&maxlatitude=36.15&minlongitude=-120.75&maxlongitude=-120.35&mindepth=-2.0&maxdepth=15.0&minmagnitude=-1.0,2026-08-15T19:16:06Z
75042842,2024-08-02T21:05:35.910Z,35.876,-120.4185,6.15,NC,NCSS,NC,,Md,0.7,NC,"Cholame, CA",earthquake,https://service.ncedc.org/fdsnws/event/1/query?starttime=2024-05-07T23%3A46%3A07Z&endtime=2025-07-25T20%3A05%3A12Z&format=text&orderby=time&catalog=NCSS&minlatitude=35.75&maxlatitude=36.15&minlongitude=-120.75&maxlongitude=-120.35&mindepth=-2.0&maxdepth=15.0&minmagnitude=-1.0,2026-08-15T19:16:06Z
75038587,2024-07-23T22:26:35.010Z,35.84883,-120.6385,9.96,NC,NCSS,NC,,Md,1.9,NC,"San Miguel, CA",earthquake,https://service.ncedc.org/fdsnws/event/1/query?starttime=2024-05-07T23%3A46%3A07Z&endtime=2025-07-25T20%3A05%3A12Z&format=text&orderby=time&catalog=NCSS&minlatitude=35.75&maxlatitude=36.15&minlongitude=-120.75&maxlongitude=-120.35&mindepth=-2.0&maxdepth=15.0&minmagnitude=-1.0,2026-08-15T19:16:06Z
75036327,2024-07-18T00:22:01.280Z,36.04183,-120.61684,2.62,NC,NCSS,NC,,Md,0.9,NC,"Bradley, CA",earthquake,https://service.ncedc.org/fdsnws/event/1/query?starttime=2024-05-07T23%3A46%3A07Z&endtime=2025-07-25T20%3A05%3A12Z&format=text&orderby=time&catalog=NCSS&minlatitude=35.75&maxlatitude=36.15&minlongitude=-120.75&maxlongitude=-120.35&mindepth=-2.0&maxdepth=15.0&minmagnitude=-1.0,2026-08-15T19:16:06Z
75035617,2024-07-16T16:36:11.910Z,35.96267,-120.5105,2.35,NC,NCSS,NC,,Md,1.3,NC,"San Miguel, CA",earthquake,https://service.ncedc.org/fdsnws/event/1/query?starttime=2024-05-07T23%3A46%3A07Z&endtime=2025-07-25T20%3A05%3A12Z&format=text&orderby=time&catalog=NCSS&minlatitude=35.75&maxlatitude=36.15&minlongitude=-120.75&maxlongitude=-120.35&mindepth=-2.0&maxdepth=15.0&minmagnitude=-1.0,2026-08-15T19:16:06Z
75035387,2024-07-16T01:41:55.170Z,36.001,-120.56017,4.14,NC,NCSS,NC,,Md,0.7,NC,"Bradley, CA",earthquake,https://service.ncedc.org/fdsnws/event/1/query?starttime=2024-05-07T23%3A46%3A07Z&endtime=2025-07-25T20%3A05%3A12Z&format=text&orderby=time&catalog=NCSS&minlatitude=35.75&maxlatitude=36.15&minlongitude=-120.75&maxlongitude=-120.35&mindepth=-2.0&maxdepth=15.0&minmagnitude=-1.0,2026-08-15T19:16:06Z
75034357,2024-07-13T09:25:40.110Z,36.04317,-120.6245,5.59,NC,NCSS,NC,,Md,1.0,NC,"Bradley, CA",earthquake,https://service.ncedc.org/fdsnws/event/1/query?starttime=2024-05-07T23%3A46%3A07Z&endtime=2025-07-25T20%3A05%3A12Z&format=text&orderby=time&catalog=NCSS&minlatitude=35.75&maxlatitude=36.15&minlongitude=-120.75&maxlongitude=-120.35&mindepth=-2.0&maxdepth=15.0&minmagnitude=-1.0,2026-08-15T19:16:06Z
75034052,2024-07-12T16:11:11.970Z,35.97133,-120.52267,10.85,NC,NCSS,NC,,Md,2.1,NC,"San Miguel, CA",earthquake,https://service.ncedc.org/fdsnws/event/1/query?starttime=2024-05-07T23%3A46%3A07Z&endtime=2025-07-25T20%3A05%3A12Z&format=text&orderby=time&catalog=NCSS&minlatitude=35.75&maxlatitude=36.15&minlongitude=-120.75&maxlongitude=-120.35&mindepth=-2.0&maxdepth=15.0&minmagnitude=-1.0,2026-08-15T19:16:06Z
75033892,2024-07-12T03:46:43.610Z,35.9665,-120.5255,10.59,NC,NCSS,NC,,Md,2.6,NC,"San Miguel, CA",earthquake,https://service.ncedc.org/fdsnws/event/1/query?starttime=2024-05-07T23%3A46%3A07Z&endtime=2025-07-25T20%3A05%3A12Z&format=text&orderby=time&catalog=NCSS&minlatitude=35.75&maxlatitude=36.15&minlongitude=-120.75&maxlongitude=-120.35&mindepth=-2.0&maxdepth=15.0&minmagnitude=-1.0,2026-08-15T19:16:06Z
75033782,2024-07-11T18:51:17.740Z,36.01266,-120.56917,3.81,NC,NCSS,NC,,Md,1.1,NC,"Bradley, CA",earthquake,https://service.ncedc.org/fdsnws/event/1/query?starttime=2024-05-07T23%3A46%3A07Z&endtime=2025-07-25T20%3A05%3A12Z&format=text&orderby=time&catalog=NCSS&minlatitude=35.75&maxlatitude=36.15&minlongitude=-120.75&maxlongitude=-120.35&mindepth=-2.0&maxdepth=15.0&minmagnitude=-1.0,2026-08-15T19:16:06Z
75033602,2024-07-11T08:54:42.890Z,36.01817,-120.58817,1.3,NC,NCSS,NC,,Md,0.5,NC,"Bradley, CA",earthquake,https://service.ncedc.org/fdsnws/event/1/query?starttime=2024-05-07T23%3A46%3A07Z&endtime=2025-07-25T20%3A05%3A12Z&format=text&orderby=time&catalog=NCSS&minlatitude=35.75&maxlatitude=36.15&minlongitude=-120.75&maxlongitude=-120.35&mindepth=-2.0&maxdepth=15.0&minmagnitude=-1.0,2026-08-15T19:16:06Z
75033347,2024-07-10T20:30:37.960Z,35.95533,-120.508,10.22,NC,NCSS,NC,,Md,1.5,NC,"San Miguel, CA",earthquake,https://service.ncedc.org/fdsnws/event/1/query?starttime=2024-05-07T23%3A46%3A07Z&endtime=2025-07-25T20%3A05%3A12Z&format=text&orderby=time&catalog=NCSS&minlatitude=35.75&maxlatitude=36.15&minlongitude=-120.75&maxlongitude=-120.35&mindepth=-2.0&maxdepth=15.0&minmagnitude=-1.0,2026-08-15T19:16:06Z
75032782,2024-07-09T14:25:48.730Z,36.06883,-120.634,3.15,NC,NCSS,NC,,Md,0.8,NC,"Bradley, CA",earthquake,https://service.ncedc.org/fdsnws/event/1/query?starttime=2024-05-07T23%3A46%3A07Z&endtime=2025-07-25T20%3A05%3A12Z&format=text&orderby=time&catalog=NCSS&minlatitude=35.75&maxlatitude=36.15&minlongitude=-120.75&maxlongitude=-120.35&mindepth=-2.0&maxdepth=15.0&minmagnitude=-1.0,2026-08-15T19:16:06Z
75032262,2024-07-08T08:30:36.310Z,35.99967,-120.558,1.38,NC,NCSS,NC,,Md,0.6,NC,"Bradley, CA",earthquake,https://service.ncedc.org/fdsnws/event/1/query?starttime=2024-05-07T23%3A46%3A07Z&endtime=2025-07-25T20%3A05%3A12Z&format=text&orderby=time&catalog=NCSS&minlatitude=35.75&maxlatitude=36.15&minlongitude=-120.75&maxlongitude=-120.35&mindepth=-2.0&maxdepth=15.0&minmagnitude=-1.0,2026-08-15T19:16:06Z
75031357,2024-07-06T00:04:58.110Z,36.09517,-120.6625,6.72,NC,NCSS,NC,,Md,1.1,NC,"San Ardo, CA",earthquake,https://service.ncedc.org/fdsnws/event/1/query?starttime=2024-05-07T23%3A46%3A07Z&endtime=2025-07-25T20%3A05%3A12Z&format=text&orderby=time&catalog=NCSS&minlatitude=35.75&maxlatitude=36.15&minlongitude=-120.75&maxlongitude=-120.35&mindepth=-2.0&maxdepth=15.0&minmagnitude=-1.0,2026-08-15T19:16:06Z
75031012,2024-07-05T08:04:57.020Z,35.957,-120.51566,10.05,NC,NCSS,NC,,Md,1.2,NC,"San Miguel, CA",earthquake,https://service.ncedc.org/fdsnws/event/1/query?starttime=2024-05-07T23%3A46%3A07Z&endtime=2025-07-25T20%3A05%3A12Z&format=text&orderby=time&catalog=NCSS&minlatitude=35.75&maxlatitude=36.15&minlongitude=-120.75&maxlongitude=-120.35&mindepth=-2.0&maxdepth=15.0&minmagnitude=-1.0,2026-08-15T19:16:06Z
75030772,2024-07-04T18:16:43.880Z,36.0565,-120.63367,8.25,NC,NCSS,NC,,Md,0.9,NC,"Bradley, CA",earthquake,https://service.ncedc.org/fdsnws/event/1/query?starttime=2024-05-07T23%3A46%3A07Z&endtime=2025-07-25T20%3A05%3A12Z&format=text&orderby=time&catalog=NCSS&minlatitude=35.75&maxlatitude=36.15&minlongitude=-120.75&maxlongitude=-120.35&mindepth=-2.0&maxdepth=15.0&minmagnitude=-1.0,2026-08-15T19:16:06Z
75030497,2024-07-04T00:44:14.710Z,35.9985,-120.55883,3.56,NC,NCSS,NC,,Md,0.9,NC,"Bradley, CA",earthquake,https://service.ncedc.org/fdsnws/event/1/query?starttime=2024-05-07T23%3A46%3A07Z&endtime=2025-07-25T20%3A05%3A12Z&format=text&orderby=time&catalog=NCSS&minlatitude=35.75&maxlatitude=36.15&minlongitude=-120.75&maxlongitude=-120.35&mindepth=-2.0&maxdepth=15.0&minmagnitude=-1.0,2026-08-15T19:16:06Z
75030036,2024-07-03T02:54:45.520Z,35.95567,-120.51133,9.98,NC,NCSS,NC,,Md,1.0,NC,"San Miguel, CA",earthquake,https://service.ncedc.org/fdsnws/event/1/query?starttime=2024-05-07T23%3A46%3A07Z&endtime=2025-07-25T20%3A05%3A12Z&format=text&orderby=time&catalog=NCSS&minlatitude=35.75&maxlatitude=36.15&minlongitude=-120.75&maxlongitude=-120.35&mindepth=-2.0&maxdepth=15.0&minmagnitude=-1.0,2026-08-15T19:16:06Z
75029601,2024-07-01T19:47:07.680Z,36.11567,-120.68233,7.18,NC,NCSS,NC,,Md,0.9,NC,"San Ardo, CA",earthquake,https://service.ncedc.org/fdsnws/event/1/query?starttime=2024-05-07T23%3A46%3A07Z&endtime=2025-07-25T20%3A05%3A12Z&format=text&orderby=time&catalog=NCSS&minlatitude=35.75&maxlatitude=36.15&minlongitude=-120.75&maxlongitude=-120.35&mindepth=-2.0&maxdepth=15.0&minmagnitude=-1.0,2026-08-15T19:16:06Z
75029096,2024-06-30T12:27:32.030Z,36.0645,-120.63216,0.4,NC,NCSS,NC,,Md,0.6,NC,"Bradley, CA",earthquake,https://service.ncedc.org/fdsnws/event/1/query?starttime=2024-05-07T23%3A46%3A07Z&endtime=2025-07-25T20%3A05%3A12Z&format=text&orderby=time&catalog=NCSS&minlatitude=35.75&maxlatitude=36.15&minlongitude=-120.75&maxlongitude=-120.35&mindepth=-2.0&maxdepth=15.0&minmagnitude=-1.0,2026-08-15T19:16:06Z
75028721,2024-06-29T04:54:45.990Z,36.003,-120.57333,2.31,NC,NCSS,NC,,Md,0.7,NC,"Bradley, CA",earthquake,https://service.ncedc.org/fdsnws/event/1/query?starttime=2024-05-07T23%3A46%3A07Z&endtime=2025-07-25T20%3A05%3A12Z&format=text&orderby=time&catalog=NCSS&minlatitude=35.75&maxlatitude=36.15&minlongitude=-120.75&maxlongitude=-120.35&mindepth=-2.0&maxdepth=15.0&minmagnitude=-1.0,2026-08-15T19:16:06Z
75027751,2024-06-27T01:05:48.950Z,35.99233,-120.54733,3.28,NC,NCSS,NC,,Md,0.9,NC,"San Miguel, CA",earthquake,https://service.ncedc.org/fdsnws/event/1/query?starttime=2024-05-07T23%3A46%3A07Z&endtime=2025-07-25T20%3A05%3A12Z&format=text&orderby=time&catalog=NCSS&minlatitude=35.75&maxlatitude=36.15&minlongitude=-120.75&maxlongitude=-120.35&mindepth=-2.0&maxdepth=15.0&minmagnitude=-1.0,2026-08-15T19:16:06Z
75027581,2024-06-26T15:22:09.160Z,36.0055,-120.573,4.25,NC,NCSS,NC,,Md,0.8,NC,"Bradley, CA",earthquake,https://service.ncedc.org/fdsnws/event/1/query?starttime=2024-05-07T23%3A46%3A07Z&endtime=2025-07-25T20%3A05%3A12Z&format=text&orderby=time&catalog=NCSS&minlatitude=35.75&maxlatitude=36.15&minlongitude=-120.75&maxlongitude=-120.35&mindepth=-2.0&maxdepth=15.0&minmagnitude=-1.0,2026-08-15T19:16:06Z
75027251,2024-06-25T21:20:11.620Z,36.075,-120.64,5.9,NC,NCSS,NC,,Ml,3.2,NC,"Bradley, CA",earthquake,https://service.ncedc.org/fdsnws/event/1/query?starttime=2024-05-07T23%3A46%3A07Z&endtime=2025-07-25T20%3A05%3A12Z&format=text&orderby=time&catalog=NCSS&minlatitude=35.75&maxlatitude=36.15&minlongitude=-120.75&maxlongitude=-120.35&mindepth=-2.0&maxdepth=15.0&minmagnitude=-1.0,2026-08-15T19:16:06Z
75026896,2024-06-25T07:21:36.020Z,36.07367,-120.65134,3.48,NC,NCSS,NC,,Md,1.7,NC,"San Ardo, CA",earthquake,https://service.ncedc.org/fdsnws/event/1/query?starttime=2024-05-07T23%3A46%3A07Z&endtime=2025-07-25T20%3A05%3A12Z&format=text&orderby=time&catalog=NCSS&minlatitude=35.75&maxlatitude=36.15&minlongitude=-120.75&maxlongitude=-120.35&mindepth=-2.0&maxdepth=15.0&minmagnitude=-1.0,2026-08-15T19:16:06Z
75025812,2024-06-23T08:51:53.700Z,35.99983,-120.5595,1.19,NC,NCSS,NC,,Md,0.8,NC,"Bradley, CA",earthquake,https://service.ncedc.org/fdsnws/event/1/query?starttime=2024-05-07T23%3A46%3A07Z&endtime=2025-07-25T20%3A05%3A12Z&format=text&orderby=time&catalog=NCSS&minlatitude=35.75&maxlatitude=36.15&minlongitude=-120.75&maxlongitude=-120.35&mindepth=-2.0&maxdepth=15.0&minmagnitude=-1.0,2026-08-15T19:16:06Z
75025747,2024-06-23T03:52:33.640Z,36.0265,-120.60783,0.46,NC,NCSS,NC,,Md,0.5,NC,"Bradley, CA",earthquake,https://service.ncedc.org/fdsnws/event/1/query?starttime=2024-05-07T23%3A46%3A07Z&endtime=2025-07-25T20%3A05%3A12Z&format=text&orderby=time&catalog=NCSS&minlatitude=35.75&maxlatitude=36.15&minlongitude=-120.75&maxlongitude=-120.35&mindepth=-2.0&maxdepth=15.0&minmagnitude=-1.0,2026-08-15T19:16:06Z
75025737,2024-06-23T03:52:07.870Z,36.03417,-120.59367,3.52,NC,NCSS,NC,,Md,0.9,NC,"Bradley, CA",earthquake,https://service.ncedc.org/fdsnws/event/1/query?starttime=2024-05-07T23%3A46%3A07Z&endtime=2025-07-25T20%3A05%3A12Z&format=text&orderby=time&catalog=NCSS&minlatitude=35.75&maxlatitude=36.15&minlongitude=-120.75&maxlongitude=-120.35&mindepth=-2.0&maxdepth=15.0&minmagnitude=-1.0,2026-08-15T19:16:06Z
75025517,2024-06-22T19:26:50.650Z,36.00233,-120.56017,2.2,NC,NCSS,NC,,Md,1.5,NC,"Bradley, CA",earthquake,https://service.ncedc.org/fdsnws/event/1/query?starttime=2024-05-07T23%3A46%3A07Z&endtime=2025-07-25T20%3A05%3A12Z&format=text&orderby=time&catalog=NCSS&minlatitude=35.75&maxlatitude=36.15&minlongitude=-120.75&maxlongitude=-120.35&mindepth=-2.0&maxdepth=15.0&minmagnitude=-1.0,2026-08-15T19:16:06Z
75025387,2024-06-22T10:45:24.990Z,36.04567,-120.60616,3.76,NC,NCSS,NC,,Md,1.7,NC,"Bradley, CA",earthquake,https://service.ncedc.org/fdsnws/event/1/query?starttime=2024-05-07T23%3A46%3A07Z&endtime=2025-07-25T20%3A05%3A12Z&format=text&orderby=time&catalog=NCSS&minlatitude=35.75&maxlatitude=36.15&minlongitude=-120.75&maxlongitude=-120.35&mindepth=-2.0&maxdepth=15.0&minmagnitude=-1.0,2026-08-15T19:16:06Z
75023827,2024-06-19T07:49:04.120Z,35.97383,-120.532,9.94,NC,NCSS,NC,,Md,2.5,NC,"San Miguel, CA",earthquake,https://service.ncedc.org/fdsnws/event/1/query?starttime=2024-05-07T23%3A46%3A07Z&endtime=2025-07-25T20%3A05%3A12Z&format=text&orderby=time&catalog=NCSS&minlatitude=35.75&maxlatitude=36.15&minlongitude=-120.75&maxlongitude=-120.35&mindepth=-2.0&maxdepth=15.0&minmagnitude=-1.0,2026-08-15T19:16:06Z
75023752,2024-06-19T02:13:46.830Z,36.07333,-120.63633,3.65,NC,NCSS,NC,,Md,1.1,NC,"Bradley, CA",earthquake,https://service.ncedc.org/fdsnws/event/1/query?starttime=2024-05-07T23%3A46%3A07Z&endtime=2025-07-25T20%3A05%3A12Z&format=text&orderby=time&catalog=NCSS&minlatitude=35.75&maxlatitude=36.15&minlongitude=-120.75&maxlongitude=-120.35&mindepth=-2.0&maxdepth=15.0&minmagnitude=-1.0,2026-08-15T19:16:06Z
75021072,2024-06-12T01:58:45.580Z,36.0155,-120.57584,3.88,NC,NCSS,NC,,Md,1.5,NC,"Bradley, CA",earthquake,https://service.ncedc.org/fdsnws/event/1/query?starttime=2024-05-07T23%3A46%3A07Z&endtime=2025-07-25T20%3A05%3A12Z&format=text&orderby=time&catalog=NCSS&minlatitude=35.75&maxlatitude=36.15&minlongitude=-120.75&maxlongitude=-120.35&mindepth=-2.0&maxdepth=15.0&minmagnitude=-1.0,2026-08-15T19:16:06Z
75020332,2024-06-10T14:27:27.830Z,35.99933,-120.5605,1.25,NC,NCSS,NC,,Md,0.7,NC,"Bradley, CA",earthquake,https://service.ncedc.org/fdsnws/event/1/query?starttime=2024-05-07T23%3A46%3A07Z&endtime=2025-07-25T20%3A05%3A12Z&format=text&orderby=time&catalog=NCSS&minlatitude=35.75&maxlatitude=36.15&minlongitude=-120.75&maxlongitude=-120.35&mindepth=-2.0&maxdepth=15.0&minmagnitude=-1.0,2026-08-15T19:16:06Z
75020102,2024-06-10T01:22:25.040Z,36.004,-120.572,3.46,NC,NCSS,NC,,Md,0.6,NC,"Bradley, CA",earthquake,https://service.ncedc.org/fdsnws/event/1/query?starttime=2024-05-07T23%3A46%3A07Z&endtime=2025-07-25T20%3A05%3A12Z&format=text&orderby=time&catalog=NCSS&minlatitude=35.75&maxlatitude=36.15&minlongitude=-120.75&maxlongitude=-120.35&mindepth=-2.0&maxdepth=15.0&minmagnitude=-1.0,2026-08-15T19:16:06Z
75020097,2024-06-10T01:20:17.870Z,36.006,-120.56284,4.33,NC,NCSS,NC,,Md,0.6,NC,"Bradley, CA",earthquake,https://service.ncedc.org/fdsnws/event/1/query?starttime=2024-05-07T23%3A46%3A07Z&endtime=2025-07-25T20%3A05%3A12Z&format=text&orderby=time&catalog=NCSS&minlatitude=35.75&maxlatitude=36.15&minlongitude=-120.75&maxlongitude=-120.35&mindepth=-2.0&maxdepth=15.0&minmagnitude=-1.0,2026-08-15T19:16:06Z
75020092,2024-06-10T01:19:14.660Z,36.00733,-120.565,3.63,NC,NCSS,NC,,Md,0.8,NC,"Bradley, CA",earthquake,https://service.ncedc.org/fdsnws/event/1/query?starttime=2024-05-07T23%3A46%3A07Z&endtime=2025-07-25T20%3A05%3A12Z&format=text&orderby=time&catalog=NCSS&minlatitude=35.75&maxlatitude=36.15&minlongitude=-120.75&maxlongitude=-120.35&mindepth=-2.0&maxdepth=15.0&minmagnitude=-1.0,2026-08-15T19:16:06Z
75019887,2024-06-09T16:35:44.120Z,35.99983,-120.56017,2.63,NC,NCSS,NC,,Md,1.8,NC,"Bradley, CA",earthquake,https://service.ncedc.org/fdsnws/event/1/query?starttime=2024-05-07T23%3A46%3A07Z&endtime=2025-07-25T20%3A05%3A12Z&format=text&orderby=time&catalog=NCSS&minlatitude=35.75&maxlatitude=36.15&minlongitude=-120.75&maxlongitude=-120.35&mindepth=-2.0&maxdepth=15.0&minmagnitude=-1.0,2026-08-15T19:16:06Z
75019807,2024-06-09T14:40:53.120Z,36.00033,-120.55967,1.41,NC,NCSS,NC,,Md,1.1,NC,"Bradley, CA",earthquake,https://service.ncedc.org/fdsnws/event/1/query?starttime=2024-05-07T23%3A46%3A07Z&endtime=2025-07-25T20%3A05%3A12Z&format=text&orderby=time&catalog=NCSS&minlatitude=35.75&maxlatitude=36.15&minlongitude=-120.75&maxlongitude=-120.35&mindepth=-2.0&maxdepth=15.0&minmagnitude=-1.0,2026-08-15T19:16:06Z
75019617,2024-06-09T07:50:26.100Z,35.79683,-120.73883,12.61,NC,NCSS,NC,,Md,1.0,NC,"San Miguel, CA",earthquake,https://service.ncedc.org/fdsnws/event/1/query?starttime=2024-05-07T23%3A46%3A07Z&endtime=2025-07-25T20%3A05%3A12Z&format=text&orderby=time&catalog=NCSS&minlatitude=35.75&maxlatitude=36.15&minlongitude=-120.75&maxlongitude=-120.35&mindepth=-2.0&maxdepth=15.0&minmagnitude=-1.0,2026-08-15T19:16:06Z
75018832,2024-06-08T21:38:27.840Z,36.03283,-120.59167,3.29,NC,NCSS,NC,,Md,0.7,NC,"Bradley, CA",earthquake,https://service.ncedc.org/fdsnws/event/1/query?starttime=2024-05-07T23%3A46%3A07Z&endtime=2025-07-25T20%3A05%3A12Z&format=text&orderby=time&catalog=NCSS&minlatitude=35.75&maxlatitude=36.15&minlongitude=-120.75&maxlongitude=-120.35&mindepth=-2.0&maxdepth=15.0&minmagnitude=-1.0,2026-08-15T19:16:06Z
75017507,2024-06-07T21:48:23.430Z,36.12617,-120.691,5.66,NC,NCSS,NC,,Md,2.0,NC,"San Ardo, CA",earthquake,https://service.ncedc.org/fdsnws/event/1/query?starttime=2024-05-07T23%3A46%3A07Z&endtime=2025-07-25T20%3A05%3A12Z&format=text&orderby=time&catalog=NCSS&minlatitude=35.75&maxlatitude=36.15&minlongitude=-120.75&maxlongitude=-120.35&mindepth=-2.0&maxdepth=15.0&minmagnitude=-1.0,2026-08-15T19:16:06Z
75017367,2024-06-07T10:50:08.750Z,35.867,-120.41,5.47,NC,NCSS,NC,,Md,1.8,NC,"Cholame, CA",earthquake,https://service.ncedc.org/fdsnws/event/1/query?starttime=2024-05-07T23%3A46%3A07Z&endtime=2025-07-25T20%3A05%3A12Z&format=text&orderby=time&catalog=NCSS&minlatitude=35.75&maxlatitude=36.15&minlongitude=-120.75&maxlongitude=-120.35&mindepth=-2.0&maxdepth=15.0&minmagnitude=-1.0,2026-08-15T19:16:06Z
75017277,2024-06-07T00:01:36.490Z,36.01417,-120.57317,2.21,NC,NCSS,NC,,Md,0.8,NC,"Bradley, CA",earthquake,https://service.ncedc.org/fdsnws/event/1/query?starttime=2024-05-07T23%3A46%3A07Z&endtime=2025-07-25T20%3A05%3A12Z&format=text&orderby=time&catalog=NCSS&minlatitude=35.75&maxlatitude=36.15&minlongitude=-120.75&maxlongitude=-120.35&mindepth=-2.0&maxdepth=15.0&minmagnitude=-1.0,2026-08-15T19:16:06Z
75016937,2024-06-06T02:33:21.100Z,35.801,-120.73267,10.39,NC,NCSS,NC,,Md,1.5,NC,"San Miguel, CA",earthquake,https://service.ncedc.org/fdsnws/event/1/query?starttime=2024-05-07T23%3A46%3A07Z&endtime=2025-07-25T20%3A05%3A12Z&format=text&orderby=time&catalog=NCSS&minlatitude=35.75&maxlatitude=36.15&minlongitude=-120.75&maxlongitude=-120.35&mindepth=-2.0&maxdepth=15.0&minmagnitude=-1.0,2026-08-15T19:16:06Z
75016247,2024-06-04T18:01:39.150Z,35.8,-120.73483,10.37,NC,NCSS,NC,,Md,1.8,NC,"San Miguel, CA",earthquake,https://service.ncedc.org/fdsnws/event/1/query?starttime=2024-05-07T23%3A46%3A07Z&endtime=2025-07-25T20%3A05%3A12Z&format=text&orderby=time&catalog=NCSS&minlatitude=35.75&maxlatitude=36.15&minlongitude=-120.75&maxlongitude=-120.35&mindepth=-2.0&maxdepth=15.0&minmagnitude=-1.0,2026-08-15T19:16:06Z
75014212,2024-06-01T12:19:21.300Z,35.9705,-120.53333,5.37,NC,NCSS,NC,,Md,0.6,NC,"San Miguel, CA",earthquake,https://service.ncedc.org/fdsnws/event/1/query?starttime=2024-05-07T23%3A46%3A07Z&endtime=2025-07-25T20%3A05%3A12Z&format=text&orderby=time&catalog=NCSS&minlatitude=35.75&maxlatitude=36.15&minlongitude=-120.75&maxlongitude=-120.35&mindepth=-2.0&maxdepth=15.0&minmagnitude=-1.0,2026-08-15T19:16:06Z
75013992,2024-05-31T23:17:32.540Z,35.80183,-120.73167,9.93,NC,NCSS,NC,,Md,0.9,NC,"San Miguel, CA",earthquake,https://service.ncedc.org/fdsnws/event/1/query?starttime=2024-05-07T23%3A46%3A07Z&endtime=2025-07-25T20%3A05%3A12Z&format=text&orderby=time&catalog=NCSS&minlatitude=35.75&maxlatitude=36.15&minlongitude=-120.75&maxlongitude=-120.35&mindepth=-2.0&maxdepth=15.0&minmagnitude=-1.0,2026-08-15T19:16:06Z
75013057,2024-05-29T08:03:40.730Z,36.09833,-120.68034,4.06,NC,NCSS,NC,,Md,1.5,NC,"San Ardo, CA",earthquake,https://service.ncedc.org/fdsnws/event/1/query?starttime=2024-05-07T23%3A46%3A07Z&endtime=2025-07-25T20%3A05%3A12Z&format=text&orderby=time&catalog=NCSS&minlatitude=35.75&maxlatitude=36.15&minlongitude=-120.75&maxlongitude=-120.35&mindepth=-2.0&maxdepth=15.0&minmagnitude=-1.0,2026-08-15T19:16:06Z
75012841,2024-05-28T07:03:11.380Z,35.797,-120.72617,7.34,NC,NCSS,NC,,Md,1.2,NC,"San Miguel, CA",earthquake,https://service.ncedc.org/fdsnws/event/1/query?starttime=2024-05-07T23%3A46%3A07Z&endtime=2025-07-25T20%3A05%3A12Z&format=text&orderby=time&catalog=NCSS&minlatitude=35.75&maxlatitude=36.15&minlongitude=-120.75&maxlongitude=-120.35&mindepth=-2.0&maxdepth=15.0&minmagnitude=-1.0,2026-08-15T19:16:06Z
75012366,2024-05-26T18:33:36.800Z,35.97783,-120.53333,6.17,NC,NCSS,NC,,Md,1.7,NC,"San Miguel, CA",earthquake,https://service.ncedc.org/fdsnws/event/1/query?starttime=2024-05-07T23%3A46%3A07Z&endtime=2025-07-25T20%3A05%3A12Z&format=text&orderby=time&catalog=NCSS&minlatitude=35.75&maxlatitude=36.15&minlongitude=-120.75&maxlongitude=-120.35&mindepth=-2.0&maxdepth=15.0&minmagnitude=-1.0,2026-08-15T19:16:06Z
75012236,2024-05-26T04:15:09.970Z,35.94067,-120.47066,-0.55,NC,NCSS,NC,,Md,0.2,NC,"Cholame, CA",earthquake,https://service.ncedc.org/fdsnws/event/1/query?starttime=2024-05-07T23%3A46%3A07Z&endtime=2025-07-25T20%3A05%3A12Z&format=text&orderby=time&catalog=NCSS&minlatitude=35.75&maxlatitude=36.15&minlongitude=-120.75&maxlongitude=-120.35&mindepth=-2.0&maxdepth=15.0&minmagnitude=-1.0,2026-08-15T19:16:06Z
75012011,2024-05-25T04:56:28.150Z,35.9275,-120.48317,4.65,NC,NCSS,NC,,Md,1.4,NC,"San Miguel, CA",earthquake,https://service.ncedc.org/fdsnws/event/1/query?starttime=2024-05-07T23%3A46%3A07Z&endtime=2025-07-25T20%3A05%3A12Z&format=text&orderby=time&catalog=NCSS&minlatitude=35.75&maxlatitude=36.15&minlongitude=-120.75&maxlongitude=-120.35&mindepth=-2.0&maxdepth=15.0&minmagnitude=-1.0,2026-08-15T19:16:06Z
75010721,2024-05-22T21:31:27.080Z,35.98317,-120.54617,2.88,NC,NCSS,NC,,Md,2.0,NC,"San Miguel, CA",earthquake,https://service.ncedc.org/fdsnws/event/1/query?starttime=2024-05-07T23%3A46%3A07Z&endtime=2025-07-25T20%3A05%3A12Z&format=text&orderby=time&catalog=NCSS&minlatitude=35.75&maxlatitude=36.15&minlongitude=-120.75&maxlongitude=-120.35&mindepth=-2.0&maxdepth=15.0&minmagnitude=-1.0,2026-08-15T19:16:06Z
75010621,2024-05-22T15:44:38.780Z,36.03783,-120.59783,3.94,NC,NCSS,NC,,Md,0.9,NC,"Bradley, CA",earthquake,https://service.ncedc.org/fdsnws/event/1/query?starttime=2024-05-07T23%3A46%3A07Z&endtime=2025-07-25T20%3A05%3A12Z&format=text&orderby=time&catalog=NCSS&minlatitude=35.75&maxlatitude=36.15&minlongitude=-120.75&maxlongitude=-120.35&mindepth=-2.0&maxdepth=15.0&minmagnitude=-1.0,2026-08-15T19:16:06Z
75008786,2024-05-18T17:40:29.650Z,36.08617,-120.665,2.22,NC,NCSS,NC,,Md,0.8,NC,"San Ardo, CA",earthquake,https://service.ncedc.org/fdsnws/event/1/query?starttime=2024-05-07T23%3A46%3A07Z&endtime=2025-07-25T20%3A05%3A12Z&format=text&orderby=time&catalog=NCSS&minlatitude=35.75&maxlatitude=36.15&minlongitude=-120.75&maxlongitude=-120.35&mindepth=-2.0&maxdepth=15.0&minmagnitude=-1.0,2026-08-15T19:16:06Z
75006381,2024-05-14T03:16:53.640Z,36.043,-120.60533,0.03,NC,NCSS,NC,,Md,0.3,NC,"Bradley, CA",earthquake,https://service.ncedc.org/fdsnws/event/1/query?starttime=2024-05-07T23%3A46%3A07Z&endtime=2025-07-25T20%3A05%3A12Z&format=text&orderby=time&catalog=NCSS&minlatitude=35.75&maxlatitude=36.15&minlongitude=-120.75&maxlongitude=-120.35&mindepth=-2.0&maxdepth=15.0&minmagnitude=-1.0,2026-08-15T19:16:06Z
75005956,2024-05-13T09:30:29.090Z,35.99217,-120.55483,4.0,NC,NCSS,NC,,Md,0.7,NC,"San Miguel, CA",earthquake,https://service.ncedc.org/fdsnws/event/1/query?starttime=2024-05-07T23%3A46%3A07Z&endtime=2025-07-25T20%3A05%3A12Z&format=text&orderby=time&catalog=NCSS&minlatitude=35.75&maxlatitude=36.15&minlongitude=-120.75&maxlongitude=-120.35&mindepth=-2.0&maxdepth=15.0&minmagnitude=-1.0,2026-08-15T19:16:06Z
75005361,2024-05-12T04:29:12.240Z,36.03533,-120.60934,2.47,NC,NCSS,NC,,Md,1.0,NC,"Bradley, CA",earthquake,https://service.ncedc.org/fdsnws/event/1/query?starttime=2024-05-07T23%3A46%3A07Z&endtime=2025-07-25T20%3A05%3A12Z&format=text&orderby=time&catalog=NCSS&minlatitude=35.75&maxlatitude=36.15&minlongitude=-120.75&maxlongitude=-120.35&mindepth=-2.0&maxdepth=15.0&minmagnitude=-1.0,2026-08-15T19:16:06Z
75004856,2024-05-11T09:46:31.440Z,36.0375,-120.607,2.19,NC,NCSS,NC,,Md,0.6,NC,"Bradley, CA",earthquake,https://service.ncedc.org/fdsnws/event/1/query?starttime=2024-05-07T23%3A46%3A07Z&endtime=2025-07-25T20%3A05%3A12Z&format=text&orderby=time&catalog=NCSS&minlatitude=35.75&maxlatitude=36.15&minlongitude=-120.75&maxlongitude=-120.35&mindepth=-2.0&maxdepth=15.0&minmagnitude=-1.0,2026-08-15T19:16:06Z
75004276,2024-05-10T12:29:58.410Z,35.9955,-120.5645,2.76,NC,NCSS,NC,,Md,1.1,NC,"Bradley, CA",earthquake,https://service.ncedc.org/fdsnws/event/1/query?starttime=2024-05-07T23%3A46%3A07Z&endtime=2025-07-25T20%3A05%3A12Z&format=text&orderby=time&catalog=NCSS&minlatitude=35.75&maxlatitude=36.15&minlongitude=-120.75&maxlongitude=-120.35&mindepth=-2.0&maxdepth=15.0&minmagnitude=-1.0,2026-08-15T19:16:06Z
75003116,2024-05-08T02:51:09.790Z,35.9,-120.43833,6.37,NC,NCSS,NC,,Md,0.1,NC,"Cholame, CA",earthquake,https://service.ncedc.org/fdsnws/event/1/query?starttime=2024-05-07T23%3A46%3A07Z&endtime=2025-07-25T20%3A05%3A12Z&format=text&orderby=time&catalog=NCSS&minlatitude=35.75&maxlatitude=36.15&minlongitude=-120.75&maxlongitude=-120.35&mindepth=-2.0&maxdepth=15.0&minmagnitude=-1.0,2026-08-15T19:16:06Z
75003091,2024-05-08T01:25:43.140Z,36.03067,-120.6045,-0.74,NC,NCSS,NC,,Md,0.9,NC,"Bradley, CA",earthquake,https://service.ncedc.org/fdsnws/event/1/query?starttime=2024-05-07T23%3A46%3A07Z&endtime=2025-07-25T20%3A05%3A12Z&format=text&orderby=time&catalog=NCSS&minlatitude=35.75&maxlatitude=36.15&minlongitude=-120.75&maxlongitude=-120.35&mindepth=-2.0&maxdepth=15.0&minmagnitude=-1.0,2026-08-15T19:16:06Z
