pair_name,reference_event_id,comparison_event_id,trace_id,reference_trace_id,comparison_trace_id,reference_location,comparison_location,station,component,sample_rate_hz,band,band_low_hz,band_high_hz,reference_snr,comparison_snr,correlation,lag_s,usable
deep_named_75336682_anchor_51214531,75336682,51214531,BP.CCRB.DP1,BP.CCRB.40.DP1,BP.CCRB..DP1,40,,CCRB,DP1,250.0,2.0-10.0Hz,2.0,10.0,691.3230767469552,118.79117905537943,0.9902468285460365,-0.012,True
deep_named_75336682_anchor_51214531,75336682,51214531,BP.CCRB.DP1,BP.CCRB.40.DP1,BP.CCRB..DP1,40,,CCRB,DP1,250.0,5.0-20.0Hz,5.0,20.0,2716.944230232654,313.616315484446,0.9936300832642181,-0.016,True
deep_named_75336682_anchor_51214531,75336682,51214531,BP.CCRB.DP1,BP.CCRB.40.DP1,BP.CCRB..DP1,40,,CCRB,DP1,250.0,10.0-40.0Hz,10.0,40.0,3802.5551128766233,581.3656965493266,0.9915480203731967,-0.016,True
deep_named_75336682_anchor_51214531,75336682,51214531,BP.CCRB.DP1,BP.CCRB.40.DP1,BP.CCRB..DP1,40,,CCRB,DP1,250.0,2.0-40.0Hz,2.0,40.0,1873.1209280535425,327.62317104245875,0.9899114125952173,-0.016,True
deep_named_75336682_anchor_51214531,75336682,51214531,BP.CCRB.DP2,BP.CCRB.40.DP2,BP.CCRB..DP2,40,,CCRB,DP2,250.0,2.0-10.0Hz,2.0,10.0,690.1857849055642,90.21904482418113,0.9861254789858729,-0.004,True
deep_named_75336682_anchor_51214531,75336682,51214531,BP.CCRB.DP2,BP.CCRB.40.DP2,BP.CCRB..DP2,40,,CCRB,DP2,250.0,5.0-20.0Hz,5.0,20.0,1454.2922874862616,169.8874430739322,0.9847690772726064,-0.004,True
deep_named_75336682_anchor_51214531,75336682,51214531,BP.CCRB.DP2,BP.CCRB.40.DP2,BP.CCRB..DP2,40,,CCRB,DP2,250.0,10.0-40.0Hz,10.0,40.0,1306.7237794477207,222.8465286071905,0.9709621945867704,-0.008,True
deep_named_75336682_anchor_51214531,75336682,51214531,BP.CCRB.DP2,BP.CCRB.40.DP2,BP.CCRB..DP2,40,,CCRB,DP2,250.0,2.0-40.0Hz,2.0,40.0,893.4849965063515,128.66859614792844,0.9660838118743592,-0.004,True
deep_named_75336682_anchor_51214531,75336682,51214531,BP.CCRB.DP3,BP.CCRB.40.DP3,BP.CCRB..DP3,40,,CCRB,DP3,250.0,2.0-10.0Hz,2.0,10.0,768.1813950694735,0.914485140562439,0.22484917235590296,-0.112,False
deep_named_75336682_anchor_51214531,75336682,51214531,BP.CCRB.DP3,BP.CCRB.40.DP3,BP.CCRB..DP3,40,,CCRB,DP3,250.0,5.0-20.0Hz,5.0,20.0,1572.42563530698,1.0682325954944083,0.24339100348582415,0.012,False
deep_named_75336682_anchor_51214531,75336682,51214531,BP.CCRB.DP3,BP.CCRB.40.DP3,BP.CCRB..DP3,40,,CCRB,DP3,250.0,10.0-40.0Hz,10.0,40.0,1833.8013481128764,1.0898527451527722,0.206391407289774,0.008,False
deep_named_75336682_anchor_51214531,75336682,51214531,BP.CCRB.DP3,BP.CCRB.40.DP3,BP.CCRB..DP3,40,,CCRB,DP3,250.0,2.0-40.0Hz,2.0,40.0,1122.41165344694,1.0391733321840135,0.181354520620812,0.008,False
deep_named_75336682_anchor_51214531,75336682,51214531,BP.EADB.DP1,BP.EADB.40.DP1,BP.EADB..DP1,40,,EADB,DP1,250.0,2.0-10.0Hz,2.0,10.0,80.55781768621276,55.3225379456065,0.9860540488129791,-0.008,True
deep_named_75336682_anchor_51214531,75336682,51214531,BP.EADB.DP1,BP.EADB.40.DP1,BP.EADB..DP1,40,,EADB,DP1,250.0,5.0-20.0Hz,5.0,20.0,129.85499691476568,49.23983759786967,0.9834192777287177,-0.012,True
deep_named_75336682_anchor_51214531,75336682,51214531,BP.EADB.DP1,BP.EADB.40.DP1,BP.EADB..DP1,40,,EADB,DP1,250.0,10.0-40.0Hz,10.0,40.0,47.07157103680303,22.81690640706947,0.9662350851056006,-0.012,True
deep_named_75336682_anchor_51214531,75336682,51214531,BP.EADB.DP1,BP.EADB.40.DP1,BP.EADB..DP1,40,,EADB,DP1,250.0,2.0-40.0Hz,2.0,40.0,80.75801383232664,47.72855654273528,0.970839823902495,-0.012,True
deep_named_75336682_anchor_51214531,75336682,51214531,BP.EADB.DP2,BP.EADB.40.DP2,BP.EADB..DP2,40,,EADB,DP2,250.0,2.0-10.0Hz,2.0,10.0,168.8242042087344,71.52809277891325,0.9838695652879447,-0.008,True
deep_named_75336682_anchor_51214531,75336682,51214531,BP.EADB.DP2,BP.EADB.40.DP2,BP.EADB..DP2,40,,EADB,DP2,250.0,5.0-20.0Hz,5.0,20.0,139.28809212865292,55.82815466044312,0.9797364664815624,-0.012,True
deep_named_75336682_anchor_51214531,75336682,51214531,BP.EADB.DP2,BP.EADB.40.DP2,BP.EADB..DP2,40,,EADB,DP2,250.0,10.0-40.0Hz,10.0,40.0,46.91084329134873,26.050706530428297,0.9697620968294838,-0.012,True
deep_named_75336682_anchor_51214531,75336682,51214531,BP.EADB.DP2,BP.EADB.40.DP2,BP.EADB..DP2,40,,EADB,DP2,250.0,2.0-40.0Hz,2.0,40.0,151.31460482354856,61.634001284173195,0.9733445701772352,-0.008,True
deep_named_75336682_anchor_51214531,75336682,51214531,BP.EADB.DP3,BP.EADB.40.DP3,BP.EADB..DP3,40,,EADB,DP3,250.0,2.0-10.0Hz,2.0,10.0,105.03934910493045,53.58546716213634,0.9792483396000227,-0.008,True
deep_named_75336682_anchor_51214531,75336682,51214531,BP.EADB.DP3,BP.EADB.40.DP3,BP.EADB..DP3,40,,EADB,DP3,250.0,5.0-20.0Hz,5.0,20.0,103.13735825500763,31.45918885892672,0.9663409782476401,-0.008,True
deep_named_75336682_anchor_51214531,75336682,51214531,BP.EADB.DP3,BP.EADB.40.DP3,BP.EADB..DP3,40,,EADB,DP3,250.0,10.0-40.0Hz,10.0,40.0,39.27037606611067,13.397308551939556,0.9659728058111049,-0.012,True
deep_named_75336682_anchor_51214531,75336682,51214531,BP.EADB.DP3,BP.EADB.40.DP3,BP.EADB..DP3,40,,EADB,DP3,250.0,2.0-40.0Hz,2.0,40.0,106.91773555988496,40.080114834370974,0.9720917812923684,-0.008,True
deep_named_75336682_anchor_51214531,75336682,51214531,BP.FROB.DP1,BP.FROB.40.DP1,BP.FROB..DP1,40,,FROB,DP1,250.0,2.0-10.0Hz,2.0,10.0,14.721788285708584,33.13931186912395,0.9684127634805102,-0.012,True
deep_named_75336682_anchor_51214531,75336682,51214531,BP.FROB.DP1,BP.FROB.40.DP1,BP.FROB..DP1,40,,FROB,DP1,250.0,5.0-20.0Hz,5.0,20.0,19.122123256416057,58.38411660886369,0.978595732910874,-0.012,True
deep_named_75336682_anchor_51214531,75336682,51214531,BP.FROB.DP1,BP.FROB.40.DP1,BP.FROB..DP1,40,,FROB,DP1,250.0,10.0-40.0Hz,10.0,40.0,19.5686977301386,73.89829832799535,0.9407608635696815,-0.016,True
deep_named_75336682_anchor_51214531,75336682,51214531,BP.FROB.DP1,BP.FROB.40.DP1,BP.FROB..DP1,40,,FROB,DP1,250.0,2.0-40.0Hz,2.0,40.0,17.08126955106977,49.624911524861425,0.9427976958873853,-0.016,True
deep_named_75336682_anchor_51214531,75336682,51214531,BP.FROB.DP2,BP.FROB.40.DP2,BP.FROB..DP2,40,,FROB,DP2,250.0,2.0-10.0Hz,2.0,10.0,13.290518407497823,32.552353277134266,0.9688461311743151,-0.012,True
deep_named_75336682_anchor_51214531,75336682,51214531,BP.FROB.DP2,BP.FROB.40.DP2,BP.FROB..DP2,40,,FROB,DP2,250.0,5.0-20.0Hz,5.0,20.0,17.38213593712447,38.40742077032753,0.9741290324726406,-0.012,True
deep_named_75336682_anchor_51214531,75336682,51214531,BP.FROB.DP2,BP.FROB.40.DP2,BP.FROB..DP2,40,,FROB,DP2,250.0,10.0-40.0Hz,10.0,40.0,18.18903077383285,42.45892225027907,0.9292560858275947,-0.016,True
deep_named_75336682_anchor_51214531,75336682,51214531,BP.FROB.DP2,BP.FROB.40.DP2,BP.FROB..DP2,40,,FROB,DP2,250.0,2.0-40.0Hz,2.0,40.0,15.756399817525072,39.54042744652757,0.9316090443854198,-0.016,True
deep_named_75336682_anchor_51214531,75336682,51214531,BP.FROB.DP3,BP.FROB.40.DP3,BP.FROB..DP3,40,,FROB,DP3,250.0,2.0-10.0Hz,2.0,10.0,16.944827977199004,37.07352658324447,0.9723753891585847,-0.008,True
deep_named_75336682_anchor_51214531,75336682,51214531,BP.FROB.DP3,BP.FROB.40.DP3,BP.FROB..DP3,40,,FROB,DP3,250.0,5.0-20.0Hz,5.0,20.0,16.527173784755323,45.36322220808987,0.9751883167153057,-0.012,True
deep_named_75336682_anchor_51214531,75336682,51214531,BP.FROB.DP3,BP.FROB.40.DP3,BP.FROB..DP3,40,,FROB,DP3,250.0,10.0-40.0Hz,10.0,40.0,11.991881141795918,51.07041741560048,0.864513208328354,-0.016,True
deep_named_75336682_anchor_51214531,75336682,51214531,BP.FROB.DP3,BP.FROB.40.DP3,BP.FROB..DP3,40,,FROB,DP3,250.0,2.0-40.0Hz,2.0,40.0,14.486584671263822,41.746527876974504,0.8910958905604188,-0.016,True
deep_named_75336682_anchor_51214531,75336682,51214531,BP.GHIB.DP1,BP.GHIB.40.DP1,BP.GHIB..DP1,40,,GHIB,DP1,250.0,2.0-10.0Hz,2.0,10.0,11.381715017573793,1.6931163525484692,0.9649872806369284,-0.008,False
deep_named_75336682_anchor_51214531,75336682,51214531,BP.GHIB.DP1,BP.GHIB.40.DP1,BP.GHIB..DP1,40,,GHIB,DP1,250.0,5.0-20.0Hz,5.0,20.0,21.22492769239673,2.3962866887335705,0.9651370869194549,-0.012,False
deep_named_75336682_anchor_51214531,75336682,51214531,BP.GHIB.DP1,BP.GHIB.40.DP1,BP.GHIB..DP1,40,,GHIB,DP1,250.0,10.0-40.0Hz,10.0,40.0,13.769931933376633,0.6811129585874992,0.9593627311400116,-0.012,False
deep_named_75336682_anchor_51214531,75336682,51214531,BP.GHIB.DP1,BP.GHIB.40.DP1,BP.GHIB..DP1,40,,GHIB,DP1,250.0,2.0-40.0Hz,2.0,40.0,12.207991746346975,1.1386605845591107,0.9507806232778644,-0.012,False
deep_named_75336682_anchor_51214531,75336682,51214531,BP.GHIB.DP3,BP.GHIB.40.DP3,BP.GHIB..DP3,40,,GHIB,DP3,250.0,2.0-10.0Hz,2.0,10.0,3.320751520718092,6.699780973955954,0.9224313221143103,-0.008,True
deep_named_75336682_anchor_51214531,75336682,51214531,BP.GHIB.DP3,BP.GHIB.40.DP3,BP.GHIB..DP3,40,,GHIB,DP3,250.0,5.0-20.0Hz,5.0,20.0,3.0725883485075043,9.029557060862325,0.9274178493996603,-0.012,True
deep_named_75336682_anchor_51214531,75336682,51214531,BP.GHIB.DP3,BP.GHIB.40.DP3,BP.GHIB..DP3,40,,GHIB,DP3,250.0,10.0-40.0Hz,10.0,40.0,2.5606246391334953,7.0787172932911755,0.8876212766651331,-0.012,False
deep_named_75336682_anchor_51214531,75336682,51214531,BP.GHIB.DP3,BP.GHIB.40.DP3,BP.GHIB..DP3,40,,GHIB,DP3,250.0,2.0-40.0Hz,2.0,40.0,3.1772868950873714,7.057501522107244,0.9095803279008416,-0.012,True
deep_named_75336682_anchor_51214531,75336682,51214531,BP.JCSB.DP1,BP.JCSB.40.DP1,BP.JCSB..DP1,40,,JCSB,DP1,250.0,2.0-10.0Hz,2.0,10.0,682.60013328321,200.72198493799243,0.997482987792167,-0.024,True
deep_named_75336682_anchor_51214531,75336682,51214531,BP.JCSB.DP1,BP.JCSB.40.DP1,BP.JCSB..DP1,40,,JCSB,DP1,250.0,5.0-20.0Hz,5.0,20.0,667.2172749972285,233.38728867768125,0.9959812875112947,-0.024,True
deep_named_75336682_anchor_51214531,75336682,51214531,BP.JCSB.DP1,BP.JCSB.40.DP1,BP.JCSB..DP1,40,,JCSB,DP1,250.0,10.0-40.0Hz,10.0,40.0,433.5098310354984,202.90688667496175,0.9950865314297492,-0.024,True
deep_named_75336682_anchor_51214531,75336682,51214531,BP.JCSB.DP1,BP.JCSB.40.DP1,BP.JCSB..DP1,40,,JCSB,DP1,250.0,2.0-40.0Hz,2.0,40.0,604.599403261502,206.18878309743977,0.9962463643312,-0.024,True
deep_named_75336682_anchor_51214531,75336682,51214531,BP.JCSB.DP2,BP.JCSB.40.DP2,BP.JCSB..DP2,40,,JCSB,DP2,250.0,2.0-10.0Hz,2.0,10.0,5.342554340162256,8.062473712609913,0.2508579140680588,-0.016,True
deep_named_75336682_anchor_51214531,75336682,51214531,BP.JCSB.DP2,BP.JCSB.40.DP2,BP.JCSB..DP2,40,,JCSB,DP2,250.0,5.0-20.0Hz,5.0,20.0,11.185613682210715,6.255771928011976,0.8648547028479668,-0.016,True
deep_named_75336682_anchor_51214531,75336682,51214531,BP.JCSB.DP2,BP.JCSB.40.DP2,BP.JCSB..DP2,40,,JCSB,DP2,250.0,10.0-40.0Hz,10.0,40.0,14.507880142196402,8.20395255156163,0.9466345252304827,-0.016,True
deep_named_75336682_anchor_51214531,75336682,51214531,BP.JCSB.DP2,BP.JCSB.40.DP2,BP.JCSB..DP2,40,,JCSB,DP2,250.0,2.0-40.0Hz,2.0,40.0,11.26236851848585,7.98762608110911,0.6249088006961656,-0.016,True
deep_named_75336682_anchor_51214531,75336682,51214531,BP.JCSB.DP3,BP.JCSB.40.DP3,BP.JCSB..DP3,40,,JCSB,DP3,250.0,2.0-10.0Hz,2.0,10.0,10.299562382137927,0.9953798428100272,0.14302271249376836,-0.036,False
deep_named_75336682_anchor_51214531,75336682,51214531,BP.JCSB.DP3,BP.JCSB.40.DP3,BP.JCSB..DP3,40,,JCSB,DP3,250.0,5.0-20.0Hz,5.0,20.0,15.907183098828058,1.0057189921744092,0.11307833843971256,0.196,False
deep_named_75336682_anchor_51214531,75336682,51214531,BP.JCSB.DP3,BP.JCSB.40.DP3,BP.JCSB..DP3,40,,JCSB,DP3,250.0,10.0-40.0Hz,10.0,40.0,17.839102786588903,1.0795684761271183,0.11325112490391273,0.492,False
deep_named_75336682_anchor_51214531,75336682,51214531,BP.JCSB.DP3,BP.JCSB.40.DP3,BP.JCSB..DP3,40,,JCSB,DP3,250.0,2.0-40.0Hz,2.0,40.0,15.471224916242448,1.0400833932061937,0.09637846966056618,0.492,False
deep_named_75336682_anchor_51214531,75336682,51214531,BP.LCCB.DP1,BP.LCCB.40.DP1,BP.LCCB..DP1,40,,LCCB,DP1,250.0,2.0-10.0Hz,2.0,10.0,690.9008979365634,57.18499040453204,0.9720080207838155,-0.012,True
deep_named_75336682_anchor_51214531,75336682,51214531,BP.LCCB.DP1,BP.LCCB.40.DP1,BP.LCCB..DP1,40,,LCCB,DP1,250.0,5.0-20.0Hz,5.0,20.0,1446.960050781072,65.02017320565218,0.9759047632952983,-0.012,True
deep_named_75336682_anchor_51214531,75336682,51214531,BP.LCCB.DP1,BP.LCCB.40.DP1,BP.LCCB..DP1,40,,LCCB,DP1,250.0,10.0-40.0Hz,10.0,40.0,1117.897190606578,45.74787659674204,0.988202905701841,-0.016,True
deep_named_75336682_anchor_51214531,75336682,51214531,BP.LCCB.DP1,BP.LCCB.40.DP1,BP.LCCB..DP1,40,,LCCB,DP1,250.0,2.0-40.0Hz,2.0,40.0,800.5611939215778,51.13748371532447,0.966736638158107,-0.016,True
deep_named_75336682_anchor_51214531,75336682,51214531,BP.LCCB.DP2,BP.LCCB.40.DP2,BP.LCCB..DP2,40,,LCCB,DP2,250.0,2.0-10.0Hz,2.0,10.0,241.94870997644685,339.07191327236086,0.9945888514779856,-0.02,True
deep_named_75336682_anchor_51214531,75336682,51214531,BP.LCCB.DP2,BP.LCCB.40.DP2,BP.LCCB..DP2,40,,LCCB,DP2,250.0,5.0-20.0Hz,5.0,20.0,299.70580918181815,380.79922745145615,0.9924489325781388,-0.02,True
deep_named_75336682_anchor_51214531,75336682,51214531,BP.LCCB.DP2,BP.LCCB.40.DP2,BP.LCCB..DP2,40,,LCCB,DP2,250.0,10.0-40.0Hz,10.0,40.0,203.67826644732844,225.26153528557327,0.9858307566625866,-0.02,True
deep_named_75336682_anchor_51214531,75336682,51214531,BP.LCCB.DP2,BP.LCCB.40.DP2,BP.LCCB..DP2,40,,LCCB,DP2,250.0,2.0-40.0Hz,2.0,40.0,221.8767390013183,269.7435359163324,0.9893578436520163,-0.02,True
deep_named_75336682_anchor_51214531,75336682,51214531,BP.LCCB.DP3,BP.LCCB.40.DP3,BP.LCCB..DP3,40,,LCCB,DP3,250.0,2.0-10.0Hz,2.0,10.0,647.8554715109351,455.4043116511137,0.9636490951141613,-0.008,True
deep_named_75336682_anchor_51214531,75336682,51214531,BP.LCCB.DP3,BP.LCCB.40.DP3,BP.LCCB..DP3,40,,LCCB,DP3,250.0,5.0-20.0Hz,5.0,20.0,1143.1740879362753,611.6722687752268,0.9746559239619418,-0.012,True
deep_named_75336682_anchor_51214531,75336682,51214531,BP.LCCB.DP3,BP.LCCB.40.DP3,BP.LCCB..DP3,40,,LCCB,DP3,250.0,10.0-40.0Hz,10.0,40.0,1003.1124691936136,480.70426262605315,0.9835882579260918,-0.016,True
deep_named_75336682_anchor_51214531,75336682,51214531,BP.LCCB.DP3,BP.LCCB.40.DP3,BP.LCCB..DP3,40,,LCCB,DP3,250.0,2.0-40.0Hz,2.0,40.0,724.2210061610293,461.57774872518115,0.9534996518023798,-0.012,True
deep_named_75336682_anchor_51214531,75336682,51214531,BP.MMNB.DP1,BP.MMNB.40.DP1,BP.MMNB..DP1,40,,MMNB,DP1,250.0,2.0-10.0Hz,2.0,10.0,779.7127040822656,1.4744418828185892,0.1744658839653134,-0.124,False
deep_named_75336682_anchor_51214531,75336682,51214531,BP.MMNB.DP1,BP.MMNB.40.DP1,BP.MMNB..DP1,40,,MMNB,DP1,250.0,5.0-20.0Hz,5.0,20.0,1155.4988561241507,1.3497729850336648,0.30458602655991346,0.004,False
deep_named_75336682_anchor_51214531,75336682,51214531,BP.MMNB.DP1,BP.MMNB.40.DP1,BP.MMNB..DP1,40,,MMNB,DP1,250.0,10.0-40.0Hz,10.0,40.0,546.63565545848,1.406303627915425,0.40342834395283833,0.0,False
deep_named_75336682_anchor_51214531,75336682,51214531,BP.MMNB.DP1,BP.MMNB.40.DP1,BP.MMNB..DP1,40,,MMNB,DP1,250.0,2.0-40.0Hz,2.0,40.0,731.7909973185774,1.4551490241947158,0.15634919249080861,0.004,False
deep_named_75336682_anchor_51214531,75336682,51214531,BP.MMNB.DP2,BP.MMNB.40.DP2,BP.MMNB..DP2,40,,MMNB,DP2,250.0,2.0-10.0Hz,2.0,10.0,534.874608670212,1.4230488454564196,0.12468772628902922,0.02,False
deep_named_75336682_anchor_51214531,75336682,51214531,BP.MMNB.DP2,BP.MMNB.40.DP2,BP.MMNB..DP2,40,,MMNB,DP2,250.0,5.0-20.0Hz,5.0,20.0,859.087101423176,1.350124812238209,0.3149995469964942,0.012,False
deep_named_75336682_anchor_51214531,75336682,51214531,BP.MMNB.DP2,BP.MMNB.40.DP2,BP.MMNB..DP2,40,,MMNB,DP2,250.0,10.0-40.0Hz,10.0,40.0,466.20086960659586,1.4232623354865148,0.3638844462357784,-0.068,False
deep_named_75336682_anchor_51214531,75336682,51214531,BP.MMNB.DP2,BP.MMNB.40.DP2,BP.MMNB..DP2,40,,MMNB,DP2,250.0,2.0-40.0Hz,2.0,40.0,557.628535379989,1.4194157303047599,0.1674479347575558,0.012,False
deep_named_75336682_anchor_51214531,75336682,51214531,BP.MMNB.DP3,BP.MMNB.40.DP3,BP.MMNB..DP3,40,,MMNB,DP3,250.0,2.0-10.0Hz,2.0,10.0,585.9575511005561,282.3426742836104,0.9831516139973545,-0.008,True
deep_named_75336682_anchor_51214531,75336682,51214531,BP.MMNB.DP3,BP.MMNB.40.DP3,BP.MMNB..DP3,40,,MMNB,DP3,250.0,5.0-20.0Hz,5.0,20.0,1401.8287051701436,473.97752818355235,0.9916751963066329,-0.012,True
deep_named_75336682_anchor_51214531,75336682,51214531,BP.MMNB.DP3,BP.MMNB.40.DP3,BP.MMNB..DP3,40,,MMNB,DP3,250.0,10.0-40.0Hz,10.0,40.0,805.717070558855,258.8886180931402,0.9932699007263197,-0.012,True
deep_named_75336682_anchor_51214531,75336682,51214531,BP.MMNB.DP3,BP.MMNB.40.DP3,BP.MMNB..DP3,40,,MMNB,DP3,250.0,2.0-40.0Hz,2.0,40.0,703.3630884002275,299.57820056206003,0.9822381179746428,-0.012,True
deep_named_75336682_anchor_51214531,75336682,51214531,BP.SCYB.DP1,BP.SCYB.40.DP1,BP.SCYB..DP1,40,,SCYB,DP1,250.0,2.0-10.0Hz,2.0,10.0,1274.9982363575928,517.6734632416473,0.9743392576883171,0.0,True
deep_named_75336682_anchor_51214531,75336682,51214531,BP.SCYB.DP1,BP.SCYB.40.DP1,BP.SCYB..DP1,40,,SCYB,DP1,250.0,5.0-20.0Hz,5.0,20.0,1619.1658500330348,662.4152485290651,0.9842769481428718,-0.004,True
deep_named_75336682_anchor_51214531,75336682,51214531,BP.SCYB.DP1,BP.SCYB.40.DP1,BP.SCYB..DP1,40,,SCYB,DP1,250.0,10.0-40.0Hz,10.0,40.0,1159.7939491218203,414.79960168393836,0.9850153874208845,-0.004,True
deep_named_75336682_anchor_51214531,75336682,51214531,BP.SCYB.DP1,BP.SCYB.40.DP1,BP.SCYB..DP1,40,,SCYB,DP1,250.0,2.0-40.0Hz,2.0,40.0,1281.1291244701883,491.82615972456796,0.96077728289626,-0.004,True
deep_named_75336682_anchor_51214531,75336682,51214531,BP.SCYB.DP2,BP.SCYB.40.DP2,BP.SCYB..DP2,40,,SCYB,DP2,250.0,2.0-10.0Hz,2.0,10.0,1059.153984891933,562.5451857757329,0.9777090921446274,0.0,True
deep_named_75336682_anchor_51214531,75336682,51214531,BP.SCYB.DP2,BP.SCYB.40.DP2,BP.SCYB..DP2,40,,SCYB,DP2,250.0,5.0-20.0Hz,5.0,20.0,1842.642945616688,631.6868184288742,0.9792759549582065,-0.004,True
deep_named_75336682_anchor_51214531,75336682,51214531,BP.SCYB.DP2,BP.SCYB.40.DP2,BP.SCYB..DP2,40,,SCYB,DP2,250.0,10.0-40.0Hz,10.0,40.0,978.5466261053829,311.81948288235327,0.9828200140186287,-0.004,True
deep_named_75336682_anchor_51214531,75336682,51214531,BP.SCYB.DP2,BP.SCYB.40.DP2,BP.SCYB..DP2,40,,SCYB,DP2,250.0,2.0-40.0Hz,2.0,40.0,1061.96349531387,494.46348245811413,0.9600414818139703,-0.004,True
deep_named_75336682_anchor_51214531,75336682,51214531,BP.SCYB.DP3,BP.SCYB.40.DP3,BP.SCYB..DP3,40,,SCYB,DP3,250.0,2.0-10.0Hz,2.0,10.0,983.1650582874873,436.1924627352675,0.9714358496454301,0.0,True
deep_named_75336682_anchor_51214531,75336682,51214531,BP.SCYB.DP3,BP.SCYB.40.DP3,BP.SCYB..DP3,40,,SCYB,DP3,250.0,5.0-20.0Hz,5.0,20.0,1875.1691179412328,587.3018560516831,0.9823957699169857,-0.004,True
deep_named_75336682_anchor_51214531,75336682,51214531,BP.SCYB.DP3,BP.SCYB.40.DP3,BP.SCYB..DP3,40,,SCYB,DP3,250.0,10.0-40.0Hz,10.0,40.0,980.5999046747992,355.83878381349894,0.981942957569482,-0.004,True
deep_named_75336682_anchor_51214531,75336682,51214531,BP.SCYB.DP3,BP.SCYB.40.DP3,BP.SCYB..DP3,40,,SCYB,DP3,250.0,2.0-40.0Hz,2.0,40.0,1004.8347852994002,417.95847696962505,0.9553856005301051,-0.004,True
deep_named_75336682_anchor_71325295,75336682,71325295,BP.CCRB.DP1,BP.CCRB.40.DP1,BP.CCRB..DP1,40,,CCRB,DP1,250.0,2.0-10.0Hz,2.0,10.0,691.3230767469552,449.6484609667283,0.9849635452773746,0.008,True
deep_named_75336682_anchor_71325295,75336682,71325295,BP.CCRB.DP1,BP.CCRB.40.DP1,BP.CCRB..DP1,40,,CCRB,DP1,250.0,5.0-20.0Hz,5.0,20.0,2716.944230232654,1371.290865320116,0.9736523944355928,0.004,True
deep_named_75336682_anchor_71325295,75336682,71325295,BP.CCRB.DP1,BP.CCRB.40.DP1,BP.CCRB..DP1,40,,CCRB,DP1,250.0,10.0-40.0Hz,10.0,40.0,3802.5551128766233,1821.7903237665805,0.9810731637503806,0.0,True
deep_named_75336682_anchor_71325295,75336682,71325295,BP.CCRB.DP1,BP.CCRB.40.DP1,BP.CCRB..DP1,40,,CCRB,DP1,250.0,2.0-40.0Hz,2.0,40.0,1873.1209280535425,1255.4311369105546,0.9739071699589131,0.0,True
deep_named_75336682_anchor_71325295,75336682,71325295,BP.CCRB.DP2,BP.CCRB.40.DP2,BP.CCRB..DP2,40,,CCRB,DP2,250.0,2.0-10.0Hz,2.0,10.0,690.1857849055642,445.94646319818867,0.9803895113727775,0.008,True
deep_named_75336682_anchor_71325295,75336682,71325295,BP.CCRB.DP2,BP.CCRB.40.DP2,BP.CCRB..DP2,40,,CCRB,DP2,250.0,5.0-20.0Hz,5.0,20.0,1454.2922874862616,727.1530107480571,0.9802856579208721,0.004,True
deep_named_75336682_anchor_71325295,75336682,71325295,BP.CCRB.DP2,BP.CCRB.40.DP2,BP.CCRB..DP2,40,,CCRB,DP2,250.0,10.0-40.0Hz,10.0,40.0,1306.7237794477207,634.6406186971716,0.9696178674974651,0.0,True
deep_named_75336682_anchor_71325295,75336682,71325295,BP.CCRB.DP2,BP.CCRB.40.DP2,BP.CCRB..DP2,40,,CCRB,DP2,250.0,2.0-40.0Hz,2.0,40.0,893.4849965063515,552.1731300911275,0.9530664740637342,0.004,True
deep_named_75336682_anchor_71325295,75336682,71325295,BP.CCRB.DP3,BP.CCRB.40.DP3,BP.CCRB..DP3,40,,CCRB,DP3,250.0,2.0-10.0Hz,2.0,10.0,768.1813950694735,409.73164334186356,0.976646998628428,0.008,True
deep_named_75336682_anchor_71325295,75336682,71325295,BP.CCRB.DP3,BP.CCRB.40.DP3,BP.CCRB..DP3,40,,CCRB,DP3,250.0,5.0-20.0Hz,5.0,20.0,1572.42563530698,798.1618982538753,0.9761217163979912,0.004,True
deep_named_75336682_anchor_71325295,75336682,71325295,BP.CCRB.DP3,BP.CCRB.40.DP3,BP.CCRB..DP3,40,,CCRB,DP3,250.0,10.0-40.0Hz,10.0,40.0,1833.8013481128764,892.1746092152237,0.9803572421456723,0.0,True
deep_named_75336682_anchor_71325295,75336682,71325295,BP.CCRB.DP3,BP.CCRB.40.DP3,BP.CCRB..DP3,40,,CCRB,DP3,250.0,2.0-40.0Hz,2.0,40.0,1122.41165344694,647.2913949068098,0.9603779197081009,0.0,True
deep_named_75336682_anchor_71325295,75336682,71325295,BP.EADB.DP1,BP.EADB.40.DP1,BP.EADB..DP1,40,,EADB,DP1,250.0,2.0-10.0Hz,2.0,10.0,80.55781768621276,87.84596471128526,0.9861040296115541,0.0,True
deep_named_75336682_anchor_71325295,75336682,71325295,BP.EADB.DP1,BP.EADB.40.DP1,BP.EADB..DP1,40,,EADB,DP1,250.0,5.0-20.0Hz,5.0,20.0,129.85499691476568,81.12447627367874,0.9845614745044122,-0.004,True
deep_named_75336682_anchor_71325295,75336682,71325295,BP.EADB.DP1,BP.EADB.40.DP1,BP.EADB..DP1,40,,EADB,DP1,250.0,10.0-40.0Hz,10.0,40.0,47.07157103680303,34.251350881794494,0.9860149812296446,-0.008,True
deep_named_75336682_anchor_71325295,75336682,71325295,BP.EADB.DP1,BP.EADB.40.DP1,BP.EADB..DP1,40,,EADB,DP1,250.0,2.0-40.0Hz,2.0,40.0,80.75801383232664,73.82759384958995,0.9766146933076799,-0.004,True
deep_named_75336682_anchor_71325295,75336682,71325295,BP.EADB.DP2,BP.EADB.40.DP2,BP.EADB..DP2,40,,EADB,DP2,250.0,2.0-10.0Hz,2.0,10.0,168.8242042087344,147.06876109255774,0.983236814792206,0.0,True
deep_named_75336682_anchor_71325295,75336682,71325295,BP.EADB.DP2,BP.EADB.40.DP2,BP.EADB..DP2,40,,EADB,DP2,250.0,5.0-20.0Hz,5.0,20.0,139.28809212865292,98.76288442923212,0.9840191568381192,-0.004,True
deep_named_75336682_anchor_71325295,75336682,71325295,BP.EADB.DP2,BP.EADB.40.DP2,BP.EADB..DP2,40,,EADB,DP2,250.0,10.0-40.0Hz,10.0,40.0,46.91084329134873,36.486782736956904,0.9858482577550495,-0.008,True
deep_named_75336682_anchor_71325295,75336682,71325295,BP.EADB.DP2,BP.EADB.40.DP2,BP.EADB..DP2,40,,EADB,DP2,250.0,2.0-40.0Hz,2.0,40.0,151.31460482354856,110.29151075153057,0.9735130608072681,-0.004,True
deep_named_75336682_anchor_71325295,75336682,71325295,BP.EADB.DP3,BP.EADB.40.DP3,BP.EADB..DP3,40,,EADB,DP3,250.0,2.0-10.0Hz,2.0,10.0,105.03934910493045,100.89409436979197,0.9809960518282607,0.0,True
deep_named_75336682_anchor_71325295,75336682,71325295,BP.EADB.DP3,BP.EADB.40.DP3,BP.EADB..DP3,40,,EADB,DP3,250.0,5.0-20.0Hz,5.0,20.0,103.13735825500763,59.371449506542895,0.9714892013436164,-0.004,True
deep_named_75336682_anchor_71325295,75336682,71325295,BP.EADB.DP3,BP.EADB.40.DP3,BP.EADB..DP3,40,,EADB,DP3,250.0,10.0-40.0Hz,10.0,40.0,39.27037606611067,21.501028740813823,0.970821096639627,-0.008,True
deep_named_75336682_anchor_71325295,75336682,71325295,BP.EADB.DP3,BP.EADB.40.DP3,BP.EADB..DP3,40,,EADB,DP3,250.0,2.0-40.0Hz,2.0,40.0,106.91773555988496,69.88243515294619,0.9717054483018214,-0.004,True
deep_named_75336682_anchor_71325295,75336682,71325295,BP.FROB.DP1,BP.FROB.40.DP1,BP.FROB..DP1,40,,FROB,DP1,250.0,2.0-10.0Hz,2.0,10.0,14.721788285708584,91.49948102736009,0.9690964283606106,-0.004,True
deep_named_75336682_anchor_71325295,75336682,71325295,BP.FROB.DP1,BP.FROB.40.DP1,BP.FROB..DP1,40,,FROB,DP1,250.0,5.0-20.0Hz,5.0,20.0,19.122123256416057,166.04384042523523,0.9754715112929622,-0.008,True
deep_named_75336682_anchor_71325295,75336682,71325295,BP.FROB.DP1,BP.FROB.40.DP1,BP.FROB..DP1,40,,FROB,DP1,250.0,10.0-40.0Hz,10.0,40.0,19.5686977301386,187.16216026017244,0.9614880564876329,-0.008,True
deep_named_75336682_anchor_71325295,75336682,71325295,BP.FROB.DP1,BP.FROB.40.DP1,BP.FROB..DP1,40,,FROB,DP1,250.0,2.0-40.0Hz,2.0,40.0,17.08126955106977,137.1113623397362,0.9592155488624459,-0.008,True
deep_named_75336682_anchor_71325295,75336682,71325295,BP.FROB.DP2,BP.FROB.40.DP2,BP.FROB..DP2,40,,FROB,DP2,250.0,2.0-10.0Hz,2.0,10.0,13.290518407497823,93.30964788728548,0.9708428939880911,-0.004,True
deep_named_75336682_anchor_71325295,75336682,71325295,BP.FROB.DP2,BP.FROB.40.DP2,BP.FROB..DP2,40,,FROB,DP2,250.0,5.0-20.0Hz,5.0,20.0,17.38213593712447,167.1983236464041,0.9716644713876204,-0.008,True
deep_named_75336682_anchor_71325295,75336682,71325295,BP.FROB.DP2,BP.FROB.40.DP2,BP.FROB..DP2,40,,FROB,DP2,250.0,10.0-40.0Hz,10.0,40.0,18.18903077383285,182.85438564138207,0.931156052936748,-0.008,True
deep_named_75336682_anchor_71325295,75336682,71325295,BP.FROB.DP2,BP.FROB.40.DP2,BP.FROB..DP2,40,,FROB,DP2,250.0,2.0-40.0Hz,2.0,40.0,15.756399817525072,140.66438848111468,0.9377391570250365,-0.008,True
deep_named_75336682_anchor_71325295,75336682,71325295,BP.FROB.DP3,BP.FROB.40.DP3,BP.FROB..DP3,40,,FROB,DP3,250.0,2.0-10.0Hz,2.0,10.0,16.944827977199004,135.50397346412765,0.9716284899732802,0.0,True
deep_named_75336682_anchor_71325295,75336682,71325295,BP.FROB.DP3,BP.FROB.40.DP3,BP.FROB..DP3,40,,FROB,DP3,250.0,5.0-20.0Hz,5.0,20.0,16.527173784755323,167.24778509627473,0.975597505505636,-0.004,True
deep_named_75336682_anchor_71325295,75336682,71325295,BP.FROB.DP3,BP.FROB.40.DP3,BP.FROB..DP3,40,,FROB,DP3,250.0,10.0-40.0Hz,10.0,40.0,11.991881141795918,143.68231756290203,0.8736977320053351,-0.008,True
deep_named_75336682_anchor_71325295,75336682,71325295,BP.FROB.DP3,BP.FROB.40.DP3,BP.FROB..DP3,40,,FROB,DP3,250.0,2.0-40.0Hz,2.0,40.0,14.486584671263822,140.97679046939325,0.9053459526884781,-0.008,True
deep_named_75336682_anchor_71325295,75336682,71325295,BP.GHIB.DP1,BP.GHIB.40.DP1,BP.GHIB..DP1,40,,GHIB,DP1,250.0,2.0-10.0Hz,2.0,10.0,11.381715017573793,6.755865099159113,0.9712780649724583,0.0,True
deep_named_75336682_anchor_71325295,75336682,71325295,BP.GHIB.DP1,BP.GHIB.40.DP1,BP.GHIB..DP1,40,,GHIB,DP1,250.0,5.0-20.0Hz,5.0,20.0,21.22492769239673,10.578696864301103,0.9733129939377314,-0.004,True
deep_named_75336682_anchor_71325295,75336682,71325295,BP.GHIB.DP1,BP.GHIB.40.DP1,BP.GHIB..DP1,40,,GHIB,DP1,250.0,10.0-40.0Hz,10.0,40.0,13.769931933376633,10.403315224714929,0.9521535037369685,-0.004,True
deep_named_75336682_anchor_71325295,75336682,71325295,BP.GHIB.DP1,BP.GHIB.40.DP1,BP.GHIB..DP1,40,,GHIB,DP1,250.0,2.0-40.0Hz,2.0,40.0,12.207991746346975,7.607896516456593,0.9563612718534844,-0.004,True
deep_named_75336682_anchor_71325295,75336682,71325295,BP.GHIB.DP3,BP.GHIB.40.DP3,BP.GHIB..DP3,40,,GHIB,DP3,250.0,2.0-10.0Hz,2.0,10.0,3.320751520718092,7.978437607412731,0.9425162909406386,0.0,True
deep_named_75336682_anchor_71325295,75336682,71325295,BP.GHIB.DP3,BP.GHIB.40.DP3,BP.GHIB..DP3,40,,GHIB,DP3,250.0,5.0-20.0Hz,5.0,20.0,3.0725883485075043,10.207106427301083,0.9253009101986321,-0.004,True
deep_named_75336682_anchor_71325295,75336682,71325295,BP.GHIB.DP3,BP.GHIB.40.DP3,BP.GHIB..DP3,40,,GHIB,DP3,250.0,10.0-40.0Hz,10.0,40.0,2.5606246391334953,8.357909346556536,0.8732005237373694,-0.004,False
deep_named_75336682_anchor_71325295,75336682,71325295,BP.GHIB.DP3,BP.GHIB.40.DP3,BP.GHIB..DP3,40,,GHIB,DP3,250.0,2.0-40.0Hz,2.0,40.0,3.1772868950873714,8.313309855546727,0.925327997364114,-0.004,True
deep_named_75336682_anchor_71325295,75336682,71325295,BP.JCSB.DP1,BP.JCSB.40.DP1,BP.JCSB..DP1,40,,JCSB,DP1,250.0,2.0-10.0Hz,2.0,10.0,682.60013328321,399.29429828758606,0.9955950081089449,-0.016,True
deep_named_75336682_anchor_71325295,75336682,71325295,BP.JCSB.DP1,BP.JCSB.40.DP1,BP.JCSB..DP1,40,,JCSB,DP1,250.0,5.0-20.0Hz,5.0,20.0,667.2172749972285,353.2275084601719,0.9925134469664675,-0.016,True
deep_named_75336682_anchor_71325295,75336682,71325295,BP.JCSB.DP1,BP.JCSB.40.DP1,BP.JCSB..DP1,40,,JCSB,DP1,250.0,10.0-40.0Hz,10.0,40.0,433.5098310354984,240.22588451531385,0.9868513589504135,-0.016,True
deep_named_75336682_anchor_71325295,75336682,71325295,BP.JCSB.DP1,BP.JCSB.40.DP1,BP.JCSB..DP1,40,,JCSB,DP1,250.0,2.0-40.0Hz,2.0,40.0,604.599403261502,335.92085581488556,0.9928967861305906,-0.016,True
deep_named_75336682_anchor_71325295,75336682,71325295,BP.JCSB.DP2,BP.JCSB.40.DP2,BP.JCSB..DP2,40,,JCSB,DP2,250.0,2.0-10.0Hz,2.0,10.0,5.342554340162256,3.8892783507216553,0.9530841595328586,-0.008,True
deep_named_75336682_anchor_71325295,75336682,71325295,BP.JCSB.DP2,BP.JCSB.40.DP2,BP.JCSB..DP2,40,,JCSB,DP2,250.0,5.0-20.0Hz,5.0,20.0,11.185613682210715,7.234637266020574,0.9825623268526525,-0.008,True
deep_named_75336682_anchor_71325295,75336682,71325295,BP.JCSB.DP2,BP.JCSB.40.DP2,BP.JCSB..DP2,40,,JCSB,DP2,250.0,10.0-40.0Hz,10.0,40.0,14.507880142196402,9.452578342600251,0.9825487672019614,-0.008,True
deep_named_75336682_anchor_71325295,75336682,71325295,BP.JCSB.DP2,BP.JCSB.40.DP2,BP.JCSB..DP2,40,,JCSB,DP2,250.0,2.0-40.0Hz,2.0,40.0,11.26236851848585,7.770828594286557,0.9795200752320201,-0.008,True
deep_named_75336682_anchor_71325295,75336682,71325295,BP.JCSB.DP3,BP.JCSB.40.DP3,BP.JCSB..DP3,40,,JCSB,DP3,250.0,2.0-10.0Hz,2.0,10.0,10.299562382137927,10.051095275763648,0.9821926165528332,-0.008,True
deep_named_75336682_anchor_71325295,75336682,71325295,BP.JCSB.DP3,BP.JCSB.40.DP3,BP.JCSB..DP3,40,,JCSB,DP3,250.0,5.0-20.0Hz,5.0,20.0,15.907183098828058,15.46511122368312,0.9888954207555183,-0.008,True
deep_named_75336682_anchor_71325295,75336682,71325295,BP.JCSB.DP3,BP.JCSB.40.DP3,BP.JCSB..DP3,40,,JCSB,DP3,250.0,10.0-40.0Hz,10.0,40.0,17.839102786588903,15.789308103469992,0.9855051729295494,-0.008,True
deep_named_75336682_anchor_71325295,75336682,71325295,BP.JCSB.DP3,BP.JCSB.40.DP3,BP.JCSB..DP3,40,,JCSB,DP3,250.0,2.0-40.0Hz,2.0,40.0,15.471224916242448,14.190967096525261,0.985332035028289,-0.008,True
deep_named_75336682_anchor_71325295,75336682,71325295,BP.LCCB.DP1,BP.LCCB.40.DP1,BP.LCCB..DP1,40,,LCCB,DP1,250.0,2.0-10.0Hz,2.0,10.0,690.9008979365634,537.2039509573764,0.9761226501382992,-0.008,True
deep_named_75336682_anchor_71325295,75336682,71325295,BP.LCCB.DP1,BP.LCCB.40.DP1,BP.LCCB..DP1,40,,LCCB,DP1,250.0,5.0-20.0Hz,5.0,20.0,1446.960050781072,868.9542497427905,0.9889595247491174,-0.008,True
deep_named_75336682_anchor_71325295,75336682,71325295,BP.LCCB.DP1,BP.LCCB.40.DP1,BP.LCCB..DP1,40,,LCCB,DP1,250.0,10.0-40.0Hz,10.0,40.0,1117.897190606578,795.5449099077885,0.9903465044645097,-0.008,True
deep_named_75336682_anchor_71325295,75336682,71325295,BP.LCCB.DP1,BP.LCCB.40.DP1,BP.LCCB..DP1,40,,LCCB,DP1,250.0,2.0-40.0Hz,2.0,40.0,800.5611939215778,617.4389858378024,0.98110858071725,-0.008,True
deep_named_75336682_anchor_71325295,75336682,71325295,BP.LCCB.DP2,BP.LCCB.40.DP2,BP.LCCB..DP2,40,,LCCB,DP2,250.0,2.0-10.0Hz,2.0,10.0,241.94870997644685,323.7402669301556,0.9943148046476203,-0.012,True
deep_named_75336682_anchor_71325295,75336682,71325295,BP.LCCB.DP2,BP.LCCB.40.DP2,BP.LCCB..DP2,40,,LCCB,DP2,250.0,5.0-20.0Hz,5.0,20.0,299.70580918181815,341.6027698766219,0.9942161976483035,-0.012,True
deep_named_75336682_anchor_71325295,75336682,71325295,BP.LCCB.DP2,BP.LCCB.40.DP2,BP.LCCB..DP2,40,,LCCB,DP2,250.0,10.0-40.0Hz,10.0,40.0,203.67826644732844,222.41161165053344,0.9896798169572762,-0.012,True
deep_named_75336682_anchor_71325295,75336682,71325295,BP.LCCB.DP2,BP.LCCB.40.DP2,BP.LCCB..DP2,40,,LCCB,DP2,250.0,2.0-40.0Hz,2.0,40.0,221.8767390013183,261.26930779103395,0.9917278297351391,-0.012,True
deep_named_75336682_anchor_71325295,75336682,71325295,BP.LCCB.DP3,BP.LCCB.40.DP3,BP.LCCB..DP3,40,,LCCB,DP3,250.0,2.0-10.0Hz,2.0,10.0,647.8554715109351,609.9871443796446,0.9659462279207989,-0.004,True
deep_named_75336682_anchor_71325295,75336682,71325295,BP.LCCB.DP3,BP.LCCB.40.DP3,BP.LCCB..DP3,40,,LCCB,DP3,250.0,5.0-20.0Hz,5.0,20.0,1143.1740879362753,853.1712166217225,0.9807810784822614,-0.008,True
deep_named_75336682_anchor_71325295,75336682,71325295,BP.LCCB.DP3,BP.LCCB.40.DP3,BP.LCCB..DP3,40,,LCCB,DP3,250.0,10.0-40.0Hz,10.0,40.0,1003.1124691936136,677.6028408113793,0.9926826822335252,-0.008,True
deep_named_75336682_anchor_71325295,75336682,71325295,BP.LCCB.DP3,BP.LCCB.40.DP3,BP.LCCB..DP3,40,,LCCB,DP3,250.0,2.0-40.0Hz,2.0,40.0,724.2210061610293,652.1045209702198,0.957636769510878,-0.008,True
deep_named_75336682_anchor_71325295,75336682,71325295,BP.MMNB.DP1,BP.MMNB.40.DP1,BP.MMNB..DP1,40,,MMNB,DP1,250.0,2.0-10.0Hz,2.0,10.0,779.7127040822656,1.1900557817948134,0.08679289109603273,-0.352,False
deep_named_75336682_anchor_71325295,75336682,71325295,BP.MMNB.DP1,BP.MMNB.40.DP1,BP.MMNB..DP1,40,,MMNB,DP1,250.0,5.0-20.0Hz,5.0,20.0,1155.4988561241507,1.1175572991879594,0.08977198023793403,0.456,False
deep_named_75336682_anchor_71325295,75336682,71325295,BP.MMNB.DP1,BP.MMNB.40.DP1,BP.MMNB..DP1,40,,MMNB,DP1,250.0,10.0-40.0Hz,10.0,40.0,546.63565545848,1.03219761170779,0.08513689612206693,-0.256,False
deep_named_75336682_anchor_71325295,75336682,71325295,BP.MMNB.DP1,BP.MMNB.40.DP1,BP.MMNB..DP1,40,,MMNB,DP1,250.0,2.0-40.0Hz,2.0,40.0,731.7909973185774,1.1000019297259143,0.05382369798600748,-0.336,False
deep_named_75336682_anchor_71325295,75336682,71325295,BP.MMNB.DP2,BP.MMNB.40.DP2,BP.MMNB..DP2,40,,MMNB,DP2,250.0,2.0-10.0Hz,2.0,10.0,534.874608670212,0.7710841612594234,0.067376689292473,0.012,False
deep_named_75336682_anchor_71325295,75336682,71325295,BP.MMNB.DP2,BP.MMNB.40.DP2,BP.MMNB..DP2,40,,MMNB,DP2,250.0,5.0-20.0Hz,5.0,20.0,859.087101423176,0.9215878350336122,0.08930231785534612,0.212,False
deep_named_75336682_anchor_71325295,75336682,71325295,BP.MMNB.DP2,BP.MMNB.40.DP2,BP.MMNB..DP2,40,,MMNB,DP2,250.0,10.0-40.0Hz,10.0,40.0,466.20086960659586,1.0009103200922262,0.0556473734431784,0.384,False
deep_named_75336682_anchor_71325295,75336682,71325295,BP.MMNB.DP2,BP.MMNB.40.DP2,BP.MMNB..DP2,40,,MMNB,DP2,250.0,2.0-40.0Hz,2.0,40.0,557.628535379989,0.8082037091272039,0.04715631279822221,0.012,False
deep_named_75336682_anchor_71325295,75336682,71325295,BP.MMNB.DP3,BP.MMNB.40.DP3,BP.MMNB..DP3,40,,MMNB,DP3,250.0,2.0-10.0Hz,2.0,10.0,585.9575511005561,0.6593401479807772,0.09432758416682009,0.016,False
deep_named_75336682_anchor_71325295,75336682,71325295,BP.MMNB.DP3,BP.MMNB.40.DP3,BP.MMNB..DP3,40,,MMNB,DP3,250.0,5.0-20.0Hz,5.0,20.0,1401.8287051701436,0.8898043137841036,0.13624738860273225,0.496,False
deep_named_75336682_anchor_71325295,75336682,71325295,BP.MMNB.DP3,BP.MMNB.40.DP3,BP.MMNB..DP3,40,,MMNB,DP3,250.0,10.0-40.0Hz,10.0,40.0,805.717070558855,1.041314192715503,0.09292798396411298,0.492,False
deep_named_75336682_anchor_71325295,75336682,71325295,BP.MMNB.DP3,BP.MMNB.40.DP3,BP.MMNB..DP3,40,,MMNB,DP3,250.0,2.0-40.0Hz,2.0,40.0,703.3630884002275,0.8531828888112479,0.06096535538505692,0.4,False
deep_named_75336682_anchor_71325295,75336682,71325295,BP.SCYB.DP1,BP.SCYB.40.DP1,BP.SCYB..DP1,40,,SCYB,DP1,250.0,2.0-10.0Hz,2.0,10.0,1274.9982363575928,666.9106970418773,0.9739371472727538,0.008,True
deep_named_75336682_anchor_71325295,75336682,71325295,BP.SCYB.DP1,BP.SCYB.40.DP1,BP.SCYB..DP1,40,,SCYB,DP1,250.0,5.0-20.0Hz,5.0,20.0,1619.1658500330348,761.0777521662202,0.9804463182596471,0.004,True
deep_named_75336682_anchor_71325295,75336682,71325295,BP.SCYB.DP1,BP.SCYB.40.DP1,BP.SCYB..DP1,40,,SCYB,DP1,250.0,10.0-40.0Hz,10.0,40.0,1159.7939491218203,458.59070278783304,0.9886124502435089,0.0,True
deep_named_75336682_anchor_71325295,75336682,71325295,BP.SCYB.DP1,BP.SCYB.40.DP1,BP.SCYB..DP1,40,,SCYB,DP1,250.0,2.0-40.0Hz,2.0,40.0,1281.1291244701883,589.9714142302165,0.9568832861666406,0.004,True
deep_named_75336682_anchor_71325295,75336682,71325295,BP.SCYB.DP2,BP.SCYB.40.DP2,BP.SCYB..DP2,40,,SCYB,DP2,250.0,2.0-10.0Hz,2.0,10.0,1059.153984891933,682.1958923661084,0.9789807061411894,0.008,True
deep_named_75336682_anchor_71325295,75336682,71325295,BP.SCYB.DP2,BP.SCYB.40.DP2,BP.SCYB..DP2,40,,SCYB,DP2,250.0,5.0-20.0Hz,5.0,20.0,1842.642945616688,690.3561888224922,0.9807832588825034,0.004,True
deep_named_75336682_anchor_71325295,75336682,71325295,BP.SCYB.DP2,BP.SCYB.40.DP2,BP.SCYB..DP2,40,,SCYB,DP2,250.0,10.0-40.0Hz,10.0,40.0,978.5466261053829,356.4670471709524,0.9872732738024335,0.0,True
deep_named_75336682_anchor_71325295,75336682,71325295,BP.SCYB.DP2,BP.SCYB.40.DP2,BP.SCYB..DP2,40,,SCYB,DP2,250.0,2.0-40.0Hz,2.0,40.0,1061.96349531387,524.3527407087028,0.9622884360375323,0.004,True
deep_named_75336682_anchor_71325295,75336682,71325295,BP.SCYB.DP3,BP.SCYB.40.DP3,BP.SCYB..DP3,40,,SCYB,DP3,250.0,2.0-10.0Hz,2.0,10.0,983.1650582874873,370.7526905079964,0.9711845497106969,0.008,True
deep_named_75336682_anchor_71325295,75336682,71325295,BP.SCYB.DP3,BP.SCYB.40.DP3,BP.SCYB..DP3,40,,SCYB,DP3,250.0,5.0-20.0Hz,5.0,20.0,1875.1691179412328,501.4014262245506,0.9784499952878589,0.004,True
deep_named_75336682_anchor_71325295,75336682,71325295,BP.SCYB.DP3,BP.SCYB.40.DP3,BP.SCYB..DP3,40,,SCYB,DP3,250.0,10.0-40.0Hz,10.0,40.0,980.5999046747992,326.6778930079351,0.9925344517738947,0.0,True
deep_named_75336682_anchor_71325295,75336682,71325295,BP.SCYB.DP3,BP.SCYB.40.DP3,BP.SCYB..DP3,40,,SCYB,DP3,250.0,2.0-40.0Hz,2.0,40.0,1004.8347852994002,340.8126293784778,0.951994249547639,0.004,True
deep_named_75336682_anchor_71567810,75336682,71567810,BK.PKD.HHE,BK.PKD.00.HHE,BK.PKD.00.HHE,00,00,PKD,HHE,100.0,2.0-10.0Hz,2.0,10.0,274.8221889216595,183.23152793089915,0.9832837681080338,0.01,True
deep_named_75336682_anchor_71567810,75336682,71567810,BK.PKD.HHE,BK.PKD.00.HHE,BK.PKD.00.HHE,00,00,PKD,HHE,100.0,5.0-20.0Hz,5.0,20.0,344.22317365187,216.58183110703877,0.9696776224686414,0.01,True
deep_named_75336682_anchor_71567810,75336682,71567810,BK.PKD.HHE,BK.PKD.00.HHE,BK.PKD.00.HHE,00,00,PKD,HHE,100.0,10.0-40.0Hz,10.0,40.0,191.84794774950143,175.61109860592774,0.9221365957636647,0.01,True
deep_named_75336682_anchor_71567810,75336682,71567810,BK.PKD.HHE,BK.PKD.00.HHE,BK.PKD.00.HHE,00,00,PKD,HHE,100.0,2.0-40.0Hz,2.0,40.0,254.0262998702574,184.4650390175051,0.9701959776971149,0.01,True
deep_named_75336682_anchor_71567810,75336682,71567810,BK.PKD.HHN,BK.PKD.00.HHN,BK.PKD.00.HHN,00,00,PKD,HHN,100.0,2.0-10.0Hz,2.0,10.0,229.93237594012749,203.40469280101485,0.9843323136469438,0.01,True
deep_named_75336682_anchor_71567810,75336682,71567810,BK.PKD.HHN,BK.PKD.00.HHN,BK.PKD.00.HHN,00,00,PKD,HHN,100.0,5.0-20.0Hz,5.0,20.0,351.5989216147396,279.2560984161311,0.9562467076415259,0.01,True
deep_named_75336682_anchor_71567810,75336682,71567810,BK.PKD.HHN,BK.PKD.00.HHN,BK.PKD.00.HHN,00,00,PKD,HHN,100.0,10.0-40.0Hz,10.0,40.0,203.22343460198186,223.01693639366798,0.9134251422526465,0.01,True
deep_named_75336682_anchor_71567810,75336682,71567810,BK.PKD.HHN,BK.PKD.00.HHN,BK.PKD.00.HHN,00,00,PKD,HHN,100.0,2.0-40.0Hz,2.0,40.0,228.53504694644494,213.5792994742703,0.9610521233546307,0.01,True
deep_named_75336682_anchor_71567810,75336682,71567810,BK.PKD.HHZ,BK.PKD.00.HHZ,BK.PKD.00.HHZ,00,00,PKD,HHZ,100.0,2.0-10.0Hz,2.0,10.0,229.64356503643774,189.950128600951,0.9822489323029796,0.01,True
deep_named_75336682_anchor_71567810,75336682,71567810,BK.PKD.HHZ,BK.PKD.00.HHZ,BK.PKD.00.HHZ,00,00,PKD,HHZ,100.0,5.0-20.0Hz,5.0,20.0,350.3213888276075,281.70181178576394,0.9750404851329953,0.01,True
deep_named_75336682_anchor_71567810,75336682,71567810,BK.PKD.HHZ,BK.PKD.00.HHZ,BK.PKD.00.HHZ,00,00,PKD,HHZ,100.0,10.0-40.0Hz,10.0,40.0,275.7099662844274,315.0128872653531,0.9676541479155731,0.01,True
deep_named_75336682_anchor_71567810,75336682,71567810,BK.PKD.HHZ,BK.PKD.00.HHZ,BK.PKD.00.HHZ,00,00,PKD,HHZ,100.0,2.0-40.0Hz,2.0,40.0,257.8188033644866,235.23802477242032,0.9735647114729178,0.01,True
deep_named_75336682_anchor_71567810,75336682,71567810,BP.CCRB.DP1,BP.CCRB.40.DP1,BP.CCRB..DP1,40,,CCRB,DP1,250.0,2.0-10.0Hz,2.0,10.0,691.3230767469552,646.726416090609,0.9866110578450636,0.016,True
deep_named_75336682_anchor_71567810,75336682,71567810,BP.CCRB.DP1,BP.CCRB.40.DP1,BP.CCRB..DP1,40,,CCRB,DP1,250.0,5.0-20.0Hz,5.0,20.0,2716.944230232654,1828.2910056065841,0.9800061370700124,0.012,True
deep_named_75336682_anchor_71567810,75336682,71567810,BP.CCRB.DP1,BP.CCRB.40.DP1,BP.CCRB..DP1,40,,CCRB,DP1,250.0,10.0-40.0Hz,10.0,40.0,3802.5551128766233,2458.527073232072,0.9740414615991154,0.008,True
deep_named_75336682_anchor_71567810,75336682,71567810,BP.CCRB.DP1,BP.CCRB.40.DP1,BP.CCRB..DP1,40,,CCRB,DP1,250.0,2.0-40.0Hz,2.0,40.0,1873.1209280535425,1737.3822882267577,0.9679536800364985,0.008,True
deep_named_75336682_anchor_71567810,75336682,71567810,BP.CCRB.DP2,BP.CCRB.40.DP2,BP.CCRB..DP2,40,,CCRB,DP2,250.0,2.0-10.0Hz,2.0,10.0,690.1857849055642,581.6587016407672,0.9789349972188757,0.016,True
deep_named_75336682_anchor_71567810,75336682,71567810,BP.CCRB.DP2,BP.CCRB.40.DP2,BP.CCRB..DP2,40,,CCRB,DP2,250.0,5.0-20.0Hz,5.0,20.0,1454.2922874862616,953.1722936938463,0.9838526137843605,0.012,True
deep_named_75336682_anchor_71567810,75336682,71567810,BP.CCRB.DP2,BP.CCRB.40.DP2,BP.CCRB..DP2,40,,CCRB,DP2,250.0,10.0-40.0Hz,10.0,40.0,1306.7237794477207,836.0753791704316,0.9717824979455805,0.008,True
deep_named_75336682_anchor_71567810,75336682,71567810,BP.CCRB.DP2,BP.CCRB.40.DP2,BP.CCRB..DP2,40,,CCRB,DP2,250.0,2.0-40.0Hz,2.0,40.0,893.4849965063515,732.5290682689607,0.9608107457992717,0.012,True
deep_named_75336682_anchor_71567810,75336682,71567810,BP.CCRB.DP3,BP.CCRB.40.DP3,BP.CCRB..DP3,40,,CCRB,DP3,250.0,2.0-10.0Hz,2.0,10.0,768.1813950694735,677.8923893034902,0.9798135790724879,0.016,True
deep_named_75336682_anchor_71567810,75336682,71567810,BP.CCRB.DP3,BP.CCRB.40.DP3,BP.CCRB..DP3,40,,CCRB,DP3,250.0,5.0-20.0Hz,5.0,20.0,1572.42563530698,1314.830940554811,0.9816700438760718,0.012,True
deep_named_75336682_anchor_71567810,75336682,71567810,BP.CCRB.DP3,BP.CCRB.40.DP3,BP.CCRB..DP3,40,,CCRB,DP3,250.0,10.0-40.0Hz,10.0,40.0,1833.8013481128764,1204.7795488657446,0.9777803702052963,0.008,True
deep_named_75336682_anchor_71567810,75336682,71567810,BP.CCRB.DP3,BP.CCRB.40.DP3,BP.CCRB..DP3,40,,CCRB,DP3,250.0,2.0-40.0Hz,2.0,40.0,1122.41165344694,985.2907495508048,0.9590914407315104,0.008,True
deep_named_75336682_anchor_71567810,75336682,71567810,BP.EADB.DP1,BP.EADB.40.DP1,BP.EADB..DP1,40,,EADB,DP1,250.0,2.0-10.0Hz,2.0,10.0,80.55781768621276,103.40502319248652,0.986617798933501,0.008,True
deep_named_75336682_anchor_71567810,75336682,71567810,BP.EADB.DP1,BP.EADB.40.DP1,BP.EADB..DP1,40,,EADB,DP1,250.0,5.0-20.0Hz,5.0,20.0,129.85499691476568,112.20382110299953,0.9861247932463749,0.004,True
deep_named_75336682_anchor_71567810,75336682,71567810,BP.EADB.DP1,BP.EADB.40.DP1,BP.EADB..DP1,40,,EADB,DP1,250.0,10.0-40.0Hz,10.0,40.0,47.07157103680303,45.23362873831021,0.9889248288492102,0.0,True
deep_named_75336682_anchor_71567810,75336682,71567810,BP.EADB.DP1,BP.EADB.40.DP1,BP.EADB..DP1,40,,EADB,DP1,250.0,2.0-40.0Hz,2.0,40.0,80.75801383232664,92.49663726523961,0.979843801238192,0.004,True
deep_named_75336682_anchor_71567810,75336682,71567810,BP.EADB.DP2,BP.EADB.40.DP2,BP.EADB..DP2,40,,EADB,DP2,250.0,2.0-10.0Hz,2.0,10.0,168.8242042087344,161.25480531534598,0.982407292914902,0.008,True
deep_named_75336682_anchor_71567810,75336682,71567810,BP.EADB.DP2,BP.EADB.40.DP2,BP.EADB..DP2,40,,EADB,DP2,250.0,5.0-20.0Hz,5.0,20.0,139.28809212865292,111.90496762765977,0.9850998101076582,0.004,True
deep_named_75336682_anchor_71567810,75336682,71567810,BP.EADB.DP2,BP.EADB.40.DP2,BP.EADB..DP2,40,,EADB,DP2,250.0,10.0-40.0Hz,10.0,40.0,46.91084329134873,45.01090781349696,0.988850350876198,0.0,True
deep_named_75336682_anchor_71567810,75336682,71567810,BP.EADB.DP2,BP.EADB.40.DP2,BP.EADB..DP2,40,,EADB,DP2,250.0,2.0-40.0Hz,2.0,40.0,151.31460482354856,129.14870242901515,0.9734060053685325,0.004,True
deep_named_75336682_anchor_71567810,75336682,71567810,BP.EADB.DP3,BP.EADB.40.DP3,BP.EADB..DP3,40,,EADB,DP3,250.0,2.0-10.0Hz,2.0,10.0,105.03934910493045,116.75719548745721,0.9805990658325983,0.008,True
deep_named_75336682_anchor_71567810,75336682,71567810,BP.EADB.DP3,BP.EADB.40.DP3,BP.EADB..DP3,40,,EADB,DP3,250.0,5.0-20.0Hz,5.0,20.0,103.13735825500763,82.03968917499697,0.9753639331163646,0.004,True
deep_named_75336682_anchor_71567810,75336682,71567810,BP.EADB.DP3,BP.EADB.40.DP3,BP.EADB..DP3,40,,EADB,DP3,250.0,10.0-40.0Hz,10.0,40.0,39.27037606611067,29.911632593711875,0.9826429734544668,0.0,True
deep_named_75336682_anchor_71567810,75336682,71567810,BP.EADB.DP3,BP.EADB.40.DP3,BP.EADB..DP3,40,,EADB,DP3,250.0,2.0-40.0Hz,2.0,40.0,106.91773555988496,88.5332158591796,0.9699505520610548,0.004,True
deep_named_75336682_anchor_71567810,75336682,71567810,BP.FROB.DP1,BP.FROB.40.DP1,BP.FROB.40.DP1,40,40,FROB,DP1,250.0,2.0-10.0Hz,2.0,10.0,14.721788285708584,44.4044587519769,0.9683783311836993,0.012,True
deep_named_75336682_anchor_71567810,75336682,71567810,BP.FROB.DP1,BP.FROB.40.DP1,BP.FROB.40.DP1,40,40,FROB,DP1,250.0,5.0-20.0Hz,5.0,20.0,19.122123256416057,66.20394880337346,0.9787773131748144,0.012,True
deep_named_75336682_anchor_71567810,75336682,71567810,BP.FROB.DP1,BP.FROB.40.DP1,BP.FROB.40.DP1,40,40,FROB,DP1,250.0,10.0-40.0Hz,10.0,40.0,19.5686977301386,70.82524076108733,0.9503819482445286,0.008,True
deep_named_75336682_anchor_71567810,75336682,71567810,BP.FROB.DP1,BP.FROB.40.DP1,BP.FROB.40.DP1,40,40,FROB,DP1,250.0,2.0-40.0Hz,2.0,40.0,17.08126955106977,56.74393835358727,0.9482059650852611,0.008,True
deep_named_75336682_anchor_71567810,75336682,71567810,BP.FROB.DP2,BP.FROB.40.DP2,BP.FROB.40.DP2,40,40,FROB,DP2,250.0,2.0-10.0Hz,2.0,10.0,13.290518407497823,111.41921260108379,0.44157067164710045,-0.056,True
deep_named_75336682_anchor_71567810,75336682,71567810,BP.FROB.DP2,BP.FROB.40.DP2,BP.FROB.40.DP2,40,40,FROB,DP2,250.0,5.0-20.0Hz,5.0,20.0,17.38213593712447,148.16197260185513,0.3578425629642273,-0.032,True
deep_named_75336682_anchor_71567810,75336682,71567810,BP.FROB.DP2,BP.FROB.40.DP2,BP.FROB.40.DP2,40,40,FROB,DP2,250.0,10.0-40.0Hz,10.0,40.0,18.18903077383285,163.2722519010905,0.41529398803969164,-0.012,True
deep_named_75336682_anchor_71567810,75336682,71567810,BP.FROB.DP2,BP.FROB.40.DP2,BP.FROB.40.DP2,40,40,FROB,DP2,250.0,2.0-40.0Hz,2.0,40.0,15.756399817525072,132.15472838233725,0.19687825903709208,-0.04,True
deep_named_75336682_anchor_71567810,75336682,71567810,BP.FROB.DP3,BP.FROB.40.DP3,BP.FROB.40.DP3,40,40,FROB,DP3,250.0,2.0-10.0Hz,2.0,10.0,16.944827977199004,111.88403767745794,0.9100746626943593,0.016,True
deep_named_75336682_anchor_71567810,75336682,71567810,BP.FROB.DP3,BP.FROB.40.DP3,BP.FROB.40.DP3,40,40,FROB,DP3,250.0,5.0-20.0Hz,5.0,20.0,16.527173784755323,148.46154436171693,0.8322303052462585,0.012,True
deep_named_75336682_anchor_71567810,75336682,71567810,BP.FROB.DP3,BP.FROB.40.DP3,BP.FROB.40.DP3,40,40,FROB,DP3,250.0,10.0-40.0Hz,10.0,40.0,11.991881141795918,163.8740499131067,0.677372338648844,0.008,True
deep_named_75336682_anchor_71567810,75336682,71567810,BP.FROB.DP3,BP.FROB.40.DP3,BP.FROB.40.DP3,40,40,FROB,DP3,250.0,2.0-40.0Hz,2.0,40.0,14.486584671263822,132.70799699721857,0.776245396550874,0.012,True
deep_named_75336682_anchor_71567810,75336682,71567810,BP.GHIB.DP1,BP.GHIB.40.DP1,BP.GHIB..DP1,40,,GHIB,DP1,250.0,2.0-10.0Hz,2.0,10.0,11.381715017573793,13.095918955247214,0.9790938160479455,0.008,True
deep_named_75336682_anchor_71567810,75336682,71567810,BP.GHIB.DP1,BP.GHIB.40.DP1,BP.GHIB..DP1,40,,GHIB,DP1,250.0,5.0-20.0Hz,5.0,20.0,21.22492769239673,18.65717505178021,0.9809512886273458,0.004,True
deep_named_75336682_anchor_71567810,75336682,71567810,BP.GHIB.DP1,BP.GHIB.40.DP1,BP.GHIB..DP1,40,,GHIB,DP1,250.0,10.0-40.0Hz,10.0,40.0,13.769931933376633,13.638998547570193,0.9687785723606782,0.004,True
deep_named_75336682_anchor_71567810,75336682,71567810,BP.GHIB.DP1,BP.GHIB.40.DP1,BP.GHIB..DP1,40,,GHIB,DP1,250.0,2.0-40.0Hz,2.0,40.0,12.207991746346975,13.597781573589126,0.967919582424157,0.004,True
deep_named_75336682_anchor_71567810,75336682,71567810,BP.GHIB.DP3,BP.GHIB.40.DP3,BP.GHIB..DP3,40,,GHIB,DP3,250.0,2.0-10.0Hz,2.0,10.0,3.320751520718092,14.41903900372476,0.943492771343003,0.008,True
deep_named_75336682_anchor_71567810,75336682,71567810,BP.GHIB.DP3,BP.GHIB.40.DP3,BP.GHIB..DP3,40,,GHIB,DP3,250.0,5.0-20.0Hz,5.0,20.0,3.0725883485075043,14.986626494588391,0.940210475982654,0.004,True
deep_named_75336682_anchor_71567810,75336682,71567810,BP.GHIB.DP3,BP.GHIB.40.DP3,BP.GHIB..DP3,40,,GHIB,DP3,250.0,10.0-40.0Hz,10.0,40.0,2.5606246391334953,10.913078210637767,0.8900370774486539,0.0,False
deep_named_75336682_anchor_71567810,75336682,71567810,BP.GHIB.DP3,BP.GHIB.40.DP3,BP.GHIB..DP3,40,,GHIB,DP3,250.0,2.0-40.0Hz,2.0,40.0,3.1772868950873714,13.904322214726994,0.9284829612088817,0.004,True
deep_named_75336682_anchor_71567810,75336682,71567810,BP.JCSB.DP1,BP.JCSB.40.DP1,BP.JCSB.40.DP1,40,40,JCSB,DP1,250.0,2.0-10.0Hz,2.0,10.0,682.60013328321,416.00613492275653,0.9888598941350414,-0.004,True
deep_named_75336682_anchor_71567810,75336682,71567810,BP.JCSB.DP1,BP.JCSB.40.DP1,BP.JCSB.40.DP1,40,40,JCSB,DP1,250.0,5.0-20.0Hz,5.0,20.0,667.2172749972285,395.98708468626955,0.9820613081807588,-0.004,True
deep_named_75336682_anchor_71567810,75336682,71567810,BP.JCSB.DP1,BP.JCSB.40.DP1,BP.JCSB.40.DP1,40,40,JCSB,DP1,250.0,10.0-40.0Hz,10.0,40.0,433.5098310354984,289.8622077370236,0.9789467010900018,-0.004,True
deep_named_75336682_anchor_71567810,75336682,71567810,BP.JCSB.DP1,BP.JCSB.40.DP1,BP.JCSB.40.DP1,40,40,JCSB,DP1,250.0,2.0-40.0Hz,2.0,40.0,604.599403261502,374.37921422800355,0.986053715388154,-0.004,True
deep_named_75336682_anchor_71567810,75336682,71567810,BP.JCSB.DP2,BP.JCSB.40.DP2,BP.JCSB.40.DP2,40,40,JCSB,DP2,250.0,2.0-10.0Hz,2.0,10.0,5.342554340162256,1.2638171561661922,0.46659904811169534,0.008,False
deep_named_75336682_anchor_71567810,75336682,71567810,BP.JCSB.DP2,BP.JCSB.40.DP2,BP.JCSB.40.DP2,40,40,JCSB,DP2,250.0,5.0-20.0Hz,5.0,20.0,11.185613682210715,1.4942262698407272,0.7438602634797656,0.008,False
deep_named_75336682_anchor_71567810,75336682,71567810,BP.JCSB.DP2,BP.JCSB.40.DP2,BP.JCSB.40.DP2,40,40,JCSB,DP2,250.0,10.0-40.0Hz,10.0,40.0,14.507880142196402,2.023035764272736,0.8663074154130411,0.008,False
deep_named_75336682_anchor_71567810,75336682,71567810,BP.JCSB.DP2,BP.JCSB.40.DP2,BP.JCSB.40.DP2,40,40,JCSB,DP2,250.0,2.0-40.0Hz,2.0,40.0,11.26236851848585,1.6953309964226497,0.7771827376125854,0.008,False
deep_named_75336682_anchor_71567810,75336682,71567810,BP.JCSB.DP3,BP.JCSB.40.DP3,BP.JCSB.40.DP3,40,40,JCSB,DP3,250.0,2.0-10.0Hz,2.0,10.0,10.299562382137927,1.3926045325519425,0.5819297242626096,0.004,False
deep_named_75336682_anchor_71567810,75336682,71567810,BP.JCSB.DP3,BP.JCSB.40.DP3,BP.JCSB.40.DP3,40,40,JCSB,DP3,250.0,5.0-20.0Hz,5.0,20.0,15.907183098828058,1.662465676322875,0.7919972501387225,0.008,False
deep_named_75336682_anchor_71567810,75336682,71567810,BP.JCSB.DP3,BP.JCSB.40.DP3,BP.JCSB.40.DP3,40,40,JCSB,DP3,250.0,10.0-40.0Hz,10.0,40.0,17.839102786588903,2.092696433819361,0.877092133512637,0.008,False
deep_named_75336682_anchor_71567810,75336682,71567810,BP.JCSB.DP3,BP.JCSB.40.DP3,BP.JCSB.40.DP3,40,40,JCSB,DP3,250.0,2.0-40.0Hz,2.0,40.0,15.471224916242448,1.8051908867463227,0.804547438485983,0.008,False
deep_named_75336682_anchor_71567810,75336682,71567810,BP.LCCB.DP1,BP.LCCB.40.DP1,BP.LCCB..DP1,40,,LCCB,DP1,250.0,2.0-10.0Hz,2.0,10.0,690.9008979365634,890.2743871429769,0.9855945368584901,0.0,True
deep_named_75336682_anchor_71567810,75336682,71567810,BP.LCCB.DP1,BP.LCCB.40.DP1,BP.LCCB..DP1,40,,LCCB,DP1,250.0,5.0-20.0Hz,5.0,20.0,1446.960050781072,1666.5147073142475,0.9922059121654797,0.0,True
deep_named_75336682_anchor_71567810,75336682,71567810,BP.LCCB.DP1,BP.LCCB.40.DP1,BP.LCCB..DP1,40,,LCCB,DP1,250.0,10.0-40.0Hz,10.0,40.0,1117.897190606578,1076.0726955331595,0.9940902081287657,0.0,True
deep_named_75336682_anchor_71567810,75336682,71567810,BP.LCCB.DP1,BP.LCCB.40.DP1,BP.LCCB..DP1,40,,LCCB,DP1,250.0,2.0-40.0Hz,2.0,40.0,800.5611939215778,978.1363203773686,0.9879482727335549,0.0,True
deep_named_75336682_anchor_71567810,75336682,71567810,BP.LCCB.DP2,BP.LCCB.40.DP2,BP.LCCB..DP2,40,,LCCB,DP2,250.0,2.0-10.0Hz,2.0,10.0,241.94870997644685,395.44351475086626,0.9970638113447405,-0.004,True
deep_named_75336682_anchor_71567810,75336682,71567810,BP.LCCB.DP2,BP.LCCB.40.DP2,BP.LCCB..DP2,40,,LCCB,DP2,250.0,5.0-20.0Hz,5.0,20.0,299.70580918181815,422.4333463753459,0.9945840287231409,-0.004,True
deep_named_75336682_anchor_71567810,75336682,71567810,BP.LCCB.DP2,BP.LCCB.40.DP2,BP.LCCB..DP2,40,,LCCB,DP2,250.0,10.0-40.0Hz,10.0,40.0,203.67826644732844,276.66969160396866,0.9907834852195839,-0.004,True
deep_named_75336682_anchor_71567810,75336682,71567810,BP.LCCB.DP2,BP.LCCB.40.DP2,BP.LCCB..DP2,40,,LCCB,DP2,250.0,2.0-40.0Hz,2.0,40.0,221.8767390013183,304.8351185955109,0.9935746824900615,-0.004,True
deep_named_75336682_anchor_71567810,75336682,71567810,BP.LCCB.DP3,BP.LCCB.40.DP3,BP.LCCB..DP3,40,,LCCB,DP3,250.0,2.0-10.0Hz,2.0,10.0,647.8554715109351,901.0491391067158,0.9733781485314499,0.004,True
deep_named_75336682_anchor_71567810,75336682,71567810,BP.LCCB.DP3,BP.LCCB.40.DP3,BP.LCCB..DP3,40,,LCCB,DP3,250.0,5.0-20.0Hz,5.0,20.0,1143.1740879362753,1167.8812129353505,0.9807968730280597,0.0,True
deep_named_75336682_anchor_71567810,75336682,71567810,BP.LCCB.DP3,BP.LCCB.40.DP3,BP.LCCB..DP3,40,,LCCB,DP3,250.0,10.0-40.0Hz,10.0,40.0,1003.1124691936136,864.2881316830668,0.9925823909631654,0.0,True
deep_named_75336682_anchor_71567810,75336682,71567810,BP.LCCB.DP3,BP.LCCB.40.DP3,BP.LCCB..DP3,40,,LCCB,DP3,250.0,2.0-40.0Hz,2.0,40.0,724.2210061610293,897.5263071583724,0.9616660183479291,0.0,True
deep_named_75336682_anchor_71567810,75336682,71567810,BP.MMNB.DP1,BP.MMNB.40.DP1,BP.MMNB.40.DP1,40,40,MMNB,DP1,250.0,2.0-10.0Hz,2.0,10.0,779.7127040822656,517.5923666508165,0.9883014455192771,0.008,True
deep_named_75336682_anchor_71567810,75336682,71567810,BP.MMNB.DP1,BP.MMNB.40.DP1,BP.MMNB.40.DP1,40,40,MMNB,DP1,250.0,5.0-20.0Hz,5.0,20.0,1155.4988561241507,704.1034560734225,0.9953450264991143,0.008,True
deep_named_75336682_anchor_71567810,75336682,71567810,BP.MMNB.DP1,BP.MMNB.40.DP1,BP.MMNB.40.DP1,40,40,MMNB,DP1,250.0,10.0-40.0Hz,10.0,40.0,546.63565545848,325.95728195586054,0.9898339078377903,0.008,True
deep_named_75336682_anchor_71567810,75336682,71567810,BP.MMNB.DP1,BP.MMNB.40.DP1,BP.MMNB.40.DP1,40,40,MMNB,DP1,250.0,2.0-40.0Hz,2.0,40.0,731.7909973185774,467.2200825503769,0.9880034004679069,0.008,True
deep_named_75336682_anchor_71567810,75336682,71567810,BP.MMNB.DP2,BP.MMNB.40.DP2,BP.MMNB.40.DP2,40,40,MMNB,DP2,250.0,2.0-10.0Hz,2.0,10.0,534.874608670212,499.94637223535483,0.9774095369456277,0.012,True
deep_named_75336682_anchor_71567810,75336682,71567810,BP.MMNB.DP2,BP.MMNB.40.DP2,BP.MMNB.40.DP2,40,40,MMNB,DP2,250.0,5.0-20.0Hz,5.0,20.0,859.087101423176,678.1862718906626,0.9901803062847283,0.008,True
deep_named_75336682_anchor_71567810,75336682,71567810,BP.MMNB.DP2,BP.MMNB.40.DP2,BP.MMNB.40.DP2,40,40,MMNB,DP2,250.0,10.0-40.0Hz,10.0,40.0,466.20086960659586,296.1719108145358,0.9944058486402215,0.008,True
deep_named_75336682_anchor_71567810,75336682,71567810,BP.MMNB.DP2,BP.MMNB.40.DP2,BP.MMNB.40.DP2,40,40,MMNB,DP2,250.0,2.0-40.0Hz,2.0,40.0,557.628535379989,437.6799654082157,0.9757647541461163,0.008,True
deep_named_75336682_anchor_71567810,75336682,71567810,BP.MMNB.DP3,BP.MMNB.40.DP3,BP.MMNB.40.DP3,40,40,MMNB,DP3,250.0,2.0-10.0Hz,2.0,10.0,585.9575511005561,579.3087498875539,0.9841306474024669,0.012,True
deep_named_75336682_anchor_71567810,75336682,71567810,BP.MMNB.DP3,BP.MMNB.40.DP3,BP.MMNB.40.DP3,40,40,MMNB,DP3,250.0,5.0-20.0Hz,5.0,20.0,1401.8287051701436,737.6866007085637,0.9873521550812726,0.008,True
deep_named_75336682_anchor_71567810,75336682,71567810,BP.MMNB.DP3,BP.MMNB.40.DP3,BP.MMNB.40.DP3,40,40,MMNB,DP3,250.0,10.0-40.0Hz,10.0,40.0,805.717070558855,382.79077076872795,0.9954604192672658,0.008,True
deep_named_75336682_anchor_71567810,75336682,71567810,BP.MMNB.DP3,BP.MMNB.40.DP3,BP.MMNB.40.DP3,40,40,MMNB,DP3,250.0,2.0-40.0Hz,2.0,40.0,703.3630884002275,521.0851752934398,0.9786345984479171,0.008,True
deep_named_75336682_anchor_71567810,75336682,71567810,BP.SCYB.DP1,BP.SCYB.40.DP1,BP.SCYB..DP1,40,,SCYB,DP1,250.0,2.0-10.0Hz,2.0,10.0,1274.9982363575928,880.7835451147147,0.9761926168355426,0.016,True
deep_named_75336682_anchor_71567810,75336682,71567810,BP.SCYB.DP1,BP.SCYB.40.DP1,BP.SCYB..DP1,40,,SCYB,DP1,250.0,5.0-20.0Hz,5.0,20.0,1619.1658500330348,1103.7736792366684,0.9834049951753788,0.012,True
deep_named_75336682_anchor_71567810,75336682,71567810,BP.SCYB.DP1,BP.SCYB.40.DP1,BP.SCYB..DP1,40,,SCYB,DP1,250.0,10.0-40.0Hz,10.0,40.0,1159.7939491218203,684.5288848609263,0.9868385465022637,0.008,True
deep_named_75336682_anchor_71567810,75336682,71567810,BP.SCYB.DP1,BP.SCYB.40.DP1,BP.SCYB..DP1,40,,SCYB,DP1,250.0,2.0-40.0Hz,2.0,40.0,1281.1291244701883,803.6924045744108,0.9615545271053095,0.012,True
deep_named_75336682_anchor_71567810,75336682,71567810,BP.SCYB.DP2,BP.SCYB.40.DP2,BP.SCYB..DP2,40,,SCYB,DP2,250.0,2.0-10.0Hz,2.0,10.0,1059.153984891933,1185.6383764192358,0.9819331193195295,0.016,True
deep_named_75336682_anchor_71567810,75336682,71567810,BP.SCYB.DP2,BP.SCYB.40.DP2,BP.SCYB..DP2,40,,SCYB,DP2,250.0,5.0-20.0Hz,5.0,20.0,1842.642945616688,1223.6493160833113,0.9858299670275351,0.012,True
deep_named_75336682_anchor_71567810,75336682,71567810,BP.SCYB.DP2,BP.SCYB.40.DP2,BP.SCYB..DP2,40,,SCYB,DP2,250.0,10.0-40.0Hz,10.0,40.0,978.5466261053829,533.8757249711488,0.9862578191348378,0.008,True
deep_named_75336682_anchor_71567810,75336682,71567810,BP.SCYB.DP2,BP.SCYB.40.DP2,BP.SCYB..DP2,40,,SCYB,DP2,250.0,2.0-40.0Hz,2.0,40.0,1061.96349531387,932.8068547863899,0.9675110277440393,0.012,True
deep_named_75336682_anchor_71567810,75336682,71567810,BP.SCYB.DP3,BP.SCYB.40.DP3,BP.SCYB..DP3,40,,SCYB,DP3,250.0,2.0-10.0Hz,2.0,10.0,983.1650582874873,632.6209373102877,0.9734405648133839,0.016,True
deep_named_75336682_anchor_71567810,75336682,71567810,BP.SCYB.DP3,BP.SCYB.40.DP3,BP.SCYB..DP3,40,,SCYB,DP3,250.0,5.0-20.0Hz,5.0,20.0,1875.1691179412328,741.6215300688774,0.9836042623607589,0.012,True
deep_named_75336682_anchor_71567810,75336682,71567810,BP.SCYB.DP3,BP.SCYB.40.DP3,BP.SCYB..DP3,40,,SCYB,DP3,250.0,10.0-40.0Hz,10.0,40.0,980.5999046747992,447.87968669205935,0.9910497219719148,0.008,True
deep_named_75336682_anchor_71567810,75336682,71567810,BP.SCYB.DP3,BP.SCYB.40.DP3,BP.SCYB..DP3,40,,SCYB,DP3,250.0,2.0-40.0Hz,2.0,40.0,1004.8347852994002,504.6692246677407,0.957067166273509,0.012,True
deep_named_75336682_anchor_71908906,75336682,71908906,BK.PKD.HHE,BK.PKD.00.HHE,BK.PKD.00.HHE,00,00,PKD,HHE,100.0,2.0-10.0Hz,2.0,10.0,274.8221889216595,63.27491120678386,0.9814384570341217,0.02,True
deep_named_75336682_anchor_71908906,75336682,71908906,BK.PKD.HHE,BK.PKD.00.HHE,BK.PKD.00.HHE,00,00,PKD,HHE,100.0,5.0-20.0Hz,5.0,20.0,344.22317365187,74.81068027279335,0.9521289697447174,0.02,True
deep_named_75336682_anchor_71908906,75336682,71908906,BK.PKD.HHE,BK.PKD.00.HHE,BK.PKD.00.HHE,00,00,PKD,HHE,100.0,10.0-40.0Hz,10.0,40.0,191.84794774950143,60.68983868116381,0.8560381344050454,0.02,True
deep_named_75336682_anchor_71908906,75336682,71908906,BK.PKD.HHE,BK.PKD.00.HHE,BK.PKD.00.HHE,00,00,PKD,HHE,100.0,2.0-40.0Hz,2.0,40.0,254.0262998702574,63.393268555291144,0.9540557818022072,0.02,True
deep_named_75336682_anchor_71908906,75336682,71908906,BK.PKD.HHN,BK.PKD.00.HHN,BK.PKD.00.HHN,00,00,PKD,HHN,100.0,2.0-10.0Hz,2.0,10.0,229.93237594012749,47.7745763554742,0.9755844600040166,0.02,True
deep_named_75336682_anchor_71908906,75336682,71908906,BK.PKD.HHN,BK.PKD.00.HHN,BK.PKD.00.HHN,00,00,PKD,HHN,100.0,5.0-20.0Hz,5.0,20.0,351.5989216147396,62.44414088729069,0.9046116107479232,0.02,True
deep_named_75336682_anchor_71908906,75336682,71908906,BK.PKD.HHN,BK.PKD.00.HHN,BK.PKD.00.HHN,00,00,PKD,HHN,100.0,10.0-40.0Hz,10.0,40.0,203.22343460198186,56.36203900952732,0.8031012018777797,0.02,True
deep_named_75336682_anchor_71908906,75336682,71908906,BK.PKD.HHN,BK.PKD.00.HHN,BK.PKD.00.HHN,00,00,PKD,HHN,100.0,2.0-40.0Hz,2.0,40.0,228.53504694644494,51.95244543502027,0.9128594067988671,0.02,True
deep_named_75336682_anchor_71908906,75336682,71908906,BK.PKD.HHZ,BK.PKD.00.HHZ,BK.PKD.00.HHZ,00,00,PKD,HHZ,100.0,2.0-10.0Hz,2.0,10.0,229.64356503643774,55.72118817687291,0.977927279125357,0.02,True
deep_named_75336682_anchor_71908906,75336682,71908906,BK.PKD.HHZ,BK.PKD.00.HHZ,BK.PKD.00.HHZ,00,00,PKD,HHZ,100.0,5.0-20.0Hz,5.0,20.0,350.3213888276075,85.59033042220672,0.9126454045152604,0.02,True
deep_named_75336682_anchor_71908906,75336682,71908906,BK.PKD.HHZ,BK.PKD.00.HHZ,BK.PKD.00.HHZ,00,00,PKD,HHZ,100.0,10.0-40.0Hz,10.0,40.0,275.7099662844274,99.63447318333363,0.8450606983907569,0.02,True
deep_named_75336682_anchor_71908906,75336682,71908906,BK.PKD.HHZ,BK.PKD.00.HHZ,BK.PKD.00.HHZ,00,00,PKD,HHZ,100.0,2.0-40.0Hz,2.0,40.0,257.8188033644866,72.03385223227681,0.9032897682818916,0.02,True
deep_named_75336682_anchor_71908906,75336682,71908906,BP.CCRB.DP1,BP.CCRB.40.DP1,BP.CCRB.40.DP1,40,40,CCRB,DP1,250.0,2.0-10.0Hz,2.0,10.0,691.3230767469552,268.7172239927994,0.9827179862103683,0.028,True
deep_named_75336682_anchor_71908906,75336682,71908906,BP.CCRB.DP1,BP.CCRB.40.DP1,BP.CCRB.40.DP1,40,40,CCRB,DP1,250.0,5.0-20.0Hz,5.0,20.0,2716.944230232654,829.9912566237247,0.9847305147177119,0.024,True
deep_named_75336682_anchor_71908906,75336682,71908906,BP.CCRB.DP1,BP.CCRB.40.DP1,BP.CCRB.40.DP1,40,40,CCRB,DP1,250.0,10.0-40.0Hz,10.0,40.0,3802.5551128766233,1436.2994528659,0.9939029848419042,0.024,True
deep_named_75336682_anchor_71908906,75336682,71908906,BP.CCRB.DP1,BP.CCRB.40.DP1,BP.CCRB.40.DP1,40,40,CCRB,DP1,250.0,2.0-40.0Hz,2.0,40.0,1873.1209280535425,824.5672759859264,0.9875803709457067,0.024,True
deep_named_75336682_anchor_71908906,75336682,71908906,BP.CCRB.DP2,BP.CCRB.40.DP2,BP.CCRB.40.DP2,40,40,CCRB,DP2,250.0,2.0-10.0Hz,2.0,10.0,690.1857849055642,216.12578842017584,0.9796939113572902,0.028,True
deep_named_75336682_anchor_71908906,75336682,71908906,BP.CCRB.DP2,BP.CCRB.40.DP2,BP.CCRB.40.DP2,40,40,CCRB,DP2,250.0,5.0-20.0Hz,5.0,20.0,1454.2922874862616,383.19722899810256,0.9737730762434821,0.028,True
deep_named_75336682_anchor_71908906,75336682,71908906,BP.CCRB.DP2,BP.CCRB.40.DP2,BP.CCRB.40.DP2,40,40,CCRB,DP2,250.0,10.0-40.0Hz,10.0,40.0,1306.7237794477207,515.8464050598706,0.9836376422833221,0.024,True
deep_named_75336682_anchor_71908906,75336682,71908906,BP.CCRB.DP2,BP.CCRB.40.DP2,BP.CCRB.40.DP2,40,40,CCRB,DP2,250.0,2.0-40.0Hz,2.0,40.0,893.4849965063515,316.1094229892141,0.964228183987651,0.024,True
deep_named_75336682_anchor_71908906,75336682,71908906,BP.CCRB.DP3,BP.CCRB.40.DP3,BP.CCRB.40.DP3,40,40,CCRB,DP3,250.0,2.0-10.0Hz,2.0,10.0,768.1813950694735,222.06980027566047,0.9773316830851962,0.028,True
deep_named_75336682_anchor_71908906,75336682,71908906,BP.CCRB.DP3,BP.CCRB.40.DP3,BP.CCRB.40.DP3,40,40,CCRB,DP3,250.0,5.0-20.0Hz,5.0,20.0,1572.42563530698,447.66553641859514,0.978058413119211,0.024,True
deep_named_75336682_anchor_71908906,75336682,71908906,BP.CCRB.DP3,BP.CCRB.40.DP3,BP.CCRB.40.DP3,40,40,CCRB,DP3,250.0,10.0-40.0Hz,10.0,40.0,1833.8013481128764,751.2338022338865,0.9902812996418582,0.024,True
deep_named_75336682_anchor_71908906,75336682,71908906,BP.CCRB.DP3,BP.CCRB.40.DP3,BP.CCRB.40.DP3,40,40,CCRB,DP3,250.0,2.0-40.0Hz,2.0,40.0,1122.41165344694,392.32875136131884,0.972822106735002,0.024,True
deep_named_75336682_anchor_71908906,75336682,71908906,BP.EADB.DP1,BP.EADB.40.DP1,BP.EADB.40.DP1,40,40,EADB,DP1,250.0,2.0-10.0Hz,2.0,10.0,80.55781768621276,50.60871525301178,0.9864277134000946,0.02,True
deep_named_75336682_anchor_71908906,75336682,71908906,BP.EADB.DP1,BP.EADB.40.DP1,BP.EADB.40.DP1,40,40,EADB,DP1,250.0,5.0-20.0Hz,5.0,20.0,129.85499691476568,76.6745274161132,0.9790757617192035,0.016,True
deep_named_75336682_anchor_71908906,75336682,71908906,BP.EADB.DP1,BP.EADB.40.DP1,BP.EADB.40.DP1,40,40,EADB,DP1,250.0,10.0-40.0Hz,10.0,40.0,47.07157103680303,42.508828602112985,0.9820823858160752,0.016,True
deep_named_75336682_anchor_71908906,75336682,71908906,BP.EADB.DP1,BP.EADB.40.DP1,BP.EADB.40.DP1,40,40,EADB,DP1,250.0,2.0-40.0Hz,2.0,40.0,80.75801383232664,53.2018789543812,0.9728133411102812,0.02,True
deep_named_75336682_anchor_71908906,75336682,71908906,BP.EADB.DP2,BP.EADB.40.DP2,BP.EADB.40.DP2,40,40,EADB,DP2,250.0,2.0-10.0Hz,2.0,10.0,168.8242042087344,70.70557931573286,0.9795001946760978,0.02,True
deep_named_75336682_anchor_71908906,75336682,71908906,BP.EADB.DP2,BP.EADB.40.DP2,BP.EADB.40.DP2,40,40,EADB,DP2,250.0,5.0-20.0Hz,5.0,20.0,139.28809212865292,77.21963357077568,0.9778146419251748,0.016,True
deep_named_75336682_anchor_71908906,75336682,71908906,BP.EADB.DP2,BP.EADB.40.DP2,BP.EADB.40.DP2,40,40,EADB,DP2,250.0,10.0-40.0Hz,10.0,40.0,46.91084329134873,36.09949020176985,0.9809382340041486,0.016,True
deep_named_75336682_anchor_71908906,75336682,71908906,BP.EADB.DP2,BP.EADB.40.DP2,BP.EADB.40.DP2,40,40,EADB,DP2,250.0,2.0-40.0Hz,2.0,40.0,151.31460482354856,68.99663640499749,0.9647439999104618,0.02,True
deep_named_75336682_anchor_71908906,75336682,71908906,BP.EADB.DP3,BP.EADB.40.DP3,BP.EADB.40.DP3,40,40,EADB,DP3,250.0,2.0-10.0Hz,2.0,10.0,105.03934910493045,11.713333467164267,0.9712177901387331,0.02,True
deep_named_75336682_anchor_71908906,75336682,71908906,BP.EADB.DP3,BP.EADB.40.DP3,BP.EADB.40.DP3,40,40,EADB,DP3,250.0,5.0-20.0Hz,5.0,20.0,103.13735825500763,4.954682793222804,0.942011726619058,0.02,True
deep_named_75336682_anchor_71908906,75336682,71908906,BP.EADB.DP3,BP.EADB.40.DP3,BP.EADB.40.DP3,40,40,EADB,DP3,250.0,10.0-40.0Hz,10.0,40.0,39.27037606611067,1.8167809963346264,0.7637070583027677,0.016,False
deep_named_75336682_anchor_71908906,75336682,71908906,BP.EADB.DP3,BP.EADB.40.DP3,BP.EADB.40.DP3,40,40,EADB,DP3,250.0,2.0-40.0Hz,2.0,40.0,106.91773555988496,5.282292958152193,0.9270419526512511,0.02,True
deep_named_75336682_anchor_71908906,75336682,71908906,BP.FROB.DP1,BP.FROB.40.DP1,BP.FROB.40.DP1,40,40,FROB,DP1,250.0,2.0-10.0Hz,2.0,10.0,14.721788285708584,16.803390270625755,0.9661609373626101,0.016,True
deep_named_75336682_anchor_71908906,75336682,71908906,BP.FROB.DP1,BP.FROB.40.DP1,BP.FROB.40.DP1,40,40,FROB,DP1,250.0,5.0-20.0Hz,5.0,20.0,19.122123256416057,16.174685206562007,0.982113547717955,0.016,True
deep_named_75336682_anchor_71908906,75336682,71908906,BP.FROB.DP1,BP.FROB.40.DP1,BP.FROB.40.DP1,40,40,FROB,DP1,250.0,10.0-40.0Hz,10.0,40.0,19.5686977301386,12.3448654961627,0.9365650004644115,0.016,True
deep_named_75336682_anchor_71908906,75336682,71908906,BP.FROB.DP1,BP.FROB.40.DP1,BP.FROB.40.DP1,40,40,FROB,DP1,250.0,2.0-40.0Hz,2.0,40.0,17.08126955106977,13.55725293207204,0.944448890776617,0.016,True
deep_named_75336682_anchor_71908906,75336682,71908906,BP.FROB.DP2,BP.FROB.40.DP2,BP.FROB.40.DP2,40,40,FROB,DP2,250.0,2.0-10.0Hz,2.0,10.0,13.290518407497823,51.37809445556027,0.960422261849674,0.02,True
deep_named_75336682_anchor_71908906,75336682,71908906,BP.FROB.DP2,BP.FROB.40.DP2,BP.FROB.40.DP2,40,40,FROB,DP2,250.0,5.0-20.0Hz,5.0,20.0,17.38213593712447,85.63085806105951,0.9698070900571101,0.016,True
deep_named_75336682_anchor_71908906,75336682,71908906,BP.FROB.DP2,BP.FROB.40.DP2,BP.FROB.40.DP2,40,40,FROB,DP2,250.0,10.0-40.0Hz,10.0,40.0,18.18903077383285,88.95500437506698,0.9156897702077265,0.016,True
deep_named_75336682_anchor_71908906,75336682,71908906,BP.FROB.DP2,BP.FROB.40.DP2,BP.FROB.40.DP2,40,40,FROB,DP2,250.0,2.0-40.0Hz,2.0,40.0,15.756399817525072,74.71068690970614,0.9183866773574908,0.016,True
deep_named_75336682_anchor_71908906,75336682,71908906,BP.FROB.DP3,BP.FROB.40.DP3,BP.FROB.40.DP3,40,40,FROB,DP3,250.0,2.0-10.0Hz,2.0,10.0,16.944827977199004,33.39777419458997,0.981289551398826,0.02,True
deep_named_75336682_anchor_71908906,75336682,71908906,BP.FROB.DP3,BP.FROB.40.DP3,BP.FROB.40.DP3,40,40,FROB,DP3,250.0,5.0-20.0Hz,5.0,20.0,16.527173784755323,46.15864915982317,0.9842341835254488,0.016,True
deep_named_75336682_anchor_71908906,75336682,71908906,BP.FROB.DP3,BP.FROB.40.DP3,BP.FROB.40.DP3,40,40,FROB,DP3,250.0,10.0-40.0Hz,10.0,40.0,11.991881141795918,39.31622662867519,0.8792788173404269,0.012,True
deep_named_75336682_anchor_71908906,75336682,71908906,BP.FROB.DP3,BP.FROB.40.DP3,BP.FROB.40.DP3,40,40,FROB,DP3,250.0,2.0-40.0Hz,2.0,40.0,14.486584671263822,35.59034927574807,0.9275315147132669,0.016,True
deep_named_75336682_anchor_71908906,75336682,71908906,BP.GHIB.DP1,BP.GHIB.40.DP1,BP.GHIB.40.DP1,40,40,GHIB,DP1,250.0,2.0-10.0Hz,2.0,10.0,11.381715017573793,7.290141215315016,0.9694861469817084,0.024,True
deep_named_75336682_anchor_71908906,75336682,71908906,BP.GHIB.DP1,BP.GHIB.40.DP1,BP.GHIB.40.DP1,40,40,GHIB,DP1,250.0,5.0-20.0Hz,5.0,20.0,21.22492769239673,10.315586612423735,0.9681071551106637,0.016,True
deep_named_75336682_anchor_71908906,75336682,71908906,BP.GHIB.DP1,BP.GHIB.40.DP1,BP.GHIB.40.DP1,40,40,GHIB,DP1,250.0,10.0-40.0Hz,10.0,40.0,13.769931933376633,13.182036155961304,0.969781452636316,0.016,True
deep_named_75336682_anchor_71908906,75336682,71908906,BP.GHIB.DP1,BP.GHIB.40.DP1,BP.GHIB.40.DP1,40,40,GHIB,DP1,250.0,2.0-40.0Hz,2.0,40.0,12.207991746346975,8.481970626389726,0.94628034256578,0.02,True
deep_named_75336682_anchor_71908906,75336682,71908906,BP.GHIB.DP3,BP.GHIB.40.DP3,BP.GHIB.40.DP3,40,40,GHIB,DP3,250.0,2.0-10.0Hz,2.0,10.0,3.320751520718092,1.9012002170503755,0.7016255342491622,0.024,False
deep_named_75336682_anchor_71908906,75336682,71908906,BP.GHIB.DP3,BP.GHIB.40.DP3,BP.GHIB.40.DP3,40,40,GHIB,DP3,250.0,5.0-20.0Hz,5.0,20.0,3.0725883485075043,2.0776435309706045,0.719615065235257,0.02,False
deep_named_75336682_anchor_71908906,75336682,71908906,BP.GHIB.DP3,BP.GHIB.40.DP3,BP.GHIB.40.DP3,40,40,GHIB,DP3,250.0,10.0-40.0Hz,10.0,40.0,2.5606246391334953,2.167457280214142,0.7882578411957164,0.016,False
deep_named_75336682_anchor_71908906,75336682,71908906,BP.GHIB.DP3,BP.GHIB.40.DP3,BP.GHIB.40.DP3,40,40,GHIB,DP3,250.0,2.0-40.0Hz,2.0,40.0,3.1772868950873714,2.003318196129982,0.7163310746943659,0.02,False
deep_named_75336682_anchor_71908906,75336682,71908906,BP.JCNB.DP1,BP.JCNB.40.DP1,BP.JCNB.40.DP1,40,40,JCNB,DP1,250.0,2.0-10.0Hz,2.0,10.0,101.58002504281538,179.3318853747299,0.5059761997888971,0.5,True
deep_named_75336682_anchor_71908906,75336682,71908906,BP.JCNB.DP1,BP.JCNB.40.DP1,BP.JCNB.40.DP1,40,40,JCNB,DP1,250.0,5.0-20.0Hz,5.0,20.0,65.86793072209578,34.99047400357587,0.3654477009709736,0.5,True
deep_named_75336682_anchor_71908906,75336682,71908906,BP.JCNB.DP1,BP.JCNB.40.DP1,BP.JCNB.40.DP1,40,40,JCNB,DP1,250.0,10.0-40.0Hz,10.0,40.0,29.48717160575117,24.25888546228507,0.33489568286102966,-0.14,True
deep_named_75336682_anchor_71908906,75336682,71908906,BP.JCNB.DP1,BP.JCNB.40.DP1,BP.JCNB.40.DP1,40,40,JCNB,DP1,250.0,2.0-40.0Hz,2.0,40.0,51.92745584036137,31.778246423956034,0.3074341025413004,0.5,True
deep_named_75336682_anchor_71908906,75336682,71908906,BP.JCNB.DP2,BP.JCNB.40.DP2,BP.JCNB.40.DP2,40,40,JCNB,DP2,250.0,2.0-10.0Hz,2.0,10.0,27.500277476793485,104.28631516837753,0.8451073579071783,0.012,True
deep_named_75336682_anchor_71908906,75336682,71908906,BP.JCNB.DP2,BP.JCNB.40.DP2,BP.JCNB.40.DP2,40,40,JCNB,DP2,250.0,5.0-20.0Hz,5.0,20.0,37.293958238534294,94.07565428080798,0.7623388871863461,0.012,True
deep_named_75336682_anchor_71908906,75336682,71908906,BP.JCNB.DP2,BP.JCNB.40.DP2,BP.JCNB.40.DP2,40,40,JCNB,DP2,250.0,10.0-40.0Hz,10.0,40.0,33.378509270181794,74.77000976537718,0.6873717603284801,0.012,True
deep_named_75336682_anchor_71908906,75336682,71908906,BP.JCNB.DP2,BP.JCNB.40.DP2,BP.JCNB.40.DP2,40,40,JCNB,DP2,250.0,2.0-40.0Hz,2.0,40.0,33.237446426529,77.80753552832495,0.6993587007976301,0.012,True
deep_named_75336682_anchor_71908906,75336682,71908906,BP.JCNB.DP3,BP.JCNB.40.DP3,BP.JCNB.40.DP3,40,40,JCNB,DP3,250.0,2.0-10.0Hz,2.0,10.0,88.23899074164828,65.2839387045384,0.4060315029902282,-0.22,True
deep_named_75336682_anchor_71908906,75336682,71908906,BP.JCNB.DP3,BP.JCNB.40.DP3,BP.JCNB.40.DP3,40,40,JCNB,DP3,250.0,5.0-20.0Hz,5.0,20.0,31.241376297451644,72.72401880810787,0.1873153458467868,-0.216,True
deep_named_75336682_anchor_71908906,75336682,71908906,BP.JCNB.DP3,BP.JCNB.40.DP3,BP.JCNB.40.DP3,40,40,JCNB,DP3,250.0,10.0-40.0Hz,10.0,40.0,28.63874175203189,31.87504252324032,0.2582882718447285,0.196,True
deep_named_75336682_anchor_71908906,75336682,71908906,BP.JCNB.DP3,BP.JCNB.40.DP3,BP.JCNB.40.DP3,40,40,JCNB,DP3,250.0,2.0-40.0Hz,2.0,40.0,30.155237737935092,43.19837844145745,0.1802954502494703,-0.212,True
deep_named_75336682_anchor_71908906,75336682,71908906,BP.JCSB.DP1,BP.JCSB.40.DP1,BP.JCSB.40.DP1,40,40,JCSB,DP1,250.0,2.0-10.0Hz,2.0,10.0,682.60013328321,92.5952828267075,0.995808705582527,0.004,True
deep_named_75336682_anchor_71908906,75336682,71908906,BP.JCSB.DP1,BP.JCSB.40.DP1,BP.JCSB.40.DP1,40,40,JCSB,DP1,250.0,5.0-20.0Hz,5.0,20.0,667.2172749972285,79.31301561363894,0.9912414965816648,0.008,True
deep_named_75336682_anchor_71908906,75336682,71908906,BP.JCSB.DP1,BP.JCSB.40.DP1,BP.JCSB.40.DP1,40,40,JCSB,DP1,250.0,10.0-40.0Hz,10.0,40.0,433.5098310354984,49.2741242090608,0.9853164566011949,0.008,True
deep_named_75336682_anchor_71908906,75336682,71908906,BP.JCSB.DP1,BP.JCSB.40.DP1,BP.JCSB.40.DP1,40,40,JCSB,DP1,250.0,2.0-40.0Hz,2.0,40.0,604.599403261502,73.38374203735415,0.9914115212285356,0.008,True
deep_named_75336682_anchor_71908906,75336682,71908906,BP.JCSB.DP2,BP.JCSB.40.DP2,BP.JCSB.40.DP2,40,40,JCSB,DP2,250.0,2.0-10.0Hz,2.0,10.0,5.342554340162256,1.4188224250848673,0.09215144333119771,0.48,False
deep_named_75336682_anchor_71908906,75336682,71908906,BP.JCSB.DP2,BP.JCSB.40.DP2,BP.JCSB.40.DP2,40,40,JCSB,DP2,250.0,5.0-20.0Hz,5.0,20.0,11.185613682210715,1.0654814768833234,0.0960776269734444,0.216,False
deep_named_75336682_anchor_71908906,75336682,71908906,BP.JCSB.DP2,BP.JCSB.40.DP2,BP.JCSB.40.DP2,40,40,JCSB,DP2,250.0,10.0-40.0Hz,10.0,40.0,14.507880142196402,1.0342693792324142,0.11075916702400546,0.016,False
deep_named_75336682_anchor_71908906,75336682,71908906,BP.JCSB.DP2,BP.JCSB.40.DP2,BP.JCSB.40.DP2,40,40,JCSB,DP2,250.0,2.0-40.0Hz,2.0,40.0,11.26236851848585,1.3328383616402213,0.040241428876428884,0.064,False
deep_named_75336682_anchor_71908906,75336682,71908906,BP.JCSB.DP3,BP.JCSB.40.DP3,BP.JCSB.40.DP3,40,40,JCSB,DP3,250.0,2.0-10.0Hz,2.0,10.0,10.299562382137927,0.7987471003148984,0.006737194242780484,0.256,False
deep_named_75336682_anchor_71908906,75336682,71908906,BP.JCSB.DP3,BP.JCSB.40.DP3,BP.JCSB.40.DP3,40,40,JCSB,DP3,250.0,5.0-20.0Hz,5.0,20.0,15.907183098828058,0.7947183209966747,0.0044366717349141995,0.492,False
deep_named_75336682_anchor_71908906,75336682,71908906,BP.JCSB.DP3,BP.JCSB.40.DP3,BP.JCSB.40.DP3,40,40,JCSB,DP3,250.0,10.0-40.0Hz,10.0,40.0,17.839102786588903,0.9913501680440678,0.006103588376623605,-0.324,False
deep_named_75336682_anchor_71908906,75336682,71908906,BP.JCSB.DP3,BP.JCSB.40.DP3,BP.JCSB.40.DP3,40,40,JCSB,DP3,250.0,2.0-40.0Hz,2.0,40.0,15.471224916242448,0.7947191735726994,0.003015836910797634,0.124,False
deep_named_75336682_anchor_71908906,75336682,71908906,BP.LCCB.DP1,BP.LCCB.40.DP1,BP.LCCB.40.DP1,40,40,LCCB,DP1,250.0,2.0-10.0Hz,2.0,10.0,690.9008979365634,388.6230980745358,0.9737596795240501,0.02,True
deep_named_75336682_anchor_71908906,75336682,71908906,BP.LCCB.DP1,BP.LCCB.40.DP1,BP.LCCB.40.DP1,40,40,LCCB,DP1,250.0,5.0-20.0Hz,5.0,20.0,1446.960050781072,655.2146760035791,0.9788304419962836,0.016,True
deep_named_75336682_anchor_71908906,75336682,71908906,BP.LCCB.DP1,BP.LCCB.40.DP1,BP.LCCB.40.DP1,40,40,LCCB,DP1,250.0,10.0-40.0Hz,10.0,40.0,1117.897190606578,665.3380673771434,0.9880689944766784,0.016,True
deep_named_75336682_anchor_71908906,75336682,71908906,BP.LCCB.DP1,BP.LCCB.40.DP1,BP.LCCB.40.DP1,40,40,LCCB,DP1,250.0,2.0-40.0Hz,2.0,40.0,800.5611939215778,456.5823960969983,0.9717429146183069,0.016,True
deep_named_75336682_anchor_71908906,75336682,71908906,BP.LCCB.DP2,BP.LCCB.40.DP2,BP.LCCB.40.DP2,40,40,LCCB,DP2,250.0,2.0-10.0Hz,2.0,10.0,241.94870997644685,370.25244285661216,0.9917072752344629,0.012,True
deep_named_75336682_anchor_71908906,75336682,71908906,BP.LCCB.DP2,BP.LCCB.40.DP2,BP.LCCB.40.DP2,40,40,LCCB,DP2,250.0,5.0-20.0Hz,5.0,20.0,299.70580918181815,337.05446507747877,0.9891934205230283,0.016,True
deep_named_75336682_anchor_71908906,75336682,71908906,BP.LCCB.DP2,BP.LCCB.40.DP2,BP.LCCB.40.DP2,40,40,LCCB,DP2,250.0,10.0-40.0Hz,10.0,40.0,203.67826644732844,209.63458291298872,0.9831180763600299,0.016,True
deep_named_75336682_anchor_71908906,75336682,71908906,BP.LCCB.DP2,BP.LCCB.40.DP2,BP.LCCB.40.DP2,40,40,LCCB,DP2,250.0,2.0-40.0Hz,2.0,40.0,221.8767390013183,252.40047063122205,0.9864488109188408,0.016,True
deep_named_75336682_anchor_71908906,75336682,71908906,BP.LCCB.DP3,BP.LCCB.40.DP3,BP.LCCB.40.DP3,40,40,LCCB,DP3,250.0,2.0-10.0Hz,2.0,10.0,647.8554715109351,383.39904025959527,0.9650769795112906,0.024,True
deep_named_75336682_anchor_71908906,75336682,71908906,BP.LCCB.DP3,BP.LCCB.40.DP3,BP.LCCB.40.DP3,40,40,LCCB,DP3,250.0,5.0-20.0Hz,5.0,20.0,1143.1740879362753,534.0995998202474,0.9789112785389882,0.02,True
deep_named_75336682_anchor_71908906,75336682,71908906,BP.LCCB.DP3,BP.LCCB.40.DP3,BP.LCCB.40.DP3,40,40,LCCB,DP3,250.0,10.0-40.0Hz,10.0,40.0,1003.1124691936136,427.82652860976685,0.9762991923243342,0.016,True
deep_named_75336682_anchor_71908906,75336682,71908906,BP.LCCB.DP3,BP.LCCB.40.DP3,BP.LCCB.40.DP3,40,40,LCCB,DP3,250.0,2.0-40.0Hz,2.0,40.0,724.2210061610293,408.7900835376638,0.9573040769460675,0.02,True
deep_named_75336682_anchor_71908906,75336682,71908906,BP.MMNB.DP1,BP.MMNB.40.DP1,BP.MMNB.40.DP1,40,40,MMNB,DP1,250.0,2.0-10.0Hz,2.0,10.0,779.7127040822656,273.5856889250183,0.9895885979907515,0.02,True
deep_named_75336682_anchor_71908906,75336682,71908906,BP.MMNB.DP1,BP.MMNB.40.DP1,BP.MMNB.40.DP1,40,40,MMNB,DP1,250.0,5.0-20.0Hz,5.0,20.0,1155.4988561241507,404.4541030243997,0.9939264620667363,0.016,True
deep_named_75336682_anchor_71908906,75336682,71908906,BP.MMNB.DP1,BP.MMNB.40.DP1,BP.MMNB.40.DP1,40,40,MMNB,DP1,250.0,10.0-40.0Hz,10.0,40.0,546.63565545848,305.8036136760161,0.9961621126168935,0.016,True
deep_named_75336682_anchor_71908906,75336682,71908906,BP.MMNB.DP1,BP.MMNB.40.DP1,BP.MMNB.40.DP1,40,40,MMNB,DP1,250.0,2.0-40.0Hz,2.0,40.0,731.7909973185774,290.75465099748584,0.9869637534716628,0.016,True
deep_named_75336682_anchor_71908906,75336682,71908906,BP.MMNB.DP2,BP.MMNB.40.DP2,BP.MMNB.40.DP2,40,40,MMNB,DP2,250.0,2.0-10.0Hz,2.0,10.0,534.874608670212,201.6483809082031,0.9779155134214321,0.02,True
deep_named_75336682_anchor_71908906,75336682,71908906,BP.MMNB.DP2,BP.MMNB.40.DP2,BP.MMNB.40.DP2,40,40,MMNB,DP2,250.0,5.0-20.0Hz,5.0,20.0,859.087101423176,412.1440051018812,0.987019503993824,0.016,True
deep_named_75336682_anchor_71908906,75336682,71908906,BP.MMNB.DP2,BP.MMNB.40.DP2,BP.MMNB.40.DP2,40,40,MMNB,DP2,250.0,10.0-40.0Hz,10.0,40.0,466.20086960659586,250.58337402843787,0.9949070734429388,0.016,True
deep_named_75336682_anchor_71908906,75336682,71908906,BP.MMNB.DP2,BP.MMNB.40.DP2,BP.MMNB.40.DP2,40,40,MMNB,DP2,250.0,2.0-40.0Hz,2.0,40.0,557.628535379989,234.32330630076984,0.9729697727126523,0.016,True
deep_named_75336682_anchor_71908906,75336682,71908906,BP.MMNB.DP3,BP.MMNB.40.DP3,BP.MMNB.40.DP3,40,40,MMNB,DP3,250.0,2.0-10.0Hz,2.0,10.0,585.9575511005561,298.3604612906935,0.9839561634487449,0.02,True
deep_named_75336682_anchor_71908906,75336682,71908906,BP.MMNB.DP3,BP.MMNB.40.DP3,BP.MMNB.40.DP3,40,40,MMNB,DP3,250.0,5.0-20.0Hz,5.0,20.0,1401.8287051701436,524.1423822912448,0.9871244062185742,0.02,True
deep_named_75336682_anchor_71908906,75336682,71908906,BP.MMNB.DP3,BP.MMNB.40.DP3,BP.MMNB.40.DP3,40,40,MMNB,DP3,250.0,10.0-40.0Hz,10.0,40.0,805.717070558855,435.80131110191724,0.9937938262234811,0.016,True
deep_named_75336682_anchor_71908906,75336682,71908906,BP.MMNB.DP3,BP.MMNB.40.DP3,BP.MMNB.40.DP3,40,40,MMNB,DP3,250.0,2.0-40.0Hz,2.0,40.0,703.3630884002275,363.99500967387695,0.9762356751340077,0.02,True
deep_named_75336682_anchor_71908906,75336682,71908906,BP.SCYB.DP1,BP.SCYB.40.DP1,BP.SCYB.40.DP1,40,40,SCYB,DP1,250.0,2.0-10.0Hz,2.0,10.0,1274.9982363575928,424.77326971623563,0.9739286952242175,0.032,True
deep_named_75336682_anchor_71908906,75336682,71908906,BP.SCYB.DP1,BP.SCYB.40.DP1,BP.SCYB.40.DP1,40,40,SCYB,DP1,250.0,5.0-20.0Hz,5.0,20.0,1619.1658500330348,698.9145956646441,0.983110086704937,0.028,True
deep_named_75336682_anchor_71908906,75336682,71908906,BP.SCYB.DP1,BP.SCYB.40.DP1,BP.SCYB.40.DP1,40,40,SCYB,DP1,250.0,10.0-40.0Hz,10.0,40.0,1159.7939491218203,552.5651222182054,0.989985515710491,0.028,True
deep_named_75336682_anchor_71908906,75336682,71908906,BP.SCYB.DP1,BP.SCYB.40.DP1,BP.SCYB.40.DP1,40,40,SCYB,DP1,250.0,2.0-40.0Hz,2.0,40.0,1281.1291244701883,489.33150116705906,0.9590811162974848,0.028,True
deep_named_75336682_anchor_71908906,75336682,71908906,BP.SCYB.DP2,BP.SCYB.40.DP2,BP.SCYB.40.DP2,40,40,SCYB,DP2,250.0,2.0-10.0Hz,2.0,10.0,1059.153984891933,492.4760993473577,0.9772588572517253,0.032,True
deep_named_75336682_anchor_71908906,75336682,71908906,BP.SCYB.DP2,BP.SCYB.40.DP2,BP.SCYB.40.DP2,40,40,SCYB,DP2,250.0,5.0-20.0Hz,5.0,20.0,1842.642945616688,531.0463618609729,0.9771657651138143,0.028,True
deep_named_75336682_anchor_71908906,75336682,71908906,BP.SCYB.DP2,BP.SCYB.40.DP2,BP.SCYB.40.DP2,40,40,SCYB,DP2,250.0,10.0-40.0Hz,10.0,40.0,978.5466261053829,391.801906022864,0.98882599193266,0.028,True
deep_named_75336682_anchor_71908906,75336682,71908906,BP.SCYB.DP2,BP.SCYB.40.DP2,BP.SCYB.40.DP2,40,40,SCYB,DP2,250.0,2.0-40.0Hz,2.0,40.0,1061.96349531387,480.4006635118822,0.9616349287752738,0.032,True
deep_named_75336682_anchor_71908906,75336682,71908906,BP.SCYB.DP3,BP.SCYB.40.DP3,BP.SCYB.40.DP3,40,40,SCYB,DP3,250.0,2.0-10.0Hz,2.0,10.0,983.1650582874873,376.9747811525326,0.9709348058262354,0.032,True
deep_named_75336682_anchor_71908906,75336682,71908906,BP.SCYB.DP3,BP.SCYB.40.DP3,BP.SCYB.40.DP3,40,40,SCYB,DP3,250.0,5.0-20.0Hz,5.0,20.0,1875.1691179412328,568.7048078389416,0.9823733239863421,0.028,True
deep_named_75336682_anchor_71908906,75336682,71908906,BP.SCYB.DP3,BP.SCYB.40.DP3,BP.SCYB.40.DP3,40,40,SCYB,DP3,250.0,10.0-40.0Hz,10.0,40.0,980.5999046747992,364.306042693082,0.9900068733633376,0.028,True
deep_named_75336682_anchor_71908906,75336682,71908906,BP.SCYB.DP3,BP.SCYB.40.DP3,BP.SCYB.40.DP3,40,40,SCYB,DP3,250.0,2.0-40.0Hz,2.0,40.0,1004.8347852994002,382.4723035116476,0.9549579464219144,0.028,True
deep_named_75336682_anchor_72154411,75336682,72154411,BK.PKD.HHE,BK.PKD.00.HHE,BK.PKD.00.HHE,00,00,PKD,HHE,100.0,2.0-10.0Hz,2.0,10.0,274.8221889216595,208.58278561501086,0.9750265818248681,0.03,True
deep_named_75336682_anchor_72154411,75336682,72154411,BK.PKD.HHE,BK.PKD.00.HHE,BK.PKD.00.HHE,00,00,PKD,HHE,100.0,5.0-20.0Hz,5.0,20.0,344.22317365187,320.0887750958837,0.933982203644153,0.03,True
deep_named_75336682_anchor_72154411,75336682,72154411,BK.PKD.HHE,BK.PKD.00.HHE,BK.PKD.00.HHE,00,00,PKD,HHE,100.0,10.0-40.0Hz,10.0,40.0,191.84794774950143,183.6041769524881,0.705286618529385,0.03,True
deep_named_75336682_anchor_72154411,75336682,72154411,BK.PKD.HHE,BK.PKD.00.HHE,BK.PKD.00.HHE,00,00,PKD,HHE,100.0,2.0-40.0Hz,2.0,40.0,254.0262998702574,212.1055199270761,0.9161403085719795,0.03,True
deep_named_75336682_anchor_72154411,75336682,72154411,BK.PKD.HHN,BK.PKD.00.HHN,BK.PKD.00.HHN,00,00,PKD,HHN,100.0,2.0-10.0Hz,2.0,10.0,229.93237594012749,212.19936744317755,0.9779513015700575,0.03,True
deep_named_75336682_anchor_72154411,75336682,72154411,BK.PKD.HHN,BK.PKD.00.HHN,BK.PKD.00.HHN,00,00,PKD,HHN,100.0,5.0-20.0Hz,5.0,20.0,351.5989216147396,411.51266098775875,0.8545635156846475,0.03,True
deep_named_75336682_anchor_72154411,75336682,72154411,BK.PKD.HHN,BK.PKD.00.HHN,BK.PKD.00.HHN,00,00,PKD,HHN,100.0,10.0-40.0Hz,10.0,40.0,203.22343460198186,239.44507453566303,0.6954520676910977,0.03,True
deep_named_75336682_anchor_72154411,75336682,72154411,BK.PKD.HHN,BK.PKD.00.HHN,BK.PKD.00.HHN,00,00,PKD,HHN,100.0,2.0-40.0Hz,2.0,40.0,228.53504694644494,228.35762056134425,0.8680379813429041,0.03,True
deep_named_75336682_anchor_72154411,75336682,72154411,BK.PKD.HHZ,BK.PKD.00.HHZ,BK.PKD.00.HHZ,00,00,PKD,HHZ,100.0,2.0-10.0Hz,2.0,10.0,229.64356503643774,140.68613199531555,0.9799530301848836,0.03,True
deep_named_75336682_anchor_72154411,75336682,72154411,BK.PKD.HHZ,BK.PKD.00.HHZ,BK.PKD.00.HHZ,00,00,PKD,HHZ,100.0,5.0-20.0Hz,5.0,20.0,350.3213888276075,326.6350922469997,0.9253468314148284,0.03,True
deep_named_75336682_anchor_72154411,75336682,72154411,BK.PKD.HHZ,BK.PKD.00.HHZ,BK.PKD.00.HHZ,00,00,PKD,HHZ,100.0,10.0-40.0Hz,10.0,40.0,275.7099662844274,325.0297196422904,0.8992457631007121,0.03,True
deep_named_75336682_anchor_72154411,75336682,72154411,BK.PKD.HHZ,BK.PKD.00.HHZ,BK.PKD.00.HHZ,00,00,PKD,HHZ,100.0,2.0-40.0Hz,2.0,40.0,257.8188033644866,205.9657628367687,0.9311470843929164,0.03,True
deep_named_75336682_anchor_72154411,75336682,72154411,BP.CCRB.DP1,BP.CCRB.40.DP1,BP.CCRB.40.DP1,40,40,CCRB,DP1,250.0,2.0-10.0Hz,2.0,10.0,691.3230767469552,572.4838204920397,0.9830000171897363,0.044,True
deep_named_75336682_anchor_72154411,75336682,72154411,BP.CCRB.DP1,BP.CCRB.40.DP1,BP.CCRB.40.DP1,40,40,CCRB,DP1,250.0,5.0-20.0Hz,5.0,20.0,2716.944230232654,2112.5343031014104,0.9857219333983236,0.04,True
deep_named_75336682_anchor_72154411,75336682,72154411,BP.CCRB.DP1,BP.CCRB.40.DP1,BP.CCRB.40.DP1,40,40,CCRB,DP1,250.0,10.0-40.0Hz,10.0,40.0,3802.5551128766233,2960.226382861448,0.9831227134568945,0.04,True
deep_named_75336682_anchor_72154411,75336682,72154411,BP.CCRB.DP1,BP.CCRB.40.DP1,BP.CCRB.40.DP1,40,40,CCRB,DP1,250.0,2.0-40.0Hz,2.0,40.0,1873.1209280535425,1773.4327290665647,0.9792103383426909,0.04,True
deep_named_75336682_anchor_72154411,75336682,72154411,BP.CCRB.DP2,BP.CCRB.40.DP2,BP.CCRB.40.DP2,40,40,CCRB,DP2,250.0,2.0-10.0Hz,2.0,10.0,690.1857849055642,498.6879717180122,0.9793347884185813,0.044,True
deep_named_75336682_anchor_72154411,75336682,72154411,BP.CCRB.DP2,BP.CCRB.40.DP2,BP.CCRB.40.DP2,40,40,CCRB,DP2,250.0,5.0-20.0Hz,5.0,20.0,1454.2922874862616,1116.2469158304011,0.9750797970190355,0.04,True
deep_named_75336682_anchor_72154411,75336682,72154411,BP.CCRB.DP2,BP.CCRB.40.DP2,BP.CCRB.40.DP2,40,40,CCRB,DP2,250.0,10.0-40.0Hz,10.0,40.0,1306.7237794477207,1019.2889769069969,0.9753394315210349,0.04,True
deep_named_75336682_anchor_72154411,75336682,72154411,BP.CCRB.DP2,BP.CCRB.40.DP2,BP.CCRB.40.DP2,40,40,CCRB,DP2,250.0,2.0-40.0Hz,2.0,40.0,893.4849965063515,718.1912335017189,0.9627795257860015,0.04,True
deep_named_75336682_anchor_72154411,75336682,72154411,BP.CCRB.DP3,BP.CCRB.40.DP3,BP.CCRB.40.DP3,40,40,CCRB,DP3,250.0,2.0-10.0Hz,2.0,10.0,768.1813950694735,659.4461359271244,0.9763395503623166,0.044,True
deep_named_75336682_anchor_72154411,75336682,72154411,BP.CCRB.DP3,BP.CCRB.40.DP3,BP.CCRB.40.DP3,40,40,CCRB,DP3,250.0,5.0-20.0Hz,5.0,20.0,1572.42563530698,1324.243259733028,0.9802532530528475,0.04,True
deep_named_75336682_anchor_72154411,75336682,72154411,BP.CCRB.DP3,BP.CCRB.40.DP3,BP.CCRB.40.DP3,40,40,CCRB,DP3,250.0,10.0-40.0Hz,10.0,40.0,1833.8013481128764,1420.2795343342214,0.9753864843837771,0.04,True
deep_named_75336682_anchor_72154411,75336682,72154411,BP.CCRB.DP3,BP.CCRB.40.DP3,BP.CCRB.40.DP3,40,40,CCRB,DP3,250.0,2.0-40.0Hz,2.0,40.0,1122.41165344694,1043.156285384481,0.9661912466729415,0.04,True
deep_named_75336682_anchor_72154411,75336682,72154411,BP.EADB.DP1,BP.EADB.40.DP1,BP.EADB.40.DP1,40,40,EADB,DP1,250.0,2.0-10.0Hz,2.0,10.0,80.55781768621276,56.13218635261917,0.9848132554690255,0.036,True
deep_named_75336682_anchor_72154411,75336682,72154411,BP.EADB.DP1,BP.EADB.40.DP1,BP.EADB.40.DP1,40,40,EADB,DP1,250.0,5.0-20.0Hz,5.0,20.0,129.85499691476568,70.01757633861465,0.981080529223008,0.032,True
deep_named_75336682_anchor_72154411,75336682,72154411,BP.EADB.DP1,BP.EADB.40.DP1,BP.EADB.40.DP1,40,40,EADB,DP1,250.0,10.0-40.0Hz,10.0,40.0,47.07157103680303,36.46613454846028,0.9750011078034897,0.028,True
deep_named_75336682_anchor_72154411,75336682,72154411,BP.EADB.DP1,BP.EADB.40.DP1,BP.EADB.40.DP1,40,40,EADB,DP1,250.0,2.0-40.0Hz,2.0,40.0,80.75801383232664,55.856866592544534,0.9716782736257272,0.032,True
deep_named_75336682_anchor_72154411,75336682,72154411,BP.EADB.DP2,BP.EADB.40.DP2,BP.EADB.40.DP2,40,40,EADB,DP2,250.0,2.0-10.0Hz,2.0,10.0,168.8242042087344,97.47045891617876,0.9765833447417575,0.036,True
deep_named_75336682_anchor_72154411,75336682,72154411,BP.EADB.DP2,BP.EADB.40.DP2,BP.EADB.40.DP2,40,40,EADB,DP2,250.0,5.0-20.0Hz,5.0,20.0,139.28809212865292,63.54543843077083,0.9757875684914771,0.032,True
deep_named_75336682_anchor_72154411,75336682,72154411,BP.EADB.DP2,BP.EADB.40.DP2,BP.EADB.40.DP2,40,40,EADB,DP2,250.0,10.0-40.0Hz,10.0,40.0,46.91084329134873,27.076588856716825,0.9663523705599354,0.028,True
deep_named_75336682_anchor_72154411,75336682,72154411,BP.EADB.DP2,BP.EADB.40.DP2,BP.EADB.40.DP2,40,40,EADB,DP2,250.0,2.0-40.0Hz,2.0,40.0,151.31460482354856,77.95537933792461,0.9572798198482776,0.036,True
deep_named_75336682_anchor_72154411,75336682,72154411,BP.EADB.DP3,BP.EADB.40.DP3,BP.EADB.40.DP3,40,40,EADB,DP3,250.0,2.0-10.0Hz,2.0,10.0,105.03934910493045,5.084828999795116,0.9379498431368806,0.036,True
deep_named_75336682_anchor_72154411,75336682,72154411,BP.EADB.DP3,BP.EADB.40.DP3,BP.EADB.40.DP3,40,40,EADB,DP3,250.0,5.0-20.0Hz,5.0,20.0,103.13735825500763,1.9451008580469002,0.8182651238328474,0.032,False
deep_named_75336682_anchor_72154411,75336682,72154411,BP.EADB.DP3,BP.EADB.40.DP3,BP.EADB.40.DP3,40,40,EADB,DP3,250.0,10.0-40.0Hz,10.0,40.0,39.27037606611067,1.107160319548804,0.4664747363975211,0.028,False
deep_named_75336682_anchor_72154411,75336682,72154411,BP.EADB.DP3,BP.EADB.40.DP3,BP.EADB.40.DP3,40,40,EADB,DP3,250.0,2.0-40.0Hz,2.0,40.0,106.91773555988496,2.2072033626662217,0.7914658284581909,0.036,False
deep_named_75336682_anchor_72154411,75336682,72154411,BP.FROB.DP1,BP.FROB.40.DP1,BP.FROB.40.DP1,40,40,FROB,DP1,250.0,2.0-10.0Hz,2.0,10.0,14.721788285708584,5.722939461635899,0.963666290122556,0.032,True
deep_named_75336682_anchor_72154411,75336682,72154411,BP.FROB.DP1,BP.FROB.40.DP1,BP.FROB.40.DP1,40,40,FROB,DP1,250.0,5.0-20.0Hz,5.0,20.0,19.122123256416057,7.272788809539268,0.9656717223390587,0.032,True
deep_named_75336682_anchor_72154411,75336682,72154411,BP.FROB.DP1,BP.FROB.40.DP1,BP.FROB.40.DP1,40,40,FROB,DP1,250.0,10.0-40.0Hz,10.0,40.0,19.5686977301386,8.177018143473815,0.9534763772136416,0.028,True
deep_named_75336682_anchor_72154411,75336682,72154411,BP.FROB.DP1,BP.FROB.40.DP1,BP.FROB.40.DP1,40,40,FROB,DP1,250.0,2.0-40.0Hz,2.0,40.0,17.08126955106977,7.155621378426047,0.9445779116365011,0.028,True
deep_named_75336682_anchor_72154411,75336682,72154411,BP.FROB.DP2,BP.FROB.40.DP2,BP.FROB.40.DP2,40,40,FROB,DP2,250.0,2.0-10.0Hz,2.0,10.0,13.290518407497823,4.784844442391704,0.9413626611846523,0.036,True
deep_named_75336682_anchor_72154411,75336682,72154411,BP.FROB.DP2,BP.FROB.40.DP2,BP.FROB.40.DP2,40,40,FROB,DP2,250.0,5.0-20.0Hz,5.0,20.0,17.38213593712447,9.64473702316851,0.9612459620828203,0.032,True
deep_named_75336682_anchor_72154411,75336682,72154411,BP.FROB.DP2,BP.FROB.40.DP2,BP.FROB.40.DP2,40,40,FROB,DP2,250.0,10.0-40.0Hz,10.0,40.0,18.18903077383285,19.416849153359056,0.9398741137735567,0.028,True
deep_named_75336682_anchor_72154411,75336682,72154411,BP.FROB.DP2,BP.FROB.40.DP2,BP.FROB.40.DP2,40,40,FROB,DP2,250.0,2.0-40.0Hz,2.0,40.0,15.756399817525072,9.027749435886362,0.9156014962182513,0.028,True
deep_named_75336682_anchor_72154411,75336682,72154411,BP.FROB.DP3,BP.FROB.40.DP3,BP.FROB.40.DP3,40,40,FROB,DP3,250.0,2.0-10.0Hz,2.0,10.0,16.944827977199004,15.515613548469657,0.9805922897231125,0.032,True
deep_named_75336682_anchor_72154411,75336682,72154411,BP.FROB.DP3,BP.FROB.40.DP3,BP.FROB.40.DP3,40,40,FROB,DP3,250.0,5.0-20.0Hz,5.0,20.0,16.527173784755323,23.89901949930863,0.9814092397815339,0.032,True
deep_named_75336682_anchor_72154411,75336682,72154411,BP.FROB.DP3,BP.FROB.40.DP3,BP.FROB.40.DP3,40,40,FROB,DP3,250.0,10.0-40.0Hz,10.0,40.0,11.991881141795918,32.440560669324555,0.9116620014510185,0.028,True
deep_named_75336682_anchor_72154411,75336682,72154411,BP.FROB.DP3,BP.FROB.40.DP3,BP.FROB.40.DP3,40,40,FROB,DP3,250.0,2.0-40.0Hz,2.0,40.0,14.486584671263822,19.345658422429747,0.9397306736112394,0.028,True
deep_named_75336682_anchor_72154411,75336682,72154411,BP.GHIB.DP1,BP.GHIB.40.DP1,BP.GHIB.40.DP1,40,40,GHIB,DP1,250.0,2.0-10.0Hz,2.0,10.0,11.381715017573793,9.884206680862867,0.9686715844347309,0.036,True
deep_named_75336682_anchor_72154411,75336682,72154411,BP.GHIB.DP1,BP.GHIB.40.DP1,BP.GHIB.40.DP1,40,40,GHIB,DP1,250.0,5.0-20.0Hz,5.0,20.0,21.22492769239673,20.883680646214852,0.9716682979786879,0.032,True
deep_named_75336682_anchor_72154411,75336682,72154411,BP.GHIB.DP1,BP.GHIB.40.DP1,BP.GHIB.40.DP1,40,40,GHIB,DP1,250.0,10.0-40.0Hz,10.0,40.0,13.769931933376633,15.47630969548618,0.9653094009607849,0.032,True
deep_named_75336682_anchor_72154411,75336682,72154411,BP.GHIB.DP1,BP.GHIB.40.DP1,BP.GHIB.40.DP1,40,40,GHIB,DP1,250.0,2.0-40.0Hz,2.0,40.0,12.207991746346975,11.422631692014507,0.9464845109670024,0.032,True
deep_named_75336682_anchor_72154411,75336682,72154411,BP.GHIB.DP3,BP.GHIB.40.DP3,BP.GHIB.40.DP3,40,40,GHIB,DP3,250.0,2.0-10.0Hz,2.0,10.0,3.320751520718092,5.771009144948756,0.9254398232034396,0.036,True
deep_named_75336682_anchor_72154411,75336682,72154411,BP.GHIB.DP3,BP.GHIB.40.DP3,BP.GHIB.40.DP3,40,40,GHIB,DP3,250.0,5.0-20.0Hz,5.0,20.0,3.0725883485075043,15.708621968240672,0.916530384941602,0.032,True
deep_named_75336682_anchor_72154411,75336682,72154411,BP.GHIB.DP3,BP.GHIB.40.DP3,BP.GHIB.40.DP3,40,40,GHIB,DP3,250.0,10.0-40.0Hz,10.0,40.0,2.5606246391334953,13.017977506841275,0.8896532145337275,0.032,False
deep_named_75336682_anchor_72154411,75336682,72154411,BP.GHIB.DP3,BP.GHIB.40.DP3,BP.GHIB.40.DP3,40,40,GHIB,DP3,250.0,2.0-40.0Hz,2.0,40.0,3.1772868950873714,6.691564756487841,0.9089563855109605,0.032,True
deep_named_75336682_anchor_72154411,75336682,72154411,BP.JCNB.DP1,BP.JCNB.40.DP1,BP.JCNB.40.DP1,40,40,JCNB,DP1,250.0,2.0-10.0Hz,2.0,10.0,101.58002504281538,152.0830760610662,0.6872771259688872,0.012,True
deep_named_75336682_anchor_72154411,75336682,72154411,BP.JCNB.DP1,BP.JCNB.40.DP1,BP.JCNB.40.DP1,40,40,JCNB,DP1,250.0,5.0-20.0Hz,5.0,20.0,65.86793072209578,157.35917582326263,0.5666800359244967,0.02,True
deep_named_75336682_anchor_72154411,75336682,72154411,BP.JCNB.DP1,BP.JCNB.40.DP1,BP.JCNB.40.DP1,40,40,JCNB,DP1,250.0,10.0-40.0Hz,10.0,40.0,29.48717160575117,40.68891121741949,0.6782007256176665,0.028,True
deep_named_75336682_anchor_72154411,75336682,72154411,BP.JCNB.DP1,BP.JCNB.40.DP1,BP.JCNB.40.DP1,40,40,JCNB,DP1,250.0,2.0-40.0Hz,2.0,40.0,51.92745584036137,67.72188848315149,0.5534671984313068,0.02,True
deep_named_75336682_anchor_72154411,75336682,72154411,BP.JCNB.DP2,BP.JCNB.40.DP2,BP.JCNB.40.DP2,40,40,JCNB,DP2,250.0,2.0-10.0Hz,2.0,10.0,27.500277476793485,147.65456971088813,0.8044442199142553,0.024,True
deep_named_75336682_anchor_72154411,75336682,72154411,BP.JCNB.DP2,BP.JCNB.40.DP2,BP.JCNB.40.DP2,40,40,JCNB,DP2,250.0,5.0-20.0Hz,5.0,20.0,37.293958238534294,132.41913818199663,0.394073260189485,0.032,True
deep_named_75336682_anchor_72154411,75336682,72154411,BP.JCNB.DP2,BP.JCNB.40.DP2,BP.JCNB.40.DP2,40,40,JCNB,DP2,250.0,10.0-40.0Hz,10.0,40.0,33.378509270181794,121.92276518797607,0.40223200505721013,0.1,True
deep_named_75336682_anchor_72154411,75336682,72154411,BP.JCNB.DP2,BP.JCNB.40.DP2,BP.JCNB.40.DP2,40,40,JCNB,DP2,250.0,2.0-40.0Hz,2.0,40.0,33.237446426529,123.16290914334172,0.36951715861015627,0.032,True
deep_named_75336682_anchor_72154411,75336682,72154411,BP.JCNB.DP3,BP.JCNB.40.DP3,BP.JCNB.40.DP3,40,40,JCNB,DP3,250.0,2.0-10.0Hz,2.0,10.0,88.23899074164828,240.63459964136968,0.7264362767256296,-0.052,True
deep_named_75336682_anchor_72154411,75336682,72154411,BP.JCNB.DP3,BP.JCNB.40.DP3,BP.JCNB.40.DP3,40,40,JCNB,DP3,250.0,5.0-20.0Hz,5.0,20.0,31.241376297451644,80.68623903451837,0.32491885012222715,0.064,True
deep_named_75336682_anchor_72154411,75336682,72154411,BP.JCNB.DP3,BP.JCNB.40.DP3,BP.JCNB.40.DP3,40,40,JCNB,DP3,250.0,10.0-40.0Hz,10.0,40.0,28.63874175203189,61.514196947894355,0.31993100316283807,0.06,True
deep_named_75336682_anchor_72154411,75336682,72154411,BP.JCNB.DP3,BP.JCNB.40.DP3,BP.JCNB.40.DP3,40,40,JCNB,DP3,250.0,2.0-40.0Hz,2.0,40.0,30.155237737935092,76.08224434430014,0.2858679990573724,0.064,True
deep_named_75336682_anchor_72154411,75336682,72154411,BP.JCSB.DP1,BP.JCSB.40.DP1,BP.JCSB.40.DP1,40,40,JCSB,DP1,250.0,2.0-10.0Hz,2.0,10.0,682.60013328321,392.56419131178984,0.9947916259654057,0.028,True
deep_named_75336682_anchor_72154411,75336682,72154411,BP.JCSB.DP1,BP.JCSB.40.DP1,BP.JCSB.40.DP1,40,40,JCSB,DP1,250.0,5.0-20.0Hz,5.0,20.0,667.2172749972285,428.6848147700607,0.9883684551250028,0.032,True
deep_named_75336682_anchor_72154411,75336682,72154411,BP.JCSB.DP1,BP.JCSB.40.DP1,BP.JCSB.40.DP1,40,40,JCSB,DP1,250.0,10.0-40.0Hz,10.0,40.0,433.5098310354984,251.10138972363671,0.9773041308723673,0.032,True
deep_named_75336682_anchor_72154411,75336682,72154411,BP.JCSB.DP1,BP.JCSB.40.DP1,BP.JCSB.40.DP1,40,40,JCSB,DP1,250.0,2.0-40.0Hz,2.0,40.0,604.599403261502,352.0787489937156,0.9894981062085506,0.032,True
deep_named_75336682_anchor_72154411,75336682,72154411,BP.JCSB.DP2,BP.JCSB.40.DP2,BP.JCSB.40.DP2,40,40,JCSB,DP2,250.0,2.0-10.0Hz,2.0,10.0,5.342554340162256,5.335738275194829,0.9480781445649263,0.032,True
deep_named_75336682_anchor_72154411,75336682,72154411,BP.JCSB.DP2,BP.JCSB.40.DP2,BP.JCSB.40.DP2,40,40,JCSB,DP2,250.0,5.0-20.0Hz,5.0,20.0,11.185613682210715,10.84325234805489,0.9672595875037521,0.028,True
deep_named_75336682_anchor_72154411,75336682,72154411,BP.JCSB.DP2,BP.JCSB.40.DP2,BP.JCSB.40.DP2,40,40,JCSB,DP2,250.0,10.0-40.0Hz,10.0,40.0,14.507880142196402,15.372505126087677,0.9612529357467635,0.028,True
deep_named_75336682_anchor_72154411,75336682,72154411,BP.JCSB.DP2,BP.JCSB.40.DP2,BP.JCSB.40.DP2,40,40,JCSB,DP2,250.0,2.0-40.0Hz,2.0,40.0,11.26236851848585,11.560797834630742,0.9593544947086239,0.028,True
deep_named_75336682_anchor_72154411,75336682,72154411,BP.JCSB.DP3,BP.JCSB.40.DP3,BP.JCSB.40.DP3,40,40,JCSB,DP3,250.0,2.0-10.0Hz,2.0,10.0,10.299562382137927,1.0280680091228738,0.3510735881909165,0.028,False
deep_named_75336682_anchor_72154411,75336682,72154411,BP.JCSB.DP3,BP.JCSB.40.DP3,BP.JCSB.40.DP3,40,40,JCSB,DP3,250.0,5.0-20.0Hz,5.0,20.0,15.907183098828058,1.0878846870588845,0.6127008380467067,0.028,False
deep_named_75336682_anchor_72154411,75336682,72154411,BP.JCSB.DP3,BP.JCSB.40.DP3,BP.JCSB.40.DP3,40,40,JCSB,DP3,250.0,10.0-40.0Hz,10.0,40.0,17.839102786588903,1.121619390497884,0.5931710006802189,0.028,False
deep_named_75336682_anchor_72154411,75336682,72154411,BP.JCSB.DP3,BP.JCSB.40.DP3,BP.JCSB.40.DP3,40,40,JCSB,DP3,250.0,2.0-40.0Hz,2.0,40.0,15.471224916242448,1.070950301412965,0.5067337101341808,0.028,False
deep_named_75336682_anchor_72154411,75336682,72154411,BP.LCCB.DP1,BP.LCCB.40.DP1,BP.LCCB.40.DP1,40,40,LCCB,DP1,250.0,2.0-10.0Hz,2.0,10.0,690.9008979365634,1001.8509223045113,0.9713398645855206,0.032,True
deep_named_75336682_anchor_72154411,75336682,72154411,BP.LCCB.DP1,BP.LCCB.40.DP1,BP.LCCB.40.DP1,40,40,LCCB,DP1,250.0,5.0-20.0Hz,5.0,20.0,1446.960050781072,1920.2355947395904,0.9775076847504859,0.032,True
deep_named_75336682_anchor_72154411,75336682,72154411,BP.LCCB.DP1,BP.LCCB.40.DP1,BP.LCCB.40.DP1,40,40,LCCB,DP1,250.0,10.0-40.0Hz,10.0,40.0,1117.897190606578,1447.3693267240874,0.9835321204877283,0.028,True
deep_named_75336682_anchor_72154411,75336682,72154411,BP.LCCB.DP1,BP.LCCB.40.DP1,BP.LCCB.40.DP1,40,40,LCCB,DP1,250.0,2.0-40.0Hz,2.0,40.0,800.5611939215778,1156.0263265459116,0.9663977774351561,0.032,True
deep_named_75336682_anchor_72154411,75336682,72154411,BP.LCCB.DP2,BP.LCCB.40.DP2,BP.LCCB.40.DP2,40,40,LCCB,DP2,250.0,2.0-10.0Hz,2.0,10.0,241.94870997644685,351.40914857732406,0.9938660604118118,0.028,True
deep_named_75336682_anchor_72154411,75336682,72154411,BP.LCCB.DP2,BP.LCCB.40.DP2,BP.LCCB.40.DP2,40,40,LCCB,DP2,250.0,5.0-20.0Hz,5.0,20.0,299.70580918181815,381.51275111797696,0.9918107797717283,0.028,True
deep_named_75336682_anchor_72154411,75336682,72154411,BP.LCCB.DP2,BP.LCCB.40.DP2,BP.LCCB.40.DP2,40,40,LCCB,DP2,250.0,10.0-40.0Hz,10.0,40.0,203.67826644732844,254.7227746665356,0.9863692753665259,0.028,True
deep_named_75336682_anchor_72154411,75336682,72154411,BP.LCCB.DP2,BP.LCCB.40.DP2,BP.LCCB.40.DP2,40,40,LCCB,DP2,250.0,2.0-40.0Hz,2.0,40.0,221.8767390013183,292.4412959480593,0.9896900565174271,0.028,True
deep_named_75336682_anchor_72154411,75336682,72154411,BP.LCCB.DP3,BP.LCCB.40.DP3,BP.LCCB.40.DP3,40,40,LCCB,DP3,250.0,2.0-10.0Hz,2.0,10.0,647.8554715109351,1050.0167572094294,0.9633619943966121,0.036,True
deep_named_75336682_anchor_72154411,75336682,72154411,BP.LCCB.DP3,BP.LCCB.40.DP3,BP.LCCB.40.DP3,40,40,LCCB,DP3,250.0,5.0-20.0Hz,5.0,20.0,1143.1740879362753,1591.1669837538484,0.9762168165797801,0.032,True
deep_named_75336682_anchor_72154411,75336682,72154411,BP.LCCB.DP3,BP.LCCB.40.DP3,BP.LCCB.40.DP3,40,40,LCCB,DP3,250.0,10.0-40.0Hz,10.0,40.0,1003.1124691936136,1058.1156485381814,0.9722648406674556,0.032,True
deep_named_75336682_anchor_72154411,75336682,72154411,BP.LCCB.DP3,BP.LCCB.40.DP3,BP.LCCB.40.DP3,40,40,LCCB,DP3,250.0,2.0-40.0Hz,2.0,40.0,724.2210061610293,1086.271357564851,0.9529450399241377,0.032,True
deep_named_75336682_anchor_72154411,75336682,72154411,BP.MMNB.DP1,BP.MMNB.40.DP1,BP.MMNB.40.DP1,40,40,MMNB,DP1,250.0,2.0-10.0Hz,2.0,10.0,779.7127040822656,1.0837065105781203,0.11144155258050858,-0.24,False
deep_named_75336682_anchor_72154411,75336682,72154411,BP.MMNB.DP1,BP.MMNB.40.DP1,BP.MMNB.40.DP1,40,40,MMNB,DP1,250.0,5.0-20.0Hz,5.0,20.0,1155.4988561241507,1.1490525079631106,0.1494028706270985,0.112,False
deep_named_75336682_anchor_72154411,75336682,72154411,BP.MMNB.DP1,BP.MMNB.40.DP1,BP.MMNB.40.DP1,40,40,MMNB,DP1,250.0,10.0-40.0Hz,10.0,40.0,546.63565545848,1.3996677891437284,0.12567310242189123,0.112,False
deep_named_75336682_anchor_72154411,75336682,72154411,BP.MMNB.DP1,BP.MMNB.40.DP1,BP.MMNB.40.DP1,40,40,MMNB,DP1,250.0,2.0-40.0Hz,2.0,40.0,731.7909973185774,1.21333690359688,0.08728032792545119,0.112,False
deep_named_75336682_anchor_72154411,75336682,72154411,BP.MMNB.DP2,BP.MMNB.40.DP2,BP.MMNB.40.DP2,40,40,MMNB,DP2,250.0,2.0-10.0Hz,2.0,10.0,534.874608670212,0.9999268949775001,0.2260023610306041,0.116,False
deep_named_75336682_anchor_72154411,75336682,72154411,BP.MMNB.DP2,BP.MMNB.40.DP2,BP.MMNB.40.DP2,40,40,MMNB,DP2,250.0,5.0-20.0Hz,5.0,20.0,859.087101423176,1.0348378357931176,0.14438642923034203,-0.212,False
deep_named_75336682_anchor_72154411,75336682,72154411,BP.MMNB.DP2,BP.MMNB.40.DP2,BP.MMNB.40.DP2,40,40,MMNB,DP2,250.0,10.0-40.0Hz,10.0,40.0,466.20086960659586,1.053948378206525,0.1405251721331425,0.5,False
deep_named_75336682_anchor_72154411,75336682,72154411,BP.MMNB.DP2,BP.MMNB.40.DP2,BP.MMNB.40.DP2,40,40,MMNB,DP2,250.0,2.0-40.0Hz,2.0,40.0,557.628535379989,1.0285680515376885,0.11099930386756891,-0.208,False
deep_named_75336682_anchor_72154411,75336682,72154411,BP.MMNB.DP3,BP.MMNB.40.DP3,BP.MMNB.40.DP3,40,40,MMNB,DP3,250.0,2.0-10.0Hz,2.0,10.0,585.9575511005561,1.3891699919275298,0.24846681296663442,0.424,False
deep_named_75336682_anchor_72154411,75336682,72154411,BP.MMNB.DP3,BP.MMNB.40.DP3,BP.MMNB.40.DP3,40,40,MMNB,DP3,250.0,5.0-20.0Hz,5.0,20.0,1401.8287051701436,1.1363551317969338,0.1966151488720881,0.42,False
deep_named_75336682_anchor_72154411,75336682,72154411,BP.MMNB.DP3,BP.MMNB.40.DP3,BP.MMNB.40.DP3,40,40,MMNB,DP3,250.0,10.0-40.0Hz,10.0,40.0,805.717070558855,1.0494647662058922,0.14453343816463182,0.412,False
deep_named_75336682_anchor_72154411,75336682,72154411,BP.MMNB.DP3,BP.MMNB.40.DP3,BP.MMNB.40.DP3,40,40,MMNB,DP3,250.0,2.0-40.0Hz,2.0,40.0,703.3630884002275,1.2072884943296611,0.18949749623620868,0.42,False
deep_named_75336682_anchor_72154411,75336682,72154411,BP.SCYB.DP1,BP.SCYB.40.DP1,BP.SCYB.40.DP1,40,40,SCYB,DP1,250.0,2.0-10.0Hz,2.0,10.0,1274.9982363575928,1104.5922259362526,0.9736505410064874,0.048,True
deep_named_75336682_anchor_72154411,75336682,72154411,BP.SCYB.DP1,BP.SCYB.40.DP1,BP.SCYB.40.DP1,40,40,SCYB,DP1,250.0,5.0-20.0Hz,5.0,20.0,1619.1658500330348,1268.1092329188448,0.9791678414395323,0.044,True
deep_named_75336682_anchor_72154411,75336682,72154411,BP.SCYB.DP1,BP.SCYB.40.DP1,BP.SCYB.40.DP1,40,40,SCYB,DP1,250.0,10.0-40.0Hz,10.0,40.0,1159.7939491218203,759.9960738242416,0.9898489043224119,0.04,True
deep_named_75336682_anchor_72154411,75336682,72154411,BP.SCYB.DP1,BP.SCYB.40.DP1,BP.SCYB.40.DP1,40,40,SCYB,DP1,250.0,2.0-40.0Hz,2.0,40.0,1281.1291244701883,985.6004335363821,0.9553404769863683,0.044,True
deep_named_75336682_anchor_72154411,75336682,72154411,BP.SCYB.DP2,BP.SCYB.40.DP2,BP.SCYB.40.DP2,40,40,SCYB,DP2,250.0,2.0-10.0Hz,2.0,10.0,1059.153984891933,1282.3505965211116,0.9791192300065673,0.048,True
deep_named_75336682_anchor_72154411,75336682,72154411,BP.SCYB.DP2,BP.SCYB.40.DP2,BP.SCYB.40.DP2,40,40,SCYB,DP2,250.0,5.0-20.0Hz,5.0,20.0,1842.642945616688,1175.326963720956,0.9798359927418271,0.044,True
deep_named_75336682_anchor_72154411,75336682,72154411,BP.SCYB.DP2,BP.SCYB.40.DP2,BP.SCYB.40.DP2,40,40,SCYB,DP2,250.0,10.0-40.0Hz,10.0,40.0,978.5466261053829,574.2576507674382,0.987819942225901,0.04,True
deep_named_75336682_anchor_72154411,75336682,72154411,BP.SCYB.DP2,BP.SCYB.40.DP2,BP.SCYB.40.DP2,40,40,SCYB,DP2,250.0,2.0-40.0Hz,2.0,40.0,1061.96349531387,1005.8934331890839,0.9615489846659871,0.044,True
deep_named_75336682_anchor_72154411,75336682,72154411,BP.SCYB.DP3,BP.SCYB.40.DP3,BP.SCYB.40.DP3,40,40,SCYB,DP3,250.0,2.0-10.0Hz,2.0,10.0,983.1650582874873,710.9933052927175,0.9703593379941587,0.048,True
deep_named_75336682_anchor_72154411,75336682,72154411,BP.SCYB.DP3,BP.SCYB.40.DP3,BP.SCYB.40.DP3,40,40,SCYB,DP3,250.0,5.0-20.0Hz,5.0,20.0,1875.1691179412328,789.0754437271917,0.978231210582001,0.044,True
deep_named_75336682_anchor_72154411,75336682,72154411,BP.SCYB.DP3,BP.SCYB.40.DP3,BP.SCYB.40.DP3,40,40,SCYB,DP3,250.0,10.0-40.0Hz,10.0,40.0,980.5999046747992,469.3827190035841,0.992490197439396,0.04,True
deep_named_75336682_anchor_72154411,75336682,72154411,BP.SCYB.DP3,BP.SCYB.40.DP3,BP.SCYB.40.DP3,40,40,SCYB,DP3,250.0,2.0-40.0Hz,2.0,40.0,1004.8347852994002,608.7637256296907,0.9512048723215755,0.044,True
deep_named_75336682_anchor_72359026,75336682,72359026,BK.PKD.HHE,BK.PKD.00.HHE,BK.PKD.00.HHE,00,00,PKD,HHE,100.0,2.0-10.0Hz,2.0,10.0,274.8221889216595,192.4207591221318,0.9653851234096258,0.03,True
deep_named_75336682_anchor_72359026,75336682,72359026,BK.PKD.HHE,BK.PKD.00.HHE,BK.PKD.00.HHE,00,00,PKD,HHE,100.0,5.0-20.0Hz,5.0,20.0,344.22317365187,275.75133516506725,0.9277780799885127,0.03,True
deep_named_75336682_anchor_72359026,75336682,72359026,BK.PKD.HHE,BK.PKD.00.HHE,BK.PKD.00.HHE,00,00,PKD,HHE,100.0,10.0-40.0Hz,10.0,40.0,191.84794774950143,184.37663047345185,0.7083128763135222,0.03,True
deep_named_75336682_anchor_72359026,75336682,72359026,BK.PKD.HHE,BK.PKD.00.HHE,BK.PKD.00.HHE,00,00,PKD,HHE,100.0,2.0-40.0Hz,2.0,40.0,254.0262998702574,195.93105064832088,0.9104626222872888,0.03,True
deep_named_75336682_anchor_72359026,75336682,72359026,BK.PKD.HHN,BK.PKD.00.HHN,BK.PKD.00.HHN,00,00,PKD,HHN,100.0,2.0-10.0Hz,2.0,10.0,229.93237594012749,204.7314316036659,0.9715345354791202,0.03,True
deep_named_75336682_anchor_72359026,75336682,72359026,BK.PKD.HHN,BK.PKD.00.HHN,BK.PKD.00.HHN,00,00,PKD,HHN,100.0,5.0-20.0Hz,5.0,20.0,351.5989216147396,350.2624804515207,0.8372110113091786,0.03,True
deep_named_75336682_anchor_72359026,75336682,72359026,BK.PKD.HHN,BK.PKD.00.HHN,BK.PKD.00.HHN,00,00,PKD,HHN,100.0,10.0-40.0Hz,10.0,40.0,203.22343460198186,276.20542658762366,0.6674976355631506,0.03,True
deep_named_75336682_anchor_72359026,75336682,72359026,BK.PKD.HHN,BK.PKD.00.HHN,BK.PKD.00.HHN,00,00,PKD,HHN,100.0,2.0-40.0Hz,2.0,40.0,228.53504694644494,231.65948448569662,0.8580342185523937,0.03,True
deep_named_75336682_anchor_72359026,75336682,72359026,BK.PKD.HHZ,BK.PKD.00.HHZ,BK.PKD.00.HHZ,00,00,PKD,HHZ,100.0,2.0-10.0Hz,2.0,10.0,229.64356503643774,129.91105695319186,0.9756260682094777,0.03,True
deep_named_75336682_anchor_72359026,75336682,72359026,BK.PKD.HHZ,BK.PKD.00.HHZ,BK.PKD.00.HHZ,00,00,PKD,HHZ,100.0,5.0-20.0Hz,5.0,20.0,350.3213888276075,265.3530077260987,0.9193440331108123,0.03,True
deep_named_75336682_anchor_72359026,75336682,72359026,BK.PKD.HHZ,BK.PKD.00.HHZ,BK.PKD.00.HHZ,00,00,PKD,HHZ,100.0,10.0-40.0Hz,10.0,40.0,275.7099662844274,382.35853872264903,0.8929024672182723,0.03,True
deep_named_75336682_anchor_72359026,75336682,72359026,BK.PKD.HHZ,BK.PKD.00.HHZ,BK.PKD.00.HHZ,00,00,PKD,HHZ,100.0,2.0-40.0Hz,2.0,40.0,257.8188033644866,192.59862522600173,0.9272462000817848,0.03,True
deep_named_75336682_anchor_72359026,75336682,72359026,BP.EADB.DP1,BP.EADB.40.DP1,BP.EADB.40.DP1,40,40,EADB,DP1,250.0,2.0-10.0Hz,2.0,10.0,80.55781768621276,90.67814701296416,0.9951861473708895,0.028,True
deep_named_75336682_anchor_72359026,75336682,72359026,BP.EADB.DP1,BP.EADB.40.DP1,BP.EADB.40.DP1,40,40,EADB,DP1,250.0,5.0-20.0Hz,5.0,20.0,129.85499691476568,91.01500436434874,0.9956760072796438,0.028,True
deep_named_75336682_anchor_72359026,75336682,72359026,BP.EADB.DP1,BP.EADB.40.DP1,BP.EADB.40.DP1,40,40,EADB,DP1,250.0,10.0-40.0Hz,10.0,40.0,47.07157103680303,39.61153221277148,0.9914719284236144,0.028,True
deep_named_75336682_anchor_72359026,75336682,72359026,BP.EADB.DP1,BP.EADB.40.DP1,BP.EADB.40.DP1,40,40,EADB,DP1,250.0,2.0-40.0Hz,2.0,40.0,80.75801383232664,87.7531052339804,0.9865326279621202,0.028,True
deep_named_75336682_anchor_72359026,75336682,72359026,BP.EADB.DP2,BP.EADB.40.DP2,BP.EADB.40.DP2,40,40,EADB,DP2,250.0,2.0-10.0Hz,2.0,10.0,168.8242042087344,149.72073147230336,0.9944232715890383,0.028,True
deep_named_75336682_anchor_72359026,75336682,72359026,BP.EADB.DP2,BP.EADB.40.DP2,BP.EADB.40.DP2,40,40,EADB,DP2,250.0,5.0-20.0Hz,5.0,20.0,139.28809212865292,82.85757152588369,0.9945647472017137,0.028,True
deep_named_75336682_anchor_72359026,75336682,72359026,BP.EADB.DP2,BP.EADB.40.DP2,BP.EADB.40.DP2,40,40,EADB,DP2,250.0,10.0-40.0Hz,10.0,40.0,46.91084329134873,29.992114162029953,0.9856208669476163,0.028,True
deep_named_75336682_anchor_72359026,75336682,72359026,BP.EADB.DP2,BP.EADB.40.DP2,BP.EADB.40.DP2,40,40,EADB,DP2,250.0,2.0-40.0Hz,2.0,40.0,151.31460482354856,124.38734122133017,0.983813341999714,0.028,True
deep_named_75336682_anchor_72359026,75336682,72359026,BP.EADB.DP3,BP.EADB.40.DP3,BP.EADB.40.DP3,40,40,EADB,DP3,250.0,2.0-10.0Hz,2.0,10.0,105.03934910493045,137.99096073923155,0.9859808065208303,0.028,True
deep_named_75336682_anchor_72359026,75336682,72359026,BP.EADB.DP3,BP.EADB.40.DP3,BP.EADB.40.DP3,40,40,EADB,DP3,250.0,5.0-20.0Hz,5.0,20.0,103.13735825500763,64.19963791286105,0.9686240410912059,0.028,True
deep_named_75336682_anchor_72359026,75336682,72359026,BP.EADB.DP3,BP.EADB.40.DP3,BP.EADB.40.DP3,40,40,EADB,DP3,250.0,10.0-40.0Hz,10.0,40.0,39.27037606611067,24.768960229981243,0.9648956800539484,0.028,True
deep_named_75336682_anchor_72359026,75336682,72359026,BP.EADB.DP3,BP.EADB.40.DP3,BP.EADB.40.DP3,40,40,EADB,DP3,250.0,2.0-40.0Hz,2.0,40.0,106.91773555988496,107.22691813042348,0.9661949599681868,0.028,True
deep_named_75336682_anchor_72359026,75336682,72359026,BP.FROB.DP1,BP.FROB.40.DP1,BP.FROB.40.DP1,40,40,FROB,DP1,250.0,2.0-10.0Hz,2.0,10.0,14.721788285708584,4.260931377143971,0.9638422093954109,0.032,True
deep_named_75336682_anchor_72359026,75336682,72359026,BP.FROB.DP1,BP.FROB.40.DP1,BP.FROB.40.DP1,40,40,FROB,DP1,250.0,5.0-20.0Hz,5.0,20.0,19.122123256416057,10.037625294593584,0.9810744496228295,0.032,True
deep_named_75336682_anchor_72359026,75336682,72359026,BP.FROB.DP1,BP.FROB.40.DP1,BP.FROB.40.DP1,40,40,FROB,DP1,250.0,10.0-40.0Hz,10.0,40.0,19.5686977301386,21.754868243843195,0.9556995198697402,0.032,True
deep_named_75336682_anchor_72359026,75336682,72359026,BP.FROB.DP1,BP.FROB.40.DP1,BP.FROB.40.DP1,40,40,FROB,DP1,250.0,2.0-40.0Hz,2.0,40.0,17.08126955106977,6.715129024373578,0.9577444674219977,0.032,True
deep_named_75336682_anchor_72359026,75336682,72359026,BP.FROB.DP2,BP.FROB.40.DP2,BP.FROB.40.DP2,40,40,FROB,DP2,250.0,2.0-10.0Hz,2.0,10.0,13.290518407497823,5.89799700710357,0.9618263666990071,0.032,True
deep_named_75336682_anchor_72359026,75336682,72359026,BP.FROB.DP2,BP.FROB.40.DP2,BP.FROB.40.DP2,40,40,FROB,DP2,250.0,5.0-20.0Hz,5.0,20.0,17.38213593712447,9.393229254127506,0.9718733659500466,0.032,True
deep_named_75336682_anchor_72359026,75336682,72359026,BP.FROB.DP2,BP.FROB.40.DP2,BP.FROB.40.DP2,40,40,FROB,DP2,250.0,10.0-40.0Hz,10.0,40.0,18.18903077383285,15.221083625156332,0.9445204068207735,0.032,True
deep_named_75336682_anchor_72359026,75336682,72359026,BP.FROB.DP2,BP.FROB.40.DP2,BP.FROB.40.DP2,40,40,FROB,DP2,250.0,2.0-40.0Hz,2.0,40.0,15.756399817525072,8.830351693514608,0.95374359568219,0.032,True
deep_named_75336682_anchor_72359026,75336682,72359026,BP.FROB.DP3,BP.FROB.40.DP3,BP.FROB.40.DP3,40,40,FROB,DP3,250.0,2.0-10.0Hz,2.0,10.0,16.944827977199004,1.2538445064641657,0.636766065055515,0.028,False
deep_named_75336682_anchor_72359026,75336682,72359026,BP.FROB.DP3,BP.FROB.40.DP3,BP.FROB.40.DP3,40,40,FROB,DP3,250.0,5.0-20.0Hz,5.0,20.0,16.527173784755323,1.7167857845902323,0.8260384721517674,0.032,False
deep_named_75336682_anchor_72359026,75336682,72359026,BP.FROB.DP3,BP.FROB.40.DP3,BP.FROB.40.DP3,40,40,FROB,DP3,250.0,10.0-40.0Hz,10.0,40.0,11.991881141795918,2.6635692194129974,0.8360366894337153,0.032,False
deep_named_75336682_anchor_72359026,75336682,72359026,BP.FROB.DP3,BP.FROB.40.DP3,BP.FROB.40.DP3,40,40,FROB,DP3,250.0,2.0-40.0Hz,2.0,40.0,14.486584671263822,1.3402311057852834,0.6742438645846919,0.032,False
deep_named_75336682_anchor_72359026,75336682,72359026,BP.GHIB.DP1,BP.GHIB.40.DP1,BP.GHIB.40.DP1,40,40,GHIB,DP1,250.0,2.0-10.0Hz,2.0,10.0,11.381715017573793,11.65749527303428,0.983776142236399,0.028,True
deep_named_75336682_anchor_72359026,75336682,72359026,BP.GHIB.DP1,BP.GHIB.40.DP1,BP.GHIB.40.DP1,40,40,GHIB,DP1,250.0,5.0-20.0Hz,5.0,20.0,21.22492769239673,17.52445251520764,0.9813913632773663,0.028,True
deep_named_75336682_anchor_72359026,75336682,72359026,BP.GHIB.DP1,BP.GHIB.40.DP1,BP.GHIB.40.DP1,40,40,GHIB,DP1,250.0,10.0-40.0Hz,10.0,40.0,13.769931933376633,10.877763938786716,0.9599391371608658,0.028,True
deep_named_75336682_anchor_72359026,75336682,72359026,BP.GHIB.DP1,BP.GHIB.40.DP1,BP.GHIB.40.DP1,40,40,GHIB,DP1,250.0,2.0-40.0Hz,2.0,40.0,12.207991746346975,11.813589689026871,0.9741747566766668,0.028,True
deep_named_75336682_anchor_72359026,75336682,72359026,BP.GHIB.DP3,BP.GHIB.40.DP3,BP.GHIB.40.DP3,40,40,GHIB,DP3,250.0,2.0-10.0Hz,2.0,10.0,3.320751520718092,6.838789843787416,0.9545781989607722,0.028,True
deep_named_75336682_anchor_72359026,75336682,72359026,BP.GHIB.DP3,BP.GHIB.40.DP3,BP.GHIB.40.DP3,40,40,GHIB,DP3,250.0,5.0-20.0Hz,5.0,20.0,3.0725883485075043,9.09040252007095,0.9187594153657963,0.028,True
deep_named_75336682_anchor_72359026,75336682,72359026,BP.GHIB.DP3,BP.GHIB.40.DP3,BP.GHIB.40.DP3,40,40,GHIB,DP3,250.0,10.0-40.0Hz,10.0,40.0,2.5606246391334953,7.33521507272659,0.8673912582851997,0.028,False
deep_named_75336682_anchor_72359026,75336682,72359026,BP.GHIB.DP3,BP.GHIB.40.DP3,BP.GHIB.40.DP3,40,40,GHIB,DP3,250.0,2.0-40.0Hz,2.0,40.0,3.1772868950873714,7.086713060661988,0.9407898983342655,0.028,True
deep_named_75336682_anchor_72359026,75336682,72359026,BP.JCNB.DP1,BP.JCNB.40.DP1,BP.JCNB.40.DP1,40,40,JCNB,DP1,250.0,2.0-10.0Hz,2.0,10.0,101.58002504281538,149.3727682786735,0.6635350752685963,0.012,True
deep_named_75336682_anchor_72359026,75336682,72359026,BP.JCNB.DP1,BP.JCNB.40.DP1,BP.JCNB.40.DP1,40,40,JCNB,DP1,250.0,5.0-20.0Hz,5.0,20.0,65.86793072209578,94.50869260095295,0.542652741954426,0.02,True
deep_named_75336682_anchor_72359026,75336682,72359026,BP.JCNB.DP1,BP.JCNB.40.DP1,BP.JCNB.40.DP1,40,40,JCNB,DP1,250.0,10.0-40.0Hz,10.0,40.0,29.48717160575117,25.8627175884617,0.6609817924900295,0.028,True
deep_named_75336682_anchor_72359026,75336682,72359026,BP.JCNB.DP1,BP.JCNB.40.DP1,BP.JCNB.40.DP1,40,40,JCNB,DP1,250.0,2.0-40.0Hz,2.0,40.0,51.92745584036137,42.043288085758945,0.5311470941962482,0.02,True
deep_named_75336682_anchor_72359026,75336682,72359026,BP.JCNB.DP2,BP.JCNB.40.DP2,BP.JCNB.40.DP2,40,40,JCNB,DP2,250.0,2.0-10.0Hz,2.0,10.0,27.500277476793485,65.50774865675082,0.8086946611447084,0.024,True
deep_named_75336682_anchor_72359026,75336682,72359026,BP.JCNB.DP2,BP.JCNB.40.DP2,BP.JCNB.40.DP2,40,40,JCNB,DP2,250.0,5.0-20.0Hz,5.0,20.0,37.293958238534294,51.63284674842229,0.5687135134694143,0.012,True
deep_named_75336682_anchor_72359026,75336682,72359026,BP.JCNB.DP2,BP.JCNB.40.DP2,BP.JCNB.40.DP2,40,40,JCNB,DP2,250.0,10.0-40.0Hz,10.0,40.0,33.378509270181794,27.61982969658828,0.5613479296169779,-0.056,True
deep_named_75336682_anchor_72359026,75336682,72359026,BP.JCNB.DP2,BP.JCNB.40.DP2,BP.JCNB.40.DP2,40,40,JCNB,DP2,250.0,2.0-40.0Hz,2.0,40.0,33.237446426529,29.451966309170988,0.534940684270288,0.012,True
deep_named_75336682_anchor_72359026,75336682,72359026,BP.JCNB.DP3,BP.JCNB.40.DP3,BP.JCNB.40.DP3,40,40,JCNB,DP3,250.0,2.0-10.0Hz,2.0,10.0,88.23899074164828,112.7899210450394,0.7371028363328503,-0.052,True
deep_named_75336682_anchor_72359026,75336682,72359026,BP.JCNB.DP3,BP.JCNB.40.DP3,BP.JCNB.40.DP3,40,40,JCNB,DP3,250.0,5.0-20.0Hz,5.0,20.0,31.241376297451644,13.669644403763273,0.26315728008798744,0.06,True
deep_named_75336682_anchor_72359026,75336682,72359026,BP.JCNB.DP3,BP.JCNB.40.DP3,BP.JCNB.40.DP3,40,40,JCNB,DP3,250.0,10.0-40.0Hz,10.0,40.0,28.63874175203189,8.839330393997868,0.29568944079023657,0.056,True
deep_named_75336682_anchor_72359026,75336682,72359026,BP.JCNB.DP3,BP.JCNB.40.DP3,BP.JCNB.40.DP3,40,40,JCNB,DP3,250.0,2.0-40.0Hz,2.0,40.0,30.155237737935092,12.309421873547814,0.22394554367871133,0.06,True
deep_named_75336682_anchor_72359026,75336682,72359026,BP.JCSB.DP1,BP.JCSB.40.DP1,BP.JCSB.40.DP1,40,40,JCSB,DP1,250.0,2.0-10.0Hz,2.0,10.0,682.60013328321,75.58369197964697,0.9964493965448827,0.028,True
deep_named_75336682_anchor_72359026,75336682,72359026,BP.JCSB.DP1,BP.JCSB.40.DP1,BP.JCSB.40.DP1,40,40,JCSB,DP1,250.0,5.0-20.0Hz,5.0,20.0,667.2172749972285,89.5760621716422,0.9920041402115332,0.028,True
deep_named_75336682_anchor_72359026,75336682,72359026,BP.JCSB.DP1,BP.JCSB.40.DP1,BP.JCSB.40.DP1,40,40,JCSB,DP1,250.0,10.0-40.0Hz,10.0,40.0,433.5098310354984,70.69944940611727,0.9877213049781239,0.028,True
deep_named_75336682_anchor_72359026,75336682,72359026,BP.JCSB.DP1,BP.JCSB.40.DP1,BP.JCSB.40.DP1,40,40,JCSB,DP1,250.0,2.0-40.0Hz,2.0,40.0,604.599403261502,75.80885356785106,0.9933020364949271,0.028,True
deep_named_75336682_anchor_72359026,75336682,72359026,BP.JCSB.DP2,BP.JCSB.40.DP2,BP.JCSB.40.DP2,40,40,JCSB,DP2,250.0,2.0-10.0Hz,2.0,10.0,5.342554340162256,3.0311021738017234,0.8901237373419073,0.028,True
deep_named_75336682_anchor_72359026,75336682,72359026,BP.JCSB.DP2,BP.JCSB.40.DP2,BP.JCSB.40.DP2,40,40,JCSB,DP2,250.0,5.0-20.0Hz,5.0,20.0,11.185613682210715,6.095715747913825,0.9634354421414504,0.028,True
deep_named_75336682_anchor_72359026,75336682,72359026,BP.JCSB.DP2,BP.JCSB.40.DP2,BP.JCSB.40.DP2,40,40,JCSB,DP2,250.0,10.0-40.0Hz,10.0,40.0,14.507880142196402,9.256395882270532,0.9747538080254767,0.028,True
deep_named_75336682_anchor_72359026,75336682,72359026,BP.JCSB.DP2,BP.JCSB.40.DP2,BP.JCSB.40.DP2,40,40,JCSB,DP2,250.0,2.0-40.0Hz,2.0,40.0,11.26236851848585,6.460099770020142,0.9642238450284284,0.028,True
deep_named_75336682_anchor_72359026,75336682,72359026,BP.JCSB.DP3,BP.JCSB.40.DP3,BP.JCSB.40.DP3,40,40,JCSB,DP3,250.0,2.0-10.0Hz,2.0,10.0,10.299562382137927,3.7620120729965407,0.945882023226054,0.028,True
deep_named_75336682_anchor_72359026,75336682,72359026,BP.JCSB.DP3,BP.JCSB.40.DP3,BP.JCSB.40.DP3,40,40,JCSB,DP3,250.0,5.0-20.0Hz,5.0,20.0,15.907183098828058,6.877861598646607,0.9745736117499073,0.028,True
deep_named_75336682_anchor_72359026,75336682,72359026,BP.JCSB.DP3,BP.JCSB.40.DP3,BP.JCSB.40.DP3,40,40,JCSB,DP3,250.0,10.0-40.0Hz,10.0,40.0,17.839102786588903,8.943002239525727,0.9682862957564496,0.028,True
deep_named_75336682_anchor_72359026,75336682,72359026,BP.JCSB.DP3,BP.JCSB.40.DP3,BP.JCSB.40.DP3,40,40,JCSB,DP3,250.0,2.0-40.0Hz,2.0,40.0,15.471224916242448,6.478928469445922,0.9651703277470862,0.028,True
deep_named_75336682_anchor_72359026,75336682,72359026,BP.LCCB.DP1,BP.LCCB.40.DP1,BP.LCCB.40.DP1,40,40,LCCB,DP1,250.0,2.0-10.0Hz,2.0,10.0,690.9008979365634,144.30519939242015,0.9718193102394929,0.028,True
deep_named_75336682_anchor_72359026,75336682,72359026,BP.LCCB.DP1,BP.LCCB.40.DP1,BP.LCCB.40.DP1,40,40,LCCB,DP1,250.0,5.0-20.0Hz,5.0,20.0,1446.960050781072,116.79960642395586,0.987172575349335,0.028,True
deep_named_75336682_anchor_72359026,75336682,72359026,BP.LCCB.DP1,BP.LCCB.40.DP1,BP.LCCB.40.DP1,40,40,LCCB,DP1,250.0,10.0-40.0Hz,10.0,40.0,1117.897190606578,48.054868990958056,0.9916113220961994,0.028,True
deep_named_75336682_anchor_72359026,75336682,72359026,BP.LCCB.DP1,BP.LCCB.40.DP1,BP.LCCB.40.DP1,40,40,LCCB,DP1,250.0,2.0-40.0Hz,2.0,40.0,800.5611939215778,77.92925931112896,0.978257088248669,0.028,True
deep_named_75336682_anchor_72359026,75336682,72359026,BP.LCCB.DP2,BP.LCCB.40.DP2,BP.LCCB.40.DP2,40,40,LCCB,DP2,250.0,2.0-10.0Hz,2.0,10.0,241.94870997644685,18.039683385308233,0.9912303241507718,0.028,True
deep_named_75336682_anchor_72359026,75336682,72359026,BP.LCCB.DP2,BP.LCCB.40.DP2,BP.LCCB.40.DP2,40,40,LCCB,DP2,250.0,5.0-20.0Hz,5.0,20.0,299.70580918181815,16.284071843198152,0.9880767818185824,0.028,True
deep_named_75336682_anchor_72359026,75336682,72359026,BP.LCCB.DP2,BP.LCCB.40.DP2,BP.LCCB.40.DP2,40,40,LCCB,DP2,250.0,10.0-40.0Hz,10.0,40.0,203.67826644732844,9.502071401472138,0.9781233792595232,0.028,True
deep_named_75336682_anchor_72359026,75336682,72359026,BP.LCCB.DP2,BP.LCCB.40.DP2,BP.LCCB.40.DP2,40,40,LCCB,DP2,250.0,2.0-40.0Hz,2.0,40.0,221.8767390013183,11.627260615733112,0.9840329443576034,0.028,True
deep_named_75336682_anchor_72359026,75336682,72359026,BP.LCCB.DP3,BP.LCCB.40.DP3,BP.LCCB.40.DP3,40,40,LCCB,DP3,250.0,2.0-10.0Hz,2.0,10.0,647.8554715109351,139.73969410475817,0.9846501199981813,0.028,True
deep_named_75336682_anchor_72359026,75336682,72359026,BP.LCCB.DP3,BP.LCCB.40.DP3,BP.LCCB.40.DP3,40,40,LCCB,DP3,250.0,5.0-20.0Hz,5.0,20.0,1143.1740879362753,91.96752254135689,0.9854550709157096,0.028,True
deep_named_75336682_anchor_72359026,75336682,72359026,BP.LCCB.DP3,BP.LCCB.40.DP3,BP.LCCB.40.DP3,40,40,LCCB,DP3,250.0,10.0-40.0Hz,10.0,40.0,1003.1124691936136,43.743895287550146,0.9900649973645897,0.028,True
deep_named_75336682_anchor_72359026,75336682,72359026,BP.LCCB.DP3,BP.LCCB.40.DP3,BP.LCCB.40.DP3,40,40,LCCB,DP3,250.0,2.0-40.0Hz,2.0,40.0,724.2210061610293,74.51334957861764,0.985671195956259,0.028,True
deep_named_75336682_anchor_72359026,75336682,72359026,BP.SCYB.DP1,BP.SCYB.40.DP1,BP.SCYB.40.DP1,40,40,SCYB,DP1,250.0,2.0-10.0Hz,2.0,10.0,1274.9982363575928,1172.4511618110148,0.9949619566929023,0.04,True
deep_named_75336682_anchor_72359026,75336682,72359026,BP.SCYB.DP1,BP.SCYB.40.DP1,BP.SCYB.40.DP1,40,40,SCYB,DP1,250.0,5.0-20.0Hz,5.0,20.0,1619.1658500330348,1326.0586498136606,0.9954121628664913,0.04,True
deep_named_75336682_anchor_72359026,75336682,72359026,BP.SCYB.DP1,BP.SCYB.40.DP1,BP.SCYB.40.DP1,40,40,SCYB,DP1,250.0,10.0-40.0Hz,10.0,40.0,1159.7939491218203,723.0585102047575,0.9933525300474146,0.04,True
deep_named_75336682_anchor_72359026,75336682,72359026,BP.SCYB.DP1,BP.SCYB.40.DP1,BP.SCYB.40.DP1,40,40,SCYB,DP1,250.0,2.0-40.0Hz,2.0,40.0,1281.1291244701883,1042.0029576535512,0.9946451392058847,0.04,True
deep_named_75336682_anchor_72359026,75336682,72359026,BP.SCYB.DP2,BP.SCYB.40.DP2,BP.SCYB.40.DP2,40,40,SCYB,DP2,250.0,2.0-10.0Hz,2.0,10.0,1059.153984891933,1013.9208429116369,0.9949673949413437,0.04,True
deep_named_75336682_anchor_72359026,75336682,72359026,BP.SCYB.DP2,BP.SCYB.40.DP2,BP.SCYB.40.DP2,40,40,SCYB,DP2,250.0,5.0-20.0Hz,5.0,20.0,1842.642945616688,1151.9217487291608,0.9936556837384612,0.04,True
deep_named_75336682_anchor_72359026,75336682,72359026,BP.SCYB.DP2,BP.SCYB.40.DP2,BP.SCYB.40.DP2,40,40,SCYB,DP2,250.0,10.0-40.0Hz,10.0,40.0,978.5466261053829,492.541363288504,0.9904708869957685,0.04,True
deep_named_75336682_anchor_72359026,75336682,72359026,BP.SCYB.DP2,BP.SCYB.40.DP2,BP.SCYB.40.DP2,40,40,SCYB,DP2,250.0,2.0-40.0Hz,2.0,40.0,1061.96349531387,894.3301530408527,0.9945124421675824,0.04,True
deep_named_75336682_anchor_72359026,75336682,72359026,BP.SCYB.DP3,BP.SCYB.40.DP3,BP.SCYB.40.DP3,40,40,SCYB,DP3,250.0,2.0-10.0Hz,2.0,10.0,983.1650582874873,809.0954847376594,0.9955688750047544,0.04,True
deep_named_75336682_anchor_72359026,75336682,72359026,BP.SCYB.DP3,BP.SCYB.40.DP3,BP.SCYB.40.DP3,40,40,SCYB,DP3,250.0,5.0-20.0Hz,5.0,20.0,1875.1691179412328,1000.3592721639451,0.9929036102013301,0.04,True
deep_named_75336682_anchor_72359026,75336682,72359026,BP.SCYB.DP3,BP.SCYB.40.DP3,BP.SCYB.40.DP3,40,40,SCYB,DP3,250.0,10.0-40.0Hz,10.0,40.0,980.5999046747992,596.0420344216835,0.991462962510723,0.04,True
deep_named_75336682_anchor_72359026,75336682,72359026,BP.SCYB.DP3,BP.SCYB.40.DP3,BP.SCYB.40.DP3,40,40,SCYB,DP3,250.0,2.0-40.0Hz,2.0,40.0,1004.8347852994002,768.5881491464552,0.9946470927275645,0.04,True
deep_named_75343317_anchor_51214531,75343317,51214531,BP.CCRB.DP1,BP.CCRB.40.DP1,BP.CCRB..DP1,40,,CCRB,DP1,250.0,2.0-10.0Hz,2.0,10.0,1074.156454469295,118.79117905537943,0.46433096477498303,0.072,True
deep_named_75343317_anchor_51214531,75343317,51214531,BP.CCRB.DP1,BP.CCRB.40.DP1,BP.CCRB..DP1,40,,CCRB,DP1,250.0,5.0-20.0Hz,5.0,20.0,3055.9508427965425,313.616315484446,0.7479334754392225,0.076,True
deep_named_75343317_anchor_51214531,75343317,51214531,BP.CCRB.DP1,BP.CCRB.40.DP1,BP.CCRB..DP1,40,,CCRB,DP1,250.0,10.0-40.0Hz,10.0,40.0,3953.027756255988,581.3656965493266,0.7462727721241081,0.076,True
deep_named_75343317_anchor_51214531,75343317,51214531,BP.CCRB.DP1,BP.CCRB.40.DP1,BP.CCRB..DP1,40,,CCRB,DP1,250.0,2.0-40.0Hz,2.0,40.0,2397.952772925051,327.62317104245875,0.7084006859001426,0.076,True
deep_named_75343317_anchor_51214531,75343317,51214531,BP.CCRB.DP2,BP.CCRB.40.DP2,BP.CCRB..DP2,40,,CCRB,DP2,250.0,2.0-10.0Hz,2.0,10.0,549.8090576702067,90.21904482418113,0.25726480168937155,0.36,True
deep_named_75343317_anchor_51214531,75343317,51214531,BP.CCRB.DP2,BP.CCRB.40.DP2,BP.CCRB..DP2,40,,CCRB,DP2,250.0,5.0-20.0Hz,5.0,20.0,1165.6320523764805,169.8874430739322,0.2094777703331937,0.484,True
deep_named_75343317_anchor_51214531,75343317,51214531,BP.CCRB.DP2,BP.CCRB.40.DP2,BP.CCRB..DP2,40,,CCRB,DP2,250.0,10.0-40.0Hz,10.0,40.0,1594.8079946270097,222.8465286071905,0.2883711769740942,0.084,True
deep_named_75343317_anchor_51214531,75343317,51214531,BP.CCRB.DP2,BP.CCRB.40.DP2,BP.CCRB..DP2,40,,CCRB,DP2,250.0,2.0-40.0Hz,2.0,40.0,783.0325459447789,128.66859614792844,0.17852204347607492,0.484,True
deep_named_75343317_anchor_51214531,75343317,51214531,BP.CCRB.DP3,BP.CCRB.40.DP3,BP.CCRB..DP3,40,,CCRB,DP3,250.0,2.0-10.0Hz,2.0,10.0,723.5370149566094,0.914485140562439,0.22545341278709854,0.104,False
deep_named_75343317_anchor_51214531,75343317,51214531,BP.CCRB.DP3,BP.CCRB.40.DP3,BP.CCRB..DP3,40,,CCRB,DP3,250.0,5.0-20.0Hz,5.0,20.0,1389.4557764069696,1.0682325954944083,0.19244304143174815,0.104,False
deep_named_75343317_anchor_51214531,75343317,51214531,BP.CCRB.DP3,BP.CCRB.40.DP3,BP.CCRB..DP3,40,,CCRB,DP3,250.0,10.0-40.0Hz,10.0,40.0,2020.0133849865492,1.0898527451527722,0.17880171935858444,0.1,False
deep_named_75343317_anchor_51214531,75343317,51214531,BP.CCRB.DP3,BP.CCRB.40.DP3,BP.CCRB..DP3,40,,CCRB,DP3,250.0,2.0-40.0Hz,2.0,40.0,956.8040586441007,1.0391733321840135,0.17741272161927038,0.1,False
deep_named_75343317_anchor_51214531,75343317,51214531,BP.EADB.DP1,BP.EADB.40.DP1,BP.EADB..DP1,40,,EADB,DP1,250.0,2.0-10.0Hz,2.0,10.0,111.41579366610256,55.3225379456065,0.3248387938961724,0.164,True
deep_named_75343317_anchor_51214531,75343317,51214531,BP.EADB.DP1,BP.EADB.40.DP1,BP.EADB..DP1,40,,EADB,DP1,250.0,5.0-20.0Hz,5.0,20.0,120.22316175692981,49.23983759786967,0.28525777487638654,-0.016,True
deep_named_75343317_anchor_51214531,75343317,51214531,BP.EADB.DP1,BP.EADB.40.DP1,BP.EADB..DP1,40,,EADB,DP1,250.0,10.0-40.0Hz,10.0,40.0,58.12429109723144,22.81690640706947,0.4298366049683274,0.096,True
deep_named_75343317_anchor_51214531,75343317,51214531,BP.EADB.DP1,BP.EADB.40.DP1,BP.EADB..DP1,40,,EADB,DP1,250.0,2.0-40.0Hz,2.0,40.0,101.7502687882016,47.72855654273528,0.3040425915345189,0.172,True
deep_named_75343317_anchor_51214531,75343317,51214531,BP.EADB.DP2,BP.EADB.40.DP2,BP.EADB..DP2,40,,EADB,DP2,250.0,2.0-10.0Hz,2.0,10.0,123.81046604778656,71.52809277891325,0.6913945584153725,0.184,True
deep_named_75343317_anchor_51214531,75343317,51214531,BP.EADB.DP2,BP.EADB.40.DP2,BP.EADB..DP2,40,,EADB,DP2,250.0,5.0-20.0Hz,5.0,20.0,82.31406471210508,55.82815466044312,0.5463737126546506,0.18,True
deep_named_75343317_anchor_51214531,75343317,51214531,BP.EADB.DP2,BP.EADB.40.DP2,BP.EADB..DP2,40,,EADB,DP2,250.0,10.0-40.0Hz,10.0,40.0,40.068192294376324,26.050706530428297,0.38191238112344256,0.176,True
deep_named_75343317_anchor_51214531,75343317,51214531,BP.EADB.DP2,BP.EADB.40.DP2,BP.EADB..DP2,40,,EADB,DP2,250.0,2.0-40.0Hz,2.0,40.0,111.42380436087215,61.634001284173195,0.6785856670832778,0.184,True
deep_named_75343317_anchor_51214531,75343317,51214531,BP.EADB.DP3,BP.EADB.40.DP3,BP.EADB..DP3,40,,EADB,DP3,250.0,2.0-10.0Hz,2.0,10.0,104.0272231336235,53.58546716213634,0.6203477195873027,0.18,True
deep_named_75343317_anchor_51214531,75343317,51214531,BP.EADB.DP3,BP.EADB.40.DP3,BP.EADB..DP3,40,,EADB,DP3,250.0,5.0-20.0Hz,5.0,20.0,81.17155177187263,31.45918885892672,0.36997379360140437,-0.012,True
deep_named_75343317_anchor_51214531,75343317,51214531,BP.EADB.DP3,BP.EADB.40.DP3,BP.EADB..DP3,40,,EADB,DP3,250.0,10.0-40.0Hz,10.0,40.0,43.208163457938696,13.397308551939556,0.5025750744314758,0.096,True
deep_named_75343317_anchor_51214531,75343317,51214531,BP.EADB.DP3,BP.EADB.40.DP3,BP.EADB..DP3,40,,EADB,DP3,250.0,2.0-40.0Hz,2.0,40.0,105.25648651433298,40.080114834370974,0.635380603123681,0.18,True
deep_named_75343317_anchor_51214531,75343317,51214531,BP.FROB.DP1,BP.FROB.40.DP1,BP.FROB..DP1,40,,FROB,DP1,250.0,2.0-10.0Hz,2.0,10.0,15.159625390729854,33.13931186912395,0.2942332520228951,0.18,True
deep_named_75343317_anchor_51214531,75343317,51214531,BP.FROB.DP1,BP.FROB.40.DP1,BP.FROB..DP1,40,,FROB,DP1,250.0,5.0-20.0Hz,5.0,20.0,19.7803595355443,58.38411660886369,0.2706828094221773,0.176,True
deep_named_75343317_anchor_51214531,75343317,51214531,BP.FROB.DP1,BP.FROB.40.DP1,BP.FROB..DP1,40,,FROB,DP1,250.0,10.0-40.0Hz,10.0,40.0,19.81475965840155,73.89829832799535,0.29964474168458605,0.092,True
deep_named_75343317_anchor_51214531,75343317,51214531,BP.FROB.DP1,BP.FROB.40.DP1,BP.FROB..DP1,40,,FROB,DP1,250.0,2.0-40.0Hz,2.0,40.0,17.547131920757693,49.624911524861425,0.2384670523686014,0.176,True
deep_named_75343317_anchor_51214531,75343317,51214531,BP.FROB.DP2,BP.FROB.40.DP2,BP.FROB..DP2,40,,FROB,DP2,250.0,2.0-10.0Hz,2.0,10.0,15.558321025510361,32.552353277134266,0.31413837390704913,0.16,True
deep_named_75343317_anchor_51214531,75343317,51214531,BP.FROB.DP2,BP.FROB.40.DP2,BP.FROB..DP2,40,,FROB,DP2,250.0,5.0-20.0Hz,5.0,20.0,19.52380502542823,38.40742077032753,0.2880279170913913,0.172,True
deep_named_75343317_anchor_51214531,75343317,51214531,BP.FROB.DP2,BP.FROB.40.DP2,BP.FROB..DP2,40,,FROB,DP2,250.0,10.0-40.0Hz,10.0,40.0,18.36775439187739,42.45892225027907,0.2114361314019818,0.092,True
deep_named_75343317_anchor_51214531,75343317,51214531,BP.FROB.DP2,BP.FROB.40.DP2,BP.FROB..DP2,40,,FROB,DP2,250.0,2.0-40.0Hz,2.0,40.0,17.068103424433396,39.54042744652757,0.2455345154476998,0.172,True
deep_named_75343317_anchor_51214531,75343317,51214531,BP.FROB.DP3,BP.FROB.40.DP3,BP.FROB..DP3,40,,FROB,DP3,250.0,2.0-10.0Hz,2.0,10.0,17.463194710959453,37.07352658324447,0.5050634025094348,0.164,True
deep_named_75343317_anchor_51214531,75343317,51214531,BP.FROB.DP3,BP.FROB.40.DP3,BP.FROB..DP3,40,,FROB,DP3,250.0,5.0-20.0Hz,5.0,20.0,17.092456041916858,45.36322220808987,0.4256071358411891,0.168,True
deep_named_75343317_anchor_51214531,75343317,51214531,BP.FROB.DP3,BP.FROB.40.DP3,BP.FROB..DP3,40,,FROB,DP3,250.0,10.0-40.0Hz,10.0,40.0,12.774999973309326,51.07041741560048,0.20988717010496158,0.088,True
deep_named_75343317_anchor_51214531,75343317,51214531,BP.FROB.DP3,BP.FROB.40.DP3,BP.FROB..DP3,40,,FROB,DP3,250.0,2.0-40.0Hz,2.0,40.0,15.434980231918134,41.746527876974504,0.33047765174993504,0.164,True
deep_named_75343317_anchor_51214531,75343317,51214531,BP.GHIB.DP1,BP.GHIB.40.DP1,BP.GHIB..DP1,40,,GHIB,DP1,250.0,2.0-10.0Hz,2.0,10.0,12.46613770124475,1.6931163525484692,0.6944789108942347,0.108,False
deep_named_75343317_anchor_51214531,75343317,51214531,BP.GHIB.DP1,BP.GHIB.40.DP1,BP.GHIB..DP1,40,,GHIB,DP1,250.0,5.0-20.0Hz,5.0,20.0,15.304814838703013,2.3962866887335705,0.5369545578538971,0.104,False
deep_named_75343317_anchor_51214531,75343317,51214531,BP.GHIB.DP1,BP.GHIB.40.DP1,BP.GHIB..DP1,40,,GHIB,DP1,250.0,10.0-40.0Hz,10.0,40.0,22.47150020856215,0.6811129585874992,0.6041621773948112,0.104,False
deep_named_75343317_anchor_51214531,75343317,51214531,BP.GHIB.DP1,BP.GHIB.40.DP1,BP.GHIB..DP1,40,,GHIB,DP1,250.0,2.0-40.0Hz,2.0,40.0,13.966840380305262,1.1386605845591107,0.6642686252234432,0.104,False
deep_named_75343317_anchor_51214531,75343317,51214531,BP.GHIB.DP3,BP.GHIB.40.DP3,BP.GHIB..DP3,40,,GHIB,DP3,250.0,2.0-10.0Hz,2.0,10.0,11.338478237072291,6.699780973955954,0.5565688630222845,0.112,True
deep_named_75343317_anchor_51214531,75343317,51214531,BP.GHIB.DP3,BP.GHIB.40.DP3,BP.GHIB..DP3,40,,GHIB,DP3,250.0,5.0-20.0Hz,5.0,20.0,11.931527000909512,9.029557060862325,0.42510896654156594,0.104,True
deep_named_75343317_anchor_51214531,75343317,51214531,BP.GHIB.DP3,BP.GHIB.40.DP3,BP.GHIB..DP3,40,,GHIB,DP3,250.0,10.0-40.0Hz,10.0,40.0,11.22457891627594,7.0787172932911755,0.39729297336573444,0.1,True
deep_named_75343317_anchor_51214531,75343317,51214531,BP.GHIB.DP3,BP.GHIB.40.DP3,BP.GHIB..DP3,40,,GHIB,DP3,250.0,2.0-40.0Hz,2.0,40.0,11.54174986710341,7.057501522107244,0.4984625661752812,0.104,True
deep_named_75343317_anchor_51214531,75343317,51214531,BP.JCSB.DP1,BP.JCSB.40.DP1,BP.JCSB..DP1,40,,JCSB,DP1,250.0,2.0-10.0Hz,2.0,10.0,402.7418522875113,200.72198493799243,0.8280373216895491,0.164,True
deep_named_75343317_anchor_51214531,75343317,51214531,BP.JCSB.DP1,BP.JCSB.40.DP1,BP.JCSB..DP1,40,,JCSB,DP1,250.0,5.0-20.0Hz,5.0,20.0,212.1306148971622,233.38728867768125,0.6625654509002303,0.164,True
deep_named_75343317_anchor_51214531,75343317,51214531,BP.JCSB.DP1,BP.JCSB.40.DP1,BP.JCSB..DP1,40,,JCSB,DP1,250.0,10.0-40.0Hz,10.0,40.0,156.71269481208157,202.90688667496175,0.5715782349582335,0.084,True
deep_named_75343317_anchor_51214531,75343317,51214531,BP.JCSB.DP1,BP.JCSB.40.DP1,BP.JCSB..DP1,40,,JCSB,DP1,250.0,2.0-40.0Hz,2.0,40.0,263.66520706129165,206.18878309743977,0.7554574118910532,0.164,True
deep_named_75343317_anchor_51214531,75343317,51214531,BP.JCSB.DP2,BP.JCSB.40.DP2,BP.JCSB..DP2,40,,JCSB,DP2,250.0,2.0-10.0Hz,2.0,10.0,5.337107237694633,8.062473712609913,0.18740513706267153,0.332,True
deep_named_75343317_anchor_51214531,75343317,51214531,BP.JCSB.DP2,BP.JCSB.40.DP2,BP.JCSB..DP2,40,,JCSB,DP2,250.0,5.0-20.0Hz,5.0,20.0,12.199362992312555,6.255771928011976,0.48036308200604466,0.168,True
deep_named_75343317_anchor_51214531,75343317,51214531,BP.JCSB.DP2,BP.JCSB.40.DP2,BP.JCSB..DP2,40,,JCSB,DP2,250.0,10.0-40.0Hz,10.0,40.0,18.271324065688457,8.20395255156163,0.49546773375784214,0.096,True
deep_named_75343317_anchor_51214531,75343317,51214531,BP.JCSB.DP2,BP.JCSB.40.DP2,BP.JCSB..DP2,40,,JCSB,DP2,250.0,2.0-40.0Hz,2.0,40.0,12.262874447383654,7.98762608110911,0.2767631165237112,0.096,True
deep_named_75343317_anchor_51214531,75343317,51214531,BP.JCSB.DP3,BP.JCSB.40.DP3,BP.JCSB..DP3,40,,JCSB,DP3,250.0,2.0-10.0Hz,2.0,10.0,12.113009338814555,0.9953798428100272,0.11826722847320419,0.5,False
deep_named_75343317_anchor_51214531,75343317,51214531,BP.JCSB.DP3,BP.JCSB.40.DP3,BP.JCSB..DP3,40,,JCSB,DP3,250.0,5.0-20.0Hz,5.0,20.0,17.94339691136154,1.0057189921744092,0.13804190101261568,-0.444,False
deep_named_75343317_anchor_51214531,75343317,51214531,BP.JCSB.DP3,BP.JCSB.40.DP3,BP.JCSB..DP3,40,,JCSB,DP3,250.0,10.0-40.0Hz,10.0,40.0,18.64910947132687,1.0795684761271183,0.1072666455370399,0.208,False
deep_named_75343317_anchor_51214531,75343317,51214531,BP.JCSB.DP3,BP.JCSB.40.DP3,BP.JCSB..DP3,40,,JCSB,DP3,250.0,2.0-40.0Hz,2.0,40.0,16.527565647116162,1.0400833932061937,0.08042931007200622,0.208,False
deep_named_75343317_anchor_51214531,75343317,51214531,BP.LCCB.DP1,BP.LCCB.40.DP1,BP.LCCB..DP1,40,,LCCB,DP1,250.0,2.0-10.0Hz,2.0,10.0,967.0648708083729,57.18499040453204,0.3798763354187611,0.16,True
deep_named_75343317_anchor_51214531,75343317,51214531,BP.LCCB.DP1,BP.LCCB.40.DP1,BP.LCCB..DP1,40,,LCCB,DP1,250.0,5.0-20.0Hz,5.0,20.0,1327.0314830409059,65.02017320565218,0.3337333555446141,0.168,True
deep_named_75343317_anchor_51214531,75343317,51214531,BP.LCCB.DP1,BP.LCCB.40.DP1,BP.LCCB..DP1,40,,LCCB,DP1,250.0,10.0-40.0Hz,10.0,40.0,819.216695990769,45.74787659674204,0.29527541000533297,-0.392,True
deep_named_75343317_anchor_51214531,75343317,51214531,BP.LCCB.DP1,BP.LCCB.40.DP1,BP.LCCB..DP1,40,,LCCB,DP1,250.0,2.0-40.0Hz,2.0,40.0,971.201321471341,51.13748371532447,0.3235818201723736,0.164,True
deep_named_75343317_anchor_51214531,75343317,51214531,BP.LCCB.DP2,BP.LCCB.40.DP2,BP.LCCB..DP2,40,,LCCB,DP2,250.0,2.0-10.0Hz,2.0,10.0,77.54259050850602,339.07191327236086,0.6846090704906799,0.148,True
deep_named_75343317_anchor_51214531,75343317,51214531,BP.LCCB.DP2,BP.LCCB.40.DP2,BP.LCCB..DP2,40,,LCCB,DP2,250.0,5.0-20.0Hz,5.0,20.0,155.4016803890679,380.79922745145615,0.39601195617441515,0.16,True
deep_named_75343317_anchor_51214531,75343317,51214531,BP.LCCB.DP2,BP.LCCB.40.DP2,BP.LCCB..DP2,40,,LCCB,DP2,250.0,10.0-40.0Hz,10.0,40.0,163.82680968622387,225.26153528557327,0.30666501193741563,0.1,True
deep_named_75343317_anchor_51214531,75343317,51214531,BP.LCCB.DP2,BP.LCCB.40.DP2,BP.LCCB..DP2,40,,LCCB,DP2,250.0,2.0-40.0Hz,2.0,40.0,114.74441485151108,269.7435359163324,0.3623727211481212,0.16,True
deep_named_75343317_anchor_51214531,75343317,51214531,BP.LCCB.DP3,BP.LCCB.40.DP3,BP.LCCB..DP3,40,,LCCB,DP3,250.0,2.0-10.0Hz,2.0,10.0,1108.2147318148118,455.4043116511137,0.42516597481626184,0.152,True
deep_named_75343317_anchor_51214531,75343317,51214531,BP.LCCB.DP3,BP.LCCB.40.DP3,BP.LCCB..DP3,40,,LCCB,DP3,250.0,5.0-20.0Hz,5.0,20.0,1400.1626622383633,611.6722687752268,0.2352936732486012,-0.28,True
deep_named_75343317_anchor_51214531,75343317,51214531,BP.LCCB.DP3,BP.LCCB.40.DP3,BP.LCCB..DP3,40,,LCCB,DP3,250.0,10.0-40.0Hz,10.0,40.0,903.8856783370064,480.70426262605315,0.25586146530672016,0.496,True
deep_named_75343317_anchor_51214531,75343317,51214531,BP.LCCB.DP3,BP.LCCB.40.DP3,BP.LCCB..DP3,40,,LCCB,DP3,250.0,2.0-40.0Hz,2.0,40.0,1078.1254836858702,461.57774872518115,0.3080424693031195,0.156,True
deep_named_75343317_anchor_51214531,75343317,51214531,BP.MMNB.DP1,BP.MMNB.40.DP1,BP.MMNB..DP1,40,,MMNB,DP1,250.0,2.0-10.0Hz,2.0,10.0,948.3060988917163,1.4744418828185892,0.17429377094363283,-0.28,False
deep_named_75343317_anchor_51214531,75343317,51214531,BP.MMNB.DP1,BP.MMNB.40.DP1,BP.MMNB..DP1,40,,MMNB,DP1,250.0,5.0-20.0Hz,5.0,20.0,1385.5836658306318,1.3497729850336648,0.23845915694402253,-0.136,False
deep_named_75343317_anchor_51214531,75343317,51214531,BP.MMNB.DP1,BP.MMNB.40.DP1,BP.MMNB..DP1,40,,MMNB,DP1,250.0,10.0-40.0Hz,10.0,40.0,684.2148584594745,1.406303627915425,0.192335313563402,0.276,False
deep_named_75343317_anchor_51214531,75343317,51214531,BP.MMNB.DP1,BP.MMNB.40.DP1,BP.MMNB..DP1,40,,MMNB,DP1,250.0,2.0-40.0Hz,2.0,40.0,922.2021501113555,1.4551490241947158,0.14890802946264853,-0.408,False
deep_named_75343317_anchor_51214531,75343317,51214531,BP.MMNB.DP2,BP.MMNB.40.DP2,BP.MMNB..DP2,40,,MMNB,DP2,250.0,2.0-10.0Hz,2.0,10.0,786.2528810398933,1.4230488454564196,0.11761460738568366,0.092,False
deep_named_75343317_anchor_51214531,75343317,51214531,BP.MMNB.DP2,BP.MMNB.40.DP2,BP.MMNB..DP2,40,,MMNB,DP2,250.0,5.0-20.0Hz,5.0,20.0,1238.1722280249896,1.350124812238209,0.1791359111832072,0.108,False
deep_named_75343317_anchor_51214531,75343317,51214531,BP.MMNB.DP2,BP.MMNB.40.DP2,BP.MMNB..DP2,40,,MMNB,DP2,250.0,10.0-40.0Hz,10.0,40.0,690.1427618462427,1.4232623354865148,0.2166091361491806,0.196,False
deep_named_75343317_anchor_51214531,75343317,51214531,BP.MMNB.DP2,BP.MMNB.40.DP2,BP.MMNB..DP2,40,,MMNB,DP2,250.0,2.0-40.0Hz,2.0,40.0,808.3186437664851,1.4194157303047599,0.127128349980806,0.104,False
deep_named_75343317_anchor_51214531,75343317,51214531,BP.MMNB.DP3,BP.MMNB.40.DP3,BP.MMNB..DP3,40,,MMNB,DP3,250.0,2.0-10.0Hz,2.0,10.0,566.7504545929613,282.3426742836104,0.5783637409228477,0.164,True
deep_named_75343317_anchor_51214531,75343317,51214531,BP.MMNB.DP3,BP.MMNB.40.DP3,BP.MMNB..DP3,40,,MMNB,DP3,250.0,5.0-20.0Hz,5.0,20.0,1229.1735789554684,473.97752818355235,0.644672984373732,0.172,True
deep_named_75343317_anchor_51214531,75343317,51214531,BP.MMNB.DP3,BP.MMNB.40.DP3,BP.MMNB..DP3,40,,MMNB,DP3,250.0,10.0-40.0Hz,10.0,40.0,966.2550223336708,258.8886180931402,0.681169791547168,0.176,True
deep_named_75343317_anchor_51214531,75343317,51214531,BP.MMNB.DP3,BP.MMNB.40.DP3,BP.MMNB..DP3,40,,MMNB,DP3,250.0,2.0-40.0Hz,2.0,40.0,714.486303752617,299.57820056206003,0.6187039905563505,0.172,True
deep_named_75343317_anchor_51214531,75343317,51214531,BP.SCYB.DP1,BP.SCYB.40.DP1,BP.SCYB..DP1,40,,SCYB,DP1,250.0,2.0-10.0Hz,2.0,10.0,2078.4804679153794,517.6734632416473,0.3538321249477163,0.168,True
deep_named_75343317_anchor_51214531,75343317,51214531,BP.SCYB.DP1,BP.SCYB.40.DP1,BP.SCYB..DP1,40,,SCYB,DP1,250.0,5.0-20.0Hz,5.0,20.0,3520.5345965390884,662.4152485290651,0.34939614329934476,0.168,True
deep_named_75343317_anchor_51214531,75343317,51214531,BP.SCYB.DP1,BP.SCYB.40.DP1,BP.SCYB..DP1,40,,SCYB,DP1,250.0,10.0-40.0Hz,10.0,40.0,1680.5960141876878,414.79960168393836,0.4401395502214236,-0.116,True
deep_named_75343317_anchor_51214531,75343317,51214531,BP.SCYB.DP1,BP.SCYB.40.DP1,BP.SCYB..DP1,40,,SCYB,DP1,250.0,2.0-40.0Hz,2.0,40.0,2033.0447969773677,491.82615972456796,0.32893927053729394,0.168,True
deep_named_75343317_anchor_51214531,75343317,51214531,BP.SCYB.DP2,BP.SCYB.40.DP2,BP.SCYB..DP2,40,,SCYB,DP2,250.0,2.0-10.0Hz,2.0,10.0,1603.4496173854811,562.5451857757329,0.4105681884756035,0.14,True
deep_named_75343317_anchor_51214531,75343317,51214531,BP.SCYB.DP2,BP.SCYB.40.DP2,BP.SCYB..DP2,40,,SCYB,DP2,250.0,5.0-20.0Hz,5.0,20.0,2579.8013087280538,631.6868184288742,0.2883155810556613,0.164,True
deep_named_75343317_anchor_51214531,75343317,51214531,BP.SCYB.DP2,BP.SCYB.40.DP2,BP.SCYB..DP2,40,,SCYB,DP2,250.0,10.0-40.0Hz,10.0,40.0,1082.8114808849123,311.81948288235327,0.33714959288508684,0.16,True
deep_named_75343317_anchor_51214531,75343317,51214531,BP.SCYB.DP2,BP.SCYB.40.DP2,BP.SCYB..DP2,40,,SCYB,DP2,250.0,2.0-40.0Hz,2.0,40.0,1600.5912952844506,494.46348245811413,0.3701507036591584,0.152,True
deep_named_75343317_anchor_51214531,75343317,51214531,BP.SCYB.DP3,BP.SCYB.40.DP3,BP.SCYB..DP3,40,,SCYB,DP3,250.0,2.0-10.0Hz,2.0,10.0,1208.1537889271658,436.1924627352675,0.27294799056735763,0.188,True
deep_named_75343317_anchor_51214531,75343317,51214531,BP.SCYB.DP3,BP.SCYB.40.DP3,BP.SCYB..DP3,40,,SCYB,DP3,250.0,5.0-20.0Hz,5.0,20.0,2820.7822862960033,587.3018560516831,0.2205854197077717,0.188,True
deep_named_75343317_anchor_51214531,75343317,51214531,BP.SCYB.DP3,BP.SCYB.40.DP3,BP.SCYB..DP3,40,,SCYB,DP3,250.0,10.0-40.0Hz,10.0,40.0,1278.8278631830312,355.83878381349894,0.21053193961435937,0.5,True
deep_named_75343317_anchor_51214531,75343317,51214531,BP.SCYB.DP3,BP.SCYB.40.DP3,BP.SCYB..DP3,40,,SCYB,DP3,250.0,2.0-40.0Hz,2.0,40.0,1249.7802221622287,417.95847696962505,0.24070509764346928,0.188,True
deep_named_75343317_anchor_51214531,75343317,51214531,BP.SMNB.DP1,BP.SMNB.40.DP1,BP.SMNB..DP1,40,,SMNB,DP1,250.0,2.0-10.0Hz,2.0,10.0,977.1533043279763,343.1880201436833,0.7600608487811076,0.064,True
deep_named_75343317_anchor_51214531,75343317,51214531,BP.SMNB.DP1,BP.SMNB.40.DP1,BP.SMNB..DP1,40,,SMNB,DP1,250.0,5.0-20.0Hz,5.0,20.0,1578.0389130647516,560.9195675568909,0.49422493027468406,0.06,True
deep_named_75343317_anchor_51214531,75343317,51214531,BP.SMNB.DP1,BP.SMNB.40.DP1,BP.SMNB..DP1,40,,SMNB,DP1,250.0,10.0-40.0Hz,10.0,40.0,2104.9551325833972,731.3951097287741,0.27024553892391,0.06,True
deep_named_75343317_anchor_51214531,75343317,51214531,BP.SMNB.DP1,BP.SMNB.40.DP1,BP.SMNB..DP1,40,,SMNB,DP1,250.0,2.0-40.0Hz,2.0,40.0,1252.1091734929792,490.84063655956214,0.46691871021642856,0.06,True
deep_named_75343317_anchor_51214531,75343317,51214531,BP.SMNB.DP2,BP.SMNB.40.DP2,BP.SMNB..DP2,40,,SMNB,DP2,250.0,2.0-10.0Hz,2.0,10.0,750.9930393261496,278.46401456770406,0.5366502187402683,0.076,True
deep_named_75343317_anchor_51214531,75343317,51214531,BP.SMNB.DP2,BP.SMNB.40.DP2,BP.SMNB..DP2,40,,SMNB,DP2,250.0,5.0-20.0Hz,5.0,20.0,1130.1707557534653,433.51323418540613,0.45829305235192047,0.076,True
deep_named_75343317_anchor_51214531,75343317,51214531,BP.SMNB.DP2,BP.SMNB.40.DP2,BP.SMNB..DP2,40,,SMNB,DP2,250.0,10.0-40.0Hz,10.0,40.0,2055.4979090252987,690.5292701823103,0.21720783222050127,0.008,True
deep_named_75343317_anchor_51214531,75343317,51214531,BP.SMNB.DP2,BP.SMNB.40.DP2,BP.SMNB..DP2,40,,SMNB,DP2,250.0,2.0-40.0Hz,2.0,40.0,1104.772357886983,452.98726401797813,0.30970281330415356,0.08,True
deep_named_75343317_anchor_51214531,75343317,51214531,BP.SMNB.DP3,BP.SMNB.40.DP3,BP.SMNB..DP3,40,,SMNB,DP3,250.0,2.0-10.0Hz,2.0,10.0,855.4040654723299,249.39460950888613,0.6003633232227804,0.072,True
deep_named_75343317_anchor_51214531,75343317,51214531,BP.SMNB.DP3,BP.SMNB.40.DP3,BP.SMNB..DP3,40,,SMNB,DP3,250.0,5.0-20.0Hz,5.0,20.0,1536.396318984917,413.79602623080893,0.34718972945184595,0.06,True
deep_named_75343317_anchor_51214531,75343317,51214531,BP.SMNB.DP3,BP.SMNB.40.DP3,BP.SMNB..DP3,40,,SMNB,DP3,250.0,10.0-40.0Hz,10.0,40.0,3033.0644012650073,701.1240573262513,0.2655893140709428,0.06,True
deep_named_75343317_anchor_51214531,75343317,51214531,BP.SMNB.DP3,BP.SMNB.40.DP3,BP.SMNB..DP3,40,,SMNB,DP3,250.0,2.0-40.0Hz,2.0,40.0,1428.8984378791952,460.9928249966998,0.31987012688975736,0.06,True
deep_named_75343317_anchor_51214531,75343317,51214531,BP.VARB.DP1,BP.VARB.40.DP1,BP.VARB..DP1,40,,VARB,DP1,250.0,2.0-10.0Hz,2.0,10.0,0.7987471003148984,119.37434743067895,0.0074992494830545325,0.364,False
deep_named_75343317_anchor_51214531,75343317,51214531,BP.VARB.DP1,BP.VARB.40.DP1,BP.VARB..DP1,40,,VARB,DP1,250.0,5.0-20.0Hz,5.0,20.0,0.7947183209966747,106.71121645957443,0.0008870306121060048,-0.4,False
deep_named_75343317_anchor_51214531,75343317,51214531,BP.VARB.DP1,BP.VARB.40.DP1,BP.VARB..DP1,40,,VARB,DP1,250.0,10.0-40.0Hz,10.0,40.0,0.9913501680440678,34.209630573881306,0.006411558312864412,0.292,False
deep_named_75343317_anchor_51214531,75343317,51214531,BP.VARB.DP1,BP.VARB.40.DP1,BP.VARB..DP1,40,,VARB,DP1,250.0,2.0-40.0Hz,2.0,40.0,0.7947191735726994,75.86689680400274,0.0007360023021200007,-0.012,False
deep_named_75343317_anchor_51214531,75343317,51214531,BP.VARB.DP2,BP.VARB.40.DP2,BP.VARB..DP2,40,,VARB,DP2,250.0,2.0-10.0Hz,2.0,10.0,0.7987471003148984,102.3802579946358,0.008175094134140198,0.212,False
deep_named_75343317_anchor_51214531,75343317,51214531,BP.VARB.DP2,BP.VARB.40.DP2,BP.VARB..DP2,40,,VARB,DP2,250.0,5.0-20.0Hz,5.0,20.0,0.7947183209966747,105.75216892321703,0.0011028367012798099,0.004,False
deep_named_75343317_anchor_51214531,75343317,51214531,BP.VARB.DP2,BP.VARB.40.DP2,BP.VARB..DP2,40,,VARB,DP2,250.0,10.0-40.0Hz,10.0,40.0,0.9913501680440678,47.95957079464663,0.011807499936953065,0.004,False
deep_named_75343317_anchor_51214531,75343317,51214531,BP.VARB.DP2,BP.VARB.40.DP2,BP.VARB..DP2,40,,VARB,DP2,250.0,2.0-40.0Hz,2.0,40.0,0.7947191735726994,77.49254579398308,0.0010612402739273701,0.036,False
deep_named_75343317_anchor_51214531,75343317,51214531,BP.VARB.DP3,BP.VARB.40.DP3,BP.VARB..DP3,40,,VARB,DP3,250.0,2.0-10.0Hz,2.0,10.0,1.9783304322563167,203.98833247140072,0.5941514628519686,0.168,False
deep_named_75343317_anchor_51214531,75343317,51214531,BP.VARB.DP3,BP.VARB.40.DP3,BP.VARB..DP3,40,,VARB,DP3,250.0,5.0-20.0Hz,5.0,20.0,2.00926810838097,237.8696026375411,0.517947365008909,0.168,False
deep_named_75343317_anchor_51214531,75343317,51214531,BP.VARB.DP3,BP.VARB.40.DP3,BP.VARB..DP3,40,,VARB,DP3,250.0,10.0-40.0Hz,10.0,40.0,1.293739619075983,92.17344700451943,0.20233853606844032,0.172,False
deep_named_75343317_anchor_51214531,75343317,51214531,BP.VARB.DP3,BP.VARB.40.DP3,BP.VARB..DP3,40,,VARB,DP3,250.0,2.0-40.0Hz,2.0,40.0,1.6604960420860742,165.25674191280402,0.4836484242858458,0.172,False
deep_named_75343317_anchor_71325295,75343317,71325295,BP.CCRB.DP1,BP.CCRB.40.DP1,BP.CCRB..DP1,40,,CCRB,DP1,250.0,2.0-10.0Hz,2.0,10.0,1074.156454469295,449.6484609667283,0.4596872604207832,0.092,True
deep_named_75343317_anchor_71325295,75343317,71325295,BP.CCRB.DP1,BP.CCRB.40.DP1,BP.CCRB..DP1,40,,CCRB,DP1,250.0,5.0-20.0Hz,5.0,20.0,3055.9508427965425,1371.290865320116,0.7629277250837785,0.096,True
deep_named_75343317_anchor_71325295,75343317,71325295,BP.CCRB.DP1,BP.CCRB.40.DP1,BP.CCRB..DP1,40,,CCRB,DP1,250.0,10.0-40.0Hz,10.0,40.0,3953.027756255988,1821.7903237665805,0.7534839241078952,0.096,True
deep_named_75343317_anchor_71325295,75343317,71325295,BP.CCRB.DP1,BP.CCRB.40.DP1,BP.CCRB..DP1,40,,CCRB,DP1,250.0,2.0-40.0Hz,2.0,40.0,2397.952772925051,1255.4311369105546,0.7141890467543084,0.096,True
deep_named_75343317_anchor_71325295,75343317,71325295,BP.CCRB.DP2,BP.CCRB.40.DP2,BP.CCRB..DP2,40,,CCRB,DP2,250.0,2.0-10.0Hz,2.0,10.0,549.8090576702067,445.94646319818867,0.2602961471565991,0.372,True
deep_named_75343317_anchor_71325295,75343317,71325295,BP.CCRB.DP2,BP.CCRB.40.DP2,BP.CCRB..DP2,40,,CCRB,DP2,250.0,5.0-20.0Hz,5.0,20.0,1165.6320523764805,727.1530107480571,0.20567189649947903,0.492,True
deep_named_75343317_anchor_71325295,75343317,71325295,BP.CCRB.DP2,BP.CCRB.40.DP2,BP.CCRB..DP2,40,,CCRB,DP2,250.0,10.0-40.0Hz,10.0,40.0,1594.8079946270097,634.6406186971716,0.28174782427925044,0.092,True
deep_named_75343317_anchor_71325295,75343317,71325295,BP.CCRB.DP2,BP.CCRB.40.DP2,BP.CCRB..DP2,40,,CCRB,DP2,250.0,2.0-40.0Hz,2.0,40.0,783.0325459447789,552.1731300911275,0.17033352211527553,0.492,True
deep_named_75343317_anchor_71325295,75343317,71325295,BP.CCRB.DP3,BP.CCRB.40.DP3,BP.CCRB..DP3,40,,CCRB,DP3,250.0,2.0-10.0Hz,2.0,10.0,723.5370149566094,409.73164334186356,0.34269696451039183,-0.032,True
deep_named_75343317_anchor_71325295,75343317,71325295,BP.CCRB.DP3,BP.CCRB.40.DP3,BP.CCRB..DP3,40,,CCRB,DP3,250.0,5.0-20.0Hz,5.0,20.0,1389.4557764069696,798.1618982538753,0.5065157367426015,0.096,True
deep_named_75343317_anchor_71325295,75343317,71325295,BP.CCRB.DP3,BP.CCRB.40.DP3,BP.CCRB..DP3,40,,CCRB,DP3,250.0,10.0-40.0Hz,10.0,40.0,2020.0133849865492,892.1746092152237,0.5751568495253556,0.096,True
deep_named_75343317_anchor_71325295,75343317,71325295,BP.CCRB.DP3,BP.CCRB.40.DP3,BP.CCRB..DP3,40,,CCRB,DP3,250.0,2.0-40.0Hz,2.0,40.0,956.8040586441007,647.2913949068098,0.4698931212931306,0.096,True
deep_named_75343317_anchor_71325295,75343317,71325295,BP.EADB.DP1,BP.EADB.40.DP1,BP.EADB..DP1,40,,EADB,DP1,250.0,2.0-10.0Hz,2.0,10.0,111.41579366610256,87.84596471128526,0.31879517675641295,0.168,True
deep_named_75343317_anchor_71325295,75343317,71325295,BP.EADB.DP1,BP.EADB.40.DP1,BP.EADB..DP1,40,,EADB,DP1,250.0,5.0-20.0Hz,5.0,20.0,120.22316175692981,81.12447627367874,0.28303126654603394,-0.008,True
deep_named_75343317_anchor_71325295,75343317,71325295,BP.EADB.DP1,BP.EADB.40.DP1,BP.EADB..DP1,40,,EADB,DP1,250.0,10.0-40.0Hz,10.0,40.0,58.12429109723144,34.251350881794494,0.4233449621681653,0.104,True
deep_named_75343317_anchor_71325295,75343317,71325295,BP.EADB.DP1,BP.EADB.40.DP1,BP.EADB..DP1,40,,EADB,DP1,250.0,2.0-40.0Hz,2.0,40.0,101.7502687882016,73.82759384958995,0.296910549707775,-0.02,True
deep_named_75343317_anchor_71325295,75343317,71325295,BP.EADB.DP2,BP.EADB.40.DP2,BP.EADB..DP2,40,,EADB,DP2,250.0,2.0-10.0Hz,2.0,10.0,123.81046604778656,147.06876109255774,0.6816692181293864,0.188,True
deep_named_75343317_anchor_71325295,75343317,71325295,BP.EADB.DP2,BP.EADB.40.DP2,BP.EADB..DP2,40,,EADB,DP2,250.0,5.0-20.0Hz,5.0,20.0,82.31406471210508,98.76288442923212,0.5479095340116265,0.184,True
deep_named_75343317_anchor_71325295,75343317,71325295,BP.EADB.DP2,BP.EADB.40.DP2,BP.EADB..DP2,40,,EADB,DP2,250.0,10.0-40.0Hz,10.0,40.0,40.068192294376324,36.486782736956904,0.37806507702513104,0.184,True
deep_named_75343317_anchor_71325295,75343317,71325295,BP.EADB.DP2,BP.EADB.40.DP2,BP.EADB..DP2,40,,EADB,DP2,250.0,2.0-40.0Hz,2.0,40.0,111.42380436087215,110.29151075153057,0.6590757877252077,0.188,True
deep_named_75343317_anchor_71325295,75343317,71325295,BP.EADB.DP3,BP.EADB.40.DP3,BP.EADB..DP3,40,,EADB,DP3,250.0,2.0-10.0Hz,2.0,10.0,104.0272231336235,100.89409436979197,0.6190950521147432,0.188,True
deep_named_75343317_anchor_71325295,75343317,71325295,BP.EADB.DP3,BP.EADB.40.DP3,BP.EADB..DP3,40,,EADB,DP3,250.0,5.0-20.0Hz,5.0,20.0,81.17155177187263,59.371449506542895,0.3777843581793585,-0.008,True
deep_named_75343317_anchor_71325295,75343317,71325295,BP.EADB.DP3,BP.EADB.40.DP3,BP.EADB..DP3,40,,EADB,DP3,250.0,10.0-40.0Hz,10.0,40.0,43.208163457938696,21.501028740813823,0.49889777104718974,0.1,True
deep_named_75343317_anchor_71325295,75343317,71325295,BP.EADB.DP3,BP.EADB.40.DP3,BP.EADB..DP3,40,,EADB,DP3,250.0,2.0-40.0Hz,2.0,40.0,105.25648651433298,69.88243515294619,0.6407667340120151,0.188,True
deep_named_75343317_anchor_71325295,75343317,71325295,BP.FROB.DP1,BP.FROB.40.DP1,BP.FROB..DP1,40,,FROB,DP1,250.0,2.0-10.0Hz,2.0,10.0,15.159625390729854,91.49948102736009,0.2949202677476421,0.188,True
deep_named_75343317_anchor_71325295,75343317,71325295,BP.FROB.DP1,BP.FROB.40.DP1,BP.FROB..DP1,40,,FROB,DP1,250.0,5.0-20.0Hz,5.0,20.0,19.7803595355443,166.04384042523523,0.2648315186641189,0.184,True
deep_named_75343317_anchor_71325295,75343317,71325295,BP.FROB.DP1,BP.FROB.40.DP1,BP.FROB..DP1,40,,FROB,DP1,250.0,10.0-40.0Hz,10.0,40.0,19.81475965840155,187.16216026017244,0.30802936269394576,0.096,True
deep_named_75343317_anchor_71325295,75343317,71325295,BP.FROB.DP1,BP.FROB.40.DP1,BP.FROB..DP1,40,,FROB,DP1,250.0,2.0-40.0Hz,2.0,40.0,17.547131920757693,137.1113623397362,0.23440753229331063,0.18,True
deep_named_75343317_anchor_71325295,75343317,71325295,BP.FROB.DP2,BP.FROB.40.DP2,BP.FROB..DP2,40,,FROB,DP2,250.0,2.0-10.0Hz,2.0,10.0,15.558321025510361,93.30964788728548,0.31078489494681133,0.168,True
deep_named_75343317_anchor_71325295,75343317,71325295,BP.FROB.DP2,BP.FROB.40.DP2,BP.FROB..DP2,40,,FROB,DP2,250.0,5.0-20.0Hz,5.0,20.0,19.52380502542823,167.1983236464041,0.2909502008480337,0.18,True
deep_named_75343317_anchor_71325295,75343317,71325295,BP.FROB.DP2,BP.FROB.40.DP2,BP.FROB..DP2,40,,FROB,DP2,250.0,10.0-40.0Hz,10.0,40.0,18.36775439187739,182.85438564138207,0.2075424964862899,0.096,True
deep_named_75343317_anchor_71325295,75343317,71325295,BP.FROB.DP2,BP.FROB.40.DP2,BP.FROB..DP2,40,,FROB,DP2,250.0,2.0-40.0Hz,2.0,40.0,17.068103424433396,140.66438848111468,0.24461419134047827,0.18,True
deep_named_75343317_anchor_71325295,75343317,71325295,BP.FROB.DP3,BP.FROB.40.DP3,BP.FROB..DP3,40,,FROB,DP3,250.0,2.0-10.0Hz,2.0,10.0,17.463194710959453,135.50397346412765,0.5025059409080863,0.172,True
deep_named_75343317_anchor_71325295,75343317,71325295,BP.FROB.DP3,BP.FROB.40.DP3,BP.FROB..DP3,40,,FROB,DP3,250.0,5.0-20.0Hz,5.0,20.0,17.092456041916858,167.24778509627473,0.4262702721198013,0.176,True
deep_named_75343317_anchor_71325295,75343317,71325295,BP.FROB.DP3,BP.FROB.40.DP3,BP.FROB..DP3,40,,FROB,DP3,250.0,10.0-40.0Hz,10.0,40.0,12.774999973309326,143.68231756290203,0.22136502530939575,0.092,True
deep_named_75343317_anchor_71325295,75343317,71325295,BP.FROB.DP3,BP.FROB.40.DP3,BP.FROB..DP3,40,,FROB,DP3,250.0,2.0-40.0Hz,2.0,40.0,15.434980231918134,140.97679046939325,0.33086135378702103,0.172,True
deep_named_75343317_anchor_71325295,75343317,71325295,BP.GHIB.DP1,BP.GHIB.40.DP1,BP.GHIB..DP1,40,,GHIB,DP1,250.0,2.0-10.0Hz,2.0,10.0,12.46613770124475,6.755865099159113,0.6533104417493176,0.112,True
deep_named_75343317_anchor_71325295,75343317,71325295,BP.GHIB.DP1,BP.GHIB.40.DP1,BP.GHIB..DP1,40,,GHIB,DP1,250.0,5.0-20.0Hz,5.0,20.0,15.304814838703013,10.578696864301103,0.5048172246391595,0.112,True
deep_named_75343317_anchor_71325295,75343317,71325295,BP.GHIB.DP1,BP.GHIB.40.DP1,BP.GHIB..DP1,40,,GHIB,DP1,250.0,10.0-40.0Hz,10.0,40.0,22.47150020856215,10.403315224714929,0.5817969769938109,0.112,True
deep_named_75343317_anchor_71325295,75343317,71325295,BP.GHIB.DP1,BP.GHIB.40.DP1,BP.GHIB..DP1,40,,GHIB,DP1,250.0,2.0-40.0Hz,2.0,40.0,13.966840380305262,7.607896516456593,0.6285383525095389,0.112,True
deep_named_75343317_anchor_71325295,75343317,71325295,BP.GHIB.DP3,BP.GHIB.40.DP3,BP.GHIB..DP3,40,,GHIB,DP3,250.0,2.0-10.0Hz,2.0,10.0,11.338478237072291,7.978437607412731,0.587571904849291,0.12,True
deep_named_75343317_anchor_71325295,75343317,71325295,BP.GHIB.DP3,BP.GHIB.40.DP3,BP.GHIB..DP3,40,,GHIB,DP3,250.0,5.0-20.0Hz,5.0,20.0,11.931527000909512,10.207106427301083,0.4334398695611022,0.112,True
deep_named_75343317_anchor_71325295,75343317,71325295,BP.GHIB.DP3,BP.GHIB.40.DP3,BP.GHIB..DP3,40,,GHIB,DP3,250.0,10.0-40.0Hz,10.0,40.0,11.22457891627594,8.357909346556536,0.3873848456907188,0.108,True
deep_named_75343317_anchor_71325295,75343317,71325295,BP.GHIB.DP3,BP.GHIB.40.DP3,BP.GHIB..DP3,40,,GHIB,DP3,250.0,2.0-40.0Hz,2.0,40.0,11.54174986710341,8.313309855546727,0.5190068348413188,0.112,True
deep_named_75343317_anchor_71325295,75343317,71325295,BP.JCSB.DP1,BP.JCSB.40.DP1,BP.JCSB..DP1,40,,JCSB,DP1,250.0,2.0-10.0Hz,2.0,10.0,402.7418522875113,399.29429828758606,0.8271226668599676,0.168,True
deep_named_75343317_anchor_71325295,75343317,71325295,BP.JCSB.DP1,BP.JCSB.40.DP1,BP.JCSB..DP1,40,,JCSB,DP1,250.0,5.0-20.0Hz,5.0,20.0,212.1306148971622,353.2275084601719,0.664800213927785,0.168,True
deep_named_75343317_anchor_71325295,75343317,71325295,BP.JCSB.DP1,BP.JCSB.40.DP1,BP.JCSB..DP1,40,,JCSB,DP1,250.0,10.0-40.0Hz,10.0,40.0,156.71269481208157,240.22588451531385,0.5876925700455042,0.092,True
deep_named_75343317_anchor_71325295,75343317,71325295,BP.JCSB.DP1,BP.JCSB.40.DP1,BP.JCSB..DP1,40,,JCSB,DP1,250.0,2.0-40.0Hz,2.0,40.0,263.66520706129165,335.92085581488556,0.7508515829531426,0.172,True
deep_named_75343317_anchor_71325295,75343317,71325295,BP.JCSB.DP2,BP.JCSB.40.DP2,BP.JCSB..DP2,40,,JCSB,DP2,250.0,2.0-10.0Hz,2.0,10.0,5.337107237694633,3.8892783507216553,0.638033432564245,0.18,True
deep_named_75343317_anchor_71325295,75343317,71325295,BP.JCSB.DP2,BP.JCSB.40.DP2,BP.JCSB..DP2,40,,JCSB,DP2,250.0,5.0-20.0Hz,5.0,20.0,12.199362992312555,7.234637266020574,0.5437414997020996,0.176,True
deep_named_75343317_anchor_71325295,75343317,71325295,BP.JCSB.DP2,BP.JCSB.40.DP2,BP.JCSB..DP2,40,,JCSB,DP2,250.0,10.0-40.0Hz,10.0,40.0,18.271324065688457,9.452578342600251,0.47235138415458516,0.104,True
deep_named_75343317_anchor_71325295,75343317,71325295,BP.JCSB.DP2,BP.JCSB.40.DP2,BP.JCSB..DP2,40,,JCSB,DP2,250.0,2.0-40.0Hz,2.0,40.0,12.262874447383654,7.770828594286557,0.3832934854433263,0.104,True
deep_named_75343317_anchor_71325295,75343317,71325295,BP.JCSB.DP3,BP.JCSB.40.DP3,BP.JCSB..DP3,40,,JCSB,DP3,250.0,2.0-10.0Hz,2.0,10.0,12.113009338814555,10.051095275763648,0.7075508859931068,0.18,True
deep_named_75343317_anchor_71325295,75343317,71325295,BP.JCSB.DP3,BP.JCSB.40.DP3,BP.JCSB..DP3,40,,JCSB,DP3,250.0,5.0-20.0Hz,5.0,20.0,17.94339691136154,15.46511122368312,0.5555828995403265,0.172,True
deep_named_75343317_anchor_71325295,75343317,71325295,BP.JCSB.DP3,BP.JCSB.40.DP3,BP.JCSB..DP3,40,,JCSB,DP3,250.0,10.0-40.0Hz,10.0,40.0,18.64910947132687,15.789308103469992,0.32977529170492453,0.104,True
deep_named_75343317_anchor_71325295,75343317,71325295,BP.JCSB.DP3,BP.JCSB.40.DP3,BP.JCSB..DP3,40,,JCSB,DP3,250.0,2.0-40.0Hz,2.0,40.0,16.527565647116162,14.190967096525261,0.28571300934876065,0.176,True
deep_named_75343317_anchor_71325295,75343317,71325295,BP.LCCB.DP1,BP.LCCB.40.DP1,BP.LCCB..DP1,40,,LCCB,DP1,250.0,2.0-10.0Hz,2.0,10.0,967.0648708083729,537.2039509573764,0.3958180577236563,0.164,True
deep_named_75343317_anchor_71325295,75343317,71325295,BP.LCCB.DP1,BP.LCCB.40.DP1,BP.LCCB..DP1,40,,LCCB,DP1,250.0,5.0-20.0Hz,5.0,20.0,1327.0314830409059,868.9542497427905,0.3430625772962805,0.172,True
deep_named_75343317_anchor_71325295,75343317,71325295,BP.LCCB.DP1,BP.LCCB.40.DP1,BP.LCCB..DP1,40,,LCCB,DP1,250.0,10.0-40.0Hz,10.0,40.0,819.216695990769,795.5449099077885,0.3006913484409201,-0.384,True
deep_named_75343317_anchor_71325295,75343317,71325295,BP.LCCB.DP1,BP.LCCB.40.DP1,BP.LCCB..DP1,40,,LCCB,DP1,250.0,2.0-40.0Hz,2.0,40.0,971.201321471341,617.4389858378024,0.33613123599451106,0.168,True
deep_named_75343317_anchor_71325295,75343317,71325295,BP.LCCB.DP2,BP.LCCB.40.DP2,BP.LCCB..DP2,40,,LCCB,DP2,250.0,2.0-10.0Hz,2.0,10.0,77.54259050850602,323.7402669301556,0.6872277003494938,0.152,True
deep_named_75343317_anchor_71325295,75343317,71325295,BP.LCCB.DP2,BP.LCCB.40.DP2,BP.LCCB..DP2,40,,LCCB,DP2,250.0,5.0-20.0Hz,5.0,20.0,155.4016803890679,341.6027698766219,0.3982809362348614,0.168,True
deep_named_75343317_anchor_71325295,75343317,71325295,BP.LCCB.DP2,BP.LCCB.40.DP2,BP.LCCB..DP2,40,,LCCB,DP2,250.0,10.0-40.0Hz,10.0,40.0,163.82680968622387,222.41161165053344,0.3006457262290148,0.104,True
deep_named_75343317_anchor_71325295,75343317,71325295,BP.LCCB.DP2,BP.LCCB.40.DP2,BP.LCCB..DP2,40,,LCCB,DP2,250.0,2.0-40.0Hz,2.0,40.0,114.74441485151108,261.26930779103395,0.363535675739273,0.168,True
deep_named_75343317_anchor_71325295,75343317,71325295,BP.LCCB.DP3,BP.LCCB.40.DP3,BP.LCCB..DP3,40,,LCCB,DP3,250.0,2.0-10.0Hz,2.0,10.0,1108.2147318148118,609.9871443796446,0.42021185566030633,0.156,True
deep_named_75343317_anchor_71325295,75343317,71325295,BP.LCCB.DP3,BP.LCCB.40.DP3,BP.LCCB..DP3,40,,LCCB,DP3,250.0,5.0-20.0Hz,5.0,20.0,1400.1626622383633,853.1712166217225,0.22752703727365792,-0.272,True
deep_named_75343317_anchor_71325295,75343317,71325295,BP.LCCB.DP3,BP.LCCB.40.DP3,BP.LCCB..DP3,40,,LCCB,DP3,250.0,10.0-40.0Hz,10.0,40.0,903.8856783370064,677.6028408113793,0.2407613869894259,0.5,True
deep_named_75343317_anchor_71325295,75343317,71325295,BP.LCCB.DP3,BP.LCCB.40.DP3,BP.LCCB..DP3,40,,LCCB,DP3,250.0,2.0-40.0Hz,2.0,40.0,1078.1254836858702,652.1045209702198,0.3073777259022341,0.164,True
deep_named_75343317_anchor_71325295,75343317,71325295,BP.MMNB.DP1,BP.MMNB.40.DP1,BP.MMNB..DP1,40,,MMNB,DP1,250.0,2.0-10.0Hz,2.0,10.0,948.3060988917163,1.1900557817948134,0.06988188015664666,0.452,False
deep_named_75343317_anchor_71325295,75343317,71325295,BP.MMNB.DP1,BP.MMNB.40.DP1,BP.MMNB..DP1,40,,MMNB,DP1,250.0,5.0-20.0Hz,5.0,20.0,1385.5836658306318,1.1175572991879594,0.07985219245290624,-0.248,False
deep_named_75343317_anchor_71325295,75343317,71325295,BP.MMNB.DP1,BP.MMNB.40.DP1,BP.MMNB..DP1,40,,MMNB,DP1,250.0,10.0-40.0Hz,10.0,40.0,684.2148584594745,1.03219761170779,0.060897734935148225,0.16,False
deep_named_75343317_anchor_71325295,75343317,71325295,BP.MMNB.DP1,BP.MMNB.40.DP1,BP.MMNB..DP1,40,,MMNB,DP1,250.0,2.0-40.0Hz,2.0,40.0,922.2021501113555,1.1000019297259143,0.05458364248397581,0.46,False
deep_named_75343317_anchor_71325295,75343317,71325295,BP.MMNB.DP2,BP.MMNB.40.DP2,BP.MMNB..DP2,40,,MMNB,DP2,250.0,2.0-10.0Hz,2.0,10.0,786.2528810398933,0.7710841612594234,0.0699692898674569,0.08,False
deep_named_75343317_anchor_71325295,75343317,71325295,BP.MMNB.DP2,BP.MMNB.40.DP2,BP.MMNB..DP2,40,,MMNB,DP2,250.0,5.0-20.0Hz,5.0,20.0,1238.1722280249896,0.9215878350336122,0.08383329479087995,0.196,False
deep_named_75343317_anchor_71325295,75343317,71325295,BP.MMNB.DP2,BP.MMNB.40.DP2,BP.MMNB..DP2,40,,MMNB,DP2,250.0,10.0-40.0Hz,10.0,40.0,690.1427618462427,1.0009103200922262,0.08259190781529899,-0.2,False
deep_named_75343317_anchor_71325295,75343317,71325295,BP.MMNB.DP2,BP.MMNB.40.DP2,BP.MMNB..DP2,40,,MMNB,DP2,250.0,2.0-40.0Hz,2.0,40.0,808.3186437664851,0.8082037091272039,0.042954850274962236,0.196,False
deep_named_75343317_anchor_71325295,75343317,71325295,BP.MMNB.DP3,BP.MMNB.40.DP3,BP.MMNB..DP3,40,,MMNB,DP3,250.0,2.0-10.0Hz,2.0,10.0,566.7504545929613,0.6593401479807772,0.11576078397070058,0.432,False
deep_named_75343317_anchor_71325295,75343317,71325295,BP.MMNB.DP3,BP.MMNB.40.DP3,BP.MMNB..DP3,40,,MMNB,DP3,250.0,5.0-20.0Hz,5.0,20.0,1229.1735789554684,0.8898043137841036,0.11695544282365086,0.416,False
deep_named_75343317_anchor_71325295,75343317,71325295,BP.MMNB.DP3,BP.MMNB.40.DP3,BP.MMNB..DP3,40,,MMNB,DP3,250.0,10.0-40.0Hz,10.0,40.0,966.2550223336708,1.041314192715503,0.0882313444925884,-0.224,False
deep_named_75343317_anchor_71325295,75343317,71325295,BP.MMNB.DP3,BP.MMNB.40.DP3,BP.MMNB..DP3,40,,MMNB,DP3,250.0,2.0-40.0Hz,2.0,40.0,714.486303752617,0.8531828888112479,0.07535802822254992,0.42,False
deep_named_75343317_anchor_71325295,75343317,71325295,BP.SCYB.DP1,BP.SCYB.40.DP1,BP.SCYB..DP1,40,,SCYB,DP1,250.0,2.0-10.0Hz,2.0,10.0,2078.4804679153794,666.9106970418773,0.35761685343955973,0.176,True
deep_named_75343317_anchor_71325295,75343317,71325295,BP.SCYB.DP1,BP.SCYB.40.DP1,BP.SCYB..DP1,40,,SCYB,DP1,250.0,5.0-20.0Hz,5.0,20.0,3520.5345965390884,761.0777521662202,0.3485404427574802,0.176,True
deep_named_75343317_anchor_71325295,75343317,71325295,BP.SCYB.DP1,BP.SCYB.40.DP1,BP.SCYB..DP1,40,,SCYB,DP1,250.0,10.0-40.0Hz,10.0,40.0,1680.5960141876878,458.59070278783304,0.4340448700181744,-0.112,True
deep_named_75343317_anchor_71325295,75343317,71325295,BP.SCYB.DP1,BP.SCYB.40.DP1,BP.SCYB..DP1,40,,SCYB,DP1,250.0,2.0-40.0Hz,2.0,40.0,2033.0447969773677,589.9714142302165,0.32956550750509667,0.172,True
deep_named_75343317_anchor_71325295,75343317,71325295,BP.SCYB.DP2,BP.SCYB.40.DP2,BP.SCYB..DP2,40,,SCYB,DP2,250.0,2.0-10.0Hz,2.0,10.0,1603.4496173854811,682.1958923661084,0.40926277513085846,0.144,True
deep_named_75343317_anchor_71325295,75343317,71325295,BP.SCYB.DP2,BP.SCYB.40.DP2,BP.SCYB..DP2,40,,SCYB,DP2,250.0,5.0-20.0Hz,5.0,20.0,2579.8013087280538,690.3561888224922,0.28798282405422565,0.168,True
deep_named_75343317_anchor_71325295,75343317,71325295,BP.SCYB.DP2,BP.SCYB.40.DP2,BP.SCYB..DP2,40,,SCYB,DP2,250.0,10.0-40.0Hz,10.0,40.0,1082.8114808849123,356.4670471709524,0.33690953521517414,0.168,True
deep_named_75343317_anchor_71325295,75343317,71325295,BP.SCYB.DP2,BP.SCYB.40.DP2,BP.SCYB..DP2,40,,SCYB,DP2,250.0,2.0-40.0Hz,2.0,40.0,1600.5912952844506,524.3527407087028,0.3685769319246664,0.156,True
deep_named_75343317_anchor_71325295,75343317,71325295,BP.SCYB.DP3,BP.SCYB.40.DP3,BP.SCYB..DP3,40,,SCYB,DP3,250.0,2.0-10.0Hz,2.0,10.0,1208.1537889271658,370.7526905079964,0.27362005589623467,0.196,True
deep_named_75343317_anchor_71325295,75343317,71325295,BP.SCYB.DP3,BP.SCYB.40.DP3,BP.SCYB..DP3,40,,SCYB,DP3,250.0,5.0-20.0Hz,5.0,20.0,2820.7822862960033,501.4014262245506,0.22214547898291778,0.196,True
deep_named_75343317_anchor_71325295,75343317,71325295,BP.SCYB.DP3,BP.SCYB.40.DP3,BP.SCYB..DP3,40,,SCYB,DP3,250.0,10.0-40.0Hz,10.0,40.0,1278.8278631830312,326.6778930079351,0.19201285522093925,0.436,True
deep_named_75343317_anchor_71325295,75343317,71325295,BP.SCYB.DP3,BP.SCYB.40.DP3,BP.SCYB..DP3,40,,SCYB,DP3,250.0,2.0-40.0Hz,2.0,40.0,1249.7802221622287,340.8126293784778,0.23987266918154146,0.196,True
deep_named_75343317_anchor_71325295,75343317,71325295,BP.SMNB.DP1,BP.SMNB.40.DP1,BP.SMNB..DP1,40,,SMNB,DP1,250.0,2.0-10.0Hz,2.0,10.0,977.1533043279763,591.0472670100794,0.7651515272004084,0.072,True
deep_named_75343317_anchor_71325295,75343317,71325295,BP.SMNB.DP1,BP.SMNB.40.DP1,BP.SMNB..DP1,40,,SMNB,DP1,250.0,5.0-20.0Hz,5.0,20.0,1578.0389130647516,971.4048280608733,0.47759387045145096,0.064,True
deep_named_75343317_anchor_71325295,75343317,71325295,BP.SMNB.DP1,BP.SMNB.40.DP1,BP.SMNB..DP1,40,,SMNB,DP1,250.0,10.0-40.0Hz,10.0,40.0,2104.9551325833972,1145.781674770525,0.2569898615114402,0.064,True
deep_named_75343317_anchor_71325295,75343317,71325295,BP.SMNB.DP1,BP.SMNB.40.DP1,BP.SMNB..DP1,40,,SMNB,DP1,250.0,2.0-40.0Hz,2.0,40.0,1252.1091734929792,827.9659106417006,0.458038143609541,0.068,True
deep_named_75343317_anchor_71325295,75343317,71325295,BP.SMNB.DP2,BP.SMNB.40.DP2,BP.SMNB..DP2,40,,SMNB,DP2,250.0,2.0-10.0Hz,2.0,10.0,750.9930393261496,481.4684306995668,0.5525796764015035,0.084,True
deep_named_75343317_anchor_71325295,75343317,71325295,BP.SMNB.DP2,BP.SMNB.40.DP2,BP.SMNB..DP2,40,,SMNB,DP2,250.0,5.0-20.0Hz,5.0,20.0,1130.1707557534653,1083.1769800696034,0.4674720046902248,0.08,True
deep_named_75343317_anchor_71325295,75343317,71325295,BP.SMNB.DP2,BP.SMNB.40.DP2,BP.SMNB..DP2,40,,SMNB,DP2,250.0,10.0-40.0Hz,10.0,40.0,2055.4979090252987,1332.9721567957424,0.2175987780065878,0.016,True
deep_named_75343317_anchor_71325295,75343317,71325295,BP.SMNB.DP2,BP.SMNB.40.DP2,BP.SMNB..DP2,40,,SMNB,DP2,250.0,2.0-40.0Hz,2.0,40.0,1104.772357886983,840.0210950137747,0.31542380841290096,0.088,True
deep_named_75343317_anchor_71325295,75343317,71325295,BP.SMNB.DP3,BP.SMNB.40.DP3,BP.SMNB..DP3,40,,SMNB,DP3,250.0,2.0-10.0Hz,2.0,10.0,855.4040654723299,462.167197862632,0.5833612033186101,0.08,True
deep_named_75343317_anchor_71325295,75343317,71325295,BP.SMNB.DP3,BP.SMNB.40.DP3,BP.SMNB..DP3,40,,SMNB,DP3,250.0,5.0-20.0Hz,5.0,20.0,1536.396318984917,948.4858652633109,0.337563883596684,0.068,True
deep_named_75343317_anchor_71325295,75343317,71325295,BP.SMNB.DP3,BP.SMNB.40.DP3,BP.SMNB..DP3,40,,SMNB,DP3,250.0,10.0-40.0Hz,10.0,40.0,3033.0644012650073,1248.1528115035235,0.26348838751430514,0.064,True
deep_named_75343317_anchor_71325295,75343317,71325295,BP.SMNB.DP3,BP.SMNB.40.DP3,BP.SMNB..DP3,40,,SMNB,DP3,250.0,2.0-40.0Hz,2.0,40.0,1428.8984378791952,876.4096111143489,0.3081819539281872,0.064,True
deep_named_75343317_anchor_71325295,75343317,71325295,BP.VARB.DP1,BP.VARB.40.DP1,BP.VARB..DP1,40,,VARB,DP1,250.0,2.0-10.0Hz,2.0,10.0,0.7987471003148984,114.66184734729708,0.00750772556422191,0.376,False
deep_named_75343317_anchor_71325295,75343317,71325295,BP.VARB.DP1,BP.VARB.40.DP1,BP.VARB..DP1,40,,VARB,DP1,250.0,5.0-20.0Hz,5.0,20.0,0.7947183209966747,119.13616986939176,0.0008661841911636555,-0.244,False
deep_named_75343317_anchor_71325295,75343317,71325295,BP.VARB.DP1,BP.VARB.40.DP1,BP.VARB..DP1,40,,VARB,DP1,250.0,10.0-40.0Hz,10.0,40.0,0.9913501680440678,44.09734529630346,0.007081752698824108,0.296,False
deep_named_75343317_anchor_71325295,75343317,71325295,BP.VARB.DP1,BP.VARB.40.DP1,BP.VARB..DP1,40,,VARB,DP1,250.0,2.0-40.0Hz,2.0,40.0,0.7947191735726994,84.47768965457523,0.0005355359315045779,-0.004,False
deep_named_75343317_anchor_71325295,75343317,71325295,BP.VARB.DP2,BP.VARB.40.DP2,BP.VARB..DP2,40,,VARB,DP2,250.0,2.0-10.0Hz,2.0,10.0,0.7987471003148984,107.88215931657619,0.009113984880845612,0.22,False
deep_named_75343317_anchor_71325295,75343317,71325295,BP.VARB.DP2,BP.VARB.40.DP2,BP.VARB..DP2,40,,VARB,DP2,250.0,5.0-20.0Hz,5.0,20.0,0.7947183209966747,114.60304292512143,0.0008301905585631906,-0.096,False
deep_named_75343317_anchor_71325295,75343317,71325295,BP.VARB.DP2,BP.VARB.40.DP2,BP.VARB..DP2,40,,VARB,DP2,250.0,10.0-40.0Hz,10.0,40.0,0.9913501680440678,53.5809452715427,0.012458608377156965,0.004,False
deep_named_75343317_anchor_71325295,75343317,71325295,BP.VARB.DP2,BP.VARB.40.DP2,BP.VARB..DP2,40,,VARB,DP2,250.0,2.0-40.0Hz,2.0,40.0,0.7947191735726994,83.28642221380949,0.0008596895276385023,0.228,False
deep_named_75343317_anchor_71325295,75343317,71325295,BP.VARB.DP3,BP.VARB.40.DP3,BP.VARB..DP3,40,,VARB,DP3,250.0,2.0-10.0Hz,2.0,10.0,1.9783304322563167,261.9734811561392,0.5961749087667435,0.176,False
deep_named_75343317_anchor_71325295,75343317,71325295,BP.VARB.DP3,BP.VARB.40.DP3,BP.VARB..DP3,40,,VARB,DP3,250.0,5.0-20.0Hz,5.0,20.0,2.00926810838097,238.8404732118972,0.5193100467651465,0.176,False
deep_named_75343317_anchor_71325295,75343317,71325295,BP.VARB.DP3,BP.VARB.40.DP3,BP.VARB..DP3,40,,VARB,DP3,250.0,10.0-40.0Hz,10.0,40.0,1.293739619075983,92.17763582872028,0.20509232415168913,0.18,False
deep_named_75343317_anchor_71325295,75343317,71325295,BP.VARB.DP3,BP.VARB.40.DP3,BP.VARB..DP3,40,,VARB,DP3,250.0,2.0-40.0Hz,2.0,40.0,1.6604960420860742,180.3536560911516,0.48546574678046817,0.176,False
deep_named_75343317_anchor_71567810,75343317,71567810,BK.PKD.HHE,BK.PKD.00.HHE,BK.PKD.00.HHE,00,00,PKD,HHE,100.0,2.0-10.0Hz,2.0,10.0,321.58671551727156,183.23152793089915,0.308120191472981,0.15,True
deep_named_75343317_anchor_71567810,75343317,71567810,BK.PKD.HHE,BK.PKD.00.HHE,BK.PKD.00.HHE,00,00,PKD,HHE,100.0,5.0-20.0Hz,5.0,20.0,338.6212712769102,216.58183110703877,0.271031575031291,0.01,True
deep_named_75343317_anchor_71567810,75343317,71567810,BK.PKD.HHE,BK.PKD.00.HHE,BK.PKD.00.HHE,00,00,PKD,HHE,100.0,10.0-40.0Hz,10.0,40.0,177.949445881724,175.61109860592774,0.3961965762471187,0.1,True
deep_named_75343317_anchor_71567810,75343317,71567810,BK.PKD.HHE,BK.PKD.00.HHE,BK.PKD.00.HHE,00,00,PKD,HHE,100.0,2.0-40.0Hz,2.0,40.0,281.6898637289211,184.4650390175051,0.20777875370605542,0.15,True
deep_named_75343317_anchor_71567810,75343317,71567810,BK.PKD.HHN,BK.PKD.00.HHN,BK.PKD.00.HHN,00,00,PKD,HHN,100.0,2.0-10.0Hz,2.0,10.0,381.8900390479181,203.40469280101485,0.31026221765134476,0.12,True
deep_named_75343317_anchor_71567810,75343317,71567810,BK.PKD.HHN,BK.PKD.00.HHN,BK.PKD.00.HHN,00,00,PKD,HHN,100.0,5.0-20.0Hz,5.0,20.0,400.67892586539455,279.2560984161311,0.3381885491370998,0.1,True
deep_named_75343317_anchor_71567810,75343317,71567810,BK.PKD.HHN,BK.PKD.00.HHN,BK.PKD.00.HHN,00,00,PKD,HHN,100.0,10.0-40.0Hz,10.0,40.0,227.9098208834783,223.01693639366798,0.45337214830662853,0.1,True
deep_named_75343317_anchor_71567810,75343317,71567810,BK.PKD.HHN,BK.PKD.00.HHN,BK.PKD.00.HHN,00,00,PKD,HHN,100.0,2.0-40.0Hz,2.0,40.0,306.4933536606505,213.5792994742703,0.34913284278376405,0.1,True
deep_named_75343317_anchor_71567810,75343317,71567810,BK.PKD.HHZ,BK.PKD.00.HHZ,BK.PKD.00.HHZ,00,00,PKD,HHZ,100.0,2.0-10.0Hz,2.0,10.0,366.2256517407152,189.950128600951,0.5016753228569737,0.1,True
deep_named_75343317_anchor_71567810,75343317,71567810,BK.PKD.HHZ,BK.PKD.00.HHZ,BK.PKD.00.HHZ,00,00,PKD,HHZ,100.0,5.0-20.0Hz,5.0,20.0,456.6265248434603,281.70181178576394,0.3971879594734434,0.11,True
deep_named_75343317_anchor_71567810,75343317,71567810,BK.PKD.HHZ,BK.PKD.00.HHZ,BK.PKD.00.HHZ,00,00,PKD,HHZ,100.0,10.0-40.0Hz,10.0,40.0,363.82028392899133,315.0128872653531,0.5669147028025255,0.11,True
deep_named_75343317_anchor_71567810,75343317,71567810,BK.PKD.HHZ,BK.PKD.00.HHZ,BK.PKD.00.HHZ,00,00,PKD,HHZ,100.0,2.0-40.0Hz,2.0,40.0,374.2189868533316,235.23802477242032,0.5151746391705003,0.11,True
deep_named_75343317_anchor_71567810,75343317,71567810,BP.CCRB.DP1,BP.CCRB.40.DP1,BP.CCRB..DP1,40,,CCRB,DP1,250.0,2.0-10.0Hz,2.0,10.0,1074.156454469295,646.726416090609,0.4658215522507271,0.1,True
deep_named_75343317_anchor_71567810,75343317,71567810,BP.CCRB.DP1,BP.CCRB.40.DP1,BP.CCRB..DP1,40,,CCRB,DP1,250.0,5.0-20.0Hz,5.0,20.0,3055.9508427965425,1828.2910056065841,0.7595842617589404,0.104,True
deep_named_75343317_anchor_71567810,75343317,71567810,BP.CCRB.DP1,BP.CCRB.40.DP1,BP.CCRB..DP1,40,,CCRB,DP1,250.0,10.0-40.0Hz,10.0,40.0,3953.027756255988,2458.527073232072,0.754854275296784,0.104,True
deep_named_75343317_anchor_71567810,75343317,71567810,BP.CCRB.DP1,BP.CCRB.40.DP1,BP.CCRB..DP1,40,,CCRB,DP1,250.0,2.0-40.0Hz,2.0,40.0,2397.952772925051,1737.3822882267577,0.7164967962264308,0.104,True
deep_named_75343317_anchor_71567810,75343317,71567810,BP.CCRB.DP2,BP.CCRB.40.DP2,BP.CCRB..DP2,40,,CCRB,DP2,250.0,2.0-10.0Hz,2.0,10.0,549.8090576702067,581.6587016407672,0.258577219291844,0.38,True
deep_named_75343317_anchor_71567810,75343317,71567810,BP.CCRB.DP2,BP.CCRB.40.DP2,BP.CCRB..DP2,40,,CCRB,DP2,250.0,5.0-20.0Hz,5.0,20.0,1165.6320523764805,953.1722936938463,0.21278591416404216,0.5,True
deep_named_75343317_anchor_71567810,75343317,71567810,BP.CCRB.DP2,BP.CCRB.40.DP2,BP.CCRB..DP2,40,,CCRB,DP2,250.0,10.0-40.0Hz,10.0,40.0,1594.8079946270097,836.0753791704316,0.3058202958987033,0.1,True
deep_named_75343317_anchor_71567810,75343317,71567810,BP.CCRB.DP2,BP.CCRB.40.DP2,BP.CCRB..DP2,40,,CCRB,DP2,250.0,2.0-40.0Hz,2.0,40.0,783.0325459447789,732.5290682689607,0.17684233941079835,0.5,True
deep_named_75343317_anchor_71567810,75343317,71567810,BP.CCRB.DP3,BP.CCRB.40.DP3,BP.CCRB..DP3,40,,CCRB,DP3,250.0,2.0-10.0Hz,2.0,10.0,723.5370149566094,677.8923893034902,0.351576330779855,0.104,True
deep_named_75343317_anchor_71567810,75343317,71567810,BP.CCRB.DP3,BP.CCRB.40.DP3,BP.CCRB..DP3,40,,CCRB,DP3,250.0,5.0-20.0Hz,5.0,20.0,1389.4557764069696,1314.830940554811,0.5151555803071511,0.104,True
deep_named_75343317_anchor_71567810,75343317,71567810,BP.CCRB.DP3,BP.CCRB.40.DP3,BP.CCRB..DP3,40,,CCRB,DP3,250.0,10.0-40.0Hz,10.0,40.0,2020.0133849865492,1204.7795488657446,0.5844791068806681,0.104,True
deep_named_75343317_anchor_71567810,75343317,71567810,BP.CCRB.DP3,BP.CCRB.40.DP3,BP.CCRB..DP3,40,,CCRB,DP3,250.0,2.0-40.0Hz,2.0,40.0,956.8040586441007,985.2907495508048,0.4810909450789266,0.104,True
deep_named_75343317_anchor_71567810,75343317,71567810,BP.EADB.DP1,BP.EADB.40.DP1,BP.EADB..DP1,40,,EADB,DP1,250.0,2.0-10.0Hz,2.0,10.0,111.41579366610256,103.40502319248652,0.3226723260657727,0.18,True
deep_named_75343317_anchor_71567810,75343317,71567810,BP.EADB.DP1,BP.EADB.40.DP1,BP.EADB..DP1,40,,EADB,DP1,250.0,5.0-20.0Hz,5.0,20.0,120.22316175692981,112.20382110299953,0.28663475049432885,0.0,True
deep_named_75343317_anchor_71567810,75343317,71567810,BP.EADB.DP1,BP.EADB.40.DP1,BP.EADB..DP1,40,,EADB,DP1,250.0,10.0-40.0Hz,10.0,40.0,58.12429109723144,45.23362873831021,0.4125593259138349,0.112,True
deep_named_75343317_anchor_71567810,75343317,71567810,BP.EADB.DP1,BP.EADB.40.DP1,BP.EADB..DP1,40,,EADB,DP1,250.0,2.0-40.0Hz,2.0,40.0,101.7502687882016,92.49663726523961,0.2956534624418575,0.188,True
deep_named_75343317_anchor_71567810,75343317,71567810,BP.EADB.DP2,BP.EADB.40.DP2,BP.EADB..DP2,40,,EADB,DP2,250.0,2.0-10.0Hz,2.0,10.0,123.81046604778656,161.25480531534598,0.6766753537903732,0.196,True
deep_named_75343317_anchor_71567810,75343317,71567810,BP.EADB.DP2,BP.EADB.40.DP2,BP.EADB..DP2,40,,EADB,DP2,250.0,5.0-20.0Hz,5.0,20.0,82.31406471210508,111.90496762765977,0.5460708939167861,0.192,True
deep_named_75343317_anchor_71567810,75343317,71567810,BP.EADB.DP2,BP.EADB.40.DP2,BP.EADB..DP2,40,,EADB,DP2,250.0,10.0-40.0Hz,10.0,40.0,40.068192294376324,45.01090781349696,0.3661246824234337,0.192,True
deep_named_75343317_anchor_71567810,75343317,71567810,BP.EADB.DP2,BP.EADB.40.DP2,BP.EADB..DP2,40,,EADB,DP2,250.0,2.0-40.0Hz,2.0,40.0,111.42380436087215,129.14870242901515,0.6445746035246536,0.196,True
deep_named_75343317_anchor_71567810,75343317,71567810,BP.EADB.DP3,BP.EADB.40.DP3,BP.EADB..DP3,40,,EADB,DP3,250.0,2.0-10.0Hz,2.0,10.0,104.0272231336235,116.75719548745721,0.6111143656810681,0.196,True
deep_named_75343317_anchor_71567810,75343317,71567810,BP.EADB.DP3,BP.EADB.40.DP3,BP.EADB..DP3,40,,EADB,DP3,250.0,5.0-20.0Hz,5.0,20.0,81.17155177187263,82.03968917499697,0.37631307746797166,0.0,True
deep_named_75343317_anchor_71567810,75343317,71567810,BP.EADB.DP3,BP.EADB.40.DP3,BP.EADB..DP3,40,,EADB,DP3,250.0,10.0-40.0Hz,10.0,40.0,43.208163457938696,29.911632593711875,0.5080967352561112,0.108,True
deep_named_75343317_anchor_71567810,75343317,71567810,BP.EADB.DP3,BP.EADB.40.DP3,BP.EADB..DP3,40,,EADB,DP3,250.0,2.0-40.0Hz,2.0,40.0,105.25648651433298,88.5332158591796,0.6450784026641834,0.196,True
deep_named_75343317_anchor_71567810,75343317,71567810,BP.FROB.DP1,BP.FROB.40.DP1,BP.FROB.40.DP1,40,40,FROB,DP1,250.0,2.0-10.0Hz,2.0,10.0,15.159625390729854,44.4044587519769,0.2970698939813763,0.204,True
deep_named_75343317_anchor_71567810,75343317,71567810,BP.FROB.DP1,BP.FROB.40.DP1,BP.FROB.40.DP1,40,40,FROB,DP1,250.0,5.0-20.0Hz,5.0,20.0,19.7803595355443,66.20394880337346,0.2706622429951811,0.2,True
deep_named_75343317_anchor_71567810,75343317,71567810,BP.FROB.DP1,BP.FROB.40.DP1,BP.FROB.40.DP1,40,40,FROB,DP1,250.0,10.0-40.0Hz,10.0,40.0,19.81475965840155,70.82524076108733,0.2970754544272575,0.116,True
deep_named_75343317_anchor_71567810,75343317,71567810,BP.FROB.DP1,BP.FROB.40.DP1,BP.FROB.40.DP1,40,40,FROB,DP1,250.0,2.0-40.0Hz,2.0,40.0,17.547131920757693,56.74393835358727,0.23216682419437337,0.2,True
deep_named_75343317_anchor_71567810,75343317,71567810,BP.FROB.DP2,BP.FROB.40.DP2,BP.FROB.40.DP2,40,40,FROB,DP2,250.0,2.0-10.0Hz,2.0,10.0,15.558321025510361,111.41921260108379,0.28239075672434955,-0.472,True
deep_named_75343317_anchor_71567810,75343317,71567810,BP.FROB.DP2,BP.FROB.40.DP2,BP.FROB.40.DP2,40,40,FROB,DP2,250.0,5.0-20.0Hz,5.0,20.0,19.52380502542823,148.16197260185513,0.2221476217306346,0.236,True
deep_named_75343317_anchor_71567810,75343317,71567810,BP.FROB.DP2,BP.FROB.40.DP2,BP.FROB.40.DP2,40,40,FROB,DP2,250.0,10.0-40.0Hz,10.0,40.0,18.36775439187739,163.2722519010905,0.17051136192465194,0.236,True
deep_named_75343317_anchor_71567810,75343317,71567810,BP.FROB.DP2,BP.FROB.40.DP2,BP.FROB.40.DP2,40,40,FROB,DP2,250.0,2.0-40.0Hz,2.0,40.0,17.068103424433396,132.15472838233725,0.15917211040288085,-0.476,True
deep_named_75343317_anchor_71567810,75343317,71567810,BP.FROB.DP3,BP.FROB.40.DP3,BP.FROB.40.DP3,40,40,FROB,DP3,250.0,2.0-10.0Hz,2.0,10.0,17.463194710959453,111.88403767745794,0.5046865524539551,0.18,True
deep_named_75343317_anchor_71567810,75343317,71567810,BP.FROB.DP3,BP.FROB.40.DP3,BP.FROB.40.DP3,40,40,FROB,DP3,250.0,5.0-20.0Hz,5.0,20.0,17.092456041916858,148.46154436171693,0.38747079505464443,0.32,True
deep_named_75343317_anchor_71567810,75343317,71567810,BP.FROB.DP3,BP.FROB.40.DP3,BP.FROB.40.DP3,40,40,FROB,DP3,250.0,10.0-40.0Hz,10.0,40.0,12.774999973309326,163.8740499131067,0.21512498664805116,0.112,True
deep_named_75343317_anchor_71567810,75343317,71567810,BP.FROB.DP3,BP.FROB.40.DP3,BP.FROB.40.DP3,40,40,FROB,DP3,250.0,2.0-40.0Hz,2.0,40.0,15.434980231918134,132.70799699721857,0.2990509095448213,0.188,True
deep_named_75343317_anchor_71567810,75343317,71567810,BP.GHIB.DP1,BP.GHIB.40.DP1,BP.GHIB..DP1,40,,GHIB,DP1,250.0,2.0-10.0Hz,2.0,10.0,12.46613770124475,13.095918955247214,0.6778548026154423,0.124,True
deep_named_75343317_anchor_71567810,75343317,71567810,BP.GHIB.DP1,BP.GHIB.40.DP1,BP.GHIB..DP1,40,,GHIB,DP1,250.0,5.0-20.0Hz,5.0,20.0,15.304814838703013,18.65717505178021,0.5169656054789186,0.12,True
deep_named_75343317_anchor_71567810,75343317,71567810,BP.GHIB.DP1,BP.GHIB.40.DP1,BP.GHIB..DP1,40,,GHIB,DP1,250.0,10.0-40.0Hz,10.0,40.0,22.47150020856215,13.638998547570193,0.5855919935257171,0.12,True
deep_named_75343317_anchor_71567810,75343317,71567810,BP.GHIB.DP1,BP.GHIB.40.DP1,BP.GHIB..DP1,40,,GHIB,DP1,250.0,2.0-40.0Hz,2.0,40.0,13.966840380305262,13.597781573589126,0.6491153176213804,0.12,True
deep_named_75343317_anchor_71567810,75343317,71567810,BP.GHIB.DP3,BP.GHIB.40.DP3,BP.GHIB..DP3,40,,GHIB,DP3,250.0,2.0-10.0Hz,2.0,10.0,11.338478237072291,14.41903900372476,0.58200583306504,0.128,True
deep_named_75343317_anchor_71567810,75343317,71567810,BP.GHIB.DP3,BP.GHIB.40.DP3,BP.GHIB..DP3,40,,GHIB,DP3,250.0,5.0-20.0Hz,5.0,20.0,11.931527000909512,14.986626494588391,0.444064143028158,0.12,True
deep_named_75343317_anchor_71567810,75343317,71567810,BP.GHIB.DP3,BP.GHIB.40.DP3,BP.GHIB..DP3,40,,GHIB,DP3,250.0,10.0-40.0Hz,10.0,40.0,11.22457891627594,10.913078210637767,0.4236525690280259,0.116,True
deep_named_75343317_anchor_71567810,75343317,71567810,BP.GHIB.DP3,BP.GHIB.40.DP3,BP.GHIB..DP3,40,,GHIB,DP3,250.0,2.0-40.0Hz,2.0,40.0,11.54174986710341,13.904322214726994,0.5185698747161974,0.12,True
deep_named_75343317_anchor_71567810,75343317,71567810,BP.JCSB.DP1,BP.JCSB.40.DP1,BP.JCSB.40.DP1,40,40,JCSB,DP1,250.0,2.0-10.0Hz,2.0,10.0,402.7418522875113,416.00613492275653,0.8199172141140033,0.184,True
deep_named_75343317_anchor_71567810,75343317,71567810,BP.JCSB.DP1,BP.JCSB.40.DP1,BP.JCSB.40.DP1,40,40,JCSB,DP1,250.0,5.0-20.0Hz,5.0,20.0,212.1306148971622,395.98708468626955,0.6425719838812992,0.184,True
deep_named_75343317_anchor_71567810,75343317,71567810,BP.JCSB.DP1,BP.JCSB.40.DP1,BP.JCSB.40.DP1,40,40,JCSB,DP1,250.0,10.0-40.0Hz,10.0,40.0,156.71269481208157,289.8622077370236,0.5551828191997632,0.108,True
deep_named_75343317_anchor_71567810,75343317,71567810,BP.JCSB.DP1,BP.JCSB.40.DP1,BP.JCSB.40.DP1,40,40,JCSB,DP1,250.0,2.0-40.0Hz,2.0,40.0,263.66520706129165,374.37921422800355,0.7434769226307454,0.184,True
deep_named_75343317_anchor_71567810,75343317,71567810,BP.JCSB.DP2,BP.JCSB.40.DP2,BP.JCSB.40.DP2,40,40,JCSB,DP2,250.0,2.0-10.0Hz,2.0,10.0,5.337107237694633,1.2638171561661922,0.391365605690341,0.192,False
deep_named_75343317_anchor_71567810,75343317,71567810,BP.JCSB.DP2,BP.JCSB.40.DP2,BP.JCSB.40.DP2,40,40,JCSB,DP2,250.0,5.0-20.0Hz,5.0,20.0,12.199362992312555,1.4942262698407272,0.4744528072857311,0.192,False
deep_named_75343317_anchor_71567810,75343317,71567810,BP.JCSB.DP2,BP.JCSB.40.DP2,BP.JCSB.40.DP2,40,40,JCSB,DP2,250.0,10.0-40.0Hz,10.0,40.0,18.271324065688457,2.023035764272736,0.3918156483956755,0.12,False
deep_named_75343317_anchor_71567810,75343317,71567810,BP.JCSB.DP2,BP.JCSB.40.DP2,BP.JCSB.40.DP2,40,40,JCSB,DP2,250.0,2.0-40.0Hz,2.0,40.0,12.262874447383654,1.6953309964226497,0.3135355934224717,0.2,False
deep_named_75343317_anchor_71567810,75343317,71567810,BP.JCSB.DP3,BP.JCSB.40.DP3,BP.JCSB.40.DP3,40,40,JCSB,DP3,250.0,2.0-10.0Hz,2.0,10.0,12.113009338814555,1.3926045325519425,0.4288594707467743,0.192,False
deep_named_75343317_anchor_71567810,75343317,71567810,BP.JCSB.DP3,BP.JCSB.40.DP3,BP.JCSB.40.DP3,40,40,JCSB,DP3,250.0,5.0-20.0Hz,5.0,20.0,17.94339691136154,1.662465676322875,0.44045205287117933,0.188,False
deep_named_75343317_anchor_71567810,75343317,71567810,BP.JCSB.DP3,BP.JCSB.40.DP3,BP.JCSB.40.DP3,40,40,JCSB,DP3,250.0,10.0-40.0Hz,10.0,40.0,18.64910947132687,2.092696433819361,0.26205031455478445,0.12,False
deep_named_75343317_anchor_71567810,75343317,71567810,BP.JCSB.DP3,BP.JCSB.40.DP3,BP.JCSB.40.DP3,40,40,JCSB,DP3,250.0,2.0-40.0Hz,2.0,40.0,16.527565647116162,1.8051908867463227,0.2265182162646594,0.192,False
deep_named_75343317_anchor_71567810,75343317,71567810,BP.LCCB.DP1,BP.LCCB.40.DP1,BP.LCCB..DP1,40,,LCCB,DP1,250.0,2.0-10.0Hz,2.0,10.0,967.0648708083729,890.2743871429769,0.43535463930088797,0.172,True
deep_named_75343317_anchor_71567810,75343317,71567810,BP.LCCB.DP1,BP.LCCB.40.DP1,BP.LCCB..DP1,40,,LCCB,DP1,250.0,5.0-20.0Hz,5.0,20.0,1327.0314830409059,1666.5147073142475,0.35108946693729204,0.18,True
deep_named_75343317_anchor_71567810,75343317,71567810,BP.LCCB.DP1,BP.LCCB.40.DP1,BP.LCCB..DP1,40,,LCCB,DP1,250.0,10.0-40.0Hz,10.0,40.0,819.216695990769,1076.0726955331595,0.29326748783012146,-0.376,True
deep_named_75343317_anchor_71567810,75343317,71567810,BP.LCCB.DP1,BP.LCCB.40.DP1,BP.LCCB..DP1,40,,LCCB,DP1,250.0,2.0-40.0Hz,2.0,40.0,971.201321471341,978.1363203773686,0.35971865034208,0.176,True
deep_named_75343317_anchor_71567810,75343317,71567810,BP.LCCB.DP2,BP.LCCB.40.DP2,BP.LCCB..DP2,40,,LCCB,DP2,250.0,2.0-10.0Hz,2.0,10.0,77.54259050850602,395.44351475086626,0.6948705883943616,0.16,True
deep_named_75343317_anchor_71567810,75343317,71567810,BP.LCCB.DP2,BP.LCCB.40.DP2,BP.LCCB..DP2,40,,LCCB,DP2,250.0,5.0-20.0Hz,5.0,20.0,155.4016803890679,422.4333463753459,0.3871562020582941,0.176,True
deep_named_75343317_anchor_71567810,75343317,71567810,BP.LCCB.DP2,BP.LCCB.40.DP2,BP.LCCB..DP2,40,,LCCB,DP2,250.0,10.0-40.0Hz,10.0,40.0,163.82680968622387,276.66969160396866,0.3048026297264219,0.116,True
deep_named_75343317_anchor_71567810,75343317,71567810,BP.LCCB.DP2,BP.LCCB.40.DP2,BP.LCCB..DP2,40,,LCCB,DP2,250.0,2.0-40.0Hz,2.0,40.0,114.74441485151108,304.8351185955109,0.35284618963864506,0.176,True
deep_named_75343317_anchor_71567810,75343317,71567810,BP.LCCB.DP3,BP.LCCB.40.DP3,BP.LCCB..DP3,40,,LCCB,DP3,250.0,2.0-10.0Hz,2.0,10.0,1108.2147318148118,901.0491391067158,0.42943268549463054,0.164,True
deep_named_75343317_anchor_71567810,75343317,71567810,BP.LCCB.DP3,BP.LCCB.40.DP3,BP.LCCB..DP3,40,,LCCB,DP3,250.0,5.0-20.0Hz,5.0,20.0,1400.1626622383633,1167.8812129353505,0.21953237785037633,-0.38,True
deep_named_75343317_anchor_71567810,75343317,71567810,BP.LCCB.DP3,BP.LCCB.40.DP3,BP.LCCB..DP3,40,,LCCB,DP3,250.0,10.0-40.0Hz,10.0,40.0,903.8856783370064,864.2881316830668,0.21125286959871664,-0.28,True
deep_named_75343317_anchor_71567810,75343317,71567810,BP.LCCB.DP3,BP.LCCB.40.DP3,BP.LCCB..DP3,40,,LCCB,DP3,250.0,2.0-40.0Hz,2.0,40.0,1078.1254836858702,897.5263071583724,0.318664574028711,0.172,True
deep_named_75343317_anchor_71567810,75343317,71567810,BP.MMNB.DP1,BP.MMNB.40.DP1,BP.MMNB.40.DP1,40,40,MMNB,DP1,250.0,2.0-10.0Hz,2.0,10.0,948.3060988917163,517.5923666508165,0.4896476816580558,0.144,True
deep_named_75343317_anchor_71567810,75343317,71567810,BP.MMNB.DP1,BP.MMNB.40.DP1,BP.MMNB.40.DP1,40,40,MMNB,DP1,250.0,5.0-20.0Hz,5.0,20.0,1385.5836658306318,704.1034560734225,0.5213527173285558,0.008,True
deep_named_75343317_anchor_71567810,75343317,71567810,BP.MMNB.DP1,BP.MMNB.40.DP1,BP.MMNB.40.DP1,40,40,MMNB,DP1,250.0,10.0-40.0Hz,10.0,40.0,684.2148584594745,325.95728195586054,0.5806237341384103,0.208,True
deep_named_75343317_anchor_71567810,75343317,71567810,BP.MMNB.DP1,BP.MMNB.40.DP1,BP.MMNB.40.DP1,40,40,MMNB,DP1,250.0,2.0-40.0Hz,2.0,40.0,922.2021501113555,467.2200825503769,0.36907844116711863,0.128,True
deep_named_75343317_anchor_71567810,75343317,71567810,BP.MMNB.DP2,BP.MMNB.40.DP2,BP.MMNB.40.DP2,40,40,MMNB,DP2,250.0,2.0-10.0Hz,2.0,10.0,786.2528810398933,499.94637223535483,0.32045122263952114,0.2,True
deep_named_75343317_anchor_71567810,75343317,71567810,BP.MMNB.DP2,BP.MMNB.40.DP2,BP.MMNB.40.DP2,40,40,MMNB,DP2,250.0,5.0-20.0Hz,5.0,20.0,1238.1722280249896,678.1862718906626,0.46574776525765266,0.1,True
deep_named_75343317_anchor_71567810,75343317,71567810,BP.MMNB.DP2,BP.MMNB.40.DP2,BP.MMNB.40.DP2,40,40,MMNB,DP2,250.0,10.0-40.0Hz,10.0,40.0,690.1427618462427,296.1719108145358,0.5566299339373816,0.196,True
deep_named_75343317_anchor_71567810,75343317,71567810,BP.MMNB.DP2,BP.MMNB.40.DP2,BP.MMNB.40.DP2,40,40,MMNB,DP2,250.0,2.0-40.0Hz,2.0,40.0,808.3186437664851,437.6799654082157,0.42372239171207243,0.2,True
deep_named_75343317_anchor_71567810,75343317,71567810,BP.MMNB.DP3,BP.MMNB.40.DP3,BP.MMNB.40.DP3,40,40,MMNB,DP3,250.0,2.0-10.0Hz,2.0,10.0,566.7504545929613,579.3087498875539,0.576974965328288,0.184,True
deep_named_75343317_anchor_71567810,75343317,71567810,BP.MMNB.DP3,BP.MMNB.40.DP3,BP.MMNB.40.DP3,40,40,MMNB,DP3,250.0,5.0-20.0Hz,5.0,20.0,1229.1735789554684,737.6866007085637,0.6411881959361189,0.192,True
deep_named_75343317_anchor_71567810,75343317,71567810,BP.MMNB.DP3,BP.MMNB.40.DP3,BP.MMNB.40.DP3,40,40,MMNB,DP3,250.0,10.0-40.0Hz,10.0,40.0,966.2550223336708,382.79077076872795,0.6832612164650121,0.2,True
deep_named_75343317_anchor_71567810,75343317,71567810,BP.MMNB.DP3,BP.MMNB.40.DP3,BP.MMNB.40.DP3,40,40,MMNB,DP3,250.0,2.0-40.0Hz,2.0,40.0,714.486303752617,521.0851752934398,0.6157538520526771,0.196,True
deep_named_75343317_anchor_71567810,75343317,71567810,BP.SCYB.DP1,BP.SCYB.40.DP1,BP.SCYB..DP1,40,,SCYB,DP1,250.0,2.0-10.0Hz,2.0,10.0,2078.4804679153794,880.7835451147147,0.3659260552427662,0.184,True
deep_named_75343317_anchor_71567810,75343317,71567810,BP.SCYB.DP1,BP.SCYB.40.DP1,BP.SCYB..DP1,40,,SCYB,DP1,250.0,5.0-20.0Hz,5.0,20.0,3520.5345965390884,1103.7736792366684,0.3542543816500034,0.184,True
deep_named_75343317_anchor_71567810,75343317,71567810,BP.SCYB.DP1,BP.SCYB.40.DP1,BP.SCYB..DP1,40,,SCYB,DP1,250.0,10.0-40.0Hz,10.0,40.0,1680.5960141876878,684.5288848609263,0.43332184641025706,-0.104,True
deep_named_75343317_anchor_71567810,75343317,71567810,BP.SCYB.DP1,BP.SCYB.40.DP1,BP.SCYB..DP1,40,,SCYB,DP1,250.0,2.0-40.0Hz,2.0,40.0,2033.0447969773677,803.6924045744108,0.33613235600100044,0.18,True
deep_named_75343317_anchor_71567810,75343317,71567810,BP.SCYB.DP2,BP.SCYB.40.DP2,BP.SCYB..DP2,40,,SCYB,DP2,250.0,2.0-10.0Hz,2.0,10.0,1603.4496173854811,1185.6383764192358,0.41177157086814276,0.152,True
deep_named_75343317_anchor_71567810,75343317,71567810,BP.SCYB.DP2,BP.SCYB.40.DP2,BP.SCYB..DP2,40,,SCYB,DP2,250.0,5.0-20.0Hz,5.0,20.0,2579.8013087280538,1223.6493160833113,0.29448744894164064,0.176,True
deep_named_75343317_anchor_71567810,75343317,71567810,BP.SCYB.DP2,BP.SCYB.40.DP2,BP.SCYB..DP2,40,,SCYB,DP2,250.0,10.0-40.0Hz,10.0,40.0,1082.8114808849123,533.8757249711488,0.34535277937222236,0.176,True
deep_named_75343317_anchor_71567810,75343317,71567810,BP.SCYB.DP2,BP.SCYB.40.DP2,BP.SCYB..DP2,40,,SCYB,DP2,250.0,2.0-40.0Hz,2.0,40.0,1600.5912952844506,932.8068547863899,0.37071321589457124,0.164,True
deep_named_75343317_anchor_71567810,75343317,71567810,BP.SCYB.DP3,BP.SCYB.40.DP3,BP.SCYB..DP3,40,,SCYB,DP3,250.0,2.0-10.0Hz,2.0,10.0,1208.1537889271658,632.6209373102877,0.27035708905725736,-0.14,True
deep_named_75343317_anchor_71567810,75343317,71567810,BP.SCYB.DP3,BP.SCYB.40.DP3,BP.SCYB..DP3,40,,SCYB,DP3,250.0,5.0-20.0Hz,5.0,20.0,2820.7822862960033,741.6215300688774,0.21454402784155358,0.204,True
deep_named_75343317_anchor_71567810,75343317,71567810,BP.SCYB.DP3,BP.SCYB.40.DP3,BP.SCYB..DP3,40,,SCYB,DP3,250.0,10.0-40.0Hz,10.0,40.0,1278.8278631830312,447.87968669205935,0.1971263786404062,-0.448,True
deep_named_75343317_anchor_71567810,75343317,71567810,BP.SCYB.DP3,BP.SCYB.40.DP3,BP.SCYB..DP3,40,,SCYB,DP3,250.0,2.0-40.0Hz,2.0,40.0,1249.7802221622287,504.6692246677407,0.23424418477915634,0.204,True
deep_named_75343317_anchor_71567810,75343317,71567810,BP.SMNB.DP1,BP.SMNB.40.DP1,BP.SMNB.40.DP1,40,40,SMNB,DP1,250.0,2.0-10.0Hz,2.0,10.0,977.1533043279763,716.6425739890268,0.7735933356588579,0.088,True
deep_named_75343317_anchor_71567810,75343317,71567810,BP.SMNB.DP1,BP.SMNB.40.DP1,BP.SMNB.40.DP1,40,40,SMNB,DP1,250.0,5.0-20.0Hz,5.0,20.0,1578.0389130647516,1202.3993798127144,0.43630065454008876,0.08,True
deep_named_75343317_anchor_71567810,75343317,71567810,BP.SMNB.DP1,BP.SMNB.40.DP1,BP.SMNB.40.DP1,40,40,SMNB,DP1,250.0,10.0-40.0Hz,10.0,40.0,2104.9551325833972,1491.4532351999123,0.23154632912052373,0.08,True
deep_named_75343317_anchor_71567810,75343317,71567810,BP.SMNB.DP1,BP.SMNB.40.DP1,BP.SMNB.40.DP1,40,40,SMNB,DP1,250.0,2.0-40.0Hz,2.0,40.0,1252.1091734929792,1015.0800027229297,0.42784169514670817,0.084,True
deep_named_75343317_anchor_71567810,75343317,71567810,BP.SMNB.DP2,BP.SMNB.40.DP2,BP.SMNB.40.DP2,40,40,SMNB,DP2,250.0,2.0-10.0Hz,2.0,10.0,750.9930393261496,774.8368681610898,0.5827373650567436,0.104,True
deep_named_75343317_anchor_71567810,75343317,71567810,BP.SMNB.DP2,BP.SMNB.40.DP2,BP.SMNB.40.DP2,40,40,SMNB,DP2,250.0,5.0-20.0Hz,5.0,20.0,1130.1707557534653,1402.9400401938774,0.4664292324586938,0.096,True
deep_named_75343317_anchor_71567810,75343317,71567810,BP.SMNB.DP2,BP.SMNB.40.DP2,BP.SMNB.40.DP2,40,40,SMNB,DP2,250.0,10.0-40.0Hz,10.0,40.0,2055.4979090252987,1577.8530461479486,0.20781957752167485,0.028,True
deep_named_75343317_anchor_71567810,75343317,71567810,BP.SMNB.DP2,BP.SMNB.40.DP2,BP.SMNB.40.DP2,40,40,SMNB,DP2,250.0,2.0-40.0Hz,2.0,40.0,1104.772357886983,1203.611443820404,0.296645279695668,0.104,True
deep_named_75343317_anchor_71567810,75343317,71567810,BP.SMNB.DP3,BP.SMNB.40.DP3,BP.SMNB.40.DP3,40,40,SMNB,DP3,250.0,2.0-10.0Hz,2.0,10.0,855.4040654723299,683.131060875061,0.6004521761038255,0.096,True
deep_named_75343317_anchor_71567810,75343317,71567810,BP.SMNB.DP3,BP.SMNB.40.DP3,BP.SMNB.40.DP3,40,40,SMNB,DP3,250.0,5.0-20.0Hz,5.0,20.0,1536.396318984917,1161.3196554886742,0.3619705129569142,0.084,True
deep_named_75343317_anchor_71567810,75343317,71567810,BP.SMNB.DP3,BP.SMNB.40.DP3,BP.SMNB.40.DP3,40,40,SMNB,DP3,250.0,10.0-40.0Hz,10.0,40.0,3033.0644012650073,1499.2779705569803,0.26193198950530433,0.08,True
deep_named_75343317_anchor_71567810,75343317,71567810,BP.SMNB.DP3,BP.SMNB.40.DP3,BP.SMNB.40.DP3,40,40,SMNB,DP3,250.0,2.0-40.0Hz,2.0,40.0,1428.8984378791952,1149.5859515061043,0.32422628598655145,0.084,True
deep_named_75343317_anchor_71908906,75343317,71908906,BK.PKD.HHE,BK.PKD.00.HHE,BK.PKD.00.HHE,00,00,PKD,HHE,100.0,2.0-10.0Hz,2.0,10.0,321.58671551727156,63.27491120678386,0.2943254958112444,0.15,True
deep_named_75343317_anchor_71908906,75343317,71908906,BK.PKD.HHE,BK.PKD.00.HHE,BK.PKD.00.HHE,00,00,PKD,HHE,100.0,5.0-20.0Hz,5.0,20.0,338.6212712769102,74.81068027279335,0.2459347573908561,0.02,True
deep_named_75343317_anchor_71908906,75343317,71908906,BK.PKD.HHE,BK.PKD.00.HHE,BK.PKD.00.HHE,00,00,PKD,HHE,100.0,10.0-40.0Hz,10.0,40.0,177.949445881724,60.68983868116381,0.3316685602889145,0.03,True
deep_named_75343317_anchor_71908906,75343317,71908906,BK.PKD.HHE,BK.PKD.00.HHE,BK.PKD.00.HHE,00,00,PKD,HHE,100.0,2.0-40.0Hz,2.0,40.0,281.6898637289211,63.393268555291144,0.20551442596993713,0.16,True
deep_named_75343317_anchor_71908906,75343317,71908906,BK.PKD.HHN,BK.PKD.00.HHN,BK.PKD.00.HHN,00,00,PKD,HHN,100.0,2.0-10.0Hz,2.0,10.0,381.8900390479181,47.7745763554742,0.288727165938299,0.14,True
deep_named_75343317_anchor_71908906,75343317,71908906,BK.PKD.HHN,BK.PKD.00.HHN,BK.PKD.00.HHN,00,00,PKD,HHN,100.0,5.0-20.0Hz,5.0,20.0,400.67892586539455,62.44414088729069,0.24680122619168265,0.11,True
deep_named_75343317_anchor_71908906,75343317,71908906,BK.PKD.HHN,BK.PKD.00.HHN,BK.PKD.00.HHN,00,00,PKD,HHN,100.0,10.0-40.0Hz,10.0,40.0,227.9098208834783,56.36203900952732,0.3440856540249778,0.11,True
deep_named_75343317_anchor_71908906,75343317,71908906,BK.PKD.HHN,BK.PKD.00.HHN,BK.PKD.00.HHN,00,00,PKD,HHN,100.0,2.0-40.0Hz,2.0,40.0,306.4933536606505,51.95244543502027,0.2835702259017841,0.12,True
deep_named_75343317_anchor_71908906,75343317,71908906,BK.PKD.HHZ,BK.PKD.00.HHZ,BK.PKD.00.HHZ,00,00,PKD,HHZ,100.0,2.0-10.0Hz,2.0,10.0,366.2256517407152,55.72118817687291,0.4877076927665837,0.11,True
deep_named_75343317_anchor_71908906,75343317,71908906,BK.PKD.HHZ,BK.PKD.00.HHZ,BK.PKD.00.HHZ,00,00,PKD,HHZ,100.0,5.0-20.0Hz,5.0,20.0,456.6265248434603,85.59033042220672,0.39744594656224125,0.11,True
deep_named_75343317_anchor_71908906,75343317,71908906,BK.PKD.HHZ,BK.PKD.00.HHZ,BK.PKD.00.HHZ,00,00,PKD,HHZ,100.0,10.0-40.0Hz,10.0,40.0,363.82028392899133,99.63447318333363,0.5254699168783423,0.11,True
deep_named_75343317_anchor_71908906,75343317,71908906,BK.PKD.HHZ,BK.PKD.00.HHZ,BK.PKD.00.HHZ,00,00,PKD,HHZ,100.0,2.0-40.0Hz,2.0,40.0,374.2189868533316,72.03385223227681,0.5001479026404163,0.11,True
deep_named_75343317_anchor_71908906,75343317,71908906,BP.CCRB.DP1,BP.CCRB.40.DP1,BP.CCRB.40.DP1,40,40,CCRB,DP1,250.0,2.0-10.0Hz,2.0,10.0,1074.156454469295,268.7172239927994,0.4570640471921031,0.116,True
deep_named_75343317_anchor_71908906,75343317,71908906,BP.CCRB.DP1,BP.CCRB.40.DP1,BP.CCRB.40.DP1,40,40,CCRB,DP1,250.0,5.0-20.0Hz,5.0,20.0,3055.9508427965425,829.9912566237247,0.759662921234183,0.12,True
deep_named_75343317_anchor_71908906,75343317,71908906,BP.CCRB.DP1,BP.CCRB.40.DP1,BP.CCRB.40.DP1,40,40,CCRB,DP1,250.0,10.0-40.0Hz,10.0,40.0,3953.027756255988,1436.2994528659,0.741982327562748,0.12,True
deep_named_75343317_anchor_71908906,75343317,71908906,BP.CCRB.DP1,BP.CCRB.40.DP1,BP.CCRB.40.DP1,40,40,CCRB,DP1,250.0,2.0-40.0Hz,2.0,40.0,2397.952772925051,824.5672759859264,0.7026288858214389,0.12,True
deep_named_75343317_anchor_71908906,75343317,71908906,BP.CCRB.DP2,BP.CCRB.40.DP2,BP.CCRB.40.DP2,40,40,CCRB,DP2,250.0,2.0-10.0Hz,2.0,10.0,549.8090576702067,216.12578842017584,0.25770554541320073,0.392,True
deep_named_75343317_anchor_71908906,75343317,71908906,BP.CCRB.DP2,BP.CCRB.40.DP2,BP.CCRB.40.DP2,40,40,CCRB,DP2,250.0,5.0-20.0Hz,5.0,20.0,1165.6320523764805,383.19722899810256,0.17713741129029462,0.284,True
deep_named_75343317_anchor_71908906,75343317,71908906,BP.CCRB.DP2,BP.CCRB.40.DP2,BP.CCRB.40.DP2,40,40,CCRB,DP2,250.0,10.0-40.0Hz,10.0,40.0,1594.8079946270097,515.8464050598706,0.2849520480631583,0.116,True
deep_named_75343317_anchor_71908906,75343317,71908906,BP.CCRB.DP2,BP.CCRB.40.DP2,BP.CCRB.40.DP2,40,40,CCRB,DP2,250.0,2.0-40.0Hz,2.0,40.0,783.0325459447789,316.1094229892141,0.14618834710783096,0.38,True
deep_named_75343317_anchor_71908906,75343317,71908906,BP.CCRB.DP3,BP.CCRB.40.DP3,BP.CCRB.40.DP3,40,40,CCRB,DP3,250.0,2.0-10.0Hz,2.0,10.0,723.5370149566094,222.06980027566047,0.3418497871140441,-0.008,True
deep_named_75343317_anchor_71908906,75343317,71908906,BP.CCRB.DP3,BP.CCRB.40.DP3,BP.CCRB.40.DP3,40,40,CCRB,DP3,250.0,5.0-20.0Hz,5.0,20.0,1389.4557764069696,447.66553641859514,0.5060255973184905,0.116,True
deep_named_75343317_anchor_71908906,75343317,71908906,BP.CCRB.DP3,BP.CCRB.40.DP3,BP.CCRB.40.DP3,40,40,CCRB,DP3,250.0,10.0-40.0Hz,10.0,40.0,2020.0133849865492,751.2338022338865,0.5742952809690196,0.116,True
deep_named_75343317_anchor_71908906,75343317,71908906,BP.CCRB.DP3,BP.CCRB.40.DP3,BP.CCRB.40.DP3,40,40,CCRB,DP3,250.0,2.0-40.0Hz,2.0,40.0,956.8040586441007,392.32875136131884,0.4728226734339331,0.116,True
deep_named_75343317_anchor_71908906,75343317,71908906,BP.EADB.DP1,BP.EADB.40.DP1,BP.EADB.40.DP1,40,40,EADB,DP1,250.0,2.0-10.0Hz,2.0,10.0,111.41579366610256,50.60871525301178,0.3180544970803818,0.192,True
deep_named_75343317_anchor_71908906,75343317,71908906,BP.EADB.DP1,BP.EADB.40.DP1,BP.EADB.40.DP1,40,40,EADB,DP1,250.0,5.0-20.0Hz,5.0,20.0,120.22316175692981,76.6745274161132,0.28868791470762256,0.016,True
deep_named_75343317_anchor_71908906,75343317,71908906,BP.EADB.DP1,BP.EADB.40.DP1,BP.EADB.40.DP1,40,40,EADB,DP1,250.0,10.0-40.0Hz,10.0,40.0,58.12429109723144,42.508828602112985,0.41877062830822975,0.124,True
deep_named_75343317_anchor_71908906,75343317,71908906,BP.EADB.DP1,BP.EADB.40.DP1,BP.EADB.40.DP1,40,40,EADB,DP1,250.0,2.0-40.0Hz,2.0,40.0,101.7502687882016,53.2018789543812,0.29201431838192377,0.0,True
deep_named_75343317_anchor_71908906,75343317,71908906,BP.EADB.DP2,BP.EADB.40.DP2,BP.EADB.40.DP2,40,40,EADB,DP2,250.0,2.0-10.0Hz,2.0,10.0,123.81046604778656,70.70557931573286,0.6630827656009185,0.212,True
deep_named_75343317_anchor_71908906,75343317,71908906,BP.EADB.DP2,BP.EADB.40.DP2,BP.EADB.40.DP2,40,40,EADB,DP2,250.0,5.0-20.0Hz,5.0,20.0,82.31406471210508,77.21963357077568,0.5486715768599334,0.208,True
deep_named_75343317_anchor_71908906,75343317,71908906,BP.EADB.DP2,BP.EADB.40.DP2,BP.EADB.40.DP2,40,40,EADB,DP2,250.0,10.0-40.0Hz,10.0,40.0,40.068192294376324,36.09949020176985,0.3838309149949041,0.204,True
deep_named_75343317_anchor_71908906,75343317,71908906,BP.EADB.DP2,BP.EADB.40.DP2,BP.EADB.40.DP2,40,40,EADB,DP2,250.0,2.0-40.0Hz,2.0,40.0,111.42380436087215,68.99663640499749,0.6187632919125571,0.212,True
deep_named_75343317_anchor_71908906,75343317,71908906,BP.EADB.DP3,BP.EADB.40.DP3,BP.EADB.40.DP3,40,40,EADB,DP3,250.0,2.0-10.0Hz,2.0,10.0,104.0272231336235,11.713333467164267,0.6037090122975495,0.208,True
deep_named_75343317_anchor_71908906,75343317,71908906,BP.EADB.DP3,BP.EADB.40.DP3,BP.EADB.40.DP3,40,40,EADB,DP3,250.0,5.0-20.0Hz,5.0,20.0,81.17155177187263,4.954682793222804,0.3603981879449719,0.208,True
deep_named_75343317_anchor_71908906,75343317,71908906,BP.EADB.DP3,BP.EADB.40.DP3,BP.EADB.40.DP3,40,40,EADB,DP3,250.0,10.0-40.0Hz,10.0,40.0,43.208163457938696,1.8167809963346264,0.411700057925871,0.124,False
deep_named_75343317_anchor_71908906,75343317,71908906,BP.EADB.DP3,BP.EADB.40.DP3,BP.EADB.40.DP3,40,40,EADB,DP3,250.0,2.0-40.0Hz,2.0,40.0,105.25648651433298,5.282292958152193,0.6326659759330842,0.208,True
deep_named_75343317_anchor_71908906,75343317,71908906,BP.FROB.DP1,BP.FROB.40.DP1,BP.FROB.40.DP1,40,40,FROB,DP1,250.0,2.0-10.0Hz,2.0,10.0,15.159625390729854,16.803390270625755,0.2973542510738396,0.208,True
deep_named_75343317_anchor_71908906,75343317,71908906,BP.FROB.DP1,BP.FROB.40.DP1,BP.FROB.40.DP1,40,40,FROB,DP1,250.0,5.0-20.0Hz,5.0,20.0,19.7803595355443,16.174685206562007,0.2690827364915578,0.204,True
deep_named_75343317_anchor_71908906,75343317,71908906,BP.FROB.DP1,BP.FROB.40.DP1,BP.FROB.40.DP1,40,40,FROB,DP1,250.0,10.0-40.0Hz,10.0,40.0,19.81475965840155,12.3448654961627,0.29961882834629905,0.12,True
deep_named_75343317_anchor_71908906,75343317,71908906,BP.FROB.DP1,BP.FROB.40.DP1,BP.FROB.40.DP1,40,40,FROB,DP1,250.0,2.0-40.0Hz,2.0,40.0,17.547131920757693,13.55725293207204,0.23456247421256854,0.204,True
deep_named_75343317_anchor_71908906,75343317,71908906,BP.FROB.DP2,BP.FROB.40.DP2,BP.FROB.40.DP2,40,40,FROB,DP2,250.0,2.0-10.0Hz,2.0,10.0,15.558321025510361,51.37809445556027,0.3065136059939968,0.192,True
deep_named_75343317_anchor_71908906,75343317,71908906,BP.FROB.DP2,BP.FROB.40.DP2,BP.FROB.40.DP2,40,40,FROB,DP2,250.0,5.0-20.0Hz,5.0,20.0,19.52380502542823,85.63085806105951,0.2928582884008477,0.204,True
deep_named_75343317_anchor_71908906,75343317,71908906,BP.FROB.DP2,BP.FROB.40.DP2,BP.FROB.40.DP2,40,40,FROB,DP2,250.0,10.0-40.0Hz,10.0,40.0,18.36775439187739,88.95500437506698,0.20913541347580925,0.12,True
deep_named_75343317_anchor_71908906,75343317,71908906,BP.FROB.DP2,BP.FROB.40.DP2,BP.FROB.40.DP2,40,40,FROB,DP2,250.0,2.0-40.0Hz,2.0,40.0,17.068103424433396,74.71068690970614,0.23606358707198696,0.204,True
deep_named_75343317_anchor_71908906,75343317,71908906,BP.FROB.DP3,BP.FROB.40.DP3,BP.FROB.40.DP3,40,40,FROB,DP3,250.0,2.0-10.0Hz,2.0,10.0,17.463194710959453,33.39777419458997,0.5042979046593364,0.188,True
deep_named_75343317_anchor_71908906,75343317,71908906,BP.FROB.DP3,BP.FROB.40.DP3,BP.FROB.40.DP3,40,40,FROB,DP3,250.0,5.0-20.0Hz,5.0,20.0,17.092456041916858,46.15864915982317,0.421643748855947,0.196,True
deep_named_75343317_anchor_71908906,75343317,71908906,BP.FROB.DP3,BP.FROB.40.DP3,BP.FROB.40.DP3,40,40,FROB,DP3,250.0,10.0-40.0Hz,10.0,40.0,12.774999973309326,39.31622662867519,0.2306946827350438,0.116,True
deep_named_75343317_anchor_71908906,75343317,71908906,BP.FROB.DP3,BP.FROB.40.DP3,BP.FROB.40.DP3,40,40,FROB,DP3,250.0,2.0-40.0Hz,2.0,40.0,15.434980231918134,35.59034927574807,0.3411807709117091,0.192,True
deep_named_75343317_anchor_71908906,75343317,71908906,BP.GHIB.DP1,BP.GHIB.40.DP1,BP.GHIB.40.DP1,40,40,GHIB,DP1,250.0,2.0-10.0Hz,2.0,10.0,12.46613770124475,7.290141215315016,0.67434958977918,0.136,True
deep_named_75343317_anchor_71908906,75343317,71908906,BP.GHIB.DP1,BP.GHIB.40.DP1,BP.GHIB.40.DP1,40,40,GHIB,DP1,250.0,5.0-20.0Hz,5.0,20.0,15.304814838703013,10.315586612423735,0.514044890367386,0.132,True
deep_named_75343317_anchor_71908906,75343317,71908906,BP.GHIB.DP1,BP.GHIB.40.DP1,BP.GHIB.40.DP1,40,40,GHIB,DP1,250.0,10.0-40.0Hz,10.0,40.0,22.47150020856215,13.182036155961304,0.5937796351877647,0.132,True
deep_named_75343317_anchor_71908906,75343317,71908906,BP.GHIB.DP1,BP.GHIB.40.DP1,BP.GHIB.40.DP1,40,40,GHIB,DP1,250.0,2.0-40.0Hz,2.0,40.0,13.966840380305262,8.481970626389726,0.6412182316893366,0.132,True
deep_named_75343317_anchor_71908906,75343317,71908906,BP.GHIB.DP3,BP.GHIB.40.DP3,BP.GHIB.40.DP3,40,40,GHIB,DP3,250.0,2.0-10.0Hz,2.0,10.0,11.338478237072291,1.9012002170503755,0.4388574729395751,0.144,False
deep_named_75343317_anchor_71908906,75343317,71908906,BP.GHIB.DP3,BP.GHIB.40.DP3,BP.GHIB.40.DP3,40,40,GHIB,DP3,250.0,5.0-20.0Hz,5.0,20.0,11.931527000909512,2.0776435309706045,0.3163503498928615,0.132,False
deep_named_75343317_anchor_71908906,75343317,71908906,BP.GHIB.DP3,BP.GHIB.40.DP3,BP.GHIB.40.DP3,40,40,GHIB,DP3,250.0,10.0-40.0Hz,10.0,40.0,11.22457891627594,2.167457280214142,0.38382446402387965,0.128,False
deep_named_75343317_anchor_71908906,75343317,71908906,BP.GHIB.DP3,BP.GHIB.40.DP3,BP.GHIB.40.DP3,40,40,GHIB,DP3,250.0,2.0-40.0Hz,2.0,40.0,11.54174986710341,2.003318196129982,0.3923079221460105,0.132,False
deep_named_75343317_anchor_71908906,75343317,71908906,BP.JCNB.DP1,BP.JCNB.40.DP1,BP.JCNB.40.DP1,40,40,JCNB,DP1,250.0,2.0-10.0Hz,2.0,10.0,324.47082890006135,179.3318853747299,0.5219126888636735,0.36,True
deep_named_75343317_anchor_71908906,75343317,71908906,BP.JCNB.DP1,BP.JCNB.40.DP1,BP.JCNB.40.DP1,40,40,JCNB,DP1,250.0,5.0-20.0Hz,5.0,20.0,275.91881622589244,34.99047400357587,0.29283870535936524,0.356,True
deep_named_75343317_anchor_71908906,75343317,71908906,BP.JCNB.DP1,BP.JCNB.40.DP1,BP.JCNB.40.DP1,40,40,JCNB,DP1,250.0,10.0-40.0Hz,10.0,40.0,118.45155504796442,24.25888546228507,0.1772283337801266,-0.312,True
deep_named_75343317_anchor_71908906,75343317,71908906,BP.JCNB.DP1,BP.JCNB.40.DP1,BP.JCNB.40.DP1,40,40,JCNB,DP1,250.0,2.0-40.0Hz,2.0,40.0,200.9033180709631,31.778246423956034,0.26990062875986354,0.356,True
deep_named_75343317_anchor_71908906,75343317,71908906,BP.JCNB.DP2,BP.JCNB.40.DP2,BP.JCNB.40.DP2,40,40,JCNB,DP2,250.0,2.0-10.0Hz,2.0,10.0,345.86112155792074,104.28631516837753,0.7255817545238133,0.2,True
deep_named_75343317_anchor_71908906,75343317,71908906,BP.JCNB.DP2,BP.JCNB.40.DP2,BP.JCNB.40.DP2,40,40,JCNB,DP2,250.0,5.0-20.0Hz,5.0,20.0,151.32481159823206,94.07565428080798,0.6450932792152878,0.188,True
deep_named_75343317_anchor_71908906,75343317,71908906,BP.JCNB.DP2,BP.JCNB.40.DP2,BP.JCNB.40.DP2,40,40,JCNB,DP2,250.0,10.0-40.0Hz,10.0,40.0,130.03003012204982,74.77000976537718,0.6773781639307267,0.124,True
deep_named_75343317_anchor_71908906,75343317,71908906,BP.JCNB.DP2,BP.JCNB.40.DP2,BP.JCNB.40.DP2,40,40,JCNB,DP2,250.0,2.0-40.0Hz,2.0,40.0,140.94984161583253,77.80753552832495,0.610314724700983,0.188,True
deep_named_75343317_anchor_71908906,75343317,71908906,BP.JCNB.DP3,BP.JCNB.40.DP3,BP.JCNB.40.DP3,40,40,JCNB,DP3,250.0,2.0-10.0Hz,2.0,10.0,458.06649495350337,65.2839387045384,0.5278704101930689,-0.496,True
deep_named_75343317_anchor_71908906,75343317,71908906,BP.JCNB.DP3,BP.JCNB.40.DP3,BP.JCNB.40.DP3,40,40,JCNB,DP3,250.0,5.0-20.0Hz,5.0,20.0,132.56827730034752,72.72401880810787,0.2919547729709755,-0.496,True
deep_named_75343317_anchor_71908906,75343317,71908906,BP.JCNB.DP3,BP.JCNB.40.DP3,BP.JCNB.40.DP3,40,40,JCNB,DP3,250.0,10.0-40.0Hz,10.0,40.0,108.55054106265797,31.87504252324032,0.24052013245916193,0.384,True
deep_named_75343317_anchor_71908906,75343317,71908906,BP.JCNB.DP3,BP.JCNB.40.DP3,BP.JCNB.40.DP3,40,40,JCNB,DP3,250.0,2.0-40.0Hz,2.0,40.0,126.37251385897353,43.19837844145745,0.2737647442335459,-0.496,True
deep_named_75343317_anchor_71908906,75343317,71908906,BP.JCSB.DP1,BP.JCSB.40.DP1,BP.JCSB.40.DP1,40,40,JCSB,DP1,250.0,2.0-10.0Hz,2.0,10.0,402.7418522875113,92.5952828267075,0.8280996438091512,0.192,True
deep_named_75343317_anchor_71908906,75343317,71908906,BP.JCSB.DP1,BP.JCSB.40.DP1,BP.JCSB.40.DP1,40,40,JCSB,DP1,250.0,5.0-20.0Hz,5.0,20.0,212.1306148971622,79.31301561363894,0.6617615647381986,0.192,True
deep_named_75343317_anchor_71908906,75343317,71908906,BP.JCSB.DP1,BP.JCSB.40.DP1,BP.JCSB.40.DP1,40,40,JCSB,DP1,250.0,10.0-40.0Hz,10.0,40.0,156.71269481208157,49.2741242090608,0.5749058269001529,0.116,True
deep_named_75343317_anchor_71908906,75343317,71908906,BP.JCSB.DP1,BP.JCSB.40.DP1,BP.JCSB.40.DP1,40,40,JCSB,DP1,250.0,2.0-40.0Hz,2.0,40.0,263.66520706129165,73.38374203735415,0.7512030735386097,0.192,True
deep_named_75343317_anchor_71908906,75343317,71908906,BP.JCSB.DP2,BP.JCSB.40.DP2,BP.JCSB.40.DP2,40,40,JCSB,DP2,250.0,2.0-10.0Hz,2.0,10.0,5.337107237694633,1.4188224250848673,0.12585269603853688,-0.124,False
deep_named_75343317_anchor_71908906,75343317,71908906,BP.JCSB.DP2,BP.JCSB.40.DP2,BP.JCSB.40.DP2,40,40,JCSB,DP2,250.0,5.0-20.0Hz,5.0,20.0,12.199362992312555,1.0654814768833234,0.12596096242954857,0.496,False
deep_named_75343317_anchor_71908906,75343317,71908906,BP.JCSB.DP2,BP.JCSB.40.DP2,BP.JCSB.40.DP2,40,40,JCSB,DP2,250.0,10.0-40.0Hz,10.0,40.0,18.271324065688457,1.0342693792324142,0.08837897571633632,0.392,False
deep_named_75343317_anchor_71908906,75343317,71908906,BP.JCSB.DP2,BP.JCSB.40.DP2,BP.JCSB.40.DP2,40,40,JCSB,DP2,250.0,2.0-40.0Hz,2.0,40.0,12.262874447383654,1.3328383616402213,0.05218240419981035,-0.116,False
deep_named_75343317_anchor_71908906,75343317,71908906,BP.JCSB.DP3,BP.JCSB.40.DP3,BP.JCSB.40.DP3,40,40,JCSB,DP3,250.0,2.0-10.0Hz,2.0,10.0,12.113009338814555,0.7987471003148984,0.01415818911303387,-0.164,False
deep_named_75343317_anchor_71908906,75343317,71908906,BP.JCSB.DP3,BP.JCSB.40.DP3,BP.JCSB.40.DP3,40,40,JCSB,DP3,250.0,5.0-20.0Hz,5.0,20.0,17.94339691136154,0.7947183209966747,0.002713465329914486,0.116,False
deep_named_75343317_anchor_71908906,75343317,71908906,BP.JCSB.DP3,BP.JCSB.40.DP3,BP.JCSB.40.DP3,40,40,JCSB,DP3,250.0,10.0-40.0Hz,10.0,40.0,18.64910947132687,0.9913501680440678,0.0069462425559725,-0.04,False
deep_named_75343317_anchor_71908906,75343317,71908906,BP.JCSB.DP3,BP.JCSB.40.DP3,BP.JCSB.40.DP3,40,40,JCSB,DP3,250.0,2.0-40.0Hz,2.0,40.0,16.527565647116162,0.7947191735726994,0.0029456438878841936,0.144,False
deep_named_75343317_anchor_71908906,75343317,71908906,BP.LCCB.DP1,BP.LCCB.40.DP1,BP.LCCB.40.DP1,40,40,LCCB,DP1,250.0,2.0-10.0Hz,2.0,10.0,967.0648708083729,388.6230980745358,0.38805276837480884,0.192,True
deep_named_75343317_anchor_71908906,75343317,71908906,BP.LCCB.DP1,BP.LCCB.40.DP1,BP.LCCB.40.DP1,40,40,LCCB,DP1,250.0,5.0-20.0Hz,5.0,20.0,1327.0314830409059,655.2146760035791,0.33706194558308467,0.196,True
deep_named_75343317_anchor_71908906,75343317,71908906,BP.LCCB.DP1,BP.LCCB.40.DP1,BP.LCCB.40.DP1,40,40,LCCB,DP1,250.0,10.0-40.0Hz,10.0,40.0,819.216695990769,665.3380673771434,0.29096714942646673,-0.36,True
deep_named_75343317_anchor_71908906,75343317,71908906,BP.LCCB.DP1,BP.LCCB.40.DP1,BP.LCCB.40.DP1,40,40,LCCB,DP1,250.0,2.0-40.0Hz,2.0,40.0,971.201321471341,456.5823960969983,0.3299176107480948,0.196,True
deep_named_75343317_anchor_71908906,75343317,71908906,BP.LCCB.DP2,BP.LCCB.40.DP2,BP.LCCB.40.DP2,40,40,LCCB,DP2,250.0,2.0-10.0Hz,2.0,10.0,77.54259050850602,370.25244285661216,0.6869116016270312,0.18,True
deep_named_75343317_anchor_71908906,75343317,71908906,BP.LCCB.DP2,BP.LCCB.40.DP2,BP.LCCB.40.DP2,40,40,LCCB,DP2,250.0,5.0-20.0Hz,5.0,20.0,155.4016803890679,337.05446507747877,0.3939601956754541,0.196,True
deep_named_75343317_anchor_71908906,75343317,71908906,BP.LCCB.DP2,BP.LCCB.40.DP2,BP.LCCB.40.DP2,40,40,LCCB,DP2,250.0,10.0-40.0Hz,10.0,40.0,163.82680968622387,209.63458291298872,0.30440919367746005,0.132,True
deep_named_75343317_anchor_71908906,75343317,71908906,BP.LCCB.DP2,BP.LCCB.40.DP2,BP.LCCB.40.DP2,40,40,LCCB,DP2,250.0,2.0-40.0Hz,2.0,40.0,114.74441485151108,252.40047063122205,0.35761884058426824,0.196,True
deep_named_75343317_anchor_71908906,75343317,71908906,BP.LCCB.DP3,BP.LCCB.40.DP3,BP.LCCB.40.DP3,40,40,LCCB,DP3,250.0,2.0-10.0Hz,2.0,10.0,1108.2147318148118,383.39904025959527,0.43119090518618103,0.184,True
deep_named_75343317_anchor_71908906,75343317,71908906,BP.LCCB.DP3,BP.LCCB.40.DP3,BP.LCCB.40.DP3,40,40,LCCB,DP3,250.0,5.0-20.0Hz,5.0,20.0,1400.1626622383633,534.0995998202474,0.2299610930299753,-0.248,True
deep_named_75343317_anchor_71908906,75343317,71908906,BP.LCCB.DP3,BP.LCCB.40.DP3,BP.LCCB.40.DP3,40,40,LCCB,DP3,250.0,10.0-40.0Hz,10.0,40.0,903.8856783370064,427.82652860976685,0.2050983413054053,-0.26,True
deep_named_75343317_anchor_71908906,75343317,71908906,BP.LCCB.DP3,BP.LCCB.40.DP3,BP.LCCB.40.DP3,40,40,LCCB,DP3,250.0,2.0-40.0Hz,2.0,40.0,1078.1254836858702,408.7900835376638,0.3129907843308678,0.188,True
deep_named_75343317_anchor_71908906,75343317,71908906,BP.MMNB.DP1,BP.MMNB.40.DP1,BP.MMNB.40.DP1,40,40,MMNB,DP1,250.0,2.0-10.0Hz,2.0,10.0,948.3060988917163,273.5856889250183,0.49544485355092194,0.156,True
deep_named_75343317_anchor_71908906,75343317,71908906,BP.MMNB.DP1,BP.MMNB.40.DP1,BP.MMNB.40.DP1,40,40,MMNB,DP1,250.0,5.0-20.0Hz,5.0,20.0,1385.5836658306318,404.4541030243997,0.5201406400125889,0.016,True
deep_named_75343317_anchor_71908906,75343317,71908906,BP.MMNB.DP1,BP.MMNB.40.DP1,BP.MMNB.40.DP1,40,40,MMNB,DP1,250.0,10.0-40.0Hz,10.0,40.0,684.2148584594745,305.8036136760161,0.5855317465320984,0.216,True
deep_named_75343317_anchor_71908906,75343317,71908906,BP.MMNB.DP1,BP.MMNB.40.DP1,BP.MMNB.40.DP1,40,40,MMNB,DP1,250.0,2.0-40.0Hz,2.0,40.0,922.2021501113555,290.75465099748584,0.3702842870967161,0.136,True
deep_named_75343317_anchor_71908906,75343317,71908906,BP.MMNB.DP2,BP.MMNB.40.DP2,BP.MMNB.40.DP2,40,40,MMNB,DP2,250.0,2.0-10.0Hz,2.0,10.0,786.2528810398933,201.6483809082031,0.32049441198338124,0.208,True
deep_named_75343317_anchor_71908906,75343317,71908906,BP.MMNB.DP2,BP.MMNB.40.DP2,BP.MMNB.40.DP2,40,40,MMNB,DP2,250.0,5.0-20.0Hz,5.0,20.0,1238.1722280249896,412.1440051018812,0.4625232896791644,0.108,True
deep_named_75343317_anchor_71908906,75343317,71908906,BP.MMNB.DP2,BP.MMNB.40.DP2,BP.MMNB.40.DP2,40,40,MMNB,DP2,250.0,10.0-40.0Hz,10.0,40.0,690.1427618462427,250.58337402843787,0.5599731336643474,0.204,True
deep_named_75343317_anchor_71908906,75343317,71908906,BP.MMNB.DP2,BP.MMNB.40.DP2,BP.MMNB.40.DP2,40,40,MMNB,DP2,250.0,2.0-40.0Hz,2.0,40.0,808.3186437664851,234.32330630076984,0.42628994323373604,0.208,True
deep_named_75343317_anchor_71908906,75343317,71908906,BP.MMNB.DP3,BP.MMNB.40.DP3,BP.MMNB.40.DP3,40,40,MMNB,DP3,250.0,2.0-10.0Hz,2.0,10.0,566.7504545929613,298.3604612906935,0.5786624387812096,0.192,True
deep_named_75343317_anchor_71908906,75343317,71908906,BP.MMNB.DP3,BP.MMNB.40.DP3,BP.MMNB.40.DP3,40,40,MMNB,DP3,250.0,5.0-20.0Hz,5.0,20.0,1229.1735789554684,524.1423822912448,0.6443896048488571,0.204,True
deep_named_75343317_anchor_71908906,75343317,71908906,BP.MMNB.DP3,BP.MMNB.40.DP3,BP.MMNB.40.DP3,40,40,MMNB,DP3,250.0,10.0-40.0Hz,10.0,40.0,966.2550223336708,435.80131110191724,0.6834069306073537,0.208,True
deep_named_75343317_anchor_71908906,75343317,71908906,BP.MMNB.DP3,BP.MMNB.40.DP3,BP.MMNB.40.DP3,40,40,MMNB,DP3,250.0,2.0-40.0Hz,2.0,40.0,714.486303752617,363.99500967387695,0.6197165621141802,0.204,True
deep_named_75343317_anchor_71908906,75343317,71908906,BP.SCYB.DP1,BP.SCYB.40.DP1,BP.SCYB.40.DP1,40,40,SCYB,DP1,250.0,2.0-10.0Hz,2.0,10.0,2078.4804679153794,424.77326971623563,0.3546126525961747,0.2,True
deep_named_75343317_anchor_71908906,75343317,71908906,BP.SCYB.DP1,BP.SCYB.40.DP1,BP.SCYB.40.DP1,40,40,SCYB,DP1,250.0,5.0-20.0Hz,5.0,20.0,3520.5345965390884,698.9145956646441,0.3483978208422145,0.2,True
deep_named_75343317_anchor_71908906,75343317,71908906,BP.SCYB.DP1,BP.SCYB.40.DP1,BP.SCYB.40.DP1,40,40,SCYB,DP1,250.0,10.0-40.0Hz,10.0,40.0,1680.5960141876878,552.5651222182054,0.43625296798593743,-0.084,True
deep_named_75343317_anchor_71908906,75343317,71908906,BP.SCYB.DP1,BP.SCYB.40.DP1,BP.SCYB.40.DP1,40,40,SCYB,DP1,250.0,2.0-40.0Hz,2.0,40.0,2033.0447969773677,489.33150116705906,0.3288645094165432,0.2,True
deep_named_75343317_anchor_71908906,75343317,71908906,BP.SCYB.DP2,BP.SCYB.40.DP2,BP.SCYB.40.DP2,40,40,SCYB,DP2,250.0,2.0-10.0Hz,2.0,10.0,1603.4496173854811,492.4760993473577,0.4121297202286446,0.172,True
deep_named_75343317_anchor_71908906,75343317,71908906,BP.SCYB.DP2,BP.SCYB.40.DP2,BP.SCYB.40.DP2,40,40,SCYB,DP2,250.0,5.0-20.0Hz,5.0,20.0,2579.8013087280538,531.0463618609729,0.2847769530776433,0.196,True
deep_named_75343317_anchor_71908906,75343317,71908906,BP.SCYB.DP2,BP.SCYB.40.DP2,BP.SCYB.40.DP2,40,40,SCYB,DP2,250.0,10.0-40.0Hz,10.0,40.0,1082.8114808849123,391.801906022864,0.33138544969433703,0.192,True
deep_named_75343317_anchor_71908906,75343317,71908906,BP.SCYB.DP2,BP.SCYB.40.DP2,BP.SCYB.40.DP2,40,40,SCYB,DP2,250.0,2.0-40.0Hz,2.0,40.0,1600.5912952844506,480.4006635118822,0.3696921041917222,0.184,True
deep_named_75343317_anchor_71908906,75343317,71908906,BP.SCYB.DP3,BP.SCYB.40.DP3,BP.SCYB.40.DP3,40,40,SCYB,DP3,250.0,2.0-10.0Hz,2.0,10.0,1208.1537889271658,376.9747811525326,0.27054870861478464,-0.12,True
deep_named_75343317_anchor_71908906,75343317,71908906,BP.SCYB.DP3,BP.SCYB.40.DP3,BP.SCYB.40.DP3,40,40,SCYB,DP3,250.0,5.0-20.0Hz,5.0,20.0,2820.7822862960033,568.7048078389416,0.21893891279421343,0.22,True
deep_named_75343317_anchor_71908906,75343317,71908906,BP.SCYB.DP3,BP.SCYB.40.DP3,BP.SCYB.40.DP3,40,40,SCYB,DP3,250.0,10.0-40.0Hz,10.0,40.0,1278.8278631830312,364.306042693082,0.18896171662840947,-0.432,True
deep_named_75343317_anchor_71908906,75343317,71908906,BP.SCYB.DP3,BP.SCYB.40.DP3,BP.SCYB.40.DP3,40,40,SCYB,DP3,250.0,2.0-40.0Hz,2.0,40.0,1249.7802221622287,382.4723035116476,0.23897820466193712,0.22,True
deep_named_75343317_anchor_71908906,75343317,71908906,BP.SMNB.DP1,BP.SMNB.40.DP1,BP.SMNB.40.DP1,40,40,SMNB,DP1,250.0,2.0-10.0Hz,2.0,10.0,977.1533043279763,105.34028382348525,0.7631711339685948,0.096,True
deep_named_75343317_anchor_71908906,75343317,71908906,BP.SMNB.DP1,BP.SMNB.40.DP1,BP.SMNB.40.DP1,40,40,SMNB,DP1,250.0,5.0-20.0Hz,5.0,20.0,1578.0389130647516,162.9353957636392,0.4859316570073248,0.092,True
deep_named_75343317_anchor_71908906,75343317,71908906,BP.SMNB.DP1,BP.SMNB.40.DP1,BP.SMNB.40.DP1,40,40,SMNB,DP1,250.0,10.0-40.0Hz,10.0,40.0,2104.9551325833972,391.6775460224132,0.26838065323683274,0.092,True
deep_named_75343317_anchor_71908906,75343317,71908906,BP.SMNB.DP1,BP.SMNB.40.DP1,BP.SMNB.40.DP1,40,40,SMNB,DP1,250.0,2.0-40.0Hz,2.0,40.0,1252.1091734929792,169.77321474093586,0.46179028311869463,0.092,True
deep_named_75343317_anchor_71908906,75343317,71908906,BP.SMNB.DP2,BP.SMNB.40.DP2,BP.SMNB.40.DP2,40,40,SMNB,DP2,250.0,2.0-10.0Hz,2.0,10.0,750.9930393261496,243.03478847790504,0.5403005813115115,0.108,True
deep_named_75343317_anchor_71908906,75343317,71908906,BP.SMNB.DP2,BP.SMNB.40.DP2,BP.SMNB.40.DP2,40,40,SMNB,DP2,250.0,5.0-20.0Hz,5.0,20.0,1130.1707557534653,340.5343749183016,0.46187098205512483,0.108,True
deep_named_75343317_anchor_71908906,75343317,71908906,BP.SMNB.DP2,BP.SMNB.40.DP2,BP.SMNB.40.DP2,40,40,SMNB,DP2,250.0,10.0-40.0Hz,10.0,40.0,2055.4979090252987,481.42502087639986,0.2197019302132777,0.04,True
deep_named_75343317_anchor_71908906,75343317,71908906,BP.SMNB.DP2,BP.SMNB.40.DP2,BP.SMNB.40.DP2,40,40,SMNB,DP2,250.0,2.0-40.0Hz,2.0,40.0,1104.772357886983,364.11505856959803,0.3049054299054846,0.112,True
deep_named_75343317_anchor_71908906,75343317,71908906,BP.SMNB.DP3,BP.SMNB.40.DP3,BP.SMNB.40.DP3,40,40,SMNB,DP3,250.0,2.0-10.0Hz,2.0,10.0,855.4040654723299,275.86870322940007,0.5924861046104009,0.104,True
deep_named_75343317_anchor_71908906,75343317,71908906,BP.SMNB.DP3,BP.SMNB.40.DP3,BP.SMNB.40.DP3,40,40,SMNB,DP3,250.0,5.0-20.0Hz,5.0,20.0,1536.396318984917,485.1493650646095,0.3379448369600335,0.092,True
deep_named_75343317_anchor_71908906,75343317,71908906,BP.SMNB.DP3,BP.SMNB.40.DP3,BP.SMNB.40.DP3,40,40,SMNB,DP3,250.0,10.0-40.0Hz,10.0,40.0,3033.0644012650073,833.9828321660225,0.25631070623438224,0.092,True
deep_named_75343317_anchor_71908906,75343317,71908906,BP.SMNB.DP3,BP.SMNB.40.DP3,BP.SMNB.40.DP3,40,40,SMNB,DP3,250.0,2.0-40.0Hz,2.0,40.0,1428.8984378791952,533.6046788214626,0.3113895889997291,0.092,True
deep_named_75343317_anchor_71908906,75343317,71908906,BP.VARB.DP1,BP.VARB.40.DP1,BP.VARB.40.DP1,40,40,VARB,DP1,250.0,2.0-10.0Hz,2.0,10.0,0.7987471003148984,98.48403114243332,0.006932069554577124,0.4,False
deep_named_75343317_anchor_71908906,75343317,71908906,BP.VARB.DP1,BP.VARB.40.DP1,BP.VARB.40.DP1,40,40,VARB,DP1,250.0,5.0-20.0Hz,5.0,20.0,0.7947183209966747,62.16092451175098,0.0006269656788627121,-0.408,False
deep_named_75343317_anchor_71908906,75343317,71908906,BP.VARB.DP1,BP.VARB.40.DP1,BP.VARB.40.DP1,40,40,VARB,DP1,250.0,10.0-40.0Hz,10.0,40.0,0.9913501680440678,39.68791907788671,0.006273196085400517,0.32,False
deep_named_75343317_anchor_71908906,75343317,71908906,BP.VARB.DP1,BP.VARB.40.DP1,BP.VARB.40.DP1,40,40,VARB,DP1,250.0,2.0-40.0Hz,2.0,40.0,0.7947191735726994,71.14531877295983,0.0006675797958005654,-0.404,False
deep_named_75343317_anchor_71908906,75343317,71908906,BP.VARB.DP2,BP.VARB.40.DP2,BP.VARB.40.DP2,40,40,VARB,DP2,250.0,2.0-10.0Hz,2.0,10.0,0.7987471003148984,47.988367806134995,0.015047537946915312,-0.016,False
deep_named_75343317_anchor_71908906,75343317,71908906,BP.VARB.DP2,BP.VARB.40.DP2,BP.VARB.40.DP2,40,40,VARB,DP2,250.0,5.0-20.0Hz,5.0,20.0,0.7947183209966747,29.941029474321827,0.0009282554894770249,-0.284,False
deep_named_75343317_anchor_71908906,75343317,71908906,BP.VARB.DP2,BP.VARB.40.DP2,BP.VARB.40.DP2,40,40,VARB,DP2,250.0,10.0-40.0Hz,10.0,40.0,0.9913501680440678,23.866638915919804,0.010798224979068528,0.052,False
deep_named_75343317_anchor_71908906,75343317,71908906,BP.VARB.DP2,BP.VARB.40.DP2,BP.VARB.40.DP2,40,40,VARB,DP2,250.0,2.0-40.0Hz,2.0,40.0,0.7947191735726994,26.0806686704681,0.0010951904650942051,-0.032,False
deep_named_75343317_anchor_71908906,75343317,71908906,BP.VARB.DP3,BP.VARB.40.DP3,BP.VARB.40.DP3,40,40,VARB,DP3,250.0,2.0-10.0Hz,2.0,10.0,1.9783304322563167,105.45798373683604,0.596438068963637,0.2,False
deep_named_75343317_anchor_71908906,75343317,71908906,BP.VARB.DP3,BP.VARB.40.DP3,BP.VARB.40.DP3,40,40,VARB,DP3,250.0,5.0-20.0Hz,5.0,20.0,2.00926810838097,67.88680895048597,0.5206734159205747,0.2,False
deep_named_75343317_anchor_71908906,75343317,71908906,BP.VARB.DP3,BP.VARB.40.DP3,BP.VARB.40.DP3,40,40,VARB,DP3,250.0,10.0-40.0Hz,10.0,40.0,1.293739619075983,39.50469896343013,0.20490435632158255,0.204,False
deep_named_75343317_anchor_71908906,75343317,71908906,BP.VARB.DP3,BP.VARB.40.DP3,BP.VARB.40.DP3,40,40,VARB,DP3,250.0,2.0-40.0Hz,2.0,40.0,1.6604960420860742,73.11025545514582,0.4855742323580035,0.2,False
deep_named_75343317_anchor_72154411,75343317,72154411,BK.PKD.HHE,BK.PKD.00.HHE,BK.PKD.00.HHE,00,00,PKD,HHE,100.0,2.0-10.0Hz,2.0,10.0,321.58671551727156,208.58278561501086,0.3068794598349674,0.17,True
deep_named_75343317_anchor_72154411,75343317,72154411,BK.PKD.HHE,BK.PKD.00.HHE,BK.PKD.00.HHE,00,00,PKD,HHE,100.0,5.0-20.0Hz,5.0,20.0,338.6212712769102,320.0887750958837,0.22993814991593886,0.04,True
deep_named_75343317_anchor_72154411,75343317,72154411,BK.PKD.HHE,BK.PKD.00.HHE,BK.PKD.00.HHE,00,00,PKD,HHE,100.0,10.0-40.0Hz,10.0,40.0,177.949445881724,183.6041769524881,0.3055681873442807,0.05,True
deep_named_75343317_anchor_72154411,75343317,72154411,BK.PKD.HHE,BK.PKD.00.HHE,BK.PKD.00.HHE,00,00,PKD,HHE,100.0,2.0-40.0Hz,2.0,40.0,281.6898637289211,212.1055199270761,0.205727882221372,0.18,True
deep_named_75343317_anchor_72154411,75343317,72154411,BK.PKD.HHN,BK.PKD.00.HHN,BK.PKD.00.HHN,00,00,PKD,HHN,100.0,2.0-10.0Hz,2.0,10.0,381.8900390479181,212.19936744317755,0.28313313476136676,0.17,True
deep_named_75343317_anchor_72154411,75343317,72154411,BK.PKD.HHN,BK.PKD.00.HHN,BK.PKD.00.HHN,00,00,PKD,HHN,100.0,5.0-20.0Hz,5.0,20.0,400.67892586539455,411.51266098775875,0.24761400749355233,0.21,True
deep_named_75343317_anchor_72154411,75343317,72154411,BK.PKD.HHN,BK.PKD.00.HHN,BK.PKD.00.HHN,00,00,PKD,HHN,100.0,10.0-40.0Hz,10.0,40.0,227.9098208834783,239.44507453566303,0.32706617728839665,0.13,True
deep_named_75343317_anchor_72154411,75343317,72154411,BK.PKD.HHN,BK.PKD.00.HHN,BK.PKD.00.HHN,00,00,PKD,HHN,100.0,2.0-40.0Hz,2.0,40.0,306.4933536606505,228.35762056134425,0.26853975077611286,0.13,True
deep_named_75343317_anchor_72154411,75343317,72154411,BK.PKD.HHZ,BK.PKD.00.HHZ,BK.PKD.00.HHZ,00,00,PKD,HHZ,100.0,2.0-10.0Hz,2.0,10.0,366.2256517407152,140.68613199531555,0.4766933791192535,0.12,True
deep_named_75343317_anchor_72154411,75343317,72154411,BK.PKD.HHZ,BK.PKD.00.HHZ,BK.PKD.00.HHZ,00,00,PKD,HHZ,100.0,5.0-20.0Hz,5.0,20.0,456.6265248434603,326.6350922469997,0.40381453540178125,0.13,True
deep_named_75343317_anchor_72154411,75343317,72154411,BK.PKD.HHZ,BK.PKD.00.HHZ,BK.PKD.00.HHZ,00,00,PKD,HHZ,100.0,10.0-40.0Hz,10.0,40.0,363.82028392899133,325.0297196422904,0.5744855067890512,0.13,True
deep_named_75343317_anchor_72154411,75343317,72154411,BK.PKD.HHZ,BK.PKD.00.HHZ,BK.PKD.00.HHZ,00,00,PKD,HHZ,100.0,2.0-40.0Hz,2.0,40.0,374.2189868533316,205.9657628367687,0.516448127664373,0.13,True
deep_named_75343317_anchor_72154411,75343317,72154411,BP.CCRB.DP1,BP.CCRB.40.DP1,BP.CCRB.40.DP1,40,40,CCRB,DP1,250.0,2.0-10.0Hz,2.0,10.0,1074.156454469295,572.4838204920397,0.45768103810430055,0.128,True
deep_named_75343317_anchor_72154411,75343317,72154411,BP.CCRB.DP1,BP.CCRB.40.DP1,BP.CCRB.40.DP1,40,40,CCRB,DP1,250.0,5.0-20.0Hz,5.0,20.0,3055.9508427965425,2112.5343031014104,0.7562109264441612,0.132,True
deep_named_75343317_anchor_72154411,75343317,72154411,BP.CCRB.DP1,BP.CCRB.40.DP1,BP.CCRB.40.DP1,40,40,CCRB,DP1,250.0,10.0-40.0Hz,10.0,40.0,3953.027756255988,2960.226382861448,0.7462725620528713,0.132,True
deep_named_75343317_anchor_72154411,75343317,72154411,BP.CCRB.DP1,BP.CCRB.40.DP1,BP.CCRB.40.DP1,40,40,CCRB,DP1,250.0,2.0-40.0Hz,2.0,40.0,2397.952772925051,1773.4327290665647,0.709370913632102,0.132,True
deep_named_75343317_anchor_72154411,75343317,72154411,BP.CCRB.DP2,BP.CCRB.40.DP2,BP.CCRB.40.DP2,40,40,CCRB,DP2,250.0,2.0-10.0Hz,2.0,10.0,549.8090576702067,498.6879717180122,0.2584084691360925,0.408,True
deep_named_75343317_anchor_72154411,75343317,72154411,BP.CCRB.DP2,BP.CCRB.40.DP2,BP.CCRB.40.DP2,40,40,CCRB,DP2,250.0,5.0-20.0Hz,5.0,20.0,1165.6320523764805,1116.2469158304011,0.17972659162838234,0.3,True
deep_named_75343317_anchor_72154411,75343317,72154411,BP.CCRB.DP2,BP.CCRB.40.DP2,BP.CCRB.40.DP2,40,40,CCRB,DP2,250.0,10.0-40.0Hz,10.0,40.0,1594.8079946270097,1019.2889769069969,0.26640678295175796,0.132,True
deep_named_75343317_anchor_72154411,75343317,72154411,BP.CCRB.DP2,BP.CCRB.40.DP2,BP.CCRB.40.DP2,40,40,CCRB,DP2,250.0,2.0-40.0Hz,2.0,40.0,783.0325459447789,718.1912335017189,0.14699166057942814,0.396,True
deep_named_75343317_anchor_72154411,75343317,72154411,BP.CCRB.DP3,BP.CCRB.40.DP3,BP.CCRB.40.DP3,40,40,CCRB,DP3,250.0,2.0-10.0Hz,2.0,10.0,723.5370149566094,659.4461359271244,0.3380952499271893,0.004,True
deep_named_75343317_anchor_72154411,75343317,72154411,BP.CCRB.DP3,BP.CCRB.40.DP3,BP.CCRB.40.DP3,40,40,CCRB,DP3,250.0,5.0-20.0Hz,5.0,20.0,1389.4557764069696,1324.243259733028,0.5052975990923205,0.132,True
deep_named_75343317_anchor_72154411,75343317,72154411,BP.CCRB.DP3,BP.CCRB.40.DP3,BP.CCRB.40.DP3,40,40,CCRB,DP3,250.0,10.0-40.0Hz,10.0,40.0,2020.0133849865492,1420.2795343342214,0.5794768243654239,0.132,True
deep_named_75343317_anchor_72154411,75343317,72154411,BP.CCRB.DP3,BP.CCRB.40.DP3,BP.CCRB.40.DP3,40,40,CCRB,DP3,250.0,2.0-40.0Hz,2.0,40.0,956.8040586441007,1043.156285384481,0.4723255100901004,0.132,True
deep_named_75343317_anchor_72154411,75343317,72154411,BP.EADB.DP1,BP.EADB.40.DP1,BP.EADB.40.DP1,40,40,EADB,DP1,250.0,2.0-10.0Hz,2.0,10.0,111.41579366610256,56.13218635261917,0.31445043628402103,0.208,True
deep_named_75343317_anchor_72154411,75343317,72154411,BP.EADB.DP1,BP.EADB.40.DP1,BP.EADB.40.DP1,40,40,EADB,DP1,250.0,5.0-20.0Hz,5.0,20.0,120.22316175692981,70.01757633861465,0.28638572781813415,0.028,True
deep_named_75343317_anchor_72154411,75343317,72154411,BP.EADB.DP1,BP.EADB.40.DP1,BP.EADB.40.DP1,40,40,EADB,DP1,250.0,10.0-40.0Hz,10.0,40.0,58.12429109723144,36.46613454846028,0.4254430621788845,0.14,True
deep_named_75343317_anchor_72154411,75343317,72154411,BP.EADB.DP1,BP.EADB.40.DP1,BP.EADB.40.DP1,40,40,EADB,DP1,250.0,2.0-40.0Hz,2.0,40.0,101.7502687882016,55.856866592544534,0.28982662943907356,0.016,True
deep_named_75343317_anchor_72154411,75343317,72154411,BP.EADB.DP2,BP.EADB.40.DP2,BP.EADB.40.DP2,40,40,EADB,DP2,250.0,2.0-10.0Hz,2.0,10.0,123.81046604778656,97.47045891617876,0.657968951593402,0.228,True
deep_named_75343317_anchor_72154411,75343317,72154411,BP.EADB.DP2,BP.EADB.40.DP2,BP.EADB.40.DP2,40,40,EADB,DP2,250.0,5.0-20.0Hz,5.0,20.0,82.31406471210508,63.54543843077083,0.5474575180227226,0.224,True
deep_named_75343317_anchor_72154411,75343317,72154411,BP.EADB.DP2,BP.EADB.40.DP2,BP.EADB.40.DP2,40,40,EADB,DP2,250.0,10.0-40.0Hz,10.0,40.0,40.068192294376324,27.076588856716825,0.3832600512807362,0.22,True
deep_named_75343317_anchor_72154411,75343317,72154411,BP.EADB.DP2,BP.EADB.40.DP2,BP.EADB.40.DP2,40,40,EADB,DP2,250.0,2.0-40.0Hz,2.0,40.0,111.42380436087215,77.95537933792461,0.6083434801892895,0.228,True
deep_named_75343317_anchor_72154411,75343317,72154411,BP.EADB.DP3,BP.EADB.40.DP3,BP.EADB.40.DP3,40,40,EADB,DP3,250.0,2.0-10.0Hz,2.0,10.0,104.0272231336235,5.084828999795116,0.5539026092270809,0.228,True
deep_named_75343317_anchor_72154411,75343317,72154411,BP.EADB.DP3,BP.EADB.40.DP3,BP.EADB.40.DP3,40,40,EADB,DP3,250.0,5.0-20.0Hz,5.0,20.0,81.17155177187263,1.9451008580469002,0.3139021974440208,0.028,False
deep_named_75343317_anchor_72154411,75343317,72154411,BP.EADB.DP3,BP.EADB.40.DP3,BP.EADB.40.DP3,40,40,EADB,DP3,250.0,10.0-40.0Hz,10.0,40.0,43.208163457938696,1.107160319548804,0.2512983543026678,0.136,False
deep_named_75343317_anchor_72154411,75343317,72154411,BP.EADB.DP3,BP.EADB.40.DP3,BP.EADB.40.DP3,40,40,EADB,DP3,250.0,2.0-40.0Hz,2.0,40.0,105.25648651433298,2.2072033626662217,0.5254344803068893,0.224,False
deep_named_75343317_anchor_72154411,75343317,72154411,BP.FROB.DP1,BP.FROB.40.DP1,BP.FROB.40.DP1,40,40,FROB,DP1,250.0,2.0-10.0Hz,2.0,10.0,15.159625390729854,5.722939461635899,0.28482570147283337,0.224,True
deep_named_75343317_anchor_72154411,75343317,72154411,BP.FROB.DP1,BP.FROB.40.DP1,BP.FROB.40.DP1,40,40,FROB,DP1,250.0,5.0-20.0Hz,5.0,20.0,19.7803595355443,7.272788809539268,0.25705972285149176,0.22,True
deep_named_75343317_anchor_72154411,75343317,72154411,BP.FROB.DP1,BP.FROB.40.DP1,BP.FROB.40.DP1,40,40,FROB,DP1,250.0,10.0-40.0Hz,10.0,40.0,19.81475965840155,8.177018143473815,0.30475722499218855,0.132,True
deep_named_75343317_anchor_72154411,75343317,72154411,BP.FROB.DP1,BP.FROB.40.DP1,BP.FROB.40.DP1,40,40,FROB,DP1,250.0,2.0-40.0Hz,2.0,40.0,17.547131920757693,7.155621378426047,0.22597637172388524,0.22,True
deep_named_75343317_anchor_72154411,75343317,72154411,BP.FROB.DP2,BP.FROB.40.DP2,BP.FROB.40.DP2,40,40,FROB,DP2,250.0,2.0-10.0Hz,2.0,10.0,15.558321025510361,4.784844442391704,0.2927662420978329,0.208,True
deep_named_75343317_anchor_72154411,75343317,72154411,BP.FROB.DP2,BP.FROB.40.DP2,BP.FROB.40.DP2,40,40,FROB,DP2,250.0,5.0-20.0Hz,5.0,20.0,19.52380502542823,9.64473702316851,0.2876027858065365,0.216,True
deep_named_75343317_anchor_72154411,75343317,72154411,BP.FROB.DP2,BP.FROB.40.DP2,BP.FROB.40.DP2,40,40,FROB,DP2,250.0,10.0-40.0Hz,10.0,40.0,18.36775439187739,19.416849153359056,0.2114204058597216,0.136,True
deep_named_75343317_anchor_72154411,75343317,72154411,BP.FROB.DP2,BP.FROB.40.DP2,BP.FROB.40.DP2,40,40,FROB,DP2,250.0,2.0-40.0Hz,2.0,40.0,17.068103424433396,9.027749435886362,0.23688424696386917,0.216,True
deep_named_75343317_anchor_72154411,75343317,72154411,BP.FROB.DP3,BP.FROB.40.DP3,BP.FROB.40.DP3,40,40,FROB,DP3,250.0,2.0-10.0Hz,2.0,10.0,17.463194710959453,15.515613548469657,0.4999218921375508,0.204,True
deep_named_75343317_anchor_72154411,75343317,72154411,BP.FROB.DP3,BP.FROB.40.DP3,BP.FROB.40.DP3,40,40,FROB,DP3,250.0,5.0-20.0Hz,5.0,20.0,17.092456041916858,23.89901949930863,0.42054382623352504,0.212,True
deep_named_75343317_anchor_72154411,75343317,72154411,BP.FROB.DP3,BP.FROB.40.DP3,BP.FROB.40.DP3,40,40,FROB,DP3,250.0,10.0-40.0Hz,10.0,40.0,12.774999973309326,32.440560669324555,0.2299606696581762,0.132,True
deep_named_75343317_anchor_72154411,75343317,72154411,BP.FROB.DP3,BP.FROB.40.DP3,BP.FROB.40.DP3,40,40,FROB,DP3,250.0,2.0-40.0Hz,2.0,40.0,15.434980231918134,19.345658422429747,0.3427584036946711,0.208,True
deep_named_75343317_anchor_72154411,75343317,72154411,BP.GHIB.DP1,BP.GHIB.40.DP1,BP.GHIB.40.DP1,40,40,GHIB,DP1,250.0,2.0-10.0Hz,2.0,10.0,12.46613770124475,9.884206680862867,0.668177280962295,0.152,True
deep_named_75343317_anchor_72154411,75343317,72154411,BP.GHIB.DP1,BP.GHIB.40.DP1,BP.GHIB.40.DP1,40,40,GHIB,DP1,250.0,5.0-20.0Hz,5.0,20.0,15.304814838703013,20.883680646214852,0.5208182033969869,0.148,True
deep_named_75343317_anchor_72154411,75343317,72154411,BP.GHIB.DP1,BP.GHIB.40.DP1,BP.GHIB.40.DP1,40,40,GHIB,DP1,250.0,10.0-40.0Hz,10.0,40.0,22.47150020856215,15.47630969548618,0.5931975934795841,0.148,True
deep_named_75343317_anchor_72154411,75343317,72154411,BP.GHIB.DP1,BP.GHIB.40.DP1,BP.GHIB.40.DP1,40,40,GHIB,DP1,250.0,2.0-40.0Hz,2.0,40.0,13.966840380305262,11.422631692014507,0.6394961481814959,0.148,True
deep_named_75343317_anchor_72154411,75343317,72154411,BP.GHIB.DP3,BP.GHIB.40.DP3,BP.GHIB.40.DP3,40,40,GHIB,DP3,250.0,2.0-10.0Hz,2.0,10.0,11.338478237072291,5.771009144948756,0.5737512882568924,0.156,True
deep_named_75343317_anchor_72154411,75343317,72154411,BP.GHIB.DP3,BP.GHIB.40.DP3,BP.GHIB.40.DP3,40,40,GHIB,DP3,250.0,5.0-20.0Hz,5.0,20.0,11.931527000909512,15.708621968240672,0.42507921902970697,0.148,True
deep_named_75343317_anchor_72154411,75343317,72154411,BP.GHIB.DP3,BP.GHIB.40.DP3,BP.GHIB.40.DP3,40,40,GHIB,DP3,250.0,10.0-40.0Hz,10.0,40.0,11.22457891627594,13.017977506841275,0.3929920287162153,0.144,True
deep_named_75343317_anchor_72154411,75343317,72154411,BP.GHIB.DP3,BP.GHIB.40.DP3,BP.GHIB.40.DP3,40,40,GHIB,DP3,250.0,2.0-40.0Hz,2.0,40.0,11.54174986710341,6.691564756487841,0.5145549850178102,0.152,True
deep_named_75343317_anchor_72154411,75343317,72154411,BP.JCNB.DP1,BP.JCNB.40.DP1,BP.JCNB.40.DP1,40,40,JCNB,DP1,250.0,2.0-10.0Hz,2.0,10.0,324.47082890006135,152.0830760610662,0.7084988084936916,0.204,True
deep_named_75343317_anchor_72154411,75343317,72154411,BP.JCNB.DP1,BP.JCNB.40.DP1,BP.JCNB.40.DP1,40,40,JCNB,DP1,250.0,5.0-20.0Hz,5.0,20.0,275.91881622589244,157.35917582326263,0.5771351452313827,0.204,True
deep_named_75343317_anchor_72154411,75343317,72154411,BP.JCNB.DP1,BP.JCNB.40.DP1,BP.JCNB.40.DP1,40,40,JCNB,DP1,250.0,10.0-40.0Hz,10.0,40.0,118.45155504796442,40.68891121741949,0.2875495857262026,0.14,True
deep_named_75343317_anchor_72154411,75343317,72154411,BP.JCNB.DP1,BP.JCNB.40.DP1,BP.JCNB.40.DP1,40,40,JCNB,DP1,250.0,2.0-40.0Hz,2.0,40.0,200.9033180709631,67.72188848315149,0.5472308787369682,0.204,True
deep_named_75343317_anchor_72154411,75343317,72154411,BP.JCNB.DP2,BP.JCNB.40.DP2,BP.JCNB.40.DP2,40,40,JCNB,DP2,250.0,2.0-10.0Hz,2.0,10.0,345.86112155792074,147.65456971088813,0.727170777317992,0.212,True
deep_named_75343317_anchor_72154411,75343317,72154411,BP.JCNB.DP2,BP.JCNB.40.DP2,BP.JCNB.40.DP2,40,40,JCNB,DP2,250.0,5.0-20.0Hz,5.0,20.0,151.32481159823206,132.41913818199663,0.4803718138657292,0.212,True
deep_named_75343317_anchor_72154411,75343317,72154411,BP.JCNB.DP2,BP.JCNB.40.DP2,BP.JCNB.40.DP2,40,40,JCNB,DP2,250.0,10.0-40.0Hz,10.0,40.0,130.03003012204982,121.92276518797607,0.4266249304931429,0.212,True
deep_named_75343317_anchor_72154411,75343317,72154411,BP.JCNB.DP2,BP.JCNB.40.DP2,BP.JCNB.40.DP2,40,40,JCNB,DP2,250.0,2.0-40.0Hz,2.0,40.0,140.94984161583253,123.16290914334172,0.46421375613289606,0.212,True
deep_named_75343317_anchor_72154411,75343317,72154411,BP.JCNB.DP3,BP.JCNB.40.DP3,BP.JCNB.40.DP3,40,40,JCNB,DP3,250.0,2.0-10.0Hz,2.0,10.0,458.06649495350337,240.63459964136968,0.65246014547707,0.14,True
deep_named_75343317_anchor_72154411,75343317,72154411,BP.JCNB.DP3,BP.JCNB.40.DP3,BP.JCNB.40.DP3,40,40,JCNB,DP3,250.0,5.0-20.0Hz,5.0,20.0,132.56827730034752,80.68623903451837,0.27698194460350684,0.124,True
deep_named_75343317_anchor_72154411,75343317,72154411,BP.JCNB.DP3,BP.JCNB.40.DP3,BP.JCNB.40.DP3,40,40,JCNB,DP3,250.0,10.0-40.0Hz,10.0,40.0,108.55054106265797,61.514196947894355,0.34312213283086923,0.18,True
deep_named_75343317_anchor_72154411,75343317,72154411,BP.JCNB.DP3,BP.JCNB.40.DP3,BP.JCNB.40.DP3,40,40,JCNB,DP3,250.0,2.0-40.0Hz,2.0,40.0,126.37251385897353,76.08224434430014,0.3059395192414293,0.124,True
deep_named_75343317_anchor_72154411,75343317,72154411,BP.JCSB.DP1,BP.JCSB.40.DP1,BP.JCSB.40.DP1,40,40,JCSB,DP1,250.0,2.0-10.0Hz,2.0,10.0,402.7418522875113,392.56419131178984,0.8261389792978278,0.216,True
deep_named_75343317_anchor_72154411,75343317,72154411,BP.JCSB.DP1,BP.JCSB.40.DP1,BP.JCSB.40.DP1,40,40,JCSB,DP1,250.0,5.0-20.0Hz,5.0,20.0,212.1306148971622,428.6848147700607,0.6652785215449797,0.216,True
deep_named_75343317_anchor_72154411,75343317,72154411,BP.JCSB.DP1,BP.JCSB.40.DP1,BP.JCSB.40.DP1,40,40,JCSB,DP1,250.0,10.0-40.0Hz,10.0,40.0,156.71269481208157,251.10138972363671,0.591915557246314,0.14,True
deep_named_75343317_anchor_72154411,75343317,72154411,BP.JCSB.DP1,BP.JCSB.40.DP1,BP.JCSB.40.DP1,40,40,JCSB,DP1,250.0,2.0-40.0Hz,2.0,40.0,263.66520706129165,352.0787489937156,0.754160322402111,0.216,True
deep_named_75343317_anchor_72154411,75343317,72154411,BP.JCSB.DP2,BP.JCSB.40.DP2,BP.JCSB.40.DP2,40,40,JCSB,DP2,250.0,2.0-10.0Hz,2.0,10.0,5.337107237694633,5.335738275194829,0.6495485418086262,0.216,True
deep_named_75343317_anchor_72154411,75343317,72154411,BP.JCSB.DP2,BP.JCSB.40.DP2,BP.JCSB.40.DP2,40,40,JCSB,DP2,250.0,5.0-20.0Hz,5.0,20.0,12.199362992312555,10.84325234805489,0.5437281989249467,0.212,True
deep_named_75343317_anchor_72154411,75343317,72154411,BP.JCSB.DP2,BP.JCSB.40.DP2,BP.JCSB.40.DP2,40,40,JCSB,DP2,250.0,10.0-40.0Hz,10.0,40.0,18.271324065688457,15.372505126087677,0.47982846328478274,0.14,True
deep_named_75343317_anchor_72154411,75343317,72154411,BP.JCSB.DP2,BP.JCSB.40.DP2,BP.JCSB.40.DP2,40,40,JCSB,DP2,250.0,2.0-40.0Hz,2.0,40.0,12.262874447383654,11.560797834630742,0.38943480814909254,0.14,True
deep_named_75343317_anchor_72154411,75343317,72154411,BP.JCSB.DP3,BP.JCSB.40.DP3,BP.JCSB.40.DP3,40,40,JCSB,DP3,250.0,2.0-10.0Hz,2.0,10.0,12.113009338814555,1.0280680091228738,0.20392103985423113,0.216,False
deep_named_75343317_anchor_72154411,75343317,72154411,BP.JCSB.DP3,BP.JCSB.40.DP3,BP.JCSB.40.DP3,40,40,JCSB,DP3,250.0,5.0-20.0Hz,5.0,20.0,17.94339691136154,1.0878846870588845,0.3338945789982062,0.208,False
deep_named_75343317_anchor_72154411,75343317,72154411,BP.JCSB.DP3,BP.JCSB.40.DP3,BP.JCSB.40.DP3,40,40,JCSB,DP3,250.0,10.0-40.0Hz,10.0,40.0,18.64910947132687,1.121619390497884,0.24765470173755486,0.14,False
deep_named_75343317_anchor_72154411,75343317,72154411,BP.JCSB.DP3,BP.JCSB.40.DP3,BP.JCSB.40.DP3,40,40,JCSB,DP3,250.0,2.0-40.0Hz,2.0,40.0,16.527565647116162,1.070950301412965,0.14924204245954217,0.216,False
deep_named_75343317_anchor_72154411,75343317,72154411,BP.LCCB.DP1,BP.LCCB.40.DP1,BP.LCCB.40.DP1,40,40,LCCB,DP1,250.0,2.0-10.0Hz,2.0,10.0,967.0648708083729,1001.8509223045113,0.3887240075074688,0.204,True
deep_named_75343317_anchor_72154411,75343317,72154411,BP.LCCB.DP1,BP.LCCB.40.DP1,BP.LCCB.40.DP1,40,40,LCCB,DP1,250.0,5.0-20.0Hz,5.0,20.0,1327.0314830409059,1920.2355947395904,0.3357320947468079,0.212,True
deep_named_75343317_anchor_72154411,75343317,72154411,BP.LCCB.DP1,BP.LCCB.40.DP1,BP.LCCB.40.DP1,40,40,LCCB,DP1,250.0,10.0-40.0Hz,10.0,40.0,819.216695990769,1447.3693267240874,0.2948163140705829,-0.344,True
deep_named_75343317_anchor_72154411,75343317,72154411,BP.LCCB.DP1,BP.LCCB.40.DP1,BP.LCCB.40.DP1,40,40,LCCB,DP1,250.0,2.0-40.0Hz,2.0,40.0,971.201321471341,1156.0263265459116,0.3280799616924844,0.208,True
deep_named_75343317_anchor_72154411,75343317,72154411,BP.LCCB.DP2,BP.LCCB.40.DP2,BP.LCCB.40.DP2,40,40,LCCB,DP2,250.0,2.0-10.0Hz,2.0,10.0,77.54259050850602,351.40914857732406,0.6791342487742255,0.192,True
deep_named_75343317_anchor_72154411,75343317,72154411,BP.LCCB.DP2,BP.LCCB.40.DP2,BP.LCCB.40.DP2,40,40,LCCB,DP2,250.0,5.0-20.0Hz,5.0,20.0,155.4016803890679,381.51275111797696,0.4014894099475211,0.208,True
deep_named_75343317_anchor_72154411,75343317,72154411,BP.LCCB.DP2,BP.LCCB.40.DP2,BP.LCCB.40.DP2,40,40,LCCB,DP2,250.0,10.0-40.0Hz,10.0,40.0,163.82680968622387,254.7227746665356,0.3046187302839434,0.144,True
deep_named_75343317_anchor_72154411,75343317,72154411,BP.LCCB.DP2,BP.LCCB.40.DP2,BP.LCCB.40.DP2,40,40,LCCB,DP2,250.0,2.0-40.0Hz,2.0,40.0,114.74441485151108,292.4412959480593,0.3643236249061324,0.208,True
deep_named_75343317_anchor_72154411,75343317,72154411,BP.LCCB.DP3,BP.LCCB.40.DP3,BP.LCCB.40.DP3,40,40,LCCB,DP3,250.0,2.0-10.0Hz,2.0,10.0,1108.2147318148118,1050.0167572094294,0.43326398175450925,0.196,True
deep_named_75343317_anchor_72154411,75343317,72154411,BP.LCCB.DP3,BP.LCCB.40.DP3,BP.LCCB.40.DP3,40,40,LCCB,DP3,250.0,5.0-20.0Hz,5.0,20.0,1400.1626622383633,1591.1669837538484,0.23726371311397432,-0.236,True
deep_named_75343317_anchor_72154411,75343317,72154411,BP.LCCB.DP3,BP.LCCB.40.DP3,BP.LCCB.40.DP3,40,40,LCCB,DP3,250.0,10.0-40.0Hz,10.0,40.0,903.8856783370064,1058.1156485381814,0.20776512520474327,-0.248,True
deep_named_75343317_anchor_72154411,75343317,72154411,BP.LCCB.DP3,BP.LCCB.40.DP3,BP.LCCB.40.DP3,40,40,LCCB,DP3,250.0,2.0-40.0Hz,2.0,40.0,1078.1254836858702,1086.271357564851,0.316838768714045,0.204,True
deep_named_75343317_anchor_72154411,75343317,72154411,BP.MMNB.DP1,BP.MMNB.40.DP1,BP.MMNB.40.DP1,40,40,MMNB,DP1,250.0,2.0-10.0Hz,2.0,10.0,948.3060988917163,1.0837065105781203,0.14704692535771954,-0.096,False
deep_named_75343317_anchor_72154411,75343317,72154411,BP.MMNB.DP1,BP.MMNB.40.DP1,BP.MMNB.40.DP1,40,40,MMNB,DP1,250.0,5.0-20.0Hz,5.0,20.0,1385.5836658306318,1.1490525079631106,0.14274232456281266,-0.104,False
deep_named_75343317_anchor_72154411,75343317,72154411,BP.MMNB.DP1,BP.MMNB.40.DP1,BP.MMNB.40.DP1,40,40,MMNB,DP1,250.0,10.0-40.0Hz,10.0,40.0,684.2148584594745,1.3996677891437284,0.10717846949611118,-0.108,False
deep_named_75343317_anchor_72154411,75343317,72154411,BP.MMNB.DP1,BP.MMNB.40.DP1,BP.MMNB.40.DP1,40,40,MMNB,DP1,250.0,2.0-40.0Hz,2.0,40.0,922.2021501113555,1.21333690359688,0.119499224128267,-0.104,False
deep_named_75343317_anchor_72154411,75343317,72154411,BP.MMNB.DP2,BP.MMNB.40.DP2,BP.MMNB.40.DP2,40,40,MMNB,DP2,250.0,2.0-10.0Hz,2.0,10.0,786.2528810398933,0.9999268949775001,0.2358018677089313,0.288,False
deep_named_75343317_anchor_72154411,75343317,72154411,BP.MMNB.DP2,BP.MMNB.40.DP2,BP.MMNB.40.DP2,40,40,MMNB,DP2,250.0,5.0-20.0Hz,5.0,20.0,1238.1722280249896,1.0348378357931176,0.1421067266456016,-0.232,False
deep_named_75343317_anchor_72154411,75343317,72154411,BP.MMNB.DP2,BP.MMNB.40.DP2,BP.MMNB.40.DP2,40,40,MMNB,DP2,250.0,10.0-40.0Hz,10.0,40.0,690.1427618462427,1.053948378206525,0.12905560122532578,-0.32,False
deep_named_75343317_anchor_72154411,75343317,72154411,BP.MMNB.DP2,BP.MMNB.40.DP2,BP.MMNB.40.DP2,40,40,MMNB,DP2,250.0,2.0-40.0Hz,2.0,40.0,808.3186437664851,1.0285680515376885,0.14054051301522377,0.288,False
deep_named_75343317_anchor_72154411,75343317,72154411,BP.MMNB.DP3,BP.MMNB.40.DP3,BP.MMNB.40.DP3,40,40,MMNB,DP3,250.0,2.0-10.0Hz,2.0,10.0,566.7504545929613,1.3891699919275298,0.16826810172398868,0.312,False
deep_named_75343317_anchor_72154411,75343317,72154411,BP.MMNB.DP3,BP.MMNB.40.DP3,BP.MMNB.40.DP3,40,40,MMNB,DP3,250.0,5.0-20.0Hz,5.0,20.0,1229.1735789554684,1.1363551317969338,0.11311288716029894,-0.056,False
deep_named_75343317_anchor_72154411,75343317,72154411,BP.MMNB.DP3,BP.MMNB.40.DP3,BP.MMNB.40.DP3,40,40,MMNB,DP3,250.0,10.0-40.0Hz,10.0,40.0,966.2550223336708,1.0494647662058922,0.071734568865995,0.432,False
deep_named_75343317_anchor_72154411,75343317,72154411,BP.MMNB.DP3,BP.MMNB.40.DP3,BP.MMNB.40.DP3,40,40,MMNB,DP3,250.0,2.0-40.0Hz,2.0,40.0,714.486303752617,1.2072884943296611,0.1119309936854339,0.316,False
deep_named_75343317_anchor_72154411,75343317,72154411,BP.SCYB.DP1,BP.SCYB.40.DP1,BP.SCYB.40.DP1,40,40,SCYB,DP1,250.0,2.0-10.0Hz,2.0,10.0,2078.4804679153794,1104.5922259362526,0.35785511590335667,0.216,True
deep_named_75343317_anchor_72154411,75343317,72154411,BP.SCYB.DP1,BP.SCYB.40.DP1,BP.SCYB.40.DP1,40,40,SCYB,DP1,250.0,5.0-20.0Hz,5.0,20.0,3520.5345965390884,1268.1092329188448,0.3467146319726023,0.02,True
deep_named_75343317_anchor_72154411,75343317,72154411,BP.SCYB.DP1,BP.SCYB.40.DP1,BP.SCYB.40.DP1,40,40,SCYB,DP1,250.0,10.0-40.0Hz,10.0,40.0,1680.5960141876878,759.9960738242416,0.4335256625980634,-0.072,True
deep_named_75343317_anchor_72154411,75343317,72154411,BP.SCYB.DP1,BP.SCYB.40.DP1,BP.SCYB.40.DP1,40,40,SCYB,DP1,250.0,2.0-40.0Hz,2.0,40.0,2033.0447969773677,985.6004335363821,0.32839274971295007,0.212,True
deep_named_75343317_anchor_72154411,75343317,72154411,BP.SCYB.DP2,BP.SCYB.40.DP2,BP.SCYB.40.DP2,40,40,SCYB,DP2,250.0,2.0-10.0Hz,2.0,10.0,1603.4496173854811,1282.3505965211116,0.4056013868988605,0.184,True
deep_named_75343317_anchor_72154411,75343317,72154411,BP.SCYB.DP2,BP.SCYB.40.DP2,BP.SCYB.40.DP2,40,40,SCYB,DP2,250.0,5.0-20.0Hz,5.0,20.0,2579.8013087280538,1175.326963720956,0.2847974141449092,0.208,True
deep_named_75343317_anchor_72154411,75343317,72154411,BP.SCYB.DP2,BP.SCYB.40.DP2,BP.SCYB.40.DP2,40,40,SCYB,DP2,250.0,10.0-40.0Hz,10.0,40.0,1082.8114808849123,574.2576507674382,0.3410624995073542,0.208,True
deep_named_75343317_anchor_72154411,75343317,72154411,BP.SCYB.DP2,BP.SCYB.40.DP2,BP.SCYB.40.DP2,40,40,SCYB,DP2,250.0,2.0-40.0Hz,2.0,40.0,1600.5912952844506,1005.8934331890839,0.3660250339325333,0.2,True
deep_named_75343317_anchor_72154411,75343317,72154411,BP.SCYB.DP3,BP.SCYB.40.DP3,BP.SCYB.40.DP3,40,40,SCYB,DP3,250.0,2.0-10.0Hz,2.0,10.0,1208.1537889271658,710.9933052927175,0.27227683156920096,0.236,True
deep_named_75343317_anchor_72154411,75343317,72154411,BP.SCYB.DP3,BP.SCYB.40.DP3,BP.SCYB.40.DP3,40,40,SCYB,DP3,250.0,5.0-20.0Hz,5.0,20.0,2820.7822862960033,789.0754437271917,0.2182430652175014,0.236,True
deep_named_75343317_anchor_72154411,75343317,72154411,BP.SCYB.DP3,BP.SCYB.40.DP3,BP.SCYB.40.DP3,40,40,SCYB,DP3,250.0,10.0-40.0Hz,10.0,40.0,1278.8278631830312,469.3827190035841,0.1929580034768553,-0.416,True
deep_named_75343317_anchor_72154411,75343317,72154411,BP.SCYB.DP3,BP.SCYB.40.DP3,BP.SCYB.40.DP3,40,40,SCYB,DP3,250.0,2.0-40.0Hz,2.0,40.0,1249.7802221622287,608.7637256296907,0.23890909923584625,0.232,True
deep_named_75343317_anchor_72154411,75343317,72154411,BP.SMNB.DP1,BP.SMNB.40.DP1,BP.SMNB.40.DP1,40,40,SMNB,DP1,250.0,2.0-10.0Hz,2.0,10.0,977.1533043279763,68.62332683675605,0.7498022134837208,0.112,True
deep_named_75343317_anchor_72154411,75343317,72154411,BP.SMNB.DP1,BP.SMNB.40.DP1,BP.SMNB.40.DP1,40,40,SMNB,DP1,250.0,5.0-20.0Hz,5.0,20.0,1578.0389130647516,89.11531127102327,0.4846794320971199,0.104,True
deep_named_75343317_anchor_72154411,75343317,72154411,BP.SMNB.DP1,BP.SMNB.40.DP1,BP.SMNB.40.DP1,40,40,SMNB,DP1,250.0,10.0-40.0Hz,10.0,40.0,2104.9551325833972,208.61998687599936,0.2674575348396553,0.104,True
deep_named_75343317_anchor_72154411,75343317,72154411,BP.SMNB.DP1,BP.SMNB.40.DP1,BP.SMNB.40.DP1,40,40,SMNB,DP1,250.0,2.0-40.0Hz,2.0,40.0,1252.1091734929792,104.17057027612898,0.4544567064427425,0.104,True
deep_named_75343317_anchor_72154411,75343317,72154411,BP.SMNB.DP2,BP.SMNB.40.DP2,BP.SMNB.40.DP2,40,40,SMNB,DP2,250.0,2.0-10.0Hz,2.0,10.0,750.9930393261496,406.1097781210042,0.5396955809431179,0.124,True
deep_named_75343317_anchor_72154411,75343317,72154411,BP.SMNB.DP2,BP.SMNB.40.DP2,BP.SMNB.40.DP2,40,40,SMNB,DP2,250.0,5.0-20.0Hz,5.0,20.0,1130.1707557534653,488.6532143994568,0.4572736597463374,0.12,True
deep_named_75343317_anchor_72154411,75343317,72154411,BP.SMNB.DP2,BP.SMNB.40.DP2,BP.SMNB.40.DP2,40,40,SMNB,DP2,250.0,10.0-40.0Hz,10.0,40.0,2055.4979090252987,608.9318927285732,0.21082929976766676,0.052,True
deep_named_75343317_anchor_72154411,75343317,72154411,BP.SMNB.DP2,BP.SMNB.40.DP2,BP.SMNB.40.DP2,40,40,SMNB,DP2,250.0,2.0-40.0Hz,2.0,40.0,1104.772357886983,530.0467639142867,0.3138185965033228,0.128,True
deep_named_75343317_anchor_72154411,75343317,72154411,BP.SMNB.DP3,BP.SMNB.40.DP3,BP.SMNB.40.DP3,40,40,SMNB,DP3,250.0,2.0-10.0Hz,2.0,10.0,855.4040654723299,654.9684404080119,0.6029729029174281,0.116,True
deep_named_75343317_anchor_72154411,75343317,72154411,BP.SMNB.DP3,BP.SMNB.40.DP3,BP.SMNB.40.DP3,40,40,SMNB,DP3,250.0,5.0-20.0Hz,5.0,20.0,1536.396318984917,1312.7215127997797,0.3435350645085233,0.104,True
deep_named_75343317_anchor_72154411,75343317,72154411,BP.SMNB.DP3,BP.SMNB.40.DP3,BP.SMNB.40.DP3,40,40,SMNB,DP3,250.0,10.0-40.0Hz,10.0,40.0,3033.0644012650073,1958.2138634975715,0.26637713756390563,0.104,True
deep_named_75343317_anchor_72154411,75343317,72154411,BP.SMNB.DP3,BP.SMNB.40.DP3,BP.SMNB.40.DP3,40,40,SMNB,DP3,250.0,2.0-40.0Hz,2.0,40.0,1428.8984378791952,1269.4387223722592,0.31672547300202586,0.104,True
deep_named_75343317_anchor_72154411,75343317,72154411,BP.VARB.DP1,BP.VARB.40.DP1,BP.VARB.40.DP1,40,40,VARB,DP1,250.0,2.0-10.0Hz,2.0,10.0,0.7987471003148984,214.0029825116849,0.0065326428742170815,0.416,False
deep_named_75343317_anchor_72154411,75343317,72154411,BP.VARB.DP1,BP.VARB.40.DP1,BP.VARB.40.DP1,40,40,VARB,DP1,250.0,5.0-20.0Hz,5.0,20.0,0.7947183209966747,236.55549350443363,0.00047823240349421117,-0.472,False
deep_named_75343317_anchor_72154411,75343317,72154411,BP.VARB.DP1,BP.VARB.40.DP1,BP.VARB.40.DP1,40,40,VARB,DP1,250.0,10.0-40.0Hz,10.0,40.0,0.9913501680440678,120.56968034499646,0.007147060176334476,0.332,False
deep_named_75343317_anchor_72154411,75343317,72154411,BP.VARB.DP1,BP.VARB.40.DP1,BP.VARB.40.DP1,40,40,VARB,DP1,250.0,2.0-40.0Hz,2.0,40.0,0.7947191735726994,193.519676469243,0.00046942843235119204,0.196,False
deep_named_75343317_anchor_72154411,75343317,72154411,BP.VARB.DP2,BP.VARB.40.DP2,BP.VARB.40.DP2,40,40,VARB,DP2,250.0,2.0-10.0Hz,2.0,10.0,0.7987471003148984,157.98222129372084,0.007245611150279552,0.276,False
deep_named_75343317_anchor_72154411,75343317,72154411,BP.VARB.DP2,BP.VARB.40.DP2,BP.VARB.40.DP2,40,40,VARB,DP2,250.0,5.0-20.0Hz,5.0,20.0,0.7947183209966747,193.3084937874295,0.000727179280358762,-0.004,False
deep_named_75343317_anchor_72154411,75343317,72154411,BP.VARB.DP2,BP.VARB.40.DP2,BP.VARB.40.DP2,40,40,VARB,DP2,250.0,10.0-40.0Hz,10.0,40.0,0.9913501680440678,117.2147101385999,0.012654391939465973,0.052,False
deep_named_75343317_anchor_72154411,75343317,72154411,BP.VARB.DP2,BP.VARB.40.DP2,BP.VARB.40.DP2,40,40,VARB,DP2,250.0,2.0-40.0Hz,2.0,40.0,0.7947191735726994,138.03415443091956,0.0008373063965324762,-0.004,False
deep_named_75343317_anchor_72154411,75343317,72154411,BP.VARB.DP3,BP.VARB.40.DP3,BP.VARB.40.DP3,40,40,VARB,DP3,250.0,2.0-10.0Hz,2.0,10.0,1.9783304322563167,308.71769437550427,0.5956854234246091,0.212,False
deep_named_75343317_anchor_72154411,75343317,72154411,BP.VARB.DP3,BP.VARB.40.DP3,BP.VARB.40.DP3,40,40,VARB,DP3,250.0,5.0-20.0Hz,5.0,20.0,2.00926810838097,377.802050323384,0.5259975806759827,0.212,False
deep_named_75343317_anchor_72154411,75343317,72154411,BP.VARB.DP3,BP.VARB.40.DP3,BP.VARB.40.DP3,40,40,VARB,DP3,250.0,10.0-40.0Hz,10.0,40.0,1.293739619075983,153.93298158290187,0.20990489597875456,0.216,False
deep_named_75343317_anchor_72154411,75343317,72154411,BP.VARB.DP3,BP.VARB.40.DP3,BP.VARB.40.DP3,40,40,VARB,DP3,250.0,2.0-40.0Hz,2.0,40.0,1.6604960420860742,257.31999553358054,0.48826663243118995,0.212,False
deep_named_75343317_anchor_72359026,75343317,72359026,BK.PKD.HHE,BK.PKD.00.HHE,BK.PKD.00.HHE,00,00,PKD,HHE,100.0,2.0-10.0Hz,2.0,10.0,321.58671551727156,192.4207591221318,0.3168405391232435,0.17,True
deep_named_75343317_anchor_72359026,75343317,72359026,BK.PKD.HHE,BK.PKD.00.HHE,BK.PKD.00.HHE,00,00,PKD,HHE,100.0,5.0-20.0Hz,5.0,20.0,338.6212712769102,275.75133516506725,0.2273661220963488,0.04,True
deep_named_75343317_anchor_72359026,75343317,72359026,BK.PKD.HHE,BK.PKD.00.HHE,BK.PKD.00.HHE,00,00,PKD,HHE,100.0,10.0-40.0Hz,10.0,40.0,177.949445881724,184.37663047345185,0.28967423646522217,0.05,True
deep_named_75343317_anchor_72359026,75343317,72359026,BK.PKD.HHE,BK.PKD.00.HHE,BK.PKD.00.HHE,00,00,PKD,HHE,100.0,2.0-40.0Hz,2.0,40.0,281.6898637289211,195.93105064832088,0.21302086664066883,0.18,True
deep_named_75343317_anchor_72359026,75343317,72359026,BK.PKD.HHN,BK.PKD.00.HHN,BK.PKD.00.HHN,00,00,PKD,HHN,100.0,2.0-10.0Hz,2.0,10.0,381.8900390479181,204.7314316036659,0.28309323737480757,0.18,True
deep_named_75343317_anchor_72359026,75343317,72359026,BK.PKD.HHN,BK.PKD.00.HHN,BK.PKD.00.HHN,00,00,PKD,HHN,100.0,5.0-20.0Hz,5.0,20.0,400.67892586539455,350.2624804515207,0.24741491909866042,0.21,True
deep_named_75343317_anchor_72359026,75343317,72359026,BK.PKD.HHN,BK.PKD.00.HHN,BK.PKD.00.HHN,00,00,PKD,HHN,100.0,10.0-40.0Hz,10.0,40.0,227.9098208834783,276.20542658762366,0.3086165345292678,0.13,True
deep_named_75343317_anchor_72359026,75343317,72359026,BK.PKD.HHN,BK.PKD.00.HHN,BK.PKD.00.HHN,00,00,PKD,HHN,100.0,2.0-40.0Hz,2.0,40.0,306.4933536606505,231.65948448569662,0.2576305221617656,0.21,True
deep_named_75343317_anchor_72359026,75343317,72359026,BK.PKD.HHZ,BK.PKD.00.HHZ,BK.PKD.00.HHZ,00,00,PKD,HHZ,100.0,2.0-10.0Hz,2.0,10.0,366.2256517407152,129.91105695319186,0.4750629819732901,0.12,True
deep_named_75343317_anchor_72359026,75343317,72359026,BK.PKD.HHZ,BK.PKD.00.HHZ,BK.PKD.00.HHZ,00,00,PKD,HHZ,100.0,5.0-20.0Hz,5.0,20.0,456.6265248434603,265.3530077260987,0.4021471519723819,0.13,True
deep_named_75343317_anchor_72359026,75343317,72359026,BK.PKD.HHZ,BK.PKD.00.HHZ,BK.PKD.00.HHZ,00,00,PKD,HHZ,100.0,10.0-40.0Hz,10.0,40.0,363.82028392899133,382.35853872264903,0.5736431212688575,0.13,True
deep_named_75343317_anchor_72359026,75343317,72359026,BK.PKD.HHZ,BK.PKD.00.HHZ,BK.PKD.00.HHZ,00,00,PKD,HHZ,100.0,2.0-40.0Hz,2.0,40.0,374.2189868533316,192.59862522600173,0.5163760287789206,0.13,True
deep_named_75343317_anchor_72359026,75343317,72359026,BP.EADB.DP1,BP.EADB.40.DP1,BP.EADB.40.DP1,40,40,EADB,DP1,250.0,2.0-10.0Hz,2.0,10.0,111.41579366610256,90.67814701296416,0.3448700857284556,0.2,True
deep_named_75343317_anchor_72359026,75343317,72359026,BP.EADB.DP1,BP.EADB.40.DP1,BP.EADB.40.DP1,40,40,EADB,DP1,250.0,5.0-20.0Hz,5.0,20.0,120.22316175692981,91.01500436434874,0.3027451512744388,0.024,True
deep_named_75343317_anchor_72359026,75343317,72359026,BP.EADB.DP1,BP.EADB.40.DP1,BP.EADB.40.DP1,40,40,EADB,DP1,250.0,10.0-40.0Hz,10.0,40.0,58.12429109723144,39.61153221277148,0.41918099432818623,0.136,True
deep_named_75343317_anchor_72359026,75343317,72359026,BP.EADB.DP1,BP.EADB.40.DP1,BP.EADB.40.DP1,40,40,EADB,DP1,250.0,2.0-40.0Hz,2.0,40.0,101.7502687882016,87.7531052339804,0.29174037232894784,0.212,True
deep_named_75343317_anchor_72359026,75343317,72359026,BP.EADB.DP2,BP.EADB.40.DP2,BP.EADB.40.DP2,40,40,EADB,DP2,250.0,2.0-10.0Hz,2.0,10.0,123.81046604778656,149.72073147230336,0.7018115570673349,0.22,True
deep_named_75343317_anchor_72359026,75343317,72359026,BP.EADB.DP2,BP.EADB.40.DP2,BP.EADB.40.DP2,40,40,EADB,DP2,250.0,5.0-20.0Hz,5.0,20.0,82.31406471210508,82.85757152588369,0.5586589793604376,0.216,True
deep_named_75343317_anchor_72359026,75343317,72359026,BP.EADB.DP2,BP.EADB.40.DP2,BP.EADB.40.DP2,40,40,EADB,DP2,250.0,10.0-40.0Hz,10.0,40.0,40.068192294376324,29.992114162029953,0.3963982264505711,0.216,True
deep_named_75343317_anchor_72359026,75343317,72359026,BP.EADB.DP2,BP.EADB.40.DP2,BP.EADB.40.DP2,40,40,EADB,DP2,250.0,2.0-40.0Hz,2.0,40.0,111.42380436087215,124.38734122133017,0.6646921617131922,0.22,True
deep_named_75343317_anchor_72359026,75343317,72359026,BP.EADB.DP3,BP.EADB.40.DP3,BP.EADB.40.DP3,40,40,EADB,DP3,250.0,2.0-10.0Hz,2.0,10.0,104.0272231336235,137.99096073923155,0.6014787409484645,0.216,True
deep_named_75343317_anchor_72359026,75343317,72359026,BP.EADB.DP3,BP.EADB.40.DP3,BP.EADB.40.DP3,40,40,EADB,DP3,250.0,5.0-20.0Hz,5.0,20.0,81.17155177187263,64.19963791286105,0.4304106221709709,0.02,True
deep_named_75343317_anchor_72359026,75343317,72359026,BP.EADB.DP3,BP.EADB.40.DP3,BP.EADB.40.DP3,40,40,EADB,DP3,250.0,10.0-40.0Hz,10.0,40.0,43.208163457938696,24.768960229981243,0.4932024638940724,0.136,True
deep_named_75343317_anchor_72359026,75343317,72359026,BP.EADB.DP3,BP.EADB.40.DP3,BP.EADB.40.DP3,40,40,EADB,DP3,250.0,2.0-40.0Hz,2.0,40.0,105.25648651433298,107.22691813042348,0.6646336126015105,0.216,True
deep_named_75343317_anchor_72359026,75343317,72359026,BP.FROB.DP1,BP.FROB.40.DP1,BP.FROB.40.DP1,40,40,FROB,DP1,250.0,2.0-10.0Hz,2.0,10.0,15.159625390729854,4.260931377143971,0.2998235845131833,0.224,True
deep_named_75343317_anchor_72359026,75343317,72359026,BP.FROB.DP1,BP.FROB.40.DP1,BP.FROB.40.DP1,40,40,FROB,DP1,250.0,5.0-20.0Hz,5.0,20.0,19.7803595355443,10.037625294593584,0.2769132057041172,0.22,True
deep_named_75343317_anchor_72359026,75343317,72359026,BP.FROB.DP1,BP.FROB.40.DP1,BP.FROB.40.DP1,40,40,FROB,DP1,250.0,10.0-40.0Hz,10.0,40.0,19.81475965840155,21.754868243843195,0.3148699763447509,0.136,True
deep_named_75343317_anchor_72359026,75343317,72359026,BP.FROB.DP1,BP.FROB.40.DP1,BP.FROB.40.DP1,40,40,FROB,DP1,250.0,2.0-40.0Hz,2.0,40.0,17.547131920757693,6.715129024373578,0.24542464696669838,0.22,True
deep_named_75343317_anchor_72359026,75343317,72359026,BP.FROB.DP2,BP.FROB.40.DP2,BP.FROB.40.DP2,40,40,FROB,DP2,250.0,2.0-10.0Hz,2.0,10.0,15.558321025510361,5.89799700710357,0.322587553363283,0.196,True
deep_named_75343317_anchor_72359026,75343317,72359026,BP.FROB.DP2,BP.FROB.40.DP2,BP.FROB.40.DP2,40,40,FROB,DP2,250.0,5.0-20.0Hz,5.0,20.0,19.52380502542823,9.393229254127506,0.26042693791345267,0.216,True
deep_named_75343317_anchor_72359026,75343317,72359026,BP.FROB.DP2,BP.FROB.40.DP2,BP.FROB.40.DP2,40,40,FROB,DP2,250.0,10.0-40.0Hz,10.0,40.0,18.36775439187739,15.221083625156332,0.21605196926053946,0.136,True
deep_named_75343317_anchor_72359026,75343317,72359026,BP.FROB.DP2,BP.FROB.40.DP2,BP.FROB.40.DP2,40,40,FROB,DP2,250.0,2.0-40.0Hz,2.0,40.0,17.068103424433396,8.830351693514608,0.24651941521707293,0.216,True
deep_named_75343317_anchor_72359026,75343317,72359026,BP.FROB.DP3,BP.FROB.40.DP3,BP.FROB.40.DP3,40,40,FROB,DP3,250.0,2.0-10.0Hz,2.0,10.0,17.463194710959453,1.2538445064641657,0.3933361338444382,0.2,False
deep_named_75343317_anchor_72359026,75343317,72359026,BP.FROB.DP3,BP.FROB.40.DP3,BP.FROB.40.DP3,40,40,FROB,DP3,250.0,5.0-20.0Hz,5.0,20.0,17.092456041916858,1.7167857845902323,0.3756482131040157,0.336,False
deep_named_75343317_anchor_72359026,75343317,72359026,BP.FROB.DP3,BP.FROB.40.DP3,BP.FROB.40.DP3,40,40,FROB,DP3,250.0,10.0-40.0Hz,10.0,40.0,12.774999973309326,2.6635692194129974,0.2017456555346545,0.132,False
deep_named_75343317_anchor_72359026,75343317,72359026,BP.FROB.DP3,BP.FROB.40.DP3,BP.FROB.40.DP3,40,40,FROB,DP3,250.0,2.0-40.0Hz,2.0,40.0,15.434980231918134,1.3402311057852834,0.3072857683998025,0.208,False
deep_named_75343317_anchor_72359026,75343317,72359026,BP.GHIB.DP1,BP.GHIB.40.DP1,BP.GHIB.40.DP1,40,40,GHIB,DP1,250.0,2.0-10.0Hz,2.0,10.0,12.46613770124475,11.65749527303428,0.6971259589178992,0.144,True
deep_named_75343317_anchor_72359026,75343317,72359026,BP.GHIB.DP1,BP.GHIB.40.DP1,BP.GHIB.40.DP1,40,40,GHIB,DP1,250.0,5.0-20.0Hz,5.0,20.0,15.304814838703013,17.52445251520764,0.5084129793338045,0.144,True
deep_named_75343317_anchor_72359026,75343317,72359026,BP.GHIB.DP1,BP.GHIB.40.DP1,BP.GHIB.40.DP1,40,40,GHIB,DP1,250.0,10.0-40.0Hz,10.0,40.0,22.47150020856215,10.877763938786716,0.5979746491639911,0.144,True
deep_named_75343317_anchor_72359026,75343317,72359026,BP.GHIB.DP1,BP.GHIB.40.DP1,BP.GHIB.40.DP1,40,40,GHIB,DP1,250.0,2.0-40.0Hz,2.0,40.0,13.966840380305262,11.813589689026871,0.668076355823512,0.144,True
deep_named_75343317_anchor_72359026,75343317,72359026,BP.GHIB.DP3,BP.GHIB.40.DP3,BP.GHIB.40.DP3,40,40,GHIB,DP3,250.0,2.0-10.0Hz,2.0,10.0,11.338478237072291,6.838789843787416,0.6047313773394652,0.148,True
deep_named_75343317_anchor_72359026,75343317,72359026,BP.GHIB.DP3,BP.GHIB.40.DP3,BP.GHIB.40.DP3,40,40,GHIB,DP3,250.0,5.0-20.0Hz,5.0,20.0,11.931527000909512,9.09040252007095,0.43979476960178965,0.148,True
deep_named_75343317_anchor_72359026,75343317,72359026,BP.GHIB.DP3,BP.GHIB.40.DP3,BP.GHIB.40.DP3,40,40,GHIB,DP3,250.0,10.0-40.0Hz,10.0,40.0,11.22457891627594,7.33521507272659,0.4255385447851523,0.144,True
deep_named_75343317_anchor_72359026,75343317,72359026,BP.GHIB.DP3,BP.GHIB.40.DP3,BP.GHIB.40.DP3,40,40,GHIB,DP3,250.0,2.0-40.0Hz,2.0,40.0,11.54174986710341,7.086713060661988,0.5617763463423557,0.144,True
deep_named_75343317_anchor_72359026,75343317,72359026,BP.JCNB.DP1,BP.JCNB.40.DP1,BP.JCNB.40.DP1,40,40,JCNB,DP1,250.0,2.0-10.0Hz,2.0,10.0,324.47082890006135,149.3727682786735,0.6917933766019669,0.204,True
deep_named_75343317_anchor_72359026,75343317,72359026,BP.JCNB.DP1,BP.JCNB.40.DP1,BP.JCNB.40.DP1,40,40,JCNB,DP1,250.0,5.0-20.0Hz,5.0,20.0,275.91881622589244,94.50869260095295,0.5459540479563927,0.204,True
deep_named_75343317_anchor_72359026,75343317,72359026,BP.JCNB.DP1,BP.JCNB.40.DP1,BP.JCNB.40.DP1,40,40,JCNB,DP1,250.0,10.0-40.0Hz,10.0,40.0,118.45155504796442,25.8627175884617,0.27484155577938496,-0.052,True
deep_named_75343317_anchor_72359026,75343317,72359026,BP.JCNB.DP1,BP.JCNB.40.DP1,BP.JCNB.40.DP1,40,40,JCNB,DP1,250.0,2.0-40.0Hz,2.0,40.0,200.9033180709631,42.043288085758945,0.5204807875027854,0.204,True
deep_named_75343317_anchor_72359026,75343317,72359026,BP.JCNB.DP2,BP.JCNB.40.DP2,BP.JCNB.40.DP2,40,40,JCNB,DP2,250.0,2.0-10.0Hz,2.0,10.0,345.86112155792074,65.50774865675082,0.7233812172926367,0.212,True
deep_named_75343317_anchor_72359026,75343317,72359026,BP.JCNB.DP2,BP.JCNB.40.DP2,BP.JCNB.40.DP2,40,40,JCNB,DP2,250.0,5.0-20.0Hz,5.0,20.0,151.32481159823206,51.63284674842229,0.39424720513828,-0.208,True
deep_named_75343317_anchor_72359026,75343317,72359026,BP.JCNB.DP2,BP.JCNB.40.DP2,BP.JCNB.40.DP2,40,40,JCNB,DP2,250.0,10.0-40.0Hz,10.0,40.0,130.03003012204982,27.61982969658828,0.41948859456694654,-0.14,True
deep_named_75343317_anchor_72359026,75343317,72359026,BP.JCNB.DP2,BP.JCNB.40.DP2,BP.JCNB.40.DP2,40,40,JCNB,DP2,250.0,2.0-40.0Hz,2.0,40.0,140.94984161583253,29.451966309170988,0.37474551286104374,-0.208,True
deep_named_75343317_anchor_72359026,75343317,72359026,BP.JCNB.DP3,BP.JCNB.40.DP3,BP.JCNB.40.DP3,40,40,JCNB,DP3,250.0,2.0-10.0Hz,2.0,10.0,458.06649495350337,112.7899210450394,0.6710711678278709,0.14,True
deep_named_75343317_anchor_72359026,75343317,72359026,BP.JCNB.DP3,BP.JCNB.40.DP3,BP.JCNB.40.DP3,40,40,JCNB,DP3,250.0,5.0-20.0Hz,5.0,20.0,132.56827730034752,13.669644403763273,0.23242976660508918,0.16,True
deep_named_75343317_anchor_72359026,75343317,72359026,BP.JCNB.DP3,BP.JCNB.40.DP3,BP.JCNB.40.DP3,40,40,JCNB,DP3,250.0,10.0-40.0Hz,10.0,40.0,108.55054106265797,8.839330393997868,0.3766532858948309,-0.096,True
deep_named_75343317_anchor_72359026,75343317,72359026,BP.JCNB.DP3,BP.JCNB.40.DP3,BP.JCNB.40.DP3,40,40,JCNB,DP3,250.0,2.0-40.0Hz,2.0,40.0,126.37251385897353,12.309421873547814,0.2290000095883368,-0.096,True
deep_named_75343317_anchor_72359026,75343317,72359026,BP.JCSB.DP1,BP.JCSB.40.DP1,BP.JCSB.40.DP1,40,40,JCSB,DP1,250.0,2.0-10.0Hz,2.0,10.0,402.7418522875113,75.58369197964697,0.8281619462756344,0.216,True
deep_named_75343317_anchor_72359026,75343317,72359026,BP.JCSB.DP1,BP.JCSB.40.DP1,BP.JCSB.40.DP1,40,40,JCSB,DP1,250.0,5.0-20.0Hz,5.0,20.0,212.1306148971622,89.5760621716422,0.6641738510172585,0.216,True
deep_named_75343317_anchor_72359026,75343317,72359026,BP.JCSB.DP1,BP.JCSB.40.DP1,BP.JCSB.40.DP1,40,40,JCSB,DP1,250.0,10.0-40.0Hz,10.0,40.0,156.71269481208157,70.69944940611727,0.5900362866845301,0.14,True
deep_named_75343317_anchor_72359026,75343317,72359026,BP.JCSB.DP1,BP.JCSB.40.DP1,BP.JCSB.40.DP1,40,40,JCSB,DP1,250.0,2.0-40.0Hz,2.0,40.0,263.66520706129165,75.80885356785106,0.75736713572521,0.216,True
deep_named_75343317_anchor_72359026,75343317,72359026,BP.JCSB.DP2,BP.JCSB.40.DP2,BP.JCSB.40.DP2,40,40,JCSB,DP2,250.0,2.0-10.0Hz,2.0,10.0,5.337107237694633,3.0311021738017234,0.6358301962603556,0.216,True
deep_named_75343317_anchor_72359026,75343317,72359026,BP.JCSB.DP2,BP.JCSB.40.DP2,BP.JCSB.40.DP2,40,40,JCSB,DP2,250.0,5.0-20.0Hz,5.0,20.0,12.199362992312555,6.095715747913825,0.5497197089970681,0.212,True
deep_named_75343317_anchor_72359026,75343317,72359026,BP.JCSB.DP2,BP.JCSB.40.DP2,BP.JCSB.40.DP2,40,40,JCSB,DP2,250.0,10.0-40.0Hz,10.0,40.0,18.271324065688457,9.256395882270532,0.478354561708932,0.14,True
deep_named_75343317_anchor_72359026,75343317,72359026,BP.JCSB.DP2,BP.JCSB.40.DP2,BP.JCSB.40.DP2,40,40,JCSB,DP2,250.0,2.0-40.0Hz,2.0,40.0,12.262874447383654,6.460099770020142,0.3764444213203977,0.14,True
deep_named_75343317_anchor_72359026,75343317,72359026,BP.JCSB.DP3,BP.JCSB.40.DP3,BP.JCSB.40.DP3,40,40,JCSB,DP3,250.0,2.0-10.0Hz,2.0,10.0,12.113009338814555,3.7620120729965407,0.6737363128090623,0.216,True
deep_named_75343317_anchor_72359026,75343317,72359026,BP.JCSB.DP3,BP.JCSB.40.DP3,BP.JCSB.40.DP3,40,40,JCSB,DP3,250.0,5.0-20.0Hz,5.0,20.0,17.94339691136154,6.877861598646607,0.5341064964381594,0.208,True
deep_named_75343317_anchor_72359026,75343317,72359026,BP.JCSB.DP3,BP.JCSB.40.DP3,BP.JCSB.40.DP3,40,40,JCSB,DP3,250.0,10.0-40.0Hz,10.0,40.0,18.64910947132687,8.943002239525727,0.3194208133843499,0.14,True
deep_named_75343317_anchor_72359026,75343317,72359026,BP.JCSB.DP3,BP.JCSB.40.DP3,BP.JCSB.40.DP3,40,40,JCSB,DP3,250.0,2.0-40.0Hz,2.0,40.0,16.527565647116162,6.478928469445922,0.28444586524283066,0.212,True
deep_named_75343317_anchor_72359026,75343317,72359026,BP.LCCB.DP1,BP.LCCB.40.DP1,BP.LCCB.40.DP1,40,40,LCCB,DP1,250.0,2.0-10.0Hz,2.0,10.0,967.0648708083729,144.30519939242015,0.38108720291582615,0.196,True
deep_named_75343317_anchor_72359026,75343317,72359026,BP.LCCB.DP1,BP.LCCB.40.DP1,BP.LCCB.40.DP1,40,40,LCCB,DP1,250.0,5.0-20.0Hz,5.0,20.0,1327.0314830409059,116.79960642395586,0.32701294431482175,0.208,True
deep_named_75343317_anchor_72359026,75343317,72359026,BP.LCCB.DP1,BP.LCCB.40.DP1,BP.LCCB.40.DP1,40,40,LCCB,DP1,250.0,10.0-40.0Hz,10.0,40.0,819.216695990769,48.054868990958056,0.3017322820162823,-0.276,True
deep_named_75343317_anchor_72359026,75343317,72359026,BP.LCCB.DP1,BP.LCCB.40.DP1,BP.LCCB.40.DP1,40,40,LCCB,DP1,250.0,2.0-40.0Hz,2.0,40.0,971.201321471341,77.92925931112896,0.32351854530797175,0.204,True
deep_named_75343317_anchor_72359026,75343317,72359026,BP.LCCB.DP2,BP.LCCB.40.DP2,BP.LCCB.40.DP2,40,40,LCCB,DP2,250.0,2.0-10.0Hz,2.0,10.0,77.54259050850602,18.039683385308233,0.6750698069086221,0.192,True
deep_named_75343317_anchor_72359026,75343317,72359026,BP.LCCB.DP2,BP.LCCB.40.DP2,BP.LCCB.40.DP2,40,40,LCCB,DP2,250.0,5.0-20.0Hz,5.0,20.0,155.4016803890679,16.284071843198152,0.4022770035333167,0.208,True
deep_named_75343317_anchor_72359026,75343317,72359026,BP.LCCB.DP2,BP.LCCB.40.DP2,BP.LCCB.40.DP2,40,40,LCCB,DP2,250.0,10.0-40.0Hz,10.0,40.0,163.82680968622387,9.502071401472138,0.31120163992930827,0.144,True
deep_named_75343317_anchor_72359026,75343317,72359026,BP.LCCB.DP2,BP.LCCB.40.DP2,BP.LCCB.40.DP2,40,40,LCCB,DP2,250.0,2.0-40.0Hz,2.0,40.0,114.74441485151108,11.627260615733112,0.3643797638824463,0.208,True
deep_named_75343317_anchor_72359026,75343317,72359026,BP.LCCB.DP3,BP.LCCB.40.DP3,BP.LCCB.40.DP3,40,40,LCCB,DP3,250.0,2.0-10.0Hz,2.0,10.0,1108.2147318148118,139.73969410475817,0.4869656533141439,0.188,True
deep_named_75343317_anchor_72359026,75343317,72359026,BP.LCCB.DP3,BP.LCCB.40.DP3,BP.LCCB.40.DP3,40,40,LCCB,DP3,250.0,5.0-20.0Hz,5.0,20.0,1400.1626622383633,91.96752254135689,0.2822019445166767,-0.24,True
deep_named_75343317_anchor_72359026,75343317,72359026,BP.LCCB.DP3,BP.LCCB.40.DP3,BP.LCCB.40.DP3,40,40,LCCB,DP3,250.0,10.0-40.0Hz,10.0,40.0,903.8856783370064,43.743895287550146,0.20711839590214945,-0.252,True
deep_named_75343317_anchor_72359026,75343317,72359026,BP.LCCB.DP3,BP.LCCB.40.DP3,BP.LCCB.40.DP3,40,40,LCCB,DP3,250.0,2.0-40.0Hz,2.0,40.0,1078.1254836858702,74.51334957861764,0.3700950244313235,0.196,True
deep_named_75343317_anchor_72359026,75343317,72359026,BP.SCYB.DP1,BP.SCYB.40.DP1,BP.SCYB.40.DP1,40,40,SCYB,DP1,250.0,2.0-10.0Hz,2.0,10.0,2078.4804679153794,1172.4511618110148,0.3261207202357256,0.204,True
deep_named_75343317_anchor_72359026,75343317,72359026,BP.SCYB.DP1,BP.SCYB.40.DP1,BP.SCYB.40.DP1,40,40,SCYB,DP1,250.0,5.0-20.0Hz,5.0,20.0,3520.5345965390884,1326.0586498136606,0.37506487666727495,0.016,True
deep_named_75343317_anchor_72359026,75343317,72359026,BP.SCYB.DP1,BP.SCYB.40.DP1,BP.SCYB.40.DP1,40,40,SCYB,DP1,250.0,10.0-40.0Hz,10.0,40.0,1680.5960141876878,723.0585102047575,0.4526479623611098,-0.072,True
deep_named_75343317_anchor_72359026,75343317,72359026,BP.SCYB.DP1,BP.SCYB.40.DP1,BP.SCYB.40.DP1,40,40,SCYB,DP1,250.0,2.0-40.0Hz,2.0,40.0,2033.0447969773677,1042.0029576535512,0.31908235602840307,0.204,True
deep_named_75343317_anchor_72359026,75343317,72359026,BP.SCYB.DP2,BP.SCYB.40.DP2,BP.SCYB.40.DP2,40,40,SCYB,DP2,250.0,2.0-10.0Hz,2.0,10.0,1603.4496173854811,1013.9208429116369,0.4598994467537046,0.164,True
deep_named_75343317_anchor_72359026,75343317,72359026,BP.SCYB.DP2,BP.SCYB.40.DP2,BP.SCYB.40.DP2,40,40,SCYB,DP2,250.0,5.0-20.0Hz,5.0,20.0,2579.8013087280538,1151.9217487291608,0.27214217632435017,0.204,True
deep_named_75343317_anchor_72359026,75343317,72359026,BP.SCYB.DP2,BP.SCYB.40.DP2,BP.SCYB.40.DP2,40,40,SCYB,DP2,250.0,10.0-40.0Hz,10.0,40.0,1082.8114808849123,492.541363288504,0.34903578532787366,0.204,True
deep_named_75343317_anchor_72359026,75343317,72359026,BP.SCYB.DP2,BP.SCYB.40.DP2,BP.SCYB.40.DP2,40,40,SCYB,DP2,250.0,2.0-40.0Hz,2.0,40.0,1600.5912952844506,894.3301530408527,0.3684694010099816,0.18,True
deep_named_75343317_anchor_72359026,75343317,72359026,BP.SCYB.DP3,BP.SCYB.40.DP3,BP.SCYB.40.DP3,40,40,SCYB,DP3,250.0,2.0-10.0Hz,2.0,10.0,1208.1537889271658,809.0954847376594,0.26611906392303286,0.224,True
deep_named_75343317_anchor_72359026,75343317,72359026,BP.SCYB.DP3,BP.SCYB.40.DP3,BP.SCYB.40.DP3,40,40,SCYB,DP3,250.0,5.0-20.0Hz,5.0,20.0,2820.7822862960033,1000.3592721639451,0.226404516069314,0.228,True
deep_named_75343317_anchor_72359026,75343317,72359026,BP.SCYB.DP3,BP.SCYB.40.DP3,BP.SCYB.40.DP3,40,40,SCYB,DP3,250.0,10.0-40.0Hz,10.0,40.0,1278.8278631830312,596.0420344216835,0.19133049665757007,-0.42,True
deep_named_75343317_anchor_72359026,75343317,72359026,BP.SCYB.DP3,BP.SCYB.40.DP3,BP.SCYB.40.DP3,40,40,SCYB,DP3,250.0,2.0-40.0Hz,2.0,40.0,1249.7802221622287,768.5881491464552,0.24630248377547478,0.228,True
deep_named_75343317_anchor_72359026,75343317,72359026,BP.SMNB.DP1,BP.SMNB.40.DP1,BP.SMNB.40.DP1,40,40,SMNB,DP1,250.0,2.0-10.0Hz,2.0,10.0,977.1533043279763,635.7735658292014,0.7650286371627811,0.1,True
deep_named_75343317_anchor_72359026,75343317,72359026,BP.SMNB.DP1,BP.SMNB.40.DP1,BP.SMNB.40.DP1,40,40,SMNB,DP1,250.0,5.0-20.0Hz,5.0,20.0,1578.0389130647516,927.7988674046223,0.5170755387933174,0.1,True
deep_named_75343317_anchor_72359026,75343317,72359026,BP.SMNB.DP1,BP.SMNB.40.DP1,BP.SMNB.40.DP1,40,40,SMNB,DP1,250.0,10.0-40.0Hz,10.0,40.0,2104.9551325833972,1238.7070169387239,0.2522973793957933,0.104,True
deep_named_75343317_anchor_72359026,75343317,72359026,BP.SMNB.DP1,BP.SMNB.40.DP1,BP.SMNB.40.DP1,40,40,SMNB,DP1,250.0,2.0-40.0Hz,2.0,40.0,1252.1091734929792,828.740453923952,0.4933272032925619,0.104,True
deep_named_75343317_anchor_72359026,75343317,72359026,BP.SMNB.DP2,BP.SMNB.40.DP2,BP.SMNB.40.DP2,40,40,SMNB,DP2,250.0,2.0-10.0Hz,2.0,10.0,750.9930393261496,593.5251517565778,0.5499098336127386,0.116,True
deep_named_75343317_anchor_72359026,75343317,72359026,BP.SMNB.DP2,BP.SMNB.40.DP2,BP.SMNB.40.DP2,40,40,SMNB,DP2,250.0,5.0-20.0Hz,5.0,20.0,1130.1707557534653,1019.6485920212331,0.4694806144837852,0.116,True
deep_named_75343317_anchor_72359026,75343317,72359026,BP.SMNB.DP2,BP.SMNB.40.DP2,BP.SMNB.40.DP2,40,40,SMNB,DP2,250.0,10.0-40.0Hz,10.0,40.0,2055.4979090252987,1310.778168346684,0.1954858183320228,0.052,True
deep_named_75343317_anchor_72359026,75343317,72359026,BP.SMNB.DP2,BP.SMNB.40.DP2,BP.SMNB.40.DP2,40,40,SMNB,DP2,250.0,2.0-40.0Hz,2.0,40.0,1104.772357886983,878.9241076417773,0.3268177379344416,0.124,True
deep_named_75343317_anchor_72359026,75343317,72359026,BP.SMNB.DP3,BP.SMNB.40.DP3,BP.SMNB.40.DP3,40,40,SMNB,DP3,250.0,2.0-10.0Hz,2.0,10.0,855.4040654723299,407.1264530290289,0.6772290726802679,0.108,True
deep_named_75343317_anchor_72359026,75343317,72359026,BP.SMNB.DP3,BP.SMNB.40.DP3,BP.SMNB.40.DP3,40,40,SMNB,DP3,250.0,5.0-20.0Hz,5.0,20.0,1536.396318984917,1015.3782140724481,0.3591705797177983,0.1,True
deep_named_75343317_anchor_72359026,75343317,72359026,BP.SMNB.DP3,BP.SMNB.40.DP3,BP.SMNB.40.DP3,40,40,SMNB,DP3,250.0,10.0-40.0Hz,10.0,40.0,3033.0644012650073,1391.107539233404,0.2620159692604698,0.1,True
deep_named_75343317_anchor_72359026,75343317,72359026,BP.SMNB.DP3,BP.SMNB.40.DP3,BP.SMNB.40.DP3,40,40,SMNB,DP3,250.0,2.0-40.0Hz,2.0,40.0,1428.8984378791952,720.2862647983266,0.3687867103163778,0.1,True
deep_named_75343317_anchor_72359026,75343317,72359026,BP.VARB.DP1,BP.VARB.40.DP1,BP.VARB.40.DP1,40,40,VARB,DP1,250.0,2.0-10.0Hz,2.0,10.0,0.7987471003148984,107.52009732472702,0.0062886639953620435,0.42,False
deep_named_75343317_anchor_72359026,75343317,72359026,BP.VARB.DP1,BP.VARB.40.DP1,BP.VARB.40.DP1,40,40,VARB,DP1,250.0,5.0-20.0Hz,5.0,20.0,0.7947183209966747,107.67020659202248,0.0009249051455512681,-0.5,False
deep_named_75343317_anchor_72359026,75343317,72359026,BP.VARB.DP1,BP.VARB.40.DP1,BP.VARB.40.DP1,40,40,VARB,DP1,250.0,10.0-40.0Hz,10.0,40.0,0.9913501680440678,57.500868731541075,0.00796157862646586,0.332,False
deep_named_75343317_anchor_72359026,75343317,72359026,BP.VARB.DP1,BP.VARB.40.DP1,BP.VARB.40.DP1,40,40,VARB,DP1,250.0,2.0-40.0Hz,2.0,40.0,0.7947191735726994,93.55139329986763,0.0012174808289403837,-0.22,False
deep_named_75343317_anchor_72359026,75343317,72359026,BP.VARB.DP2,BP.VARB.40.DP2,BP.VARB.40.DP2,40,40,VARB,DP2,250.0,2.0-10.0Hz,2.0,10.0,0.7987471003148984,2.4257025399223786,0.05147405204097194,-0.5,False
deep_named_75343317_anchor_72359026,75343317,72359026,BP.VARB.DP2,BP.VARB.40.DP2,BP.VARB.40.DP2,40,40,VARB,DP2,250.0,5.0-20.0Hz,5.0,20.0,0.7947183209966747,4.178649772736866,0.016551887503896457,-0.3,False
deep_named_75343317_anchor_72359026,75343317,72359026,BP.VARB.DP2,BP.VARB.40.DP2,BP.VARB.40.DP2,40,40,VARB,DP2,250.0,10.0-40.0Hz,10.0,40.0,0.9913501680440678,4.198143904832642,0.007740617059053612,0.08,False
deep_named_75343317_anchor_72359026,75343317,72359026,BP.VARB.DP2,BP.VARB.40.DP2,BP.VARB.40.DP2,40,40,VARB,DP2,250.0,2.0-40.0Hz,2.0,40.0,0.7947191735726994,3.661228079640101,0.018923813668410252,-0.488,False
deep_named_75343317_anchor_72359026,75343317,72359026,BP.VARB.DP3,BP.VARB.40.DP3,BP.VARB.40.DP3,40,40,VARB,DP3,250.0,2.0-10.0Hz,2.0,10.0,1.9783304322563167,232.12306613842853,0.5961798720676096,0.212,False
deep_named_75343317_anchor_72359026,75343317,72359026,BP.VARB.DP3,BP.VARB.40.DP3,BP.VARB.40.DP3,40,40,VARB,DP3,250.0,5.0-20.0Hz,5.0,20.0,2.00926810838097,227.63195123582778,0.532682195655419,0.212,False
deep_named_75343317_anchor_72359026,75343317,72359026,BP.VARB.DP3,BP.VARB.40.DP3,BP.VARB.40.DP3,40,40,VARB,DP3,250.0,10.0-40.0Hz,10.0,40.0,1.293739619075983,91.03207789312322,0.21829686112871127,0.216,False
deep_named_75343317_anchor_72359026,75343317,72359026,BP.VARB.DP3,BP.VARB.40.DP3,BP.VARB.40.DP3,40,40,VARB,DP3,250.0,2.0-40.0Hz,2.0,40.0,1.6604960420860742,176.98037579465463,0.4909688962611072,0.212,False
