pair_name,reference_event_id,comparison_event_id,trace_id,reference_trace_id,comparison_trace_id,reference_location,comparison_location,station,component,sample_rate_hz,band,band_low_hz,band_high_hz,reference_snr,comparison_snr,correlation,lag_s,usable
reconstruction_72154411,75336682,72154411,BP.CCRB.DP1,BP.CCRB.40.DP1,BP.CCRB.40.DP1,40,40,CCRB,DP1,250.0,2.0-10.0Hz,2.0,10.0,691.3230767469552,572.4838204920397,0.9830000171897363,0.044,True
reconstruction_72154411,75336682,72154411,BP.CCRB.DP1,BP.CCRB.40.DP1,BP.CCRB.40.DP1,40,40,CCRB,DP1,250.0,5.0-20.0Hz,5.0,20.0,2716.944230232654,2112.5343031014104,0.9857219333983236,0.04,True
reconstruction_72154411,75336682,72154411,BP.CCRB.DP1,BP.CCRB.40.DP1,BP.CCRB.40.DP1,40,40,CCRB,DP1,250.0,10.0-40.0Hz,10.0,40.0,3802.5551128766233,2960.226382861448,0.9831227134568945,0.04,True
reconstruction_72154411,75336682,72154411,BP.CCRB.DP1,BP.CCRB.40.DP1,BP.CCRB.40.DP1,40,40,CCRB,DP1,250.0,2.0-40.0Hz,2.0,40.0,1873.1209280535425,1773.4327290665647,0.9792103383426909,0.04,True
reconstruction_72154411,75336682,72154411,BP.CCRB.DP2,BP.CCRB.40.DP2,BP.CCRB.40.DP2,40,40,CCRB,DP2,250.0,2.0-10.0Hz,2.0,10.0,690.1857849055642,498.6879717180122,0.9793347884185813,0.044,True
reconstruction_72154411,75336682,72154411,BP.CCRB.DP2,BP.CCRB.40.DP2,BP.CCRB.40.DP2,40,40,CCRB,DP2,250.0,5.0-20.0Hz,5.0,20.0,1454.2922874862616,1116.2469158304011,0.9750797970190355,0.04,True
reconstruction_72154411,75336682,72154411,BP.CCRB.DP2,BP.CCRB.40.DP2,BP.CCRB.40.DP2,40,40,CCRB,DP2,250.0,10.0-40.0Hz,10.0,40.0,1306.7237794477207,1019.2889769069969,0.9753394315210349,0.04,True
reconstruction_72154411,75336682,72154411,BP.CCRB.DP2,BP.CCRB.40.DP2,BP.CCRB.40.DP2,40,40,CCRB,DP2,250.0,2.0-40.0Hz,2.0,40.0,893.4849965063515,718.1912335017189,0.9627795257860015,0.04,True
reconstruction_72154411,75336682,72154411,BP.CCRB.DP3,BP.CCRB.40.DP3,BP.CCRB.40.DP3,40,40,CCRB,DP3,250.0,2.0-10.0Hz,2.0,10.0,768.1813950694735,659.4461359271244,0.9763395503623166,0.044,True
reconstruction_72154411,75336682,72154411,BP.CCRB.DP3,BP.CCRB.40.DP3,BP.CCRB.40.DP3,40,40,CCRB,DP3,250.0,5.0-20.0Hz,5.0,20.0,1572.42563530698,1324.243259733028,0.9802532530528475,0.04,True
reconstruction_72154411,75336682,72154411,BP.CCRB.DP3,BP.CCRB.40.DP3,BP.CCRB.40.DP3,40,40,CCRB,DP3,250.0,10.0-40.0Hz,10.0,40.0,1833.8013481128764,1420.2795343342214,0.9753864843837771,0.04,True
reconstruction_72154411,75336682,72154411,BP.CCRB.DP3,BP.CCRB.40.DP3,BP.CCRB.40.DP3,40,40,CCRB,DP3,250.0,2.0-40.0Hz,2.0,40.0,1122.41165344694,1043.156285384481,0.9661912466729415,0.04,True
reconstruction_72154411,75336682,72154411,BP.LCCB.DP1,BP.LCCB.40.DP1,BP.LCCB.40.DP1,40,40,LCCB,DP1,250.0,2.0-10.0Hz,2.0,10.0,690.9008979365634,1001.8509223045113,0.9713398645855206,0.032,True
reconstruction_72154411,75336682,72154411,BP.LCCB.DP1,BP.LCCB.40.DP1,BP.LCCB.40.DP1,40,40,LCCB,DP1,250.0,5.0-20.0Hz,5.0,20.0,1446.960050781072,1920.2355947395904,0.9775076847504859,0.032,True
reconstruction_72154411,75336682,72154411,BP.LCCB.DP1,BP.LCCB.40.DP1,BP.LCCB.40.DP1,40,40,LCCB,DP1,250.0,10.0-40.0Hz,10.0,40.0,1117.897190606578,1447.3693267240874,0.9835321204877283,0.028,True
reconstruction_72154411,75336682,72154411,BP.LCCB.DP1,BP.LCCB.40.DP1,BP.LCCB.40.DP1,40,40,LCCB,DP1,250.0,2.0-40.0Hz,2.0,40.0,800.5611939215778,1156.0263265459116,0.9663977774351561,0.032,True
reconstruction_72154411,75336682,72154411,BP.LCCB.DP2,BP.LCCB.40.DP2,BP.LCCB.40.DP2,40,40,LCCB,DP2,250.0,2.0-10.0Hz,2.0,10.0,241.94870997644685,351.40914857732406,0.9938660604118118,0.028,True
reconstruction_72154411,75336682,72154411,BP.LCCB.DP2,BP.LCCB.40.DP2,BP.LCCB.40.DP2,40,40,LCCB,DP2,250.0,5.0-20.0Hz,5.0,20.0,299.70580918181815,381.51275111797696,0.9918107797717283,0.028,True
reconstruction_72154411,75336682,72154411,BP.LCCB.DP2,BP.LCCB.40.DP2,BP.LCCB.40.DP2,40,40,LCCB,DP2,250.0,10.0-40.0Hz,10.0,40.0,203.67826644732844,254.7227746665356,0.9863692753665259,0.028,True
reconstruction_72154411,75336682,72154411,BP.LCCB.DP2,BP.LCCB.40.DP2,BP.LCCB.40.DP2,40,40,LCCB,DP2,250.0,2.0-40.0Hz,2.0,40.0,221.8767390013183,292.4412959480593,0.9896900565174271,0.028,True
reconstruction_72154411,75336682,72154411,BP.LCCB.DP3,BP.LCCB.40.DP3,BP.LCCB.40.DP3,40,40,LCCB,DP3,250.0,2.0-10.0Hz,2.0,10.0,647.8554715109351,1050.0167572094294,0.9633619943966121,0.036,True
reconstruction_72154411,75336682,72154411,BP.LCCB.DP3,BP.LCCB.40.DP3,BP.LCCB.40.DP3,40,40,LCCB,DP3,250.0,5.0-20.0Hz,5.0,20.0,1143.1740879362753,1591.1669837538484,0.9762168165797801,0.032,True
reconstruction_72154411,75336682,72154411,BP.LCCB.DP3,BP.LCCB.40.DP3,BP.LCCB.40.DP3,40,40,LCCB,DP3,250.0,10.0-40.0Hz,10.0,40.0,1003.1124691936136,1058.1156485381814,0.9722648406674556,0.032,True
reconstruction_72154411,75336682,72154411,BP.LCCB.DP3,BP.LCCB.40.DP3,BP.LCCB.40.DP3,40,40,LCCB,DP3,250.0,2.0-40.0Hz,2.0,40.0,724.2210061610293,1086.271357564851,0.9529450399241377,0.032,True
reconstruction_72154411,75336682,72154411,BP.SCYB.DP1,BP.SCYB.40.DP1,BP.SCYB.40.DP1,40,40,SCYB,DP1,250.0,2.0-10.0Hz,2.0,10.0,1274.9982363575928,1104.5922259362526,0.9736505410064874,0.048,True
reconstruction_72154411,75336682,72154411,BP.SCYB.DP1,BP.SCYB.40.DP1,BP.SCYB.40.DP1,40,40,SCYB,DP1,250.0,5.0-20.0Hz,5.0,20.0,1619.1658500330348,1268.1092329188448,0.9791678414395323,0.044,True
reconstruction_72154411,75336682,72154411,BP.SCYB.DP1,BP.SCYB.40.DP1,BP.SCYB.40.DP1,40,40,SCYB,DP1,250.0,10.0-40.0Hz,10.0,40.0,1159.7939491218203,759.9960738242416,0.9898489043224119,0.04,True
reconstruction_72154411,75336682,72154411,BP.SCYB.DP1,BP.SCYB.40.DP1,BP.SCYB.40.DP1,40,40,SCYB,DP1,250.0,2.0-40.0Hz,2.0,40.0,1281.1291244701883,985.6004335363821,0.9553404769863683,0.044,True
reconstruction_72154411,75336682,72154411,BP.SCYB.DP2,BP.SCYB.40.DP2,BP.SCYB.40.DP2,40,40,SCYB,DP2,250.0,2.0-10.0Hz,2.0,10.0,1059.153984891933,1282.3505965211116,0.9791192300065673,0.048,True
reconstruction_72154411,75336682,72154411,BP.SCYB.DP2,BP.SCYB.40.DP2,BP.SCYB.40.DP2,40,40,SCYB,DP2,250.0,5.0-20.0Hz,5.0,20.0,1842.642945616688,1175.326963720956,0.9798359927418271,0.044,True
reconstruction_72154411,75336682,72154411,BP.SCYB.DP2,BP.SCYB.40.DP2,BP.SCYB.40.DP2,40,40,SCYB,DP2,250.0,10.0-40.0Hz,10.0,40.0,978.5466261053829,574.2576507674382,0.987819942225901,0.04,True
reconstruction_72154411,75336682,72154411,BP.SCYB.DP2,BP.SCYB.40.DP2,BP.SCYB.40.DP2,40,40,SCYB,DP2,250.0,2.0-40.0Hz,2.0,40.0,1061.96349531387,1005.8934331890839,0.9615489846659871,0.044,True
reconstruction_72154411,75336682,72154411,BP.SCYB.DP3,BP.SCYB.40.DP3,BP.SCYB.40.DP3,40,40,SCYB,DP3,250.0,2.0-10.0Hz,2.0,10.0,983.1650582874873,710.9933052927175,0.9703593379941587,0.048,True
reconstruction_72154411,75336682,72154411,BP.SCYB.DP3,BP.SCYB.40.DP3,BP.SCYB.40.DP3,40,40,SCYB,DP3,250.0,5.0-20.0Hz,5.0,20.0,1875.1691179412328,789.0754437271917,0.978231210582001,0.044,True
reconstruction_72154411,75336682,72154411,BP.SCYB.DP3,BP.SCYB.40.DP3,BP.SCYB.40.DP3,40,40,SCYB,DP3,250.0,10.0-40.0Hz,10.0,40.0,980.5999046747992,469.3827190035841,0.992490197439396,0.04,True
reconstruction_72154411,75336682,72154411,BP.SCYB.DP3,BP.SCYB.40.DP3,BP.SCYB.40.DP3,40,40,SCYB,DP3,250.0,2.0-40.0Hz,2.0,40.0,1004.8347852994002,608.7637256296907,0.9512048723215755,0.044,True
reconstruction_73541926,75336682,73541926,BP.CCRB.DP1,BP.CCRB.40.DP1,BP.CCRB.40.DP1,40,40,CCRB,DP1,250.0,2.0-10.0Hz,2.0,10.0,691.3230767469552,152.3918102308779,0.9941957349084575,-0.008,True
reconstruction_73541926,75336682,73541926,BP.CCRB.DP1,BP.CCRB.40.DP1,BP.CCRB.40.DP1,40,40,CCRB,DP1,250.0,5.0-20.0Hz,5.0,20.0,2716.944230232654,483.1225860700633,0.9821393624361225,-0.008,True
reconstruction_73541926,75336682,73541926,BP.CCRB.DP1,BP.CCRB.40.DP1,BP.CCRB.40.DP1,40,40,CCRB,DP1,250.0,10.0-40.0Hz,10.0,40.0,3802.5551128766233,2231.9337964501537,0.9712434545689377,-0.008,True
reconstruction_73541926,75336682,73541926,BP.CCRB.DP1,BP.CCRB.40.DP1,BP.CCRB.40.DP1,40,40,CCRB,DP1,250.0,2.0-40.0Hz,2.0,40.0,1873.1209280535425,458.794487372414,0.974293708193668,-0.008,True
reconstruction_73541926,75336682,73541926,BP.CCRB.DP2,BP.CCRB.40.DP2,BP.CCRB.40.DP2,40,40,CCRB,DP2,250.0,2.0-10.0Hz,2.0,10.0,690.1857849055642,158.34239544446254,0.9916581188551046,-0.008,True
reconstruction_73541926,75336682,73541926,BP.CCRB.DP2,BP.CCRB.40.DP2,BP.CCRB.40.DP2,40,40,CCRB,DP2,250.0,5.0-20.0Hz,5.0,20.0,1454.2922874862616,395.9555213937044,0.9865229354125847,-0.008,True
reconstruction_73541926,75336682,73541926,BP.CCRB.DP2,BP.CCRB.40.DP2,BP.CCRB.40.DP2,40,40,CCRB,DP2,250.0,10.0-40.0Hz,10.0,40.0,1306.7237794477207,474.7693415551531,0.9733089603747547,-0.008,True
reconstruction_73541926,75336682,73541926,BP.CCRB.DP2,BP.CCRB.40.DP2,BP.CCRB.40.DP2,40,40,CCRB,DP2,250.0,2.0-40.0Hz,2.0,40.0,893.4849965063515,224.1873134404752,0.982739085070746,-0.008,True
reconstruction_73541926,75336682,73541926,BP.CCRB.DP3,BP.CCRB.40.DP3,BP.CCRB.40.DP3,40,40,CCRB,DP3,250.0,2.0-10.0Hz,2.0,10.0,768.1813950694735,130.8431450800525,0.9928809568474878,-0.008,True
reconstruction_73541926,75336682,73541926,BP.CCRB.DP3,BP.CCRB.40.DP3,BP.CCRB.40.DP3,40,40,CCRB,DP3,250.0,5.0-20.0Hz,5.0,20.0,1572.42563530698,402.08763056805276,0.9839746721882225,-0.008,True
reconstruction_73541926,75336682,73541926,BP.CCRB.DP3,BP.CCRB.40.DP3,BP.CCRB.40.DP3,40,40,CCRB,DP3,250.0,10.0-40.0Hz,10.0,40.0,1833.8013481128764,865.1509016206237,0.9712070936019297,-0.008,True
reconstruction_73541926,75336682,73541926,BP.CCRB.DP3,BP.CCRB.40.DP3,BP.CCRB.40.DP3,40,40,CCRB,DP3,250.0,2.0-40.0Hz,2.0,40.0,1122.41165344694,219.89945552432025,0.9800207021814721,-0.008,True
reconstruction_73541926,75336682,73541926,BP.LCCB.DP1,BP.LCCB.40.DP1,BP.LCCB.40.DP1,40,40,LCCB,DP1,250.0,2.0-10.0Hz,2.0,10.0,690.9008979365634,610.9947858701022,0.9896110640930147,-0.016,True
reconstruction_73541926,75336682,73541926,BP.LCCB.DP1,BP.LCCB.40.DP1,BP.LCCB.40.DP1,40,40,LCCB,DP1,250.0,5.0-20.0Hz,5.0,20.0,1446.960050781072,1258.820479053522,0.9892095355032161,-0.012,True
reconstruction_73541926,75336682,73541926,BP.LCCB.DP1,BP.LCCB.40.DP1,BP.LCCB.40.DP1,40,40,LCCB,DP1,250.0,10.0-40.0Hz,10.0,40.0,1117.897190606578,1212.477725745368,0.9850187335174854,-0.012,True
reconstruction_73541926,75336682,73541926,BP.LCCB.DP1,BP.LCCB.40.DP1,BP.LCCB.40.DP1,40,40,LCCB,DP1,250.0,2.0-40.0Hz,2.0,40.0,800.5611939215778,727.1262307145132,0.9861574066355279,-0.012,True
reconstruction_73541926,75336682,73541926,BP.LCCB.DP2,BP.LCCB.40.DP2,BP.LCCB.40.DP2,40,40,LCCB,DP2,250.0,2.0-10.0Hz,2.0,10.0,241.94870997644685,280.92198454220215,0.995235778042574,-0.016,True
reconstruction_73541926,75336682,73541926,BP.LCCB.DP2,BP.LCCB.40.DP2,BP.LCCB.40.DP2,40,40,LCCB,DP2,250.0,5.0-20.0Hz,5.0,20.0,299.70580918181815,331.57056897036966,0.9875642517988004,-0.012,True
reconstruction_73541926,75336682,73541926,BP.LCCB.DP2,BP.LCCB.40.DP2,BP.LCCB.40.DP2,40,40,LCCB,DP2,250.0,10.0-40.0Hz,10.0,40.0,203.67826644732844,220.06313861976133,0.9701552253948725,-0.012,True
reconstruction_73541926,75336682,73541926,BP.LCCB.DP2,BP.LCCB.40.DP2,BP.LCCB.40.DP2,40,40,LCCB,DP2,250.0,2.0-40.0Hz,2.0,40.0,221.8767390013183,244.24558726057967,0.9807579272414424,-0.012,True
reconstruction_73541926,75336682,73541926,BP.LCCB.DP3,BP.LCCB.40.DP3,BP.LCCB.40.DP3,40,40,LCCB,DP3,250.0,2.0-10.0Hz,2.0,10.0,647.8554715109351,725.6062263948858,0.9922088476221343,-0.016,True
reconstruction_73541926,75336682,73541926,BP.LCCB.DP3,BP.LCCB.40.DP3,BP.LCCB.40.DP3,40,40,LCCB,DP3,250.0,5.0-20.0Hz,5.0,20.0,1143.1740879362753,1028.4397989815677,0.9881643338093005,-0.012,True
reconstruction_73541926,75336682,73541926,BP.LCCB.DP3,BP.LCCB.40.DP3,BP.LCCB.40.DP3,40,40,LCCB,DP3,250.0,10.0-40.0Hz,10.0,40.0,1003.1124691936136,1243.787272359394,0.9857640402044237,-0.012,True
reconstruction_73541926,75336682,73541926,BP.LCCB.DP3,BP.LCCB.40.DP3,BP.LCCB.40.DP3,40,40,LCCB,DP3,250.0,2.0-40.0Hz,2.0,40.0,724.2210061610293,824.4772329312831,0.9891695252047358,-0.012,True
reconstruction_73541926,75336682,73541926,BP.SCYB.DP1,BP.SCYB.40.DP1,BP.SCYB.40.DP1,40,40,SCYB,DP1,250.0,2.0-10.0Hz,2.0,10.0,1274.9982363575928,746.8276649459683,0.998352504654692,-0.004,True
reconstruction_73541926,75336682,73541926,BP.SCYB.DP1,BP.SCYB.40.DP1,BP.SCYB.40.DP1,40,40,SCYB,DP1,250.0,5.0-20.0Hz,5.0,20.0,1619.1658500330348,1398.8101287203115,0.998228955386828,-0.004,True
reconstruction_73541926,75336682,73541926,BP.SCYB.DP1,BP.SCYB.40.DP1,BP.SCYB.40.DP1,40,40,SCYB,DP1,250.0,10.0-40.0Hz,10.0,40.0,1159.7939491218203,1063.2098005363428,0.9981518319598958,-0.004,True
reconstruction_73541926,75336682,73541926,BP.SCYB.DP1,BP.SCYB.40.DP1,BP.SCYB.40.DP1,40,40,SCYB,DP1,250.0,2.0-40.0Hz,2.0,40.0,1281.1291244701883,817.875761044757,0.9983195186502011,-0.004,True
reconstruction_73541926,75336682,73541926,BP.SCYB.DP2,BP.SCYB.40.DP2,BP.SCYB.40.DP2,40,40,SCYB,DP2,250.0,2.0-10.0Hz,2.0,10.0,1059.153984891933,719.1630410388435,0.9983688771717578,-0.004,True
reconstruction_73541926,75336682,73541926,BP.SCYB.DP2,BP.SCYB.40.DP2,BP.SCYB.40.DP2,40,40,SCYB,DP2,250.0,5.0-20.0Hz,5.0,20.0,1842.642945616688,1231.5884110090014,0.9974256046563986,-0.004,True
reconstruction_73541926,75336682,73541926,BP.SCYB.DP2,BP.SCYB.40.DP2,BP.SCYB.40.DP2,40,40,SCYB,DP2,250.0,10.0-40.0Hz,10.0,40.0,978.5466261053829,660.9253339470588,0.9971654406611975,-0.004,True
reconstruction_73541926,75336682,73541926,BP.SCYB.DP2,BP.SCYB.40.DP2,BP.SCYB.40.DP2,40,40,SCYB,DP2,250.0,2.0-40.0Hz,2.0,40.0,1061.96349531387,733.5008152615375,0.9982190507662277,-0.004,True
reconstruction_73541926,75336682,73541926,BP.SCYB.DP3,BP.SCYB.40.DP3,BP.SCYB.40.DP3,40,40,SCYB,DP3,250.0,2.0-10.0Hz,2.0,10.0,983.1650582874873,734.3553125892392,0.9983509208604957,-0.004,True
reconstruction_73541926,75336682,73541926,BP.SCYB.DP3,BP.SCYB.40.DP3,BP.SCYB.40.DP3,40,40,SCYB,DP3,250.0,5.0-20.0Hz,5.0,20.0,1875.1691179412328,1269.001292955336,0.9970980338533961,-0.004,True
reconstruction_73541926,75336682,73541926,BP.SCYB.DP3,BP.SCYB.40.DP3,BP.SCYB.40.DP3,40,40,SCYB,DP3,250.0,10.0-40.0Hz,10.0,40.0,980.5999046747992,894.8147590493253,0.9973275662202047,-0.004,True
reconstruction_73541926,75336682,73541926,BP.SCYB.DP3,BP.SCYB.40.DP3,BP.SCYB.40.DP3,40,40,SCYB,DP3,250.0,2.0-40.0Hz,2.0,40.0,1004.8347852994002,768.5633612674726,0.9980736240310215,-0.004,True
reconstruction_51182602,75336682,51182602,BP.CCRB.DP1,BP.CCRB.40.DP1,BP.CCRB..DP1,40,,CCRB,DP1,250.0,2.0-10.0Hz,2.0,10.0,691.3230767469552,112.71779520376475,0.9882253435944919,0.016,True
reconstruction_51182602,75336682,51182602,BP.CCRB.DP1,BP.CCRB.40.DP1,BP.CCRB..DP1,40,,CCRB,DP1,250.0,5.0-20.0Hz,5.0,20.0,2716.944230232654,418.6237593621092,0.9913989582365081,0.012,True
reconstruction_51182602,75336682,51182602,BP.CCRB.DP1,BP.CCRB.40.DP1,BP.CCRB..DP1,40,,CCRB,DP1,250.0,10.0-40.0Hz,10.0,40.0,3802.5551128766233,699.6825926255534,0.9789131710634663,0.012,True
reconstruction_51182602,75336682,51182602,BP.CCRB.DP1,BP.CCRB.40.DP1,BP.CCRB..DP1,40,,CCRB,DP1,250.0,2.0-40.0Hz,2.0,40.0,1873.1209280535425,335.8394650917638,0.9799992205485196,0.012,True
reconstruction_51182602,75336682,51182602,BP.CCRB.DP2,BP.CCRB.40.DP2,BP.CCRB..DP2,40,,CCRB,DP2,250.0,2.0-10.0Hz,2.0,10.0,690.1857849055642,103.43565738990485,0.9836611535867078,0.012,True
reconstruction_51182602,75336682,51182602,BP.CCRB.DP2,BP.CCRB.40.DP2,BP.CCRB..DP2,40,,CCRB,DP2,250.0,5.0-20.0Hz,5.0,20.0,1454.2922874862616,207.80313669939753,0.990114003030503,0.012,True
reconstruction_51182602,75336682,51182602,BP.CCRB.DP2,BP.CCRB.40.DP2,BP.CCRB..DP2,40,,CCRB,DP2,250.0,10.0-40.0Hz,10.0,40.0,1306.7237794477207,252.3620331386202,0.9739054472633054,0.012,True
reconstruction_51182602,75336682,51182602,BP.CCRB.DP2,BP.CCRB.40.DP2,BP.CCRB..DP2,40,,CCRB,DP2,250.0,2.0-40.0Hz,2.0,40.0,893.4849965063515,148.38781620365353,0.9788738522211794,0.012,True
reconstruction_51182602,75336682,51182602,BP.CCRB.DP3,BP.CCRB.40.DP3,BP.CCRB..DP3,40,,CCRB,DP3,250.0,2.0-10.0Hz,2.0,10.0,768.1813950694735,137.25220718352995,0.9831901205572795,0.012,True
reconstruction_51182602,75336682,51182602,BP.CCRB.DP3,BP.CCRB.40.DP3,BP.CCRB..DP3,40,,CCRB,DP3,250.0,5.0-20.0Hz,5.0,20.0,1572.42563530698,249.27348045547075,0.9885310372353878,0.012,True
reconstruction_51182602,75336682,51182602,BP.CCRB.DP3,BP.CCRB.40.DP3,BP.CCRB..DP3,40,,CCRB,DP3,250.0,10.0-40.0Hz,10.0,40.0,1833.8013481128764,389.80241928266946,0.9715316263505045,0.012,True
reconstruction_51182602,75336682,51182602,BP.CCRB.DP3,BP.CCRB.40.DP3,BP.CCRB..DP3,40,,CCRB,DP3,250.0,2.0-40.0Hz,2.0,40.0,1122.41165344694,219.01342403306356,0.9763050469400822,0.012,True
reconstruction_51182602,75336682,51182602,BP.LCCB.DP1,BP.LCCB.40.DP1,BP.LCCB..DP1,40,,LCCB,DP1,250.0,2.0-10.0Hz,2.0,10.0,690.9008979365634,201.87226793704357,0.9709964596124299,0.004,True
reconstruction_51182602,75336682,51182602,BP.LCCB.DP1,BP.LCCB.40.DP1,BP.LCCB..DP1,40,,LCCB,DP1,250.0,5.0-20.0Hz,5.0,20.0,1446.960050781072,335.64443655953664,0.9827527329773518,0.004,True
reconstruction_51182602,75336682,51182602,BP.LCCB.DP1,BP.LCCB.40.DP1,BP.LCCB..DP1,40,,LCCB,DP1,250.0,10.0-40.0Hz,10.0,40.0,1117.897190606578,265.7456200472162,0.9740290530614286,0.004,True
reconstruction_51182602,75336682,51182602,BP.LCCB.DP1,BP.LCCB.40.DP1,BP.LCCB..DP1,40,,LCCB,DP1,250.0,2.0-40.0Hz,2.0,40.0,800.5611939215778,228.66712642861125,0.9719014552311055,0.004,True
reconstruction_51182602,75336682,51182602,BP.LCCB.DP2,BP.LCCB.40.DP2,BP.LCCB..DP2,40,,LCCB,DP2,250.0,2.0-10.0Hz,2.0,10.0,241.94870997644685,239.8316811975653,0.992827599407091,-0.004,True
reconstruction_51182602,75336682,51182602,BP.LCCB.DP2,BP.LCCB.40.DP2,BP.LCCB..DP2,40,,LCCB,DP2,250.0,5.0-20.0Hz,5.0,20.0,299.70580918181815,239.8262572987209,0.989391612479817,-0.004,True
reconstruction_51182602,75336682,51182602,BP.LCCB.DP2,BP.LCCB.40.DP2,BP.LCCB..DP2,40,,LCCB,DP2,250.0,10.0-40.0Hz,10.0,40.0,203.67826644732844,135.42258268741176,0.9620063136699657,-0.004,True
reconstruction_51182602,75336682,51182602,BP.LCCB.DP2,BP.LCCB.40.DP2,BP.LCCB..DP2,40,,LCCB,DP2,250.0,2.0-40.0Hz,2.0,40.0,221.8767390013183,175.13902648929803,0.9738212074530782,-0.004,True
reconstruction_51182602,75336682,51182602,BP.LCCB.DP3,BP.LCCB.40.DP3,BP.LCCB..DP3,40,,LCCB,DP3,250.0,2.0-10.0Hz,2.0,10.0,647.8554715109351,246.3151633459616,0.9687778156157508,0.008,True
reconstruction_51182602,75336682,51182602,BP.LCCB.DP3,BP.LCCB.40.DP3,BP.LCCB..DP3,40,,LCCB,DP3,250.0,5.0-20.0Hz,5.0,20.0,1143.1740879362753,300.4445052157334,0.981287705855973,0.004,True
reconstruction_51182602,75336682,51182602,BP.LCCB.DP3,BP.LCCB.40.DP3,BP.LCCB..DP3,40,,LCCB,DP3,250.0,10.0-40.0Hz,10.0,40.0,1003.1124691936136,247.49916736231592,0.9751692967980878,0.0,True
reconstruction_51182602,75336682,51182602,BP.LCCB.DP3,BP.LCCB.40.DP3,BP.LCCB..DP3,40,,LCCB,DP3,250.0,2.0-40.0Hz,2.0,40.0,724.2210061610293,250.6466009161428,0.9619687697731966,0.004,True
reconstruction_51182602,75336682,51182602,BP.SCYB.DP1,BP.SCYB.40.DP1,BP.SCYB..DP1,40,,SCYB,DP1,250.0,2.0-10.0Hz,2.0,10.0,1274.9982363575928,0.7821996474565619,0.010330596403062184,-0.168,False
reconstruction_51182602,75336682,51182602,BP.SCYB.DP1,BP.SCYB.40.DP1,BP.SCYB..DP1,40,,SCYB,DP1,250.0,5.0-20.0Hz,5.0,20.0,1619.1658500330348,0.8344069087224705,0.009932843909443548,-0.192,False
reconstruction_51182602,75336682,51182602,BP.SCYB.DP1,BP.SCYB.40.DP1,BP.SCYB..DP1,40,,SCYB,DP1,250.0,10.0-40.0Hz,10.0,40.0,1159.7939491218203,0.8218608315334885,0.013236567645927446,-0.372,False
reconstruction_51182602,75336682,51182602,BP.SCYB.DP1,BP.SCYB.40.DP1,BP.SCYB..DP1,40,,SCYB,DP1,250.0,2.0-40.0Hz,2.0,40.0,1281.1291244701883,0.8155212881582136,0.011938544373788258,-0.184,False
reconstruction_51182602,75336682,51182602,BP.SCYB.DP2,BP.SCYB.40.DP2,BP.SCYB..DP2,40,,SCYB,DP2,250.0,2.0-10.0Hz,2.0,10.0,1059.153984891933,0.7678938855015567,0.0037250189887718106,-0.004,False
reconstruction_51182602,75336682,51182602,BP.SCYB.DP2,BP.SCYB.40.DP2,BP.SCYB..DP2,40,,SCYB,DP2,250.0,5.0-20.0Hz,5.0,20.0,1842.642945616688,0.8204398643935179,0.0056216400846629,-0.448,False
reconstruction_51182602,75336682,51182602,BP.SCYB.DP2,BP.SCYB.40.DP2,BP.SCYB..DP2,40,,SCYB,DP2,250.0,10.0-40.0Hz,10.0,40.0,978.5466261053829,0.8109643236058023,0.007992195822379486,-0.224,False
reconstruction_51182602,75336682,51182602,BP.SCYB.DP2,BP.SCYB.40.DP2,BP.SCYB..DP2,40,,SCYB,DP2,250.0,2.0-40.0Hz,2.0,40.0,1061.96349531387,0.8020753959755523,0.0035434648184831043,-0.396,False
reconstruction_51182602,75336682,51182602,BP.SCYB.DP3,BP.SCYB.40.DP3,BP.SCYB..DP3,40,,SCYB,DP3,250.0,2.0-10.0Hz,2.0,10.0,983.1650582874873,0.7851354265251177,0.01682782476630541,-0.412,False
reconstruction_51182602,75336682,51182602,BP.SCYB.DP3,BP.SCYB.40.DP3,BP.SCYB..DP3,40,,SCYB,DP3,250.0,5.0-20.0Hz,5.0,20.0,1875.1691179412328,0.8403634687143239,0.007992602551092064,-0.268,False
reconstruction_51182602,75336682,51182602,BP.SCYB.DP3,BP.SCYB.40.DP3,BP.SCYB..DP3,40,,SCYB,DP3,250.0,10.0-40.0Hz,10.0,40.0,980.5999046747992,0.8212586461003485,0.008933967597749348,0.18,False
reconstruction_51182602,75336682,51182602,BP.SCYB.DP3,BP.SCYB.40.DP3,BP.SCYB..DP3,40,,SCYB,DP3,250.0,2.0-40.0Hz,2.0,40.0,1004.8347852994002,0.820566045034545,0.016125147362886425,-0.416,False
reconstruction_72884745,75336682,72884745,BP.CCRB.DP1,BP.CCRB.40.DP1,BP.CCRB.40.DP1,40,40,CCRB,DP1,250.0,2.0-10.0Hz,2.0,10.0,691.3230767469552,136.7021649172503,0.9963756295087707,0.008,True
reconstruction_72884745,75336682,72884745,BP.CCRB.DP1,BP.CCRB.40.DP1,BP.CCRB.40.DP1,40,40,CCRB,DP1,250.0,5.0-20.0Hz,5.0,20.0,2716.944230232654,521.3528889820401,0.9938598472741265,0.008,True
reconstruction_72884745,75336682,72884745,BP.CCRB.DP1,BP.CCRB.40.DP1,BP.CCRB.40.DP1,40,40,CCRB,DP1,250.0,10.0-40.0Hz,10.0,40.0,3802.5551128766233,685.9338070382056,0.9899604373590946,0.008,True
reconstruction_72884745,75336682,72884745,BP.CCRB.DP1,BP.CCRB.40.DP1,BP.CCRB.40.DP1,40,40,CCRB,DP1,250.0,2.0-40.0Hz,2.0,40.0,1873.1209280535425,339.3974227004597,0.9901388483919177,0.008,True
reconstruction_72884745,75336682,72884745,BP.CCRB.DP2,BP.CCRB.40.DP2,BP.CCRB.40.DP2,40,40,CCRB,DP2,250.0,2.0-10.0Hz,2.0,10.0,690.1857849055642,136.01124317151985,0.9863548877438725,0.008,True
reconstruction_72884745,75336682,72884745,BP.CCRB.DP2,BP.CCRB.40.DP2,BP.CCRB.40.DP2,40,40,CCRB,DP2,250.0,5.0-20.0Hz,5.0,20.0,1454.2922874862616,215.29181002871746,0.9826921977012228,0.008,True
reconstruction_72884745,75336682,72884745,BP.CCRB.DP2,BP.CCRB.40.DP2,BP.CCRB.40.DP2,40,40,CCRB,DP2,250.0,10.0-40.0Hz,10.0,40.0,1306.7237794477207,177.3277755723973,0.9745118594549557,0.008,True
reconstruction_72884745,75336682,72884745,BP.CCRB.DP2,BP.CCRB.40.DP2,BP.CCRB.40.DP2,40,40,CCRB,DP2,250.0,2.0-40.0Hz,2.0,40.0,893.4849965063515,155.29820106910023,0.9792845431481851,0.008,True
reconstruction_72884745,75336682,72884745,BP.CCRB.DP3,BP.CCRB.40.DP3,BP.CCRB.40.DP3,40,40,CCRB,DP3,250.0,2.0-10.0Hz,2.0,10.0,768.1813950694735,138.28493021317234,0.9926303736359758,0.008,True
reconstruction_72884745,75336682,72884745,BP.CCRB.DP3,BP.CCRB.40.DP3,BP.CCRB.40.DP3,40,40,CCRB,DP3,250.0,5.0-20.0Hz,5.0,20.0,1572.42563530698,277.74757430064386,0.9872048734174751,0.008,True
reconstruction_72884745,75336682,72884745,BP.CCRB.DP3,BP.CCRB.40.DP3,BP.CCRB.40.DP3,40,40,CCRB,DP3,250.0,10.0-40.0Hz,10.0,40.0,1833.8013481128764,298.6175431216696,0.9855824234717415,0.008,True
reconstruction_72884745,75336682,72884745,BP.CCRB.DP3,BP.CCRB.40.DP3,BP.CCRB.40.DP3,40,40,CCRB,DP3,250.0,2.0-40.0Hz,2.0,40.0,1122.41165344694,193.77858695706414,0.9858565113062624,0.008,True
reconstruction_72884745,75336682,72884745,BP.LCCB.DP1,BP.LCCB.40.DP1,BP.LCCB.40.DP1,40,40,LCCB,DP1,250.0,2.0-10.0Hz,2.0,10.0,690.9008979365634,138.41415229736205,0.9902635968066815,-0.008,True
reconstruction_72884745,75336682,72884745,BP.LCCB.DP1,BP.LCCB.40.DP1,BP.LCCB.40.DP1,40,40,LCCB,DP1,250.0,5.0-20.0Hz,5.0,20.0,1446.960050781072,217.3422865105595,0.9828872402342184,-0.004,True
reconstruction_72884745,75336682,72884745,BP.LCCB.DP1,BP.LCCB.40.DP1,BP.LCCB.40.DP1,40,40,LCCB,DP1,250.0,10.0-40.0Hz,10.0,40.0,1117.897190606578,171.79667721156687,0.9762281096897056,-0.004,True
reconstruction_72884745,75336682,72884745,BP.LCCB.DP1,BP.LCCB.40.DP1,BP.LCCB.40.DP1,40,40,LCCB,DP1,250.0,2.0-40.0Hz,2.0,40.0,800.5611939215778,147.028075754454,0.979516562195331,-0.004,True
reconstruction_72884745,75336682,72884745,BP.LCCB.DP2,BP.LCCB.40.DP2,BP.LCCB.40.DP2,40,40,LCCB,DP2,250.0,2.0-10.0Hz,2.0,10.0,241.94870997644685,80.43939082929913,0.9971821401525054,-0.008,True
reconstruction_72884745,75336682,72884745,BP.LCCB.DP2,BP.LCCB.40.DP2,BP.LCCB.40.DP2,40,40,LCCB,DP2,250.0,5.0-20.0Hz,5.0,20.0,299.70580918181815,80.65371572904432,0.9770081361998874,-0.004,True
reconstruction_72884745,75336682,72884745,BP.LCCB.DP2,BP.LCCB.40.DP2,BP.LCCB.40.DP2,40,40,LCCB,DP2,250.0,10.0-40.0Hz,10.0,40.0,203.67826644732844,48.75061560986214,0.9394051862253447,-0.004,True
reconstruction_72884745,75336682,72884745,BP.LCCB.DP2,BP.LCCB.40.DP2,BP.LCCB.40.DP2,40,40,LCCB,DP2,250.0,2.0-40.0Hz,2.0,40.0,221.8767390013183,60.97006526380437,0.9594505551890509,-0.004,True
reconstruction_72884745,75336682,72884745,BP.LCCB.DP3,BP.LCCB.40.DP3,BP.LCCB.40.DP3,40,40,LCCB,DP3,250.0,2.0-10.0Hz,2.0,10.0,647.8554715109351,157.98704320207995,0.9927166038209413,-0.008,True
reconstruction_72884745,75336682,72884745,BP.LCCB.DP3,BP.LCCB.40.DP3,BP.LCCB.40.DP3,40,40,LCCB,DP3,250.0,5.0-20.0Hz,5.0,20.0,1143.1740879362753,208.88024341626456,0.976878004521975,-0.004,True
reconstruction_72884745,75336682,72884745,BP.LCCB.DP3,BP.LCCB.40.DP3,BP.LCCB.40.DP3,40,40,LCCB,DP3,250.0,10.0-40.0Hz,10.0,40.0,1003.1124691936136,186.2590319210182,0.9719174550021596,-0.004,True
reconstruction_72884745,75336682,72884745,BP.LCCB.DP3,BP.LCCB.40.DP3,BP.LCCB.40.DP3,40,40,LCCB,DP3,250.0,2.0-40.0Hz,2.0,40.0,724.2210061610293,163.97105751652455,0.9796823566943871,-0.004,True
reconstruction_72884745,75336682,72884745,BP.SCYB.DP1,BP.SCYB.40.DP1,BP.SCYB.40.DP1,40,40,SCYB,DP1,250.0,2.0-10.0Hz,2.0,10.0,1274.9982363575928,321.5250486838704,0.9953269813805977,0.004,True
reconstruction_72884745,75336682,72884745,BP.SCYB.DP1,BP.SCYB.40.DP1,BP.SCYB.40.DP1,40,40,SCYB,DP1,250.0,5.0-20.0Hz,5.0,20.0,1619.1658500330348,352.0312425200156,0.9885187667596842,0.008,True
reconstruction_72884745,75336682,72884745,BP.SCYB.DP1,BP.SCYB.40.DP1,BP.SCYB.40.DP1,40,40,SCYB,DP1,250.0,10.0-40.0Hz,10.0,40.0,1159.7939491218203,193.0597606750644,0.9832695426649494,0.008,True
reconstruction_72884745,75336682,72884745,BP.SCYB.DP1,BP.SCYB.40.DP1,BP.SCYB.40.DP1,40,40,SCYB,DP1,250.0,2.0-40.0Hz,2.0,40.0,1281.1291244701883,283.16967154617925,0.9909742285936151,0.008,True
reconstruction_72884745,75336682,72884745,BP.SCYB.DP2,BP.SCYB.40.DP2,BP.SCYB.40.DP2,40,40,SCYB,DP2,250.0,2.0-10.0Hz,2.0,10.0,1059.153984891933,244.25544723488574,0.9928110742102172,0.004,True
reconstruction_72884745,75336682,72884745,BP.SCYB.DP2,BP.SCYB.40.DP2,BP.SCYB.40.DP2,40,40,SCYB,DP2,250.0,5.0-20.0Hz,5.0,20.0,1842.642945616688,252.825199381076,0.9826180324372281,0.008,True
reconstruction_72884745,75336682,72884745,BP.SCYB.DP2,BP.SCYB.40.DP2,BP.SCYB.40.DP2,40,40,SCYB,DP2,250.0,10.0-40.0Hz,10.0,40.0,978.5466261053829,106.68800532960306,0.9778436413591246,0.008,True
reconstruction_72884745,75336682,72884745,BP.SCYB.DP2,BP.SCYB.40.DP2,BP.SCYB.40.DP2,40,40,SCYB,DP2,250.0,2.0-40.0Hz,2.0,40.0,1061.96349531387,215.92888787621075,0.9886140921970817,0.008,True
reconstruction_72884745,75336682,72884745,BP.SCYB.DP3,BP.SCYB.40.DP3,BP.SCYB.40.DP3,40,40,SCYB,DP3,250.0,2.0-10.0Hz,2.0,10.0,983.1650582874873,271.5546347323638,0.9955061429064567,0.004,True
reconstruction_72884745,75336682,72884745,BP.SCYB.DP3,BP.SCYB.40.DP3,BP.SCYB.40.DP3,40,40,SCYB,DP3,250.0,5.0-20.0Hz,5.0,20.0,1875.1691179412328,270.27551142900154,0.9842243174239133,0.004,True
reconstruction_72884745,75336682,72884745,BP.SCYB.DP3,BP.SCYB.40.DP3,BP.SCYB.40.DP3,40,40,SCYB,DP3,250.0,10.0-40.0Hz,10.0,40.0,980.5999046747992,141.20803560315204,0.9723122747054227,0.008,True
reconstruction_72884745,75336682,72884745,BP.SCYB.DP3,BP.SCYB.40.DP3,BP.SCYB.40.DP3,40,40,SCYB,DP3,250.0,2.0-40.0Hz,2.0,40.0,1004.8347852994002,233.20689451680562,0.9889912652109994,0.004,True
reconstruction_73039936,75336682,73039936,BP.CCRB.DP1,BP.CCRB.40.DP1,BP.CCRB.40.DP1,40,40,CCRB,DP1,250.0,2.0-10.0Hz,2.0,10.0,691.3230767469552,419.2741532483035,0.9981144902246649,0.012,True
reconstruction_73039936,75336682,73039936,BP.CCRB.DP1,BP.CCRB.40.DP1,BP.CCRB.40.DP1,40,40,CCRB,DP1,250.0,5.0-20.0Hz,5.0,20.0,2716.944230232654,1302.3066530612316,0.9948836792718441,0.012,True
reconstruction_73039936,75336682,73039936,BP.CCRB.DP1,BP.CCRB.40.DP1,BP.CCRB.40.DP1,40,40,CCRB,DP1,250.0,10.0-40.0Hz,10.0,40.0,3802.5551128766233,2438.714983818765,0.9913824042060774,0.012,True
reconstruction_73039936,75336682,73039936,BP.CCRB.DP1,BP.CCRB.40.DP1,BP.CCRB.40.DP1,40,40,CCRB,DP1,250.0,2.0-40.0Hz,2.0,40.0,1873.1209280535425,1153.2031925499919,0.9923151529915485,0.012,True
reconstruction_73039936,75336682,73039936,BP.CCRB.DP2,BP.CCRB.40.DP2,BP.CCRB.40.DP2,40,40,CCRB,DP2,250.0,2.0-10.0Hz,2.0,10.0,690.1857849055642,278.91065915820747,0.9959845160367936,0.012,True
reconstruction_73039936,75336682,73039936,BP.CCRB.DP2,BP.CCRB.40.DP2,BP.CCRB.40.DP2,40,40,CCRB,DP2,250.0,5.0-20.0Hz,5.0,20.0,1454.2922874862616,597.7805041738978,0.9943405923377284,0.012,True
reconstruction_73039936,75336682,73039936,BP.CCRB.DP2,BP.CCRB.40.DP2,BP.CCRB.40.DP2,40,40,CCRB,DP2,250.0,10.0-40.0Hz,10.0,40.0,1306.7237794477207,588.1132441102096,0.9885211249475184,0.012,True
reconstruction_73039936,75336682,73039936,BP.CCRB.DP2,BP.CCRB.40.DP2,BP.CCRB.40.DP2,40,40,CCRB,DP2,250.0,2.0-40.0Hz,2.0,40.0,893.4849965063515,376.5377466294568,0.9924163072493324,0.012,True
reconstruction_73039936,75336682,73039936,BP.CCRB.DP3,BP.CCRB.40.DP3,BP.CCRB.40.DP3,40,40,CCRB,DP3,250.0,2.0-10.0Hz,2.0,10.0,768.1813950694735,288.1999923453106,0.9973261874448713,0.012,True
reconstruction_73039936,75336682,73039936,BP.CCRB.DP3,BP.CCRB.40.DP3,BP.CCRB.40.DP3,40,40,CCRB,DP3,250.0,5.0-20.0Hz,5.0,20.0,1572.42563530698,632.0737926502798,0.9948691365473904,0.012,True
reconstruction_73039936,75336682,73039936,BP.CCRB.DP3,BP.CCRB.40.DP3,BP.CCRB.40.DP3,40,40,CCRB,DP3,250.0,10.0-40.0Hz,10.0,40.0,1833.8013481128764,947.0723159966501,0.9905800415678558,0.012,True
reconstruction_73039936,75336682,73039936,BP.CCRB.DP3,BP.CCRB.40.DP3,BP.CCRB.40.DP3,40,40,CCRB,DP3,250.0,2.0-40.0Hz,2.0,40.0,1122.41165344694,455.6850988731945,0.9932913794377181,0.012,True
reconstruction_73039936,75336682,73039936,BP.LCCB.DP1,BP.LCCB.40.DP1,BP.LCCB.40.DP1,40,40,LCCB,DP1,250.0,2.0-10.0Hz,2.0,10.0,690.9008979365634,501.1893700048724,0.9943689566827912,0.0,True
reconstruction_73039936,75336682,73039936,BP.LCCB.DP1,BP.LCCB.40.DP1,BP.LCCB.40.DP1,40,40,LCCB,DP1,250.0,5.0-20.0Hz,5.0,20.0,1446.960050781072,1096.8858740351898,0.9960760664622904,0.0,True
reconstruction_73039936,75336682,73039936,BP.LCCB.DP1,BP.LCCB.40.DP1,BP.LCCB.40.DP1,40,40,LCCB,DP1,250.0,10.0-40.0Hz,10.0,40.0,1117.897190606578,949.3650284938959,0.9944063116574121,0.0,True
reconstruction_73039936,75336682,73039936,BP.LCCB.DP1,BP.LCCB.40.DP1,BP.LCCB.40.DP1,40,40,LCCB,DP1,250.0,2.0-40.0Hz,2.0,40.0,800.5611939215778,592.133340614717,0.994478354284895,0.0,True
reconstruction_73039936,75336682,73039936,BP.LCCB.DP2,BP.LCCB.40.DP2,BP.LCCB.40.DP2,40,40,LCCB,DP2,250.0,2.0-10.0Hz,2.0,10.0,241.94870997644685,281.80584192192526,0.9985957207765317,0.0,True
reconstruction_73039936,75336682,73039936,BP.LCCB.DP2,BP.LCCB.40.DP2,BP.LCCB.40.DP2,40,40,LCCB,DP2,250.0,5.0-20.0Hz,5.0,20.0,299.70580918181815,353.09415929805385,0.9972929554947717,0.0,True
reconstruction_73039936,75336682,73039936,BP.LCCB.DP2,BP.LCCB.40.DP2,BP.LCCB.40.DP2,40,40,LCCB,DP2,250.0,10.0-40.0Hz,10.0,40.0,203.67826644732844,236.96277724913432,0.9949054346420572,0.0,True
reconstruction_73039936,75336682,73039936,BP.LCCB.DP2,BP.LCCB.40.DP2,BP.LCCB.40.DP2,40,40,LCCB,DP2,250.0,2.0-40.0Hz,2.0,40.0,221.8767390013183,257.30333667682896,0.99654243875457,0.0,True
reconstruction_73039936,75336682,73039936,BP.LCCB.DP3,BP.LCCB.40.DP3,BP.LCCB.40.DP3,40,40,LCCB,DP3,250.0,2.0-10.0Hz,2.0,10.0,647.8554715109351,472.2440709413432,0.9959411623172388,0.0,True
reconstruction_73039936,75336682,73039936,BP.LCCB.DP3,BP.LCCB.40.DP3,BP.LCCB.40.DP3,40,40,LCCB,DP3,250.0,5.0-20.0Hz,5.0,20.0,1143.1740879362753,1060.1256186348796,0.9949718049759454,0.0,True
reconstruction_73039936,75336682,73039936,BP.LCCB.DP3,BP.LCCB.40.DP3,BP.LCCB.40.DP3,40,40,LCCB,DP3,250.0,10.0-40.0Hz,10.0,40.0,1003.1124691936136,967.4312248315616,0.9947557173315194,0.0,True
reconstruction_73039936,75336682,73039936,BP.LCCB.DP3,BP.LCCB.40.DP3,BP.LCCB.40.DP3,40,40,LCCB,DP3,250.0,2.0-40.0Hz,2.0,40.0,724.2210061610293,548.5417158477829,0.9955341283722761,0.0,True
reconstruction_73039936,75336682,73039936,BP.SCYB.DP1,BP.SCYB.40.DP1,BP.SCYB.40.DP1,40,40,SCYB,DP1,250.0,2.0-10.0Hz,2.0,10.0,1274.9982363575928,524.6793373710898,0.9980831606683784,0.008,True
reconstruction_73039936,75336682,73039936,BP.SCYB.DP1,BP.SCYB.40.DP1,BP.SCYB.40.DP1,40,40,SCYB,DP1,250.0,5.0-20.0Hz,5.0,20.0,1619.1658500330348,1002.3409554931822,0.9945184516859398,0.008,True
reconstruction_73039936,75336682,73039936,BP.SCYB.DP1,BP.SCYB.40.DP1,BP.SCYB.40.DP1,40,40,SCYB,DP1,250.0,10.0-40.0Hz,10.0,40.0,1159.7939491218203,728.4490555878713,0.9885429646441748,0.008,True
reconstruction_73039936,75336682,73039936,BP.SCYB.DP1,BP.SCYB.40.DP1,BP.SCYB.40.DP1,40,40,SCYB,DP1,250.0,2.0-40.0Hz,2.0,40.0,1281.1291244701883,579.5208900617835,0.9959061475201204,0.008,True
reconstruction_73039936,75336682,73039936,BP.SCYB.DP2,BP.SCYB.40.DP2,BP.SCYB.40.DP2,40,40,SCYB,DP2,250.0,2.0-10.0Hz,2.0,10.0,1059.153984891933,699.730341757755,0.9977696302230086,0.008,True
reconstruction_73039936,75336682,73039936,BP.SCYB.DP2,BP.SCYB.40.DP2,BP.SCYB.40.DP2,40,40,SCYB,DP2,250.0,5.0-20.0Hz,5.0,20.0,1842.642945616688,935.0555952180857,0.9948616896926097,0.008,True
reconstruction_73039936,75336682,73039936,BP.SCYB.DP2,BP.SCYB.40.DP2,BP.SCYB.40.DP2,40,40,SCYB,DP2,250.0,10.0-40.0Hz,10.0,40.0,978.5466261053829,489.31697090858404,0.9886969696102494,0.008,True
reconstruction_73039936,75336682,73039936,BP.SCYB.DP2,BP.SCYB.40.DP2,BP.SCYB.40.DP2,40,40,SCYB,DP2,250.0,2.0-40.0Hz,2.0,40.0,1061.96349531387,678.0920442308734,0.99684449940624,0.008,True
reconstruction_73039936,75336682,73039936,BP.SCYB.DP3,BP.SCYB.40.DP3,BP.SCYB.40.DP3,40,40,SCYB,DP3,250.0,2.0-10.0Hz,2.0,10.0,983.1650582874873,552.5708168855368,0.9982986579837297,0.008,True
reconstruction_73039936,75336682,73039936,BP.SCYB.DP3,BP.SCYB.40.DP3,BP.SCYB.40.DP3,40,40,SCYB,DP3,250.0,5.0-20.0Hz,5.0,20.0,1875.1691179412328,874.2177676046481,0.9950657945399811,0.008,True
reconstruction_73039936,75336682,73039936,BP.SCYB.DP3,BP.SCYB.40.DP3,BP.SCYB.40.DP3,40,40,SCYB,DP3,250.0,10.0-40.0Hz,10.0,40.0,980.5999046747992,557.7289227113167,0.9893282487574481,0.008,True
reconstruction_73039936,75336682,73039936,BP.SCYB.DP3,BP.SCYB.40.DP3,BP.SCYB.40.DP3,40,40,SCYB,DP3,250.0,2.0-40.0Hz,2.0,40.0,1004.8347852994002,560.5626052307072,0.9967541784625695,0.008,True
reconstruction_40237728,75336682,40237728,BP.CCRB.DP1,BP.CCRB.40.DP1,BP.CCRB..DP1,40,,CCRB,DP1,250.0,2.0-10.0Hz,2.0,10.0,691.3230767469552,278.72031299438396,0.9891180730253156,-0.004,True
reconstruction_40237728,75336682,40237728,BP.CCRB.DP1,BP.CCRB.40.DP1,BP.CCRB..DP1,40,,CCRB,DP1,250.0,5.0-20.0Hz,5.0,20.0,2716.944230232654,717.4329489393825,0.9920055256051696,-0.008,True
reconstruction_40237728,75336682,40237728,BP.CCRB.DP1,BP.CCRB.40.DP1,BP.CCRB..DP1,40,,CCRB,DP1,250.0,10.0-40.0Hz,10.0,40.0,3802.5551128766233,1101.332461379007,0.9830809490657939,-0.008,True
reconstruction_40237728,75336682,40237728,BP.CCRB.DP1,BP.CCRB.40.DP1,BP.CCRB..DP1,40,,CCRB,DP1,250.0,2.0-40.0Hz,2.0,40.0,1873.1209280535425,718.5141966132561,0.9831385566928902,-0.008,True
reconstruction_40237728,75336682,40237728,BP.CCRB.DP2,BP.CCRB.40.DP2,BP.CCRB..DP2,40,,CCRB,DP2,250.0,2.0-10.0Hz,2.0,10.0,690.1857849055642,219.0882957325592,0.9867433244925097,0.004,True
reconstruction_40237728,75336682,40237728,BP.CCRB.DP2,BP.CCRB.40.DP2,BP.CCRB..DP2,40,,CCRB,DP2,250.0,5.0-20.0Hz,5.0,20.0,1454.2922874862616,372.0369924945341,0.9824067611234457,0.004,True
reconstruction_40237728,75336682,40237728,BP.CCRB.DP2,BP.CCRB.40.DP2,BP.CCRB..DP2,40,,CCRB,DP2,250.0,10.0-40.0Hz,10.0,40.0,1306.7237794477207,428.33875949710205,0.977996971322224,0.0,True
reconstruction_40237728,75336682,40237728,BP.CCRB.DP2,BP.CCRB.40.DP2,BP.CCRB..DP2,40,,CCRB,DP2,250.0,2.0-40.0Hz,2.0,40.0,893.4849965063515,293.3578284887458,0.9713610492388501,0.0,True
reconstruction_40237728,75336682,40237728,BP.CCRB.DP3,BP.CCRB.40.DP3,BP.CCRB..DP3,40,,CCRB,DP3,250.0,2.0-10.0Hz,2.0,10.0,768.1813950694735,1.091902231289138,0.1539215983002352,0.464,False
reconstruction_40237728,75336682,40237728,BP.CCRB.DP3,BP.CCRB.40.DP3,BP.CCRB..DP3,40,,CCRB,DP3,250.0,5.0-20.0Hz,5.0,20.0,1572.42563530698,1.1647294288853038,0.20867078068418715,0.0,False
reconstruction_40237728,75336682,40237728,BP.CCRB.DP3,BP.CCRB.40.DP3,BP.CCRB..DP3,40,,CCRB,DP3,250.0,10.0-40.0Hz,10.0,40.0,1833.8013481128764,1.107172643276977,0.24695516962772748,0.0,False
reconstruction_40237728,75336682,40237728,BP.CCRB.DP3,BP.CCRB.40.DP3,BP.CCRB..DP3,40,,CCRB,DP3,250.0,2.0-40.0Hz,2.0,40.0,1122.41165344694,1.1060166974303642,0.19581690292910622,0.0,False
reconstruction_40237728,75336682,40237728,BP.LCCB.DP1,BP.LCCB.40.DP1,BP.LCCB..DP1,40,,LCCB,DP1,250.0,2.0-10.0Hz,2.0,10.0,690.9008979365634,20.2795200273694,0.9731125884491284,-0.004,True
reconstruction_40237728,75336682,40237728,BP.LCCB.DP1,BP.LCCB.40.DP1,BP.LCCB..DP1,40,,LCCB,DP1,250.0,5.0-20.0Hz,5.0,20.0,1446.960050781072,26.66044103107895,0.9857338268652597,-0.008,True
reconstruction_40237728,75336682,40237728,BP.LCCB.DP1,BP.LCCB.40.DP1,BP.LCCB..DP1,40,,LCCB,DP1,250.0,10.0-40.0Hz,10.0,40.0,1117.897190606578,19.530300651160754,0.9884509629002663,-0.008,True
reconstruction_40237728,75336682,40237728,BP.LCCB.DP1,BP.LCCB.40.DP1,BP.LCCB..DP1,40,,LCCB,DP1,250.0,2.0-40.0Hz,2.0,40.0,800.5611939215778,20.460132936303314,0.9776924041288527,-0.008,True
reconstruction_40237728,75336682,40237728,BP.LCCB.DP2,BP.LCCB.40.DP2,BP.LCCB..DP2,40,,LCCB,DP2,250.0,2.0-10.0Hz,2.0,10.0,241.94870997644685,217.33564593243463,0.9922659998365886,-0.012,True
reconstruction_40237728,75336682,40237728,BP.LCCB.DP2,BP.LCCB.40.DP2,BP.LCCB..DP2,40,,LCCB,DP2,250.0,5.0-20.0Hz,5.0,20.0,299.70580918181815,286.2992165869147,0.9909597729720754,-0.012,True
reconstruction_40237728,75336682,40237728,BP.LCCB.DP2,BP.LCCB.40.DP2,BP.LCCB..DP2,40,,LCCB,DP2,250.0,10.0-40.0Hz,10.0,40.0,203.67826644732844,196.32486429590654,0.9786024270337605,-0.012,True
reconstruction_40237728,75336682,40237728,BP.LCCB.DP2,BP.LCCB.40.DP2,BP.LCCB..DP2,40,,LCCB,DP2,250.0,2.0-40.0Hz,2.0,40.0,221.8767390013183,209.4966901995464,0.9846671629578434,-0.012,True
reconstruction_40237728,75336682,40237728,BP.LCCB.DP3,BP.LCCB.40.DP3,BP.LCCB..DP3,40,,LCCB,DP3,250.0,2.0-10.0Hz,2.0,10.0,647.8554715109351,307.24997621711134,0.9667442633492342,-0.004,True
reconstruction_40237728,75336682,40237728,BP.LCCB.DP3,BP.LCCB.40.DP3,BP.LCCB..DP3,40,,LCCB,DP3,250.0,5.0-20.0Hz,5.0,20.0,1143.1740879362753,447.59545738550827,0.9811322468888107,-0.008,True
reconstruction_40237728,75336682,40237728,BP.LCCB.DP3,BP.LCCB.40.DP3,BP.LCCB..DP3,40,,LCCB,DP3,250.0,10.0-40.0Hz,10.0,40.0,1003.1124691936136,420.16745795542727,0.989295810431183,-0.008,True
reconstruction_40237728,75336682,40237728,BP.LCCB.DP3,BP.LCCB.40.DP3,BP.LCCB..DP3,40,,LCCB,DP3,250.0,2.0-40.0Hz,2.0,40.0,724.2210061610293,349.7667924434105,0.9598368091733429,-0.008,True
reconstruction_72599170,75336682,72599170,BP.CCRB.DP1,BP.CCRB.40.DP1,BP.CCRB.40.DP1,40,40,CCRB,DP1,250.0,2.0-10.0Hz,2.0,10.0,691.3230767469552,354.7843171705881,0.9954105326343963,0.008,True
reconstruction_72599170,75336682,72599170,BP.CCRB.DP1,BP.CCRB.40.DP1,BP.CCRB.40.DP1,40,40,CCRB,DP1,250.0,5.0-20.0Hz,5.0,20.0,2716.944230232654,1419.4655634100775,0.9911092267413668,0.008,True
reconstruction_72599170,75336682,72599170,BP.CCRB.DP1,BP.CCRB.40.DP1,BP.CCRB.40.DP1,40,40,CCRB,DP1,250.0,10.0-40.0Hz,10.0,40.0,3802.5551128766233,2341.9999285205377,0.9889131514543384,0.008,True
reconstruction_72599170,75336682,72599170,BP.CCRB.DP1,BP.CCRB.40.DP1,BP.CCRB.40.DP1,40,40,CCRB,DP1,250.0,2.0-40.0Hz,2.0,40.0,1873.1209280535425,1028.6414427604084,0.9896650436784836,0.008,True
reconstruction_72599170,75336682,72599170,BP.CCRB.DP2,BP.CCRB.40.DP2,BP.CCRB.40.DP2,40,40,CCRB,DP2,250.0,2.0-10.0Hz,2.0,10.0,690.1857849055642,436.42620833398956,0.9918994830281319,0.008,True
reconstruction_72599170,75336682,72599170,BP.CCRB.DP2,BP.CCRB.40.DP2,BP.CCRB.40.DP2,40,40,CCRB,DP2,250.0,5.0-20.0Hz,5.0,20.0,1454.2922874862616,700.9626110023564,0.9878314633586537,0.008,True
reconstruction_72599170,75336682,72599170,BP.CCRB.DP2,BP.CCRB.40.DP2,BP.CCRB.40.DP2,40,40,CCRB,DP2,250.0,10.0-40.0Hz,10.0,40.0,1306.7237794477207,808.7651068593563,0.9833712253166322,0.008,True
reconstruction_72599170,75336682,72599170,BP.CCRB.DP2,BP.CCRB.40.DP2,BP.CCRB.40.DP2,40,40,CCRB,DP2,250.0,2.0-40.0Hz,2.0,40.0,893.4849965063515,563.4747928282316,0.9872039273412195,0.008,True
reconstruction_72599170,75336682,72599170,BP.CCRB.DP3,BP.CCRB.40.DP3,BP.CCRB.40.DP3,40,40,CCRB,DP3,250.0,2.0-10.0Hz,2.0,10.0,768.1813950694735,363.3224247754607,0.9930485413826736,0.008,True
reconstruction_72599170,75336682,72599170,BP.CCRB.DP3,BP.CCRB.40.DP3,BP.CCRB.40.DP3,40,40,CCRB,DP3,250.0,5.0-20.0Hz,5.0,20.0,1572.42563530698,916.8949693853893,0.9889308511147249,0.008,True
reconstruction_72599170,75336682,72599170,BP.CCRB.DP3,BP.CCRB.40.DP3,BP.CCRB.40.DP3,40,40,CCRB,DP3,250.0,10.0-40.0Hz,10.0,40.0,1833.8013481128764,1219.2429323577346,0.9861097579488306,0.008,True
reconstruction_72599170,75336682,72599170,BP.CCRB.DP3,BP.CCRB.40.DP3,BP.CCRB.40.DP3,40,40,CCRB,DP3,250.0,2.0-40.0Hz,2.0,40.0,1122.41165344694,587.430407735178,0.9885884766153782,0.008,True
reconstruction_72599170,75336682,72599170,BP.LCCB.DP1,BP.LCCB.40.DP1,BP.LCCB.40.DP1,40,40,LCCB,DP1,250.0,2.0-10.0Hz,2.0,10.0,690.9008979365634,125.67047493653435,0.9866805885043992,0.0,True
reconstruction_72599170,75336682,72599170,BP.LCCB.DP1,BP.LCCB.40.DP1,BP.LCCB.40.DP1,40,40,LCCB,DP1,250.0,5.0-20.0Hz,5.0,20.0,1446.960050781072,142.65313836018868,0.9947108129668114,0.0,True
reconstruction_72599170,75336682,72599170,BP.LCCB.DP1,BP.LCCB.40.DP1,BP.LCCB.40.DP1,40,40,LCCB,DP1,250.0,10.0-40.0Hz,10.0,40.0,1117.897190606578,62.609100029386,0.9969560124178616,0.0,True
reconstruction_72599170,75336682,72599170,BP.LCCB.DP1,BP.LCCB.40.DP1,BP.LCCB.40.DP1,40,40,LCCB,DP1,250.0,2.0-40.0Hz,2.0,40.0,800.5611939215778,91.66393745652313,0.9902737407082566,0.0,True
reconstruction_72599170,75336682,72599170,BP.LCCB.DP2,BP.LCCB.40.DP2,BP.LCCB.40.DP2,40,40,LCCB,DP2,250.0,2.0-10.0Hz,2.0,10.0,241.94870997644685,18.63913422347265,0.9948659193936721,0.0,True
reconstruction_72599170,75336682,72599170,BP.LCCB.DP2,BP.LCCB.40.DP2,BP.LCCB.40.DP2,40,40,LCCB,DP2,250.0,5.0-20.0Hz,5.0,20.0,299.70580918181815,22.853451412282855,0.9935336225643742,0.0,True
reconstruction_72599170,75336682,72599170,BP.LCCB.DP2,BP.LCCB.40.DP2,BP.LCCB.40.DP2,40,40,LCCB,DP2,250.0,10.0-40.0Hz,10.0,40.0,203.67826644732844,13.578565549300261,0.9860271583008264,0.0,True
reconstruction_72599170,75336682,72599170,BP.LCCB.DP2,BP.LCCB.40.DP2,BP.LCCB.40.DP2,40,40,LCCB,DP2,250.0,2.0-40.0Hz,2.0,40.0,221.8767390013183,15.472492161181659,0.9899198301414678,0.0,True
reconstruction_72599170,75336682,72599170,BP.LCCB.DP3,BP.LCCB.40.DP3,BP.LCCB.40.DP3,40,40,LCCB,DP3,250.0,2.0-10.0Hz,2.0,10.0,647.8554715109351,128.9610543857586,0.9918287964822079,0.0,True
reconstruction_72599170,75336682,72599170,BP.LCCB.DP3,BP.LCCB.40.DP3,BP.LCCB.40.DP3,40,40,LCCB,DP3,250.0,5.0-20.0Hz,5.0,20.0,1143.1740879362753,117.95979936312477,0.9945947934084468,0.0,True
reconstruction_72599170,75336682,72599170,BP.LCCB.DP3,BP.LCCB.40.DP3,BP.LCCB.40.DP3,40,40,LCCB,DP3,250.0,10.0-40.0Hz,10.0,40.0,1003.1124691936136,57.486085733092885,0.9975150533714291,0.0,True
reconstruction_72599170,75336682,72599170,BP.LCCB.DP3,BP.LCCB.40.DP3,BP.LCCB.40.DP3,40,40,LCCB,DP3,250.0,2.0-40.0Hz,2.0,40.0,724.2210061610293,89.04420125658707,0.9934907408344504,0.0,True
reconstruction_72599170,75336682,72599170,BP.SCYB.DP1,BP.SCYB.40.DP1,BP.SCYB.40.DP1,40,40,SCYB,DP1,250.0,2.0-10.0Hz,2.0,10.0,1274.9982363575928,1208.543521883354,0.9980572151687855,0.008,True
reconstruction_72599170,75336682,72599170,BP.SCYB.DP1,BP.SCYB.40.DP1,BP.SCYB.40.DP1,40,40,SCYB,DP1,250.0,5.0-20.0Hz,5.0,20.0,1619.1658500330348,1891.3600447794477,0.9984182543495558,0.008,True
reconstruction_72599170,75336682,72599170,BP.SCYB.DP1,BP.SCYB.40.DP1,BP.SCYB.40.DP1,40,40,SCYB,DP1,250.0,10.0-40.0Hz,10.0,40.0,1159.7939491218203,1126.1736436993351,0.9979903788470508,0.008,True
reconstruction_72599170,75336682,72599170,BP.SCYB.DP1,BP.SCYB.40.DP1,BP.SCYB.40.DP1,40,40,SCYB,DP1,250.0,2.0-40.0Hz,2.0,40.0,1281.1291244701883,1235.2138565668768,0.9980437026257675,0.008,True
reconstruction_72599170,75336682,72599170,BP.SCYB.DP2,BP.SCYB.40.DP2,BP.SCYB.40.DP2,40,40,SCYB,DP2,250.0,2.0-10.0Hz,2.0,10.0,1059.153984891933,1019.3929913802589,0.9982753423345421,0.008,True
reconstruction_72599170,75336682,72599170,BP.SCYB.DP2,BP.SCYB.40.DP2,BP.SCYB.40.DP2,40,40,SCYB,DP2,250.0,5.0-20.0Hz,5.0,20.0,1842.642945616688,1707.7724457629026,0.9979788160882028,0.008,True
reconstruction_72599170,75336682,72599170,BP.SCYB.DP2,BP.SCYB.40.DP2,BP.SCYB.40.DP2,40,40,SCYB,DP2,250.0,10.0-40.0Hz,10.0,40.0,978.5466261053829,737.8091108969193,0.9971958298969208,0.008,True
reconstruction_72599170,75336682,72599170,BP.SCYB.DP2,BP.SCYB.40.DP2,BP.SCYB.40.DP2,40,40,SCYB,DP2,250.0,2.0-40.0Hz,2.0,40.0,1061.96349531387,998.9719764691919,0.9981224734809615,0.008,True
reconstruction_72599170,75336682,72599170,BP.SCYB.DP3,BP.SCYB.40.DP3,BP.SCYB.40.DP3,40,40,SCYB,DP3,250.0,2.0-10.0Hz,2.0,10.0,983.1650582874873,933.1440848065985,0.9981787326085886,0.008,True
reconstruction_72599170,75336682,72599170,BP.SCYB.DP3,BP.SCYB.40.DP3,BP.SCYB.40.DP3,40,40,SCYB,DP3,250.0,5.0-20.0Hz,5.0,20.0,1875.1691179412328,1737.4962668792025,0.9975053072308142,0.008,True
reconstruction_72599170,75336682,72599170,BP.SCYB.DP3,BP.SCYB.40.DP3,BP.SCYB.40.DP3,40,40,SCYB,DP3,250.0,10.0-40.0Hz,10.0,40.0,980.5999046747992,940.2472881153408,0.9979482442729894,0.008,True
reconstruction_72599170,75336682,72599170,BP.SCYB.DP3,BP.SCYB.40.DP3,BP.SCYB.40.DP3,40,40,SCYB,DP3,250.0,2.0-40.0Hz,2.0,40.0,1004.8347852994002,938.9794146670033,0.9980848609633991,0.008,True
reconstruction_51177656,75336682,51177656,BP.CCRB.DP1,BP.CCRB.40.DP1,BP.CCRB..DP1,40,,CCRB,DP1,250.0,2.0-10.0Hz,2.0,10.0,691.3230767469552,257.04543103901096,0.991274854867312,0.024,True
reconstruction_51177656,75336682,51177656,BP.CCRB.DP1,BP.CCRB.40.DP1,BP.CCRB..DP1,40,,CCRB,DP1,250.0,5.0-20.0Hz,5.0,20.0,2716.944230232654,999.3350819672363,0.9947194714340412,0.02,True
reconstruction_51177656,75336682,51177656,BP.CCRB.DP1,BP.CCRB.40.DP1,BP.CCRB..DP1,40,,CCRB,DP1,250.0,10.0-40.0Hz,10.0,40.0,3802.5551128766233,2059.111858606703,0.9940280511520156,0.02,True
reconstruction_51177656,75336682,51177656,BP.CCRB.DP1,BP.CCRB.40.DP1,BP.CCRB..DP1,40,,CCRB,DP1,250.0,2.0-40.0Hz,2.0,40.0,1873.1209280535425,835.5492465939707,0.9917903044786621,0.02,True
reconstruction_51177656,75336682,51177656,BP.CCRB.DP2,BP.CCRB.40.DP2,BP.CCRB..DP2,40,,CCRB,DP2,250.0,2.0-10.0Hz,2.0,10.0,690.1857849055642,263.8647085118698,0.9861210104434702,0.024,True
reconstruction_51177656,75336682,51177656,BP.CCRB.DP2,BP.CCRB.40.DP2,BP.CCRB..DP2,40,,CCRB,DP2,250.0,5.0-20.0Hz,5.0,20.0,1454.2922874862616,526.1459618661125,0.9906597633386368,0.02,True
reconstruction_51177656,75336682,51177656,BP.CCRB.DP2,BP.CCRB.40.DP2,BP.CCRB..DP2,40,,CCRB,DP2,250.0,10.0-40.0Hz,10.0,40.0,1306.7237794477207,621.2107050922324,0.9885258883938531,0.02,True
reconstruction_51177656,75336682,51177656,BP.CCRB.DP2,BP.CCRB.40.DP2,BP.CCRB..DP2,40,,CCRB,DP2,250.0,2.0-40.0Hz,2.0,40.0,893.4849965063515,377.3694661416869,0.9834217569289149,0.02,True
reconstruction_51177656,75336682,51177656,BP.CCRB.DP3,BP.CCRB.40.DP3,BP.CCRB..DP3,40,,CCRB,DP3,250.0,2.0-10.0Hz,2.0,10.0,768.1813950694735,269.79647623272274,0.986248065809557,0.024,True
reconstruction_51177656,75336682,51177656,BP.CCRB.DP3,BP.CCRB.40.DP3,BP.CCRB..DP3,40,,CCRB,DP3,250.0,5.0-20.0Hz,5.0,20.0,1572.42563530698,647.0402335466022,0.991815479102808,0.02,True
reconstruction_51177656,75336682,51177656,BP.CCRB.DP3,BP.CCRB.40.DP3,BP.CCRB..DP3,40,,CCRB,DP3,250.0,10.0-40.0Hz,10.0,40.0,1833.8013481128764,1018.5867420674072,0.9893541610584975,0.02,True
reconstruction_51177656,75336682,51177656,BP.CCRB.DP3,BP.CCRB.40.DP3,BP.CCRB..DP3,40,,CCRB,DP3,250.0,2.0-40.0Hz,2.0,40.0,1122.41165344694,457.6973826491592,0.9847955619810709,0.02,True
reconstruction_51177656,75336682,51177656,BP.LCCB.DP1,BP.LCCB.40.DP1,BP.LCCB..DP1,40,,LCCB,DP1,250.0,2.0-10.0Hz,2.0,10.0,690.9008979365634,669.367020373861,0.9787462786400329,0.016,True
reconstruction_51177656,75336682,51177656,BP.LCCB.DP1,BP.LCCB.40.DP1,BP.LCCB..DP1,40,,LCCB,DP1,250.0,5.0-20.0Hz,5.0,20.0,1446.960050781072,1035.5639597950928,0.9820047611060096,0.012,True
reconstruction_51177656,75336682,51177656,BP.LCCB.DP1,BP.LCCB.40.DP1,BP.LCCB..DP1,40,,LCCB,DP1,250.0,10.0-40.0Hz,10.0,40.0,1117.897190606578,784.4723119774285,0.9880641666442622,0.012,True
reconstruction_51177656,75336682,51177656,BP.LCCB.DP1,BP.LCCB.40.DP1,BP.LCCB..DP1,40,,LCCB,DP1,250.0,2.0-40.0Hz,2.0,40.0,800.5611939215778,730.1990515504642,0.9725501620217983,0.012,True
reconstruction_51177656,75336682,51177656,BP.LCCB.DP2,BP.LCCB.40.DP2,BP.LCCB..DP2,40,,LCCB,DP2,250.0,2.0-10.0Hz,2.0,10.0,241.94870997644685,764.9540430438917,0.9957812993156359,0.0,True
reconstruction_51177656,75336682,51177656,BP.LCCB.DP2,BP.LCCB.40.DP2,BP.LCCB..DP2,40,,LCCB,DP2,250.0,5.0-20.0Hz,5.0,20.0,299.70580918181815,849.0528270149035,0.9872958432881396,0.0,True
reconstruction_51177656,75336682,51177656,BP.LCCB.DP2,BP.LCCB.40.DP2,BP.LCCB..DP2,40,,LCCB,DP2,250.0,10.0-40.0Hz,10.0,40.0,203.67826644732844,538.191063403631,0.9334756865465966,0.004,True
reconstruction_51177656,75336682,51177656,BP.LCCB.DP2,BP.LCCB.40.DP2,BP.LCCB..DP2,40,,LCCB,DP2,250.0,2.0-40.0Hz,2.0,40.0,221.8767390013183,654.405288295634,0.9571898720696069,0.0,True
reconstruction_51177656,75336682,51177656,BP.LCCB.DP3,BP.LCCB.40.DP3,BP.LCCB..DP3,40,,LCCB,DP3,250.0,2.0-10.0Hz,2.0,10.0,647.8554715109351,593.8251068808664,0.971520131453672,0.016,True
reconstruction_51177656,75336682,51177656,BP.LCCB.DP3,BP.LCCB.40.DP3,BP.LCCB..DP3,40,,LCCB,DP3,250.0,5.0-20.0Hz,5.0,20.0,1143.1740879362753,862.691199606342,0.9830581382327469,0.012,True
reconstruction_51177656,75336682,51177656,BP.LCCB.DP3,BP.LCCB.40.DP3,BP.LCCB..DP3,40,,LCCB,DP3,250.0,10.0-40.0Hz,10.0,40.0,1003.1124691936136,725.7835498081395,0.989725146365356,0.012,True
reconstruction_51177656,75336682,51177656,BP.LCCB.DP3,BP.LCCB.40.DP3,BP.LCCB..DP3,40,,LCCB,DP3,250.0,2.0-40.0Hz,2.0,40.0,724.2210061610293,647.4470275981307,0.9615225888987794,0.012,True
reconstruction_51177656,75336682,51177656,BP.SCYB.DP1,BP.SCYB.40.DP1,BP.SCYB..DP1,40,,SCYB,DP1,250.0,2.0-10.0Hz,2.0,10.0,1274.9982363575928,477.12436597399375,0.9720716358556603,0.028,True
reconstruction_51177656,75336682,51177656,BP.SCYB.DP1,BP.SCYB.40.DP1,BP.SCYB..DP1,40,,SCYB,DP1,250.0,5.0-20.0Hz,5.0,20.0,1619.1658500330348,720.6759112150012,0.9780454373680798,0.024,True
reconstruction_51177656,75336682,51177656,BP.SCYB.DP1,BP.SCYB.40.DP1,BP.SCYB..DP1,40,,SCYB,DP1,250.0,10.0-40.0Hz,10.0,40.0,1159.7939491218203,536.9330321942689,0.9917054514780496,0.02,True
reconstruction_51177656,75336682,51177656,BP.SCYB.DP1,BP.SCYB.40.DP1,BP.SCYB..DP1,40,,SCYB,DP1,250.0,2.0-40.0Hz,2.0,40.0,1281.1291244701883,505.49435085317214,0.9553173858178466,0.024,True
reconstruction_51177656,75336682,51177656,BP.SCYB.DP2,BP.SCYB.40.DP2,BP.SCYB..DP2,40,,SCYB,DP2,250.0,2.0-10.0Hz,2.0,10.0,1059.153984891933,492.7832048099011,0.9793860480893789,0.028,True
reconstruction_51177656,75336682,51177656,BP.SCYB.DP2,BP.SCYB.40.DP2,BP.SCYB..DP2,40,,SCYB,DP2,250.0,5.0-20.0Hz,5.0,20.0,1842.642945616688,558.5726262667672,0.9806497033707463,0.024,True
reconstruction_51177656,75336682,51177656,BP.SCYB.DP2,BP.SCYB.40.DP2,BP.SCYB..DP2,40,,SCYB,DP2,250.0,10.0-40.0Hz,10.0,40.0,978.5466261053829,381.7421503774063,0.9913742353477061,0.02,True
reconstruction_51177656,75336682,51177656,BP.SCYB.DP2,BP.SCYB.40.DP2,BP.SCYB..DP2,40,,SCYB,DP2,250.0,2.0-40.0Hz,2.0,40.0,1061.96349531387,467.0989257548572,0.9641454885199933,0.024,True
reconstruction_51177656,75336682,51177656,BP.SCYB.DP3,BP.SCYB.40.DP3,BP.SCYB..DP3,40,,SCYB,DP3,250.0,2.0-10.0Hz,2.0,10.0,983.1650582874873,406.3135508337913,0.9709253584253947,0.028,True
reconstruction_51177656,75336682,51177656,BP.SCYB.DP3,BP.SCYB.40.DP3,BP.SCYB..DP3,40,,SCYB,DP3,250.0,5.0-20.0Hz,5.0,20.0,1875.1691179412328,517.563426345216,0.9764285627111909,0.024,True
reconstruction_51177656,75336682,51177656,BP.SCYB.DP3,BP.SCYB.40.DP3,BP.SCYB..DP3,40,,SCYB,DP3,250.0,10.0-40.0Hz,10.0,40.0,980.5999046747992,365.1231510326849,0.9951977706388874,0.02,True
reconstruction_51177656,75336682,51177656,BP.SCYB.DP3,BP.SCYB.40.DP3,BP.SCYB..DP3,40,,SCYB,DP3,250.0,2.0-40.0Hz,2.0,40.0,1004.8347852994002,332.31379599928124,0.9521485806129176,0.024,True
reconstruction_40220017,75336682,40220017,BP.CCRB.DP1,BP.CCRB.40.DP1,BP.CCRB..DP1,40,,CCRB,DP1,250.0,2.0-10.0Hz,2.0,10.0,691.3230767469552,190.2155147617045,0.9910416763771254,0.012,True
reconstruction_40220017,75336682,40220017,BP.CCRB.DP1,BP.CCRB.40.DP1,BP.CCRB..DP1,40,,CCRB,DP1,250.0,5.0-20.0Hz,5.0,20.0,2716.944230232654,493.8662462569823,0.9948395106156515,0.008,True
reconstruction_40220017,75336682,40220017,BP.CCRB.DP1,BP.CCRB.40.DP1,BP.CCRB..DP1,40,,CCRB,DP1,250.0,10.0-40.0Hz,10.0,40.0,3802.5551128766233,681.6826997399206,0.9939278475705676,0.008,True
reconstruction_40220017,75336682,40220017,BP.CCRB.DP1,BP.CCRB.40.DP1,BP.CCRB..DP1,40,,CCRB,DP1,250.0,2.0-40.0Hz,2.0,40.0,1873.1209280535425,480.8443588661527,0.9916375608975211,0.008,True
reconstruction_40220017,75336682,40220017,BP.CCRB.DP2,BP.CCRB.40.DP2,BP.CCRB..DP2,40,,CCRB,DP2,250.0,2.0-10.0Hz,2.0,10.0,690.1857849055642,133.03387815130597,0.9858966830547021,0.012,True
reconstruction_40220017,75336682,40220017,BP.CCRB.DP2,BP.CCRB.40.DP2,BP.CCRB..DP2,40,,CCRB,DP2,250.0,5.0-20.0Hz,5.0,20.0,1454.2922874862616,248.64758498697844,0.9904683361939225,0.008,True
reconstruction_40220017,75336682,40220017,BP.CCRB.DP2,BP.CCRB.40.DP2,BP.CCRB..DP2,40,,CCRB,DP2,250.0,10.0-40.0Hz,10.0,40.0,1306.7237794477207,307.5293227439002,0.9879530568937083,0.008,True
reconstruction_40220017,75336682,40220017,BP.CCRB.DP2,BP.CCRB.40.DP2,BP.CCRB..DP2,40,,CCRB,DP2,250.0,2.0-40.0Hz,2.0,40.0,893.4849965063515,191.36791428409913,0.9828129861388493,0.008,True
reconstruction_40220017,75336682,40220017,BP.CCRB.DP3,BP.CCRB.40.DP3,BP.CCRB..DP3,40,,CCRB,DP3,250.0,2.0-10.0Hz,2.0,10.0,768.1813950694735,108.35242676132529,0.9866338093657157,0.012,True
reconstruction_40220017,75336682,40220017,BP.CCRB.DP3,BP.CCRB.40.DP3,BP.CCRB..DP3,40,,CCRB,DP3,250.0,5.0-20.0Hz,5.0,20.0,1572.42563530698,246.4755514405421,0.9917870896853727,0.008,True
reconstruction_40220017,75336682,40220017,BP.CCRB.DP3,BP.CCRB.40.DP3,BP.CCRB..DP3,40,,CCRB,DP3,250.0,10.0-40.0Hz,10.0,40.0,1833.8013481128764,387.163794449617,0.9892572902601678,0.008,True
reconstruction_40220017,75336682,40220017,BP.CCRB.DP3,BP.CCRB.40.DP3,BP.CCRB..DP3,40,,CCRB,DP3,250.0,2.0-40.0Hz,2.0,40.0,1122.41165344694,181.83349799486382,0.9841881116225282,0.008,True
reconstruction_40220017,75336682,40220017,BP.LCCB.DP1,BP.LCCB.40.DP1,BP.LCCB..DP1,40,,LCCB,DP1,250.0,2.0-10.0Hz,2.0,10.0,690.9008979365634,11.690742338498508,0.9721173858487828,0.0,True
reconstruction_40220017,75336682,40220017,BP.LCCB.DP1,BP.LCCB.40.DP1,BP.LCCB..DP1,40,,LCCB,DP1,250.0,5.0-20.0Hz,5.0,20.0,1446.960050781072,12.333158282931226,0.9863929763655659,0.0,True
reconstruction_40220017,75336682,40220017,BP.LCCB.DP1,BP.LCCB.40.DP1,BP.LCCB..DP1,40,,LCCB,DP1,250.0,10.0-40.0Hz,10.0,40.0,1117.897190606578,8.734809534822633,0.9827178910477465,0.0,True
reconstruction_40220017,75336682,40220017,BP.LCCB.DP1,BP.LCCB.40.DP1,BP.LCCB..DP1,40,,LCCB,DP1,250.0,2.0-40.0Hz,2.0,40.0,800.5611939215778,10.40988999534825,0.9753225028158078,0.0,True
reconstruction_40220017,75336682,40220017,BP.LCCB.DP2,BP.LCCB.40.DP2,BP.LCCB..DP2,40,,LCCB,DP2,250.0,2.0-10.0Hz,2.0,10.0,241.94870997644685,243.0983244831057,0.9952335495578483,-0.008,True
reconstruction_40220017,75336682,40220017,BP.LCCB.DP2,BP.LCCB.40.DP2,BP.LCCB..DP2,40,,LCCB,DP2,250.0,5.0-20.0Hz,5.0,20.0,299.70580918181815,232.08049141563916,0.9854553387980758,-0.004,True
reconstruction_40220017,75336682,40220017,BP.LCCB.DP2,BP.LCCB.40.DP2,BP.LCCB..DP2,40,,LCCB,DP2,250.0,10.0-40.0Hz,10.0,40.0,203.67826644732844,159.13283607308168,0.9610711546564642,-0.004,True
reconstruction_40220017,75336682,40220017,BP.LCCB.DP2,BP.LCCB.40.DP2,BP.LCCB..DP2,40,,LCCB,DP2,250.0,2.0-40.0Hz,2.0,40.0,221.8767390013183,188.22548526255198,0.974765809518044,-0.008,True
reconstruction_40220017,75336682,40220017,BP.LCCB.DP3,BP.LCCB.40.DP3,BP.LCCB..DP3,40,,LCCB,DP3,250.0,2.0-10.0Hz,2.0,10.0,647.8554715109351,205.7594404183524,0.9714871837731756,0.004,True
reconstruction_40220017,75336682,40220017,BP.LCCB.DP3,BP.LCCB.40.DP3,BP.LCCB..DP3,40,,LCCB,DP3,250.0,5.0-20.0Hz,5.0,20.0,1143.1740879362753,372.59400121777435,0.9848801936060492,0.0,True
reconstruction_40220017,75336682,40220017,BP.LCCB.DP3,BP.LCCB.40.DP3,BP.LCCB..DP3,40,,LCCB,DP3,250.0,10.0-40.0Hz,10.0,40.0,1003.1124691936136,359.42816668217773,0.9903230219386728,0.0,True
reconstruction_40220017,75336682,40220017,BP.LCCB.DP3,BP.LCCB.40.DP3,BP.LCCB..DP3,40,,LCCB,DP3,250.0,2.0-40.0Hz,2.0,40.0,724.2210061610293,251.46161776123043,0.9632982752265284,0.0,True
reconstruction_40220017,75336682,40220017,BP.SCYB.DP1,BP.SCYB.40.DP1,BP.SCYB..DP1,40,,SCYB,DP1,250.0,2.0-10.0Hz,2.0,10.0,1274.9982363575928,238.1503977955975,0.9735984561224921,0.016,True
reconstruction_40220017,75336682,40220017,BP.SCYB.DP1,BP.SCYB.40.DP1,BP.SCYB..DP1,40,,SCYB,DP1,250.0,5.0-20.0Hz,5.0,20.0,1619.1658500330348,365.4644213035569,0.9757552687762093,0.012,True
reconstruction_40220017,75336682,40220017,BP.SCYB.DP1,BP.SCYB.40.DP1,BP.SCYB..DP1,40,,SCYB,DP1,250.0,10.0-40.0Hz,10.0,40.0,1159.7939491218203,264.3244513279569,0.9916146583283273,0.008,True
reconstruction_40220017,75336682,40220017,BP.SCYB.DP1,BP.SCYB.40.DP1,BP.SCYB..DP1,40,,SCYB,DP1,250.0,2.0-40.0Hz,2.0,40.0,1281.1291244701883,256.1676666923099,0.954207030473385,0.012,True
reconstruction_40220017,75336682,40220017,BP.SCYB.DP2,BP.SCYB.40.DP2,BP.SCYB..DP2,40,,SCYB,DP2,250.0,2.0-10.0Hz,2.0,10.0,1059.153984891933,262.71168514381554,0.9798933655025654,0.016,True
reconstruction_40220017,75336682,40220017,BP.SCYB.DP2,BP.SCYB.40.DP2,BP.SCYB..DP2,40,,SCYB,DP2,250.0,5.0-20.0Hz,5.0,20.0,1842.642945616688,369.88367147651206,0.9802993593765266,0.012,True
reconstruction_40220017,75336682,40220017,BP.SCYB.DP2,BP.SCYB.40.DP2,BP.SCYB..DP2,40,,SCYB,DP2,250.0,10.0-40.0Hz,10.0,40.0,978.5466261053829,200.1970433677512,0.9910737758184958,0.008,True
reconstruction_40220017,75336682,40220017,BP.SCYB.DP2,BP.SCYB.40.DP2,BP.SCYB..DP2,40,,SCYB,DP2,250.0,2.0-40.0Hz,2.0,40.0,1061.96349531387,252.00145997740498,0.964357567923922,0.012,True
reconstruction_40220017,75336682,40220017,BP.SCYB.DP3,BP.SCYB.40.DP3,BP.SCYB..DP3,40,,SCYB,DP3,250.0,2.0-10.0Hz,2.0,10.0,983.1650582874873,151.4718290055639,0.9701624056814371,0.016,True
reconstruction_40220017,75336682,40220017,BP.SCYB.DP3,BP.SCYB.40.DP3,BP.SCYB..DP3,40,,SCYB,DP3,250.0,5.0-20.0Hz,5.0,20.0,1875.1691179412328,279.5979645245821,0.9763939980640486,0.008,True
reconstruction_40220017,75336682,40220017,BP.SCYB.DP3,BP.SCYB.40.DP3,BP.SCYB..DP3,40,,SCYB,DP3,250.0,10.0-40.0Hz,10.0,40.0,980.5999046747992,191.58580138980454,0.9946899191298538,0.008,True
reconstruction_40220017,75336682,40220017,BP.SCYB.DP3,BP.SCYB.40.DP3,BP.SCYB..DP3,40,,SCYB,DP3,250.0,2.0-40.0Hz,2.0,40.0,1004.8347852994002,164.03126203682604,0.9487487552505047,0.012,True
reconstruction_72359026,75336682,72359026,BP.LCCB.DP1,BP.LCCB.40.DP1,BP.LCCB.40.DP1,40,40,LCCB,DP1,250.0,2.0-10.0Hz,2.0,10.0,690.9008979365634,144.30519939242015,0.9718193102394929,0.028,True
reconstruction_72359026,75336682,72359026,BP.LCCB.DP1,BP.LCCB.40.DP1,BP.LCCB.40.DP1,40,40,LCCB,DP1,250.0,5.0-20.0Hz,5.0,20.0,1446.960050781072,116.79960642395586,0.987172575349335,0.028,True
reconstruction_72359026,75336682,72359026,BP.LCCB.DP1,BP.LCCB.40.DP1,BP.LCCB.40.DP1,40,40,LCCB,DP1,250.0,10.0-40.0Hz,10.0,40.0,1117.897190606578,48.054868990958056,0.9916113220961994,0.028,True
reconstruction_72359026,75336682,72359026,BP.LCCB.DP1,BP.LCCB.40.DP1,BP.LCCB.40.DP1,40,40,LCCB,DP1,250.0,2.0-40.0Hz,2.0,40.0,800.5611939215778,77.92925931112896,0.978257088248669,0.028,True
reconstruction_72359026,75336682,72359026,BP.LCCB.DP2,BP.LCCB.40.DP2,BP.LCCB.40.DP2,40,40,LCCB,DP2,250.0,2.0-10.0Hz,2.0,10.0,241.94870997644685,18.039683385308233,0.9912303241507718,0.028,True
reconstruction_72359026,75336682,72359026,BP.LCCB.DP2,BP.LCCB.40.DP2,BP.LCCB.40.DP2,40,40,LCCB,DP2,250.0,5.0-20.0Hz,5.0,20.0,299.70580918181815,16.284071843198152,0.9880767818185824,0.028,True
reconstruction_72359026,75336682,72359026,BP.LCCB.DP2,BP.LCCB.40.DP2,BP.LCCB.40.DP2,40,40,LCCB,DP2,250.0,10.0-40.0Hz,10.0,40.0,203.67826644732844,9.502071401472138,0.9781233792595232,0.028,True
reconstruction_72359026,75336682,72359026,BP.LCCB.DP2,BP.LCCB.40.DP2,BP.LCCB.40.DP2,40,40,LCCB,DP2,250.0,2.0-40.0Hz,2.0,40.0,221.8767390013183,11.627260615733112,0.9840329443576034,0.028,True
reconstruction_72359026,75336682,72359026,BP.LCCB.DP3,BP.LCCB.40.DP3,BP.LCCB.40.DP3,40,40,LCCB,DP3,250.0,2.0-10.0Hz,2.0,10.0,647.8554715109351,139.73969410475817,0.9846501199981813,0.028,True
reconstruction_72359026,75336682,72359026,BP.LCCB.DP3,BP.LCCB.40.DP3,BP.LCCB.40.DP3,40,40,LCCB,DP3,250.0,5.0-20.0Hz,5.0,20.0,1143.1740879362753,91.96752254135689,0.9854550709157096,0.028,True
reconstruction_72359026,75336682,72359026,BP.LCCB.DP3,BP.LCCB.40.DP3,BP.LCCB.40.DP3,40,40,LCCB,DP3,250.0,10.0-40.0Hz,10.0,40.0,1003.1124691936136,43.743895287550146,0.9900649973645897,0.028,True
reconstruction_72359026,75336682,72359026,BP.LCCB.DP3,BP.LCCB.40.DP3,BP.LCCB.40.DP3,40,40,LCCB,DP3,250.0,2.0-40.0Hz,2.0,40.0,724.2210061610293,74.51334957861764,0.985671195956259,0.028,True
reconstruction_72359026,75336682,72359026,BP.SCYB.DP1,BP.SCYB.40.DP1,BP.SCYB.40.DP1,40,40,SCYB,DP1,250.0,2.0-10.0Hz,2.0,10.0,1274.9982363575928,1172.4511618110148,0.9949619566929023,0.04,True
reconstruction_72359026,75336682,72359026,BP.SCYB.DP1,BP.SCYB.40.DP1,BP.SCYB.40.DP1,40,40,SCYB,DP1,250.0,5.0-20.0Hz,5.0,20.0,1619.1658500330348,1326.0586498136606,0.9954121628664913,0.04,True
reconstruction_72359026,75336682,72359026,BP.SCYB.DP1,BP.SCYB.40.DP1,BP.SCYB.40.DP1,40,40,SCYB,DP1,250.0,10.0-40.0Hz,10.0,40.0,1159.7939491218203,723.0585102047575,0.9933525300474146,0.04,True
reconstruction_72359026,75336682,72359026,BP.SCYB.DP1,BP.SCYB.40.DP1,BP.SCYB.40.DP1,40,40,SCYB,DP1,250.0,2.0-40.0Hz,2.0,40.0,1281.1291244701883,1042.0029576535512,0.9946451392058847,0.04,True
reconstruction_72359026,75336682,72359026,BP.SCYB.DP2,BP.SCYB.40.DP2,BP.SCYB.40.DP2,40,40,SCYB,DP2,250.0,2.0-10.0Hz,2.0,10.0,1059.153984891933,1013.9208429116369,0.9949673949413437,0.04,True
reconstruction_72359026,75336682,72359026,BP.SCYB.DP2,BP.SCYB.40.DP2,BP.SCYB.40.DP2,40,40,SCYB,DP2,250.0,5.0-20.0Hz,5.0,20.0,1842.642945616688,1151.9217487291608,0.9936556837384612,0.04,True
reconstruction_72359026,75336682,72359026,BP.SCYB.DP2,BP.SCYB.40.DP2,BP.SCYB.40.DP2,40,40,SCYB,DP2,250.0,10.0-40.0Hz,10.0,40.0,978.5466261053829,492.541363288504,0.9904708869957685,0.04,True
reconstruction_72359026,75336682,72359026,BP.SCYB.DP2,BP.SCYB.40.DP2,BP.SCYB.40.DP2,40,40,SCYB,DP2,250.0,2.0-40.0Hz,2.0,40.0,1061.96349531387,894.3301530408527,0.9945124421675824,0.04,True
reconstruction_72359026,75336682,72359026,BP.SCYB.DP3,BP.SCYB.40.DP3,BP.SCYB.40.DP3,40,40,SCYB,DP3,250.0,2.0-10.0Hz,2.0,10.0,983.1650582874873,809.0954847376594,0.9955688750047544,0.04,True
reconstruction_72359026,75336682,72359026,BP.SCYB.DP3,BP.SCYB.40.DP3,BP.SCYB.40.DP3,40,40,SCYB,DP3,250.0,5.0-20.0Hz,5.0,20.0,1875.1691179412328,1000.3592721639451,0.9929036102013301,0.04,True
reconstruction_72359026,75336682,72359026,BP.SCYB.DP3,BP.SCYB.40.DP3,BP.SCYB.40.DP3,40,40,SCYB,DP3,250.0,10.0-40.0Hz,10.0,40.0,980.5999046747992,596.0420344216835,0.991462962510723,0.04,True
reconstruction_72359026,75336682,72359026,BP.SCYB.DP3,BP.SCYB.40.DP3,BP.SCYB.40.DP3,40,40,SCYB,DP3,250.0,2.0-40.0Hz,2.0,40.0,1004.8347852994002,768.5881491464552,0.9946470927275645,0.04,True
reconstruction_21484860,75336682,21484860,BP.CCRB.DP1,BP.CCRB.40.DP1,BP.CCRB..DP1,40,,CCRB,DP1,250.0,2.0-10.0Hz,2.0,10.0,691.3230767469552,94.47200301608333,0.9917685960252773,0.016,True
reconstruction_21484860,75336682,21484860,BP.CCRB.DP1,BP.CCRB.40.DP1,BP.CCRB..DP1,40,,CCRB,DP1,250.0,5.0-20.0Hz,5.0,20.0,2716.944230232654,318.484498843273,0.9904939904745141,0.012,True
reconstruction_21484860,75336682,21484860,BP.CCRB.DP1,BP.CCRB.40.DP1,BP.CCRB..DP1,40,,CCRB,DP1,250.0,10.0-40.0Hz,10.0,40.0,3802.5551128766233,453.3318098807408,0.9902762754275868,0.012,True
reconstruction_21484860,75336682,21484860,BP.CCRB.DP1,BP.CCRB.40.DP1,BP.CCRB..DP1,40,,CCRB,DP1,250.0,2.0-40.0Hz,2.0,40.0,1873.1209280535425,256.85219503141053,0.9891329339682668,0.012,True
reconstruction_21484860,75336682,21484860,BP.CCRB.DP2,BP.CCRB.40.DP2,BP.CCRB..DP2,40,,CCRB,DP2,250.0,2.0-10.0Hz,2.0,10.0,690.1857849055642,120.25843454300404,0.982980094637354,0.016,True
reconstruction_21484860,75336682,21484860,BP.CCRB.DP2,BP.CCRB.40.DP2,BP.CCRB..DP2,40,,CCRB,DP2,250.0,5.0-20.0Hz,5.0,20.0,1454.2922874862616,199.61262857787906,0.9844051605021332,0.012,True
reconstruction_21484860,75336682,21484860,BP.CCRB.DP2,BP.CCRB.40.DP2,BP.CCRB..DP2,40,,CCRB,DP2,250.0,10.0-40.0Hz,10.0,40.0,1306.7237794477207,164.7540147143796,0.9784880370872001,0.012,True
reconstruction_21484860,75336682,21484860,BP.CCRB.DP2,BP.CCRB.40.DP2,BP.CCRB..DP2,40,,CCRB,DP2,250.0,2.0-40.0Hz,2.0,40.0,893.4849965063515,144.82106474578086,0.9785378955644172,0.012,True
reconstruction_21484860,75336682,21484860,BP.CCRB.DP3,BP.CCRB.40.DP3,BP.CCRB..DP3,40,,CCRB,DP3,250.0,2.0-10.0Hz,2.0,10.0,768.1813950694735,104.24174051600767,0.987269415519617,0.016,True
reconstruction_21484860,75336682,21484860,BP.CCRB.DP3,BP.CCRB.40.DP3,BP.CCRB..DP3,40,,CCRB,DP3,250.0,5.0-20.0Hz,5.0,20.0,1572.42563530698,263.1741627092716,0.9878308301882109,0.012,True
reconstruction_21484860,75336682,21484860,BP.CCRB.DP3,BP.CCRB.40.DP3,BP.CCRB..DP3,40,,CCRB,DP3,250.0,10.0-40.0Hz,10.0,40.0,1833.8013481128764,282.7068971681536,0.9891729951423541,0.012,True
reconstruction_21484860,75336682,21484860,BP.CCRB.DP3,BP.CCRB.40.DP3,BP.CCRB..DP3,40,,CCRB,DP3,250.0,2.0-40.0Hz,2.0,40.0,1122.41165344694,163.32518919169033,0.9849002128249873,0.012,True
reconstruction_21484860,75336682,21484860,BP.LCCB.DP1,BP.LCCB.40.DP1,BP.LCCB..DP1,40,,LCCB,DP1,250.0,2.0-10.0Hz,2.0,10.0,690.9008979365634,165.91968848967707,0.9782536636194811,0.008,True
reconstruction_21484860,75336682,21484860,BP.LCCB.DP1,BP.LCCB.40.DP1,BP.LCCB..DP1,40,,LCCB,DP1,250.0,5.0-20.0Hz,5.0,20.0,1446.960050781072,214.65968782432327,0.9827622078858393,0.004,True
reconstruction_21484860,75336682,21484860,BP.LCCB.DP1,BP.LCCB.40.DP1,BP.LCCB..DP1,40,,LCCB,DP1,250.0,10.0-40.0Hz,10.0,40.0,1117.897190606578,113.32223676520744,0.9882975408124849,0.004,True
reconstruction_21484860,75336682,21484860,BP.LCCB.DP1,BP.LCCB.40.DP1,BP.LCCB..DP1,40,,LCCB,DP1,250.0,2.0-40.0Hz,2.0,40.0,800.5611939215778,144.42079925017796,0.976388357329503,0.004,True
reconstruction_21484860,75336682,21484860,BP.LCCB.DP2,BP.LCCB.40.DP2,BP.LCCB..DP2,40,,LCCB,DP2,250.0,2.0-10.0Hz,2.0,10.0,241.94870997644685,221.395109106772,0.9904664507111139,-0.012,True
reconstruction_21484860,75336682,21484860,BP.LCCB.DP2,BP.LCCB.40.DP2,BP.LCCB..DP2,40,,LCCB,DP2,250.0,5.0-20.0Hz,5.0,20.0,299.70580918181815,247.28399765884492,0.9640825963538382,-0.008,True
reconstruction_21484860,75336682,21484860,BP.LCCB.DP2,BP.LCCB.40.DP2,BP.LCCB..DP2,40,,LCCB,DP2,250.0,10.0-40.0Hz,10.0,40.0,203.67826644732844,122.68319145619309,0.8736187425873373,-0.008,True
reconstruction_21484860,75336682,21484860,BP.LCCB.DP2,BP.LCCB.40.DP2,BP.LCCB..DP2,40,,LCCB,DP2,250.0,2.0-40.0Hz,2.0,40.0,221.8767390013183,170.35293366621565,0.9100424649542748,-0.008,True
reconstruction_21484860,75336682,21484860,BP.LCCB.DP3,BP.LCCB.40.DP3,BP.LCCB..DP3,40,,LCCB,DP3,250.0,2.0-10.0Hz,2.0,10.0,647.8554715109351,169.93178405157667,0.9742276351484803,0.008,True
reconstruction_21484860,75336682,21484860,BP.LCCB.DP3,BP.LCCB.40.DP3,BP.LCCB..DP3,40,,LCCB,DP3,250.0,5.0-20.0Hz,5.0,20.0,1143.1740879362753,235.79697834277732,0.9834979527227652,0.004,True
reconstruction_21484860,75336682,21484860,BP.LCCB.DP3,BP.LCCB.40.DP3,BP.LCCB..DP3,40,,LCCB,DP3,250.0,10.0-40.0Hz,10.0,40.0,1003.1124691936136,140.92234999850288,0.9879253931071873,0.004,True
reconstruction_21484860,75336682,21484860,BP.LCCB.DP3,BP.LCCB.40.DP3,BP.LCCB..DP3,40,,LCCB,DP3,250.0,2.0-40.0Hz,2.0,40.0,724.2210061610293,161.53662020047568,0.9688588145136662,0.004,True
reconstruction_21484860,75336682,21484860,BP.SCYB.DP1,BP.SCYB.40.DP1,BP.SCYB..DP1,40,,SCYB,DP1,250.0,2.0-10.0Hz,2.0,10.0,1274.9982363575928,135.91331249553764,0.9744344511085793,0.016,True
reconstruction_21484860,75336682,21484860,BP.SCYB.DP1,BP.SCYB.40.DP1,BP.SCYB..DP1,40,,SCYB,DP1,250.0,5.0-20.0Hz,5.0,20.0,1619.1658500330348,205.70275972214964,0.9802393583569967,0.016,True
reconstruction_21484860,75336682,21484860,BP.SCYB.DP1,BP.SCYB.40.DP1,BP.SCYB..DP1,40,,SCYB,DP1,250.0,10.0-40.0Hz,10.0,40.0,1159.7939491218203,126.27512215526401,0.9829992596352936,0.012,True
reconstruction_21484860,75336682,21484860,BP.SCYB.DP1,BP.SCYB.40.DP1,BP.SCYB..DP1,40,,SCYB,DP1,250.0,2.0-40.0Hz,2.0,40.0,1281.1291244701883,138.80573304900796,0.9631879124287044,0.016,True
reconstruction_21484860,75336682,21484860,BP.SCYB.DP2,BP.SCYB.40.DP2,BP.SCYB..DP2,40,,SCYB,DP2,250.0,2.0-10.0Hz,2.0,10.0,1059.153984891933,169.49268292773434,0.9817112858735559,0.02,True
reconstruction_21484860,75336682,21484860,BP.SCYB.DP2,BP.SCYB.40.DP2,BP.SCYB..DP2,40,,SCYB,DP2,250.0,5.0-20.0Hz,5.0,20.0,1842.642945616688,213.17104897008898,0.9828859497635642,0.016,True
reconstruction_21484860,75336682,21484860,BP.SCYB.DP2,BP.SCYB.40.DP2,BP.SCYB..DP2,40,,SCYB,DP2,250.0,10.0-40.0Hz,10.0,40.0,978.5466261053829,88.54671256116343,0.9796318419033543,0.012,True
reconstruction_21484860,75336682,21484860,BP.SCYB.DP2,BP.SCYB.40.DP2,BP.SCYB..DP2,40,,SCYB,DP2,250.0,2.0-40.0Hz,2.0,40.0,1061.96349531387,146.74826845232042,0.9712946616673688,0.016,True
reconstruction_21484860,75336682,21484860,BP.SCYB.DP3,BP.SCYB.40.DP3,BP.SCYB..DP3,40,,SCYB,DP3,250.0,2.0-10.0Hz,2.0,10.0,983.1650582874873,87.54180507923033,0.9716374523329697,0.02,True
reconstruction_21484860,75336682,21484860,BP.SCYB.DP3,BP.SCYB.40.DP3,BP.SCYB..DP3,40,,SCYB,DP3,250.0,5.0-20.0Hz,5.0,20.0,1875.1691179412328,127.33374862661441,0.9763599478813164,0.016,True
reconstruction_21484860,75336682,21484860,BP.SCYB.DP3,BP.SCYB.40.DP3,BP.SCYB..DP3,40,,SCYB,DP3,250.0,10.0-40.0Hz,10.0,40.0,980.5999046747992,78.00387833550988,0.9901940852148393,0.012,True
reconstruction_21484860,75336682,21484860,BP.SCYB.DP3,BP.SCYB.40.DP3,BP.SCYB..DP3,40,,SCYB,DP3,250.0,2.0-40.0Hz,2.0,40.0,1004.8347852994002,85.64545404598675,0.958594620364073,0.016,True
reconstruction_51193792,75336682,51193792,BP.CCRB.DP1,BP.CCRB.40.DP1,BP.CCRB..DP1,40,,CCRB,DP1,250.0,2.0-10.0Hz,2.0,10.0,691.3230767469552,204.2628962918262,0.9883124084865901,0.024,True
reconstruction_51193792,75336682,51193792,BP.CCRB.DP1,BP.CCRB.40.DP1,BP.CCRB..DP1,40,,CCRB,DP1,250.0,5.0-20.0Hz,5.0,20.0,2716.944230232654,937.8318064735587,0.9878252440183243,0.02,True
reconstruction_51193792,75336682,51193792,BP.CCRB.DP1,BP.CCRB.40.DP1,BP.CCRB..DP1,40,,CCRB,DP1,250.0,10.0-40.0Hz,10.0,40.0,3802.5551128766233,1872.82926613216,0.9740115698729364,0.02,True
reconstruction_51193792,75336682,51193792,BP.CCRB.DP1,BP.CCRB.40.DP1,BP.CCRB..DP1,40,,CCRB,DP1,250.0,2.0-40.0Hz,2.0,40.0,1873.1209280535425,687.8956858717959,0.9747329342726477,0.02,True
reconstruction_51193792,75336682,51193792,BP.CCRB.DP2,BP.CCRB.40.DP2,BP.CCRB..DP2,40,,CCRB,DP2,250.0,2.0-10.0Hz,2.0,10.0,690.1857849055642,91.5288766319301,0.9840396927645712,0.024,True
reconstruction_51193792,75336682,51193792,BP.CCRB.DP2,BP.CCRB.40.DP2,BP.CCRB..DP2,40,,CCRB,DP2,250.0,5.0-20.0Hz,5.0,20.0,1454.2922874862616,570.0889270518162,0.9878268618981195,0.02,True
reconstruction_51193792,75336682,51193792,BP.CCRB.DP2,BP.CCRB.40.DP2,BP.CCRB..DP2,40,,CCRB,DP2,250.0,10.0-40.0Hz,10.0,40.0,1306.7237794477207,689.7097530090726,0.9716009067652601,0.02,True
reconstruction_51193792,75336682,51193792,BP.CCRB.DP2,BP.CCRB.40.DP2,BP.CCRB..DP2,40,,CCRB,DP2,250.0,2.0-40.0Hz,2.0,40.0,893.4849965063515,152.52607107728124,0.9754486192698374,0.02,True
reconstruction_51193792,75336682,51193792,BP.CCRB.DP3,BP.CCRB.40.DP3,BP.CCRB..DP3,40,,CCRB,DP3,250.0,2.0-10.0Hz,2.0,10.0,768.1813950694735,51.655659667008514,0.9822493449260494,0.02,True
reconstruction_51193792,75336682,51193792,BP.CCRB.DP3,BP.CCRB.40.DP3,BP.CCRB..DP3,40,,CCRB,DP3,250.0,5.0-20.0Hz,5.0,20.0,1572.42563530698,556.7056334544636,0.9863651213498169,0.02,True
reconstruction_51193792,75336682,51193792,BP.CCRB.DP3,BP.CCRB.40.DP3,BP.CCRB..DP3,40,,CCRB,DP3,250.0,10.0-40.0Hz,10.0,40.0,1833.8013481128764,946.0116676547557,0.9668558107644569,0.02,True
reconstruction_51193792,75336682,51193792,BP.CCRB.DP3,BP.CCRB.40.DP3,BP.CCRB..DP3,40,,CCRB,DP3,250.0,2.0-40.0Hz,2.0,40.0,1122.41165344694,100.84101645639016,0.9714004003067841,0.02,True
reconstruction_51193792,75336682,51193792,BP.LCCB.DP1,BP.LCCB.40.DP1,BP.LCCB..DP1,40,,LCCB,DP1,250.0,2.0-10.0Hz,2.0,10.0,690.9008979365634,473.39080320579484,0.9683355675854516,0.016,True
reconstruction_51193792,75336682,51193792,BP.LCCB.DP1,BP.LCCB.40.DP1,BP.LCCB..DP1,40,,LCCB,DP1,250.0,5.0-20.0Hz,5.0,20.0,1446.960050781072,800.0982995144836,0.9796231737903006,0.012,True
reconstruction_51193792,75336682,51193792,BP.LCCB.DP1,BP.LCCB.40.DP1,BP.LCCB..DP1,40,,LCCB,DP1,250.0,10.0-40.0Hz,10.0,40.0,1117.897190606578,710.4041139300454,0.9768060853321446,0.012,True
reconstruction_51193792,75336682,51193792,BP.LCCB.DP1,BP.LCCB.40.DP1,BP.LCCB..DP1,40,,LCCB,DP1,250.0,2.0-40.0Hz,2.0,40.0,800.5611939215778,561.2898309070978,0.9664439410824023,0.012,True
reconstruction_51193792,75336682,51193792,BP.LCCB.DP2,BP.LCCB.40.DP2,BP.LCCB..DP2,40,,LCCB,DP2,250.0,2.0-10.0Hz,2.0,10.0,241.94870997644685,366.167550643265,0.9944947873549672,0.004,True
reconstruction_51193792,75336682,51193792,BP.LCCB.DP2,BP.LCCB.40.DP2,BP.LCCB..DP2,40,,LCCB,DP2,250.0,5.0-20.0Hz,5.0,20.0,299.70580918181815,490.5231965634532,0.9935549129201794,0.004,True
reconstruction_51193792,75336682,51193792,BP.LCCB.DP2,BP.LCCB.40.DP2,BP.LCCB..DP2,40,,LCCB,DP2,250.0,10.0-40.0Hz,10.0,40.0,203.67826644732844,312.4724489423514,0.9851449409876157,0.004,True
reconstruction_51193792,75336682,51193792,BP.LCCB.DP2,BP.LCCB.40.DP2,BP.LCCB..DP2,40,,LCCB,DP2,250.0,2.0-40.0Hz,2.0,40.0,221.8767390013183,343.861272524538,0.9889180584891469,0.004,True
reconstruction_51193792,75336682,51193792,BP.LCCB.DP3,BP.LCCB.40.DP3,BP.LCCB..DP3,40,,LCCB,DP3,250.0,2.0-10.0Hz,2.0,10.0,647.8554715109351,372.2934271635719,0.9651691136886391,0.016,True
reconstruction_51193792,75336682,51193792,BP.LCCB.DP3,BP.LCCB.40.DP3,BP.LCCB..DP3,40,,LCCB,DP3,250.0,5.0-20.0Hz,5.0,20.0,1143.1740879362753,699.8148847326489,0.9796308379890115,0.012,True
reconstruction_51193792,75336682,51193792,BP.LCCB.DP3,BP.LCCB.40.DP3,BP.LCCB..DP3,40,,LCCB,DP3,250.0,10.0-40.0Hz,10.0,40.0,1003.1124691936136,632.5655154761496,0.9774530418678626,0.012,True
reconstruction_51193792,75336682,51193792,BP.LCCB.DP3,BP.LCCB.40.DP3,BP.LCCB..DP3,40,,LCCB,DP3,250.0,2.0-40.0Hz,2.0,40.0,724.2210061610293,447.9429628809533,0.9556253540667334,0.012,True
reconstruction_51193792,75336682,51193792,BP.SCYB.DP1,BP.SCYB.40.DP1,BP.SCYB..DP1,40,,SCYB,DP1,250.0,2.0-10.0Hz,2.0,10.0,1274.9982363575928,497.52817239557083,0.9711714023207833,0.024,True
reconstruction_51193792,75336682,51193792,BP.SCYB.DP1,BP.SCYB.40.DP1,BP.SCYB..DP1,40,,SCYB,DP1,250.0,5.0-20.0Hz,5.0,20.0,1619.1658500330348,807.3311104753107,0.9801524172382817,0.02,True
reconstruction_51193792,75336682,51193792,BP.SCYB.DP1,BP.SCYB.40.DP1,BP.SCYB..DP1,40,,SCYB,DP1,250.0,10.0-40.0Hz,10.0,40.0,1159.7939491218203,490.51642698412337,0.9918750296737208,0.02,True
reconstruction_51193792,75336682,51193792,BP.SCYB.DP1,BP.SCYB.40.DP1,BP.SCYB..DP1,40,,SCYB,DP1,250.0,2.0-40.0Hz,2.0,40.0,1281.1291244701883,524.4575789695427,0.9550595232156656,0.02,True
reconstruction_51193792,75336682,51193792,BP.SCYB.DP2,BP.SCYB.40.DP2,BP.SCYB..DP2,40,,SCYB,DP2,250.0,2.0-10.0Hz,2.0,10.0,1059.153984891933,477.25782705222485,0.975881308493022,0.028,True
reconstruction_51193792,75336682,51193792,BP.SCYB.DP2,BP.SCYB.40.DP2,BP.SCYB..DP2,40,,SCYB,DP2,250.0,5.0-20.0Hz,5.0,20.0,1842.642945616688,786.6856198089554,0.9741668715455043,0.024,True
reconstruction_51193792,75336682,51193792,BP.SCYB.DP2,BP.SCYB.40.DP2,BP.SCYB..DP2,40,,SCYB,DP2,250.0,10.0-40.0Hz,10.0,40.0,978.5466261053829,389.51653958626633,0.9905195453994929,0.02,True
reconstruction_51193792,75336682,51193792,BP.SCYB.DP2,BP.SCYB.40.DP2,BP.SCYB..DP2,40,,SCYB,DP2,250.0,2.0-40.0Hz,2.0,40.0,1061.96349531387,474.9643817090206,0.9590404691608372,0.024,True
reconstruction_51193792,75336682,51193792,BP.SCYB.DP3,BP.SCYB.40.DP3,BP.SCYB..DP3,40,,SCYB,DP3,250.0,2.0-10.0Hz,2.0,10.0,983.1650582874873,335.15725334035204,0.9686426223724168,0.024,True
reconstruction_51193792,75336682,51193792,BP.SCYB.DP3,BP.SCYB.40.DP3,BP.SCYB..DP3,40,,SCYB,DP3,250.0,5.0-20.0Hz,5.0,20.0,1875.1691179412328,583.1664163735493,0.9786126537780756,0.02,True
reconstruction_51193792,75336682,51193792,BP.SCYB.DP3,BP.SCYB.40.DP3,BP.SCYB..DP3,40,,SCYB,DP3,250.0,10.0-40.0Hz,10.0,40.0,980.5999046747992,379.813203901564,0.9925815724350585,0.02,True
reconstruction_51193792,75336682,51193792,BP.SCYB.DP3,BP.SCYB.40.DP3,BP.SCYB..DP3,40,,SCYB,DP3,250.0,2.0-40.0Hz,2.0,40.0,1004.8347852994002,356.19028399454845,0.9503387143396371,0.02,True
reconstruction_72753200,75336682,72753200,BP.CCRB.DP1,BP.CCRB.40.DP1,BP.CCRB.40.DP1,40,40,CCRB,DP1,250.0,2.0-10.0Hz,2.0,10.0,691.3230767469552,437.2268311362875,0.9934694971375607,0.012,True
reconstruction_72753200,75336682,72753200,BP.CCRB.DP1,BP.CCRB.40.DP1,BP.CCRB.40.DP1,40,40,CCRB,DP1,250.0,5.0-20.0Hz,5.0,20.0,2716.944230232654,2634.5986330502033,0.982565199063249,0.008,True
reconstruction_72753200,75336682,72753200,BP.CCRB.DP1,BP.CCRB.40.DP1,BP.CCRB.40.DP1,40,40,CCRB,DP1,250.0,10.0-40.0Hz,10.0,40.0,3802.5551128766233,3474.7428152901557,0.9731096090315654,0.008,True
reconstruction_72753200,75336682,72753200,BP.CCRB.DP1,BP.CCRB.40.DP1,BP.CCRB.40.DP1,40,40,CCRB,DP1,250.0,2.0-40.0Hz,2.0,40.0,1873.1209280535425,1296.4751694810138,0.9756558402592181,0.008,True
reconstruction_72753200,75336682,72753200,BP.CCRB.DP2,BP.CCRB.40.DP2,BP.CCRB.40.DP2,40,40,CCRB,DP2,250.0,2.0-10.0Hz,2.0,10.0,690.1857849055642,613.2412996829986,0.9918347147392536,0.012,True
reconstruction_72753200,75336682,72753200,BP.CCRB.DP2,BP.CCRB.40.DP2,BP.CCRB.40.DP2,40,40,CCRB,DP2,250.0,5.0-20.0Hz,5.0,20.0,1454.2922874862616,1356.2843124023414,0.986030461440442,0.008,True
reconstruction_72753200,75336682,72753200,BP.CCRB.DP2,BP.CCRB.40.DP2,BP.CCRB.40.DP2,40,40,CCRB,DP2,250.0,10.0-40.0Hz,10.0,40.0,1306.7237794477207,1186.3537256754407,0.9744132372605565,0.008,True
reconstruction_72753200,75336682,72753200,BP.CCRB.DP2,BP.CCRB.40.DP2,BP.CCRB.40.DP2,40,40,CCRB,DP2,250.0,2.0-40.0Hz,2.0,40.0,893.4849965063515,822.6791243249904,0.9826114782817028,0.008,True
reconstruction_72753200,75336682,72753200,BP.CCRB.DP3,BP.CCRB.40.DP3,BP.CCRB.40.DP3,40,40,CCRB,DP3,250.0,2.0-10.0Hz,2.0,10.0,768.1813950694735,708.002662187562,0.9910056381689072,0.008,True
reconstruction_72753200,75336682,72753200,BP.CCRB.DP3,BP.CCRB.40.DP3,BP.CCRB.40.DP3,40,40,CCRB,DP3,250.0,5.0-20.0Hz,5.0,20.0,1572.42563530698,1427.428912547587,0.9829327144513246,0.008,True
reconstruction_72753200,75336682,72753200,BP.CCRB.DP3,BP.CCRB.40.DP3,BP.CCRB.40.DP3,40,40,CCRB,DP3,250.0,10.0-40.0Hz,10.0,40.0,1833.8013481128764,1779.3878000386856,0.9712338882620607,0.008,True
reconstruction_72753200,75336682,72753200,BP.CCRB.DP3,BP.CCRB.40.DP3,BP.CCRB.40.DP3,40,40,CCRB,DP3,250.0,2.0-40.0Hz,2.0,40.0,1122.41165344694,1080.9562614280244,0.9791296942994823,0.008,True
reconstruction_72753200,75336682,72753200,BP.LCCB.DP1,BP.LCCB.40.DP1,BP.LCCB.40.DP1,40,40,LCCB,DP1,250.0,2.0-10.0Hz,2.0,10.0,690.9008979365634,933.1156390524951,0.9796741434916295,0.0,True
reconstruction_72753200,75336682,72753200,BP.LCCB.DP1,BP.LCCB.40.DP1,BP.LCCB.40.DP1,40,40,LCCB,DP1,250.0,5.0-20.0Hz,5.0,20.0,1446.960050781072,1849.921354386911,0.9871340221754532,0.0,True
reconstruction_72753200,75336682,72753200,BP.LCCB.DP1,BP.LCCB.40.DP1,BP.LCCB.40.DP1,40,40,LCCB,DP1,250.0,10.0-40.0Hz,10.0,40.0,1117.897190606578,1270.0758212636676,0.9808692120136507,0.0,True
reconstruction_72753200,75336682,72753200,BP.LCCB.DP1,BP.LCCB.40.DP1,BP.LCCB.40.DP1,40,40,LCCB,DP1,250.0,2.0-40.0Hz,2.0,40.0,800.5611939215778,1033.283846310996,0.9805882119476182,0.0,True
reconstruction_72753200,75336682,72753200,BP.LCCB.DP2,BP.LCCB.40.DP2,BP.LCCB.40.DP2,40,40,LCCB,DP2,250.0,2.0-10.0Hz,2.0,10.0,241.94870997644685,157.4429543885274,0.9941152402343089,0.0,True
reconstruction_72753200,75336682,72753200,BP.LCCB.DP2,BP.LCCB.40.DP2,BP.LCCB.40.DP2,40,40,LCCB,DP2,250.0,5.0-20.0Hz,5.0,20.0,299.70580918181815,160.77601523465103,0.9899543953794454,0.0,True
reconstruction_72753200,75336682,72753200,BP.LCCB.DP2,BP.LCCB.40.DP2,BP.LCCB.40.DP2,40,40,LCCB,DP2,250.0,10.0-40.0Hz,10.0,40.0,203.67826644732844,128.85436662308163,0.9830773348242212,0.0,True
reconstruction_72753200,75336682,72753200,BP.LCCB.DP2,BP.LCCB.40.DP2,BP.LCCB.40.DP2,40,40,LCCB,DP2,250.0,2.0-40.0Hz,2.0,40.0,221.8767390013183,138.56164418234806,0.9879261652334421,0.0,True
reconstruction_72753200,75336682,72753200,BP.LCCB.DP3,BP.LCCB.40.DP3,BP.LCCB.40.DP3,40,40,LCCB,DP3,250.0,2.0-10.0Hz,2.0,10.0,647.8554715109351,1037.3489174289627,0.9870637948684148,0.0,True
reconstruction_72753200,75336682,72753200,BP.LCCB.DP3,BP.LCCB.40.DP3,BP.LCCB.40.DP3,40,40,LCCB,DP3,250.0,5.0-20.0Hz,5.0,20.0,1143.1740879362753,1609.7057751324644,0.9840207348169849,0.0,True
reconstruction_72753200,75336682,72753200,BP.LCCB.DP3,BP.LCCB.40.DP3,BP.LCCB.40.DP3,40,40,LCCB,DP3,250.0,10.0-40.0Hz,10.0,40.0,1003.1124691936136,1159.73044588053,0.9800276520588281,0.0,True
reconstruction_72753200,75336682,72753200,BP.LCCB.DP3,BP.LCCB.40.DP3,BP.LCCB.40.DP3,40,40,LCCB,DP3,250.0,2.0-40.0Hz,2.0,40.0,724.2210061610293,1095.909713863002,0.985026037853609,0.0,True
reconstruction_72753200,75336682,72753200,BP.SCYB.DP1,BP.SCYB.40.DP1,BP.SCYB.40.DP1,40,40,SCYB,DP1,250.0,2.0-10.0Hz,2.0,10.0,1274.9982363575928,1498.7019841633596,0.9950168048207104,0.012,True
reconstruction_72753200,75336682,72753200,BP.SCYB.DP1,BP.SCYB.40.DP1,BP.SCYB.40.DP1,40,40,SCYB,DP1,250.0,5.0-20.0Hz,5.0,20.0,1619.1658500330348,1812.5290055596652,0.9928080867305246,0.012,True
reconstruction_72753200,75336682,72753200,BP.SCYB.DP1,BP.SCYB.40.DP1,BP.SCYB.40.DP1,40,40,SCYB,DP1,250.0,10.0-40.0Hz,10.0,40.0,1159.7939491218203,939.3583985303545,0.9879337774618384,0.012,True
reconstruction_72753200,75336682,72753200,BP.SCYB.DP1,BP.SCYB.40.DP1,BP.SCYB.40.DP1,40,40,SCYB,DP1,250.0,2.0-40.0Hz,2.0,40.0,1281.1291244701883,1291.406137262033,0.9933843010063296,0.012,True
reconstruction_72753200,75336682,72753200,BP.SCYB.DP2,BP.SCYB.40.DP2,BP.SCYB.40.DP2,40,40,SCYB,DP2,250.0,2.0-10.0Hz,2.0,10.0,1059.153984891933,1189.33934787785,0.995159912333206,0.012,True
reconstruction_72753200,75336682,72753200,BP.SCYB.DP2,BP.SCYB.40.DP2,BP.SCYB.40.DP2,40,40,SCYB,DP2,250.0,5.0-20.0Hz,5.0,20.0,1842.642945616688,1565.3428749681475,0.9922524731109886,0.012,True
reconstruction_72753200,75336682,72753200,BP.SCYB.DP2,BP.SCYB.40.DP2,BP.SCYB.40.DP2,40,40,SCYB,DP2,250.0,10.0-40.0Hz,10.0,40.0,978.5466261053829,671.7708840851988,0.9865689465528548,0.012,True
reconstruction_72753200,75336682,72753200,BP.SCYB.DP2,BP.SCYB.40.DP2,BP.SCYB.40.DP2,40,40,SCYB,DP2,250.0,2.0-40.0Hz,2.0,40.0,1061.96349531387,1101.9042313003797,0.9942100932249068,0.012,True
reconstruction_72753200,75336682,72753200,BP.SCYB.DP3,BP.SCYB.40.DP3,BP.SCYB.40.DP3,40,40,SCYB,DP3,250.0,2.0-10.0Hz,2.0,10.0,983.1650582874873,1266.7565644255008,0.995139471832808,0.012,True
reconstruction_72753200,75336682,72753200,BP.SCYB.DP3,BP.SCYB.40.DP3,BP.SCYB.40.DP3,40,40,SCYB,DP3,250.0,5.0-20.0Hz,5.0,20.0,1875.1691179412328,1521.2459010310672,0.9904243520431331,0.012,True
reconstruction_72753200,75336682,72753200,BP.SCYB.DP3,BP.SCYB.40.DP3,BP.SCYB.40.DP3,40,40,SCYB,DP3,250.0,10.0-40.0Hz,10.0,40.0,980.5999046747992,795.743078710277,0.9862869476093359,0.012,True
reconstruction_72753200,75336682,72753200,BP.SCYB.DP3,BP.SCYB.40.DP3,BP.SCYB.40.DP3,40,40,SCYB,DP3,250.0,2.0-40.0Hz,2.0,40.0,1004.8347852994002,1148.6763202882883,0.9935083601805039,0.012,True
reconstruction_71412741,75336682,71412741,BP.CCRB.DP1,BP.CCRB.40.DP1,BP.CCRB..DP1,40,,CCRB,DP1,250.0,2.0-10.0Hz,2.0,10.0,691.3230767469552,60.864035713155566,0.9874564814972079,0.016,True
reconstruction_71412741,75336682,71412741,BP.CCRB.DP1,BP.CCRB.40.DP1,BP.CCRB..DP1,40,,CCRB,DP1,250.0,5.0-20.0Hz,5.0,20.0,2716.944230232654,195.54123736203962,0.9803493708486595,0.012,True
reconstruction_71412741,75336682,71412741,BP.CCRB.DP1,BP.CCRB.40.DP1,BP.CCRB..DP1,40,,CCRB,DP1,250.0,10.0-40.0Hz,10.0,40.0,3802.5551128766233,369.5366300567874,0.9845682603795172,0.012,True
reconstruction_71412741,75336682,71412741,BP.CCRB.DP1,BP.CCRB.40.DP1,BP.CCRB..DP1,40,,CCRB,DP1,250.0,2.0-40.0Hz,2.0,40.0,1873.1209280535425,183.1886141127871,0.981366882912671,0.012,True
reconstruction_71412741,75336682,71412741,BP.CCRB.DP2,BP.CCRB.40.DP2,BP.CCRB..DP2,40,,CCRB,DP2,250.0,2.0-10.0Hz,2.0,10.0,690.1857849055642,64.23591213699707,0.979483636883312,0.016,True
reconstruction_71412741,75336682,71412741,BP.CCRB.DP2,BP.CCRB.40.DP2,BP.CCRB..DP2,40,,CCRB,DP2,250.0,5.0-20.0Hz,5.0,20.0,1454.2922874862616,99.77270409129699,0.9795380678170342,0.016,True
reconstruction_71412741,75336682,71412741,BP.CCRB.DP2,BP.CCRB.40.DP2,BP.CCRB..DP2,40,,CCRB,DP2,250.0,10.0-40.0Hz,10.0,40.0,1306.7237794477207,118.36696120106414,0.9729455352578746,0.012,True
reconstruction_71412741,75336682,71412741,BP.CCRB.DP2,BP.CCRB.40.DP2,BP.CCRB..DP2,40,,CCRB,DP2,250.0,2.0-40.0Hz,2.0,40.0,893.4849965063515,83.93285225884428,0.9637333476182812,0.012,True
reconstruction_71412741,75336682,71412741,BP.CCRB.DP3,BP.CCRB.40.DP3,BP.CCRB..DP3,40,,CCRB,DP3,250.0,2.0-10.0Hz,2.0,10.0,768.1813950694735,63.02754590312002,0.9805497617724731,0.016,True
reconstruction_71412741,75336682,71412741,BP.CCRB.DP3,BP.CCRB.40.DP3,BP.CCRB..DP3,40,,CCRB,DP3,250.0,5.0-20.0Hz,5.0,20.0,1572.42563530698,128.5798115161779,0.9757631127202494,0.012,True
reconstruction_71412741,75336682,71412741,BP.CCRB.DP3,BP.CCRB.40.DP3,BP.CCRB..DP3,40,,CCRB,DP3,250.0,10.0-40.0Hz,10.0,40.0,1833.8013481128764,202.52616816708652,0.9850818405368335,0.012,True
reconstruction_71412741,75336682,71412741,BP.CCRB.DP3,BP.CCRB.40.DP3,BP.CCRB..DP3,40,,CCRB,DP3,250.0,2.0-40.0Hz,2.0,40.0,1122.41165344694,104.39280778245893,0.9733416225474005,0.012,True
reconstruction_71412741,75336682,71412741,BP.LCCB.DP1,BP.LCCB.40.DP1,BP.LCCB..DP1,40,,LCCB,DP1,250.0,2.0-10.0Hz,2.0,10.0,690.9008979365634,98.3644310354538,0.9925507007888629,0.004,True
reconstruction_71412741,75336682,71412741,BP.LCCB.DP1,BP.LCCB.40.DP1,BP.LCCB..DP1,40,,LCCB,DP1,250.0,5.0-20.0Hz,5.0,20.0,1446.960050781072,195.9580404993985,0.9872031510999468,0.004,True
reconstruction_71412741,75336682,71412741,BP.LCCB.DP1,BP.LCCB.40.DP1,BP.LCCB..DP1,40,,LCCB,DP1,250.0,10.0-40.0Hz,10.0,40.0,1117.897190606578,156.94154821150184,0.9786773778004598,0.0,True
reconstruction_71412741,75336682,71412741,BP.LCCB.DP1,BP.LCCB.40.DP1,BP.LCCB..DP1,40,,LCCB,DP1,250.0,2.0-40.0Hz,2.0,40.0,800.5611939215778,111.80323736009888,0.9848574145396538,0.004,True
reconstruction_71412741,75336682,71412741,BP.LCCB.DP2,BP.LCCB.40.DP2,BP.LCCB..DP2,40,,LCCB,DP2,250.0,2.0-10.0Hz,2.0,10.0,241.94870997644685,95.65117286953907,0.9974537125653958,-0.004,True
reconstruction_71412741,75336682,71412741,BP.LCCB.DP2,BP.LCCB.40.DP2,BP.LCCB..DP2,40,,LCCB,DP2,250.0,5.0-20.0Hz,5.0,20.0,299.70580918181815,105.10341619334703,0.98237770066731,0.0,True
reconstruction_71412741,75336682,71412741,BP.LCCB.DP2,BP.LCCB.40.DP2,BP.LCCB..DP2,40,,LCCB,DP2,250.0,10.0-40.0Hz,10.0,40.0,203.67826644732844,59.545541679713224,0.9573340036741889,0.0,True
reconstruction_71412741,75336682,71412741,BP.LCCB.DP2,BP.LCCB.40.DP2,BP.LCCB..DP2,40,,LCCB,DP2,250.0,2.0-40.0Hz,2.0,40.0,221.8767390013183,73.64637732717136,0.9686286967476316,0.0,True
reconstruction_71412741,75336682,71412741,BP.LCCB.DP3,BP.LCCB.40.DP3,BP.LCCB..DP3,40,,LCCB,DP3,250.0,2.0-10.0Hz,2.0,10.0,647.8554715109351,130.5504586963485,0.9776679022226199,0.008,True
reconstruction_71412741,75336682,71412741,BP.LCCB.DP3,BP.LCCB.40.DP3,BP.LCCB..DP3,40,,LCCB,DP3,250.0,5.0-20.0Hz,5.0,20.0,1143.1740879362753,213.2404954647415,0.9871501692302486,0.004,True
reconstruction_71412741,75336682,71412741,BP.LCCB.DP3,BP.LCCB.40.DP3,BP.LCCB..DP3,40,,LCCB,DP3,250.0,10.0-40.0Hz,10.0,40.0,1003.1124691936136,163.80426365026543,0.9788892832896515,0.004,True
reconstruction_71412741,75336682,71412741,BP.LCCB.DP3,BP.LCCB.40.DP3,BP.LCCB..DP3,40,,LCCB,DP3,250.0,2.0-40.0Hz,2.0,40.0,724.2210061610293,144.3484233548609,0.9758415209698016,0.004,True
reconstruction_21500539,75336682,21500539,BP.LCCB.DP1,BP.LCCB.40.DP1,BP.LCCB..DP1,40,,LCCB,DP1,250.0,2.0-10.0Hz,2.0,10.0,690.9008979365634,319.40253373287385,0.977572015573064,0.008,True
reconstruction_21500539,75336682,21500539,BP.LCCB.DP1,BP.LCCB.40.DP1,BP.LCCB..DP1,40,,LCCB,DP1,250.0,5.0-20.0Hz,5.0,20.0,1446.960050781072,620.0288759430581,0.9797255785747886,0.008,True
reconstruction_21500539,75336682,21500539,BP.LCCB.DP1,BP.LCCB.40.DP1,BP.LCCB..DP1,40,,LCCB,DP1,250.0,10.0-40.0Hz,10.0,40.0,1117.897190606578,479.829444491708,0.9876571115084706,0.004,True
reconstruction_21500539,75336682,21500539,BP.LCCB.DP1,BP.LCCB.40.DP1,BP.LCCB..DP1,40,,LCCB,DP1,250.0,2.0-40.0Hz,2.0,40.0,800.5611939215778,372.6458953474856,0.9678813380573958,0.008,True
reconstruction_21500539,75336682,21500539,BP.LCCB.DP2,BP.LCCB.40.DP2,BP.LCCB..DP2,40,,LCCB,DP2,250.0,2.0-10.0Hz,2.0,10.0,241.94870997644685,506.4053561290796,0.9950764204757775,-0.008,True
reconstruction_21500539,75336682,21500539,BP.LCCB.DP2,BP.LCCB.40.DP2,BP.LCCB..DP2,40,,LCCB,DP2,250.0,5.0-20.0Hz,5.0,20.0,299.70580918181815,671.1515568639293,0.9771106197309674,-0.008,True
reconstruction_21500539,75336682,21500539,BP.LCCB.DP2,BP.LCCB.40.DP2,BP.LCCB..DP2,40,,LCCB,DP2,250.0,10.0-40.0Hz,10.0,40.0,203.67826644732844,378.48485733800254,0.9176170693749073,-0.004,True
reconstruction_21500539,75336682,21500539,BP.LCCB.DP2,BP.LCCB.40.DP2,BP.LCCB..DP2,40,,LCCB,DP2,250.0,2.0-40.0Hz,2.0,40.0,221.8767390013183,461.0138518708225,0.9331590405464106,-0.008,True
reconstruction_21500539,75336682,21500539,BP.LCCB.DP3,BP.LCCB.40.DP3,BP.LCCB..DP3,40,,LCCB,DP3,250.0,2.0-10.0Hz,2.0,10.0,647.8554715109351,380.3339807058743,0.9710749294278874,0.012,True
reconstruction_21500539,75336682,21500539,BP.LCCB.DP3,BP.LCCB.40.DP3,BP.LCCB..DP3,40,,LCCB,DP3,250.0,5.0-20.0Hz,5.0,20.0,1143.1740879362753,668.080515508053,0.9764929507809234,0.008,True
reconstruction_21500539,75336682,21500539,BP.LCCB.DP3,BP.LCCB.40.DP3,BP.LCCB..DP3,40,,LCCB,DP3,250.0,10.0-40.0Hz,10.0,40.0,1003.1124691936136,513.5308369177814,0.9887487696524474,0.004,True
reconstruction_21500539,75336682,21500539,BP.LCCB.DP3,BP.LCCB.40.DP3,BP.LCCB..DP3,40,,LCCB,DP3,250.0,2.0-40.0Hz,2.0,40.0,724.2210061610293,432.86449613698977,0.9574255954541503,0.008,True
reconstruction_21500539,75336682,21500539,BP.SCYB.DP1,BP.SCYB.40.DP1,BP.SCYB..DP1,40,,SCYB,DP1,250.0,2.0-10.0Hz,2.0,10.0,1274.9982363575928,481.60719258484073,0.9743478801063542,0.02,True
reconstruction_21500539,75336682,21500539,BP.SCYB.DP1,BP.SCYB.40.DP1,BP.SCYB..DP1,40,,SCYB,DP1,250.0,5.0-20.0Hz,5.0,20.0,1619.1658500330348,673.6326118697667,0.9855951440115631,0.016,True
reconstruction_21500539,75336682,21500539,BP.SCYB.DP1,BP.SCYB.40.DP1,BP.SCYB..DP1,40,,SCYB,DP1,250.0,10.0-40.0Hz,10.0,40.0,1159.7939491218203,380.53246172586086,0.9850292475768682,0.016,True
reconstruction_21500539,75336682,21500539,BP.SCYB.DP1,BP.SCYB.40.DP1,BP.SCYB..DP1,40,,SCYB,DP1,250.0,2.0-40.0Hz,2.0,40.0,1281.1291244701883,464.6926662898601,0.9627988895794949,0.016,True
reconstruction_21500539,75336682,21500539,BP.SCYB.DP2,BP.SCYB.40.DP2,BP.SCYB..DP2,40,,SCYB,DP2,250.0,2.0-10.0Hz,2.0,10.0,1059.153984891933,382.80915301938455,0.9788461219803526,0.02,True
reconstruction_21500539,75336682,21500539,BP.SCYB.DP2,BP.SCYB.40.DP2,BP.SCYB..DP2,40,,SCYB,DP2,250.0,5.0-20.0Hz,5.0,20.0,1842.642945616688,594.141777290964,0.9821364589189815,0.016,True
reconstruction_21500539,75336682,21500539,BP.SCYB.DP2,BP.SCYB.40.DP2,BP.SCYB..DP2,40,,SCYB,DP2,250.0,10.0-40.0Hz,10.0,40.0,978.5466261053829,283.89230340102074,0.9818721470188126,0.016,True
reconstruction_21500539,75336682,21500539,BP.SCYB.DP2,BP.SCYB.40.DP2,BP.SCYB..DP2,40,,SCYB,DP2,250.0,2.0-40.0Hz,2.0,40.0,1061.96349531387,373.90269473553,0.9628090478639273,0.016,True
reconstruction_21500539,75336682,21500539,BP.SCYB.DP3,BP.SCYB.40.DP3,BP.SCYB..DP3,40,,SCYB,DP3,250.0,2.0-10.0Hz,2.0,10.0,983.1650582874873,276.4417730118335,0.9718647043848304,0.02,True
reconstruction_21500539,75336682,21500539,BP.SCYB.DP3,BP.SCYB.40.DP3,BP.SCYB..DP3,40,,SCYB,DP3,250.0,5.0-20.0Hz,5.0,20.0,1875.1691179412328,426.2191065031367,0.9838273220424681,0.016,True
reconstruction_21500539,75336682,21500539,BP.SCYB.DP3,BP.SCYB.40.DP3,BP.SCYB..DP3,40,,SCYB,DP3,250.0,10.0-40.0Hz,10.0,40.0,980.5999046747992,244.20280205428904,0.9795730490611892,0.016,True
reconstruction_21500539,75336682,21500539,BP.SCYB.DP3,BP.SCYB.40.DP3,BP.SCYB..DP3,40,,SCYB,DP3,250.0,2.0-40.0Hz,2.0,40.0,1004.8347852994002,254.70088645590516,0.9570434368717262,0.016,True
reconstruction_21304571,75336682,21304571,BP.LCCB.DP1,BP.LCCB.40.DP1,BP.LCCB..DP1,40,,LCCB,DP1,250.0,2.0-10.0Hz,2.0,10.0,690.9008979365634,143.01871278552798,0.9751952439059031,0.0,True
reconstruction_21304571,75336682,21304571,BP.LCCB.DP1,BP.LCCB.40.DP1,BP.LCCB..DP1,40,,LCCB,DP1,250.0,5.0-20.0Hz,5.0,20.0,1446.960050781072,219.93757005366797,0.975688341187433,0.0,True
reconstruction_21304571,75336682,21304571,BP.LCCB.DP1,BP.LCCB.40.DP1,BP.LCCB..DP1,40,,LCCB,DP1,250.0,10.0-40.0Hz,10.0,40.0,1117.897190606578,146.16851609127917,0.9900670593716566,-0.004,True
reconstruction_21304571,75336682,21304571,BP.LCCB.DP1,BP.LCCB.40.DP1,BP.LCCB..DP1,40,,LCCB,DP1,250.0,2.0-40.0Hz,2.0,40.0,800.5611939215778,149.79509349159503,0.9617813815877309,0.0,True
reconstruction_21304571,75336682,21304571,BP.LCCB.DP2,BP.LCCB.40.DP2,BP.LCCB..DP2,40,,LCCB,DP2,250.0,2.0-10.0Hz,2.0,10.0,241.94870997644685,188.88433575937418,0.9797667895619903,-0.028,True
reconstruction_21304571,75336682,21304571,BP.LCCB.DP2,BP.LCCB.40.DP2,BP.LCCB..DP2,40,,LCCB,DP2,250.0,5.0-20.0Hz,5.0,20.0,299.70580918181815,211.03778527105965,0.9136512840761756,-0.024,True
reconstruction_21304571,75336682,21304571,BP.LCCB.DP2,BP.LCCB.40.DP2,BP.LCCB..DP2,40,,LCCB,DP2,250.0,10.0-40.0Hz,10.0,40.0,203.67826644732844,84.97263034467811,0.8571917151063294,-0.016,True
reconstruction_21304571,75336682,21304571,BP.LCCB.DP2,BP.LCCB.40.DP2,BP.LCCB..DP2,40,,LCCB,DP2,250.0,2.0-40.0Hz,2.0,40.0,221.8767390013183,149.40786597269468,0.8378293026676433,-0.02,True
reconstruction_21304571,75336682,21304571,BP.LCCB.DP3,BP.LCCB.40.DP3,BP.LCCB..DP3,40,,LCCB,DP3,250.0,2.0-10.0Hz,2.0,10.0,647.8554715109351,198.4503473686947,0.9649020709204917,0.004,True
reconstruction_21304571,75336682,21304571,BP.LCCB.DP3,BP.LCCB.40.DP3,BP.LCCB..DP3,40,,LCCB,DP3,250.0,5.0-20.0Hz,5.0,20.0,1143.1740879362753,235.16261179092075,0.9719214903059161,-0.004,True
reconstruction_21304571,75336682,21304571,BP.LCCB.DP3,BP.LCCB.40.DP3,BP.LCCB..DP3,40,,LCCB,DP3,250.0,10.0-40.0Hz,10.0,40.0,1003.1124691936136,157.1726222351439,0.9898803856594308,-0.004,True
reconstruction_21304571,75336682,21304571,BP.LCCB.DP3,BP.LCCB.40.DP3,BP.LCCB..DP3,40,,LCCB,DP3,250.0,2.0-40.0Hz,2.0,40.0,724.2210061610293,182.91112412061642,0.9512021620840706,-0.004,True
reconstruction_21304571,75336682,21304571,BP.SCYB.DP1,BP.SCYB.40.DP1,BP.SCYB..DP1,40,,SCYB,DP1,250.0,2.0-10.0Hz,2.0,10.0,1274.9982363575928,153.52782895293694,0.9730541191866009,0.012,True
reconstruction_21304571,75336682,21304571,BP.SCYB.DP1,BP.SCYB.40.DP1,BP.SCYB..DP1,40,,SCYB,DP1,250.0,5.0-20.0Hz,5.0,20.0,1619.1658500330348,175.9946637274979,0.9816914615360193,0.008,True
reconstruction_21304571,75336682,21304571,BP.SCYB.DP1,BP.SCYB.40.DP1,BP.SCYB..DP1,40,,SCYB,DP1,250.0,10.0-40.0Hz,10.0,40.0,1159.7939491218203,108.17827194697217,0.9791791957048281,0.004,True
reconstruction_21304571,75336682,21304571,BP.SCYB.DP1,BP.SCYB.40.DP1,BP.SCYB..DP1,40,,SCYB,DP1,250.0,2.0-40.0Hz,2.0,40.0,1281.1291244701883,137.05635388478754,0.9557957295939957,0.008,True
reconstruction_21304571,75336682,21304571,BP.SCYB.DP2,BP.SCYB.40.DP2,BP.SCYB..DP2,40,,SCYB,DP2,250.0,2.0-10.0Hz,2.0,10.0,1059.153984891933,149.0687340563669,0.9774770499401266,0.012,True
reconstruction_21304571,75336682,21304571,BP.SCYB.DP2,BP.SCYB.40.DP2,BP.SCYB..DP2,40,,SCYB,DP2,250.0,5.0-20.0Hz,5.0,20.0,1842.642945616688,160.73918327936616,0.977585091868228,0.008,True
reconstruction_21304571,75336682,21304571,BP.SCYB.DP2,BP.SCYB.40.DP2,BP.SCYB..DP2,40,,SCYB,DP2,250.0,10.0-40.0Hz,10.0,40.0,978.5466261053829,80.79782448585712,0.9740102134491653,0.004,True
reconstruction_21304571,75336682,21304571,BP.SCYB.DP2,BP.SCYB.40.DP2,BP.SCYB..DP2,40,,SCYB,DP2,250.0,2.0-40.0Hz,2.0,40.0,1061.96349531387,129.3594791540212,0.9589072952272891,0.008,True
reconstruction_21304571,75336682,21304571,BP.SCYB.DP3,BP.SCYB.40.DP3,BP.SCYB..DP3,40,,SCYB,DP3,250.0,2.0-10.0Hz,2.0,10.0,983.1650582874873,159.5760818347864,0.9704624542046979,0.012,True
reconstruction_21304571,75336682,21304571,BP.SCYB.DP3,BP.SCYB.40.DP3,BP.SCYB..DP3,40,,SCYB,DP3,250.0,5.0-20.0Hz,5.0,20.0,1875.1691179412328,181.38231694517322,0.9811791226403975,0.008,True
reconstruction_21304571,75336682,21304571,BP.SCYB.DP3,BP.SCYB.40.DP3,BP.SCYB..DP3,40,,SCYB,DP3,250.0,10.0-40.0Hz,10.0,40.0,980.5999046747992,110.74845601422686,0.9841561170843349,0.004,True
reconstruction_21304571,75336682,21304571,BP.SCYB.DP3,BP.SCYB.40.DP3,BP.SCYB..DP3,40,,SCYB,DP3,250.0,2.0-40.0Hz,2.0,40.0,1004.8347852994002,138.8997512619505,0.9527953241270383,0.008,True
reconstruction_21486275,75336682,21486275,BP.CCRB.DP1,BP.CCRB.40.DP1,BP.CCRB..DP1,40,,CCRB,DP1,250.0,2.0-10.0Hz,2.0,10.0,691.3230767469552,27.894868967898333,0.9661696329094612,0.012,True
reconstruction_21486275,75336682,21486275,BP.CCRB.DP1,BP.CCRB.40.DP1,BP.CCRB..DP1,40,,CCRB,DP1,250.0,5.0-20.0Hz,5.0,20.0,2716.944230232654,114.05027693949948,0.968415442083137,0.012,True
reconstruction_21486275,75336682,21486275,BP.CCRB.DP1,BP.CCRB.40.DP1,BP.CCRB..DP1,40,,CCRB,DP1,250.0,10.0-40.0Hz,10.0,40.0,3802.5551128766233,221.36050860341157,0.9407249643678648,0.012,True
reconstruction_21486275,75336682,21486275,BP.CCRB.DP1,BP.CCRB.40.DP1,BP.CCRB..DP1,40,,CCRB,DP1,250.0,2.0-40.0Hz,2.0,40.0,1873.1209280535425,100.61480122493845,0.9402811181225214,0.012,True
reconstruction_21486275,75336682,21486275,BP.CCRB.DP2,BP.CCRB.40.DP2,BP.CCRB..DP2,40,,CCRB,DP2,250.0,2.0-10.0Hz,2.0,10.0,690.1857849055642,44.97289975399236,0.9031537854712813,0.012,True
reconstruction_21486275,75336682,21486275,BP.CCRB.DP2,BP.CCRB.40.DP2,BP.CCRB..DP2,40,,CCRB,DP2,250.0,5.0-20.0Hz,5.0,20.0,1454.2922874862616,84.61564326026537,0.871586159992362,0.012,True
reconstruction_21486275,75336682,21486275,BP.CCRB.DP2,BP.CCRB.40.DP2,BP.CCRB..DP2,40,,CCRB,DP2,250.0,10.0-40.0Hz,10.0,40.0,1306.7237794477207,93.095515410598,0.8323034123341502,0.012,True
reconstruction_21486275,75336682,21486275,BP.CCRB.DP2,BP.CCRB.40.DP2,BP.CCRB..DP2,40,,CCRB,DP2,250.0,2.0-40.0Hz,2.0,40.0,893.4849965063515,66.51856902799173,0.8459504180981815,0.012,True
reconstruction_21486275,75336682,21486275,BP.CCRB.DP3,BP.CCRB.40.DP3,BP.CCRB..DP3,40,,CCRB,DP3,250.0,2.0-10.0Hz,2.0,10.0,768.1813950694735,48.946159713143736,0.9394362836769413,0.012,True
reconstruction_21486275,75336682,21486275,BP.CCRB.DP3,BP.CCRB.40.DP3,BP.CCRB..DP3,40,,CCRB,DP3,250.0,5.0-20.0Hz,5.0,20.0,1572.42563530698,120.28596847461061,0.9256851868853901,0.012,True
reconstruction_21486275,75336682,21486275,BP.CCRB.DP3,BP.CCRB.40.DP3,BP.CCRB..DP3,40,,CCRB,DP3,250.0,10.0-40.0Hz,10.0,40.0,1833.8013481128764,156.5996240001174,0.9005963471760581,0.012,True
reconstruction_21486275,75336682,21486275,BP.CCRB.DP3,BP.CCRB.40.DP3,BP.CCRB..DP3,40,,CCRB,DP3,250.0,2.0-40.0Hz,2.0,40.0,1122.41165344694,89.56360025728281,0.9026740869709199,0.012,True
reconstruction_21486275,75336682,21486275,BP.LCCB.DP1,BP.LCCB.40.DP1,BP.LCCB..DP1,40,,LCCB,DP1,250.0,2.0-10.0Hz,2.0,10.0,690.9008979365634,73.51898143543306,0.9518476899223922,0.0,True
reconstruction_21486275,75336682,21486275,BP.LCCB.DP1,BP.LCCB.40.DP1,BP.LCCB..DP1,40,,LCCB,DP1,250.0,5.0-20.0Hz,5.0,20.0,1446.960050781072,132.27048875713737,0.9390527546770387,-0.004,True
reconstruction_21486275,75336682,21486275,BP.LCCB.DP1,BP.LCCB.40.DP1,BP.LCCB..DP1,40,,LCCB,DP1,250.0,10.0-40.0Hz,10.0,40.0,1117.897190606578,91.67285127270064,0.917918479798263,-0.004,True
reconstruction_21486275,75336682,21486275,BP.LCCB.DP1,BP.LCCB.40.DP1,BP.LCCB..DP1,40,,LCCB,DP1,250.0,2.0-40.0Hz,2.0,40.0,800.5611939215778,83.38433857004252,0.925150364818714,-0.004,True
reconstruction_21486275,75336682,21486275,BP.LCCB.DP2,BP.LCCB.40.DP2,BP.LCCB..DP2,40,,LCCB,DP2,250.0,2.0-10.0Hz,2.0,10.0,241.94870997644685,80.9523794300558,0.9832526392429717,-0.02,True
reconstruction_21486275,75336682,21486275,BP.LCCB.DP2,BP.LCCB.40.DP2,BP.LCCB..DP2,40,,LCCB,DP2,250.0,5.0-20.0Hz,5.0,20.0,299.70580918181815,106.39043992720164,0.9118003755955918,-0.016,True
reconstruction_21486275,75336682,21486275,BP.LCCB.DP2,BP.LCCB.40.DP2,BP.LCCB..DP2,40,,LCCB,DP2,250.0,10.0-40.0Hz,10.0,40.0,203.67826644732844,62.276558754843826,0.7776190522853654,-0.012,True
reconstruction_21486275,75336682,21486275,BP.LCCB.DP2,BP.LCCB.40.DP2,BP.LCCB..DP2,40,,LCCB,DP2,250.0,2.0-40.0Hz,2.0,40.0,221.8767390013183,73.94975744537984,0.8655415471906948,-0.016,True
reconstruction_21486275,75336682,21486275,BP.LCCB.DP3,BP.LCCB.40.DP3,BP.LCCB..DP3,40,,LCCB,DP3,250.0,2.0-10.0Hz,2.0,10.0,647.8554715109351,61.88549094429001,0.9347321091641735,0.0,True
reconstruction_21486275,75336682,21486275,BP.LCCB.DP3,BP.LCCB.40.DP3,BP.LCCB..DP3,40,,LCCB,DP3,250.0,5.0-20.0Hz,5.0,20.0,1143.1740879362753,109.21089484755157,0.9127774977531152,-0.004,True
reconstruction_21486275,75336682,21486275,BP.LCCB.DP3,BP.LCCB.40.DP3,BP.LCCB..DP3,40,,LCCB,DP3,250.0,10.0-40.0Hz,10.0,40.0,1003.1124691936136,88.46869102187316,0.885550091293054,-0.004,True
reconstruction_21486275,75336682,21486275,BP.LCCB.DP3,BP.LCCB.40.DP3,BP.LCCB..DP3,40,,LCCB,DP3,250.0,2.0-40.0Hz,2.0,40.0,724.2210061610293,72.7129105014846,0.8975475671976938,-0.004,True
reconstruction_21486275,75336682,21486275,BP.SCYB.DP1,BP.SCYB.40.DP1,BP.SCYB..DP1,40,,SCYB,DP1,250.0,2.0-10.0Hz,2.0,10.0,1274.9982363575928,67.8312336261905,0.9438563982666642,0.012,True
reconstruction_21486275,75336682,21486275,BP.SCYB.DP1,BP.SCYB.40.DP1,BP.SCYB..DP1,40,,SCYB,DP1,250.0,5.0-20.0Hz,5.0,20.0,1619.1658500330348,91.40770609009607,0.9173299611898016,0.012,True
reconstruction_21486275,75336682,21486275,BP.SCYB.DP1,BP.SCYB.40.DP1,BP.SCYB..DP1,40,,SCYB,DP1,250.0,10.0-40.0Hz,10.0,40.0,1159.7939491218203,56.35513355843045,0.8644109223657579,0.012,True
reconstruction_21486275,75336682,21486275,BP.SCYB.DP1,BP.SCYB.40.DP1,BP.SCYB..DP1,40,,SCYB,DP1,250.0,2.0-40.0Hz,2.0,40.0,1281.1291244701883,64.62971121028725,0.9103852845894141,0.012,True
reconstruction_21486275,75336682,21486275,BP.SCYB.DP2,BP.SCYB.40.DP2,BP.SCYB..DP2,40,,SCYB,DP2,250.0,2.0-10.0Hz,2.0,10.0,1059.153984891933,96.0173932493833,0.9388846275539825,0.012,True
reconstruction_21486275,75336682,21486275,BP.SCYB.DP2,BP.SCYB.40.DP2,BP.SCYB..DP2,40,,SCYB,DP2,250.0,5.0-20.0Hz,5.0,20.0,1842.642945616688,95.6257437281376,0.8837987312568067,0.008,True
reconstruction_21486275,75336682,21486275,BP.SCYB.DP2,BP.SCYB.40.DP2,BP.SCYB..DP2,40,,SCYB,DP2,250.0,10.0-40.0Hz,10.0,40.0,978.5466261053829,46.64049518137059,0.8266713858340252,0.008,True
reconstruction_21486275,75336682,21486275,BP.SCYB.DP2,BP.SCYB.40.DP2,BP.SCYB..DP2,40,,SCYB,DP2,250.0,2.0-40.0Hz,2.0,40.0,1061.96349531387,78.52079195229251,0.911115500392869,0.012,True
reconstruction_21486275,75336682,21486275,BP.SCYB.DP3,BP.SCYB.40.DP3,BP.SCYB..DP3,40,,SCYB,DP3,250.0,2.0-10.0Hz,2.0,10.0,983.1650582874873,61.2156521765894,0.930504312108885,0.012,True
reconstruction_21486275,75336682,21486275,BP.SCYB.DP3,BP.SCYB.40.DP3,BP.SCYB..DP3,40,,SCYB,DP3,250.0,5.0-20.0Hz,5.0,20.0,1875.1691179412328,80.58144765394256,0.9136287903310283,0.008,True
reconstruction_21486275,75336682,21486275,BP.SCYB.DP3,BP.SCYB.40.DP3,BP.SCYB..DP3,40,,SCYB,DP3,250.0,10.0-40.0Hz,10.0,40.0,980.5999046747992,50.43592748047811,0.887228764230999,0.008,True
reconstruction_21486275,75336682,21486275,BP.SCYB.DP3,BP.SCYB.40.DP3,BP.SCYB..DP3,40,,SCYB,DP3,250.0,2.0-40.0Hz,2.0,40.0,1004.8347852994002,57.19883067280003,0.8938634177786753,0.008,True
reconstruction_21512158,75336682,21512158,BP.CCRB.DP1,BP.CCRB.40.DP1,BP.CCRB..DP1,40,,CCRB,DP1,250.0,2.0-10.0Hz,2.0,10.0,691.3230767469552,1.4336840819403567,0.19410385890099413,0.204,False
reconstruction_21512158,75336682,21512158,BP.CCRB.DP1,BP.CCRB.40.DP1,BP.CCRB..DP1,40,,CCRB,DP1,250.0,5.0-20.0Hz,5.0,20.0,2716.944230232654,1.2432024122391288,0.1216275009356826,-0.464,False
reconstruction_21512158,75336682,21512158,BP.CCRB.DP1,BP.CCRB.40.DP1,BP.CCRB..DP1,40,,CCRB,DP1,250.0,10.0-40.0Hz,10.0,40.0,3802.5551128766233,1.1662266821813307,0.11537502518575397,-0.124,False
reconstruction_21512158,75336682,21512158,BP.CCRB.DP1,BP.CCRB.40.DP1,BP.CCRB..DP1,40,,CCRB,DP1,250.0,2.0-40.0Hz,2.0,40.0,1873.1209280535425,1.3116332768671175,0.0779840856894202,-0.016,False
reconstruction_21512158,75336682,21512158,BP.CCRB.DP2,BP.CCRB.40.DP2,BP.CCRB..DP2,40,,CCRB,DP2,250.0,2.0-10.0Hz,2.0,10.0,690.1857849055642,1.2938114439001869,0.20240314812688986,-0.22,False
reconstruction_21512158,75336682,21512158,BP.CCRB.DP2,BP.CCRB.40.DP2,BP.CCRB..DP2,40,,CCRB,DP2,250.0,5.0-20.0Hz,5.0,20.0,1454.2922874862616,1.3632359320190783,0.14542338400045665,-0.34,False
reconstruction_21512158,75336682,21512158,BP.CCRB.DP2,BP.CCRB.40.DP2,BP.CCRB..DP2,40,,CCRB,DP2,250.0,10.0-40.0Hz,10.0,40.0,1306.7237794477207,1.2081729183669225,0.1581120037054264,-0.408,False
reconstruction_21512158,75336682,21512158,BP.CCRB.DP2,BP.CCRB.40.DP2,BP.CCRB..DP2,40,,CCRB,DP2,250.0,2.0-40.0Hz,2.0,40.0,893.4849965063515,1.2791584951684047,0.10948622120796139,-0.232,False
reconstruction_21512158,75336682,21512158,BP.CCRB.DP3,BP.CCRB.40.DP3,BP.CCRB..DP3,40,,CCRB,DP3,250.0,2.0-10.0Hz,2.0,10.0,768.1813950694735,1.5434773251042793,0.14273098920085295,-0.384,False
reconstruction_21512158,75336682,21512158,BP.CCRB.DP3,BP.CCRB.40.DP3,BP.CCRB..DP3,40,,CCRB,DP3,250.0,5.0-20.0Hz,5.0,20.0,1572.42563530698,1.5698987419345907,0.10053322037902589,-0.256,False
reconstruction_21512158,75336682,21512158,BP.CCRB.DP3,BP.CCRB.40.DP3,BP.CCRB..DP3,40,,CCRB,DP3,250.0,10.0-40.0Hz,10.0,40.0,1833.8013481128764,1.118513700281546,0.10910086069007147,-0.092,False
reconstruction_21512158,75336682,21512158,BP.CCRB.DP3,BP.CCRB.40.DP3,BP.CCRB..DP3,40,,CCRB,DP3,250.0,2.0-40.0Hz,2.0,40.0,1122.41165344694,1.4527906235881773,0.09947208224057924,-0.392,False
reconstruction_21512158,75336682,21512158,BP.LCCB.DP1,BP.LCCB.40.DP1,BP.LCCB..DP1,40,,LCCB,DP1,250.0,2.0-10.0Hz,2.0,10.0,690.9008979365634,67.08814923147202,0.9541294312535068,0.004,True
reconstruction_21512158,75336682,21512158,BP.LCCB.DP1,BP.LCCB.40.DP1,BP.LCCB..DP1,40,,LCCB,DP1,250.0,5.0-20.0Hz,5.0,20.0,1446.960050781072,132.5302870346489,0.9404406808802346,0.0,True
reconstruction_21512158,75336682,21512158,BP.LCCB.DP1,BP.LCCB.40.DP1,BP.LCCB..DP1,40,,LCCB,DP1,250.0,10.0-40.0Hz,10.0,40.0,1117.897190606578,123.85780241457455,0.9107792373906208,0.0,True
reconstruction_21512158,75336682,21512158,BP.LCCB.DP1,BP.LCCB.40.DP1,BP.LCCB..DP1,40,,LCCB,DP1,250.0,2.0-40.0Hz,2.0,40.0,800.5611939215778,83.17748579749613,0.929189254027003,0.0,True
reconstruction_21512158,75336682,21512158,BP.LCCB.DP2,BP.LCCB.40.DP2,BP.LCCB..DP2,40,,LCCB,DP2,250.0,2.0-10.0Hz,2.0,10.0,241.94870997644685,91.52703693375184,0.9778984649825783,-0.016,True
reconstruction_21512158,75336682,21512158,BP.LCCB.DP2,BP.LCCB.40.DP2,BP.LCCB..DP2,40,,LCCB,DP2,250.0,5.0-20.0Hz,5.0,20.0,299.70580918181815,118.81705429945065,0.9064702699052849,-0.012,True
reconstruction_21512158,75336682,21512158,BP.LCCB.DP2,BP.LCCB.40.DP2,BP.LCCB..DP2,40,,LCCB,DP2,250.0,10.0-40.0Hz,10.0,40.0,203.67826644732844,80.92007614566978,0.7771044950697035,-0.008,True
reconstruction_21512158,75336682,21512158,BP.LCCB.DP2,BP.LCCB.40.DP2,BP.LCCB..DP2,40,,LCCB,DP2,250.0,2.0-40.0Hz,2.0,40.0,221.8767390013183,87.84239695303398,0.8625055436435916,-0.012,True
reconstruction_21512158,75336682,21512158,BP.LCCB.DP3,BP.LCCB.40.DP3,BP.LCCB..DP3,40,,LCCB,DP3,250.0,2.0-10.0Hz,2.0,10.0,647.8554715109351,94.20987874169994,0.9348202392237931,0.004,True
reconstruction_21512158,75336682,21512158,BP.LCCB.DP3,BP.LCCB.40.DP3,BP.LCCB..DP3,40,,LCCB,DP3,250.0,5.0-20.0Hz,5.0,20.0,1143.1740879362753,129.08397047228794,0.9075947054604315,0.0,True
reconstruction_21512158,75336682,21512158,BP.LCCB.DP3,BP.LCCB.40.DP3,BP.LCCB..DP3,40,,LCCB,DP3,250.0,10.0-40.0Hz,10.0,40.0,1003.1124691936136,117.1950942464436,0.8751680589018939,0.0,True
reconstruction_21512158,75336682,21512158,BP.LCCB.DP3,BP.LCCB.40.DP3,BP.LCCB..DP3,40,,LCCB,DP3,250.0,2.0-40.0Hz,2.0,40.0,724.2210061610293,103.73387097512813,0.9001351458762644,0.0,True
reconstruction_21512158,75336682,21512158,BP.SCYB.DP1,BP.SCYB.40.DP1,BP.SCYB..DP1,40,,SCYB,DP1,250.0,2.0-10.0Hz,2.0,10.0,1274.9982363575928,85.65862170445229,0.9475952670987668,0.016,True
reconstruction_21512158,75336682,21512158,BP.SCYB.DP1,BP.SCYB.40.DP1,BP.SCYB..DP1,40,,SCYB,DP1,250.0,5.0-20.0Hz,5.0,20.0,1619.1658500330348,126.43490343923332,0.9186407842529065,0.012,True
reconstruction_21512158,75336682,21512158,BP.SCYB.DP1,BP.SCYB.40.DP1,BP.SCYB..DP1,40,,SCYB,DP1,250.0,10.0-40.0Hz,10.0,40.0,1159.7939491218203,78.7894960742279,0.8715939337591321,0.012,True
reconstruction_21512158,75336682,21512158,BP.SCYB.DP1,BP.SCYB.40.DP1,BP.SCYB..DP1,40,,SCYB,DP1,250.0,2.0-40.0Hz,2.0,40.0,1281.1291244701883,85.24445591772745,0.912571181402602,0.012,True
reconstruction_21512158,75336682,21512158,BP.SCYB.DP2,BP.SCYB.40.DP2,BP.SCYB..DP2,40,,SCYB,DP2,250.0,2.0-10.0Hz,2.0,10.0,1059.153984891933,93.77052855512422,0.9431809572448946,0.016,True
reconstruction_21512158,75336682,21512158,BP.SCYB.DP2,BP.SCYB.40.DP2,BP.SCYB..DP2,40,,SCYB,DP2,250.0,5.0-20.0Hz,5.0,20.0,1842.642945616688,126.78921226575609,0.8897215631336776,0.012,True
reconstruction_21512158,75336682,21512158,BP.SCYB.DP2,BP.SCYB.40.DP2,BP.SCYB..DP2,40,,SCYB,DP2,250.0,10.0-40.0Hz,10.0,40.0,978.5466261053829,61.33546774378999,0.8247137433633297,0.012,True
reconstruction_21512158,75336682,21512158,BP.SCYB.DP2,BP.SCYB.40.DP2,BP.SCYB..DP2,40,,SCYB,DP2,250.0,2.0-40.0Hz,2.0,40.0,1061.96349531387,88.69595078281992,0.9129436227838488,0.016,True
reconstruction_21512158,75336682,21512158,BP.SCYB.DP3,BP.SCYB.40.DP3,BP.SCYB..DP3,40,,SCYB,DP3,250.0,2.0-10.0Hz,2.0,10.0,983.1650582874873,2.0608888196972126,0.8852951361468347,0.008,False
reconstruction_21512158,75336682,21512158,BP.SCYB.DP3,BP.SCYB.40.DP3,BP.SCYB..DP3,40,,SCYB,DP3,250.0,5.0-20.0Hz,5.0,20.0,1875.1691179412328,2.5803110372961613,0.8692982677170142,0.008,False
reconstruction_21512158,75336682,21512158,BP.SCYB.DP3,BP.SCYB.40.DP3,BP.SCYB..DP3,40,,SCYB,DP3,250.0,10.0-40.0Hz,10.0,40.0,980.5999046747992,1.8055143159895182,0.7477215612542963,0.008,False
reconstruction_21512158,75336682,21512158,BP.SCYB.DP3,BP.SCYB.40.DP3,BP.SCYB..DP3,40,,SCYB,DP3,250.0,2.0-40.0Hz,2.0,40.0,1004.8347852994002,1.8927949545006872,0.8374973470885607,0.008,False
reconstruction_73335796,75336682,73335796,BP.CCRB.DP1,BP.CCRB.40.DP1,BP.CCRB.40.DP1,40,40,CCRB,DP1,250.0,2.0-10.0Hz,2.0,10.0,691.3230767469552,134.4708013604802,0.9975797455581542,0.004,True
reconstruction_73335796,75336682,73335796,BP.CCRB.DP1,BP.CCRB.40.DP1,BP.CCRB.40.DP1,40,40,CCRB,DP1,250.0,5.0-20.0Hz,5.0,20.0,2716.944230232654,924.8655629273646,0.9924576217901951,0.004,True
reconstruction_73335796,75336682,73335796,BP.CCRB.DP1,BP.CCRB.40.DP1,BP.CCRB.40.DP1,40,40,CCRB,DP1,250.0,10.0-40.0Hz,10.0,40.0,3802.5551128766233,2466.7798660017347,0.9880691911515923,0.004,True
reconstruction_73335796,75336682,73335796,BP.CCRB.DP1,BP.CCRB.40.DP1,BP.CCRB.40.DP1,40,40,CCRB,DP1,250.0,2.0-40.0Hz,2.0,40.0,1873.1209280535425,409.8689815488558,0.9893379844660114,0.004,True
reconstruction_73335796,75336682,73335796,BP.CCRB.DP2,BP.CCRB.40.DP2,BP.CCRB.40.DP2,40,40,CCRB,DP2,250.0,2.0-10.0Hz,2.0,10.0,690.1857849055642,179.0368183896025,0.9960119001865616,0.004,True
reconstruction_73335796,75336682,73335796,BP.CCRB.DP2,BP.CCRB.40.DP2,BP.CCRB.40.DP2,40,40,CCRB,DP2,250.0,5.0-20.0Hz,5.0,20.0,1454.2922874862616,545.667605924357,0.9938822959447919,0.004,True
reconstruction_73335796,75336682,73335796,BP.CCRB.DP2,BP.CCRB.40.DP2,BP.CCRB.40.DP2,40,40,CCRB,DP2,250.0,10.0-40.0Hz,10.0,40.0,1306.7237794477207,789.1424095102536,0.9884575995843621,0.004,True
reconstruction_73335796,75336682,73335796,BP.CCRB.DP2,BP.CCRB.40.DP2,BP.CCRB.40.DP2,40,40,CCRB,DP2,250.0,2.0-40.0Hz,2.0,40.0,893.4849965063515,262.99553894277955,0.9923214598205526,0.004,True
reconstruction_73335796,75336682,73335796,BP.CCRB.DP3,BP.CCRB.40.DP3,BP.CCRB.40.DP3,40,40,CCRB,DP3,250.0,2.0-10.0Hz,2.0,10.0,768.1813950694735,198.2678162926924,0.9964875757537879,0.004,True
reconstruction_73335796,75336682,73335796,BP.CCRB.DP3,BP.CCRB.40.DP3,BP.CCRB.40.DP3,40,40,CCRB,DP3,250.0,5.0-20.0Hz,5.0,20.0,1572.42563530698,627.1587641370165,0.993037431198148,0.004,True
reconstruction_73335796,75336682,73335796,BP.CCRB.DP3,BP.CCRB.40.DP3,BP.CCRB.40.DP3,40,40,CCRB,DP3,250.0,10.0-40.0Hz,10.0,40.0,1833.8013481128764,1325.2422418076005,0.9873382735060594,0.004,True
reconstruction_73335796,75336682,73335796,BP.CCRB.DP3,BP.CCRB.40.DP3,BP.CCRB.40.DP3,40,40,CCRB,DP3,250.0,2.0-40.0Hz,2.0,40.0,1122.41165344694,332.18234955032847,0.9910199575965304,0.004,True
reconstruction_73335796,75336682,73335796,BP.LCCB.DP1,BP.LCCB.40.DP1,BP.LCCB.40.DP1,40,40,LCCB,DP1,250.0,2.0-10.0Hz,2.0,10.0,690.9008979365634,712.1189954434797,0.9945528350900861,-0.008,True
reconstruction_73335796,75336682,73335796,BP.LCCB.DP1,BP.LCCB.40.DP1,BP.LCCB.40.DP1,40,40,LCCB,DP1,250.0,5.0-20.0Hz,5.0,20.0,1446.960050781072,1646.0413444192986,0.9937319215127315,-0.008,True
reconstruction_73335796,75336682,73335796,BP.LCCB.DP1,BP.LCCB.40.DP1,BP.LCCB.40.DP1,40,40,LCCB,DP1,250.0,10.0-40.0Hz,10.0,40.0,1117.897190606578,1419.7634278990713,0.989095790588875,-0.008,True
reconstruction_73335796,75336682,73335796,BP.LCCB.DP1,BP.LCCB.40.DP1,BP.LCCB.40.DP1,40,40,LCCB,DP1,250.0,2.0-40.0Hz,2.0,40.0,800.5611939215778,852.1707252278455,0.9928537759553625,-0.008,True
reconstruction_73335796,75336682,73335796,BP.LCCB.DP2,BP.LCCB.40.DP2,BP.LCCB.40.DP2,40,40,LCCB,DP2,250.0,2.0-10.0Hz,2.0,10.0,241.94870997644685,202.17287630195875,0.9971706677589758,-0.008,True
reconstruction_73335796,75336682,73335796,BP.LCCB.DP2,BP.LCCB.40.DP2,BP.LCCB.40.DP2,40,40,LCCB,DP2,250.0,5.0-20.0Hz,5.0,20.0,299.70580918181815,249.01119153457793,0.9947888512302002,-0.008,True
reconstruction_73335796,75336682,73335796,BP.LCCB.DP2,BP.LCCB.40.DP2,BP.LCCB.40.DP2,40,40,LCCB,DP2,250.0,10.0-40.0Hz,10.0,40.0,203.67826644732844,192.21663976524775,0.9892015386095632,-0.008,True
reconstruction_73335796,75336682,73335796,BP.LCCB.DP2,BP.LCCB.40.DP2,BP.LCCB.40.DP2,40,40,LCCB,DP2,250.0,2.0-40.0Hz,2.0,40.0,221.8767390013183,198.25120167574943,0.9928306296259595,-0.008,True
reconstruction_73335796,75336682,73335796,BP.LCCB.DP3,BP.LCCB.40.DP3,BP.LCCB.40.DP3,40,40,LCCB,DP3,250.0,2.0-10.0Hz,2.0,10.0,647.8554715109351,829.8172039902621,0.9954959536408683,-0.008,True
reconstruction_73335796,75336682,73335796,BP.LCCB.DP3,BP.LCCB.40.DP3,BP.LCCB.40.DP3,40,40,LCCB,DP3,250.0,5.0-20.0Hz,5.0,20.0,1143.1740879362753,1283.2833690164152,0.9924012130998306,-0.008,True
reconstruction_73335796,75336682,73335796,BP.LCCB.DP3,BP.LCCB.40.DP3,BP.LCCB.40.DP3,40,40,LCCB,DP3,250.0,10.0-40.0Hz,10.0,40.0,1003.1124691936136,1365.1930235077857,0.9891116872617229,-0.008,True
reconstruction_73335796,75336682,73335796,BP.LCCB.DP3,BP.LCCB.40.DP3,BP.LCCB.40.DP3,40,40,LCCB,DP3,250.0,2.0-40.0Hz,2.0,40.0,724.2210061610293,932.2641258151133,0.9936237836803248,-0.008,True
reconstruction_73335796,75336682,73335796,BP.SCYB.DP1,BP.SCYB.40.DP1,BP.SCYB.40.DP1,40,40,SCYB,DP1,250.0,2.0-10.0Hz,2.0,10.0,1274.9982363575928,1116.6638272618525,0.9979464308195931,0.004,True
reconstruction_73335796,75336682,73335796,BP.SCYB.DP1,BP.SCYB.40.DP1,BP.SCYB.40.DP1,40,40,SCYB,DP1,250.0,5.0-20.0Hz,5.0,20.0,1619.1658500330348,1467.2398624297152,0.9946314909496801,0.004,True
reconstruction_73335796,75336682,73335796,BP.SCYB.DP1,BP.SCYB.40.DP1,BP.SCYB.40.DP1,40,40,SCYB,DP1,250.0,10.0-40.0Hz,10.0,40.0,1159.7939491218203,909.8906172847635,0.9903702993077141,0.004,True
reconstruction_73335796,75336682,73335796,BP.SCYB.DP1,BP.SCYB.40.DP1,BP.SCYB.40.DP1,40,40,SCYB,DP1,250.0,2.0-40.0Hz,2.0,40.0,1281.1291244701883,1099.9837668068785,0.996192424098302,0.004,True
reconstruction_73335796,75336682,73335796,BP.SCYB.DP2,BP.SCYB.40.DP2,BP.SCYB.40.DP2,40,40,SCYB,DP2,250.0,2.0-10.0Hz,2.0,10.0,1059.153984891933,749.9714333396118,0.9978365973039621,0.004,True
reconstruction_73335796,75336682,73335796,BP.SCYB.DP2,BP.SCYB.40.DP2,BP.SCYB.40.DP2,40,40,SCYB,DP2,250.0,5.0-20.0Hz,5.0,20.0,1842.642945616688,1328.2814446229024,0.9950134057035399,0.004,True
reconstruction_73335796,75336682,73335796,BP.SCYB.DP2,BP.SCYB.40.DP2,BP.SCYB.40.DP2,40,40,SCYB,DP2,250.0,10.0-40.0Hz,10.0,40.0,978.5466261053829,674.4747135510046,0.9900541110434102,0.004,True
reconstruction_73335796,75336682,73335796,BP.SCYB.DP2,BP.SCYB.40.DP2,BP.SCYB.40.DP2,40,40,SCYB,DP2,250.0,2.0-40.0Hz,2.0,40.0,1061.96349531387,760.4274920090652,0.99693147801624,0.004,True
reconstruction_73335796,75336682,73335796,BP.SCYB.DP3,BP.SCYB.40.DP3,BP.SCYB.40.DP3,40,40,SCYB,DP3,250.0,2.0-10.0Hz,2.0,10.0,983.1650582874873,793.5464846321096,0.9977424296634707,0.004,True
reconstruction_73335796,75336682,73335796,BP.SCYB.DP3,BP.SCYB.40.DP3,BP.SCYB.40.DP3,40,40,SCYB,DP3,250.0,5.0-20.0Hz,5.0,20.0,1875.1691179412328,1258.432937250192,0.9942685568692652,0.004,True
reconstruction_73335796,75336682,73335796,BP.SCYB.DP3,BP.SCYB.40.DP3,BP.SCYB.40.DP3,40,40,SCYB,DP3,250.0,10.0-40.0Hz,10.0,40.0,980.5999046747992,708.1666929804633,0.9898643888478459,0.004,True
reconstruction_73335796,75336682,73335796,BP.SCYB.DP3,BP.SCYB.40.DP3,BP.SCYB.40.DP3,40,40,SCYB,DP3,250.0,2.0-40.0Hz,2.0,40.0,1004.8347852994002,784.9433801045101,0.9963403307962805,0.004,True
reconstruction_71684581,75336682,71684581,BP.CCRB.DP1,BP.CCRB.40.DP1,BP.CCRB.40.DP1,40,40,CCRB,DP1,250.0,2.0-10.0Hz,2.0,10.0,691.3230767469552,152.34175598924722,0.9878728282417142,0.028,True
reconstruction_71684581,75336682,71684581,BP.CCRB.DP1,BP.CCRB.40.DP1,BP.CCRB.40.DP1,40,40,CCRB,DP1,250.0,5.0-20.0Hz,5.0,20.0,2716.944230232654,405.1162596228697,0.9905494739912095,0.024,True
reconstruction_71684581,75336682,71684581,BP.CCRB.DP1,BP.CCRB.40.DP1,BP.CCRB.40.DP1,40,40,CCRB,DP1,250.0,10.0-40.0Hz,10.0,40.0,3802.5551128766233,646.8649405310618,0.9928634960389267,0.024,True
reconstruction_71684581,75336682,71684581,BP.CCRB.DP1,BP.CCRB.40.DP1,BP.CCRB.40.DP1,40,40,CCRB,DP1,250.0,2.0-40.0Hz,2.0,40.0,1873.1209280535425,406.1952811878129,0.9893107126029037,0.024,True
reconstruction_71684581,75336682,71684581,BP.CCRB.DP2,BP.CCRB.40.DP2,BP.CCRB.40.DP2,40,40,CCRB,DP2,250.0,2.0-10.0Hz,2.0,10.0,690.1857849055642,120.50369535917145,0.9790008391157199,0.028,True
reconstruction_71684581,75336682,71684581,BP.CCRB.DP2,BP.CCRB.40.DP2,BP.CCRB.40.DP2,40,40,CCRB,DP2,250.0,5.0-20.0Hz,5.0,20.0,1454.2922874862616,194.75791665169214,0.9798139669791371,0.024,True
reconstruction_71684581,75336682,71684581,BP.CCRB.DP2,BP.CCRB.40.DP2,BP.CCRB.40.DP2,40,40,CCRB,DP2,250.0,10.0-40.0Hz,10.0,40.0,1306.7237794477207,208.96034390447824,0.9814734282509876,0.024,True
reconstruction_71684581,75336682,71684581,BP.CCRB.DP2,BP.CCRB.40.DP2,BP.CCRB.40.DP2,40,40,CCRB,DP2,250.0,2.0-40.0Hz,2.0,40.0,893.4849965063515,159.3216997605633,0.9715750291732173,0.024,True
reconstruction_71684581,75336682,71684581,BP.CCRB.DP3,BP.CCRB.40.DP3,BP.CCRB.40.DP3,40,40,CCRB,DP3,250.0,2.0-10.0Hz,2.0,10.0,768.1813950694735,138.11711013798273,0.9799600562898635,0.028,True
reconstruction_71684581,75336682,71684581,BP.CCRB.DP3,BP.CCRB.40.DP3,BP.CCRB.40.DP3,40,40,CCRB,DP3,250.0,5.0-20.0Hz,5.0,20.0,1572.42563530698,282.72092374237985,0.9839322151622514,0.024,True
reconstruction_71684581,75336682,71684581,BP.CCRB.DP3,BP.CCRB.40.DP3,BP.CCRB.40.DP3,40,40,CCRB,DP3,250.0,10.0-40.0Hz,10.0,40.0,1833.8013481128764,292.4989716410933,0.9878513144451655,0.024,True
reconstruction_71684581,75336682,71684581,BP.CCRB.DP3,BP.CCRB.40.DP3,BP.CCRB.40.DP3,40,40,CCRB,DP3,250.0,2.0-40.0Hz,2.0,40.0,1122.41165344694,209.78824654986838,0.9771849316628464,0.024,True
reconstruction_71684581,75336682,71684581,BP.LCCB.DP1,BP.LCCB.40.DP1,BP.LCCB.40.DP1,40,40,LCCB,DP1,250.0,2.0-10.0Hz,2.0,10.0,690.9008979365634,259.7130384728222,0.9830173447756004,0.012,True
reconstruction_71684581,75336682,71684581,BP.LCCB.DP1,BP.LCCB.40.DP1,BP.LCCB.40.DP1,40,40,LCCB,DP1,250.0,5.0-20.0Hz,5.0,20.0,1446.960050781072,405.66979561460704,0.9900645519079654,0.012,True
reconstruction_71684581,75336682,71684581,BP.LCCB.DP1,BP.LCCB.40.DP1,BP.LCCB.40.DP1,40,40,LCCB,DP1,250.0,10.0-40.0Hz,10.0,40.0,1117.897190606578,269.1129977114098,0.9903766111305056,0.012,True
reconstruction_71684581,75336682,71684581,BP.LCCB.DP1,BP.LCCB.40.DP1,BP.LCCB.40.DP1,40,40,LCCB,DP1,250.0,2.0-40.0Hz,2.0,40.0,800.5611939215778,268.73061318466705,0.9858017823531489,0.012,True
reconstruction_71684581,75336682,71684581,BP.LCCB.DP2,BP.LCCB.40.DP2,BP.LCCB.40.DP2,40,40,LCCB,DP2,250.0,2.0-10.0Hz,2.0,10.0,241.94870997644685,101.54354253951345,0.9957759550007641,0.008,True
reconstruction_71684581,75336682,71684581,BP.LCCB.DP2,BP.LCCB.40.DP2,BP.LCCB.40.DP2,40,40,LCCB,DP2,250.0,5.0-20.0Hz,5.0,20.0,299.70580918181815,93.58194539741874,0.9869234230831,0.008,True
reconstruction_71684581,75336682,71684581,BP.LCCB.DP2,BP.LCCB.40.DP2,BP.LCCB.40.DP2,40,40,LCCB,DP2,250.0,10.0-40.0Hz,10.0,40.0,203.67826644732844,54.422067638057094,0.9541625444169098,0.008,True
reconstruction_71684581,75336682,71684581,BP.LCCB.DP2,BP.LCCB.40.DP2,BP.LCCB.40.DP2,40,40,LCCB,DP2,250.0,2.0-40.0Hz,2.0,40.0,221.8767390013183,69.6473441084385,0.9734281389550433,0.008,True
reconstruction_71684581,75336682,71684581,BP.LCCB.DP3,BP.LCCB.40.DP3,BP.LCCB.40.DP3,40,40,LCCB,DP3,250.0,2.0-10.0Hz,2.0,10.0,647.8554715109351,180.95181770983083,0.9739387634912913,0.016,True
reconstruction_71684581,75336682,71684581,BP.LCCB.DP3,BP.LCCB.40.DP3,BP.LCCB.40.DP3,40,40,LCCB,DP3,250.0,5.0-20.0Hz,5.0,20.0,1143.1740879362753,254.47437975928477,0.981139903306047,0.012,True
reconstruction_71684581,75336682,71684581,BP.LCCB.DP3,BP.LCCB.40.DP3,BP.LCCB.40.DP3,40,40,LCCB,DP3,250.0,10.0-40.0Hz,10.0,40.0,1003.1124691936136,194.28114804052774,0.9884613593940975,0.012,True
reconstruction_71684581,75336682,71684581,BP.LCCB.DP3,BP.LCCB.40.DP3,BP.LCCB.40.DP3,40,40,LCCB,DP3,250.0,2.0-40.0Hz,2.0,40.0,724.2210061610293,186.09968390666708,0.9666247773351256,0.012,True
reconstruction_71684581,75336682,71684581,BP.SCYB.DP1,BP.SCYB.40.DP1,BP.SCYB.40.DP1,40,40,SCYB,DP1,250.0,2.0-10.0Hz,2.0,10.0,1274.9982363575928,226.84945677783176,0.9789440335044813,0.028,True
reconstruction_71684581,75336682,71684581,BP.SCYB.DP1,BP.SCYB.40.DP1,BP.SCYB.40.DP1,40,40,SCYB,DP1,250.0,5.0-20.0Hz,5.0,20.0,1619.1658500330348,272.9365331575131,0.9852416731358608,0.024,True
reconstruction_71684581,75336682,71684581,BP.SCYB.DP1,BP.SCYB.40.DP1,BP.SCYB.40.DP1,40,40,SCYB,DP1,250.0,10.0-40.0Hz,10.0,40.0,1159.7939491218203,161.6795886891135,0.987210067278662,0.024,True
reconstruction_71684581,75336682,71684581,BP.SCYB.DP1,BP.SCYB.40.DP1,BP.SCYB.40.DP1,40,40,SCYB,DP1,250.0,2.0-40.0Hz,2.0,40.0,1281.1291244701883,207.84579841700955,0.9671609232754294,0.024,True
reconstruction_71684581,75336682,71684581,BP.SCYB.DP2,BP.SCYB.40.DP2,BP.SCYB.40.DP2,40,40,SCYB,DP2,250.0,2.0-10.0Hz,2.0,10.0,1059.153984891933,265.2368219122851,0.9830039955574593,0.028,True
reconstruction_71684581,75336682,71684581,BP.SCYB.DP2,BP.SCYB.40.DP2,BP.SCYB.40.DP2,40,40,SCYB,DP2,250.0,5.0-20.0Hz,5.0,20.0,1842.642945616688,269.49710194940815,0.9814887908186742,0.024,True
reconstruction_71684581,75336682,71684581,BP.SCYB.DP2,BP.SCYB.40.DP2,BP.SCYB.40.DP2,40,40,SCYB,DP2,250.0,10.0-40.0Hz,10.0,40.0,978.5466261053829,118.95678737213798,0.9845715905302561,0.024,True
reconstruction_71684581,75336682,71684581,BP.SCYB.DP2,BP.SCYB.40.DP2,BP.SCYB.40.DP2,40,40,SCYB,DP2,250.0,2.0-40.0Hz,2.0,40.0,1061.96349531387,212.61964235207282,0.9695978781184894,0.028,True
reconstruction_71684581,75336682,71684581,BP.SCYB.DP3,BP.SCYB.40.DP3,BP.SCYB.40.DP3,40,40,SCYB,DP3,250.0,2.0-10.0Hz,2.0,10.0,983.1650582874873,224.92280016864774,0.9745781137219244,0.028,True
reconstruction_71684581,75336682,71684581,BP.SCYB.DP3,BP.SCYB.40.DP3,BP.SCYB.40.DP3,40,40,SCYB,DP3,250.0,5.0-20.0Hz,5.0,20.0,1875.1691179412328,181.5965917821829,0.9824562271002586,0.024,True
reconstruction_71684581,75336682,71684581,BP.SCYB.DP3,BP.SCYB.40.DP3,BP.SCYB.40.DP3,40,40,SCYB,DP3,250.0,10.0-40.0Hz,10.0,40.0,980.5999046747992,92.31736142753273,0.9812753291777371,0.024,True
reconstruction_71684581,75336682,71684581,BP.SCYB.DP3,BP.SCYB.40.DP3,BP.SCYB.40.DP3,40,40,SCYB,DP3,250.0,2.0-40.0Hz,2.0,40.0,1004.8347852994002,150.71056556656922,0.9605559315011359,0.024,True
reconstruction_71567810,75336682,71567810,BP.CCRB.DP1,BP.CCRB.40.DP1,BP.CCRB..DP1,40,,CCRB,DP1,250.0,2.0-10.0Hz,2.0,10.0,691.3230767469552,646.726416090609,0.9866110578450636,0.016,True
reconstruction_71567810,75336682,71567810,BP.CCRB.DP1,BP.CCRB.40.DP1,BP.CCRB..DP1,40,,CCRB,DP1,250.0,5.0-20.0Hz,5.0,20.0,2716.944230232654,1828.2910056065841,0.9800061370700124,0.012,True
reconstruction_71567810,75336682,71567810,BP.CCRB.DP1,BP.CCRB.40.DP1,BP.CCRB..DP1,40,,CCRB,DP1,250.0,10.0-40.0Hz,10.0,40.0,3802.5551128766233,2458.527073232072,0.9740414615991154,0.008,True
reconstruction_71567810,75336682,71567810,BP.CCRB.DP1,BP.CCRB.40.DP1,BP.CCRB..DP1,40,,CCRB,DP1,250.0,2.0-40.0Hz,2.0,40.0,1873.1209280535425,1737.3822882267577,0.9679536800364985,0.008,True
reconstruction_71567810,75336682,71567810,BP.CCRB.DP2,BP.CCRB.40.DP2,BP.CCRB..DP2,40,,CCRB,DP2,250.0,2.0-10.0Hz,2.0,10.0,690.1857849055642,581.6587016407672,0.9789349972188757,0.016,True
reconstruction_71567810,75336682,71567810,BP.CCRB.DP2,BP.CCRB.40.DP2,BP.CCRB..DP2,40,,CCRB,DP2,250.0,5.0-20.0Hz,5.0,20.0,1454.2922874862616,953.1722936938463,0.9838526137843605,0.012,True
reconstruction_71567810,75336682,71567810,BP.CCRB.DP2,BP.CCRB.40.DP2,BP.CCRB..DP2,40,,CCRB,DP2,250.0,10.0-40.0Hz,10.0,40.0,1306.7237794477207,836.0753791704316,0.9717824979455805,0.008,True
reconstruction_71567810,75336682,71567810,BP.CCRB.DP2,BP.CCRB.40.DP2,BP.CCRB..DP2,40,,CCRB,DP2,250.0,2.0-40.0Hz,2.0,40.0,893.4849965063515,732.5290682689607,0.9608107457992717,0.012,True
reconstruction_71567810,75336682,71567810,BP.CCRB.DP3,BP.CCRB.40.DP3,BP.CCRB..DP3,40,,CCRB,DP3,250.0,2.0-10.0Hz,2.0,10.0,768.1813950694735,677.8923893034902,0.9798135790724879,0.016,True
reconstruction_71567810,75336682,71567810,BP.CCRB.DP3,BP.CCRB.40.DP3,BP.CCRB..DP3,40,,CCRB,DP3,250.0,5.0-20.0Hz,5.0,20.0,1572.42563530698,1314.830940554811,0.9816700438760718,0.012,True
reconstruction_71567810,75336682,71567810,BP.CCRB.DP3,BP.CCRB.40.DP3,BP.CCRB..DP3,40,,CCRB,DP3,250.0,10.0-40.0Hz,10.0,40.0,1833.8013481128764,1204.7795488657446,0.9777803702052963,0.008,True
reconstruction_71567810,75336682,71567810,BP.CCRB.DP3,BP.CCRB.40.DP3,BP.CCRB..DP3,40,,CCRB,DP3,250.0,2.0-40.0Hz,2.0,40.0,1122.41165344694,985.2907495508048,0.9590914407315104,0.008,True
reconstruction_71567810,75336682,71567810,BP.LCCB.DP1,BP.LCCB.40.DP1,BP.LCCB..DP1,40,,LCCB,DP1,250.0,2.0-10.0Hz,2.0,10.0,690.9008979365634,890.2743871429769,0.9855945368584901,0.0,True
reconstruction_71567810,75336682,71567810,BP.LCCB.DP1,BP.LCCB.40.DP1,BP.LCCB..DP1,40,,LCCB,DP1,250.0,5.0-20.0Hz,5.0,20.0,1446.960050781072,1666.5147073142475,0.9922059121654797,0.0,True
reconstruction_71567810,75336682,71567810,BP.LCCB.DP1,BP.LCCB.40.DP1,BP.LCCB..DP1,40,,LCCB,DP1,250.0,10.0-40.0Hz,10.0,40.0,1117.897190606578,1076.0726955331595,0.9940902081287657,0.0,True
reconstruction_71567810,75336682,71567810,BP.LCCB.DP1,BP.LCCB.40.DP1,BP.LCCB..DP1,40,,LCCB,DP1,250.0,2.0-40.0Hz,2.0,40.0,800.5611939215778,978.1363203773686,0.9879482727335549,0.0,True
reconstruction_71567810,75336682,71567810,BP.LCCB.DP2,BP.LCCB.40.DP2,BP.LCCB..DP2,40,,LCCB,DP2,250.0,2.0-10.0Hz,2.0,10.0,241.94870997644685,395.44351475086626,0.9970638113447405,-0.004,True
reconstruction_71567810,75336682,71567810,BP.LCCB.DP2,BP.LCCB.40.DP2,BP.LCCB..DP2,40,,LCCB,DP2,250.0,5.0-20.0Hz,5.0,20.0,299.70580918181815,422.4333463753459,0.9945840287231409,-0.004,True
reconstruction_71567810,75336682,71567810,BP.LCCB.DP2,BP.LCCB.40.DP2,BP.LCCB..DP2,40,,LCCB,DP2,250.0,10.0-40.0Hz,10.0,40.0,203.67826644732844,276.66969160396866,0.9907834852195839,-0.004,True
reconstruction_71567810,75336682,71567810,BP.LCCB.DP2,BP.LCCB.40.DP2,BP.LCCB..DP2,40,,LCCB,DP2,250.0,2.0-40.0Hz,2.0,40.0,221.8767390013183,304.8351185955109,0.9935746824900615,-0.004,True
reconstruction_71567810,75336682,71567810,BP.LCCB.DP3,BP.LCCB.40.DP3,BP.LCCB..DP3,40,,LCCB,DP3,250.0,2.0-10.0Hz,2.0,10.0,647.8554715109351,901.0491391067158,0.9733781485314499,0.004,True
reconstruction_71567810,75336682,71567810,BP.LCCB.DP3,BP.LCCB.40.DP3,BP.LCCB..DP3,40,,LCCB,DP3,250.0,5.0-20.0Hz,5.0,20.0,1143.1740879362753,1167.8812129353505,0.9807968730280597,0.0,True
reconstruction_71567810,75336682,71567810,BP.LCCB.DP3,BP.LCCB.40.DP3,BP.LCCB..DP3,40,,LCCB,DP3,250.0,10.0-40.0Hz,10.0,40.0,1003.1124691936136,864.2881316830668,0.9925823909631654,0.0,True
reconstruction_71567810,75336682,71567810,BP.LCCB.DP3,BP.LCCB.40.DP3,BP.LCCB..DP3,40,,LCCB,DP3,250.0,2.0-40.0Hz,2.0,40.0,724.2210061610293,897.5263071583724,0.9616660183479291,0.0,True
reconstruction_71567810,75336682,71567810,BP.SCYB.DP1,BP.SCYB.40.DP1,BP.SCYB..DP1,40,,SCYB,DP1,250.0,2.0-10.0Hz,2.0,10.0,1274.9982363575928,880.7835451147147,0.9761926168355426,0.016,True
reconstruction_71567810,75336682,71567810,BP.SCYB.DP1,BP.SCYB.40.DP1,BP.SCYB..DP1,40,,SCYB,DP1,250.0,5.0-20.0Hz,5.0,20.0,1619.1658500330348,1103.7736792366684,0.9834049951753788,0.012,True
reconstruction_71567810,75336682,71567810,BP.SCYB.DP1,BP.SCYB.40.DP1,BP.SCYB..DP1,40,,SCYB,DP1,250.0,10.0-40.0Hz,10.0,40.0,1159.7939491218203,684.5288848609263,0.9868385465022637,0.008,True
reconstruction_71567810,75336682,71567810,BP.SCYB.DP1,BP.SCYB.40.DP1,BP.SCYB..DP1,40,,SCYB,DP1,250.0,2.0-40.0Hz,2.0,40.0,1281.1291244701883,803.6924045744108,0.9615545271053095,0.012,True
reconstruction_71567810,75336682,71567810,BP.SCYB.DP2,BP.SCYB.40.DP2,BP.SCYB..DP2,40,,SCYB,DP2,250.0,2.0-10.0Hz,2.0,10.0,1059.153984891933,1185.6383764192358,0.9819331193195295,0.016,True
reconstruction_71567810,75336682,71567810,BP.SCYB.DP2,BP.SCYB.40.DP2,BP.SCYB..DP2,40,,SCYB,DP2,250.0,5.0-20.0Hz,5.0,20.0,1842.642945616688,1223.6493160833113,0.9858299670275351,0.012,True
reconstruction_71567810,75336682,71567810,BP.SCYB.DP2,BP.SCYB.40.DP2,BP.SCYB..DP2,40,,SCYB,DP2,250.0,10.0-40.0Hz,10.0,40.0,978.5466261053829,533.8757249711488,0.9862578191348378,0.008,True
reconstruction_71567810,75336682,71567810,BP.SCYB.DP2,BP.SCYB.40.DP2,BP.SCYB..DP2,40,,SCYB,DP2,250.0,2.0-40.0Hz,2.0,40.0,1061.96349531387,932.8068547863899,0.9675110277440393,0.012,True
reconstruction_71567810,75336682,71567810,BP.SCYB.DP3,BP.SCYB.40.DP3,BP.SCYB..DP3,40,,SCYB,DP3,250.0,2.0-10.0Hz,2.0,10.0,983.1650582874873,632.6209373102877,0.9734405648133839,0.016,True
reconstruction_71567810,75336682,71567810,BP.SCYB.DP3,BP.SCYB.40.DP3,BP.SCYB..DP3,40,,SCYB,DP3,250.0,5.0-20.0Hz,5.0,20.0,1875.1691179412328,741.6215300688774,0.9836042623607589,0.012,True
reconstruction_71567810,75336682,71567810,BP.SCYB.DP3,BP.SCYB.40.DP3,BP.SCYB..DP3,40,,SCYB,DP3,250.0,10.0-40.0Hz,10.0,40.0,980.5999046747992,447.87968669205935,0.9910497219719148,0.008,True
reconstruction_71567810,75336682,71567810,BP.SCYB.DP3,BP.SCYB.40.DP3,BP.SCYB..DP3,40,,SCYB,DP3,250.0,2.0-40.0Hz,2.0,40.0,1004.8347852994002,504.6692246677407,0.957067166273509,0.012,True
reconstruction_21212835,75336682,21212835,BP.CCRB.DP1,BP.CCRB.40.DP1,BP.CCRB..DP1,40,,CCRB,DP1,250.0,2.0-10.0Hz,2.0,10.0,691.3230767469552,28.217824458932235,0.9710647428098453,0.004,True
reconstruction_21212835,75336682,21212835,BP.CCRB.DP1,BP.CCRB.40.DP1,BP.CCRB..DP1,40,,CCRB,DP1,250.0,5.0-20.0Hz,5.0,20.0,2716.944230232654,79.16685562136772,0.967532790744911,0.0,True
reconstruction_21212835,75336682,21212835,BP.CCRB.DP1,BP.CCRB.40.DP1,BP.CCRB..DP1,40,,CCRB,DP1,250.0,10.0-40.0Hz,10.0,40.0,3802.5551128766233,103.80500991166996,0.9541075456798094,0.0,True
reconstruction_21212835,75336682,21212835,BP.CCRB.DP1,BP.CCRB.40.DP1,BP.CCRB..DP1,40,,CCRB,DP1,250.0,2.0-40.0Hz,2.0,40.0,1873.1209280535425,76.38840626524033,0.95277892478409,0.0,True
reconstruction_21212835,75336682,21212835,BP.CCRB.DP2,BP.CCRB.40.DP2,BP.CCRB..DP2,40,,CCRB,DP2,250.0,2.0-10.0Hz,2.0,10.0,690.1857849055642,2.161122594961358,0.7513655446413571,0.0,False
reconstruction_21212835,75336682,21212835,BP.CCRB.DP2,BP.CCRB.40.DP2,BP.CCRB..DP2,40,,CCRB,DP2,250.0,5.0-20.0Hz,5.0,20.0,1454.2922874862616,3.356578775919838,0.8144129580115974,0.0,True
reconstruction_21212835,75336682,21212835,BP.CCRB.DP2,BP.CCRB.40.DP2,BP.CCRB..DP2,40,,CCRB,DP2,250.0,10.0-40.0Hz,10.0,40.0,1306.7237794477207,3.378100621285978,0.8004970332502049,0.0,True
reconstruction_21212835,75336682,21212835,BP.CCRB.DP2,BP.CCRB.40.DP2,BP.CCRB..DP2,40,,CCRB,DP2,250.0,2.0-40.0Hz,2.0,40.0,893.4849965063515,2.7696496764271132,0.7781037870475903,0.0,False
reconstruction_21212835,75336682,21212835,BP.CCRB.DP3,BP.CCRB.40.DP3,BP.CCRB..DP3,40,,CCRB,DP3,250.0,2.0-10.0Hz,2.0,10.0,768.1813950694735,27.583603818420222,0.9322539318569412,0.004,True
reconstruction_21212835,75336682,21212835,BP.CCRB.DP3,BP.CCRB.40.DP3,BP.CCRB..DP3,40,,CCRB,DP3,250.0,5.0-20.0Hz,5.0,20.0,1572.42563530698,50.8734415613239,0.919162714691342,0.0,True
reconstruction_21212835,75336682,21212835,BP.CCRB.DP3,BP.CCRB.40.DP3,BP.CCRB..DP3,40,,CCRB,DP3,250.0,10.0-40.0Hz,10.0,40.0,1833.8013481128764,54.00817633264905,0.9151843247787225,0.0,True
reconstruction_21212835,75336682,21212835,BP.CCRB.DP3,BP.CCRB.40.DP3,BP.CCRB..DP3,40,,CCRB,DP3,250.0,2.0-40.0Hz,2.0,40.0,1122.41165344694,42.9752971594507,0.9028088771778101,0.0,True
reconstruction_21212835,75336682,21212835,BP.LCCB.DP1,BP.LCCB.40.DP1,BP.LCCB..DP1,40,,LCCB,DP1,250.0,2.0-10.0Hz,2.0,10.0,690.9008979365634,40.909631996856625,0.9613199943340622,-0.008,True
reconstruction_21212835,75336682,21212835,BP.LCCB.DP1,BP.LCCB.40.DP1,BP.LCCB..DP1,40,,LCCB,DP1,250.0,5.0-20.0Hz,5.0,20.0,1446.960050781072,60.674370677249684,0.9357439937191138,-0.012,True
reconstruction_21212835,75336682,21212835,BP.LCCB.DP1,BP.LCCB.40.DP1,BP.LCCB..DP1,40,,LCCB,DP1,250.0,10.0-40.0Hz,10.0,40.0,1117.897190606578,41.721544060794706,0.9018173886223012,-0.012,True
reconstruction_21212835,75336682,21212835,BP.LCCB.DP1,BP.LCCB.40.DP1,BP.LCCB..DP1,40,,LCCB,DP1,250.0,2.0-40.0Hz,2.0,40.0,800.5611939215778,42.19644327590807,0.9251368945820625,-0.012,True
reconstruction_21212835,75336682,21212835,BP.LCCB.DP2,BP.LCCB.40.DP2,BP.LCCB..DP2,40,,LCCB,DP2,250.0,2.0-10.0Hz,2.0,10.0,241.94870997644685,50.37994989204814,0.9714392332618662,-0.04,True
reconstruction_21212835,75336682,21212835,BP.LCCB.DP2,BP.LCCB.40.DP2,BP.LCCB..DP2,40,,LCCB,DP2,250.0,5.0-20.0Hz,5.0,20.0,299.70580918181815,44.832150457141736,0.8536036805712178,-0.032,True
reconstruction_21212835,75336682,21212835,BP.LCCB.DP2,BP.LCCB.40.DP2,BP.LCCB..DP2,40,,LCCB,DP2,250.0,10.0-40.0Hz,10.0,40.0,203.67826644732844,18.702429347093656,0.7528637469292733,-0.028,True
reconstruction_21212835,75336682,21212835,BP.LCCB.DP2,BP.LCCB.40.DP2,BP.LCCB..DP2,40,,LCCB,DP2,250.0,2.0-40.0Hz,2.0,40.0,221.8767390013183,35.32095283224421,0.782836312530111,-0.032,True
reconstruction_21212835,75336682,21212835,BP.LCCB.DP3,BP.LCCB.40.DP3,BP.LCCB..DP3,40,,LCCB,DP3,250.0,2.0-10.0Hz,2.0,10.0,647.8554715109351,36.88545493099713,0.9342030170166131,-0.008,True
reconstruction_21212835,75336682,21212835,BP.LCCB.DP3,BP.LCCB.40.DP3,BP.LCCB..DP3,40,,LCCB,DP3,250.0,5.0-20.0Hz,5.0,20.0,1143.1740879362753,47.80777476525042,0.9118151869196189,-0.012,True
reconstruction_21212835,75336682,21212835,BP.LCCB.DP3,BP.LCCB.40.DP3,BP.LCCB..DP3,40,,LCCB,DP3,250.0,10.0-40.0Hz,10.0,40.0,1003.1124691936136,37.4883602101809,0.8842005745608149,-0.016,True
reconstruction_21212835,75336682,21212835,BP.LCCB.DP3,BP.LCCB.40.DP3,BP.LCCB..DP3,40,,LCCB,DP3,250.0,2.0-40.0Hz,2.0,40.0,724.2210061610293,37.93415651612709,0.8979091265882331,-0.012,True
reconstruction_21361376,75336682,21361376,BP.CCRB.DP1,BP.CCRB.40.DP1,BP.CCRB..DP1,40,,CCRB,DP1,250.0,2.0-10.0Hz,2.0,10.0,691.3230767469552,184.3842596174051,0.9903048732549571,0.012,True
reconstruction_21361376,75336682,21361376,BP.CCRB.DP1,BP.CCRB.40.DP1,BP.CCRB..DP1,40,,CCRB,DP1,250.0,5.0-20.0Hz,5.0,20.0,2716.944230232654,660.3266560502253,0.979784447756341,0.008,True
reconstruction_21361376,75336682,21361376,BP.CCRB.DP1,BP.CCRB.40.DP1,BP.CCRB..DP1,40,,CCRB,DP1,250.0,10.0-40.0Hz,10.0,40.0,3802.5551128766233,1168.646839122363,0.9840898623201242,0.008,True
reconstruction_21361376,75336682,21361376,BP.CCRB.DP1,BP.CCRB.40.DP1,BP.CCRB..DP1,40,,CCRB,DP1,250.0,2.0-40.0Hz,2.0,40.0,1873.1209280535425,550.6094656909653,0.9815788300332529,0.008,True
reconstruction_21361376,75336682,21361376,BP.CCRB.DP2,BP.CCRB.40.DP2,BP.CCRB..DP2,40,,CCRB,DP2,250.0,2.0-10.0Hz,2.0,10.0,690.1857849055642,215.43996571940522,0.9853608260757054,0.012,True
reconstruction_21361376,75336682,21361376,BP.CCRB.DP2,BP.CCRB.40.DP2,BP.CCRB..DP2,40,,CCRB,DP2,250.0,5.0-20.0Hz,5.0,20.0,1454.2922874862616,376.4677287471209,0.9825322192904796,0.012,True
reconstruction_21361376,75336682,21361376,BP.CCRB.DP2,BP.CCRB.40.DP2,BP.CCRB..DP2,40,,CCRB,DP2,250.0,10.0-40.0Hz,10.0,40.0,1306.7237794477207,488.73297693221696,0.9739087417405153,0.008,True
reconstruction_21361376,75336682,21361376,BP.CCRB.DP2,BP.CCRB.40.DP2,BP.CCRB..DP2,40,,CCRB,DP2,250.0,2.0-40.0Hz,2.0,40.0,893.4849965063515,300.75193479177443,0.9677961710207352,0.008,True
reconstruction_21361376,75336682,21361376,BP.CCRB.DP3,BP.CCRB.40.DP3,BP.CCRB..DP3,40,,CCRB,DP3,250.0,2.0-10.0Hz,2.0,10.0,768.1813950694735,192.21004682298337,0.9857871549281646,0.012,True
reconstruction_21361376,75336682,21361376,BP.CCRB.DP3,BP.CCRB.40.DP3,BP.CCRB..DP3,40,,CCRB,DP3,250.0,5.0-20.0Hz,5.0,20.0,1572.42563530698,390.52533265933926,0.9775132697624165,0.008,True
reconstruction_21361376,75336682,21361376,BP.CCRB.DP3,BP.CCRB.40.DP3,BP.CCRB..DP3,40,,CCRB,DP3,250.0,10.0-40.0Hz,10.0,40.0,1833.8013481128764,636.1914657319945,0.984956275737783,0.008,True
reconstruction_21361376,75336682,21361376,BP.CCRB.DP3,BP.CCRB.40.DP3,BP.CCRB..DP3,40,,CCRB,DP3,250.0,2.0-40.0Hz,2.0,40.0,1122.41165344694,316.0742423767183,0.9767794032867579,0.008,True
reconstruction_21361376,75336682,21361376,BP.LCCB.DP1,BP.LCCB.40.DP1,BP.LCCB..DP1,40,,LCCB,DP1,250.0,2.0-10.0Hz,2.0,10.0,690.9008979365634,201.14618726145878,0.9785652651285213,0.008,True
reconstruction_21361376,75336682,21361376,BP.LCCB.DP1,BP.LCCB.40.DP1,BP.LCCB..DP1,40,,LCCB,DP1,250.0,5.0-20.0Hz,5.0,20.0,1446.960050781072,281.1658369820642,0.9813348224984676,0.004,True
reconstruction_21361376,75336682,21361376,BP.LCCB.DP1,BP.LCCB.40.DP1,BP.LCCB..DP1,40,,LCCB,DP1,250.0,10.0-40.0Hz,10.0,40.0,1117.897190606578,230.94505156185508,0.9854304243322606,0.0,True
reconstruction_21361376,75336682,21361376,BP.LCCB.DP1,BP.LCCB.40.DP1,BP.LCCB..DP1,40,,LCCB,DP1,250.0,2.0-40.0Hz,2.0,40.0,800.5611939215778,216.63794408915953,0.9693081879277138,0.004,True
reconstruction_21361376,75336682,21361376,BP.LCCB.DP2,BP.LCCB.40.DP2,BP.LCCB..DP2,40,,LCCB,DP2,250.0,2.0-10.0Hz,2.0,10.0,241.94870997644685,393.948769021022,0.9810159515278365,-0.02,True
reconstruction_21361376,75336682,21361376,BP.LCCB.DP2,BP.LCCB.40.DP2,BP.LCCB..DP2,40,,LCCB,DP2,250.0,5.0-20.0Hz,5.0,20.0,299.70580918181815,427.5208875548611,0.9111130779379003,-0.016,True
reconstruction_21361376,75336682,21361376,BP.LCCB.DP2,BP.LCCB.40.DP2,BP.LCCB..DP2,40,,LCCB,DP2,250.0,10.0-40.0Hz,10.0,40.0,203.67826644732844,238.50585517190225,0.8669352557269119,-0.012,True
reconstruction_21361376,75336682,21361376,BP.LCCB.DP2,BP.LCCB.40.DP2,BP.LCCB..DP2,40,,LCCB,DP2,250.0,2.0-40.0Hz,2.0,40.0,221.8767390013183,353.3340974364781,0.8394652338538039,-0.016,True
reconstruction_21361376,75336682,21361376,BP.LCCB.DP3,BP.LCCB.40.DP3,BP.LCCB..DP3,40,,LCCB,DP3,250.0,2.0-10.0Hz,2.0,10.0,647.8554715109351,215.80768013994526,0.9687795250133315,0.008,True
reconstruction_21361376,75336682,21361376,BP.LCCB.DP3,BP.LCCB.40.DP3,BP.LCCB..DP3,40,,LCCB,DP3,250.0,5.0-20.0Hz,5.0,20.0,1143.1740879362753,240.47423983395117,0.9787992460206681,0.004,True
reconstruction_21361376,75336682,21361376,BP.LCCB.DP3,BP.LCCB.40.DP3,BP.LCCB..DP3,40,,LCCB,DP3,250.0,10.0-40.0Hz,10.0,40.0,1003.1124691936136,216.51285915277958,0.9852588659767032,0.0,True
reconstruction_21361376,75336682,21361376,BP.LCCB.DP3,BP.LCCB.40.DP3,BP.LCCB..DP3,40,,LCCB,DP3,250.0,2.0-40.0Hz,2.0,40.0,724.2210061610293,220.11763368066877,0.9567134429325673,0.004,True
reconstruction_21361376,75336682,21361376,BP.SCYB.DP1,BP.SCYB.40.DP1,BP.SCYB..DP1,40,,SCYB,DP1,250.0,2.0-10.0Hz,2.0,10.0,1274.9982363575928,271.7286530551299,0.974276764263015,0.016,True
reconstruction_21361376,75336682,21361376,BP.SCYB.DP1,BP.SCYB.40.DP1,BP.SCYB..DP1,40,,SCYB,DP1,250.0,5.0-20.0Hz,5.0,20.0,1619.1658500330348,406.5281247230248,0.9834084992996889,0.012,True
reconstruction_21361376,75336682,21361376,BP.SCYB.DP1,BP.SCYB.40.DP1,BP.SCYB..DP1,40,,SCYB,DP1,250.0,10.0-40.0Hz,10.0,40.0,1159.7939491218203,388.14458836309865,0.9867777786065335,0.012,True
reconstruction_21361376,75336682,21361376,BP.SCYB.DP1,BP.SCYB.40.DP1,BP.SCYB..DP1,40,,SCYB,DP1,250.0,2.0-40.0Hz,2.0,40.0,1281.1291244701883,315.01955945246857,0.958132259219987,0.012,True
reconstruction_21361376,75336682,21361376,BP.SCYB.DP2,BP.SCYB.40.DP2,BP.SCYB..DP2,40,,SCYB,DP2,250.0,2.0-10.0Hz,2.0,10.0,1059.153984891933,451.4803163264454,0.9778522309072744,0.02,True
reconstruction_21361376,75336682,21361376,BP.SCYB.DP2,BP.SCYB.40.DP2,BP.SCYB..DP2,40,,SCYB,DP2,250.0,5.0-20.0Hz,5.0,20.0,1842.642945616688,581.7320963302734,0.9767602218363504,0.012,True
reconstruction_21361376,75336682,21361376,BP.SCYB.DP2,BP.SCYB.40.DP2,BP.SCYB..DP2,40,,SCYB,DP2,250.0,10.0-40.0Hz,10.0,40.0,978.5466261053829,315.0070658264242,0.9857359141170003,0.012,True
reconstruction_21361376,75336682,21361376,BP.SCYB.DP2,BP.SCYB.40.DP2,BP.SCYB..DP2,40,,SCYB,DP2,250.0,2.0-40.0Hz,2.0,40.0,1061.96349531387,428.21746868356365,0.9600105529476312,0.016,True
reconstruction_21361376,75336682,21361376,BP.SCYB.DP3,BP.SCYB.40.DP3,BP.SCYB..DP3,40,,SCYB,DP3,250.0,2.0-10.0Hz,2.0,10.0,983.1650582874873,270.9950479340116,0.9704368006129276,0.016,True
reconstruction_21361376,75336682,21361376,BP.SCYB.DP3,BP.SCYB.40.DP3,BP.SCYB..DP3,40,,SCYB,DP3,250.0,5.0-20.0Hz,5.0,20.0,1875.1691179412328,398.24211944158316,0.9832865369558755,0.012,True
reconstruction_21361376,75336682,21361376,BP.SCYB.DP3,BP.SCYB.40.DP3,BP.SCYB..DP3,40,,SCYB,DP3,250.0,10.0-40.0Hz,10.0,40.0,980.5999046747992,313.0254004636683,0.9858837916123636,0.012,True
reconstruction_21361376,75336682,21361376,BP.SCYB.DP3,BP.SCYB.40.DP3,BP.SCYB..DP3,40,,SCYB,DP3,250.0,2.0-40.0Hz,2.0,40.0,1004.8347852994002,286.28546546080173,0.9529821104679507,0.012,True
reconstruction_21349897,75336682,21349897,BP.CCRB.DP1,BP.CCRB.40.DP1,BP.CCRB..DP1,40,,CCRB,DP1,250.0,2.0-10.0Hz,2.0,10.0,691.3230767469552,11.411912871391296,0.9707374943851289,0.004,True
reconstruction_21349897,75336682,21349897,BP.CCRB.DP1,BP.CCRB.40.DP1,BP.CCRB..DP1,40,,CCRB,DP1,250.0,5.0-20.0Hz,5.0,20.0,2716.944230232654,31.253363329984534,0.9631670207180023,0.0,True
reconstruction_21349897,75336682,21349897,BP.CCRB.DP1,BP.CCRB.40.DP1,BP.CCRB..DP1,40,,CCRB,DP1,250.0,10.0-40.0Hz,10.0,40.0,3802.5551128766233,64.63484900669435,0.9503159684378795,0.0,True
reconstruction_21349897,75336682,21349897,BP.CCRB.DP1,BP.CCRB.40.DP1,BP.CCRB..DP1,40,,CCRB,DP1,250.0,2.0-40.0Hz,2.0,40.0,1873.1209280535425,37.18600307796772,0.9484426596444294,0.0,True
reconstruction_21349897,75336682,21349897,BP.CCRB.DP2,BP.CCRB.40.DP2,BP.CCRB..DP2,40,,CCRB,DP2,250.0,2.0-10.0Hz,2.0,10.0,690.1857849055642,7.833792827423345,0.8876777925178877,0.0,True
reconstruction_21349897,75336682,21349897,BP.CCRB.DP2,BP.CCRB.40.DP2,BP.CCRB..DP2,40,,CCRB,DP2,250.0,5.0-20.0Hz,5.0,20.0,1454.2922874862616,10.896725757706056,0.8715513724124908,0.0,True
reconstruction_21349897,75336682,21349897,BP.CCRB.DP2,BP.CCRB.40.DP2,BP.CCRB..DP2,40,,CCRB,DP2,250.0,10.0-40.0Hz,10.0,40.0,1306.7237794477207,18.914860781695257,0.8468776003516685,0.0,True
reconstruction_21349897,75336682,21349897,BP.CCRB.DP2,BP.CCRB.40.DP2,BP.CCRB..DP2,40,,CCRB,DP2,250.0,2.0-40.0Hz,2.0,40.0,893.4849965063515,11.832988723674456,0.851950786333592,0.0,True
reconstruction_21349897,75336682,21349897,BP.CCRB.DP3,BP.CCRB.40.DP3,BP.CCRB..DP3,40,,CCRB,DP3,250.0,2.0-10.0Hz,2.0,10.0,768.1813950694735,9.312861298957277,0.9393844885730781,0.004,True
reconstruction_21349897,75336682,21349897,BP.CCRB.DP3,BP.CCRB.40.DP3,BP.CCRB..DP3,40,,CCRB,DP3,250.0,5.0-20.0Hz,5.0,20.0,1572.42563530698,15.198693542500955,0.9255373655479211,0.0,True
reconstruction_21349897,75336682,21349897,BP.CCRB.DP3,BP.CCRB.40.DP3,BP.CCRB..DP3,40,,CCRB,DP3,250.0,10.0-40.0Hz,10.0,40.0,1833.8013481128764,34.254126303964455,0.9156259672208703,0.0,True
reconstruction_21349897,75336682,21349897,BP.CCRB.DP3,BP.CCRB.40.DP3,BP.CCRB..DP3,40,,CCRB,DP3,250.0,2.0-40.0Hz,2.0,40.0,1122.41165344694,16.685774958911132,0.9113916118647738,0.0,True
reconstruction_21349897,75336682,21349897,BP.LCCB.DP1,BP.LCCB.40.DP1,BP.LCCB..DP1,40,,LCCB,DP1,250.0,2.0-10.0Hz,2.0,10.0,690.9008979365634,14.554900734673854,0.9564071569561027,-0.008,True
reconstruction_21349897,75336682,21349897,BP.LCCB.DP1,BP.LCCB.40.DP1,BP.LCCB..DP1,40,,LCCB,DP1,250.0,5.0-20.0Hz,5.0,20.0,1446.960050781072,19.684119518120358,0.9369894503009292,-0.012,True
reconstruction_21349897,75336682,21349897,BP.LCCB.DP1,BP.LCCB.40.DP1,BP.LCCB..DP1,40,,LCCB,DP1,250.0,10.0-40.0Hz,10.0,40.0,1117.897190606578,28.74740326719932,0.9038828448752529,-0.012,True
reconstruction_21349897,75336682,21349897,BP.LCCB.DP1,BP.LCCB.40.DP1,BP.LCCB..DP1,40,,LCCB,DP1,250.0,2.0-40.0Hz,2.0,40.0,800.5611939215778,17.816319824497228,0.9235489048175983,-0.012,True
reconstruction_21349897,75336682,21349897,BP.LCCB.DP2,BP.LCCB.40.DP2,BP.LCCB..DP2,40,,LCCB,DP2,250.0,2.0-10.0Hz,2.0,10.0,241.94870997644685,18.13560581587259,0.9718026312768961,-0.04,True
reconstruction_21349897,75336682,21349897,BP.LCCB.DP2,BP.LCCB.40.DP2,BP.LCCB..DP2,40,,LCCB,DP2,250.0,5.0-20.0Hz,5.0,20.0,299.70580918181815,19.06728982382815,0.8544067211502834,-0.032,True
reconstruction_21349897,75336682,21349897,BP.LCCB.DP2,BP.LCCB.40.DP2,BP.LCCB..DP2,40,,LCCB,DP2,250.0,10.0-40.0Hz,10.0,40.0,203.67826644732844,24.76784522194795,0.7519233487048816,-0.028,True
reconstruction_21349897,75336682,21349897,BP.LCCB.DP2,BP.LCCB.40.DP2,BP.LCCB..DP2,40,,LCCB,DP2,250.0,2.0-40.0Hz,2.0,40.0,221.8767390013183,18.66827040233459,0.7843605492523741,-0.032,True
reconstruction_21349897,75336682,21349897,BP.LCCB.DP3,BP.LCCB.40.DP3,BP.LCCB..DP3,40,,LCCB,DP3,250.0,2.0-10.0Hz,2.0,10.0,647.8554715109351,12.94574123172654,0.9298960100011098,-0.008,True
reconstruction_21349897,75336682,21349897,BP.LCCB.DP3,BP.LCCB.40.DP3,BP.LCCB..DP3,40,,LCCB,DP3,250.0,5.0-20.0Hz,5.0,20.0,1143.1740879362753,16.725305346168973,0.9077948770492288,-0.012,True
reconstruction_21349897,75336682,21349897,BP.LCCB.DP3,BP.LCCB.40.DP3,BP.LCCB..DP3,40,,LCCB,DP3,250.0,10.0-40.0Hz,10.0,40.0,1003.1124691936136,28.974360269971083,0.8785538982629174,-0.016,True
reconstruction_21349897,75336682,21349897,BP.LCCB.DP3,BP.LCCB.40.DP3,BP.LCCB..DP3,40,,LCCB,DP3,250.0,2.0-40.0Hz,2.0,40.0,724.2210061610293,16.052615171799054,0.891926152789108,-0.012,True
reconstruction_21349897,75336682,21349897,BP.SCYB.DP1,BP.SCYB.40.DP1,BP.SCYB..DP1,40,,SCYB,DP1,250.0,2.0-10.0Hz,2.0,10.0,1274.9982363575928,16.82972218080452,0.9381331146591914,0.004,True
reconstruction_21349897,75336682,21349897,BP.SCYB.DP1,BP.SCYB.40.DP1,BP.SCYB..DP1,40,,SCYB,DP1,250.0,5.0-20.0Hz,5.0,20.0,1619.1658500330348,23.154484524463843,0.9151724112730484,0.0,True
reconstruction_21349897,75336682,21349897,BP.SCYB.DP1,BP.SCYB.40.DP1,BP.SCYB..DP1,40,,SCYB,DP1,250.0,10.0-40.0Hz,10.0,40.0,1159.7939491218203,29.32764397236964,0.874531459131877,0.0,True
reconstruction_21349897,75336682,21349897,BP.SCYB.DP1,BP.SCYB.40.DP1,BP.SCYB..DP1,40,,SCYB,DP1,250.0,2.0-40.0Hz,2.0,40.0,1281.1291244701883,20.006078535341373,0.905030864099986,0.0,True
reconstruction_21349897,75336682,21349897,BP.SCYB.DP2,BP.SCYB.40.DP2,BP.SCYB..DP2,40,,SCYB,DP2,250.0,2.0-10.0Hz,2.0,10.0,1059.153984891933,17.50713795499617,0.9319640666206389,0.004,True
reconstruction_21349897,75336682,21349897,BP.SCYB.DP2,BP.SCYB.40.DP2,BP.SCYB..DP2,40,,SCYB,DP2,250.0,5.0-20.0Hz,5.0,20.0,1842.642945616688,23.263029254029465,0.8824646802151378,0.0,True
reconstruction_21349897,75336682,21349897,BP.SCYB.DP2,BP.SCYB.40.DP2,BP.SCYB..DP2,40,,SCYB,DP2,250.0,10.0-40.0Hz,10.0,40.0,978.5466261053829,25.015118392766325,0.8275794629678536,0.0,True
reconstruction_21349897,75336682,21349897,BP.SCYB.DP2,BP.SCYB.40.DP2,BP.SCYB..DP2,40,,SCYB,DP2,250.0,2.0-40.0Hz,2.0,40.0,1061.96349531387,18.740469103527793,0.8996355029342955,0.0,True
reconstruction_21349897,75336682,21349897,BP.SCYB.DP3,BP.SCYB.40.DP3,BP.SCYB..DP3,40,,SCYB,DP3,250.0,2.0-10.0Hz,2.0,10.0,983.1650582874873,14.837668204696506,0.9282188063029524,0.004,True
reconstruction_21349897,75336682,21349897,BP.SCYB.DP3,BP.SCYB.40.DP3,BP.SCYB..DP3,40,,SCYB,DP3,250.0,5.0-20.0Hz,5.0,20.0,1875.1691179412328,19.582377153655287,0.9176378033775783,0.0,True
reconstruction_21349897,75336682,21349897,BP.SCYB.DP3,BP.SCYB.40.DP3,BP.SCYB..DP3,40,,SCYB,DP3,250.0,10.0-40.0Hz,10.0,40.0,980.5999046747992,23.80900785412659,0.8809073747059822,0.0,True
reconstruction_21349897,75336682,21349897,BP.SCYB.DP3,BP.SCYB.40.DP3,BP.SCYB..DP3,40,,SCYB,DP3,250.0,2.0-40.0Hz,2.0,40.0,1004.8347852994002,16.24131985974084,0.8931058474708768,0.0,True
reconstruction_21465606,75336682,21465606,BP.CCRB.DP1,BP.CCRB.40.DP1,BP.CCRB..DP1,40,,CCRB,DP1,250.0,2.0-10.0Hz,2.0,10.0,691.3230767469552,8.318313483435858,0.963647915479684,0.008,True
reconstruction_21465606,75336682,21465606,BP.CCRB.DP1,BP.CCRB.40.DP1,BP.CCRB..DP1,40,,CCRB,DP1,250.0,5.0-20.0Hz,5.0,20.0,2716.944230232654,68.60383679691829,0.9709868739462103,0.008,True
reconstruction_21465606,75336682,21465606,BP.CCRB.DP1,BP.CCRB.40.DP1,BP.CCRB..DP1,40,,CCRB,DP1,250.0,10.0-40.0Hz,10.0,40.0,3802.5551128766233,128.22606125339783,0.9536790137343608,0.008,True
reconstruction_21465606,75336682,21465606,BP.CCRB.DP1,BP.CCRB.40.DP1,BP.CCRB..DP1,40,,CCRB,DP1,250.0,2.0-40.0Hz,2.0,40.0,1873.1209280535425,31.608225553280867,0.9529994387317441,0.008,True
reconstruction_21465606,75336682,21465606,BP.CCRB.DP2,BP.CCRB.40.DP2,BP.CCRB..DP2,40,,CCRB,DP2,250.0,2.0-10.0Hz,2.0,10.0,690.1857849055642,10.68943163650437,0.890593264196699,0.008,True
reconstruction_21465606,75336682,21465606,BP.CCRB.DP2,BP.CCRB.40.DP2,BP.CCRB..DP2,40,,CCRB,DP2,250.0,5.0-20.0Hz,5.0,20.0,1454.2922874862616,34.81205052212256,0.8652239844331354,0.008,True
reconstruction_21465606,75336682,21465606,BP.CCRB.DP2,BP.CCRB.40.DP2,BP.CCRB..DP2,40,,CCRB,DP2,250.0,10.0-40.0Hz,10.0,40.0,1306.7237794477207,46.03489424637527,0.8427090967974494,0.008,True
reconstruction_21465606,75336682,21465606,BP.CCRB.DP2,BP.CCRB.40.DP2,BP.CCRB..DP2,40,,CCRB,DP2,250.0,2.0-40.0Hz,2.0,40.0,893.4849965063515,17.99588821569558,0.8518240025687965,0.008,True
reconstruction_21465606,75336682,21465606,BP.CCRB.DP3,BP.CCRB.40.DP3,BP.CCRB..DP3,40,,CCRB,DP3,250.0,2.0-10.0Hz,2.0,10.0,768.1813950694735,14.17307163911555,0.9360115303686954,0.012,True
reconstruction_21465606,75336682,21465606,BP.CCRB.DP3,BP.CCRB.40.DP3,BP.CCRB..DP3,40,,CCRB,DP3,250.0,5.0-20.0Hz,5.0,20.0,1572.42563530698,36.62261780658982,0.9261667092750362,0.008,True
reconstruction_21465606,75336682,21465606,BP.CCRB.DP3,BP.CCRB.40.DP3,BP.CCRB..DP3,40,,CCRB,DP3,250.0,10.0-40.0Hz,10.0,40.0,1833.8013481128764,70.81305772697434,0.9143554181895558,0.008,True
reconstruction_21465606,75336682,21465606,BP.CCRB.DP3,BP.CCRB.40.DP3,BP.CCRB..DP3,40,,CCRB,DP3,250.0,2.0-40.0Hz,2.0,40.0,1122.41165344694,26.645009593474757,0.9141726260627294,0.008,True
reconstruction_21465606,75336682,21465606,BP.LCCB.DP1,BP.LCCB.40.DP1,BP.LCCB..DP1,40,,LCCB,DP1,250.0,2.0-10.0Hz,2.0,10.0,690.9008979365634,42.346320129352435,0.9545196081355453,-0.004,True
reconstruction_21465606,75336682,21465606,BP.LCCB.DP1,BP.LCCB.40.DP1,BP.LCCB..DP1,40,,LCCB,DP1,250.0,5.0-20.0Hz,5.0,20.0,1446.960050781072,59.04552890199393,0.939644932130502,-0.008,True
reconstruction_21465606,75336682,21465606,BP.LCCB.DP1,BP.LCCB.40.DP1,BP.LCCB..DP1,40,,LCCB,DP1,250.0,10.0-40.0Hz,10.0,40.0,1117.897190606578,61.113204990056296,0.911002092126914,-0.008,True
reconstruction_21465606,75336682,21465606,BP.LCCB.DP1,BP.LCCB.40.DP1,BP.LCCB..DP1,40,,LCCB,DP1,250.0,2.0-40.0Hz,2.0,40.0,800.5611939215778,48.13274232058683,0.9282858829972155,-0.008,True
reconstruction_21465606,75336682,21465606,BP.LCCB.DP2,BP.LCCB.40.DP2,BP.LCCB..DP2,40,,LCCB,DP2,250.0,2.0-10.0Hz,2.0,10.0,241.94870997644685,46.94002050224218,0.978267881627019,-0.024,True
reconstruction_21465606,75336682,21465606,BP.LCCB.DP2,BP.LCCB.40.DP2,BP.LCCB..DP2,40,,LCCB,DP2,250.0,5.0-20.0Hz,5.0,20.0,299.70580918181815,57.414378190346305,0.8961613663029461,-0.02,True
reconstruction_21465606,75336682,21465606,BP.LCCB.DP2,BP.LCCB.40.DP2,BP.LCCB..DP2,40,,LCCB,DP2,250.0,10.0-40.0Hz,10.0,40.0,203.67826644732844,48.84049778239371,0.7640429106293405,-0.016,True
reconstruction_21465606,75336682,21465606,BP.LCCB.DP2,BP.LCCB.40.DP2,BP.LCCB..DP2,40,,LCCB,DP2,250.0,2.0-40.0Hz,2.0,40.0,221.8767390013183,47.204525047019686,0.8469263727218652,-0.02,True
reconstruction_21465606,75336682,21465606,BP.LCCB.DP3,BP.LCCB.40.DP3,BP.LCCB..DP3,40,,LCCB,DP3,250.0,2.0-10.0Hz,2.0,10.0,647.8554715109351,27.936003443260805,0.9380042847502214,-0.004,True
reconstruction_21465606,75336682,21465606,BP.LCCB.DP3,BP.LCCB.40.DP3,BP.LCCB..DP3,40,,LCCB,DP3,250.0,5.0-20.0Hz,5.0,20.0,1143.1740879362753,45.522725012431486,0.9096974592169191,-0.008,True
reconstruction_21465606,75336682,21465606,BP.LCCB.DP3,BP.LCCB.40.DP3,BP.LCCB..DP3,40,,LCCB,DP3,250.0,10.0-40.0Hz,10.0,40.0,1003.1124691936136,62.159775309029094,0.8812991927405217,-0.008,True
reconstruction_21465606,75336682,21465606,BP.LCCB.DP3,BP.LCCB.40.DP3,BP.LCCB..DP3,40,,LCCB,DP3,250.0,2.0-40.0Hz,2.0,40.0,724.2210061610293,34.808038268099644,0.9044427353953584,-0.008,True
reconstruction_21465606,75336682,21465606,BP.SCYB.DP1,BP.SCYB.40.DP1,BP.SCYB..DP1,40,,SCYB,DP1,250.0,2.0-10.0Hz,2.0,10.0,1274.9982363575928,36.12413658670085,0.9486470586023794,0.008,True
reconstruction_21465606,75336682,21465606,BP.SCYB.DP1,BP.SCYB.40.DP1,BP.SCYB..DP1,40,,SCYB,DP1,250.0,5.0-20.0Hz,5.0,20.0,1619.1658500330348,60.28215397616011,0.9200565083486008,0.008,True
reconstruction_21465606,75336682,21465606,BP.SCYB.DP1,BP.SCYB.40.DP1,BP.SCYB..DP1,40,,SCYB,DP1,250.0,10.0-40.0Hz,10.0,40.0,1159.7939491218203,53.823807380712026,0.8686832801648383,0.008,True
reconstruction_21465606,75336682,21465606,BP.SCYB.DP1,BP.SCYB.40.DP1,BP.SCYB..DP1,40,,SCYB,DP1,250.0,2.0-40.0Hz,2.0,40.0,1281.1291244701883,41.88811321122463,0.9189110467067025,0.008,True
reconstruction_21465606,75336682,21465606,BP.SCYB.DP2,BP.SCYB.40.DP2,BP.SCYB..DP2,40,,SCYB,DP2,250.0,2.0-10.0Hz,2.0,10.0,1059.153984891933,36.804060558735856,0.9428318941085287,0.008,True
reconstruction_21465606,75336682,21465606,BP.SCYB.DP2,BP.SCYB.40.DP2,BP.SCYB..DP2,40,,SCYB,DP2,250.0,5.0-20.0Hz,5.0,20.0,1842.642945616688,57.326875348878175,0.8842051547095193,0.004,True
reconstruction_21465606,75336682,21465606,BP.SCYB.DP2,BP.SCYB.40.DP2,BP.SCYB..DP2,40,,SCYB,DP2,250.0,10.0-40.0Hz,10.0,40.0,978.5466261053829,43.25762082271679,0.8133866145148282,0.004,True
reconstruction_21465606,75336682,21465606,BP.SCYB.DP2,BP.SCYB.40.DP2,BP.SCYB..DP2,40,,SCYB,DP2,250.0,2.0-40.0Hz,2.0,40.0,1061.96349531387,38.87139629083896,0.9172382979021559,0.008,True
reconstruction_21465606,75336682,21465606,BP.SCYB.DP3,BP.SCYB.40.DP3,BP.SCYB..DP3,40,,SCYB,DP3,250.0,2.0-10.0Hz,2.0,10.0,983.1650582874873,35.31955048631414,0.9350203206695579,0.008,True
reconstruction_21465606,75336682,21465606,BP.SCYB.DP3,BP.SCYB.40.DP3,BP.SCYB..DP3,40,,SCYB,DP3,250.0,5.0-20.0Hz,5.0,20.0,1875.1691179412328,57.93443335308751,0.9150014741337867,0.004,True
reconstruction_21465606,75336682,21465606,BP.SCYB.DP3,BP.SCYB.40.DP3,BP.SCYB..DP3,40,,SCYB,DP3,250.0,10.0-40.0Hz,10.0,40.0,980.5999046747992,46.293630866039955,0.8828014407107947,0.004,True
reconstruction_21465606,75336682,21465606,BP.SCYB.DP3,BP.SCYB.40.DP3,BP.SCYB..DP3,40,,SCYB,DP3,250.0,2.0-40.0Hz,2.0,40.0,1004.8347852994002,37.24198043097804,0.9015808298503927,0.004,True
reconstruction_21406445,75336682,21406445,BP.CCRB.DP1,BP.CCRB.40.DP1,BP.CCRB..DP1,40,,CCRB,DP1,250.0,2.0-10.0Hz,2.0,10.0,691.3230767469552,215.47263090070942,0.9882047358850391,0.024,True
reconstruction_21406445,75336682,21406445,BP.CCRB.DP1,BP.CCRB.40.DP1,BP.CCRB..DP1,40,,CCRB,DP1,250.0,5.0-20.0Hz,5.0,20.0,2716.944230232654,728.5025876353913,0.9852491912008844,0.02,True
reconstruction_21406445,75336682,21406445,BP.CCRB.DP1,BP.CCRB.40.DP1,BP.CCRB..DP1,40,,CCRB,DP1,250.0,10.0-40.0Hz,10.0,40.0,3802.5551128766233,1305.4773117254717,0.9893780222799224,0.02,True
reconstruction_21406445,75336682,21406445,BP.CCRB.DP1,BP.CCRB.40.DP1,BP.CCRB..DP1,40,,CCRB,DP1,250.0,2.0-40.0Hz,2.0,40.0,1873.1209280535425,633.9806699693942,0.9869154156989542,0.02,True
reconstruction_21406445,75336682,21406445,BP.CCRB.DP2,BP.CCRB.40.DP2,BP.CCRB..DP2,40,,CCRB,DP2,250.0,2.0-10.0Hz,2.0,10.0,690.1857849055642,186.4130622418376,0.9820183618771207,0.024,True
reconstruction_21406445,75336682,21406445,BP.CCRB.DP2,BP.CCRB.40.DP2,BP.CCRB..DP2,40,,CCRB,DP2,250.0,5.0-20.0Hz,5.0,20.0,1454.2922874862616,336.742315008865,0.9794428225742605,0.02,True
reconstruction_21406445,75336682,21406445,BP.CCRB.DP2,BP.CCRB.40.DP2,BP.CCRB..DP2,40,,CCRB,DP2,250.0,10.0-40.0Hz,10.0,40.0,1306.7237794477207,458.34215408864884,0.9835840666534337,0.02,True
reconstruction_21406445,75336682,21406445,BP.CCRB.DP2,BP.CCRB.40.DP2,BP.CCRB..DP2,40,,CCRB,DP2,250.0,2.0-40.0Hz,2.0,40.0,893.4849965063515,266.26300347006674,0.9764444475855156,0.02,True
reconstruction_21406445,75336682,21406445,BP.CCRB.DP3,BP.CCRB.40.DP3,BP.CCRB..DP3,40,,CCRB,DP3,250.0,2.0-10.0Hz,2.0,10.0,768.1813950694735,276.8313021190714,0.981668706352206,0.024,True
reconstruction_21406445,75336682,21406445,BP.CCRB.DP3,BP.CCRB.40.DP3,BP.CCRB..DP3,40,,CCRB,DP3,250.0,5.0-20.0Hz,5.0,20.0,1572.42563530698,566.0775280399332,0.9821348754787317,0.02,True
reconstruction_21406445,75336682,21406445,BP.CCRB.DP3,BP.CCRB.40.DP3,BP.CCRB..DP3,40,,CCRB,DP3,250.0,10.0-40.0Hz,10.0,40.0,1833.8013481128764,752.2181314208269,0.9888710007118272,0.02,True
reconstruction_21406445,75336682,21406445,BP.CCRB.DP3,BP.CCRB.40.DP3,BP.CCRB..DP3,40,,CCRB,DP3,250.0,2.0-40.0Hz,2.0,40.0,1122.41165344694,438.9484960837599,0.9804527040714244,0.02,True
reconstruction_21406445,75336682,21406445,BP.LCCB.DP1,BP.LCCB.40.DP1,BP.LCCB..DP1,40,,LCCB,DP1,250.0,2.0-10.0Hz,2.0,10.0,690.9008979365634,541.5083267741154,0.9291340111089551,0.012,True
reconstruction_21406445,75336682,21406445,BP.LCCB.DP1,BP.LCCB.40.DP1,BP.LCCB..DP1,40,,LCCB,DP1,250.0,5.0-20.0Hz,5.0,20.0,1446.960050781072,848.7453996885159,0.9618544732999752,0.012,True
reconstruction_21406445,75336682,21406445,BP.LCCB.DP1,BP.LCCB.40.DP1,BP.LCCB..DP1,40,,LCCB,DP1,250.0,10.0-40.0Hz,10.0,40.0,1117.897190606578,622.0073599293515,0.9812890283936004,0.012,True
reconstruction_21406445,75336682,21406445,BP.LCCB.DP1,BP.LCCB.40.DP1,BP.LCCB..DP1,40,,LCCB,DP1,250.0,2.0-40.0Hz,2.0,40.0,800.5611939215778,581.0006116750383,0.9463668366813596,0.012,True
reconstruction_21406445,75336682,21406445,BP.LCCB.DP2,BP.LCCB.40.DP2,BP.LCCB..DP2,40,,LCCB,DP2,250.0,2.0-10.0Hz,2.0,10.0,241.94870997644685,487.0240058620412,0.9576836265637609,-0.012,True
reconstruction_21406445,75336682,21406445,BP.LCCB.DP2,BP.LCCB.40.DP2,BP.LCCB..DP2,40,,LCCB,DP2,250.0,5.0-20.0Hz,5.0,20.0,299.70580918181815,692.2137204144221,0.8946851086579032,-0.008,True
reconstruction_21406445,75336682,21406445,BP.LCCB.DP2,BP.LCCB.40.DP2,BP.LCCB..DP2,40,,LCCB,DP2,250.0,10.0-40.0Hz,10.0,40.0,203.67826644732844,445.8553135540862,0.8203672365881223,-0.004,True
reconstruction_21406445,75336682,21406445,BP.LCCB.DP2,BP.LCCB.40.DP2,BP.LCCB..DP2,40,,LCCB,DP2,250.0,2.0-40.0Hz,2.0,40.0,221.8767390013183,481.95423269371247,0.8068032184192888,-0.004,True
reconstruction_21406445,75336682,21406445,BP.LCCB.DP3,BP.LCCB.40.DP3,BP.LCCB..DP3,40,,LCCB,DP3,250.0,2.0-10.0Hz,2.0,10.0,647.8554715109351,668.9607933137694,0.9520643028695165,0.016,True
reconstruction_21406445,75336682,21406445,BP.LCCB.DP3,BP.LCCB.40.DP3,BP.LCCB..DP3,40,,LCCB,DP3,250.0,5.0-20.0Hz,5.0,20.0,1143.1740879362753,830.0463874738899,0.9691380577326658,0.012,True
reconstruction_21406445,75336682,21406445,BP.LCCB.DP3,BP.LCCB.40.DP3,BP.LCCB..DP3,40,,LCCB,DP3,250.0,10.0-40.0Hz,10.0,40.0,1003.1124691936136,610.2538518739112,0.9866555153960492,0.012,True
reconstruction_21406445,75336682,21406445,BP.LCCB.DP3,BP.LCCB.40.DP3,BP.LCCB..DP3,40,,LCCB,DP3,250.0,2.0-40.0Hz,2.0,40.0,724.2210061610293,655.6152511106999,0.9479994265277532,0.012,True
reconstruction_21406445,75336682,21406445,BP.SCYB.DP1,BP.SCYB.40.DP1,BP.SCYB..DP1,40,,SCYB,DP1,250.0,2.0-10.0Hz,2.0,10.0,1274.9982363575928,572.4519824059198,0.956765496088302,0.024,True
reconstruction_21406445,75336682,21406445,BP.SCYB.DP1,BP.SCYB.40.DP1,BP.SCYB..DP1,40,,SCYB,DP1,250.0,5.0-20.0Hz,5.0,20.0,1619.1658500330348,770.4928937515136,0.9774345446466765,0.024,True
reconstruction_21406445,75336682,21406445,BP.SCYB.DP1,BP.SCYB.40.DP1,BP.SCYB..DP1,40,,SCYB,DP1,250.0,10.0-40.0Hz,10.0,40.0,1159.7939491218203,482.93625155572636,0.9810365943557717,0.02,True
reconstruction_21406445,75336682,21406445,BP.SCYB.DP1,BP.SCYB.40.DP1,BP.SCYB..DP1,40,,SCYB,DP1,250.0,2.0-40.0Hz,2.0,40.0,1281.1291244701883,559.090071559823,0.9528870468370129,0.024,True
reconstruction_21406445,75336682,21406445,BP.SCYB.DP2,BP.SCYB.40.DP2,BP.SCYB..DP2,40,,SCYB,DP2,250.0,2.0-10.0Hz,2.0,10.0,1059.153984891933,551.7132186613458,0.9619884092867796,0.028,True
reconstruction_21406445,75336682,21406445,BP.SCYB.DP2,BP.SCYB.40.DP2,BP.SCYB..DP2,40,,SCYB,DP2,250.0,5.0-20.0Hz,5.0,20.0,1842.642945616688,736.3750664488045,0.9689023841874578,0.024,True
reconstruction_21406445,75336682,21406445,BP.SCYB.DP2,BP.SCYB.40.DP2,BP.SCYB..DP2,40,,SCYB,DP2,250.0,10.0-40.0Hz,10.0,40.0,978.5466261053829,387.6686085747671,0.9804740715464516,0.02,True
reconstruction_21406445,75336682,21406445,BP.SCYB.DP2,BP.SCYB.40.DP2,BP.SCYB..DP2,40,,SCYB,DP2,250.0,2.0-40.0Hz,2.0,40.0,1061.96349531387,503.4314869168575,0.9508902751442481,0.024,True
reconstruction_21406445,75336682,21406445,BP.SCYB.DP3,BP.SCYB.40.DP3,BP.SCYB..DP3,40,,SCYB,DP3,250.0,2.0-10.0Hz,2.0,10.0,983.1650582874873,367.6071039159878,0.9549822455002372,0.028,True
reconstruction_21406445,75336682,21406445,BP.SCYB.DP3,BP.SCYB.40.DP3,BP.SCYB..DP3,40,,SCYB,DP3,250.0,5.0-20.0Hz,5.0,20.0,1875.1691179412328,514.0169022209993,0.9708801932809038,0.024,True
reconstruction_21406445,75336682,21406445,BP.SCYB.DP3,BP.SCYB.40.DP3,BP.SCYB..DP3,40,,SCYB,DP3,250.0,10.0-40.0Hz,10.0,40.0,980.5999046747992,338.1723893157497,0.9853297662854269,0.02,True
reconstruction_21406445,75336682,21406445,BP.SCYB.DP3,BP.SCYB.40.DP3,BP.SCYB..DP3,40,,SCYB,DP3,250.0,2.0-40.0Hz,2.0,40.0,1004.8347852994002,325.8222817258665,0.9471744074481776,0.024,True
reconstruction_71325295,75336682,71325295,BP.CCRB.DP1,BP.CCRB.40.DP1,BP.CCRB..DP1,40,,CCRB,DP1,250.0,2.0-10.0Hz,2.0,10.0,691.3230767469552,449.6484609667283,0.9849635452773746,0.008,True
reconstruction_71325295,75336682,71325295,BP.CCRB.DP1,BP.CCRB.40.DP1,BP.CCRB..DP1,40,,CCRB,DP1,250.0,5.0-20.0Hz,5.0,20.0,2716.944230232654,1371.290865320116,0.9736523944355928,0.004,True
reconstruction_71325295,75336682,71325295,BP.CCRB.DP1,BP.CCRB.40.DP1,BP.CCRB..DP1,40,,CCRB,DP1,250.0,10.0-40.0Hz,10.0,40.0,3802.5551128766233,1821.7903237665805,0.9810731637503806,0.0,True
reconstruction_71325295,75336682,71325295,BP.CCRB.DP1,BP.CCRB.40.DP1,BP.CCRB..DP1,40,,CCRB,DP1,250.0,2.0-40.0Hz,2.0,40.0,1873.1209280535425,1255.4311369105546,0.9739071699589131,0.0,True
reconstruction_71325295,75336682,71325295,BP.CCRB.DP2,BP.CCRB.40.DP2,BP.CCRB..DP2,40,,CCRB,DP2,250.0,2.0-10.0Hz,2.0,10.0,690.1857849055642,445.94646319818867,0.9803895113727775,0.008,True
reconstruction_71325295,75336682,71325295,BP.CCRB.DP2,BP.CCRB.40.DP2,BP.CCRB..DP2,40,,CCRB,DP2,250.0,5.0-20.0Hz,5.0,20.0,1454.2922874862616,727.1530107480571,0.9802856579208721,0.004,True
reconstruction_71325295,75336682,71325295,BP.CCRB.DP2,BP.CCRB.40.DP2,BP.CCRB..DP2,40,,CCRB,DP2,250.0,10.0-40.0Hz,10.0,40.0,1306.7237794477207,634.6406186971716,0.9696178674974651,0.0,True
reconstruction_71325295,75336682,71325295,BP.CCRB.DP2,BP.CCRB.40.DP2,BP.CCRB..DP2,40,,CCRB,DP2,250.0,2.0-40.0Hz,2.0,40.0,893.4849965063515,552.1731300911275,0.9530664740637342,0.004,True
reconstruction_71325295,75336682,71325295,BP.CCRB.DP3,BP.CCRB.40.DP3,BP.CCRB..DP3,40,,CCRB,DP3,250.0,2.0-10.0Hz,2.0,10.0,768.1813950694735,409.73164334186356,0.976646998628428,0.008,True
reconstruction_71325295,75336682,71325295,BP.CCRB.DP3,BP.CCRB.40.DP3,BP.CCRB..DP3,40,,CCRB,DP3,250.0,5.0-20.0Hz,5.0,20.0,1572.42563530698,798.1618982538753,0.9761217163979912,0.004,True
reconstruction_71325295,75336682,71325295,BP.CCRB.DP3,BP.CCRB.40.DP3,BP.CCRB..DP3,40,,CCRB,DP3,250.0,10.0-40.0Hz,10.0,40.0,1833.8013481128764,892.1746092152237,0.9803572421456723,0.0,True
reconstruction_71325295,75336682,71325295,BP.CCRB.DP3,BP.CCRB.40.DP3,BP.CCRB..DP3,40,,CCRB,DP3,250.0,2.0-40.0Hz,2.0,40.0,1122.41165344694,647.2913949068098,0.9603779197081009,0.0,True
reconstruction_71325295,75336682,71325295,BP.LCCB.DP1,BP.LCCB.40.DP1,BP.LCCB..DP1,40,,LCCB,DP1,250.0,2.0-10.0Hz,2.0,10.0,690.9008979365634,537.2039509573764,0.9761226501382992,-0.008,True
reconstruction_71325295,75336682,71325295,BP.LCCB.DP1,BP.LCCB.40.DP1,BP.LCCB..DP1,40,,LCCB,DP1,250.0,5.0-20.0Hz,5.0,20.0,1446.960050781072,868.9542497427905,0.9889595247491174,-0.008,True
reconstruction_71325295,75336682,71325295,BP.LCCB.DP1,BP.LCCB.40.DP1,BP.LCCB..DP1,40,,LCCB,DP1,250.0,10.0-40.0Hz,10.0,40.0,1117.897190606578,795.5449099077885,0.9903465044645097,-0.008,True
reconstruction_71325295,75336682,71325295,BP.LCCB.DP1,BP.LCCB.40.DP1,BP.LCCB..DP1,40,,LCCB,DP1,250.0,2.0-40.0Hz,2.0,40.0,800.5611939215778,617.4389858378024,0.98110858071725,-0.008,True
reconstruction_71325295,75336682,71325295,BP.LCCB.DP2,BP.LCCB.40.DP2,BP.LCCB..DP2,40,,LCCB,DP2,250.0,2.0-10.0Hz,2.0,10.0,241.94870997644685,323.7402669301556,0.9943148046476203,-0.012,True
reconstruction_71325295,75336682,71325295,BP.LCCB.DP2,BP.LCCB.40.DP2,BP.LCCB..DP2,40,,LCCB,DP2,250.0,5.0-20.0Hz,5.0,20.0,299.70580918181815,341.6027698766219,0.9942161976483035,-0.012,True
reconstruction_71325295,75336682,71325295,BP.LCCB.DP2,BP.LCCB.40.DP2,BP.LCCB..DP2,40,,LCCB,DP2,250.0,10.0-40.0Hz,10.0,40.0,203.67826644732844,222.41161165053344,0.9896798169572762,-0.012,True
reconstruction_71325295,75336682,71325295,BP.LCCB.DP2,BP.LCCB.40.DP2,BP.LCCB..DP2,40,,LCCB,DP2,250.0,2.0-40.0Hz,2.0,40.0,221.8767390013183,261.26930779103395,0.9917278297351391,-0.012,True
reconstruction_71325295,75336682,71325295,BP.LCCB.DP3,BP.LCCB.40.DP3,BP.LCCB..DP3,40,,LCCB,DP3,250.0,2.0-10.0Hz,2.0,10.0,647.8554715109351,609.9871443796446,0.9659462279207989,-0.004,True
reconstruction_71325295,75336682,71325295,BP.LCCB.DP3,BP.LCCB.40.DP3,BP.LCCB..DP3,40,,LCCB,DP3,250.0,5.0-20.0Hz,5.0,20.0,1143.1740879362753,853.1712166217225,0.9807810784822614,-0.008,True
reconstruction_71325295,75336682,71325295,BP.LCCB.DP3,BP.LCCB.40.DP3,BP.LCCB..DP3,40,,LCCB,DP3,250.0,10.0-40.0Hz,10.0,40.0,1003.1124691936136,677.6028408113793,0.9926826822335252,-0.008,True
reconstruction_71325295,75336682,71325295,BP.LCCB.DP3,BP.LCCB.40.DP3,BP.LCCB..DP3,40,,LCCB,DP3,250.0,2.0-40.0Hz,2.0,40.0,724.2210061610293,652.1045209702198,0.957636769510878,-0.008,True
reconstruction_71325295,75336682,71325295,BP.SCYB.DP1,BP.SCYB.40.DP1,BP.SCYB..DP1,40,,SCYB,DP1,250.0,2.0-10.0Hz,2.0,10.0,1274.9982363575928,666.9106970418773,0.9739371472727538,0.008,True
reconstruction_71325295,75336682,71325295,BP.SCYB.DP1,BP.SCYB.40.DP1,BP.SCYB..DP1,40,,SCYB,DP1,250.0,5.0-20.0Hz,5.0,20.0,1619.1658500330348,761.0777521662202,0.9804463182596471,0.004,True
reconstruction_71325295,75336682,71325295,BP.SCYB.DP1,BP.SCYB.40.DP1,BP.SCYB..DP1,40,,SCYB,DP1,250.0,10.0-40.0Hz,10.0,40.0,1159.7939491218203,458.59070278783304,0.9886124502435089,0.0,True
reconstruction_71325295,75336682,71325295,BP.SCYB.DP1,BP.SCYB.40.DP1,BP.SCYB..DP1,40,,SCYB,DP1,250.0,2.0-40.0Hz,2.0,40.0,1281.1291244701883,589.9714142302165,0.9568832861666406,0.004,True
reconstruction_71325295,75336682,71325295,BP.SCYB.DP2,BP.SCYB.40.DP2,BP.SCYB..DP2,40,,SCYB,DP2,250.0,2.0-10.0Hz,2.0,10.0,1059.153984891933,682.1958923661084,0.9789807061411894,0.008,True
reconstruction_71325295,75336682,71325295,BP.SCYB.DP2,BP.SCYB.40.DP2,BP.SCYB..DP2,40,,SCYB,DP2,250.0,5.0-20.0Hz,5.0,20.0,1842.642945616688,690.3561888224922,0.9807832588825034,0.004,True
reconstruction_71325295,75336682,71325295,BP.SCYB.DP2,BP.SCYB.40.DP2,BP.SCYB..DP2,40,,SCYB,DP2,250.0,10.0-40.0Hz,10.0,40.0,978.5466261053829,356.4670471709524,0.9872732738024335,0.0,True
reconstruction_71325295,75336682,71325295,BP.SCYB.DP2,BP.SCYB.40.DP2,BP.SCYB..DP2,40,,SCYB,DP2,250.0,2.0-40.0Hz,2.0,40.0,1061.96349531387,524.3527407087028,0.9622884360375323,0.004,True
reconstruction_71325295,75336682,71325295,BP.SCYB.DP3,BP.SCYB.40.DP3,BP.SCYB..DP3,40,,SCYB,DP3,250.0,2.0-10.0Hz,2.0,10.0,983.1650582874873,370.7526905079964,0.9711845497106969,0.008,True
reconstruction_71325295,75336682,71325295,BP.SCYB.DP3,BP.SCYB.40.DP3,BP.SCYB..DP3,40,,SCYB,DP3,250.0,5.0-20.0Hz,5.0,20.0,1875.1691179412328,501.4014262245506,0.9784499952878589,0.004,True
reconstruction_71325295,75336682,71325295,BP.SCYB.DP3,BP.SCYB.40.DP3,BP.SCYB..DP3,40,,SCYB,DP3,250.0,10.0-40.0Hz,10.0,40.0,980.5999046747992,326.6778930079351,0.9925344517738947,0.0,True
reconstruction_71325295,75336682,71325295,BP.SCYB.DP3,BP.SCYB.40.DP3,BP.SCYB..DP3,40,,SCYB,DP3,250.0,2.0-40.0Hz,2.0,40.0,1004.8347852994002,340.8126293784778,0.951994249547639,0.004,True
reconstruction_21447879,75336682,21447879,BP.CCRB.DP1,BP.CCRB.40.DP1,BP.CCRB..DP1,40,,CCRB,DP1,250.0,2.0-10.0Hz,2.0,10.0,691.3230767469552,197.73500833046714,0.9804032854963927,0.008,True
reconstruction_21447879,75336682,21447879,BP.CCRB.DP1,BP.CCRB.40.DP1,BP.CCRB..DP1,40,,CCRB,DP1,250.0,5.0-20.0Hz,5.0,20.0,2716.944230232654,419.0251089117806,0.9499096459685611,0.008,True
reconstruction_21447879,75336682,21447879,BP.CCRB.DP1,BP.CCRB.40.DP1,BP.CCRB..DP1,40,,CCRB,DP1,250.0,10.0-40.0Hz,10.0,40.0,3802.5551128766233,427.1835225975426,0.8202333437342928,0.008,True
reconstruction_21447879,75336682,21447879,BP.CCRB.DP1,BP.CCRB.40.DP1,BP.CCRB..DP1,40,,CCRB,DP1,250.0,2.0-40.0Hz,2.0,40.0,1873.1209280535425,310.2200186517747,0.8395221071630451,0.008,True
reconstruction_21447879,75336682,21447879,BP.CCRB.DP2,BP.CCRB.40.DP2,BP.CCRB..DP2,40,,CCRB,DP2,250.0,2.0-10.0Hz,2.0,10.0,690.1857849055642,192.13011319862215,0.9546872913162311,0.008,True
reconstruction_21447879,75336682,21447879,BP.CCRB.DP2,BP.CCRB.40.DP2,BP.CCRB..DP2,40,,CCRB,DP2,250.0,5.0-20.0Hz,5.0,20.0,1454.2922874862616,293.3878873817228,0.9211874182889723,0.008,True
reconstruction_21447879,75336682,21447879,BP.CCRB.DP2,BP.CCRB.40.DP2,BP.CCRB..DP2,40,,CCRB,DP2,250.0,10.0-40.0Hz,10.0,40.0,1306.7237794477207,183.1261935805014,0.7483715360679352,0.008,True
reconstruction_21447879,75336682,21447879,BP.CCRB.DP2,BP.CCRB.40.DP2,BP.CCRB..DP2,40,,CCRB,DP2,250.0,2.0-40.0Hz,2.0,40.0,893.4849965063515,196.112430993407,0.863429064644199,0.008,True
reconstruction_21447879,75336682,21447879,BP.CCRB.DP3,BP.CCRB.40.DP3,BP.CCRB..DP3,40,,CCRB,DP3,250.0,2.0-10.0Hz,2.0,10.0,768.1813950694735,226.230383247089,0.9676280791964437,0.008,True
reconstruction_21447879,75336682,21447879,BP.CCRB.DP3,BP.CCRB.40.DP3,BP.CCRB..DP3,40,,CCRB,DP3,250.0,5.0-20.0Hz,5.0,20.0,1572.42563530698,371.3424882888806,0.9343190284582533,0.008,True
reconstruction_21447879,75336682,21447879,BP.CCRB.DP3,BP.CCRB.40.DP3,BP.CCRB..DP3,40,,CCRB,DP3,250.0,10.0-40.0Hz,10.0,40.0,1833.8013481128764,254.44447751639947,0.8049818569199394,0.008,True
reconstruction_21447879,75336682,21447879,BP.CCRB.DP3,BP.CCRB.40.DP3,BP.CCRB..DP3,40,,CCRB,DP3,250.0,2.0-40.0Hz,2.0,40.0,1122.41165344694,246.30115425149575,0.8692607934706389,0.008,True
reconstruction_21447879,75336682,21447879,BP.LCCB.DP1,BP.LCCB.40.DP1,BP.LCCB..DP1,40,,LCCB,DP1,250.0,2.0-10.0Hz,2.0,10.0,690.9008979365634,264.62621743449,0.9674436657919543,0.0,True
reconstruction_21447879,75336682,21447879,BP.LCCB.DP1,BP.LCCB.40.DP1,BP.LCCB..DP1,40,,LCCB,DP1,250.0,5.0-20.0Hz,5.0,20.0,1446.960050781072,308.7459470840328,0.9268221575084961,-0.004,True
reconstruction_21447879,75336682,21447879,BP.LCCB.DP1,BP.LCCB.40.DP1,BP.LCCB..DP1,40,,LCCB,DP1,250.0,10.0-40.0Hz,10.0,40.0,1117.897190606578,151.7665138870126,0.8148092069742274,-0.004,True
reconstruction_21447879,75336682,21447879,BP.LCCB.DP1,BP.LCCB.40.DP1,BP.LCCB..DP1,40,,LCCB,DP1,250.0,2.0-40.0Hz,2.0,40.0,800.5611939215778,230.9485521803937,0.9149498134510923,0.0,True
reconstruction_21447879,75336682,21447879,BP.LCCB.DP2,BP.LCCB.40.DP2,BP.LCCB..DP2,40,,LCCB,DP2,250.0,2.0-10.0Hz,2.0,10.0,241.94870997644685,294.54068434126236,0.9700324760501361,-0.024,True
reconstruction_21447879,75336682,21447879,BP.LCCB.DP2,BP.LCCB.40.DP2,BP.LCCB..DP2,40,,LCCB,DP2,250.0,5.0-20.0Hz,5.0,20.0,299.70580918181815,293.01283002626735,0.8593868460681422,-0.02,True
reconstruction_21447879,75336682,21447879,BP.LCCB.DP2,BP.LCCB.40.DP2,BP.LCCB..DP2,40,,LCCB,DP2,250.0,10.0-40.0Hz,10.0,40.0,203.67826644732844,121.25809596553847,0.5695354235006803,-0.016,True
reconstruction_21447879,75336682,21447879,BP.LCCB.DP2,BP.LCCB.40.DP2,BP.LCCB..DP2,40,,LCCB,DP2,250.0,2.0-40.0Hz,2.0,40.0,221.8767390013183,230.27724742388864,0.7624363315172556,-0.02,True
reconstruction_21447879,75336682,21447879,BP.LCCB.DP3,BP.LCCB.40.DP3,BP.LCCB..DP3,40,,LCCB,DP3,250.0,2.0-10.0Hz,2.0,10.0,647.8554715109351,287.52553165456123,0.9686395352568834,0.0,True
reconstruction_21447879,75336682,21447879,BP.LCCB.DP3,BP.LCCB.40.DP3,BP.LCCB..DP3,40,,LCCB,DP3,250.0,5.0-20.0Hz,5.0,20.0,1143.1740879362753,336.59408017369583,0.907215003523643,-0.004,True
reconstruction_21447879,75336682,21447879,BP.LCCB.DP3,BP.LCCB.40.DP3,BP.LCCB..DP3,40,,LCCB,DP3,250.0,10.0-40.0Hz,10.0,40.0,1003.1124691936136,153.65339918238368,0.7920003034600528,0.0,True
reconstruction_21447879,75336682,21447879,BP.LCCB.DP3,BP.LCCB.40.DP3,BP.LCCB..DP3,40,,LCCB,DP3,250.0,2.0-40.0Hz,2.0,40.0,724.2210061610293,248.74304352800078,0.9186942302732198,0.0,True
reconstruction_21447879,75336682,21447879,BP.SCYB.DP1,BP.SCYB.40.DP1,BP.SCYB..DP1,40,,SCYB,DP1,250.0,2.0-10.0Hz,2.0,10.0,1274.9982363575928,252.96351889434965,0.9745382201969386,0.012,True
reconstruction_21447879,75336682,21447879,BP.SCYB.DP1,BP.SCYB.40.DP1,BP.SCYB..DP1,40,,SCYB,DP1,250.0,5.0-20.0Hz,5.0,20.0,1619.1658500330348,272.2203775629706,0.9623498927910069,0.008,True
reconstruction_21447879,75336682,21447879,BP.SCYB.DP1,BP.SCYB.40.DP1,BP.SCYB..DP1,40,,SCYB,DP1,250.0,10.0-40.0Hz,10.0,40.0,1159.7939491218203,143.31988158679732,0.9090986791374637,0.008,True
reconstruction_21447879,75336682,21447879,BP.SCYB.DP1,BP.SCYB.40.DP1,BP.SCYB..DP1,40,,SCYB,DP1,250.0,2.0-40.0Hz,2.0,40.0,1281.1291244701883,217.23522551264207,0.9599750115171453,0.008,True
reconstruction_21447879,75336682,21447879,BP.SCYB.DP2,BP.SCYB.40.DP2,BP.SCYB..DP2,40,,SCYB,DP2,250.0,2.0-10.0Hz,2.0,10.0,1059.153984891933,243.1072963868065,0.9775196433057909,0.012,True
reconstruction_21447879,75336682,21447879,BP.SCYB.DP2,BP.SCYB.40.DP2,BP.SCYB..DP2,40,,SCYB,DP2,250.0,5.0-20.0Hz,5.0,20.0,1842.642945616688,243.41953229727233,0.9470465875680819,0.008,True
reconstruction_21447879,75336682,21447879,BP.SCYB.DP2,BP.SCYB.40.DP2,BP.SCYB..DP2,40,,SCYB,DP2,250.0,10.0-40.0Hz,10.0,40.0,978.5466261053829,100.87969969657539,0.8638741853944558,0.008,True
reconstruction_21447879,75336682,21447879,BP.SCYB.DP2,BP.SCYB.40.DP2,BP.SCYB..DP2,40,,SCYB,DP2,250.0,2.0-40.0Hz,2.0,40.0,1061.96349531387,205.66959044016727,0.964285994412634,0.012,True
reconstruction_21447879,75336682,21447879,BP.SCYB.DP3,BP.SCYB.40.DP3,BP.SCYB..DP3,40,,SCYB,DP3,250.0,2.0-10.0Hz,2.0,10.0,983.1650582874873,197.74918583876,0.9697955447797934,0.012,True
reconstruction_21447879,75336682,21447879,BP.SCYB.DP3,BP.SCYB.40.DP3,BP.SCYB..DP3,40,,SCYB,DP3,250.0,5.0-20.0Hz,5.0,20.0,1875.1691179412328,197.5292608667997,0.9563689809937037,0.008,True
reconstruction_21447879,75336682,21447879,BP.SCYB.DP3,BP.SCYB.40.DP3,BP.SCYB..DP3,40,,SCYB,DP3,250.0,10.0-40.0Hz,10.0,40.0,980.5999046747992,92.9617198998428,0.9003797918266795,0.008,True
reconstruction_21447879,75336682,21447879,BP.SCYB.DP3,BP.SCYB.40.DP3,BP.SCYB..DP3,40,,SCYB,DP3,250.0,2.0-40.0Hz,2.0,40.0,1004.8347852994002,161.83248887666525,0.9545496769969783,0.008,True
reconstruction_73770420,75336682,73770420,BP.CCRB.DP1,BP.CCRB.40.DP1,BP.CCRB.40.DP1,40,40,CCRB,DP1,250.0,2.0-10.0Hz,2.0,10.0,691.3230767469552,1.1227637801443913,0.1567805065563359,0.448,False
reconstruction_73770420,75336682,73770420,BP.CCRB.DP1,BP.CCRB.40.DP1,BP.CCRB.40.DP1,40,40,CCRB,DP1,250.0,5.0-20.0Hz,5.0,20.0,2716.944230232654,0.9389235297399579,0.09983874799497801,-0.224,False
reconstruction_73770420,75336682,73770420,BP.CCRB.DP1,BP.CCRB.40.DP1,BP.CCRB.40.DP1,40,40,CCRB,DP1,250.0,10.0-40.0Hz,10.0,40.0,3802.5551128766233,1.069066892681183,0.11325277126464811,0.064,False
reconstruction_73770420,75336682,73770420,BP.CCRB.DP1,BP.CCRB.40.DP1,BP.CCRB.40.DP1,40,40,CCRB,DP1,250.0,2.0-40.0Hz,2.0,40.0,1873.1209280535425,1.092135904014894,0.06607221701608229,0.436,False
reconstruction_73770420,75336682,73770420,BP.CCRB.DP2,BP.CCRB.40.DP2,BP.CCRB.40.DP2,40,40,CCRB,DP2,250.0,2.0-10.0Hz,2.0,10.0,690.1857849055642,1.119575715907212,0.10577211045493962,0.172,False
reconstruction_73770420,75336682,73770420,BP.CCRB.DP2,BP.CCRB.40.DP2,BP.CCRB.40.DP2,40,40,CCRB,DP2,250.0,5.0-20.0Hz,5.0,20.0,1454.2922874862616,1.0440597210885967,0.12136497378369823,-0.452,False
reconstruction_73770420,75336682,73770420,BP.CCRB.DP2,BP.CCRB.40.DP2,BP.CCRB.40.DP2,40,40,CCRB,DP2,250.0,10.0-40.0Hz,10.0,40.0,1306.7237794477207,1.0565450791495805,0.12491503577879774,-0.288,False
reconstruction_73770420,75336682,73770420,BP.CCRB.DP2,BP.CCRB.40.DP2,BP.CCRB.40.DP2,40,40,CCRB,DP2,250.0,2.0-40.0Hz,2.0,40.0,893.4849965063515,1.0612799352938582,0.09525438950420957,-0.452,False
reconstruction_73770420,75336682,73770420,BP.CCRB.DP3,BP.CCRB.40.DP3,BP.CCRB.40.DP3,40,40,CCRB,DP3,250.0,2.0-10.0Hz,2.0,10.0,768.1813950694735,1.2683495935434044,0.14704248369122672,0.156,False
reconstruction_73770420,75336682,73770420,BP.CCRB.DP3,BP.CCRB.40.DP3,BP.CCRB.40.DP3,40,40,CCRB,DP3,250.0,5.0-20.0Hz,5.0,20.0,1572.42563530698,0.9405529913546162,0.1484250615390134,-0.396,False
reconstruction_73770420,75336682,73770420,BP.CCRB.DP3,BP.CCRB.40.DP3,BP.CCRB.40.DP3,40,40,CCRB,DP3,250.0,10.0-40.0Hz,10.0,40.0,1833.8013481128764,0.9859325117687621,0.12529826081073794,-0.032,False
reconstruction_73770420,75336682,73770420,BP.CCRB.DP3,BP.CCRB.40.DP3,BP.CCRB.40.DP3,40,40,CCRB,DP3,250.0,2.0-40.0Hz,2.0,40.0,1122.41165344694,1.1763212367777112,0.09032642803440165,0.148,False
reconstruction_73770420,75336682,73770420,BP.LCCB.DP1,BP.LCCB.40.DP1,BP.LCCB.40.DP1,40,40,LCCB,DP1,250.0,2.0-10.0Hz,2.0,10.0,690.9008979365634,1543.0389104051783,0.9762437805869952,0.004,True
reconstruction_73770420,75336682,73770420,BP.LCCB.DP1,BP.LCCB.40.DP1,BP.LCCB.40.DP1,40,40,LCCB,DP1,250.0,5.0-20.0Hz,5.0,20.0,1446.960050781072,2622.6649945852887,0.9898915147095013,0.004,True
reconstruction_73770420,75336682,73770420,BP.LCCB.DP1,BP.LCCB.40.DP1,BP.LCCB.40.DP1,40,40,LCCB,DP1,250.0,10.0-40.0Hz,10.0,40.0,1117.897190606578,1494.5703779650303,0.9938700062472466,0.004,True
reconstruction_73770420,75336682,73770420,BP.LCCB.DP1,BP.LCCB.40.DP1,BP.LCCB.40.DP1,40,40,LCCB,DP1,250.0,2.0-40.0Hz,2.0,40.0,800.5611939215778,1577.6786741319702,0.981865426853034,0.004,True
reconstruction_73770420,75336682,73770420,BP.LCCB.DP2,BP.LCCB.40.DP2,BP.LCCB.40.DP2,40,40,LCCB,DP2,250.0,2.0-10.0Hz,2.0,10.0,241.94870997644685,292.12505266324075,0.9940236869336834,0.004,True
reconstruction_73770420,75336682,73770420,BP.LCCB.DP2,BP.LCCB.40.DP2,BP.LCCB.40.DP2,40,40,LCCB,DP2,250.0,5.0-20.0Hz,5.0,20.0,299.70580918181815,322.8596748442583,0.9922974483313386,0.004,True
reconstruction_73770420,75336682,73770420,BP.LCCB.DP2,BP.LCCB.40.DP2,BP.LCCB.40.DP2,40,40,LCCB,DP2,250.0,10.0-40.0Hz,10.0,40.0,203.67826644732844,219.30599758480767,0.9897427851235154,0.004,True
reconstruction_73770420,75336682,73770420,BP.LCCB.DP2,BP.LCCB.40.DP2,BP.LCCB.40.DP2,40,40,LCCB,DP2,250.0,2.0-40.0Hz,2.0,40.0,221.8767390013183,250.38488994522467,0.9913183762791747,0.004,True
reconstruction_73770420,75336682,73770420,BP.LCCB.DP3,BP.LCCB.40.DP3,BP.LCCB.40.DP3,40,40,LCCB,DP3,250.0,2.0-10.0Hz,2.0,10.0,647.8554715109351,1495.0475403190967,0.9858676297336141,0.004,True
reconstruction_73770420,75336682,73770420,BP.LCCB.DP3,BP.LCCB.40.DP3,BP.LCCB.40.DP3,40,40,LCCB,DP3,250.0,5.0-20.0Hz,5.0,20.0,1143.1740879362753,2151.081939747515,0.986618571210302,0.004,True
reconstruction_73770420,75336682,73770420,BP.LCCB.DP3,BP.LCCB.40.DP3,BP.LCCB.40.DP3,40,40,LCCB,DP3,250.0,10.0-40.0Hz,10.0,40.0,1003.1124691936136,1505.2770560318204,0.9921640962712537,0.004,True
reconstruction_73770420,75336682,73770420,BP.LCCB.DP3,BP.LCCB.40.DP3,BP.LCCB.40.DP3,40,40,LCCB,DP3,250.0,2.0-40.0Hz,2.0,40.0,724.2210061610293,1541.294640410296,0.9868792016121204,0.004,True
reconstruction_73770420,75336682,73770420,BP.SCYB.DP1,BP.SCYB.40.DP1,BP.SCYB.40.DP1,40,40,SCYB,DP1,250.0,2.0-10.0Hz,2.0,10.0,1274.9982363575928,1642.7252658005248,0.9958098582097099,0.012,True
reconstruction_73770420,75336682,73770420,BP.SCYB.DP1,BP.SCYB.40.DP1,BP.SCYB.40.DP1,40,40,SCYB,DP1,250.0,5.0-20.0Hz,5.0,20.0,1619.1658500330348,2085.583429707207,0.9978158497198293,0.012,True
reconstruction_73770420,75336682,73770420,BP.SCYB.DP1,BP.SCYB.40.DP1,BP.SCYB.40.DP1,40,40,SCYB,DP1,250.0,10.0-40.0Hz,10.0,40.0,1159.7939491218203,1171.1900046453752,0.9979969043133343,0.012,True
reconstruction_73770420,75336682,73770420,BP.SCYB.DP1,BP.SCYB.40.DP1,BP.SCYB.40.DP1,40,40,SCYB,DP1,250.0,2.0-40.0Hz,2.0,40.0,1281.1291244701883,1549.839324092175,0.9963384841380776,0.012,True
reconstruction_73770420,75336682,73770420,BP.SCYB.DP2,BP.SCYB.40.DP2,BP.SCYB.40.DP2,40,40,SCYB,DP2,250.0,2.0-10.0Hz,2.0,10.0,1059.153984891933,1591.6363105143168,0.996379212689266,0.012,True
reconstruction_73770420,75336682,73770420,BP.SCYB.DP2,BP.SCYB.40.DP2,BP.SCYB.40.DP2,40,40,SCYB,DP2,250.0,5.0-20.0Hz,5.0,20.0,1842.642945616688,1986.427015382664,0.9952895440238632,0.012,True
reconstruction_73770420,75336682,73770420,BP.SCYB.DP2,BP.SCYB.40.DP2,BP.SCYB.40.DP2,40,40,SCYB,DP2,250.0,10.0-40.0Hz,10.0,40.0,978.5466261053829,800.8297815878925,0.9947505648732509,0.012,True
reconstruction_73770420,75336682,73770420,BP.SCYB.DP2,BP.SCYB.40.DP2,BP.SCYB.40.DP2,40,40,SCYB,DP2,250.0,2.0-40.0Hz,2.0,40.0,1061.96349531387,1437.5145622682505,0.9961968719542529,0.012,True
reconstruction_73770420,75336682,73770420,BP.SCYB.DP3,BP.SCYB.40.DP3,BP.SCYB.40.DP3,40,40,SCYB,DP3,250.0,2.0-10.0Hz,2.0,10.0,983.1650582874873,836.7884815009403,0.9961252849114234,0.012,True
reconstruction_73770420,75336682,73770420,BP.SCYB.DP3,BP.SCYB.40.DP3,BP.SCYB.40.DP3,40,40,SCYB,DP3,250.0,5.0-20.0Hz,5.0,20.0,1875.1691179412328,836.5830384889739,0.9951336967918981,0.012,True
reconstruction_73770420,75336682,73770420,BP.SCYB.DP3,BP.SCYB.40.DP3,BP.SCYB.40.DP3,40,40,SCYB,DP3,250.0,10.0-40.0Hz,10.0,40.0,980.5999046747992,455.8601740879899,0.996714959314456,0.012,True
reconstruction_73770420,75336682,73770420,BP.SCYB.DP3,BP.SCYB.40.DP3,BP.SCYB.40.DP3,40,40,SCYB,DP3,250.0,2.0-40.0Hz,2.0,40.0,1004.8347852994002,717.8303718986429,0.9959214440616815,0.012,True
reconstruction_51214531,75336682,51214531,BP.CCRB.DP1,BP.CCRB.40.DP1,BP.CCRB..DP1,40,,CCRB,DP1,250.0,2.0-10.0Hz,2.0,10.0,691.3230767469552,118.79117905537943,0.9902468285460365,-0.012,True
reconstruction_51214531,75336682,51214531,BP.CCRB.DP1,BP.CCRB.40.DP1,BP.CCRB..DP1,40,,CCRB,DP1,250.0,5.0-20.0Hz,5.0,20.0,2716.944230232654,313.616315484446,0.9936300832642181,-0.016,True
reconstruction_51214531,75336682,51214531,BP.CCRB.DP1,BP.CCRB.40.DP1,BP.CCRB..DP1,40,,CCRB,DP1,250.0,10.0-40.0Hz,10.0,40.0,3802.5551128766233,581.3656965493266,0.9915480203731967,-0.016,True
reconstruction_51214531,75336682,51214531,BP.CCRB.DP1,BP.CCRB.40.DP1,BP.CCRB..DP1,40,,CCRB,DP1,250.0,2.0-40.0Hz,2.0,40.0,1873.1209280535425,327.62317104245875,0.9899114125952173,-0.016,True
reconstruction_51214531,75336682,51214531,BP.CCRB.DP2,BP.CCRB.40.DP2,BP.CCRB..DP2,40,,CCRB,DP2,250.0,2.0-10.0Hz,2.0,10.0,690.1857849055642,90.21904482418113,0.9861254789858729,-0.004,True
reconstruction_51214531,75336682,51214531,BP.CCRB.DP2,BP.CCRB.40.DP2,BP.CCRB..DP2,40,,CCRB,DP2,250.0,5.0-20.0Hz,5.0,20.0,1454.2922874862616,169.8874430739322,0.9847690772726064,-0.004,True
reconstruction_51214531,75336682,51214531,BP.CCRB.DP2,BP.CCRB.40.DP2,BP.CCRB..DP2,40,,CCRB,DP2,250.0,10.0-40.0Hz,10.0,40.0,1306.7237794477207,222.8465286071905,0.9709621945867704,-0.008,True
reconstruction_51214531,75336682,51214531,BP.CCRB.DP2,BP.CCRB.40.DP2,BP.CCRB..DP2,40,,CCRB,DP2,250.0,2.0-40.0Hz,2.0,40.0,893.4849965063515,128.66859614792844,0.9660838118743592,-0.004,True
reconstruction_51214531,75336682,51214531,BP.CCRB.DP3,BP.CCRB.40.DP3,BP.CCRB..DP3,40,,CCRB,DP3,250.0,2.0-10.0Hz,2.0,10.0,768.1813950694735,0.914485140562439,0.22484917235590296,-0.112,False
reconstruction_51214531,75336682,51214531,BP.CCRB.DP3,BP.CCRB.40.DP3,BP.CCRB..DP3,40,,CCRB,DP3,250.0,5.0-20.0Hz,5.0,20.0,1572.42563530698,1.0682325954944083,0.24339100348582415,0.012,False
reconstruction_51214531,75336682,51214531,BP.CCRB.DP3,BP.CCRB.40.DP3,BP.CCRB..DP3,40,,CCRB,DP3,250.0,10.0-40.0Hz,10.0,40.0,1833.8013481128764,1.0898527451527722,0.206391407289774,0.008,False
reconstruction_51214531,75336682,51214531,BP.CCRB.DP3,BP.CCRB.40.DP3,BP.CCRB..DP3,40,,CCRB,DP3,250.0,2.0-40.0Hz,2.0,40.0,1122.41165344694,1.0391733321840135,0.181354520620812,0.008,False
reconstruction_51214531,75336682,51214531,BP.LCCB.DP1,BP.LCCB.40.DP1,BP.LCCB..DP1,40,,LCCB,DP1,250.0,2.0-10.0Hz,2.0,10.0,690.9008979365634,57.18499040453204,0.9720080207838155,-0.012,True
reconstruction_51214531,75336682,51214531,BP.LCCB.DP1,BP.LCCB.40.DP1,BP.LCCB..DP1,40,,LCCB,DP1,250.0,5.0-20.0Hz,5.0,20.0,1446.960050781072,65.02017320565218,0.9759047632952983,-0.012,True
reconstruction_51214531,75336682,51214531,BP.LCCB.DP1,BP.LCCB.40.DP1,BP.LCCB..DP1,40,,LCCB,DP1,250.0,10.0-40.0Hz,10.0,40.0,1117.897190606578,45.74787659674204,0.988202905701841,-0.016,True
reconstruction_51214531,75336682,51214531,BP.LCCB.DP1,BP.LCCB.40.DP1,BP.LCCB..DP1,40,,LCCB,DP1,250.0,2.0-40.0Hz,2.0,40.0,800.5611939215778,51.13748371532447,0.966736638158107,-0.016,True
reconstruction_51214531,75336682,51214531,BP.LCCB.DP2,BP.LCCB.40.DP2,BP.LCCB..DP2,40,,LCCB,DP2,250.0,2.0-10.0Hz,2.0,10.0,241.94870997644685,339.07191327236086,0.9945888514779856,-0.02,True
reconstruction_51214531,75336682,51214531,BP.LCCB.DP2,BP.LCCB.40.DP2,BP.LCCB..DP2,40,,LCCB,DP2,250.0,5.0-20.0Hz,5.0,20.0,299.70580918181815,380.79922745145615,0.9924489325781388,-0.02,True
reconstruction_51214531,75336682,51214531,BP.LCCB.DP2,BP.LCCB.40.DP2,BP.LCCB..DP2,40,,LCCB,DP2,250.0,10.0-40.0Hz,10.0,40.0,203.67826644732844,225.26153528557327,0.9858307566625866,-0.02,True
reconstruction_51214531,75336682,51214531,BP.LCCB.DP2,BP.LCCB.40.DP2,BP.LCCB..DP2,40,,LCCB,DP2,250.0,2.0-40.0Hz,2.0,40.0,221.8767390013183,269.7435359163324,0.9893578436520163,-0.02,True
reconstruction_51214531,75336682,51214531,BP.LCCB.DP3,BP.LCCB.40.DP3,BP.LCCB..DP3,40,,LCCB,DP3,250.0,2.0-10.0Hz,2.0,10.0,647.8554715109351,455.4043116511137,0.9636490951141613,-0.008,True
reconstruction_51214531,75336682,51214531,BP.LCCB.DP3,BP.LCCB.40.DP3,BP.LCCB..DP3,40,,LCCB,DP3,250.0,5.0-20.0Hz,5.0,20.0,1143.1740879362753,611.6722687752268,0.9746559239619418,-0.012,True
reconstruction_51214531,75336682,51214531,BP.LCCB.DP3,BP.LCCB.40.DP3,BP.LCCB..DP3,40,,LCCB,DP3,250.0,10.0-40.0Hz,10.0,40.0,1003.1124691936136,480.70426262605315,0.9835882579260918,-0.016,True
reconstruction_51214531,75336682,51214531,BP.LCCB.DP3,BP.LCCB.40.DP3,BP.LCCB..DP3,40,,LCCB,DP3,250.0,2.0-40.0Hz,2.0,40.0,724.2210061610293,461.57774872518115,0.9534996518023798,-0.012,True
reconstruction_51214531,75336682,51214531,BP.SCYB.DP1,BP.SCYB.40.DP1,BP.SCYB..DP1,40,,SCYB,DP1,250.0,2.0-10.0Hz,2.0,10.0,1274.9982363575928,517.6734632416473,0.9743392576883171,0.0,True
reconstruction_51214531,75336682,51214531,BP.SCYB.DP1,BP.SCYB.40.DP1,BP.SCYB..DP1,40,,SCYB,DP1,250.0,5.0-20.0Hz,5.0,20.0,1619.1658500330348,662.4152485290651,0.9842769481428718,-0.004,True
reconstruction_51214531,75336682,51214531,BP.SCYB.DP1,BP.SCYB.40.DP1,BP.SCYB..DP1,40,,SCYB,DP1,250.0,10.0-40.0Hz,10.0,40.0,1159.7939491218203,414.79960168393836,0.9850153874208845,-0.004,True
reconstruction_51214531,75336682,51214531,BP.SCYB.DP1,BP.SCYB.40.DP1,BP.SCYB..DP1,40,,SCYB,DP1,250.0,2.0-40.0Hz,2.0,40.0,1281.1291244701883,491.82615972456796,0.96077728289626,-0.004,True
reconstruction_51214531,75336682,51214531,BP.SCYB.DP2,BP.SCYB.40.DP2,BP.SCYB..DP2,40,,SCYB,DP2,250.0,2.0-10.0Hz,2.0,10.0,1059.153984891933,562.5451857757329,0.9777090921446274,0.0,True
reconstruction_51214531,75336682,51214531,BP.SCYB.DP2,BP.SCYB.40.DP2,BP.SCYB..DP2,40,,SCYB,DP2,250.0,5.0-20.0Hz,5.0,20.0,1842.642945616688,631.6868184288742,0.9792759549582065,-0.004,True
reconstruction_51214531,75336682,51214531,BP.SCYB.DP2,BP.SCYB.40.DP2,BP.SCYB..DP2,40,,SCYB,DP2,250.0,10.0-40.0Hz,10.0,40.0,978.5466261053829,311.81948288235327,0.9828200140186287,-0.004,True
reconstruction_51214531,75336682,51214531,BP.SCYB.DP2,BP.SCYB.40.DP2,BP.SCYB..DP2,40,,SCYB,DP2,250.0,2.0-40.0Hz,2.0,40.0,1061.96349531387,494.46348245811413,0.9600414818139703,-0.004,True
reconstruction_51214531,75336682,51214531,BP.SCYB.DP3,BP.SCYB.40.DP3,BP.SCYB..DP3,40,,SCYB,DP3,250.0,2.0-10.0Hz,2.0,10.0,983.1650582874873,436.1924627352675,0.9714358496454301,0.0,True
reconstruction_51214531,75336682,51214531,BP.SCYB.DP3,BP.SCYB.40.DP3,BP.SCYB..DP3,40,,SCYB,DP3,250.0,5.0-20.0Hz,5.0,20.0,1875.1691179412328,587.3018560516831,0.9823957699169857,-0.004,True
reconstruction_51214531,75336682,51214531,BP.SCYB.DP3,BP.SCYB.40.DP3,BP.SCYB..DP3,40,,SCYB,DP3,250.0,10.0-40.0Hz,10.0,40.0,980.5999046747992,355.83878381349894,0.981942957569482,-0.004,True
reconstruction_51214531,75336682,51214531,BP.SCYB.DP3,BP.SCYB.40.DP3,BP.SCYB..DP3,40,,SCYB,DP3,250.0,2.0-40.0Hz,2.0,40.0,1004.8347852994002,417.95847696962505,0.9553856005301051,-0.004,True
reconstruction_21465603,75336682,21465603,BP.CCRB.DP1,BP.CCRB.40.DP1,BP.CCRB..DP1,40,,CCRB,DP1,250.0,2.0-10.0Hz,2.0,10.0,691.3230767469552,319.95844980552073,0.9892550534559454,0.008,True
reconstruction_21465603,75336682,21465603,BP.CCRB.DP1,BP.CCRB.40.DP1,BP.CCRB..DP1,40,,CCRB,DP1,250.0,5.0-20.0Hz,5.0,20.0,2716.944230232654,913.315506224328,0.9777211860911629,0.004,True
reconstruction_21465603,75336682,21465603,BP.CCRB.DP1,BP.CCRB.40.DP1,BP.CCRB..DP1,40,,CCRB,DP1,250.0,10.0-40.0Hz,10.0,40.0,3802.5551128766233,1822.8764154772232,0.9824634598274129,0.004,True
reconstruction_21465603,75336682,21465603,BP.CCRB.DP1,BP.CCRB.40.DP1,BP.CCRB..DP1,40,,CCRB,DP1,250.0,2.0-40.0Hz,2.0,40.0,1873.1209280535425,935.4950719132937,0.9797617116205969,0.004,True
reconstruction_21465603,75336682,21465603,BP.CCRB.DP2,BP.CCRB.40.DP2,BP.CCRB..DP2,40,,CCRB,DP2,250.0,2.0-10.0Hz,2.0,10.0,690.1857849055642,363.67625440791477,0.9828163812878099,0.008,True
reconstruction_21465603,75336682,21465603,BP.CCRB.DP2,BP.CCRB.40.DP2,BP.CCRB..DP2,40,,CCRB,DP2,250.0,5.0-20.0Hz,5.0,20.0,1454.2922874862616,546.100975959944,0.979033408559678,0.008,True
reconstruction_21465603,75336682,21465603,BP.CCRB.DP2,BP.CCRB.40.DP2,BP.CCRB..DP2,40,,CCRB,DP2,250.0,10.0-40.0Hz,10.0,40.0,1306.7237794477207,639.8752179935217,0.9842990998739194,0.004,True
reconstruction_21465603,75336682,21465603,BP.CCRB.DP2,BP.CCRB.40.DP2,BP.CCRB..DP2,40,,CCRB,DP2,250.0,2.0-40.0Hz,2.0,40.0,893.4849965063515,479.6636651967842,0.9750078318954093,0.004,True
reconstruction_21465603,75336682,21465603,BP.CCRB.DP3,BP.CCRB.40.DP3,BP.CCRB..DP3,40,,CCRB,DP3,250.0,2.0-10.0Hz,2.0,10.0,768.1813950694735,335.4584815968536,0.9850930929510795,0.008,True
reconstruction_21465603,75336682,21465603,BP.CCRB.DP3,BP.CCRB.40.DP3,BP.CCRB..DP3,40,,CCRB,DP3,250.0,5.0-20.0Hz,5.0,20.0,1572.42563530698,575.9795528429111,0.9775427502014397,0.004,True
reconstruction_21465603,75336682,21465603,BP.CCRB.DP3,BP.CCRB.40.DP3,BP.CCRB..DP3,40,,CCRB,DP3,250.0,10.0-40.0Hz,10.0,40.0,1833.8013481128764,1056.5633892115022,0.9856472334962508,0.004,True
reconstruction_21465603,75336682,21465603,BP.CCRB.DP3,BP.CCRB.40.DP3,BP.CCRB..DP3,40,,CCRB,DP3,250.0,2.0-40.0Hz,2.0,40.0,1122.41165344694,552.9929146086259,0.9764945779376077,0.004,True
reconstruction_21465603,75336682,21465603,BP.LCCB.DP1,BP.LCCB.40.DP1,BP.LCCB..DP1,40,,LCCB,DP1,250.0,2.0-10.0Hz,2.0,10.0,690.9008979365634,678.5168399975554,0.9780194785132488,0.0,True
reconstruction_21465603,75336682,21465603,BP.LCCB.DP1,BP.LCCB.40.DP1,BP.LCCB..DP1,40,,LCCB,DP1,250.0,5.0-20.0Hz,5.0,20.0,1446.960050781072,1089.2323230293816,0.9772437677810009,0.0,True
reconstruction_21465603,75336682,21465603,BP.LCCB.DP1,BP.LCCB.40.DP1,BP.LCCB..DP1,40,,LCCB,DP1,250.0,10.0-40.0Hz,10.0,40.0,1117.897190606578,745.2888566400213,0.9864022573230785,-0.004,True
reconstruction_21465603,75336682,21465603,BP.LCCB.DP1,BP.LCCB.40.DP1,BP.LCCB..DP1,40,,LCCB,DP1,250.0,2.0-40.0Hz,2.0,40.0,800.5611939215778,729.3108655428622,0.9663027796116158,-0.004,True
reconstruction_21465603,75336682,21465603,BP.LCCB.DP2,BP.LCCB.40.DP2,BP.LCCB..DP2,40,,LCCB,DP2,250.0,2.0-10.0Hz,2.0,10.0,241.94870997644685,775.5294585857445,0.9881947616543498,-0.016,True
reconstruction_21465603,75336682,21465603,BP.LCCB.DP2,BP.LCCB.40.DP2,BP.LCCB..DP2,40,,LCCB,DP2,250.0,5.0-20.0Hz,5.0,20.0,299.70580918181815,918.1922753573382,0.9710450026848214,-0.016,True
reconstruction_21465603,75336682,21465603,BP.LCCB.DP2,BP.LCCB.40.DP2,BP.LCCB..DP2,40,,LCCB,DP2,250.0,10.0-40.0Hz,10.0,40.0,203.67826644732844,542.0958394745813,0.9023569945412127,-0.016,True
reconstruction_21465603,75336682,21465603,BP.LCCB.DP2,BP.LCCB.40.DP2,BP.LCCB..DP2,40,,LCCB,DP2,250.0,2.0-40.0Hz,2.0,40.0,221.8767390013183,676.6597863519257,0.928203353907998,-0.016,True
reconstruction_21465603,75336682,21465603,BP.LCCB.DP3,BP.LCCB.40.DP3,BP.LCCB..DP3,40,,LCCB,DP3,250.0,2.0-10.0Hz,2.0,10.0,647.8554715109351,562.1957101956519,0.9691061361300674,0.004,True
reconstruction_21465603,75336682,21465603,BP.LCCB.DP3,BP.LCCB.40.DP3,BP.LCCB..DP3,40,,LCCB,DP3,250.0,5.0-20.0Hz,5.0,20.0,1143.1740879362753,936.2140971012996,0.9716252053761686,0.0,True
reconstruction_21465603,75336682,21465603,BP.LCCB.DP3,BP.LCCB.40.DP3,BP.LCCB..DP3,40,,LCCB,DP3,250.0,10.0-40.0Hz,10.0,40.0,1003.1124691936136,760.4241545734868,0.9854684551809416,-0.004,True
reconstruction_21465603,75336682,21465603,BP.LCCB.DP3,BP.LCCB.40.DP3,BP.LCCB..DP3,40,,LCCB,DP3,250.0,2.0-40.0Hz,2.0,40.0,724.2210061610293,646.4193686321738,0.9544200482546714,0.0,True
reconstruction_21465603,75336682,21465603,BP.SCYB.DP1,BP.SCYB.40.DP1,BP.SCYB..DP1,40,,SCYB,DP1,250.0,2.0-10.0Hz,2.0,10.0,1274.9982363575928,629.3895929928566,0.9716329488112265,0.012,True
reconstruction_21465603,75336682,21465603,BP.SCYB.DP1,BP.SCYB.40.DP1,BP.SCYB..DP1,40,,SCYB,DP1,250.0,5.0-20.0Hz,5.0,20.0,1619.1658500330348,800.7509577736122,0.9835746069154336,0.008,True
reconstruction_21465603,75336682,21465603,BP.SCYB.DP1,BP.SCYB.40.DP1,BP.SCYB..DP1,40,,SCYB,DP1,250.0,10.0-40.0Hz,10.0,40.0,1159.7939491218203,488.34220404019794,0.9828248043784783,0.008,True
reconstruction_21465603,75336682,21465603,BP.SCYB.DP1,BP.SCYB.40.DP1,BP.SCYB..DP1,40,,SCYB,DP1,250.0,2.0-40.0Hz,2.0,40.0,1281.1291244701883,578.0806453173637,0.9593826885139509,0.008,True
reconstruction_21465603,75336682,21465603,BP.SCYB.DP2,BP.SCYB.40.DP2,BP.SCYB..DP2,40,,SCYB,DP2,250.0,2.0-10.0Hz,2.0,10.0,1059.153984891933,828.5249389333876,0.9776675793292964,0.012,True
reconstruction_21465603,75336682,21465603,BP.SCYB.DP2,BP.SCYB.40.DP2,BP.SCYB..DP2,40,,SCYB,DP2,250.0,5.0-20.0Hz,5.0,20.0,1842.642945616688,887.899811140274,0.9818870414017433,0.008,True
reconstruction_21465603,75336682,21465603,BP.SCYB.DP2,BP.SCYB.40.DP2,BP.SCYB..DP2,40,,SCYB,DP2,250.0,10.0-40.0Hz,10.0,40.0,978.5466261053829,429.91807107894596,0.981730477495846,0.008,True
reconstruction_21465603,75336682,21465603,BP.SCYB.DP2,BP.SCYB.40.DP2,BP.SCYB..DP2,40,,SCYB,DP2,250.0,2.0-40.0Hz,2.0,40.0,1061.96349531387,706.8182549609131,0.9613618683848686,0.008,True
reconstruction_21465603,75336682,21465603,BP.SCYB.DP3,BP.SCYB.40.DP3,BP.SCYB..DP3,40,,SCYB,DP3,250.0,2.0-10.0Hz,2.0,10.0,983.1650582874873,474.81401929985253,0.9699777241286134,0.012,True
reconstruction_21465603,75336682,21465603,BP.SCYB.DP3,BP.SCYB.40.DP3,BP.SCYB..DP3,40,,SCYB,DP3,250.0,5.0-20.0Hz,5.0,20.0,1875.1691179412328,571.5254819553718,0.9836140409218603,0.008,True
reconstruction_21465603,75336682,21465603,BP.SCYB.DP3,BP.SCYB.40.DP3,BP.SCYB..DP3,40,,SCYB,DP3,250.0,10.0-40.0Hz,10.0,40.0,980.5999046747992,389.8996109702687,0.9795401851846186,0.008,True
reconstruction_21465603,75336682,21465603,BP.SCYB.DP3,BP.SCYB.40.DP3,BP.SCYB..DP3,40,,SCYB,DP3,250.0,2.0-40.0Hz,2.0,40.0,1004.8347852994002,407.81461072131896,0.9554409004953883,0.008,True
reconstruction_21204713,75336682,21204713,BP.CCRB.DP1,BP.CCRB.40.DP1,BP.CCRB..DP1,40,,CCRB,DP1,250.0,2.0-10.0Hz,2.0,10.0,691.3230767469552,300.6731646136616,0.7510063717548032,-0.052,True
reconstruction_21204713,75336682,21204713,BP.CCRB.DP1,BP.CCRB.40.DP1,BP.CCRB..DP1,40,,CCRB,DP1,250.0,5.0-20.0Hz,5.0,20.0,2716.944230232654,1002.858893871857,0.6870090171543682,-0.016,True
reconstruction_21204713,75336682,21204713,BP.CCRB.DP1,BP.CCRB.40.DP1,BP.CCRB..DP1,40,,CCRB,DP1,250.0,10.0-40.0Hz,10.0,40.0,3802.5551128766233,1703.5405187851702,0.78655215137509,-0.008,True
reconstruction_21204713,75336682,21204713,BP.CCRB.DP1,BP.CCRB.40.DP1,BP.CCRB..DP1,40,,CCRB,DP1,250.0,2.0-40.0Hz,2.0,40.0,1873.1209280535425,821.4281775845872,0.6402841779181612,-0.008,True
reconstruction_21204713,75336682,21204713,BP.CCRB.DP2,BP.CCRB.40.DP2,BP.CCRB..DP2,40,,CCRB,DP2,250.0,2.0-10.0Hz,2.0,10.0,690.1857849055642,326.3126370749595,0.7126575836080727,-0.048,True
reconstruction_21204713,75336682,21204713,BP.CCRB.DP2,BP.CCRB.40.DP2,BP.CCRB..DP2,40,,CCRB,DP2,250.0,5.0-20.0Hz,5.0,20.0,1454.2922874862616,681.4051580542458,0.5904752100171884,-0.028,True
reconstruction_21204713,75336682,21204713,BP.CCRB.DP2,BP.CCRB.40.DP2,BP.CCRB..DP2,40,,CCRB,DP2,250.0,10.0-40.0Hz,10.0,40.0,1306.7237794477207,662.0889336559603,0.6078189737858641,0.048,True
reconstruction_21204713,75336682,21204713,BP.CCRB.DP2,BP.CCRB.40.DP2,BP.CCRB..DP2,40,,CCRB,DP2,250.0,2.0-40.0Hz,2.0,40.0,893.4849965063515,435.4262403458001,0.35183824200157404,-0.028,True
reconstruction_21204713,75336682,21204713,BP.CCRB.DP3,BP.CCRB.40.DP3,BP.CCRB..DP3,40,,CCRB,DP3,250.0,2.0-10.0Hz,2.0,10.0,768.1813950694735,304.5575190688955,0.6367626535634997,0.084,True
reconstruction_21204713,75336682,21204713,BP.CCRB.DP3,BP.CCRB.40.DP3,BP.CCRB..DP3,40,,CCRB,DP3,250.0,5.0-20.0Hz,5.0,20.0,1572.42563530698,639.0147155900833,0.5504801281313676,-0.02,True
reconstruction_21204713,75336682,21204713,BP.CCRB.DP3,BP.CCRB.40.DP3,BP.CCRB..DP3,40,,CCRB,DP3,250.0,10.0-40.0Hz,10.0,40.0,1833.8013481128764,1030.9128829984006,0.6683657824125725,-0.008,True
reconstruction_21204713,75336682,21204713,BP.CCRB.DP3,BP.CCRB.40.DP3,BP.CCRB..DP3,40,,CCRB,DP3,250.0,2.0-40.0Hz,2.0,40.0,1122.41165344694,481.5809246812458,0.27691587558702024,-0.012,True
reconstruction_21204713,75336682,21204713,BP.LCCB.DP1,BP.LCCB.40.DP1,BP.LCCB..DP1,40,,LCCB,DP1,250.0,2.0-10.0Hz,2.0,10.0,690.9008979365634,135.12897108895734,0.9794521004313366,0.016,True
reconstruction_21204713,75336682,21204713,BP.LCCB.DP1,BP.LCCB.40.DP1,BP.LCCB..DP1,40,,LCCB,DP1,250.0,5.0-20.0Hz,5.0,20.0,1446.960050781072,167.9880418948665,0.9802450605044586,0.012,True
reconstruction_21204713,75336682,21204713,BP.LCCB.DP1,BP.LCCB.40.DP1,BP.LCCB..DP1,40,,LCCB,DP1,250.0,10.0-40.0Hz,10.0,40.0,1117.897190606578,124.72815208575051,0.986967429819184,0.008,True
reconstruction_21204713,75336682,21204713,BP.LCCB.DP1,BP.LCCB.40.DP1,BP.LCCB..DP1,40,,LCCB,DP1,250.0,2.0-40.0Hz,2.0,40.0,800.5611939215778,130.65212118141847,0.9690726102043057,0.012,True
reconstruction_21204713,75336682,21204713,BP.LCCB.DP2,BP.LCCB.40.DP2,BP.LCCB..DP2,40,,LCCB,DP2,250.0,2.0-10.0Hz,2.0,10.0,241.94870997644685,157.7901996236309,0.9791014153311767,-0.012,True
reconstruction_21204713,75336682,21204713,BP.LCCB.DP2,BP.LCCB.40.DP2,BP.LCCB..DP2,40,,LCCB,DP2,250.0,5.0-20.0Hz,5.0,20.0,299.70580918181815,158.40699462952577,0.9096235289500709,-0.012,True
reconstruction_21204713,75336682,21204713,BP.LCCB.DP2,BP.LCCB.40.DP2,BP.LCCB..DP2,40,,LCCB,DP2,250.0,10.0-40.0Hz,10.0,40.0,203.67826644732844,77.76163509653142,0.8629311819892559,-0.004,True
reconstruction_21204713,75336682,21204713,BP.LCCB.DP2,BP.LCCB.40.DP2,BP.LCCB..DP2,40,,LCCB,DP2,250.0,2.0-40.0Hz,2.0,40.0,221.8767390013183,128.6221802670756,0.8370369551622074,-0.008,True
reconstruction_21204713,75336682,21204713,BP.LCCB.DP3,BP.LCCB.40.DP3,BP.LCCB..DP3,40,,LCCB,DP3,250.0,2.0-10.0Hz,2.0,10.0,647.8554715109351,102.59265055684139,0.9696402831366616,0.016,True
reconstruction_21204713,75336682,21204713,BP.LCCB.DP3,BP.LCCB.40.DP3,BP.LCCB..DP3,40,,LCCB,DP3,250.0,5.0-20.0Hz,5.0,20.0,1143.1740879362753,132.8206130907604,0.9779115821311319,0.012,True
reconstruction_21204713,75336682,21204713,BP.LCCB.DP3,BP.LCCB.40.DP3,BP.LCCB..DP3,40,,LCCB,DP3,250.0,10.0-40.0Hz,10.0,40.0,1003.1124691936136,128.95894217722193,0.9864269201897301,0.008,True
reconstruction_21204713,75336682,21204713,BP.LCCB.DP3,BP.LCCB.40.DP3,BP.LCCB..DP3,40,,LCCB,DP3,250.0,2.0-40.0Hz,2.0,40.0,724.2210061610293,111.6706132693863,0.9576328487841355,0.012,True
reconstruction_21204713,75336682,21204713,BP.SCYB.DP1,BP.SCYB.40.DP1,BP.SCYB..DP1,40,,SCYB,DP1,250.0,2.0-10.0Hz,2.0,10.0,1274.9982363575928,173.0605580275614,0.9730104721192837,0.024,True
reconstruction_21204713,75336682,21204713,BP.SCYB.DP1,BP.SCYB.40.DP1,BP.SCYB..DP1,40,,SCYB,DP1,250.0,5.0-20.0Hz,5.0,20.0,1619.1658500330348,189.6696886513143,0.9835750879624106,0.02,True
reconstruction_21204713,75336682,21204713,BP.SCYB.DP1,BP.SCYB.40.DP1,BP.SCYB..DP1,40,,SCYB,DP1,250.0,10.0-40.0Hz,10.0,40.0,1159.7939491218203,131.9810725057646,0.9858240213875362,0.02,True
reconstruction_21204713,75336682,21204713,BP.SCYB.DP1,BP.SCYB.40.DP1,BP.SCYB..DP1,40,,SCYB,DP1,250.0,2.0-40.0Hz,2.0,40.0,1281.1291244701883,159.59869272506776,0.9574304134350058,0.02,True
reconstruction_21204713,75336682,21204713,BP.SCYB.DP2,BP.SCYB.40.DP2,BP.SCYB..DP2,40,,SCYB,DP2,250.0,2.0-10.0Hz,2.0,10.0,1059.153984891933,208.52576904478536,0.9755761937381766,0.024,True
reconstruction_21204713,75336682,21204713,BP.SCYB.DP2,BP.SCYB.40.DP2,BP.SCYB..DP2,40,,SCYB,DP2,250.0,5.0-20.0Hz,5.0,20.0,1842.642945616688,179.65986887217377,0.9752663144263614,0.02,True
reconstruction_21204713,75336682,21204713,BP.SCYB.DP2,BP.SCYB.40.DP2,BP.SCYB..DP2,40,,SCYB,DP2,250.0,10.0-40.0Hz,10.0,40.0,978.5466261053829,84.79659931797639,0.9844300176506814,0.02,True
reconstruction_21204713,75336682,21204713,BP.SCYB.DP2,BP.SCYB.40.DP2,BP.SCYB..DP2,40,,SCYB,DP2,250.0,2.0-40.0Hz,2.0,40.0,1061.96349531387,156.5517748585069,0.9583183764398476,0.024,True
reconstruction_21204713,75336682,21204713,BP.SCYB.DP3,BP.SCYB.40.DP3,BP.SCYB..DP3,40,,SCYB,DP3,250.0,2.0-10.0Hz,2.0,10.0,983.1650582874873,206.43633742983434,0.9706324197202526,0.024,True
reconstruction_21204713,75336682,21204713,BP.SCYB.DP3,BP.SCYB.40.DP3,BP.SCYB..DP3,40,,SCYB,DP3,250.0,5.0-20.0Hz,5.0,20.0,1875.1691179412328,208.43838525181718,0.9831403091365378,0.02,True
reconstruction_21204713,75336682,21204713,BP.SCYB.DP3,BP.SCYB.40.DP3,BP.SCYB..DP3,40,,SCYB,DP3,250.0,10.0-40.0Hz,10.0,40.0,980.5999046747992,124.52293428007559,0.9848164440667581,0.02,True
reconstruction_21204713,75336682,21204713,BP.SCYB.DP3,BP.SCYB.40.DP3,BP.SCYB..DP3,40,,SCYB,DP3,250.0,2.0-40.0Hz,2.0,40.0,1004.8347852994002,172.107394537523,0.9542936229371494,0.02,True
reconstruction_71908906,75336682,71908906,BP.CCRB.DP1,BP.CCRB.40.DP1,BP.CCRB.40.DP1,40,40,CCRB,DP1,250.0,2.0-10.0Hz,2.0,10.0,691.3230767469552,268.7172239927994,0.9827179862103683,0.028,True
reconstruction_71908906,75336682,71908906,BP.CCRB.DP1,BP.CCRB.40.DP1,BP.CCRB.40.DP1,40,40,CCRB,DP1,250.0,5.0-20.0Hz,5.0,20.0,2716.944230232654,829.9912566237247,0.9847305147177119,0.024,True
reconstruction_71908906,75336682,71908906,BP.CCRB.DP1,BP.CCRB.40.DP1,BP.CCRB.40.DP1,40,40,CCRB,DP1,250.0,10.0-40.0Hz,10.0,40.0,3802.5551128766233,1436.2994528659,0.9939029848419042,0.024,True
reconstruction_71908906,75336682,71908906,BP.CCRB.DP1,BP.CCRB.40.DP1,BP.CCRB.40.DP1,40,40,CCRB,DP1,250.0,2.0-40.0Hz,2.0,40.0,1873.1209280535425,824.5672759859264,0.9875803709457067,0.024,True
reconstruction_71908906,75336682,71908906,BP.CCRB.DP2,BP.CCRB.40.DP2,BP.CCRB.40.DP2,40,40,CCRB,DP2,250.0,2.0-10.0Hz,2.0,10.0,690.1857849055642,216.12578842017584,0.9796939113572902,0.028,True
reconstruction_71908906,75336682,71908906,BP.CCRB.DP2,BP.CCRB.40.DP2,BP.CCRB.40.DP2,40,40,CCRB,DP2,250.0,5.0-20.0Hz,5.0,20.0,1454.2922874862616,383.19722899810256,0.9737730762434821,0.028,True
reconstruction_71908906,75336682,71908906,BP.CCRB.DP2,BP.CCRB.40.DP2,BP.CCRB.40.DP2,40,40,CCRB,DP2,250.0,10.0-40.0Hz,10.0,40.0,1306.7237794477207,515.8464050598706,0.9836376422833221,0.024,True
reconstruction_71908906,75336682,71908906,BP.CCRB.DP2,BP.CCRB.40.DP2,BP.CCRB.40.DP2,40,40,CCRB,DP2,250.0,2.0-40.0Hz,2.0,40.0,893.4849965063515,316.1094229892141,0.964228183987651,0.024,True
reconstruction_71908906,75336682,71908906,BP.CCRB.DP3,BP.CCRB.40.DP3,BP.CCRB.40.DP3,40,40,CCRB,DP3,250.0,2.0-10.0Hz,2.0,10.0,768.1813950694735,222.06980027566047,0.9773316830851962,0.028,True
reconstruction_71908906,75336682,71908906,BP.CCRB.DP3,BP.CCRB.40.DP3,BP.CCRB.40.DP3,40,40,CCRB,DP3,250.0,5.0-20.0Hz,5.0,20.0,1572.42563530698,447.66553641859514,0.978058413119211,0.024,True
reconstruction_71908906,75336682,71908906,BP.CCRB.DP3,BP.CCRB.40.DP3,BP.CCRB.40.DP3,40,40,CCRB,DP3,250.0,10.0-40.0Hz,10.0,40.0,1833.8013481128764,751.2338022338865,0.9902812996418582,0.024,True
reconstruction_71908906,75336682,71908906,BP.CCRB.DP3,BP.CCRB.40.DP3,BP.CCRB.40.DP3,40,40,CCRB,DP3,250.0,2.0-40.0Hz,2.0,40.0,1122.41165344694,392.32875136131884,0.972822106735002,0.024,True
reconstruction_71908906,75336682,71908906,BP.LCCB.DP1,BP.LCCB.40.DP1,BP.LCCB.40.DP1,40,40,LCCB,DP1,250.0,2.0-10.0Hz,2.0,10.0,690.9008979365634,388.6230980745358,0.9737596795240501,0.02,True
reconstruction_71908906,75336682,71908906,BP.LCCB.DP1,BP.LCCB.40.DP1,BP.LCCB.40.DP1,40,40,LCCB,DP1,250.0,5.0-20.0Hz,5.0,20.0,1446.960050781072,655.2146760035791,0.9788304419962836,0.016,True
reconstruction_71908906,75336682,71908906,BP.LCCB.DP1,BP.LCCB.40.DP1,BP.LCCB.40.DP1,40,40,LCCB,DP1,250.0,10.0-40.0Hz,10.0,40.0,1117.897190606578,665.3380673771434,0.9880689944766784,0.016,True
reconstruction_71908906,75336682,71908906,BP.LCCB.DP1,BP.LCCB.40.DP1,BP.LCCB.40.DP1,40,40,LCCB,DP1,250.0,2.0-40.0Hz,2.0,40.0,800.5611939215778,456.5823960969983,0.9717429146183069,0.016,True
reconstruction_71908906,75336682,71908906,BP.LCCB.DP2,BP.LCCB.40.DP2,BP.LCCB.40.DP2,40,40,LCCB,DP2,250.0,2.0-10.0Hz,2.0,10.0,241.94870997644685,370.25244285661216,0.9917072752344629,0.012,True
reconstruction_71908906,75336682,71908906,BP.LCCB.DP2,BP.LCCB.40.DP2,BP.LCCB.40.DP2,40,40,LCCB,DP2,250.0,5.0-20.0Hz,5.0,20.0,299.70580918181815,337.05446507747877,0.9891934205230283,0.016,True
reconstruction_71908906,75336682,71908906,BP.LCCB.DP2,BP.LCCB.40.DP2,BP.LCCB.40.DP2,40,40,LCCB,DP2,250.0,10.0-40.0Hz,10.0,40.0,203.67826644732844,209.63458291298872,0.9831180763600299,0.016,True
reconstruction_71908906,75336682,71908906,BP.LCCB.DP2,BP.LCCB.40.DP2,BP.LCCB.40.DP2,40,40,LCCB,DP2,250.0,2.0-40.0Hz,2.0,40.0,221.8767390013183,252.40047063122205,0.9864488109188408,0.016,True
reconstruction_71908906,75336682,71908906,BP.LCCB.DP3,BP.LCCB.40.DP3,BP.LCCB.40.DP3,40,40,LCCB,DP3,250.0,2.0-10.0Hz,2.0,10.0,647.8554715109351,383.39904025959527,0.9650769795112906,0.024,True
reconstruction_71908906,75336682,71908906,BP.LCCB.DP3,BP.LCCB.40.DP3,BP.LCCB.40.DP3,40,40,LCCB,DP3,250.0,5.0-20.0Hz,5.0,20.0,1143.1740879362753,534.0995998202474,0.9789112785389882,0.02,True
reconstruction_71908906,75336682,71908906,BP.LCCB.DP3,BP.LCCB.40.DP3,BP.LCCB.40.DP3,40,40,LCCB,DP3,250.0,10.0-40.0Hz,10.0,40.0,1003.1124691936136,427.82652860976685,0.9762991923243342,0.016,True
reconstruction_71908906,75336682,71908906,BP.LCCB.DP3,BP.LCCB.40.DP3,BP.LCCB.40.DP3,40,40,LCCB,DP3,250.0,2.0-40.0Hz,2.0,40.0,724.2210061610293,408.7900835376638,0.9573040769460675,0.02,True
reconstruction_71908906,75336682,71908906,BP.SCYB.DP1,BP.SCYB.40.DP1,BP.SCYB.40.DP1,40,40,SCYB,DP1,250.0,2.0-10.0Hz,2.0,10.0,1274.9982363575928,424.77326971623563,0.9739286952242175,0.032,True
reconstruction_71908906,75336682,71908906,BP.SCYB.DP1,BP.SCYB.40.DP1,BP.SCYB.40.DP1,40,40,SCYB,DP1,250.0,5.0-20.0Hz,5.0,20.0,1619.1658500330348,698.9145956646441,0.983110086704937,0.028,True
reconstruction_71908906,75336682,71908906,BP.SCYB.DP1,BP.SCYB.40.DP1,BP.SCYB.40.DP1,40,40,SCYB,DP1,250.0,10.0-40.0Hz,10.0,40.0,1159.7939491218203,552.5651222182054,0.989985515710491,0.028,True
reconstruction_71908906,75336682,71908906,BP.SCYB.DP1,BP.SCYB.40.DP1,BP.SCYB.40.DP1,40,40,SCYB,DP1,250.0,2.0-40.0Hz,2.0,40.0,1281.1291244701883,489.33150116705906,0.9590811162974848,0.028,True
reconstruction_71908906,75336682,71908906,BP.SCYB.DP2,BP.SCYB.40.DP2,BP.SCYB.40.DP2,40,40,SCYB,DP2,250.0,2.0-10.0Hz,2.0,10.0,1059.153984891933,492.4760993473577,0.9772588572517253,0.032,True
reconstruction_71908906,75336682,71908906,BP.SCYB.DP2,BP.SCYB.40.DP2,BP.SCYB.40.DP2,40,40,SCYB,DP2,250.0,5.0-20.0Hz,5.0,20.0,1842.642945616688,531.0463618609729,0.9771657651138143,0.028,True
reconstruction_71908906,75336682,71908906,BP.SCYB.DP2,BP.SCYB.40.DP2,BP.SCYB.40.DP2,40,40,SCYB,DP2,250.0,10.0-40.0Hz,10.0,40.0,978.5466261053829,391.801906022864,0.98882599193266,0.028,True
reconstruction_71908906,75336682,71908906,BP.SCYB.DP2,BP.SCYB.40.DP2,BP.SCYB.40.DP2,40,40,SCYB,DP2,250.0,2.0-40.0Hz,2.0,40.0,1061.96349531387,480.4006635118822,0.9616349287752738,0.032,True
reconstruction_71908906,75336682,71908906,BP.SCYB.DP3,BP.SCYB.40.DP3,BP.SCYB.40.DP3,40,40,SCYB,DP3,250.0,2.0-10.0Hz,2.0,10.0,983.1650582874873,376.9747811525326,0.9709348058262354,0.032,True
reconstruction_71908906,75336682,71908906,BP.SCYB.DP3,BP.SCYB.40.DP3,BP.SCYB.40.DP3,40,40,SCYB,DP3,250.0,5.0-20.0Hz,5.0,20.0,1875.1691179412328,568.7048078389416,0.9823733239863421,0.028,True
reconstruction_71908906,75336682,71908906,BP.SCYB.DP3,BP.SCYB.40.DP3,BP.SCYB.40.DP3,40,40,SCYB,DP3,250.0,10.0-40.0Hz,10.0,40.0,980.5999046747992,364.306042693082,0.9900068733633376,0.028,True
reconstruction_71908906,75336682,71908906,BP.SCYB.DP3,BP.SCYB.40.DP3,BP.SCYB.40.DP3,40,40,SCYB,DP3,250.0,2.0-40.0Hz,2.0,40.0,1004.8347852994002,382.4723035116476,0.9549579464219144,0.028,True
