pair_name,reference_event_id,comparison_event_id,trace_id,reference_trace_id,comparison_trace_id,reference_location,comparison_location,station,component,sample_rate_hz,band,band_low_hz,band_high_hz,reference_snr,comparison_snr,correlation,lag_s,usable
prospective_75021072_target_anchor_51214531,75021072,51214531,BP.EADB.DP1,BP.EADB.40.DP1,BP.EADB..DP1,40,,EADB,DP1,250.0,2.0-10.0Hz,2.0,10.0,56.031946809565106,55.3225379456065,0.511099287985089,-0.16,True
prospective_75021072_target_anchor_51214531,75021072,51214531,BP.EADB.DP1,BP.EADB.40.DP1,BP.EADB..DP1,40,,EADB,DP1,250.0,5.0-20.0Hz,5.0,20.0,72.98212828082903,49.23983759786967,0.40742860961251476,0.188,True
prospective_75021072_target_anchor_51214531,75021072,51214531,BP.EADB.DP1,BP.EADB.40.DP1,BP.EADB..DP1,40,,EADB,DP1,250.0,10.0-40.0Hz,10.0,40.0,47.935627514073076,22.81690640706947,0.3737487899671731,-0.116,True
prospective_75021072_target_anchor_51214531,75021072,51214531,BP.EADB.DP1,BP.EADB.40.DP1,BP.EADB..DP1,40,,EADB,DP1,250.0,2.0-40.0Hz,2.0,40.0,57.28917474620155,47.72855654273528,0.4449687278467602,-0.16,True
prospective_75021072_target_anchor_51214531,75021072,51214531,BP.EADB.DP2,BP.EADB.40.DP2,BP.EADB..DP2,40,,EADB,DP2,250.0,2.0-10.0Hz,2.0,10.0,73.65366172060705,71.52809277891325,0.7300843975671871,-0.168,True
prospective_75021072_target_anchor_51214531,75021072,51214531,BP.EADB.DP2,BP.EADB.40.DP2,BP.EADB..DP2,40,,EADB,DP2,250.0,5.0-20.0Hz,5.0,20.0,78.52094778834993,55.82815466044312,0.4896265390087369,-0.348,True
prospective_75021072_target_anchor_51214531,75021072,51214531,BP.EADB.DP2,BP.EADB.40.DP2,BP.EADB..DP2,40,,EADB,DP2,250.0,10.0-40.0Hz,10.0,40.0,40.93324295832498,26.050706530428297,0.38690480846896086,-0.12,True
prospective_75021072_target_anchor_51214531,75021072,51214531,BP.EADB.DP2,BP.EADB.40.DP2,BP.EADB..DP2,40,,EADB,DP2,250.0,2.0-40.0Hz,2.0,40.0,72.9661944996183,61.634001284173195,0.6780816993054593,-0.168,True
prospective_75021072_target_anchor_51214531,75021072,51214531,BP.EADB.DP3,BP.EADB.40.DP3,BP.EADB..DP3,40,,EADB,DP3,250.0,2.0-10.0Hz,2.0,10.0,64.6350242345437,53.58546716213634,0.7455796699012235,-0.176,True
prospective_75021072_target_anchor_51214531,75021072,51214531,BP.EADB.DP3,BP.EADB.40.DP3,BP.EADB..DP3,40,,EADB,DP3,250.0,5.0-20.0Hz,5.0,20.0,42.657053675560675,31.45918885892672,0.4332991833589269,-0.348,True
prospective_75021072_target_anchor_51214531,75021072,51214531,BP.EADB.DP3,BP.EADB.40.DP3,BP.EADB..DP3,40,,EADB,DP3,250.0,10.0-40.0Hz,10.0,40.0,30.96687244868647,13.397308551939556,0.33641855216479616,-0.112,True
prospective_75021072_target_anchor_51214531,75021072,51214531,BP.EADB.DP3,BP.EADB.40.DP3,BP.EADB..DP3,40,,EADB,DP3,250.0,2.0-40.0Hz,2.0,40.0,62.17653324886996,40.080114834370974,0.7102223843610507,-0.18,True
prospective_75021072_target_anchor_51214531,75021072,51214531,BP.JCSB.DP3,BP.JCSB.40.DP3,BP.JCSB..DP3,40,,JCSB,DP3,250.0,2.0-10.0Hz,2.0,10.0,6.277123439700193,0.9953798428100272,0.1449717803248194,0.496,False
prospective_75021072_target_anchor_51214531,75021072,51214531,BP.JCSB.DP3,BP.JCSB.40.DP3,BP.JCSB..DP3,40,,JCSB,DP3,250.0,5.0-20.0Hz,5.0,20.0,9.985723367013932,1.0057189921744092,0.14990202289642146,0.148,False
prospective_75021072_target_anchor_51214531,75021072,51214531,BP.JCSB.DP3,BP.JCSB.40.DP3,BP.JCSB..DP3,40,,JCSB,DP3,250.0,10.0-40.0Hz,10.0,40.0,7.90153718237302,1.0795684761271183,0.11073833717145393,0.392,False
prospective_75021072_target_anchor_51214531,75021072,51214531,BP.JCSB.DP3,BP.JCSB.40.DP3,BP.JCSB..DP3,40,,JCSB,DP3,250.0,2.0-40.0Hz,2.0,40.0,7.515500225989906,1.0400833932061937,0.08505443485956674,0.392,False
prospective_75021072_target_anchor_51214531,75021072,51214531,BP.LCCB.DP1,BP.LCCB.40.DP1,BP.LCCB..DP1,40,,LCCB,DP1,250.0,2.0-10.0Hz,2.0,10.0,354.1446924355489,57.18499040453204,0.748002201342227,-0.192,True
prospective_75021072_target_anchor_51214531,75021072,51214531,BP.LCCB.DP1,BP.LCCB.40.DP1,BP.LCCB..DP1,40,,LCCB,DP1,250.0,5.0-20.0Hz,5.0,20.0,633.5112152779667,65.02017320565218,0.7056883441213218,-0.196,True
prospective_75021072_target_anchor_51214531,75021072,51214531,BP.LCCB.DP1,BP.LCCB.40.DP1,BP.LCCB..DP1,40,,LCCB,DP1,250.0,10.0-40.0Hz,10.0,40.0,570.4953051173836,45.74787659674204,0.6156693727487396,-0.196,True
prospective_75021072_target_anchor_51214531,75021072,51214531,BP.LCCB.DP1,BP.LCCB.40.DP1,BP.LCCB..DP1,40,,LCCB,DP1,250.0,2.0-40.0Hz,2.0,40.0,411.18076655257306,51.13748371532447,0.6810140948677973,-0.196,True
prospective_75021072_target_anchor_51214531,75021072,51214531,BP.LCCB.DP2,BP.LCCB.40.DP2,BP.LCCB..DP2,40,,LCCB,DP2,250.0,2.0-10.0Hz,2.0,10.0,181.11973525698036,339.07191327236086,0.8552228930379739,-0.208,True
prospective_75021072_target_anchor_51214531,75021072,51214531,BP.LCCB.DP2,BP.LCCB.40.DP2,BP.LCCB..DP2,40,,LCCB,DP2,250.0,5.0-20.0Hz,5.0,20.0,239.61641870102505,380.79922745145615,0.5594394339444347,-0.2,True
prospective_75021072_target_anchor_51214531,75021072,51214531,BP.LCCB.DP2,BP.LCCB.40.DP2,BP.LCCB..DP2,40,,LCCB,DP2,250.0,10.0-40.0Hz,10.0,40.0,146.57595887681452,225.26153528557327,0.36467267089950245,-0.12,True
prospective_75021072_target_anchor_51214531,75021072,51214531,BP.LCCB.DP2,BP.LCCB.40.DP2,BP.LCCB..DP2,40,,LCCB,DP2,250.0,2.0-40.0Hz,2.0,40.0,164.71257805779325,269.7435359163324,0.4671290251044201,-0.196,True
prospective_75021072_target_anchor_51214531,75021072,51214531,BP.LCCB.DP3,BP.LCCB.40.DP3,BP.LCCB..DP3,40,,LCCB,DP3,250.0,2.0-10.0Hz,2.0,10.0,404.1481046702741,455.4043116511137,0.6933072317879565,-0.188,True
prospective_75021072_target_anchor_51214531,75021072,51214531,BP.LCCB.DP3,BP.LCCB.40.DP3,BP.LCCB..DP3,40,,LCCB,DP3,250.0,5.0-20.0Hz,5.0,20.0,643.6883052732694,611.6722687752268,0.5222045988122168,-0.196,True
prospective_75021072_target_anchor_51214531,75021072,51214531,BP.LCCB.DP3,BP.LCCB.40.DP3,BP.LCCB..DP3,40,,LCCB,DP3,250.0,10.0-40.0Hz,10.0,40.0,556.3691433186489,480.70426262605315,0.45886918722865544,-0.12,True
prospective_75021072_target_anchor_51214531,75021072,51214531,BP.LCCB.DP3,BP.LCCB.40.DP3,BP.LCCB..DP3,40,,LCCB,DP3,250.0,2.0-40.0Hz,2.0,40.0,442.31061843089503,461.57774872518115,0.5698734396045357,-0.196,True
prospective_75021072_target_anchor_51214531,75021072,51214531,BP.MMNB.DP1,BP.MMNB.40.DP1,BP.MMNB..DP1,40,,MMNB,DP1,250.0,2.0-10.0Hz,2.0,10.0,90.55988107248722,1.4744418828185892,0.1466567742171247,-0.3,False
prospective_75021072_target_anchor_51214531,75021072,51214531,BP.MMNB.DP1,BP.MMNB.40.DP1,BP.MMNB..DP1,40,,MMNB,DP1,250.0,5.0-20.0Hz,5.0,20.0,170.19330212199108,1.3497729850336648,0.2288366632838199,-0.448,False
prospective_75021072_target_anchor_51214531,75021072,51214531,BP.MMNB.DP1,BP.MMNB.40.DP1,BP.MMNB..DP1,40,,MMNB,DP1,250.0,10.0-40.0Hz,10.0,40.0,125.94067291470193,1.406303627915425,0.15033025770511102,-0.02,False
prospective_75021072_target_anchor_51214531,75021072,51214531,BP.MMNB.DP1,BP.MMNB.40.DP1,BP.MMNB..DP1,40,,MMNB,DP1,250.0,2.0-40.0Hz,2.0,40.0,93.9105152491333,1.4551490241947158,0.13731870967479826,-0.452,False
prospective_75021072_target_anchor_51214531,75021072,51214531,BP.MMNB.DP2,BP.MMNB.40.DP2,BP.MMNB..DP2,40,,MMNB,DP2,250.0,2.0-10.0Hz,2.0,10.0,83.76294215506022,1.4230488454564196,0.18178283196457196,0.216,False
prospective_75021072_target_anchor_51214531,75021072,51214531,BP.MMNB.DP2,BP.MMNB.40.DP2,BP.MMNB..DP2,40,,MMNB,DP2,250.0,5.0-20.0Hz,5.0,20.0,119.01376978267949,1.350124812238209,0.2275067241541269,0.232,False
prospective_75021072_target_anchor_51214531,75021072,51214531,BP.MMNB.DP2,BP.MMNB.40.DP2,BP.MMNB..DP2,40,,MMNB,DP2,250.0,10.0-40.0Hz,10.0,40.0,121.65920865602054,1.4232623354865148,0.18803397346900458,-0.1,False
prospective_75021072_target_anchor_51214531,75021072,51214531,BP.MMNB.DP2,BP.MMNB.40.DP2,BP.MMNB..DP2,40,,MMNB,DP2,250.0,2.0-40.0Hz,2.0,40.0,90.54341214215782,1.4194157303047599,0.1400497555363144,0.228,False
prospective_75021072_target_anchor_51214531,75021072,51214531,BP.MMNB.DP3,BP.MMNB.40.DP3,BP.MMNB..DP3,40,,MMNB,DP3,250.0,2.0-10.0Hz,2.0,10.0,105.0365609683233,282.3426742836104,0.6433954335687815,-0.204,True
prospective_75021072_target_anchor_51214531,75021072,51214531,BP.MMNB.DP3,BP.MMNB.40.DP3,BP.MMNB..DP3,40,,MMNB,DP3,250.0,5.0-20.0Hz,5.0,20.0,187.1218153196689,473.97752818355235,0.624943071439482,-0.208,True
prospective_75021072_target_anchor_51214531,75021072,51214531,BP.MMNB.DP3,BP.MMNB.40.DP3,BP.MMNB..DP3,40,,MMNB,DP3,250.0,10.0-40.0Hz,10.0,40.0,211.7961419405352,258.8886180931402,0.5355023446170235,-0.212,True
prospective_75021072_target_anchor_51214531,75021072,51214531,BP.MMNB.DP3,BP.MMNB.40.DP3,BP.MMNB..DP3,40,,MMNB,DP3,250.0,2.0-40.0Hz,2.0,40.0,122.75853133875871,299.57820056206003,0.6063346690253034,-0.208,True
prospective_75021072_target_anchor_51214531,75021072,51214531,BP.SCYB.DP1,BP.SCYB.40.DP1,BP.SCYB..DP1,40,,SCYB,DP1,250.0,2.0-10.0Hz,2.0,10.0,528.8452590733177,517.6734632416473,0.502006847024977,-0.168,True
prospective_75021072_target_anchor_51214531,75021072,51214531,BP.SCYB.DP1,BP.SCYB.40.DP1,BP.SCYB..DP1,40,,SCYB,DP1,250.0,5.0-20.0Hz,5.0,20.0,712.8166749361184,662.4152485290651,0.30079166934612594,-0.184,True
prospective_75021072_target_anchor_51214531,75021072,51214531,BP.SCYB.DP1,BP.SCYB.40.DP1,BP.SCYB..DP1,40,,SCYB,DP1,250.0,10.0-40.0Hz,10.0,40.0,592.4998296694234,414.79960168393836,0.27490987371799935,-0.184,True
prospective_75021072_target_anchor_51214531,75021072,51214531,BP.SCYB.DP1,BP.SCYB.40.DP1,BP.SCYB..DP1,40,,SCYB,DP1,250.0,2.0-40.0Hz,2.0,40.0,553.0000519737384,491.82615972456796,0.39258950278851007,-0.18,True
prospective_75021072_target_anchor_51214531,75021072,51214531,BP.SCYB.DP2,BP.SCYB.40.DP2,BP.SCYB..DP2,40,,SCYB,DP2,250.0,2.0-10.0Hz,2.0,10.0,546.7368165921287,562.5451857757329,0.5552970879945475,-0.176,True
prospective_75021072_target_anchor_51214531,75021072,51214531,BP.SCYB.DP2,BP.SCYB.40.DP2,BP.SCYB..DP2,40,,SCYB,DP2,250.0,5.0-20.0Hz,5.0,20.0,982.537927397897,631.6868184288742,0.4792890808935558,-0.188,True
prospective_75021072_target_anchor_51214531,75021072,51214531,BP.SCYB.DP2,BP.SCYB.40.DP2,BP.SCYB..DP2,40,,SCYB,DP2,250.0,10.0-40.0Hz,10.0,40.0,414.1456503763852,311.81948288235327,0.46315465184760185,-0.196,True
prospective_75021072_target_anchor_51214531,75021072,51214531,BP.SCYB.DP2,BP.SCYB.40.DP2,BP.SCYB..DP2,40,,SCYB,DP2,250.0,2.0-40.0Hz,2.0,40.0,553.0878184948646,494.46348245811413,0.489275263668556,-0.184,True
prospective_75021072_target_anchor_51214531,75021072,51214531,BP.SCYB.DP3,BP.SCYB.40.DP3,BP.SCYB..DP3,40,,SCYB,DP3,250.0,2.0-10.0Hz,2.0,10.0,366.78447920197016,436.1924627352675,0.690804923862837,-0.172,True
prospective_75021072_target_anchor_51214531,75021072,51214531,BP.SCYB.DP3,BP.SCYB.40.DP3,BP.SCYB..DP3,40,,SCYB,DP3,250.0,5.0-20.0Hz,5.0,20.0,957.403773518952,587.3018560516831,0.6258060793960702,-0.176,True
prospective_75021072_target_anchor_51214531,75021072,51214531,BP.SCYB.DP3,BP.SCYB.40.DP3,BP.SCYB..DP3,40,,SCYB,DP3,250.0,10.0-40.0Hz,10.0,40.0,681.9022136231811,355.83878381349894,0.5218082275312187,-0.18,True
prospective_75021072_target_anchor_51214531,75021072,51214531,BP.SCYB.DP3,BP.SCYB.40.DP3,BP.SCYB..DP3,40,,SCYB,DP3,250.0,2.0-40.0Hz,2.0,40.0,415.0652119248266,417.95847696962505,0.6309075857095491,-0.176,True
prospective_75021072_target_anchor_51214531,75021072,51214531,BP.SMNB.DP1,BP.SMNB.40.DP1,BP.SMNB..DP1,40,,SMNB,DP1,250.0,2.0-10.0Hz,2.0,10.0,264.91385581711785,343.1880201436833,0.46732133394460385,-0.096,True
prospective_75021072_target_anchor_51214531,75021072,51214531,BP.SMNB.DP1,BP.SMNB.40.DP1,BP.SMNB..DP1,40,,SMNB,DP1,250.0,5.0-20.0Hz,5.0,20.0,398.4988985309249,560.9195675568909,0.2549306424686718,-0.088,True
prospective_75021072_target_anchor_51214531,75021072,51214531,BP.SMNB.DP1,BP.SMNB.40.DP1,BP.SMNB..DP1,40,,SMNB,DP1,250.0,10.0-40.0Hz,10.0,40.0,552.9093333215905,731.3951097287741,0.1979157124280363,0.016,True
prospective_75021072_target_anchor_51214531,75021072,51214531,BP.SMNB.DP1,BP.SMNB.40.DP1,BP.SMNB..DP1,40,,SMNB,DP1,250.0,2.0-40.0Hz,2.0,40.0,360.3693732992061,490.84063655956214,0.2863353923465364,-0.084,True
prospective_75021072_target_anchor_51214531,75021072,51214531,BP.SMNB.DP2,BP.SMNB.40.DP2,BP.SMNB..DP2,40,,SMNB,DP2,250.0,2.0-10.0Hz,2.0,10.0,230.40611922560186,278.46401456770406,0.40063077458563,-0.096,True
prospective_75021072_target_anchor_51214531,75021072,51214531,BP.SMNB.DP2,BP.SMNB.40.DP2,BP.SMNB..DP2,40,,SMNB,DP2,250.0,5.0-20.0Hz,5.0,20.0,356.51715557689977,433.51323418540613,0.26229327929979607,0.024,True
prospective_75021072_target_anchor_51214531,75021072,51214531,BP.SMNB.DP2,BP.SMNB.40.DP2,BP.SMNB..DP2,40,,SMNB,DP2,250.0,10.0-40.0Hz,10.0,40.0,448.36847574299156,690.5292701823103,0.22691436066014176,0.028,True
prospective_75021072_target_anchor_51214531,75021072,51214531,BP.SMNB.DP2,BP.SMNB.40.DP2,BP.SMNB..DP2,40,,SMNB,DP2,250.0,2.0-40.0Hz,2.0,40.0,300.64318847160655,452.98726401797813,0.22899957863842768,-0.076,True
prospective_75021072_target_anchor_51214531,75021072,51214531,BP.SMNB.DP3,BP.SMNB.40.DP3,BP.SMNB..DP3,40,,SMNB,DP3,250.0,2.0-10.0Hz,2.0,10.0,247.63444937949643,249.39460950888613,0.5993516853612547,-0.088,True
prospective_75021072_target_anchor_51214531,75021072,51214531,BP.SMNB.DP3,BP.SMNB.40.DP3,BP.SMNB..DP3,40,,SMNB,DP3,250.0,5.0-20.0Hz,5.0,20.0,430.06560492478405,413.79602623080893,0.21095241555035105,0.292,True
prospective_75021072_target_anchor_51214531,75021072,51214531,BP.SMNB.DP3,BP.SMNB.40.DP3,BP.SMNB..DP3,40,,SMNB,DP3,250.0,10.0-40.0Hz,10.0,40.0,609.6219776522075,701.1240573262513,0.16205472312863198,-0.14,True
prospective_75021072_target_anchor_51214531,75021072,51214531,BP.SMNB.DP3,BP.SMNB.40.DP3,BP.SMNB..DP3,40,,SMNB,DP3,250.0,2.0-40.0Hz,2.0,40.0,387.15154203083824,460.9928249966998,0.19742066578065312,-0.092,True
prospective_75021072_target_anchor_51214531,75021072,51214531,NC.PSM.EHE,NC.PSM..EHE,NC.PSM..EHE,,,PSM,EHE,100.0,2.0-10.0Hz,2.0,10.0,1.0982806106704732,390.9594468681369,0.14159116590528423,-0.04,False
prospective_75021072_target_anchor_51214531,75021072,51214531,NC.PSM.EHE,NC.PSM..EHE,NC.PSM..EHE,,,PSM,EHE,100.0,5.0-20.0Hz,5.0,20.0,0.9265608734097512,433.3222950429251,0.15579132545796281,-0.16,False
prospective_75021072_target_anchor_51214531,75021072,51214531,NC.PSM.EHE,NC.PSM..EHE,NC.PSM..EHE,,,PSM,EHE,100.0,10.0-40.0Hz,10.0,40.0,0.9995602747878952,90.32376400482401,0.07673852507627972,-0.06,False
prospective_75021072_target_anchor_51214531,75021072,51214531,NC.PSM.EHE,NC.PSM..EHE,NC.PSM..EHE,,,PSM,EHE,100.0,2.0-40.0Hz,2.0,40.0,1.0181935896173893,325.86819643485256,0.08404310364993653,-0.05,False
prospective_75021072_target_anchor_51214531,75021072,51214531,NC.PSM.EHN,NC.PSM..EHN,NC.PSM..EHN,,,PSM,EHN,100.0,2.0-10.0Hz,2.0,10.0,650.5805834352574,494.3037921622904,0.8251722226041577,0.13,True
prospective_75021072_target_anchor_51214531,75021072,51214531,NC.PSM.EHN,NC.PSM..EHN,NC.PSM..EHN,,,PSM,EHN,100.0,5.0-20.0Hz,5.0,20.0,613.7869817878619,255.68561449214928,0.5435972992911283,0.14,True
prospective_75021072_target_anchor_51214531,75021072,51214531,NC.PSM.EHN,NC.PSM..EHN,NC.PSM..EHN,,,PSM,EHN,100.0,10.0-40.0Hz,10.0,40.0,205.6516425554474,80.25149208677485,0.30381278453804006,0.05,True
prospective_75021072_target_anchor_51214531,75021072,51214531,NC.PSM.EHN,NC.PSM..EHN,NC.PSM..EHN,,,PSM,EHN,100.0,2.0-40.0Hz,2.0,40.0,608.3779148555321,352.73629224773254,0.803711772362415,0.13,True
prospective_75021072_target_anchor_51214531,75021072,51214531,NC.PSM.EHZ,NC.PSM..EHZ,NC.PSM..EHZ,,,PSM,EHZ,100.0,2.0-10.0Hz,2.0,10.0,618.9113235643307,376.12827159932255,0.670331250194444,0.14,True
prospective_75021072_target_anchor_51214531,75021072,51214531,NC.PSM.EHZ,NC.PSM..EHZ,NC.PSM..EHZ,,,PSM,EHZ,100.0,5.0-20.0Hz,5.0,20.0,563.26357819465,323.9281508588862,0.44358479445008075,0.15,True
prospective_75021072_target_anchor_51214531,75021072,51214531,NC.PSM.EHZ,NC.PSM..EHZ,NC.PSM..EHZ,,,PSM,EHZ,100.0,10.0-40.0Hz,10.0,40.0,212.89052946267557,79.53030582161814,0.44054977588774974,0.14,True
prospective_75021072_target_anchor_51214531,75021072,51214531,NC.PSM.EHZ,NC.PSM..EHZ,NC.PSM..EHZ,,,PSM,EHZ,100.0,2.0-40.0Hz,2.0,40.0,550.7293197821759,283.0698142538141,0.6527204150830324,0.14,True
prospective_75021072_target_anchor_71325295,75021072,71325295,BP.EADB.DP1,BP.EADB.40.DP1,BP.EADB..DP1,40,,EADB,DP1,250.0,2.0-10.0Hz,2.0,10.0,56.031946809565106,87.84596471128526,0.517324458497698,-0.152,True
prospective_75021072_target_anchor_71325295,75021072,71325295,BP.EADB.DP1,BP.EADB.40.DP1,BP.EADB..DP1,40,,EADB,DP1,250.0,5.0-20.0Hz,5.0,20.0,72.98212828082903,81.12447627367874,0.40491844831475776,0.196,True
prospective_75021072_target_anchor_71325295,75021072,71325295,BP.EADB.DP1,BP.EADB.40.DP1,BP.EADB..DP1,40,,EADB,DP1,250.0,10.0-40.0Hz,10.0,40.0,47.935627514073076,34.251350881794494,0.3635575213162168,-0.112,True
prospective_75021072_target_anchor_71325295,75021072,71325295,BP.EADB.DP1,BP.EADB.40.DP1,BP.EADB..DP1,40,,EADB,DP1,250.0,2.0-40.0Hz,2.0,40.0,57.28917474620155,73.82759384958995,0.4582499871773172,-0.152,True
prospective_75021072_target_anchor_71325295,75021072,71325295,BP.EADB.DP2,BP.EADB.40.DP2,BP.EADB..DP2,40,,EADB,DP2,250.0,2.0-10.0Hz,2.0,10.0,73.65366172060705,147.06876109255774,0.7385526385655556,-0.164,True
prospective_75021072_target_anchor_71325295,75021072,71325295,BP.EADB.DP2,BP.EADB.40.DP2,BP.EADB..DP2,40,,EADB,DP2,250.0,5.0-20.0Hz,5.0,20.0,78.52094778834993,98.76288442923212,0.486437624772181,-0.344,True
prospective_75021072_target_anchor_71325295,75021072,71325295,BP.EADB.DP2,BP.EADB.40.DP2,BP.EADB..DP2,40,,EADB,DP2,250.0,10.0-40.0Hz,10.0,40.0,40.93324295832498,36.486782736956904,0.3968650994449642,-0.112,True
prospective_75021072_target_anchor_71325295,75021072,71325295,BP.EADB.DP2,BP.EADB.40.DP2,BP.EADB..DP2,40,,EADB,DP2,250.0,2.0-40.0Hz,2.0,40.0,72.9661944996183,110.29151075153057,0.6875544803324429,-0.16,True
prospective_75021072_target_anchor_71325295,75021072,71325295,BP.EADB.DP3,BP.EADB.40.DP3,BP.EADB..DP3,40,,EADB,DP3,250.0,2.0-10.0Hz,2.0,10.0,64.6350242345437,100.89409436979197,0.7468983862900613,-0.168,True
prospective_75021072_target_anchor_71325295,75021072,71325295,BP.EADB.DP3,BP.EADB.40.DP3,BP.EADB..DP3,40,,EADB,DP3,250.0,5.0-20.0Hz,5.0,20.0,42.657053675560675,59.371449506542895,0.4377962042478034,-0.344,True
prospective_75021072_target_anchor_71325295,75021072,71325295,BP.EADB.DP3,BP.EADB.40.DP3,BP.EADB..DP3,40,,EADB,DP3,250.0,10.0-40.0Hz,10.0,40.0,30.96687244868647,21.501028740813823,0.3333217302173576,-0.104,True
prospective_75021072_target_anchor_71325295,75021072,71325295,BP.EADB.DP3,BP.EADB.40.DP3,BP.EADB..DP3,40,,EADB,DP3,250.0,2.0-40.0Hz,2.0,40.0,62.17653324886996,69.88243515294619,0.704317461041448,-0.172,True
prospective_75021072_target_anchor_71325295,75021072,71325295,BP.JCSB.DP3,BP.JCSB.40.DP3,BP.JCSB..DP3,40,,JCSB,DP3,250.0,2.0-10.0Hz,2.0,10.0,6.277123439700193,10.051095275763648,0.6458964583756435,-0.188,True
prospective_75021072_target_anchor_71325295,75021072,71325295,BP.JCSB.DP3,BP.JCSB.40.DP3,BP.JCSB..DP3,40,,JCSB,DP3,250.0,5.0-20.0Hz,5.0,20.0,9.985723367013932,15.46511122368312,0.39892026114343637,-0.184,True
prospective_75021072_target_anchor_71325295,75021072,71325295,BP.JCSB.DP3,BP.JCSB.40.DP3,BP.JCSB..DP3,40,,JCSB,DP3,250.0,10.0-40.0Hz,10.0,40.0,7.90153718237302,15.789308103469992,0.31638723938899743,-0.116,True
prospective_75021072_target_anchor_71325295,75021072,71325295,BP.JCSB.DP3,BP.JCSB.40.DP3,BP.JCSB..DP3,40,,JCSB,DP3,250.0,2.0-40.0Hz,2.0,40.0,7.515500225989906,14.190967096525261,0.2522342763137808,-0.18,True
prospective_75021072_target_anchor_71325295,75021072,71325295,BP.LCCB.DP1,BP.LCCB.40.DP1,BP.LCCB..DP1,40,,LCCB,DP1,250.0,2.0-10.0Hz,2.0,10.0,354.1446924355489,537.2039509573764,0.7552522505242233,-0.188,True
prospective_75021072_target_anchor_71325295,75021072,71325295,BP.LCCB.DP1,BP.LCCB.40.DP1,BP.LCCB..DP1,40,,LCCB,DP1,250.0,5.0-20.0Hz,5.0,20.0,633.5112152779667,868.9542497427905,0.7086749690522124,-0.188,True
prospective_75021072_target_anchor_71325295,75021072,71325295,BP.LCCB.DP1,BP.LCCB.40.DP1,BP.LCCB..DP1,40,,LCCB,DP1,250.0,10.0-40.0Hz,10.0,40.0,570.4953051173836,795.5449099077885,0.6261441845962573,-0.192,True
prospective_75021072_target_anchor_71325295,75021072,71325295,BP.LCCB.DP1,BP.LCCB.40.DP1,BP.LCCB..DP1,40,,LCCB,DP1,250.0,2.0-40.0Hz,2.0,40.0,411.18076655257306,617.4389858378024,0.6868488315637369,-0.188,True
prospective_75021072_target_anchor_71325295,75021072,71325295,BP.LCCB.DP2,BP.LCCB.40.DP2,BP.LCCB..DP2,40,,LCCB,DP2,250.0,2.0-10.0Hz,2.0,10.0,181.11973525698036,323.7402669301556,0.8584005564354047,-0.2,True
prospective_75021072_target_anchor_71325295,75021072,71325295,BP.LCCB.DP2,BP.LCCB.40.DP2,BP.LCCB..DP2,40,,LCCB,DP2,250.0,5.0-20.0Hz,5.0,20.0,239.61641870102505,341.6027698766219,0.560664791579412,-0.192,True
prospective_75021072_target_anchor_71325295,75021072,71325295,BP.LCCB.DP2,BP.LCCB.40.DP2,BP.LCCB..DP2,40,,LCCB,DP2,250.0,10.0-40.0Hz,10.0,40.0,146.57595887681452,222.41161165053344,0.35561389285357153,-0.112,True
prospective_75021072_target_anchor_71325295,75021072,71325295,BP.LCCB.DP2,BP.LCCB.40.DP2,BP.LCCB..DP2,40,,LCCB,DP2,250.0,2.0-40.0Hz,2.0,40.0,164.71257805779325,261.26930779103395,0.4663464762577917,-0.192,True
prospective_75021072_target_anchor_71325295,75021072,71325295,BP.LCCB.DP3,BP.LCCB.40.DP3,BP.LCCB..DP3,40,,LCCB,DP3,250.0,2.0-10.0Hz,2.0,10.0,404.1481046702741,609.9871443796446,0.6859750711283701,-0.18,True
prospective_75021072_target_anchor_71325295,75021072,71325295,BP.LCCB.DP3,BP.LCCB.40.DP3,BP.LCCB..DP3,40,,LCCB,DP3,250.0,5.0-20.0Hz,5.0,20.0,643.6883052732694,853.1712166217225,0.5220358427935725,-0.188,True
prospective_75021072_target_anchor_71325295,75021072,71325295,BP.LCCB.DP3,BP.LCCB.40.DP3,BP.LCCB..DP3,40,,LCCB,DP3,250.0,10.0-40.0Hz,10.0,40.0,556.3691433186489,677.6028408113793,0.4575330565316358,-0.112,True
prospective_75021072_target_anchor_71325295,75021072,71325295,BP.LCCB.DP3,BP.LCCB.40.DP3,BP.LCCB..DP3,40,,LCCB,DP3,250.0,2.0-40.0Hz,2.0,40.0,442.31061843089503,652.1045209702198,0.5698447905614964,-0.188,True
prospective_75021072_target_anchor_71325295,75021072,71325295,BP.MMNB.DP1,BP.MMNB.40.DP1,BP.MMNB..DP1,40,,MMNB,DP1,250.0,2.0-10.0Hz,2.0,10.0,90.55988107248722,1.1900557817948134,0.13663529088832937,0.032,False
prospective_75021072_target_anchor_71325295,75021072,71325295,BP.MMNB.DP1,BP.MMNB.40.DP1,BP.MMNB..DP1,40,,MMNB,DP1,250.0,5.0-20.0Hz,5.0,20.0,170.19330212199108,1.1175572991879594,0.08500509656248885,-0.356,False
prospective_75021072_target_anchor_71325295,75021072,71325295,BP.MMNB.DP1,BP.MMNB.40.DP1,BP.MMNB..DP1,40,,MMNB,DP1,250.0,10.0-40.0Hz,10.0,40.0,125.94067291470193,1.03219761170779,0.07756497545822966,-0.352,False
prospective_75021072_target_anchor_71325295,75021072,71325295,BP.MMNB.DP1,BP.MMNB.40.DP1,BP.MMNB..DP1,40,,MMNB,DP1,250.0,2.0-40.0Hz,2.0,40.0,93.9105152491333,1.1000019297259143,0.08302794289737093,0.036,False
prospective_75021072_target_anchor_71325295,75021072,71325295,BP.MMNB.DP2,BP.MMNB.40.DP2,BP.MMNB..DP2,40,,MMNB,DP2,250.0,2.0-10.0Hz,2.0,10.0,83.76294215506022,0.7710841612594234,0.06326083805243522,0.208,False
prospective_75021072_target_anchor_71325295,75021072,71325295,BP.MMNB.DP2,BP.MMNB.40.DP2,BP.MMNB..DP2,40,,MMNB,DP2,250.0,5.0-20.0Hz,5.0,20.0,119.01376978267949,0.9215878350336122,0.08148702526590926,0.208,False
prospective_75021072_target_anchor_71325295,75021072,71325295,BP.MMNB.DP2,BP.MMNB.40.DP2,BP.MMNB..DP2,40,,MMNB,DP2,250.0,10.0-40.0Hz,10.0,40.0,121.65920865602054,1.0009103200922262,0.07262571796781599,0.3,False
prospective_75021072_target_anchor_71325295,75021072,71325295,BP.MMNB.DP2,BP.MMNB.40.DP2,BP.MMNB..DP2,40,,MMNB,DP2,250.0,2.0-40.0Hz,2.0,40.0,90.54341214215782,0.8082037091272039,0.04988966735520047,0.212,False
prospective_75021072_target_anchor_71325295,75021072,71325295,BP.MMNB.DP3,BP.MMNB.40.DP3,BP.MMNB..DP3,40,,MMNB,DP3,250.0,2.0-10.0Hz,2.0,10.0,105.0365609683233,0.6593401479807772,0.17918921613393365,-0.184,False
prospective_75021072_target_anchor_71325295,75021072,71325295,BP.MMNB.DP3,BP.MMNB.40.DP3,BP.MMNB..DP3,40,,MMNB,DP3,250.0,5.0-20.0Hz,5.0,20.0,187.1218153196689,0.8898043137841036,0.10054684054961373,-0.064,False
prospective_75021072_target_anchor_71325295,75021072,71325295,BP.MMNB.DP3,BP.MMNB.40.DP3,BP.MMNB..DP3,40,,MMNB,DP3,250.0,10.0-40.0Hz,10.0,40.0,211.7961419405352,1.041314192715503,0.06318791643622763,0.304,False
prospective_75021072_target_anchor_71325295,75021072,71325295,BP.MMNB.DP3,BP.MMNB.40.DP3,BP.MMNB..DP3,40,,MMNB,DP3,250.0,2.0-40.0Hz,2.0,40.0,122.75853133875871,0.8531828888112479,0.09129057513594668,-0.18,False
prospective_75021072_target_anchor_71325295,75021072,71325295,BP.SCYB.DP1,BP.SCYB.40.DP1,BP.SCYB..DP1,40,,SCYB,DP1,250.0,2.0-10.0Hz,2.0,10.0,528.8452590733177,666.9106970418773,0.5022421195446396,-0.16,True
prospective_75021072_target_anchor_71325295,75021072,71325295,BP.SCYB.DP1,BP.SCYB.40.DP1,BP.SCYB..DP1,40,,SCYB,DP1,250.0,5.0-20.0Hz,5.0,20.0,712.8166749361184,761.0777521662202,0.3015263601675834,-0.176,True
prospective_75021072_target_anchor_71325295,75021072,71325295,BP.SCYB.DP1,BP.SCYB.40.DP1,BP.SCYB..DP1,40,,SCYB,DP1,250.0,10.0-40.0Hz,10.0,40.0,592.4998296694234,458.59070278783304,0.27432563523965475,-0.18,True
prospective_75021072_target_anchor_71325295,75021072,71325295,BP.SCYB.DP1,BP.SCYB.40.DP1,BP.SCYB..DP1,40,,SCYB,DP1,250.0,2.0-40.0Hz,2.0,40.0,553.0000519737384,589.9714142302165,0.3903416919228408,-0.172,True
prospective_75021072_target_anchor_71325295,75021072,71325295,BP.SCYB.DP2,BP.SCYB.40.DP2,BP.SCYB..DP2,40,,SCYB,DP2,250.0,2.0-10.0Hz,2.0,10.0,546.7368165921287,682.1958923661084,0.5587445380217969,-0.168,True
prospective_75021072_target_anchor_71325295,75021072,71325295,BP.SCYB.DP2,BP.SCYB.40.DP2,BP.SCYB..DP2,40,,SCYB,DP2,250.0,5.0-20.0Hz,5.0,20.0,982.537927397897,690.3561888224922,0.4797138641663441,-0.18,True
prospective_75021072_target_anchor_71325295,75021072,71325295,BP.SCYB.DP2,BP.SCYB.40.DP2,BP.SCYB..DP2,40,,SCYB,DP2,250.0,10.0-40.0Hz,10.0,40.0,414.1456503763852,356.4670471709524,0.4578178427863683,-0.188,True
prospective_75021072_target_anchor_71325295,75021072,71325295,BP.SCYB.DP2,BP.SCYB.40.DP2,BP.SCYB..DP2,40,,SCYB,DP2,250.0,2.0-40.0Hz,2.0,40.0,553.0878184948646,524.3527407087028,0.4908516889347676,-0.176,True
prospective_75021072_target_anchor_71325295,75021072,71325295,BP.SCYB.DP3,BP.SCYB.40.DP3,BP.SCYB..DP3,40,,SCYB,DP3,250.0,2.0-10.0Hz,2.0,10.0,366.78447920197016,370.7526905079964,0.6903485672129521,-0.168,True
prospective_75021072_target_anchor_71325295,75021072,71325295,BP.SCYB.DP3,BP.SCYB.40.DP3,BP.SCYB..DP3,40,,SCYB,DP3,250.0,5.0-20.0Hz,5.0,20.0,957.403773518952,501.4014262245506,0.6279728796108341,-0.172,True
prospective_75021072_target_anchor_71325295,75021072,71325295,BP.SCYB.DP3,BP.SCYB.40.DP3,BP.SCYB..DP3,40,,SCYB,DP3,250.0,10.0-40.0Hz,10.0,40.0,681.9022136231811,326.6778930079351,0.5158091217570364,-0.176,True
prospective_75021072_target_anchor_71325295,75021072,71325295,BP.SCYB.DP3,BP.SCYB.40.DP3,BP.SCYB..DP3,40,,SCYB,DP3,250.0,2.0-40.0Hz,2.0,40.0,415.0652119248266,340.8126293784778,0.6286235324370865,-0.172,True
prospective_75021072_target_anchor_71325295,75021072,71325295,BP.SMNB.DP1,BP.SMNB.40.DP1,BP.SMNB..DP1,40,,SMNB,DP1,250.0,2.0-10.0Hz,2.0,10.0,264.91385581711785,591.0472670100794,0.4833654217103105,-0.092,True
prospective_75021072_target_anchor_71325295,75021072,71325295,BP.SMNB.DP1,BP.SMNB.40.DP1,BP.SMNB..DP1,40,,SMNB,DP1,250.0,5.0-20.0Hz,5.0,20.0,398.4988985309249,971.4048280608733,0.26717390010218933,-0.084,True
prospective_75021072_target_anchor_71325295,75021072,71325295,BP.SMNB.DP1,BP.SMNB.40.DP1,BP.SMNB..DP1,40,,SMNB,DP1,250.0,10.0-40.0Hz,10.0,40.0,552.9093333215905,1145.781674770525,0.20236796582674552,0.024,True
prospective_75021072_target_anchor_71325295,75021072,71325295,BP.SMNB.DP1,BP.SMNB.40.DP1,BP.SMNB..DP1,40,,SMNB,DP1,250.0,2.0-40.0Hz,2.0,40.0,360.3693732992061,827.9659106417006,0.29399467297456205,-0.08,True
prospective_75021072_target_anchor_71325295,75021072,71325295,BP.SMNB.DP2,BP.SMNB.40.DP2,BP.SMNB..DP2,40,,SMNB,DP2,250.0,2.0-10.0Hz,2.0,10.0,230.40611922560186,481.4684306995668,0.402823085130824,-0.088,True
prospective_75021072_target_anchor_71325295,75021072,71325295,BP.SMNB.DP2,BP.SMNB.40.DP2,BP.SMNB..DP2,40,,SMNB,DP2,250.0,5.0-20.0Hz,5.0,20.0,356.51715557689977,1083.1769800696034,0.2572496505523047,0.028,True
prospective_75021072_target_anchor_71325295,75021072,71325295,BP.SMNB.DP2,BP.SMNB.40.DP2,BP.SMNB..DP2,40,,SMNB,DP2,250.0,10.0-40.0Hz,10.0,40.0,448.36847574299156,1332.9721567957424,0.23212581538793114,0.032,True
prospective_75021072_target_anchor_71325295,75021072,71325295,BP.SMNB.DP2,BP.SMNB.40.DP2,BP.SMNB..DP2,40,,SMNB,DP2,250.0,2.0-40.0Hz,2.0,40.0,300.64318847160655,840.0210950137747,0.23153959893338485,-0.072,True
prospective_75021072_target_anchor_71325295,75021072,71325295,BP.SMNB.DP3,BP.SMNB.40.DP3,BP.SMNB..DP3,40,,SMNB,DP3,250.0,2.0-10.0Hz,2.0,10.0,247.63444937949643,462.167197862632,0.6063118154569168,-0.08,True
prospective_75021072_target_anchor_71325295,75021072,71325295,BP.SMNB.DP3,BP.SMNB.40.DP3,BP.SMNB..DP3,40,,SMNB,DP3,250.0,5.0-20.0Hz,5.0,20.0,430.06560492478405,948.4858652633109,0.21149067138644317,-0.08,True
prospective_75021072_target_anchor_71325295,75021072,71325295,BP.SMNB.DP3,BP.SMNB.40.DP3,BP.SMNB..DP3,40,,SMNB,DP3,250.0,10.0-40.0Hz,10.0,40.0,609.6219776522075,1248.1528115035235,0.1495435414303765,-0.136,True
prospective_75021072_target_anchor_71325295,75021072,71325295,BP.SMNB.DP3,BP.SMNB.40.DP3,BP.SMNB..DP3,40,,SMNB,DP3,250.0,2.0-40.0Hz,2.0,40.0,387.15154203083824,876.4096111143489,0.2044177553676613,-0.084,True
prospective_75021072_target_anchor_71325295,75021072,71325295,NC.PSM.EHE,NC.PSM..EHE,NC.PSM..EHE,,,PSM,EHE,100.0,2.0-10.0Hz,2.0,10.0,1.0982806106704732,397.6430352101781,0.15936878579107425,-0.03,False
prospective_75021072_target_anchor_71325295,75021072,71325295,NC.PSM.EHE,NC.PSM..EHE,NC.PSM..EHE,,,PSM,EHE,100.0,5.0-20.0Hz,5.0,20.0,0.9265608734097512,327.95006926181384,0.16507945130238402,-0.16,False
prospective_75021072_target_anchor_71325295,75021072,71325295,NC.PSM.EHE,NC.PSM..EHE,NC.PSM..EHE,,,PSM,EHE,100.0,10.0-40.0Hz,10.0,40.0,0.9995602747878952,55.53889077783409,0.08189343306475554,0.08,False
prospective_75021072_target_anchor_71325295,75021072,71325295,NC.PSM.EHE,NC.PSM..EHE,NC.PSM..EHE,,,PSM,EHE,100.0,2.0-40.0Hz,2.0,40.0,1.0181935896173893,262.82521059536055,0.09508068416396825,-0.04,False
prospective_75021072_target_anchor_71325295,75021072,71325295,NC.PSM.EHN,NC.PSM..EHN,NC.PSM..EHN,,,PSM,EHN,100.0,2.0-10.0Hz,2.0,10.0,650.5805834352574,447.9409154918301,0.8483500119947086,0.14,True
prospective_75021072_target_anchor_71325295,75021072,71325295,NC.PSM.EHN,NC.PSM..EHN,NC.PSM..EHN,,,PSM,EHN,100.0,5.0-20.0Hz,5.0,20.0,613.7869817878619,194.68348573797067,0.5954819541239218,0.15,True
prospective_75021072_target_anchor_71325295,75021072,71325295,NC.PSM.EHN,NC.PSM..EHN,NC.PSM..EHN,,,PSM,EHN,100.0,10.0-40.0Hz,10.0,40.0,205.6516425554474,51.362136381335105,0.27243343784776086,0.06,True
prospective_75021072_target_anchor_71325295,75021072,71325295,NC.PSM.EHN,NC.PSM..EHN,NC.PSM..EHN,,,PSM,EHN,100.0,2.0-40.0Hz,2.0,40.0,608.3779148555321,264.38857497625435,0.8285736149444857,0.14,True
prospective_75021072_target_anchor_71325295,75021072,71325295,NC.PSM.EHZ,NC.PSM..EHZ,NC.PSM..EHZ,,,PSM,EHZ,100.0,2.0-10.0Hz,2.0,10.0,618.9113235643307,383.5466359177981,0.695731946960781,0.15,True
prospective_75021072_target_anchor_71325295,75021072,71325295,NC.PSM.EHZ,NC.PSM..EHZ,NC.PSM..EHZ,,,PSM,EHZ,100.0,5.0-20.0Hz,5.0,20.0,563.26357819465,270.9303823760277,0.48929458883372906,0.15,True
prospective_75021072_target_anchor_71325295,75021072,71325295,NC.PSM.EHZ,NC.PSM..EHZ,NC.PSM..EHZ,,,PSM,EHZ,100.0,10.0-40.0Hz,10.0,40.0,212.89052946267557,65.68020722853491,0.4660041661087655,0.15,True
prospective_75021072_target_anchor_71325295,75021072,71325295,NC.PSM.EHZ,NC.PSM..EHZ,NC.PSM..EHZ,,,PSM,EHZ,100.0,2.0-40.0Hz,2.0,40.0,550.7293197821759,255.94236699498913,0.6799675410137231,0.15,True
prospective_75021072_target_anchor_71567810,75021072,71567810,BK.PKD.HHE,BK.PKD.00.HHE,BK.PKD.00.HHE,00,00,PKD,HHE,100.0,2.0-10.0Hz,2.0,10.0,52.58258404558371,183.23152793089915,0.35062424456830144,-0.17,True
prospective_75021072_target_anchor_71567810,75021072,71567810,BK.PKD.HHE,BK.PKD.00.HHE,BK.PKD.00.HHE,00,00,PKD,HHE,100.0,5.0-20.0Hz,5.0,20.0,60.671552476809964,216.58183110703877,0.3197181233926935,-0.18,True
prospective_75021072_target_anchor_71567810,75021072,71567810,BK.PKD.HHE,BK.PKD.00.HHE,BK.PKD.00.HHE,00,00,PKD,HHE,100.0,10.0-40.0Hz,10.0,40.0,44.34766105821246,175.61109860592774,0.20768531800228757,-0.02,True
prospective_75021072_target_anchor_71567810,75021072,71567810,BK.PKD.HHE,BK.PKD.00.HHE,BK.PKD.00.HHE,00,00,PKD,HHE,100.0,2.0-40.0Hz,2.0,40.0,51.78043724090614,184.4650390175051,0.3059437018724201,-0.18,True
prospective_75021072_target_anchor_71567810,75021072,71567810,BK.PKD.HHN,BK.PKD.00.HHN,BK.PKD.00.HHN,00,00,PKD,HHN,100.0,2.0-10.0Hz,2.0,10.0,52.893698831555895,203.40469280101485,0.3363389476200107,-0.18,True
prospective_75021072_target_anchor_71567810,75021072,71567810,BK.PKD.HHN,BK.PKD.00.HHN,BK.PKD.00.HHN,00,00,PKD,HHN,100.0,5.0-20.0Hz,5.0,20.0,98.98635510277329,279.2560984161311,0.3078438241433855,-0.17,True
prospective_75021072_target_anchor_71567810,75021072,71567810,BK.PKD.HHN,BK.PKD.00.HHN,BK.PKD.00.HHN,00,00,PKD,HHN,100.0,10.0-40.0Hz,10.0,40.0,68.97205753859689,223.01693639366798,0.3726043930747311,-0.08,True
prospective_75021072_target_anchor_71567810,75021072,71567810,BK.PKD.HHN,BK.PKD.00.HHN,BK.PKD.00.HHN,00,00,PKD,HHN,100.0,2.0-40.0Hz,2.0,40.0,59.14951962969219,213.5792994742703,0.28046596019688375,-0.17,True
prospective_75021072_target_anchor_71567810,75021072,71567810,BK.PKD.HHZ,BK.PKD.00.HHZ,BK.PKD.00.HHZ,00,00,PKD,HHZ,100.0,2.0-10.0Hz,2.0,10.0,55.616082065909524,189.950128600951,0.36892339894555765,-0.08,True
prospective_75021072_target_anchor_71567810,75021072,71567810,BK.PKD.HHZ,BK.PKD.00.HHZ,BK.PKD.00.HHZ,00,00,PKD,HHZ,100.0,5.0-20.0Hz,5.0,20.0,108.52897428187616,281.70181178576394,0.48953248793356835,-0.08,True
prospective_75021072_target_anchor_71567810,75021072,71567810,BK.PKD.HHZ,BK.PKD.00.HHZ,BK.PKD.00.HHZ,00,00,PKD,HHZ,100.0,10.0-40.0Hz,10.0,40.0,125.006202611383,315.0128872653531,0.5279937554213103,-0.08,True
prospective_75021072_target_anchor_71567810,75021072,71567810,BK.PKD.HHZ,BK.PKD.00.HHZ,BK.PKD.00.HHZ,00,00,PKD,HHZ,100.0,2.0-40.0Hz,2.0,40.0,76.32796737360135,235.23802477242032,0.45807140645146227,-0.08,True
prospective_75021072_target_anchor_71567810,75021072,71567810,BP.EADB.DP1,BP.EADB.40.DP1,BP.EADB..DP1,40,,EADB,DP1,250.0,2.0-10.0Hz,2.0,10.0,56.031946809565106,103.40502319248652,0.5151787747122556,-0.148,True
prospective_75021072_target_anchor_71567810,75021072,71567810,BP.EADB.DP1,BP.EADB.40.DP1,BP.EADB..DP1,40,,EADB,DP1,250.0,5.0-20.0Hz,5.0,20.0,72.98212828082903,112.20382110299953,0.39863206570830556,0.204,True
prospective_75021072_target_anchor_71567810,75021072,71567810,BP.EADB.DP1,BP.EADB.40.DP1,BP.EADB..DP1,40,,EADB,DP1,250.0,10.0-40.0Hz,10.0,40.0,47.935627514073076,45.23362873831021,0.3482090842971488,-0.104,True
prospective_75021072_target_anchor_71567810,75021072,71567810,BP.EADB.DP1,BP.EADB.40.DP1,BP.EADB..DP1,40,,EADB,DP1,250.0,2.0-40.0Hz,2.0,40.0,57.28917474620155,92.49663726523961,0.4576512447953111,-0.144,True
prospective_75021072_target_anchor_71567810,75021072,71567810,BP.EADB.DP2,BP.EADB.40.DP2,BP.EADB..DP2,40,,EADB,DP2,250.0,2.0-10.0Hz,2.0,10.0,73.65366172060705,161.25480531534598,0.7490498862679815,-0.156,True
prospective_75021072_target_anchor_71567810,75021072,71567810,BP.EADB.DP2,BP.EADB.40.DP2,BP.EADB..DP2,40,,EADB,DP2,250.0,5.0-20.0Hz,5.0,20.0,78.52094778834993,111.90496762765977,0.48318770285233487,-0.336,True
prospective_75021072_target_anchor_71567810,75021072,71567810,BP.EADB.DP2,BP.EADB.40.DP2,BP.EADB..DP2,40,,EADB,DP2,250.0,10.0-40.0Hz,10.0,40.0,40.93324295832498,45.01090781349696,0.38265498392301883,-0.104,True
prospective_75021072_target_anchor_71567810,75021072,71567810,BP.EADB.DP2,BP.EADB.40.DP2,BP.EADB..DP2,40,,EADB,DP2,250.0,2.0-40.0Hz,2.0,40.0,72.9661944996183,129.14870242901515,0.6993856363654256,-0.156,True
prospective_75021072_target_anchor_71567810,75021072,71567810,BP.EADB.DP3,BP.EADB.40.DP3,BP.EADB..DP3,40,,EADB,DP3,250.0,2.0-10.0Hz,2.0,10.0,64.6350242345437,116.75719548745721,0.7566983963271917,-0.16,True
prospective_75021072_target_anchor_71567810,75021072,71567810,BP.EADB.DP3,BP.EADB.40.DP3,BP.EADB..DP3,40,,EADB,DP3,250.0,5.0-20.0Hz,5.0,20.0,42.657053675560675,82.03968917499697,0.4460737686172039,-0.336,True
prospective_75021072_target_anchor_71567810,75021072,71567810,BP.EADB.DP3,BP.EADB.40.DP3,BP.EADB..DP3,40,,EADB,DP3,250.0,10.0-40.0Hz,10.0,40.0,30.96687244868647,29.911632593711875,0.3325860617174566,-0.1,True
prospective_75021072_target_anchor_71567810,75021072,71567810,BP.EADB.DP3,BP.EADB.40.DP3,BP.EADB..DP3,40,,EADB,DP3,250.0,2.0-40.0Hz,2.0,40.0,62.17653324886996,88.5332158591796,0.7069505330110584,-0.164,True
prospective_75021072_target_anchor_71567810,75021072,71567810,BP.JCSB.DP3,BP.JCSB.40.DP3,BP.JCSB.40.DP3,40,40,JCSB,DP3,250.0,2.0-10.0Hz,2.0,10.0,6.277123439700193,1.3926045325519425,0.41156142490069103,-0.172,False
prospective_75021072_target_anchor_71567810,75021072,71567810,BP.JCSB.DP3,BP.JCSB.40.DP3,BP.JCSB.40.DP3,40,40,JCSB,DP3,250.0,5.0-20.0Hz,5.0,20.0,9.985723367013932,1.662465676322875,0.31013984141503426,-0.164,False
prospective_75021072_target_anchor_71567810,75021072,71567810,BP.JCSB.DP3,BP.JCSB.40.DP3,BP.JCSB.40.DP3,40,40,JCSB,DP3,250.0,10.0-40.0Hz,10.0,40.0,7.90153718237302,2.092696433819361,0.2770950692705184,-0.1,False
prospective_75021072_target_anchor_71567810,75021072,71567810,BP.JCSB.DP3,BP.JCSB.40.DP3,BP.JCSB.40.DP3,40,40,JCSB,DP3,250.0,2.0-40.0Hz,2.0,40.0,7.515500225989906,1.8051908867463227,0.22724859827783922,-0.048,False
prospective_75021072_target_anchor_71567810,75021072,71567810,BP.LCCB.DP1,BP.LCCB.40.DP1,BP.LCCB..DP1,40,,LCCB,DP1,250.0,2.0-10.0Hz,2.0,10.0,354.1446924355489,890.2743871429769,0.7671063909957253,-0.18,True
prospective_75021072_target_anchor_71567810,75021072,71567810,BP.LCCB.DP1,BP.LCCB.40.DP1,BP.LCCB..DP1,40,,LCCB,DP1,250.0,5.0-20.0Hz,5.0,20.0,633.5112152779667,1666.5147073142475,0.7082573934725339,-0.18,True
prospective_75021072_target_anchor_71567810,75021072,71567810,BP.LCCB.DP1,BP.LCCB.40.DP1,BP.LCCB..DP1,40,,LCCB,DP1,250.0,10.0-40.0Hz,10.0,40.0,570.4953051173836,1076.0726955331595,0.6283373602484708,-0.184,True
prospective_75021072_target_anchor_71567810,75021072,71567810,BP.LCCB.DP1,BP.LCCB.40.DP1,BP.LCCB..DP1,40,,LCCB,DP1,250.0,2.0-40.0Hz,2.0,40.0,411.18076655257306,978.1363203773686,0.6930615492319241,-0.18,True
prospective_75021072_target_anchor_71567810,75021072,71567810,BP.LCCB.DP2,BP.LCCB.40.DP2,BP.LCCB..DP2,40,,LCCB,DP2,250.0,2.0-10.0Hz,2.0,10.0,181.11973525698036,395.44351475086626,0.8624396320606048,-0.192,True
prospective_75021072_target_anchor_71567810,75021072,71567810,BP.LCCB.DP2,BP.LCCB.40.DP2,BP.LCCB..DP2,40,,LCCB,DP2,250.0,5.0-20.0Hz,5.0,20.0,239.61641870102505,422.4333463753459,0.554284075841651,-0.184,True
prospective_75021072_target_anchor_71567810,75021072,71567810,BP.LCCB.DP2,BP.LCCB.40.DP2,BP.LCCB..DP2,40,,LCCB,DP2,250.0,10.0-40.0Hz,10.0,40.0,146.57595887681452,276.66969160396866,0.351401847689645,-0.104,True
prospective_75021072_target_anchor_71567810,75021072,71567810,BP.LCCB.DP2,BP.LCCB.40.DP2,BP.LCCB..DP2,40,,LCCB,DP2,250.0,2.0-40.0Hz,2.0,40.0,164.71257805779325,304.8351185955109,0.4591643352345612,-0.18,True
prospective_75021072_target_anchor_71567810,75021072,71567810,BP.LCCB.DP3,BP.LCCB.40.DP3,BP.LCCB..DP3,40,,LCCB,DP3,250.0,2.0-10.0Hz,2.0,10.0,404.1481046702741,901.0491391067158,0.6945804201467988,-0.172,True
prospective_75021072_target_anchor_71567810,75021072,71567810,BP.LCCB.DP3,BP.LCCB.40.DP3,BP.LCCB..DP3,40,,LCCB,DP3,250.0,5.0-20.0Hz,5.0,20.0,643.6883052732694,1167.8812129353505,0.5282635447380649,-0.18,True
prospective_75021072_target_anchor_71567810,75021072,71567810,BP.LCCB.DP3,BP.LCCB.40.DP3,BP.LCCB..DP3,40,,LCCB,DP3,250.0,10.0-40.0Hz,10.0,40.0,556.3691433186489,864.2881316830668,0.4666007673493287,-0.104,True
prospective_75021072_target_anchor_71567810,75021072,71567810,BP.LCCB.DP3,BP.LCCB.40.DP3,BP.LCCB..DP3,40,,LCCB,DP3,250.0,2.0-40.0Hz,2.0,40.0,442.31061843089503,897.5263071583724,0.580090188153923,-0.18,True
prospective_75021072_target_anchor_71567810,75021072,71567810,BP.MMNB.DP1,BP.MMNB.40.DP1,BP.MMNB.40.DP1,40,40,MMNB,DP1,250.0,2.0-10.0Hz,2.0,10.0,90.55988107248722,517.5923666508165,0.712377540043949,-0.184,True
prospective_75021072_target_anchor_71567810,75021072,71567810,BP.MMNB.DP1,BP.MMNB.40.DP1,BP.MMNB.40.DP1,40,40,MMNB,DP1,250.0,5.0-20.0Hz,5.0,20.0,170.19330212199108,704.1034560734225,0.5961941191863952,-0.18,True
prospective_75021072_target_anchor_71567810,75021072,71567810,BP.MMNB.DP1,BP.MMNB.40.DP1,BP.MMNB.40.DP1,40,40,MMNB,DP1,250.0,10.0-40.0Hz,10.0,40.0,125.94067291470193,325.95728195586054,0.28986244322013544,-0.016,True
prospective_75021072_target_anchor_71567810,75021072,71567810,BP.MMNB.DP1,BP.MMNB.40.DP1,BP.MMNB.40.DP1,40,40,MMNB,DP1,250.0,2.0-40.0Hz,2.0,40.0,93.9105152491333,467.2200825503769,0.61367555177126,-0.184,True
prospective_75021072_target_anchor_71567810,75021072,71567810,BP.MMNB.DP2,BP.MMNB.40.DP2,BP.MMNB.40.DP2,40,40,MMNB,DP2,250.0,2.0-10.0Hz,2.0,10.0,83.76294215506022,499.94637223535483,0.47690768284051827,-0.184,True
prospective_75021072_target_anchor_71567810,75021072,71567810,BP.MMNB.DP2,BP.MMNB.40.DP2,BP.MMNB.40.DP2,40,40,MMNB,DP2,250.0,5.0-20.0Hz,5.0,20.0,119.01376978267949,678.1862718906626,0.3737805617904057,-0.296,True
prospective_75021072_target_anchor_71567810,75021072,71567810,BP.MMNB.DP2,BP.MMNB.40.DP2,BP.MMNB.40.DP2,40,40,MMNB,DP2,250.0,10.0-40.0Hz,10.0,40.0,121.65920865602054,296.1719108145358,0.4620732313155379,-0.1,True
prospective_75021072_target_anchor_71567810,75021072,71567810,BP.MMNB.DP2,BP.MMNB.40.DP2,BP.MMNB.40.DP2,40,40,MMNB,DP2,250.0,2.0-40.0Hz,2.0,40.0,90.54341214215782,437.6799654082157,0.4567185797916009,-0.188,True
prospective_75021072_target_anchor_71567810,75021072,71567810,BP.MMNB.DP3,BP.MMNB.40.DP3,BP.MMNB.40.DP3,40,40,MMNB,DP3,250.0,2.0-10.0Hz,2.0,10.0,105.0365609683233,579.3087498875539,0.6390898555722565,-0.184,True
prospective_75021072_target_anchor_71567810,75021072,71567810,BP.MMNB.DP3,BP.MMNB.40.DP3,BP.MMNB.40.DP3,40,40,MMNB,DP3,250.0,5.0-20.0Hz,5.0,20.0,187.1218153196689,737.6866007085637,0.6177102005527604,-0.188,True
prospective_75021072_target_anchor_71567810,75021072,71567810,BP.MMNB.DP3,BP.MMNB.40.DP3,BP.MMNB.40.DP3,40,40,MMNB,DP3,250.0,10.0-40.0Hz,10.0,40.0,211.7961419405352,382.79077076872795,0.5339839833913629,-0.188,True
prospective_75021072_target_anchor_71567810,75021072,71567810,BP.MMNB.DP3,BP.MMNB.40.DP3,BP.MMNB.40.DP3,40,40,MMNB,DP3,250.0,2.0-40.0Hz,2.0,40.0,122.75853133875871,521.0851752934398,0.6008806537627501,-0.188,True
prospective_75021072_target_anchor_71567810,75021072,71567810,BP.SCYB.DP1,BP.SCYB.40.DP1,BP.SCYB..DP1,40,,SCYB,DP1,250.0,2.0-10.0Hz,2.0,10.0,528.8452590733177,880.7835451147147,0.5120992931535305,-0.152,True
prospective_75021072_target_anchor_71567810,75021072,71567810,BP.SCYB.DP1,BP.SCYB.40.DP1,BP.SCYB..DP1,40,,SCYB,DP1,250.0,5.0-20.0Hz,5.0,20.0,712.8166749361184,1103.7736792366684,0.3052996970084772,-0.168,True
prospective_75021072_target_anchor_71567810,75021072,71567810,BP.SCYB.DP1,BP.SCYB.40.DP1,BP.SCYB..DP1,40,,SCYB,DP1,250.0,10.0-40.0Hz,10.0,40.0,592.4998296694234,684.5288848609263,0.2778425530427912,-0.172,True
prospective_75021072_target_anchor_71567810,75021072,71567810,BP.SCYB.DP1,BP.SCYB.40.DP1,BP.SCYB..DP1,40,,SCYB,DP1,250.0,2.0-40.0Hz,2.0,40.0,553.0000519737384,803.6924045744108,0.3971203979740078,-0.164,True
prospective_75021072_target_anchor_71567810,75021072,71567810,BP.SCYB.DP2,BP.SCYB.40.DP2,BP.SCYB..DP2,40,,SCYB,DP2,250.0,2.0-10.0Hz,2.0,10.0,546.7368165921287,1185.6383764192358,0.5613168736995251,-0.16,True
prospective_75021072_target_anchor_71567810,75021072,71567810,BP.SCYB.DP2,BP.SCYB.40.DP2,BP.SCYB..DP2,40,,SCYB,DP2,250.0,5.0-20.0Hz,5.0,20.0,982.537927397897,1223.6493160833113,0.4865420520239727,-0.172,True
prospective_75021072_target_anchor_71567810,75021072,71567810,BP.SCYB.DP2,BP.SCYB.40.DP2,BP.SCYB..DP2,40,,SCYB,DP2,250.0,10.0-40.0Hz,10.0,40.0,414.1456503763852,533.8757249711488,0.45922856720340766,-0.18,True
prospective_75021072_target_anchor_71567810,75021072,71567810,BP.SCYB.DP2,BP.SCYB.40.DP2,BP.SCYB..DP2,40,,SCYB,DP2,250.0,2.0-40.0Hz,2.0,40.0,553.0878184948646,932.8068547863899,0.4964840794566311,-0.168,True
prospective_75021072_target_anchor_71567810,75021072,71567810,BP.SCYB.DP3,BP.SCYB.40.DP3,BP.SCYB..DP3,40,,SCYB,DP3,250.0,2.0-10.0Hz,2.0,10.0,366.78447920197016,632.6209373102877,0.689037460726168,-0.16,True
prospective_75021072_target_anchor_71567810,75021072,71567810,BP.SCYB.DP3,BP.SCYB.40.DP3,BP.SCYB..DP3,40,,SCYB,DP3,250.0,5.0-20.0Hz,5.0,20.0,957.403773518952,741.6215300688774,0.632682492937115,-0.164,True
prospective_75021072_target_anchor_71567810,75021072,71567810,BP.SCYB.DP3,BP.SCYB.40.DP3,BP.SCYB..DP3,40,,SCYB,DP3,250.0,10.0-40.0Hz,10.0,40.0,681.9022136231811,447.87968669205935,0.5216917553930706,-0.164,True
prospective_75021072_target_anchor_71567810,75021072,71567810,BP.SCYB.DP3,BP.SCYB.40.DP3,BP.SCYB..DP3,40,,SCYB,DP3,250.0,2.0-40.0Hz,2.0,40.0,415.0652119248266,504.6692246677407,0.6306252504355413,-0.164,True
prospective_75021072_target_anchor_71567810,75021072,71567810,BP.SMNB.DP1,BP.SMNB.40.DP1,BP.SMNB.40.DP1,40,40,SMNB,DP1,250.0,2.0-10.0Hz,2.0,10.0,264.91385581711785,716.6425739890268,0.5658001807603736,-0.072,True
prospective_75021072_target_anchor_71567810,75021072,71567810,BP.SMNB.DP1,BP.SMNB.40.DP1,BP.SMNB.40.DP1,40,40,SMNB,DP1,250.0,5.0-20.0Hz,5.0,20.0,398.4988985309249,1202.3993798127144,0.3148662673078339,-0.068,True
prospective_75021072_target_anchor_71567810,75021072,71567810,BP.SMNB.DP1,BP.SMNB.40.DP1,BP.SMNB.40.DP1,40,40,SMNB,DP1,250.0,10.0-40.0Hz,10.0,40.0,552.9093333215905,1491.4532351999123,0.22318186276034768,-0.5,True
prospective_75021072_target_anchor_71567810,75021072,71567810,BP.SMNB.DP1,BP.SMNB.40.DP1,BP.SMNB.40.DP1,40,40,SMNB,DP1,250.0,2.0-40.0Hz,2.0,40.0,360.3693732992061,1015.0800027229297,0.3248750320568013,-0.064,True
prospective_75021072_target_anchor_71567810,75021072,71567810,BP.SMNB.DP2,BP.SMNB.40.DP2,BP.SMNB.40.DP2,40,40,SMNB,DP2,250.0,2.0-10.0Hz,2.0,10.0,230.40611922560186,774.8368681610898,0.45991991736069937,-0.076,True
prospective_75021072_target_anchor_71567810,75021072,71567810,BP.SMNB.DP2,BP.SMNB.40.DP2,BP.SMNB.40.DP2,40,40,SMNB,DP2,250.0,5.0-20.0Hz,5.0,20.0,356.51715557689977,1402.9400401938774,0.28188547172901834,0.044,True
prospective_75021072_target_anchor_71567810,75021072,71567810,BP.SMNB.DP2,BP.SMNB.40.DP2,BP.SMNB.40.DP2,40,40,SMNB,DP2,250.0,10.0-40.0Hz,10.0,40.0,448.36847574299156,1577.8530461479486,0.22928217124813155,0.048,True
prospective_75021072_target_anchor_71567810,75021072,71567810,BP.SMNB.DP2,BP.SMNB.40.DP2,BP.SMNB.40.DP2,40,40,SMNB,DP2,250.0,2.0-40.0Hz,2.0,40.0,300.64318847160655,1203.611443820404,0.24263312413551247,-0.056,True
prospective_75021072_target_anchor_71567810,75021072,71567810,BP.SMNB.DP3,BP.SMNB.40.DP3,BP.SMNB.40.DP3,40,40,SMNB,DP3,250.0,2.0-10.0Hz,2.0,10.0,247.63444937949643,683.131060875061,0.6246711050465579,-0.06,True
prospective_75021072_target_anchor_71567810,75021072,71567810,BP.SMNB.DP3,BP.SMNB.40.DP3,BP.SMNB.40.DP3,40,40,SMNB,DP3,250.0,5.0-20.0Hz,5.0,20.0,430.06560492478405,1161.3196554886742,0.2581267163382322,-0.064,True
prospective_75021072_target_anchor_71567810,75021072,71567810,BP.SMNB.DP3,BP.SMNB.40.DP3,BP.SMNB.40.DP3,40,40,SMNB,DP3,250.0,10.0-40.0Hz,10.0,40.0,609.6219776522075,1499.2779705569803,0.1496966586199246,-0.12,True
prospective_75021072_target_anchor_71567810,75021072,71567810,BP.SMNB.DP3,BP.SMNB.40.DP3,BP.SMNB.40.DP3,40,40,SMNB,DP3,250.0,2.0-40.0Hz,2.0,40.0,387.15154203083824,1149.5859515061043,0.2213690635562417,-0.068,True
prospective_75021072_target_anchor_71567810,75021072,71567810,NC.PSM.EHE,NC.PSM..EHE,NC.PSM..EHE,,,PSM,EHE,100.0,2.0-10.0Hz,2.0,10.0,1.0982806106704732,659.6921253895091,0.13074997140867406,-0.02,False
prospective_75021072_target_anchor_71567810,75021072,71567810,NC.PSM.EHE,NC.PSM..EHE,NC.PSM..EHE,,,PSM,EHE,100.0,5.0-20.0Hz,5.0,20.0,0.9265608734097512,565.4561586141633,0.16947822805944454,-0.15,False
prospective_75021072_target_anchor_71567810,75021072,71567810,NC.PSM.EHE,NC.PSM..EHE,NC.PSM..EHE,,,PSM,EHE,100.0,10.0-40.0Hz,10.0,40.0,0.9995602747878952,106.13879260906954,0.08467684362565643,0.1,False
prospective_75021072_target_anchor_71567810,75021072,71567810,NC.PSM.EHE,NC.PSM..EHE,NC.PSM..EHE,,,PSM,EHE,100.0,2.0-40.0Hz,2.0,40.0,1.0181935896173893,499.2988847155111,0.0779693767037038,-0.02,False
prospective_75021072_target_anchor_71567810,75021072,71567810,NC.PSM.EHN,NC.PSM..EHN,NC.PSM..EHN,,,PSM,EHN,100.0,2.0-10.0Hz,2.0,10.0,650.5805834352574,786.6000799787593,0.8933482925438307,0.15,True
prospective_75021072_target_anchor_71567810,75021072,71567810,NC.PSM.EHN,NC.PSM..EHN,NC.PSM..EHN,,,PSM,EHN,100.0,5.0-20.0Hz,5.0,20.0,613.7869817878619,319.33819102020243,0.6514172322099617,0.16,True
prospective_75021072_target_anchor_71567810,75021072,71567810,NC.PSM.EHN,NC.PSM..EHN,NC.PSM..EHN,,,PSM,EHN,100.0,10.0-40.0Hz,10.0,40.0,205.6516425554474,89.98035262765198,0.3293751816709628,0.07,True
prospective_75021072_target_anchor_71567810,75021072,71567810,NC.PSM.EHN,NC.PSM..EHN,NC.PSM..EHN,,,PSM,EHN,100.0,2.0-40.0Hz,2.0,40.0,608.3779148555321,512.0174499485839,0.877251771661834,0.15,True
prospective_75021072_target_anchor_71567810,75021072,71567810,NC.PSM.EHZ,NC.PSM..EHZ,NC.PSM..EHZ,,,PSM,EHZ,100.0,2.0-10.0Hz,2.0,10.0,618.9113235643307,609.9669156370992,0.7487673532948881,0.16,True
prospective_75021072_target_anchor_71567810,75021072,71567810,NC.PSM.EHZ,NC.PSM..EHZ,NC.PSM..EHZ,,,PSM,EHZ,100.0,5.0-20.0Hz,5.0,20.0,563.26357819465,429.41735582683725,0.5398089237135648,0.16,True
prospective_75021072_target_anchor_71567810,75021072,71567810,NC.PSM.EHZ,NC.PSM..EHZ,NC.PSM..EHZ,,,PSM,EHZ,100.0,10.0-40.0Hz,10.0,40.0,212.89052946267557,111.7943952231144,0.4304743891444706,0.16,True
prospective_75021072_target_anchor_71567810,75021072,71567810,NC.PSM.EHZ,NC.PSM..EHZ,NC.PSM..EHZ,,,PSM,EHZ,100.0,2.0-40.0Hz,2.0,40.0,550.7293197821759,437.9641189999582,0.7325037118148447,0.16,True
prospective_75021072_target_anchor_71908906,75021072,71908906,BK.PKD.HHE,BK.PKD.00.HHE,BK.PKD.00.HHE,00,00,PKD,HHE,100.0,2.0-10.0Hz,2.0,10.0,52.58258404558371,63.27491120678386,0.3443647390020626,-0.16,True
prospective_75021072_target_anchor_71908906,75021072,71908906,BK.PKD.HHE,BK.PKD.00.HHE,BK.PKD.00.HHE,00,00,PKD,HHE,100.0,5.0-20.0Hz,5.0,20.0,60.671552476809964,74.81068027279335,0.3084384687767672,-0.17,True
prospective_75021072_target_anchor_71908906,75021072,71908906,BK.PKD.HHE,BK.PKD.00.HHE,BK.PKD.00.HHE,00,00,PKD,HHE,100.0,10.0-40.0Hz,10.0,40.0,44.34766105821246,60.68983868116381,0.25470673489234713,-0.08,True
prospective_75021072_target_anchor_71908906,75021072,71908906,BK.PKD.HHE,BK.PKD.00.HHE,BK.PKD.00.HHE,00,00,PKD,HHE,100.0,2.0-40.0Hz,2.0,40.0,51.78043724090614,63.393268555291144,0.30195200976343384,-0.16,True
prospective_75021072_target_anchor_71908906,75021072,71908906,BK.PKD.HHN,BK.PKD.00.HHN,BK.PKD.00.HHN,00,00,PKD,HHN,100.0,2.0-10.0Hz,2.0,10.0,52.893698831555895,47.7745763554742,0.3630465747474478,-0.17,True
prospective_75021072_target_anchor_71908906,75021072,71908906,BK.PKD.HHN,BK.PKD.00.HHN,BK.PKD.00.HHN,00,00,PKD,HHN,100.0,5.0-20.0Hz,5.0,20.0,98.98635510277329,62.44414088729069,0.2908590242717357,0.0,True
prospective_75021072_target_anchor_71908906,75021072,71908906,BK.PKD.HHN,BK.PKD.00.HHN,BK.PKD.00.HHN,00,00,PKD,HHN,100.0,10.0-40.0Hz,10.0,40.0,68.97205753859689,56.36203900952732,0.35596025602767617,-0.07,True
prospective_75021072_target_anchor_71908906,75021072,71908906,BK.PKD.HHN,BK.PKD.00.HHN,BK.PKD.00.HHN,00,00,PKD,HHN,100.0,2.0-40.0Hz,2.0,40.0,59.14951962969219,51.95244543502027,0.26481250744395035,-0.16,True
prospective_75021072_target_anchor_71908906,75021072,71908906,BK.PKD.HHZ,BK.PKD.00.HHZ,BK.PKD.00.HHZ,00,00,PKD,HHZ,100.0,2.0-10.0Hz,2.0,10.0,55.616082065909524,55.72118817687291,0.34597628690193105,-0.07,True
prospective_75021072_target_anchor_71908906,75021072,71908906,BK.PKD.HHZ,BK.PKD.00.HHZ,BK.PKD.00.HHZ,00,00,PKD,HHZ,100.0,5.0-20.0Hz,5.0,20.0,108.52897428187616,85.59033042220672,0.4415975057518155,-0.07,True
prospective_75021072_target_anchor_71908906,75021072,71908906,BK.PKD.HHZ,BK.PKD.00.HHZ,BK.PKD.00.HHZ,00,00,PKD,HHZ,100.0,10.0-40.0Hz,10.0,40.0,125.006202611383,99.63447318333363,0.45059880082157466,-0.07,True
prospective_75021072_target_anchor_71908906,75021072,71908906,BK.PKD.HHZ,BK.PKD.00.HHZ,BK.PKD.00.HHZ,00,00,PKD,HHZ,100.0,2.0-40.0Hz,2.0,40.0,76.32796737360135,72.03385223227681,0.4092124187151052,-0.07,True
prospective_75021072_target_anchor_71908906,75021072,71908906,BP.EADB.DP1,BP.EADB.40.DP1,BP.EADB.40.DP1,40,40,EADB,DP1,250.0,2.0-10.0Hz,2.0,10.0,56.031946809565106,50.60871525301178,0.5200356359913729,-0.132,True
prospective_75021072_target_anchor_71908906,75021072,71908906,BP.EADB.DP1,BP.EADB.40.DP1,BP.EADB.40.DP1,40,40,EADB,DP1,250.0,5.0-20.0Hz,5.0,20.0,72.98212828082903,76.6745274161132,0.4068093589652533,0.22,True
prospective_75021072_target_anchor_71908906,75021072,71908906,BP.EADB.DP1,BP.EADB.40.DP1,BP.EADB.40.DP1,40,40,EADB,DP1,250.0,10.0-40.0Hz,10.0,40.0,47.935627514073076,42.508828602112985,0.3603019638746739,-0.088,True
prospective_75021072_target_anchor_71908906,75021072,71908906,BP.EADB.DP1,BP.EADB.40.DP1,BP.EADB.40.DP1,40,40,EADB,DP1,250.0,2.0-40.0Hz,2.0,40.0,57.28917474620155,53.2018789543812,0.4542143745693855,-0.136,True
prospective_75021072_target_anchor_71908906,75021072,71908906,BP.EADB.DP2,BP.EADB.40.DP2,BP.EADB.40.DP2,40,40,EADB,DP2,250.0,2.0-10.0Hz,2.0,10.0,73.65366172060705,70.70557931573286,0.7512496760773782,-0.144,True
prospective_75021072_target_anchor_71908906,75021072,71908906,BP.EADB.DP2,BP.EADB.40.DP2,BP.EADB.40.DP2,40,40,EADB,DP2,250.0,5.0-20.0Hz,5.0,20.0,78.52094778834993,77.21963357077568,0.4761932187855459,-0.32,True
prospective_75021072_target_anchor_71908906,75021072,71908906,BP.EADB.DP2,BP.EADB.40.DP2,BP.EADB.40.DP2,40,40,EADB,DP2,250.0,10.0-40.0Hz,10.0,40.0,40.93324295832498,36.09949020176985,0.38216291775216277,-0.092,True
prospective_75021072_target_anchor_71908906,75021072,71908906,BP.EADB.DP2,BP.EADB.40.DP2,BP.EADB.40.DP2,40,40,EADB,DP2,250.0,2.0-40.0Hz,2.0,40.0,72.9661944996183,68.99663640499749,0.7004480437730901,-0.144,True
prospective_75021072_target_anchor_71908906,75021072,71908906,BP.EADB.DP3,BP.EADB.40.DP3,BP.EADB.40.DP3,40,40,EADB,DP3,250.0,2.0-10.0Hz,2.0,10.0,64.6350242345437,11.713333467164267,0.7694489864912689,-0.144,True
prospective_75021072_target_anchor_71908906,75021072,71908906,BP.EADB.DP3,BP.EADB.40.DP3,BP.EADB.40.DP3,40,40,EADB,DP3,250.0,5.0-20.0Hz,5.0,20.0,42.657053675560675,4.954682793222804,0.4132752931352929,-0.324,True
prospective_75021072_target_anchor_71908906,75021072,71908906,BP.EADB.DP3,BP.EADB.40.DP3,BP.EADB.40.DP3,40,40,EADB,DP3,250.0,10.0-40.0Hz,10.0,40.0,30.96687244868647,1.8167809963346264,0.24429669610690716,-0.08,False
prospective_75021072_target_anchor_71908906,75021072,71908906,BP.EADB.DP3,BP.EADB.40.DP3,BP.EADB.40.DP3,40,40,EADB,DP3,250.0,2.0-40.0Hz,2.0,40.0,62.17653324886996,5.282292958152193,0.6998914235349926,-0.144,True
prospective_75021072_target_anchor_71908906,75021072,71908906,BP.JCNB.DP2,BP.JCNB.40.DP2,BP.JCNB.40.DP2,40,40,JCNB,DP2,250.0,2.0-10.0Hz,2.0,10.0,78.62458452983286,104.28631516837753,0.6480312351456035,-0.164,True
prospective_75021072_target_anchor_71908906,75021072,71908906,BP.JCNB.DP2,BP.JCNB.40.DP2,BP.JCNB.40.DP2,40,40,JCNB,DP2,250.0,5.0-20.0Hz,5.0,20.0,75.49678407502742,94.07565428080798,0.315681169836911,-0.152,True
prospective_75021072_target_anchor_71908906,75021072,71908906,BP.JCNB.DP2,BP.JCNB.40.DP2,BP.JCNB.40.DP2,40,40,JCNB,DP2,250.0,10.0-40.0Hz,10.0,40.0,72.16451488668265,74.77000976537718,0.31603299342235536,0.056,True
prospective_75021072_target_anchor_71908906,75021072,71908906,BP.JCNB.DP2,BP.JCNB.40.DP2,BP.JCNB.40.DP2,40,40,JCNB,DP2,250.0,2.0-40.0Hz,2.0,40.0,72.53751495526916,77.80753552832495,0.30086585275717836,-0.152,True
prospective_75021072_target_anchor_71908906,75021072,71908906,BP.JCSB.DP3,BP.JCSB.40.DP3,BP.JCSB.40.DP3,40,40,JCSB,DP3,250.0,2.0-10.0Hz,2.0,10.0,6.277123439700193,0.7987471003148984,0.022768495304507183,0.424,False
prospective_75021072_target_anchor_71908906,75021072,71908906,BP.JCSB.DP3,BP.JCSB.40.DP3,BP.JCSB.40.DP3,40,40,JCSB,DP3,250.0,5.0-20.0Hz,5.0,20.0,9.985723367013932,0.7947183209966747,0.003225242689717963,0.5,False
prospective_75021072_target_anchor_71908906,75021072,71908906,BP.JCSB.DP3,BP.JCSB.40.DP3,BP.JCSB.40.DP3,40,40,JCSB,DP3,250.0,10.0-40.0Hz,10.0,40.0,7.90153718237302,0.9913501680440678,0.006054238176536971,-0.312,False
prospective_75021072_target_anchor_71908906,75021072,71908906,BP.JCSB.DP3,BP.JCSB.40.DP3,BP.JCSB.40.DP3,40,40,JCSB,DP3,250.0,2.0-40.0Hz,2.0,40.0,7.515500225989906,0.7947191735726994,0.008849361819915993,0.4,False
prospective_75021072_target_anchor_71908906,75021072,71908906,BP.LCCB.DP1,BP.LCCB.40.DP1,BP.LCCB.40.DP1,40,40,LCCB,DP1,250.0,2.0-10.0Hz,2.0,10.0,354.1446924355489,388.6230980745358,0.7478176202084287,-0.16,True
prospective_75021072_target_anchor_71908906,75021072,71908906,BP.LCCB.DP1,BP.LCCB.40.DP1,BP.LCCB.40.DP1,40,40,LCCB,DP1,250.0,5.0-20.0Hz,5.0,20.0,633.5112152779667,655.2146760035791,0.7102057234273407,-0.164,True
prospective_75021072_target_anchor_71908906,75021072,71908906,BP.LCCB.DP1,BP.LCCB.40.DP1,BP.LCCB.40.DP1,40,40,LCCB,DP1,250.0,10.0-40.0Hz,10.0,40.0,570.4953051173836,665.3380673771434,0.6168347153052567,-0.164,True
prospective_75021072_target_anchor_71908906,75021072,71908906,BP.LCCB.DP1,BP.LCCB.40.DP1,BP.LCCB.40.DP1,40,40,LCCB,DP1,250.0,2.0-40.0Hz,2.0,40.0,411.18076655257306,456.5823960969983,0.68527268472187,-0.164,True
prospective_75021072_target_anchor_71908906,75021072,71908906,BP.LCCB.DP2,BP.LCCB.40.DP2,BP.LCCB.40.DP2,40,40,LCCB,DP2,250.0,2.0-10.0Hz,2.0,10.0,181.11973525698036,370.25244285661216,0.8544614557541022,-0.172,True
prospective_75021072_target_anchor_71908906,75021072,71908906,BP.LCCB.DP2,BP.LCCB.40.DP2,BP.LCCB.40.DP2,40,40,LCCB,DP2,250.0,5.0-20.0Hz,5.0,20.0,239.61641870102505,337.05446507747877,0.5471068798606807,-0.164,True
prospective_75021072_target_anchor_71908906,75021072,71908906,BP.LCCB.DP2,BP.LCCB.40.DP2,BP.LCCB.40.DP2,40,40,LCCB,DP2,250.0,10.0-40.0Hz,10.0,40.0,146.57595887681452,209.63458291298872,0.34487635806257494,-0.088,True
prospective_75021072_target_anchor_71908906,75021072,71908906,BP.LCCB.DP2,BP.LCCB.40.DP2,BP.LCCB.40.DP2,40,40,LCCB,DP2,250.0,2.0-40.0Hz,2.0,40.0,164.71257805779325,252.40047063122205,0.44857897234245525,-0.164,True
prospective_75021072_target_anchor_71908906,75021072,71908906,BP.LCCB.DP3,BP.LCCB.40.DP3,BP.LCCB.40.DP3,40,40,LCCB,DP3,250.0,2.0-10.0Hz,2.0,10.0,404.1481046702741,383.39904025959527,0.6905706189362452,-0.156,True
prospective_75021072_target_anchor_71908906,75021072,71908906,BP.LCCB.DP3,BP.LCCB.40.DP3,BP.LCCB.40.DP3,40,40,LCCB,DP3,250.0,5.0-20.0Hz,5.0,20.0,643.6883052732694,534.0995998202474,0.5190911766019581,-0.164,True
prospective_75021072_target_anchor_71908906,75021072,71908906,BP.LCCB.DP3,BP.LCCB.40.DP3,BP.LCCB.40.DP3,40,40,LCCB,DP3,250.0,10.0-40.0Hz,10.0,40.0,556.3691433186489,427.82652860976685,0.4583619070536764,-0.088,True
prospective_75021072_target_anchor_71908906,75021072,71908906,BP.LCCB.DP3,BP.LCCB.40.DP3,BP.LCCB.40.DP3,40,40,LCCB,DP3,250.0,2.0-40.0Hz,2.0,40.0,442.31061843089503,408.7900835376638,0.5667980468325343,-0.16,True
prospective_75021072_target_anchor_71908906,75021072,71908906,BP.MMNB.DP1,BP.MMNB.40.DP1,BP.MMNB.40.DP1,40,40,MMNB,DP1,250.0,2.0-10.0Hz,2.0,10.0,90.55988107248722,273.5856889250183,0.7048323585551048,-0.176,True
prospective_75021072_target_anchor_71908906,75021072,71908906,BP.MMNB.DP1,BP.MMNB.40.DP1,BP.MMNB.40.DP1,40,40,MMNB,DP1,250.0,5.0-20.0Hz,5.0,20.0,170.19330212199108,404.4541030243997,0.5931031908706897,-0.172,True
prospective_75021072_target_anchor_71908906,75021072,71908906,BP.MMNB.DP1,BP.MMNB.40.DP1,BP.MMNB.40.DP1,40,40,MMNB,DP1,250.0,10.0-40.0Hz,10.0,40.0,125.94067291470193,305.8036136760161,0.2916818620389146,-0.008,True
prospective_75021072_target_anchor_71908906,75021072,71908906,BP.MMNB.DP1,BP.MMNB.40.DP1,BP.MMNB.40.DP1,40,40,MMNB,DP1,250.0,2.0-40.0Hz,2.0,40.0,93.9105152491333,290.75465099748584,0.6087612645532335,-0.176,True
prospective_75021072_target_anchor_71908906,75021072,71908906,BP.MMNB.DP2,BP.MMNB.40.DP2,BP.MMNB.40.DP2,40,40,MMNB,DP2,250.0,2.0-10.0Hz,2.0,10.0,83.76294215506022,201.6483809082031,0.4764522209724717,-0.176,True
prospective_75021072_target_anchor_71908906,75021072,71908906,BP.MMNB.DP2,BP.MMNB.40.DP2,BP.MMNB.40.DP2,40,40,MMNB,DP2,250.0,5.0-20.0Hz,5.0,20.0,119.01376978267949,412.1440051018812,0.37547466372937816,-0.18,True
prospective_75021072_target_anchor_71908906,75021072,71908906,BP.MMNB.DP2,BP.MMNB.40.DP2,BP.MMNB.40.DP2,40,40,MMNB,DP2,250.0,10.0-40.0Hz,10.0,40.0,121.65920865602054,250.58337402843787,0.4628383842149648,-0.092,True
prospective_75021072_target_anchor_71908906,75021072,71908906,BP.MMNB.DP2,BP.MMNB.40.DP2,BP.MMNB.40.DP2,40,40,MMNB,DP2,250.0,2.0-40.0Hz,2.0,40.0,90.54341214215782,234.32330630076984,0.4578865531895966,-0.18,True
prospective_75021072_target_anchor_71908906,75021072,71908906,BP.MMNB.DP3,BP.MMNB.40.DP3,BP.MMNB.40.DP3,40,40,MMNB,DP3,250.0,2.0-10.0Hz,2.0,10.0,105.0365609683233,298.3604612906935,0.6413346565432072,-0.176,True
prospective_75021072_target_anchor_71908906,75021072,71908906,BP.MMNB.DP3,BP.MMNB.40.DP3,BP.MMNB.40.DP3,40,40,MMNB,DP3,250.0,5.0-20.0Hz,5.0,20.0,187.1218153196689,524.1423822912448,0.6210466922687442,-0.18,True
prospective_75021072_target_anchor_71908906,75021072,71908906,BP.MMNB.DP3,BP.MMNB.40.DP3,BP.MMNB.40.DP3,40,40,MMNB,DP3,250.0,10.0-40.0Hz,10.0,40.0,211.7961419405352,435.80131110191724,0.5357177291654275,-0.18,True
prospective_75021072_target_anchor_71908906,75021072,71908906,BP.MMNB.DP3,BP.MMNB.40.DP3,BP.MMNB.40.DP3,40,40,MMNB,DP3,250.0,2.0-40.0Hz,2.0,40.0,122.75853133875871,363.99500967387695,0.6022916229333614,-0.18,True
prospective_75021072_target_anchor_71908906,75021072,71908906,BP.SCYB.DP1,BP.SCYB.40.DP1,BP.SCYB.40.DP1,40,40,SCYB,DP1,250.0,2.0-10.0Hz,2.0,10.0,528.8452590733177,424.77326971623563,0.49888574018397175,-0.136,True
prospective_75021072_target_anchor_71908906,75021072,71908906,BP.SCYB.DP1,BP.SCYB.40.DP1,BP.SCYB.40.DP1,40,40,SCYB,DP1,250.0,5.0-20.0Hz,5.0,20.0,712.8166749361184,698.9145956646441,0.29877035028734766,-0.152,True
prospective_75021072_target_anchor_71908906,75021072,71908906,BP.SCYB.DP1,BP.SCYB.40.DP1,BP.SCYB.40.DP1,40,40,SCYB,DP1,250.0,10.0-40.0Hz,10.0,40.0,592.4998296694234,552.5651222182054,0.2741456878676935,-0.152,True
prospective_75021072_target_anchor_71908906,75021072,71908906,BP.SCYB.DP1,BP.SCYB.40.DP1,BP.SCYB.40.DP1,40,40,SCYB,DP1,250.0,2.0-40.0Hz,2.0,40.0,553.0000519737384,489.33150116705906,0.3890085029146758,-0.148,True
prospective_75021072_target_anchor_71908906,75021072,71908906,BP.SCYB.DP2,BP.SCYB.40.DP2,BP.SCYB.40.DP2,40,40,SCYB,DP2,250.0,2.0-10.0Hz,2.0,10.0,546.7368165921287,492.4760993473577,0.5532895019465238,-0.144,True
prospective_75021072_target_anchor_71908906,75021072,71908906,BP.SCYB.DP2,BP.SCYB.40.DP2,BP.SCYB.40.DP2,40,40,SCYB,DP2,250.0,5.0-20.0Hz,5.0,20.0,982.537927397897,531.0463618609729,0.47411677033674593,-0.156,True
prospective_75021072_target_anchor_71908906,75021072,71908906,BP.SCYB.DP2,BP.SCYB.40.DP2,BP.SCYB.40.DP2,40,40,SCYB,DP2,250.0,10.0-40.0Hz,10.0,40.0,414.1456503763852,391.801906022864,0.4579641497989044,-0.164,True
prospective_75021072_target_anchor_71908906,75021072,71908906,BP.SCYB.DP2,BP.SCYB.40.DP2,BP.SCYB.40.DP2,40,40,SCYB,DP2,250.0,2.0-40.0Hz,2.0,40.0,553.0878184948646,480.4006635118822,0.4865831635001843,-0.152,True
prospective_75021072_target_anchor_71908906,75021072,71908906,BP.SCYB.DP3,BP.SCYB.40.DP3,BP.SCYB.40.DP3,40,40,SCYB,DP3,250.0,2.0-10.0Hz,2.0,10.0,366.78447920197016,376.9747811525326,0.6878432717409989,-0.14,True
prospective_75021072_target_anchor_71908906,75021072,71908906,BP.SCYB.DP3,BP.SCYB.40.DP3,BP.SCYB.40.DP3,40,40,SCYB,DP3,250.0,5.0-20.0Hz,5.0,20.0,957.403773518952,568.7048078389416,0.6278557731806232,-0.144,True
prospective_75021072_target_anchor_71908906,75021072,71908906,BP.SCYB.DP3,BP.SCYB.40.DP3,BP.SCYB.40.DP3,40,40,SCYB,DP3,250.0,10.0-40.0Hz,10.0,40.0,681.9022136231811,364.306042693082,0.5199677661041362,-0.148,True
prospective_75021072_target_anchor_71908906,75021072,71908906,BP.SCYB.DP3,BP.SCYB.40.DP3,BP.SCYB.40.DP3,40,40,SCYB,DP3,250.0,2.0-40.0Hz,2.0,40.0,415.0652119248266,382.4723035116476,0.6294374775489037,-0.144,True
prospective_75021072_target_anchor_71908906,75021072,71908906,BP.SMNB.DP1,BP.SMNB.40.DP1,BP.SMNB.40.DP1,40,40,SMNB,DP1,250.0,2.0-10.0Hz,2.0,10.0,264.91385581711785,105.34028382348525,0.4691252987589442,-0.064,True
prospective_75021072_target_anchor_71908906,75021072,71908906,BP.SMNB.DP1,BP.SMNB.40.DP1,BP.SMNB.40.DP1,40,40,SMNB,DP1,250.0,5.0-20.0Hz,5.0,20.0,398.4988985309249,162.9353957636392,0.25973908828138487,-0.056,True
prospective_75021072_target_anchor_71908906,75021072,71908906,BP.SMNB.DP1,BP.SMNB.40.DP1,BP.SMNB.40.DP1,40,40,SMNB,DP1,250.0,10.0-40.0Hz,10.0,40.0,552.9093333215905,391.6775460224132,0.21867262663773746,-0.488,True
prospective_75021072_target_anchor_71908906,75021072,71908906,BP.SMNB.DP1,BP.SMNB.40.DP1,BP.SMNB.40.DP1,40,40,SMNB,DP1,250.0,2.0-40.0Hz,2.0,40.0,360.3693732992061,169.77321474093586,0.282141349540996,-0.052,True
prospective_75021072_target_anchor_71908906,75021072,71908906,BP.SMNB.DP2,BP.SMNB.40.DP2,BP.SMNB.40.DP2,40,40,SMNB,DP2,250.0,2.0-10.0Hz,2.0,10.0,230.40611922560186,243.03478847790504,0.40203630966454346,-0.064,True
prospective_75021072_target_anchor_71908906,75021072,71908906,BP.SMNB.DP2,BP.SMNB.40.DP2,BP.SMNB.40.DP2,40,40,SMNB,DP2,250.0,5.0-20.0Hz,5.0,20.0,356.51715557689977,340.5343749183016,0.2574494172092811,0.056,True
prospective_75021072_target_anchor_71908906,75021072,71908906,BP.SMNB.DP2,BP.SMNB.40.DP2,BP.SMNB.40.DP2,40,40,SMNB,DP2,250.0,10.0-40.0Hz,10.0,40.0,448.36847574299156,481.42502087639986,0.22341383692822284,0.056,True
prospective_75021072_target_anchor_71908906,75021072,71908906,BP.SMNB.DP2,BP.SMNB.40.DP2,BP.SMNB.40.DP2,40,40,SMNB,DP2,250.0,2.0-40.0Hz,2.0,40.0,300.64318847160655,364.11505856959803,0.2268648359676886,-0.044,True
prospective_75021072_target_anchor_71908906,75021072,71908906,BP.SMNB.DP3,BP.SMNB.40.DP3,BP.SMNB.40.DP3,40,40,SMNB,DP3,250.0,2.0-10.0Hz,2.0,10.0,247.63444937949643,275.86870322940007,0.6043250034596338,-0.056,True
prospective_75021072_target_anchor_71908906,75021072,71908906,BP.SMNB.DP3,BP.SMNB.40.DP3,BP.SMNB.40.DP3,40,40,SMNB,DP3,250.0,5.0-20.0Hz,5.0,20.0,430.06560492478405,485.1493650646095,0.2109995903766777,0.324,True
prospective_75021072_target_anchor_71908906,75021072,71908906,BP.SMNB.DP3,BP.SMNB.40.DP3,BP.SMNB.40.DP3,40,40,SMNB,DP3,250.0,10.0-40.0Hz,10.0,40.0,609.6219776522075,833.9828321660225,0.16199845856870762,-0.108,True
prospective_75021072_target_anchor_71908906,75021072,71908906,BP.SMNB.DP3,BP.SMNB.40.DP3,BP.SMNB.40.DP3,40,40,SMNB,DP3,250.0,2.0-40.0Hz,2.0,40.0,387.15154203083824,533.6046788214626,0.19837350566330136,-0.06,True
prospective_75021072_target_anchor_71908906,75021072,71908906,NC.PSM.EHE,NC.PSM..EHE,NC.PSM..EHE,,,PSM,EHE,100.0,2.0-10.0Hz,2.0,10.0,1.0982806106704732,251.57587798609362,0.15156736547437316,-0.02,False
prospective_75021072_target_anchor_71908906,75021072,71908906,NC.PSM.EHE,NC.PSM..EHE,NC.PSM..EHE,,,PSM,EHE,100.0,5.0-20.0Hz,5.0,20.0,0.9265608734097512,268.0700771061136,0.16234562872029715,-0.14,False
prospective_75021072_target_anchor_71908906,75021072,71908906,NC.PSM.EHE,NC.PSM..EHE,NC.PSM..EHE,,,PSM,EHE,100.0,10.0-40.0Hz,10.0,40.0,0.9995602747878952,57.170119769256274,0.07770865930857612,0.18,False
prospective_75021072_target_anchor_71908906,75021072,71908906,NC.PSM.EHE,NC.PSM..EHE,NC.PSM..EHE,,,PSM,EHE,100.0,2.0-40.0Hz,2.0,40.0,1.0181935896173893,205.27363818220175,0.09152421843773875,-0.02,False
prospective_75021072_target_anchor_71908906,75021072,71908906,NC.PSM.EHN,NC.PSM..EHN,NC.PSM..EHN,,,PSM,EHN,100.0,2.0-10.0Hz,2.0,10.0,650.5805834352574,331.28703737128865,0.829688178747101,0.15,True
prospective_75021072_target_anchor_71908906,75021072,71908906,NC.PSM.EHN,NC.PSM..EHN,NC.PSM..EHN,,,PSM,EHN,100.0,5.0-20.0Hz,5.0,20.0,613.7869817878619,232.19793777907023,0.5602327654147445,0.16,True
prospective_75021072_target_anchor_71908906,75021072,71908906,NC.PSM.EHN,NC.PSM..EHN,NC.PSM..EHN,,,PSM,EHN,100.0,10.0-40.0Hz,10.0,40.0,205.6516425554474,64.54766349419552,0.2855966582534965,0.07,True
prospective_75021072_target_anchor_71908906,75021072,71908906,NC.PSM.EHN,NC.PSM..EHN,NC.PSM..EHN,,,PSM,EHN,100.0,2.0-40.0Hz,2.0,40.0,608.3779148555321,252.6120612829873,0.8085733702716695,0.16,True
prospective_75021072_target_anchor_71908906,75021072,71908906,NC.PSM.EHZ,NC.PSM..EHZ,NC.PSM..EHZ,,,PSM,EHZ,100.0,2.0-10.0Hz,2.0,10.0,618.9113235643307,307.2606354011406,0.6760336599146698,0.16,True
prospective_75021072_target_anchor_71908906,75021072,71908906,NC.PSM.EHZ,NC.PSM..EHZ,NC.PSM..EHZ,,,PSM,EHZ,100.0,5.0-20.0Hz,5.0,20.0,563.26357819465,262.2829261588481,0.477098887173562,0.17,True
prospective_75021072_target_anchor_71908906,75021072,71908906,NC.PSM.EHZ,NC.PSM..EHZ,NC.PSM..EHZ,,,PSM,EHZ,100.0,10.0-40.0Hz,10.0,40.0,212.89052946267557,68.24036308896693,0.45281438757024994,0.16,True
prospective_75021072_target_anchor_71908906,75021072,71908906,NC.PSM.EHZ,NC.PSM..EHZ,NC.PSM..EHZ,,,PSM,EHZ,100.0,2.0-40.0Hz,2.0,40.0,550.7293197821759,230.90320134013052,0.6582673917753374,0.16,True
prospective_75021072_target_anchor_72154411,75021072,72154411,BK.PKD.HHE,BK.PKD.00.HHE,BK.PKD.00.HHE,00,00,PKD,HHE,100.0,2.0-10.0Hz,2.0,10.0,52.58258404558371,208.58278561501086,0.3387044444536586,-0.15,True
prospective_75021072_target_anchor_72154411,75021072,72154411,BK.PKD.HHE,BK.PKD.00.HHE,BK.PKD.00.HHE,00,00,PKD,HHE,100.0,5.0-20.0Hz,5.0,20.0,60.671552476809964,320.0887750958837,0.2847841271030409,-0.15,True
prospective_75021072_target_anchor_72154411,75021072,72154411,BK.PKD.HHE,BK.PKD.00.HHE,BK.PKD.00.HHE,00,00,PKD,HHE,100.0,10.0-40.0Hz,10.0,40.0,44.34766105821246,183.6041769524881,0.23860342029504314,-0.07,True
prospective_75021072_target_anchor_72154411,75021072,72154411,BK.PKD.HHE,BK.PKD.00.HHE,BK.PKD.00.HHE,00,00,PKD,HHE,100.0,2.0-40.0Hz,2.0,40.0,51.78043724090614,212.1055199270761,0.28566266923136624,-0.15,True
prospective_75021072_target_anchor_72154411,75021072,72154411,BK.PKD.HHN,BK.PKD.00.HHN,BK.PKD.00.HHN,00,00,PKD,HHN,100.0,2.0-10.0Hz,2.0,10.0,52.893698831555895,212.19936744317755,0.3700386650948479,-0.15,True
prospective_75021072_target_anchor_72154411,75021072,72154411,BK.PKD.HHN,BK.PKD.00.HHN,BK.PKD.00.HHN,00,00,PKD,HHN,100.0,5.0-20.0Hz,5.0,20.0,98.98635510277329,411.51266098775875,0.292263538839903,0.01,True
prospective_75021072_target_anchor_72154411,75021072,72154411,BK.PKD.HHN,BK.PKD.00.HHN,BK.PKD.00.HHN,00,00,PKD,HHN,100.0,10.0-40.0Hz,10.0,40.0,68.97205753859689,239.44507453566303,0.35729063286592616,-0.06,True
prospective_75021072_target_anchor_72154411,75021072,72154411,BK.PKD.HHN,BK.PKD.00.HHN,BK.PKD.00.HHN,00,00,PKD,HHN,100.0,2.0-40.0Hz,2.0,40.0,59.14951962969219,228.35762056134425,0.25647644912039297,-0.15,True
prospective_75021072_target_anchor_72154411,75021072,72154411,BK.PKD.HHZ,BK.PKD.00.HHZ,BK.PKD.00.HHZ,00,00,PKD,HHZ,100.0,2.0-10.0Hz,2.0,10.0,55.616082065909524,140.68613199531555,0.3438965583873438,-0.06,True
prospective_75021072_target_anchor_72154411,75021072,72154411,BK.PKD.HHZ,BK.PKD.00.HHZ,BK.PKD.00.HHZ,00,00,PKD,HHZ,100.0,5.0-20.0Hz,5.0,20.0,108.52897428187616,326.6350922469997,0.45015566712810906,-0.06,True
prospective_75021072_target_anchor_72154411,75021072,72154411,BK.PKD.HHZ,BK.PKD.00.HHZ,BK.PKD.00.HHZ,00,00,PKD,HHZ,100.0,10.0-40.0Hz,10.0,40.0,125.006202611383,325.0297196422904,0.4434609424451282,-0.06,True
prospective_75021072_target_anchor_72154411,75021072,72154411,BK.PKD.HHZ,BK.PKD.00.HHZ,BK.PKD.00.HHZ,00,00,PKD,HHZ,100.0,2.0-40.0Hz,2.0,40.0,76.32796737360135,205.9657628367687,0.40438951974887766,-0.06,True
prospective_75021072_target_anchor_72154411,75021072,72154411,BP.EADB.DP1,BP.EADB.40.DP1,BP.EADB.40.DP1,40,40,EADB,DP1,250.0,2.0-10.0Hz,2.0,10.0,56.031946809565106,56.13218635261917,0.5318906079930608,-0.116,True
prospective_75021072_target_anchor_72154411,75021072,72154411,BP.EADB.DP1,BP.EADB.40.DP1,BP.EADB.40.DP1,40,40,EADB,DP1,250.0,5.0-20.0Hz,5.0,20.0,72.98212828082903,70.01757633861465,0.40244417620716516,0.232,True
prospective_75021072_target_anchor_72154411,75021072,72154411,BP.EADB.DP1,BP.EADB.40.DP1,BP.EADB.40.DP1,40,40,EADB,DP1,250.0,10.0-40.0Hz,10.0,40.0,47.935627514073076,36.46613454846028,0.3625609003899855,-0.072,True
prospective_75021072_target_anchor_72154411,75021072,72154411,BP.EADB.DP1,BP.EADB.40.DP1,BP.EADB.40.DP1,40,40,EADB,DP1,250.0,2.0-40.0Hz,2.0,40.0,57.28917474620155,55.856866592544534,0.4424607745337384,-0.12,True
prospective_75021072_target_anchor_72154411,75021072,72154411,BP.EADB.DP2,BP.EADB.40.DP2,BP.EADB.40.DP2,40,40,EADB,DP2,250.0,2.0-10.0Hz,2.0,10.0,73.65366172060705,97.47045891617876,0.7514012676551449,-0.128,True
prospective_75021072_target_anchor_72154411,75021072,72154411,BP.EADB.DP2,BP.EADB.40.DP2,BP.EADB.40.DP2,40,40,EADB,DP2,250.0,5.0-20.0Hz,5.0,20.0,78.52094778834993,63.54543843077083,0.4879639826769642,-0.304,True
prospective_75021072_target_anchor_72154411,75021072,72154411,BP.EADB.DP2,BP.EADB.40.DP2,BP.EADB.40.DP2,40,40,EADB,DP2,250.0,10.0-40.0Hz,10.0,40.0,40.93324295832498,27.076588856716825,0.3979022361514233,-0.076,True
prospective_75021072_target_anchor_72154411,75021072,72154411,BP.EADB.DP2,BP.EADB.40.DP2,BP.EADB.40.DP2,40,40,EADB,DP2,250.0,2.0-40.0Hz,2.0,40.0,72.9661944996183,77.95537933792461,0.6943551348169974,-0.128,True
prospective_75021072_target_anchor_72154411,75021072,72154411,BP.EADB.DP3,BP.EADB.40.DP3,BP.EADB.40.DP3,40,40,EADB,DP3,250.0,2.0-10.0Hz,2.0,10.0,64.6350242345437,5.084828999795116,0.800306389588222,-0.128,True
prospective_75021072_target_anchor_72154411,75021072,72154411,BP.EADB.DP3,BP.EADB.40.DP3,BP.EADB.40.DP3,40,40,EADB,DP3,250.0,5.0-20.0Hz,5.0,20.0,42.657053675560675,1.9451008580469002,0.390344277820296,-0.308,False
prospective_75021072_target_anchor_72154411,75021072,72154411,BP.EADB.DP3,BP.EADB.40.DP3,BP.EADB.40.DP3,40,40,EADB,DP3,250.0,10.0-40.0Hz,10.0,40.0,30.96687244868647,1.107160319548804,0.197587177441685,-0.004,False
prospective_75021072_target_anchor_72154411,75021072,72154411,BP.EADB.DP3,BP.EADB.40.DP3,BP.EADB.40.DP3,40,40,EADB,DP3,250.0,2.0-40.0Hz,2.0,40.0,62.17653324886996,2.2072033626662217,0.6823360359147156,-0.128,False
prospective_75021072_target_anchor_72154411,75021072,72154411,BP.JCNB.DP2,BP.JCNB.40.DP2,BP.JCNB.40.DP2,40,40,JCNB,DP2,250.0,2.0-10.0Hz,2.0,10.0,78.62458452983286,147.65456971088813,0.6282682667834376,-0.152,True
prospective_75021072_target_anchor_72154411,75021072,72154411,BP.JCNB.DP2,BP.JCNB.40.DP2,BP.JCNB.40.DP2,40,40,JCNB,DP2,250.0,5.0-20.0Hz,5.0,20.0,75.49678407502742,132.41913818199663,0.2182009270750702,-0.14,True
prospective_75021072_target_anchor_72154411,75021072,72154411,BP.JCNB.DP2,BP.JCNB.40.DP2,BP.JCNB.40.DP2,40,40,JCNB,DP2,250.0,10.0-40.0Hz,10.0,40.0,72.16451488668265,121.92276518797607,0.2177950852536909,0.072,True
prospective_75021072_target_anchor_72154411,75021072,72154411,BP.JCNB.DP2,BP.JCNB.40.DP2,BP.JCNB.40.DP2,40,40,JCNB,DP2,250.0,2.0-40.0Hz,2.0,40.0,72.53751495526916,123.16290914334172,0.2096294882086237,-0.14,True
prospective_75021072_target_anchor_72154411,75021072,72154411,BP.JCSB.DP3,BP.JCSB.40.DP3,BP.JCSB.40.DP3,40,40,JCSB,DP3,250.0,2.0-10.0Hz,2.0,10.0,6.277123439700193,1.0280680091228738,0.2615178706627007,-0.148,False
prospective_75021072_target_anchor_72154411,75021072,72154411,BP.JCSB.DP3,BP.JCSB.40.DP3,BP.JCSB.40.DP3,40,40,JCSB,DP3,250.0,5.0-20.0Hz,5.0,20.0,9.985723367013932,1.0878846870588845,0.25771685810746314,-0.02,False
prospective_75021072_target_anchor_72154411,75021072,72154411,BP.JCSB.DP3,BP.JCSB.40.DP3,BP.JCSB.40.DP3,40,40,JCSB,DP3,250.0,10.0-40.0Hz,10.0,40.0,7.90153718237302,1.121619390497884,0.2022515009916564,-0.08,False
prospective_75021072_target_anchor_72154411,75021072,72154411,BP.JCSB.DP3,BP.JCSB.40.DP3,BP.JCSB.40.DP3,40,40,JCSB,DP3,250.0,2.0-40.0Hz,2.0,40.0,7.515500225989906,1.070950301412965,0.1354078917124456,-0.144,False
prospective_75021072_target_anchor_72154411,75021072,72154411,BP.LCCB.DP1,BP.LCCB.40.DP1,BP.LCCB.40.DP1,40,40,LCCB,DP1,250.0,2.0-10.0Hz,2.0,10.0,354.1446924355489,1001.8509223045113,0.7436750502184473,-0.148,True
prospective_75021072_target_anchor_72154411,75021072,72154411,BP.LCCB.DP1,BP.LCCB.40.DP1,BP.LCCB.40.DP1,40,40,LCCB,DP1,250.0,5.0-20.0Hz,5.0,20.0,633.5112152779667,1920.2355947395904,0.7053578337607062,-0.152,True
prospective_75021072_target_anchor_72154411,75021072,72154411,BP.LCCB.DP1,BP.LCCB.40.DP1,BP.LCCB.40.DP1,40,40,LCCB,DP1,250.0,10.0-40.0Hz,10.0,40.0,570.4953051173836,1447.3693267240874,0.6216532161415106,-0.152,True
prospective_75021072_target_anchor_72154411,75021072,72154411,BP.LCCB.DP1,BP.LCCB.40.DP1,BP.LCCB.40.DP1,40,40,LCCB,DP1,250.0,2.0-40.0Hz,2.0,40.0,411.18076655257306,1156.0263265459116,0.6807021475040751,-0.152,True
prospective_75021072_target_anchor_72154411,75021072,72154411,BP.LCCB.DP2,BP.LCCB.40.DP2,BP.LCCB.40.DP2,40,40,LCCB,DP2,250.0,2.0-10.0Hz,2.0,10.0,181.11973525698036,351.40914857732406,0.8547617688618604,-0.16,True
prospective_75021072_target_anchor_72154411,75021072,72154411,BP.LCCB.DP2,BP.LCCB.40.DP2,BP.LCCB.40.DP2,40,40,LCCB,DP2,250.0,5.0-20.0Hz,5.0,20.0,239.61641870102505,381.51275111797696,0.5599876942501404,-0.152,True
prospective_75021072_target_anchor_72154411,75021072,72154411,BP.LCCB.DP2,BP.LCCB.40.DP2,BP.LCCB.40.DP2,40,40,LCCB,DP2,250.0,10.0-40.0Hz,10.0,40.0,146.57595887681452,254.7227746665356,0.34306011774173695,-0.076,True
prospective_75021072_target_anchor_72154411,75021072,72154411,BP.LCCB.DP2,BP.LCCB.40.DP2,BP.LCCB.40.DP2,40,40,LCCB,DP2,250.0,2.0-40.0Hz,2.0,40.0,164.71257805779325,292.4412959480593,0.4578779166722579,-0.152,True
prospective_75021072_target_anchor_72154411,75021072,72154411,BP.LCCB.DP3,BP.LCCB.40.DP3,BP.LCCB.40.DP3,40,40,LCCB,DP3,250.0,2.0-10.0Hz,2.0,10.0,404.1481046702741,1050.0167572094294,0.6935619180980178,-0.144,True
prospective_75021072_target_anchor_72154411,75021072,72154411,BP.LCCB.DP3,BP.LCCB.40.DP3,BP.LCCB.40.DP3,40,40,LCCB,DP3,250.0,5.0-20.0Hz,5.0,20.0,643.6883052732694,1591.1669837538484,0.5194452622527089,-0.152,True
prospective_75021072_target_anchor_72154411,75021072,72154411,BP.LCCB.DP3,BP.LCCB.40.DP3,BP.LCCB.40.DP3,40,40,LCCB,DP3,250.0,10.0-40.0Hz,10.0,40.0,556.3691433186489,1058.1156485381814,0.45240101580234443,-0.076,True
prospective_75021072_target_anchor_72154411,75021072,72154411,BP.LCCB.DP3,BP.LCCB.40.DP3,BP.LCCB.40.DP3,40,40,LCCB,DP3,250.0,2.0-40.0Hz,2.0,40.0,442.31061843089503,1086.271357564851,0.5668914946875003,-0.148,True
prospective_75021072_target_anchor_72154411,75021072,72154411,BP.MMNB.DP1,BP.MMNB.40.DP1,BP.MMNB.40.DP1,40,40,MMNB,DP1,250.0,2.0-10.0Hz,2.0,10.0,90.55988107248722,1.0837065105781203,0.12643709101375644,-0.292,False
prospective_75021072_target_anchor_72154411,75021072,72154411,BP.MMNB.DP1,BP.MMNB.40.DP1,BP.MMNB.40.DP1,40,40,MMNB,DP1,250.0,5.0-20.0Hz,5.0,20.0,170.19330212199108,1.1490525079631106,0.1224791314753699,-0.416,False
prospective_75021072_target_anchor_72154411,75021072,72154411,BP.MMNB.DP1,BP.MMNB.40.DP1,BP.MMNB.40.DP1,40,40,MMNB,DP1,250.0,10.0-40.0Hz,10.0,40.0,125.94067291470193,1.3996677891437284,0.13173398231141184,0.328,False
prospective_75021072_target_anchor_72154411,75021072,72154411,BP.MMNB.DP1,BP.MMNB.40.DP1,BP.MMNB.40.DP1,40,40,MMNB,DP1,250.0,2.0-40.0Hz,2.0,40.0,93.9105152491333,1.21333690359688,0.08512555420882255,0.44,False
prospective_75021072_target_anchor_72154411,75021072,72154411,BP.MMNB.DP2,BP.MMNB.40.DP2,BP.MMNB.40.DP2,40,40,MMNB,DP2,250.0,2.0-10.0Hz,2.0,10.0,83.76294215506022,0.9999268949775001,0.24076130906013501,-0.1,False
prospective_75021072_target_anchor_72154411,75021072,72154411,BP.MMNB.DP2,BP.MMNB.40.DP2,BP.MMNB.40.DP2,40,40,MMNB,DP2,250.0,5.0-20.0Hz,5.0,20.0,119.01376978267949,1.0348378357931176,0.11473355604584025,0.388,False
prospective_75021072_target_anchor_72154411,75021072,72154411,BP.MMNB.DP2,BP.MMNB.40.DP2,BP.MMNB.40.DP2,40,40,MMNB,DP2,250.0,10.0-40.0Hz,10.0,40.0,121.65920865602054,1.053948378206525,0.0803989597422735,0.308,False
prospective_75021072_target_anchor_72154411,75021072,72154411,BP.MMNB.DP2,BP.MMNB.40.DP2,BP.MMNB.40.DP2,40,40,MMNB,DP2,250.0,2.0-40.0Hz,2.0,40.0,90.54341214215782,1.0285680515376885,0.1369928756700638,-0.108,False
prospective_75021072_target_anchor_72154411,75021072,72154411,BP.MMNB.DP3,BP.MMNB.40.DP3,BP.MMNB.40.DP3,40,40,MMNB,DP3,250.0,2.0-10.0Hz,2.0,10.0,105.0365609683233,1.3891699919275298,0.25995102391387986,0.228,False
prospective_75021072_target_anchor_72154411,75021072,72154411,BP.MMNB.DP3,BP.MMNB.40.DP3,BP.MMNB.40.DP3,40,40,MMNB,DP3,250.0,5.0-20.0Hz,5.0,20.0,187.1218153196689,1.1363551317969338,0.17136692883533525,0.492,False
prospective_75021072_target_anchor_72154411,75021072,72154411,BP.MMNB.DP3,BP.MMNB.40.DP3,BP.MMNB.40.DP3,40,40,MMNB,DP3,250.0,10.0-40.0Hz,10.0,40.0,211.7961419405352,1.0494647662058922,0.09342888006142074,-0.292,False
prospective_75021072_target_anchor_72154411,75021072,72154411,BP.MMNB.DP3,BP.MMNB.40.DP3,BP.MMNB.40.DP3,40,40,MMNB,DP3,250.0,2.0-40.0Hz,2.0,40.0,122.75853133875871,1.2072884943296611,0.17767674516746504,0.224,False
prospective_75021072_target_anchor_72154411,75021072,72154411,BP.SCYB.DP1,BP.SCYB.40.DP1,BP.SCYB.40.DP1,40,40,SCYB,DP1,250.0,2.0-10.0Hz,2.0,10.0,528.8452590733177,1104.5922259362526,0.497615591454997,-0.12,True
prospective_75021072_target_anchor_72154411,75021072,72154411,BP.SCYB.DP1,BP.SCYB.40.DP1,BP.SCYB.40.DP1,40,40,SCYB,DP1,250.0,5.0-20.0Hz,5.0,20.0,712.8166749361184,1268.1092329188448,0.2896222076369597,-0.136,True
prospective_75021072_target_anchor_72154411,75021072,72154411,BP.SCYB.DP1,BP.SCYB.40.DP1,BP.SCYB.40.DP1,40,40,SCYB,DP1,250.0,10.0-40.0Hz,10.0,40.0,592.4998296694234,759.9960738242416,0.26662220694805616,-0.14,True
prospective_75021072_target_anchor_72154411,75021072,72154411,BP.SCYB.DP1,BP.SCYB.40.DP1,BP.SCYB.40.DP1,40,40,SCYB,DP1,250.0,2.0-40.0Hz,2.0,40.0,553.0000519737384,985.6004335363821,0.38170256642333006,-0.132,True
prospective_75021072_target_anchor_72154411,75021072,72154411,BP.SCYB.DP2,BP.SCYB.40.DP2,BP.SCYB.40.DP2,40,40,SCYB,DP2,250.0,2.0-10.0Hz,2.0,10.0,546.7368165921287,1282.3505965211116,0.5529573328137861,-0.128,True
prospective_75021072_target_anchor_72154411,75021072,72154411,BP.SCYB.DP2,BP.SCYB.40.DP2,BP.SCYB.40.DP2,40,40,SCYB,DP2,250.0,5.0-20.0Hz,5.0,20.0,982.537927397897,1175.326963720956,0.4731569955778284,-0.14,True
prospective_75021072_target_anchor_72154411,75021072,72154411,BP.SCYB.DP2,BP.SCYB.40.DP2,BP.SCYB.40.DP2,40,40,SCYB,DP2,250.0,10.0-40.0Hz,10.0,40.0,414.1456503763852,574.2576507674382,0.45974007034565495,-0.148,True
prospective_75021072_target_anchor_72154411,75021072,72154411,BP.SCYB.DP2,BP.SCYB.40.DP2,BP.SCYB.40.DP2,40,40,SCYB,DP2,250.0,2.0-40.0Hz,2.0,40.0,553.0878184948646,1005.8934331890839,0.4840747348893599,-0.136,True
prospective_75021072_target_anchor_72154411,75021072,72154411,BP.SCYB.DP3,BP.SCYB.40.DP3,BP.SCYB.40.DP3,40,40,SCYB,DP3,250.0,2.0-10.0Hz,2.0,10.0,366.78447920197016,710.9933052927175,0.6848737161375869,-0.128,True
prospective_75021072_target_anchor_72154411,75021072,72154411,BP.SCYB.DP3,BP.SCYB.40.DP3,BP.SCYB.40.DP3,40,40,SCYB,DP3,250.0,5.0-20.0Hz,5.0,20.0,957.403773518952,789.0754437271917,0.62385664482389,-0.132,True
prospective_75021072_target_anchor_72154411,75021072,72154411,BP.SCYB.DP3,BP.SCYB.40.DP3,BP.SCYB.40.DP3,40,40,SCYB,DP3,250.0,10.0-40.0Hz,10.0,40.0,681.9022136231811,469.3827190035841,0.5167902263301041,-0.136,True
prospective_75021072_target_anchor_72154411,75021072,72154411,BP.SCYB.DP3,BP.SCYB.40.DP3,BP.SCYB.40.DP3,40,40,SCYB,DP3,250.0,2.0-40.0Hz,2.0,40.0,415.0652119248266,608.7637256296907,0.62434763843574,-0.132,True
prospective_75021072_target_anchor_72154411,75021072,72154411,BP.SMNB.DP1,BP.SMNB.40.DP1,BP.SMNB.40.DP1,40,40,SMNB,DP1,250.0,2.0-10.0Hz,2.0,10.0,264.91385581711785,68.62332683675605,0.464085078034205,-0.052,True
prospective_75021072_target_anchor_72154411,75021072,72154411,BP.SMNB.DP1,BP.SMNB.40.DP1,BP.SMNB.40.DP1,40,40,SMNB,DP1,250.0,5.0-20.0Hz,5.0,20.0,398.4988985309249,89.11531127102327,0.256266483690096,-0.044,True
prospective_75021072_target_anchor_72154411,75021072,72154411,BP.SMNB.DP1,BP.SMNB.40.DP1,BP.SMNB.40.DP1,40,40,SMNB,DP1,250.0,10.0-40.0Hz,10.0,40.0,552.9093333215905,208.61998687599936,0.2234056852531795,-0.476,True
prospective_75021072_target_anchor_72154411,75021072,72154411,BP.SMNB.DP1,BP.SMNB.40.DP1,BP.SMNB.40.DP1,40,40,SMNB,DP1,250.0,2.0-40.0Hz,2.0,40.0,360.3693732992061,104.17057027612898,0.288306771853434,-0.04,True
prospective_75021072_target_anchor_72154411,75021072,72154411,BP.SMNB.DP2,BP.SMNB.40.DP2,BP.SMNB.40.DP2,40,40,SMNB,DP2,250.0,2.0-10.0Hz,2.0,10.0,230.40611922560186,406.1097781210042,0.3927227116547668,-0.048,True
prospective_75021072_target_anchor_72154411,75021072,72154411,BP.SMNB.DP2,BP.SMNB.40.DP2,BP.SMNB.40.DP2,40,40,SMNB,DP2,250.0,5.0-20.0Hz,5.0,20.0,356.51715557689977,488.6532143994568,0.25621987561599924,0.068,True
prospective_75021072_target_anchor_72154411,75021072,72154411,BP.SMNB.DP2,BP.SMNB.40.DP2,BP.SMNB.40.DP2,40,40,SMNB,DP2,250.0,10.0-40.0Hz,10.0,40.0,448.36847574299156,608.9318927285732,0.22031549583436225,0.072,True
prospective_75021072_target_anchor_72154411,75021072,72154411,BP.SMNB.DP2,BP.SMNB.40.DP2,BP.SMNB.40.DP2,40,40,SMNB,DP2,250.0,2.0-40.0Hz,2.0,40.0,300.64318847160655,530.0467639142867,0.23131210424435986,-0.032,True
prospective_75021072_target_anchor_72154411,75021072,72154411,BP.SMNB.DP3,BP.SMNB.40.DP3,BP.SMNB.40.DP3,40,40,SMNB,DP3,250.0,2.0-10.0Hz,2.0,10.0,247.63444937949643,654.9684404080119,0.5923282170728726,-0.04,True
prospective_75021072_target_anchor_72154411,75021072,72154411,BP.SMNB.DP3,BP.SMNB.40.DP3,BP.SMNB.40.DP3,40,40,SMNB,DP3,250.0,5.0-20.0Hz,5.0,20.0,430.06560492478405,1312.7215127997797,0.21388142195337823,0.34,True
prospective_75021072_target_anchor_72154411,75021072,72154411,BP.SMNB.DP3,BP.SMNB.40.DP3,BP.SMNB.40.DP3,40,40,SMNB,DP3,250.0,10.0-40.0Hz,10.0,40.0,609.6219776522075,1958.2138634975715,0.16149779040945106,-0.096,True
prospective_75021072_target_anchor_72154411,75021072,72154411,BP.SMNB.DP3,BP.SMNB.40.DP3,BP.SMNB.40.DP3,40,40,SMNB,DP3,250.0,2.0-40.0Hz,2.0,40.0,387.15154203083824,1269.4387223722592,0.1987357342823817,-0.044,True
prospective_75021072_target_anchor_72359026,75021072,72359026,BK.PKD.HHE,BK.PKD.00.HHE,BK.PKD.00.HHE,00,00,PKD,HHE,100.0,2.0-10.0Hz,2.0,10.0,52.58258404558371,192.4207591221318,0.33923721224346887,-0.15,True
prospective_75021072_target_anchor_72359026,75021072,72359026,BK.PKD.HHE,BK.PKD.00.HHE,BK.PKD.00.HHE,00,00,PKD,HHE,100.0,5.0-20.0Hz,5.0,20.0,60.671552476809964,275.75133516506725,0.2996950283204962,-0.15,True
prospective_75021072_target_anchor_72359026,75021072,72359026,BK.PKD.HHE,BK.PKD.00.HHE,BK.PKD.00.HHE,00,00,PKD,HHE,100.0,10.0-40.0Hz,10.0,40.0,44.34766105821246,184.37663047345185,0.26203848254842066,-0.06,True
prospective_75021072_target_anchor_72359026,75021072,72359026,BK.PKD.HHE,BK.PKD.00.HHE,BK.PKD.00.HHE,00,00,PKD,HHE,100.0,2.0-40.0Hz,2.0,40.0,51.78043724090614,195.93105064832088,0.29437623781013406,-0.15,True
prospective_75021072_target_anchor_72359026,75021072,72359026,BK.PKD.HHN,BK.PKD.00.HHN,BK.PKD.00.HHN,00,00,PKD,HHN,100.0,2.0-10.0Hz,2.0,10.0,52.893698831555895,204.7314316036659,0.36474590372933,-0.15,True
prospective_75021072_target_anchor_72359026,75021072,72359026,BK.PKD.HHN,BK.PKD.00.HHN,BK.PKD.00.HHN,00,00,PKD,HHN,100.0,5.0-20.0Hz,5.0,20.0,98.98635510277329,350.2624804515207,0.2850776988664526,-0.15,True
prospective_75021072_target_anchor_72359026,75021072,72359026,BK.PKD.HHN,BK.PKD.00.HHN,BK.PKD.00.HHN,00,00,PKD,HHN,100.0,10.0-40.0Hz,10.0,40.0,68.97205753859689,276.20542658762366,0.3532506647598553,-0.06,True
prospective_75021072_target_anchor_72359026,75021072,72359026,BK.PKD.HHN,BK.PKD.00.HHN,BK.PKD.00.HHN,00,00,PKD,HHN,100.0,2.0-40.0Hz,2.0,40.0,59.14951962969219,231.65948448569662,0.2599459109446031,-0.15,True
prospective_75021072_target_anchor_72359026,75021072,72359026,BK.PKD.HHZ,BK.PKD.00.HHZ,BK.PKD.00.HHZ,00,00,PKD,HHZ,100.0,2.0-10.0Hz,2.0,10.0,55.616082065909524,129.91105695319186,0.34741964739263187,-0.06,True
prospective_75021072_target_anchor_72359026,75021072,72359026,BK.PKD.HHZ,BK.PKD.00.HHZ,BK.PKD.00.HHZ,00,00,PKD,HHZ,100.0,5.0-20.0Hz,5.0,20.0,108.52897428187616,265.3530077260987,0.4424105845857738,-0.06,True
prospective_75021072_target_anchor_72359026,75021072,72359026,BK.PKD.HHZ,BK.PKD.00.HHZ,BK.PKD.00.HHZ,00,00,PKD,HHZ,100.0,10.0-40.0Hz,10.0,40.0,125.006202611383,382.35853872264903,0.435017306439661,-0.06,True
prospective_75021072_target_anchor_72359026,75021072,72359026,BK.PKD.HHZ,BK.PKD.00.HHZ,BK.PKD.00.HHZ,00,00,PKD,HHZ,100.0,2.0-40.0Hz,2.0,40.0,76.32796737360135,192.59862522600173,0.4004262320830846,-0.06,True
prospective_75021072_target_anchor_72359026,75021072,72359026,BP.EADB.DP1,BP.EADB.40.DP1,BP.EADB.40.DP1,40,40,EADB,DP1,250.0,2.0-10.0Hz,2.0,10.0,56.031946809565106,90.67814701296416,0.5521406592031662,-0.132,True
prospective_75021072_target_anchor_72359026,75021072,72359026,BP.EADB.DP1,BP.EADB.40.DP1,BP.EADB.40.DP1,40,40,EADB,DP1,250.0,5.0-20.0Hz,5.0,20.0,72.98212828082903,91.01500436434874,0.4179559673712934,0.228,True
prospective_75021072_target_anchor_72359026,75021072,72359026,BP.EADB.DP1,BP.EADB.40.DP1,BP.EADB.40.DP1,40,40,EADB,DP1,250.0,10.0-40.0Hz,10.0,40.0,47.935627514073076,39.61153221277148,0.3529771930403343,-0.076,True
prospective_75021072_target_anchor_72359026,75021072,72359026,BP.EADB.DP1,BP.EADB.40.DP1,BP.EADB.40.DP1,40,40,EADB,DP1,250.0,2.0-40.0Hz,2.0,40.0,57.28917474620155,87.7531052339804,0.49618743024225886,-0.136,True
prospective_75021072_target_anchor_72359026,75021072,72359026,BP.EADB.DP2,BP.EADB.40.DP2,BP.EADB.40.DP2,40,40,EADB,DP2,250.0,2.0-10.0Hz,2.0,10.0,73.65366172060705,149.72073147230336,0.7919766268292413,-0.14,True
prospective_75021072_target_anchor_72359026,75021072,72359026,BP.EADB.DP2,BP.EADB.40.DP2,BP.EADB.40.DP2,40,40,EADB,DP2,250.0,5.0-20.0Hz,5.0,20.0,78.52094778834993,82.85757152588369,0.5282630086155217,-0.312,True
prospective_75021072_target_anchor_72359026,75021072,72359026,BP.EADB.DP2,BP.EADB.40.DP2,BP.EADB.40.DP2,40,40,EADB,DP2,250.0,10.0-40.0Hz,10.0,40.0,40.93324295832498,29.992114162029953,0.3743477180057297,-0.076,True
prospective_75021072_target_anchor_72359026,75021072,72359026,BP.EADB.DP2,BP.EADB.40.DP2,BP.EADB.40.DP2,40,40,EADB,DP2,250.0,2.0-40.0Hz,2.0,40.0,72.9661944996183,124.38734122133017,0.759575641949392,-0.14,True
prospective_75021072_target_anchor_72359026,75021072,72359026,BP.EADB.DP3,BP.EADB.40.DP3,BP.EADB.40.DP3,40,40,EADB,DP3,250.0,2.0-10.0Hz,2.0,10.0,64.6350242345437,137.99096073923155,0.8544469436927384,-0.14,True
prospective_75021072_target_anchor_72359026,75021072,72359026,BP.EADB.DP3,BP.EADB.40.DP3,BP.EADB.40.DP3,40,40,EADB,DP3,250.0,5.0-20.0Hz,5.0,20.0,42.657053675560675,64.19963791286105,0.44586558186520886,-0.316,True
prospective_75021072_target_anchor_72359026,75021072,72359026,BP.EADB.DP3,BP.EADB.40.DP3,BP.EADB.40.DP3,40,40,EADB,DP3,250.0,10.0-40.0Hz,10.0,40.0,30.96687244868647,24.768960229981243,0.3385955629899534,-0.072,True
prospective_75021072_target_anchor_72359026,75021072,72359026,BP.EADB.DP3,BP.EADB.40.DP3,BP.EADB.40.DP3,40,40,EADB,DP3,250.0,2.0-40.0Hz,2.0,40.0,62.17653324886996,107.22691813042348,0.8223973602572013,-0.14,True
prospective_75021072_target_anchor_72359026,75021072,72359026,BP.JCNB.DP2,BP.JCNB.40.DP2,BP.JCNB.40.DP2,40,40,JCNB,DP2,250.0,2.0-10.0Hz,2.0,10.0,78.62458452983286,65.50774865675082,0.6327445092588762,-0.152,True
prospective_75021072_target_anchor_72359026,75021072,72359026,BP.JCNB.DP2,BP.JCNB.40.DP2,BP.JCNB.40.DP2,40,40,JCNB,DP2,250.0,5.0-20.0Hz,5.0,20.0,75.49678407502742,51.63284674842229,0.4537984330659971,-0.14,True
prospective_75021072_target_anchor_72359026,75021072,72359026,BP.JCNB.DP2,BP.JCNB.40.DP2,BP.JCNB.40.DP2,40,40,JCNB,DP2,250.0,10.0-40.0Hz,10.0,40.0,72.16451488668265,27.61982969658828,0.440746318200373,-0.14,True
prospective_75021072_target_anchor_72359026,75021072,72359026,BP.JCNB.DP2,BP.JCNB.40.DP2,BP.JCNB.40.DP2,40,40,JCNB,DP2,250.0,2.0-40.0Hz,2.0,40.0,72.53751495526916,29.451966309170988,0.44506034930713295,-0.14,True
prospective_75021072_target_anchor_72359026,75021072,72359026,BP.JCSB.DP3,BP.JCSB.40.DP3,BP.JCSB.40.DP3,40,40,JCSB,DP3,250.0,2.0-10.0Hz,2.0,10.0,6.277123439700193,3.7620120729965407,0.6257606751033911,-0.148,True
prospective_75021072_target_anchor_72359026,75021072,72359026,BP.JCSB.DP3,BP.JCSB.40.DP3,BP.JCSB.40.DP3,40,40,JCSB,DP3,250.0,5.0-20.0Hz,5.0,20.0,9.985723367013932,6.877861598646607,0.3786726750079383,-0.144,True
prospective_75021072_target_anchor_72359026,75021072,72359026,BP.JCSB.DP3,BP.JCSB.40.DP3,BP.JCSB.40.DP3,40,40,JCSB,DP3,250.0,10.0-40.0Hz,10.0,40.0,7.90153718237302,8.943002239525727,0.3142650069695786,-0.08,True
prospective_75021072_target_anchor_72359026,75021072,72359026,BP.JCSB.DP3,BP.JCSB.40.DP3,BP.JCSB.40.DP3,40,40,JCSB,DP3,250.0,2.0-40.0Hz,2.0,40.0,7.515500225989906,6.478928469445922,0.2524867992669089,-0.028,True
prospective_75021072_target_anchor_72359026,75021072,72359026,BP.LCCB.DP1,BP.LCCB.40.DP1,BP.LCCB.40.DP1,40,40,LCCB,DP1,250.0,2.0-10.0Hz,2.0,10.0,354.1446924355489,144.30519939242015,0.7412497499128582,-0.152,True
prospective_75021072_target_anchor_72359026,75021072,72359026,BP.LCCB.DP1,BP.LCCB.40.DP1,BP.LCCB.40.DP1,40,40,LCCB,DP1,250.0,5.0-20.0Hz,5.0,20.0,633.5112152779667,116.79960642395586,0.7160171047563437,-0.156,True
prospective_75021072_target_anchor_72359026,75021072,72359026,BP.LCCB.DP1,BP.LCCB.40.DP1,BP.LCCB.40.DP1,40,40,LCCB,DP1,250.0,10.0-40.0Hz,10.0,40.0,570.4953051173836,48.054868990958056,0.6302167418629073,-0.156,True
prospective_75021072_target_anchor_72359026,75021072,72359026,BP.LCCB.DP1,BP.LCCB.40.DP1,BP.LCCB.40.DP1,40,40,LCCB,DP1,250.0,2.0-40.0Hz,2.0,40.0,411.18076655257306,77.92925931112896,0.6914296779753093,-0.156,True
prospective_75021072_target_anchor_72359026,75021072,72359026,BP.LCCB.DP2,BP.LCCB.40.DP2,BP.LCCB.40.DP2,40,40,LCCB,DP2,250.0,2.0-10.0Hz,2.0,10.0,181.11973525698036,18.039683385308233,0.8520269265730596,-0.16,True
prospective_75021072_target_anchor_72359026,75021072,72359026,BP.LCCB.DP2,BP.LCCB.40.DP2,BP.LCCB.40.DP2,40,40,LCCB,DP2,250.0,5.0-20.0Hz,5.0,20.0,239.61641870102505,16.284071843198152,0.5578983732964681,-0.152,True
prospective_75021072_target_anchor_72359026,75021072,72359026,BP.LCCB.DP2,BP.LCCB.40.DP2,BP.LCCB.40.DP2,40,40,LCCB,DP2,250.0,10.0-40.0Hz,10.0,40.0,146.57595887681452,9.502071401472138,0.3364713543205891,-0.072,True
prospective_75021072_target_anchor_72359026,75021072,72359026,BP.LCCB.DP2,BP.LCCB.40.DP2,BP.LCCB.40.DP2,40,40,LCCB,DP2,250.0,2.0-40.0Hz,2.0,40.0,164.71257805779325,11.627260615733112,0.45633067395491655,-0.152,True
prospective_75021072_target_anchor_72359026,75021072,72359026,BP.LCCB.DP3,BP.LCCB.40.DP3,BP.LCCB.40.DP3,40,40,LCCB,DP3,250.0,2.0-10.0Hz,2.0,10.0,404.1481046702741,139.73969410475817,0.7401488305560555,-0.152,True
prospective_75021072_target_anchor_72359026,75021072,72359026,BP.LCCB.DP3,BP.LCCB.40.DP3,BP.LCCB.40.DP3,40,40,LCCB,DP3,250.0,5.0-20.0Hz,5.0,20.0,643.6883052732694,91.96752254135689,0.5450113593556081,-0.156,True
prospective_75021072_target_anchor_72359026,75021072,72359026,BP.LCCB.DP3,BP.LCCB.40.DP3,BP.LCCB.40.DP3,40,40,LCCB,DP3,250.0,10.0-40.0Hz,10.0,40.0,556.3691433186489,43.743895287550146,0.4601860532734988,-0.076,True
prospective_75021072_target_anchor_72359026,75021072,72359026,BP.LCCB.DP3,BP.LCCB.40.DP3,BP.LCCB.40.DP3,40,40,LCCB,DP3,250.0,2.0-40.0Hz,2.0,40.0,442.31061843089503,74.51334957861764,0.6416417804355112,-0.156,True
prospective_75021072_target_anchor_72359026,75021072,72359026,BP.SCYB.DP1,BP.SCYB.40.DP1,BP.SCYB.40.DP1,40,40,SCYB,DP1,250.0,2.0-10.0Hz,2.0,10.0,528.8452590733177,1172.4511618110148,0.5745357418857298,-0.128,True
prospective_75021072_target_anchor_72359026,75021072,72359026,BP.SCYB.DP1,BP.SCYB.40.DP1,BP.SCYB.40.DP1,40,40,SCYB,DP1,250.0,5.0-20.0Hz,5.0,20.0,712.8166749361184,1326.0586498136606,0.3067864535729935,-0.14,True
prospective_75021072_target_anchor_72359026,75021072,72359026,BP.SCYB.DP1,BP.SCYB.40.DP1,BP.SCYB.40.DP1,40,40,SCYB,DP1,250.0,10.0-40.0Hz,10.0,40.0,592.4998296694234,723.0585102047575,0.27271183043430763,-0.14,True
prospective_75021072_target_anchor_72359026,75021072,72359026,BP.SCYB.DP1,BP.SCYB.40.DP1,BP.SCYB.40.DP1,40,40,SCYB,DP1,250.0,2.0-40.0Hz,2.0,40.0,553.0000519737384,1042.0029576535512,0.4725709679030205,-0.136,True
prospective_75021072_target_anchor_72359026,75021072,72359026,BP.SCYB.DP2,BP.SCYB.40.DP2,BP.SCYB.40.DP2,40,40,SCYB,DP2,250.0,2.0-10.0Hz,2.0,10.0,546.7368165921287,1013.9208429116369,0.5534858345837452,-0.136,True
prospective_75021072_target_anchor_72359026,75021072,72359026,BP.SCYB.DP2,BP.SCYB.40.DP2,BP.SCYB.40.DP2,40,40,SCYB,DP2,250.0,5.0-20.0Hz,5.0,20.0,982.537927397897,1151.9217487291608,0.4990465010693298,-0.144,True
prospective_75021072_target_anchor_72359026,75021072,72359026,BP.SCYB.DP2,BP.SCYB.40.DP2,BP.SCYB.40.DP2,40,40,SCYB,DP2,250.0,10.0-40.0Hz,10.0,40.0,414.1456503763852,492.541363288504,0.4653006892102434,-0.152,True
prospective_75021072_target_anchor_72359026,75021072,72359026,BP.SCYB.DP2,BP.SCYB.40.DP2,BP.SCYB.40.DP2,40,40,SCYB,DP2,250.0,2.0-40.0Hz,2.0,40.0,553.0878184948646,894.3301530408527,0.5204662831144233,-0.14,True
prospective_75021072_target_anchor_72359026,75021072,72359026,BP.SCYB.DP3,BP.SCYB.40.DP3,BP.SCYB.40.DP3,40,40,SCYB,DP3,250.0,2.0-10.0Hz,2.0,10.0,366.78447920197016,809.0954847376594,0.6825594494319315,-0.136,True
prospective_75021072_target_anchor_72359026,75021072,72359026,BP.SCYB.DP3,BP.SCYB.40.DP3,BP.SCYB.40.DP3,40,40,SCYB,DP3,250.0,5.0-20.0Hz,5.0,20.0,957.403773518952,1000.3592721639451,0.6390793036904436,-0.136,True
prospective_75021072_target_anchor_72359026,75021072,72359026,BP.SCYB.DP3,BP.SCYB.40.DP3,BP.SCYB.40.DP3,40,40,SCYB,DP3,250.0,10.0-40.0Hz,10.0,40.0,681.9022136231811,596.0420344216835,0.5276593050498902,-0.136,True
prospective_75021072_target_anchor_72359026,75021072,72359026,BP.SCYB.DP3,BP.SCYB.40.DP3,BP.SCYB.40.DP3,40,40,SCYB,DP3,250.0,2.0-40.0Hz,2.0,40.0,415.0652119248266,768.5881491464552,0.6434106642682614,-0.136,True
prospective_75021072_target_anchor_72359026,75021072,72359026,BP.SMNB.DP1,BP.SMNB.40.DP1,BP.SMNB.40.DP1,40,40,SMNB,DP1,250.0,2.0-10.0Hz,2.0,10.0,264.91385581711785,635.7735658292014,0.5051981021387257,-0.06,True
prospective_75021072_target_anchor_72359026,75021072,72359026,BP.SMNB.DP1,BP.SMNB.40.DP1,BP.SMNB.40.DP1,40,40,SMNB,DP1,250.0,5.0-20.0Hz,5.0,20.0,398.4988985309249,927.7988674046223,0.24704784193514626,-0.048,True
prospective_75021072_target_anchor_72359026,75021072,72359026,BP.SMNB.DP1,BP.SMNB.40.DP1,BP.SMNB.40.DP1,40,40,SMNB,DP1,250.0,10.0-40.0Hz,10.0,40.0,552.9093333215905,1238.7070169387239,0.20859107889757128,0.06,True
prospective_75021072_target_anchor_72359026,75021072,72359026,BP.SMNB.DP1,BP.SMNB.40.DP1,BP.SMNB.40.DP1,40,40,SMNB,DP1,250.0,2.0-40.0Hz,2.0,40.0,360.3693732992061,828.740453923952,0.3014117447956985,-0.044,True
prospective_75021072_target_anchor_72359026,75021072,72359026,BP.SMNB.DP2,BP.SMNB.40.DP2,BP.SMNB.40.DP2,40,40,SMNB,DP2,250.0,2.0-10.0Hz,2.0,10.0,230.40611922560186,593.5251517565778,0.40651091380509574,-0.056,True
prospective_75021072_target_anchor_72359026,75021072,72359026,BP.SMNB.DP2,BP.SMNB.40.DP2,BP.SMNB.40.DP2,40,40,SMNB,DP2,250.0,5.0-20.0Hz,5.0,20.0,356.51715557689977,1019.6485920212331,0.2505949843850715,0.324,True
prospective_75021072_target_anchor_72359026,75021072,72359026,BP.SMNB.DP2,BP.SMNB.40.DP2,BP.SMNB.40.DP2,40,40,SMNB,DP2,250.0,10.0-40.0Hz,10.0,40.0,448.36847574299156,1310.778168346684,0.2243042469066322,0.068,True
prospective_75021072_target_anchor_72359026,75021072,72359026,BP.SMNB.DP2,BP.SMNB.40.DP2,BP.SMNB.40.DP2,40,40,SMNB,DP2,250.0,2.0-40.0Hz,2.0,40.0,300.64318847160655,878.9241076417773,0.22749696297807315,-0.036,True
prospective_75021072_target_anchor_72359026,75021072,72359026,BP.SMNB.DP3,BP.SMNB.40.DP3,BP.SMNB.40.DP3,40,40,SMNB,DP3,250.0,2.0-10.0Hz,2.0,10.0,247.63444937949643,407.1264530290289,0.6439456623564633,-0.052,True
prospective_75021072_target_anchor_72359026,75021072,72359026,BP.SMNB.DP3,BP.SMNB.40.DP3,BP.SMNB.40.DP3,40,40,SMNB,DP3,250.0,5.0-20.0Hz,5.0,20.0,430.06560492478405,1015.3782140724481,0.21820250431369562,-0.048,True
prospective_75021072_target_anchor_72359026,75021072,72359026,BP.SMNB.DP3,BP.SMNB.40.DP3,BP.SMNB.40.DP3,40,40,SMNB,DP3,250.0,10.0-40.0Hz,10.0,40.0,609.6219776522075,1391.107539233404,0.15686999782425787,-0.1,True
prospective_75021072_target_anchor_72359026,75021072,72359026,BP.SMNB.DP3,BP.SMNB.40.DP3,BP.SMNB.40.DP3,40,40,SMNB,DP3,250.0,2.0-40.0Hz,2.0,40.0,387.15154203083824,720.2862647983266,0.24929368049622314,-0.052,True
prospective_75021072_target_anchor_72359026,75021072,72359026,NC.PSM.EHE,NC.PSM..EHE,NC.PSM..EHE,,,PSM,EHE,100.0,2.0-10.0Hz,2.0,10.0,1.0982806106704732,938.0532373096394,0.1411784104380179,-0.45,False
prospective_75021072_target_anchor_72359026,75021072,72359026,NC.PSM.EHE,NC.PSM..EHE,NC.PSM..EHE,,,PSM,EHE,100.0,5.0-20.0Hz,5.0,20.0,0.9265608734097512,625.4970325449021,0.16131090455529615,-0.13,False
prospective_75021072_target_anchor_72359026,75021072,72359026,NC.PSM.EHE,NC.PSM..EHE,NC.PSM..EHE,,,PSM,EHE,100.0,10.0-40.0Hz,10.0,40.0,0.9995602747878952,81.01904800505557,0.07416407833582601,0.46,False
prospective_75021072_target_anchor_72359026,75021072,72359026,NC.PSM.EHE,NC.PSM..EHE,NC.PSM..EHE,,,PSM,EHE,100.0,2.0-40.0Hz,2.0,40.0,1.0181935896173893,468.9834172904278,0.08121289018159486,0.24,False
prospective_75021072_target_anchor_72359026,75021072,72359026,NC.PSM.EHN,NC.PSM..EHN,NC.PSM..EHN,,,PSM,EHN,100.0,2.0-10.0Hz,2.0,10.0,650.5805834352574,833.8990095929345,0.8180786210381102,0.17,True
prospective_75021072_target_anchor_72359026,75021072,72359026,NC.PSM.EHN,NC.PSM..EHN,NC.PSM..EHN,,,PSM,EHN,100.0,5.0-20.0Hz,5.0,20.0,613.7869817878619,417.70713752809814,0.511411755823359,0.18,True
prospective_75021072_target_anchor_72359026,75021072,72359026,NC.PSM.EHN,NC.PSM..EHN,NC.PSM..EHN,,,PSM,EHN,100.0,10.0-40.0Hz,10.0,40.0,205.6516425554474,96.11115004760399,0.292524834957334,0.09,True
prospective_75021072_target_anchor_72359026,75021072,72359026,NC.PSM.EHN,NC.PSM..EHN,NC.PSM..EHN,,,PSM,EHN,100.0,2.0-40.0Hz,2.0,40.0,608.3779148555321,478.42311558167444,0.7962246631762961,0.17,True
prospective_75021072_target_anchor_72359026,75021072,72359026,NC.PSM.EHZ,NC.PSM..EHZ,NC.PSM..EHZ,,,PSM,EHZ,100.0,2.0-10.0Hz,2.0,10.0,618.9113235643307,837.0842282814857,0.6526874159951941,0.18,True
prospective_75021072_target_anchor_72359026,75021072,72359026,NC.PSM.EHZ,NC.PSM..EHZ,NC.PSM..EHZ,,,PSM,EHZ,100.0,5.0-20.0Hz,5.0,20.0,563.26357819465,585.1864103038785,0.4397447130005026,0.18,True
prospective_75021072_target_anchor_72359026,75021072,72359026,NC.PSM.EHZ,NC.PSM..EHZ,NC.PSM..EHZ,,,PSM,EHZ,100.0,10.0-40.0Hz,10.0,40.0,212.89052946267557,68.35409675968958,0.4145148535160545,0.18,True
prospective_75021072_target_anchor_72359026,75021072,72359026,NC.PSM.EHZ,NC.PSM..EHZ,NC.PSM..EHZ,,,PSM,EHZ,100.0,2.0-40.0Hz,2.0,40.0,550.7293197821759,335.43543603806137,0.6355823185225746,0.18,True
prospective_75120101_target_anchor_51214531,75120101,51214531,BP.EADB.DP1,BP.EADB.40.DP1,BP.EADB..DP1,40,,EADB,DP1,250.0,2.0-10.0Hz,2.0,10.0,3.8755508190534855,55.3225379456065,0.6237298420924657,0.064,True
prospective_75120101_target_anchor_51214531,75120101,51214531,BP.EADB.DP1,BP.EADB.40.DP1,BP.EADB..DP1,40,,EADB,DP1,250.0,5.0-20.0Hz,5.0,20.0,14.805340570563986,49.23983759786967,0.401857412522769,-0.088,True
prospective_75120101_target_anchor_51214531,75120101,51214531,BP.EADB.DP1,BP.EADB.40.DP1,BP.EADB..DP1,40,,EADB,DP1,250.0,10.0-40.0Hz,10.0,40.0,22.463976399791033,22.81690640706947,0.3063099880008063,0.032,True
prospective_75120101_target_anchor_51214531,75120101,51214531,BP.EADB.DP1,BP.EADB.40.DP1,BP.EADB..DP1,40,,EADB,DP1,250.0,2.0-40.0Hz,2.0,40.0,4.421205244082887,47.72855654273528,0.4720377386916664,0.068,True
prospective_75120101_target_anchor_51214531,75120101,51214531,BP.EADB.DP2,BP.EADB.40.DP2,BP.EADB..DP2,40,,EADB,DP2,250.0,2.0-10.0Hz,2.0,10.0,3.520662686320501,71.52809277891325,0.7771580413144352,0.072,True
prospective_75120101_target_anchor_51214531,75120101,51214531,BP.EADB.DP2,BP.EADB.40.DP2,BP.EADB..DP2,40,,EADB,DP2,250.0,5.0-20.0Hz,5.0,20.0,7.084048407830913,55.82815466044312,0.47031497448740683,0.24,True
prospective_75120101_target_anchor_51214531,75120101,51214531,BP.EADB.DP2,BP.EADB.40.DP2,BP.EADB..DP2,40,,EADB,DP2,250.0,10.0-40.0Hz,10.0,40.0,14.232515841080428,26.050706530428297,0.4556362442849112,0.032,True
prospective_75120101_target_anchor_51214531,75120101,51214531,BP.EADB.DP2,BP.EADB.40.DP2,BP.EADB..DP2,40,,EADB,DP2,250.0,2.0-40.0Hz,2.0,40.0,3.9832777008248854,61.634001284173195,0.700011390760053,0.076,True
prospective_75120101_target_anchor_51214531,75120101,51214531,BP.EADB.DP3,BP.EADB.40.DP3,BP.EADB..DP3,40,,EADB,DP3,250.0,2.0-10.0Hz,2.0,10.0,3.972870329850195,53.58546716213634,0.7932316451412114,0.072,True
prospective_75120101_target_anchor_51214531,75120101,51214531,BP.EADB.DP3,BP.EADB.40.DP3,BP.EADB..DP3,40,,EADB,DP3,250.0,5.0-20.0Hz,5.0,20.0,7.015309700567644,31.45918885892672,0.4960848614667543,-0.092,True
prospective_75120101_target_anchor_51214531,75120101,51214531,BP.EADB.DP3,BP.EADB.40.DP3,BP.EADB..DP3,40,,EADB,DP3,250.0,10.0-40.0Hz,10.0,40.0,15.924774363618825,13.397308551939556,0.25246402507393423,0.232,True
prospective_75120101_target_anchor_51214531,75120101,51214531,BP.EADB.DP3,BP.EADB.40.DP3,BP.EADB..DP3,40,,EADB,DP3,250.0,2.0-40.0Hz,2.0,40.0,4.18841542754627,40.080114834370974,0.7196235803070435,0.068,True
prospective_75120101_target_anchor_51214531,75120101,51214531,BP.FROB.DP1,BP.FROB.40.DP1,BP.FROB..DP1,40,,FROB,DP1,250.0,2.0-10.0Hz,2.0,10.0,2.806748349927372,33.13931186912395,0.35524287780359354,0.08,False
prospective_75120101_target_anchor_51214531,75120101,51214531,BP.FROB.DP1,BP.FROB.40.DP1,BP.FROB..DP1,40,,FROB,DP1,250.0,5.0-20.0Hz,5.0,20.0,8.171328590374815,58.38411660886369,0.23682783187953896,-0.208,True
prospective_75120101_target_anchor_51214531,75120101,51214531,BP.FROB.DP1,BP.FROB.40.DP1,BP.FROB..DP1,40,,FROB,DP1,250.0,10.0-40.0Hz,10.0,40.0,15.722197249920237,73.89829832799535,0.17244250404725875,0.028,True
prospective_75120101_target_anchor_51214531,75120101,51214531,BP.FROB.DP1,BP.FROB.40.DP1,BP.FROB..DP1,40,,FROB,DP1,250.0,2.0-40.0Hz,2.0,40.0,4.233598353149071,49.624911524861425,0.16673335361198705,0.092,True
prospective_75120101_target_anchor_51214531,75120101,51214531,BP.FROB.DP2,BP.FROB.40.DP2,BP.FROB..DP2,40,,FROB,DP2,250.0,2.0-10.0Hz,2.0,10.0,2.4567398262709537,32.552353277134266,0.4280679930368641,0.056,False
prospective_75120101_target_anchor_51214531,75120101,51214531,BP.FROB.DP2,BP.FROB.40.DP2,BP.FROB..DP2,40,,FROB,DP2,250.0,5.0-20.0Hz,5.0,20.0,10.288151349703165,38.40742077032753,0.23731463294440505,0.212,True
prospective_75120101_target_anchor_51214531,75120101,51214531,BP.FROB.DP2,BP.FROB.40.DP2,BP.FROB..DP2,40,,FROB,DP2,250.0,10.0-40.0Hz,10.0,40.0,17.533353967084267,42.45892225027907,0.173644229915054,0.284,True
prospective_75120101_target_anchor_51214531,75120101,51214531,BP.FROB.DP2,BP.FROB.40.DP2,BP.FROB..DP2,40,,FROB,DP2,250.0,2.0-40.0Hz,2.0,40.0,4.30959090310561,39.54042744652757,0.18484282613064912,0.032,True
prospective_75120101_target_anchor_51214531,75120101,51214531,BP.FROB.DP3,BP.FROB.40.DP3,BP.FROB..DP3,40,,FROB,DP3,250.0,2.0-10.0Hz,2.0,10.0,3.1538320217210716,37.07352658324447,0.3131297767469012,0.068,True
prospective_75120101_target_anchor_51214531,75120101,51214531,BP.FROB.DP3,BP.FROB.40.DP3,BP.FROB..DP3,40,,FROB,DP3,250.0,5.0-20.0Hz,5.0,20.0,8.107287466460306,45.36322220808987,0.18389261281525823,0.468,True
prospective_75120101_target_anchor_51214531,75120101,51214531,BP.FROB.DP3,BP.FROB.40.DP3,BP.FROB..DP3,40,,FROB,DP3,250.0,10.0-40.0Hz,10.0,40.0,10.922510198290833,51.07041741560048,0.14400998402968973,-0.084,True
prospective_75120101_target_anchor_51214531,75120101,51214531,BP.FROB.DP3,BP.FROB.40.DP3,BP.FROB..DP3,40,,FROB,DP3,250.0,2.0-40.0Hz,2.0,40.0,3.9205437108851413,41.746527876974504,0.20157698338481667,0.076,True
prospective_75120101_target_anchor_51214531,75120101,51214531,BP.GHIB.DP1,BP.GHIB.40.DP1,BP.GHIB..DP1,40,,GHIB,DP1,250.0,2.0-10.0Hz,2.0,10.0,0.9400540562713834,1.6931163525484692,0.5459466323805997,0.056,False
prospective_75120101_target_anchor_51214531,75120101,51214531,BP.GHIB.DP1,BP.GHIB.40.DP1,BP.GHIB..DP1,40,,GHIB,DP1,250.0,5.0-20.0Hz,5.0,20.0,1.6382101296683986,2.3962866887335705,0.3690864229443413,0.048,False
prospective_75120101_target_anchor_51214531,75120101,51214531,BP.GHIB.DP1,BP.GHIB.40.DP1,BP.GHIB..DP1,40,,GHIB,DP1,250.0,10.0-40.0Hz,10.0,40.0,4.6105255872075395,0.6811129585874992,0.36021772676613056,0.22,False
prospective_75120101_target_anchor_51214531,75120101,51214531,BP.GHIB.DP1,BP.GHIB.40.DP1,BP.GHIB..DP1,40,,GHIB,DP1,250.0,2.0-40.0Hz,2.0,40.0,1.012677211825901,1.1386605845591107,0.47658877167562763,0.048,False
prospective_75120101_target_anchor_51214531,75120101,51214531,BP.GHIB.DP3,BP.GHIB.40.DP3,BP.GHIB..DP3,40,,GHIB,DP3,250.0,2.0-10.0Hz,2.0,10.0,0.6241623322308958,6.699780973955954,0.44292906675598603,0.052,False
prospective_75120101_target_anchor_51214531,75120101,51214531,BP.GHIB.DP3,BP.GHIB.40.DP3,BP.GHIB..DP3,40,,GHIB,DP3,250.0,5.0-20.0Hz,5.0,20.0,1.4154328452049272,9.029557060862325,0.38519957417703526,0.04,False
prospective_75120101_target_anchor_51214531,75120101,51214531,BP.GHIB.DP3,BP.GHIB.40.DP3,BP.GHIB..DP3,40,,GHIB,DP3,250.0,10.0-40.0Hz,10.0,40.0,2.193440559273835,7.0787172932911755,0.2534526830275578,0.22,False
prospective_75120101_target_anchor_51214531,75120101,51214531,BP.GHIB.DP3,BP.GHIB.40.DP3,BP.GHIB..DP3,40,,GHIB,DP3,250.0,2.0-40.0Hz,2.0,40.0,0.658425917381251,7.057501522107244,0.4011772185135927,0.048,False
prospective_75120101_target_anchor_51214531,75120101,51214531,BP.JCSB.DP1,BP.JCSB.40.DP1,BP.JCSB..DP1,40,,JCSB,DP1,250.0,2.0-10.0Hz,2.0,10.0,31.90819529224337,200.72198493799243,0.8509961099673223,0.052,True
prospective_75120101_target_anchor_51214531,75120101,51214531,BP.JCSB.DP1,BP.JCSB.40.DP1,BP.JCSB..DP1,40,,JCSB,DP1,250.0,5.0-20.0Hz,5.0,20.0,36.8517655087632,233.38728867768125,0.46823801141567406,0.06,True
prospective_75120101_target_anchor_51214531,75120101,51214531,BP.JCSB.DP1,BP.JCSB.40.DP1,BP.JCSB..DP1,40,,JCSB,DP1,250.0,10.0-40.0Hz,10.0,40.0,73.46197046832495,202.90688667496175,0.3172529623762039,0.072,True
prospective_75120101_target_anchor_51214531,75120101,51214531,BP.JCSB.DP1,BP.JCSB.40.DP1,BP.JCSB..DP1,40,,JCSB,DP1,250.0,2.0-40.0Hz,2.0,40.0,34.27776775919258,206.18878309743977,0.6528537910005513,0.056,True
prospective_75120101_target_anchor_51214531,75120101,51214531,BP.JCSB.DP2,BP.JCSB.40.DP2,BP.JCSB..DP2,40,,JCSB,DP2,250.0,2.0-10.0Hz,2.0,10.0,2.3374096992488926,8.062473712609913,0.22185502033219548,0.22,False
prospective_75120101_target_anchor_51214531,75120101,51214531,BP.JCSB.DP2,BP.JCSB.40.DP2,BP.JCSB..DP2,40,,JCSB,DP2,250.0,5.0-20.0Hz,5.0,20.0,3.941044624588744,6.255771928011976,0.3484351480516328,0.024,True
prospective_75120101_target_anchor_51214531,75120101,51214531,BP.JCSB.DP2,BP.JCSB.40.DP2,BP.JCSB..DP2,40,,JCSB,DP2,250.0,10.0-40.0Hz,10.0,40.0,4.132759451255687,8.20395255156163,0.4160434745335168,0.024,True
prospective_75120101_target_anchor_51214531,75120101,51214531,BP.JCSB.DP2,BP.JCSB.40.DP2,BP.JCSB..DP2,40,,JCSB,DP2,250.0,2.0-40.0Hz,2.0,40.0,3.450109229297441,7.98762608110911,0.24804152600362178,0.024,True
prospective_75120101_target_anchor_51214531,75120101,51214531,BP.JCSB.DP3,BP.JCSB.40.DP3,BP.JCSB..DP3,40,,JCSB,DP3,250.0,2.0-10.0Hz,2.0,10.0,4.18344568844005,0.9953798428100272,0.13003944803965115,0.064,False
prospective_75120101_target_anchor_51214531,75120101,51214531,BP.JCSB.DP3,BP.JCSB.40.DP3,BP.JCSB..DP3,40,,JCSB,DP3,250.0,5.0-20.0Hz,5.0,20.0,5.564751955071884,1.0057189921744092,0.12270090984179616,0.196,False
prospective_75120101_target_anchor_51214531,75120101,51214531,BP.JCSB.DP3,BP.JCSB.40.DP3,BP.JCSB..DP3,40,,JCSB,DP3,250.0,10.0-40.0Hz,10.0,40.0,4.78888564521198,1.0795684761271183,0.13573455659662734,-0.14,False
prospective_75120101_target_anchor_51214531,75120101,51214531,BP.JCSB.DP3,BP.JCSB.40.DP3,BP.JCSB..DP3,40,,JCSB,DP3,250.0,2.0-40.0Hz,2.0,40.0,4.589086054035023,1.0400833932061937,0.10330966086717261,-0.14,False
prospective_75120101_target_anchor_51214531,75120101,51214531,BP.LCCB.DP1,BP.LCCB.40.DP1,BP.LCCB..DP1,40,,LCCB,DP1,250.0,2.0-10.0Hz,2.0,10.0,29.532775871980146,57.18499040453204,0.3120835357921591,0.34,True
prospective_75120101_target_anchor_51214531,75120101,51214531,BP.LCCB.DP1,BP.LCCB.40.DP1,BP.LCCB..DP1,40,,LCCB,DP1,250.0,5.0-20.0Hz,5.0,20.0,117.54245303932179,65.02017320565218,0.30536499594265587,-0.168,True
prospective_75120101_target_anchor_51214531,75120101,51214531,BP.LCCB.DP1,BP.LCCB.40.DP1,BP.LCCB..DP1,40,,LCCB,DP1,250.0,10.0-40.0Hz,10.0,40.0,177.61630906970828,45.74787659674204,0.22564448366283515,-0.012,True
prospective_75120101_target_anchor_51214531,75120101,51214531,BP.LCCB.DP1,BP.LCCB.40.DP1,BP.LCCB..DP1,40,,LCCB,DP1,250.0,2.0-40.0Hz,2.0,40.0,36.614359222332396,51.13748371532447,0.2552149477752346,-0.168,True
prospective_75120101_target_anchor_51214531,75120101,51214531,BP.LCCB.DP2,BP.LCCB.40.DP2,BP.LCCB..DP2,40,,LCCB,DP2,250.0,2.0-10.0Hz,2.0,10.0,41.08030954389449,339.07191327236086,0.7353088331071734,0.02,True
prospective_75120101_target_anchor_51214531,75120101,51214531,BP.LCCB.DP2,BP.LCCB.40.DP2,BP.LCCB..DP2,40,,LCCB,DP2,250.0,5.0-20.0Hz,5.0,20.0,66.38825514298328,380.79922745145615,0.31305976710195577,0.032,True
prospective_75120101_target_anchor_51214531,75120101,51214531,BP.LCCB.DP2,BP.LCCB.40.DP2,BP.LCCB..DP2,40,,LCCB,DP2,250.0,10.0-40.0Hz,10.0,40.0,50.49513305571572,225.26153528557327,0.35531544614429084,0.136,True
prospective_75120101_target_anchor_51214531,75120101,51214531,BP.LCCB.DP2,BP.LCCB.40.DP2,BP.LCCB..DP2,40,,LCCB,DP2,250.0,2.0-40.0Hz,2.0,40.0,46.356316868365816,269.7435359163324,0.30789077200587633,0.02,True
prospective_75120101_target_anchor_51214531,75120101,51214531,BP.LCCB.DP3,BP.LCCB.40.DP3,BP.LCCB..DP3,40,,LCCB,DP3,250.0,2.0-10.0Hz,2.0,10.0,23.871749607838066,455.4043116511137,0.4600455388996826,0.02,True
prospective_75120101_target_anchor_51214531,75120101,51214531,BP.LCCB.DP3,BP.LCCB.40.DP3,BP.LCCB..DP3,40,,LCCB,DP3,250.0,5.0-20.0Hz,5.0,20.0,108.6930789115019,611.6722687752268,0.2472010167230447,-0.5,True
prospective_75120101_target_anchor_51214531,75120101,51214531,BP.LCCB.DP3,BP.LCCB.40.DP3,BP.LCCB..DP3,40,,LCCB,DP3,250.0,10.0-40.0Hz,10.0,40.0,227.6138020694364,480.70426262605315,0.34449759943880237,-0.02,True
prospective_75120101_target_anchor_51214531,75120101,51214531,BP.LCCB.DP3,BP.LCCB.40.DP3,BP.LCCB..DP3,40,,LCCB,DP3,250.0,2.0-40.0Hz,2.0,40.0,28.301103580124458,461.57774872518115,0.2931734501670281,0.04,True
prospective_75120101_target_anchor_51214531,75120101,51214531,BP.MMNB.DP1,BP.MMNB.40.DP1,BP.MMNB..DP1,40,,MMNB,DP1,250.0,2.0-10.0Hz,2.0,10.0,22.945911179326135,1.4744418828185892,0.2186107358396154,-0.404,False
prospective_75120101_target_anchor_51214531,75120101,51214531,BP.MMNB.DP1,BP.MMNB.40.DP1,BP.MMNB..DP1,40,,MMNB,DP1,250.0,5.0-20.0Hz,5.0,20.0,50.969226469581784,1.3497729850336648,0.23521879874720517,-0.256,False
prospective_75120101_target_anchor_51214531,75120101,51214531,BP.MMNB.DP1,BP.MMNB.40.DP1,BP.MMNB..DP1,40,,MMNB,DP1,250.0,10.0-40.0Hz,10.0,40.0,83.63586753243374,1.406303627915425,0.22502417865895774,0.096,False
prospective_75120101_target_anchor_51214531,75120101,51214531,BP.MMNB.DP1,BP.MMNB.40.DP1,BP.MMNB..DP1,40,,MMNB,DP1,250.0,2.0-40.0Hz,2.0,40.0,24.993989875710337,1.4551490241947158,0.17808006243716334,-0.408,False
prospective_75120101_target_anchor_51214531,75120101,51214531,BP.MMNB.DP2,BP.MMNB.40.DP2,BP.MMNB..DP2,40,,MMNB,DP2,250.0,2.0-10.0Hz,2.0,10.0,11.199838776446995,1.4230488454564196,0.1263104946385184,0.464,False
prospective_75120101_target_anchor_51214531,75120101,51214531,BP.MMNB.DP2,BP.MMNB.40.DP2,BP.MMNB..DP2,40,,MMNB,DP2,250.0,5.0-20.0Hz,5.0,20.0,32.767161718129316,1.350124812238209,0.16685995963703926,0.456,False
prospective_75120101_target_anchor_51214531,75120101,51214531,BP.MMNB.DP2,BP.MMNB.40.DP2,BP.MMNB..DP2,40,,MMNB,DP2,250.0,10.0-40.0Hz,10.0,40.0,87.7665278763943,1.4232623354865148,0.19944483627146578,-0.104,False
prospective_75120101_target_anchor_51214531,75120101,51214531,BP.MMNB.DP2,BP.MMNB.40.DP2,BP.MMNB..DP2,40,,MMNB,DP2,250.0,2.0-40.0Hz,2.0,40.0,12.79701437683736,1.4194157303047599,0.1230542675706255,0.456,False
prospective_75120101_target_anchor_51214531,75120101,51214531,BP.MMNB.DP3,BP.MMNB.40.DP3,BP.MMNB..DP3,40,,MMNB,DP3,250.0,2.0-10.0Hz,2.0,10.0,11.20531014268253,282.3426742836104,0.3465195948441894,0.028,True
prospective_75120101_target_anchor_51214531,75120101,51214531,BP.MMNB.DP3,BP.MMNB.40.DP3,BP.MMNB..DP3,40,,MMNB,DP3,250.0,5.0-20.0Hz,5.0,20.0,43.303930635498965,473.97752818355235,0.5438006421839359,0.156,True
prospective_75120101_target_anchor_51214531,75120101,51214531,BP.MMNB.DP3,BP.MMNB.40.DP3,BP.MMNB..DP3,40,,MMNB,DP3,250.0,10.0-40.0Hz,10.0,40.0,135.36485612205823,258.8886180931402,0.5505328743296634,0.064,True
prospective_75120101_target_anchor_51214531,75120101,51214531,BP.MMNB.DP3,BP.MMNB.40.DP3,BP.MMNB..DP3,40,,MMNB,DP3,250.0,2.0-40.0Hz,2.0,40.0,13.873296007686198,299.57820056206003,0.38541958898873957,0.156,True
prospective_75120101_target_anchor_51214531,75120101,51214531,BP.SCYB.DP1,BP.SCYB.40.DP1,BP.SCYB..DP1,40,,SCYB,DP1,250.0,2.0-10.0Hz,2.0,10.0,37.34077156871005,517.6734632416473,0.48653619107874535,-0.016,True
prospective_75120101_target_anchor_51214531,75120101,51214531,BP.SCYB.DP1,BP.SCYB.40.DP1,BP.SCYB..DP1,40,,SCYB,DP1,250.0,5.0-20.0Hz,5.0,20.0,144.99959908158982,662.4152485290651,0.3698224605129241,-0.024,True
prospective_75120101_target_anchor_51214531,75120101,51214531,BP.SCYB.DP1,BP.SCYB.40.DP1,BP.SCYB..DP1,40,,SCYB,DP1,250.0,10.0-40.0Hz,10.0,40.0,273.82475731244875,414.79960168393836,0.2580624958965596,-0.024,True
prospective_75120101_target_anchor_51214531,75120101,51214531,BP.SCYB.DP1,BP.SCYB.40.DP1,BP.SCYB..DP1,40,,SCYB,DP1,250.0,2.0-40.0Hz,2.0,40.0,42.30593446888377,491.82615972456796,0.4066064715671274,-0.02,True
prospective_75120101_target_anchor_51214531,75120101,51214531,BP.SCYB.DP2,BP.SCYB.40.DP2,BP.SCYB..DP2,40,,SCYB,DP2,250.0,2.0-10.0Hz,2.0,10.0,50.42459878739831,562.5451857757329,0.678410384164982,-0.008,True
prospective_75120101_target_anchor_51214531,75120101,51214531,BP.SCYB.DP2,BP.SCYB.40.DP2,BP.SCYB..DP2,40,,SCYB,DP2,250.0,5.0-20.0Hz,5.0,20.0,148.09378361125954,631.6868184288742,0.36903280932654825,0.124,True
prospective_75120101_target_anchor_51214531,75120101,51214531,BP.SCYB.DP2,BP.SCYB.40.DP2,BP.SCYB..DP2,40,,SCYB,DP2,250.0,10.0-40.0Hz,10.0,40.0,217.47847750534632,311.81948288235327,0.3697394047351281,0.128,True
prospective_75120101_target_anchor_51214531,75120101,51214531,BP.SCYB.DP2,BP.SCYB.40.DP2,BP.SCYB..DP2,40,,SCYB,DP2,250.0,2.0-40.0Hz,2.0,40.0,53.1538409376568,494.46348245811413,0.5414968037667653,-0.004,True
prospective_75120101_target_anchor_51214531,75120101,51214531,BP.SCYB.DP3,BP.SCYB.40.DP3,BP.SCYB..DP3,40,,SCYB,DP3,250.0,2.0-10.0Hz,2.0,10.0,24.266436016767738,436.1924627352675,0.4460141317934969,-0.024,True
prospective_75120101_target_anchor_51214531,75120101,51214531,BP.SCYB.DP3,BP.SCYB.40.DP3,BP.SCYB..DP3,40,,SCYB,DP3,250.0,5.0-20.0Hz,5.0,20.0,88.69514904271306,587.3018560516831,0.43330078443677333,-0.036,True
prospective_75120101_target_anchor_51214531,75120101,51214531,BP.SCYB.DP3,BP.SCYB.40.DP3,BP.SCYB..DP3,40,,SCYB,DP3,250.0,10.0-40.0Hz,10.0,40.0,238.49667681434096,355.83878381349894,0.5158458680742283,-0.124,True
prospective_75120101_target_anchor_51214531,75120101,51214531,BP.SCYB.DP3,BP.SCYB.40.DP3,BP.SCYB..DP3,40,,SCYB,DP3,250.0,2.0-40.0Hz,2.0,40.0,26.809320550007495,417.95847696962505,0.40403643630540553,-0.032,True
prospective_75120101_target_anchor_51214531,75120101,51214531,BP.SMNB.DP1,BP.SMNB.40.DP1,BP.SMNB..DP1,40,,SMNB,DP1,250.0,2.0-10.0Hz,2.0,10.0,18.172705429298187,343.1880201436833,0.7690368285125375,-0.024,True
prospective_75120101_target_anchor_51214531,75120101,51214531,BP.SMNB.DP1,BP.SMNB.40.DP1,BP.SMNB..DP1,40,,SMNB,DP1,250.0,5.0-20.0Hz,5.0,20.0,83.53956709943098,560.9195675568909,0.5237878734721682,-0.024,True
prospective_75120101_target_anchor_51214531,75120101,51214531,BP.SMNB.DP1,BP.SMNB.40.DP1,BP.SMNB..DP1,40,,SMNB,DP1,250.0,10.0-40.0Hz,10.0,40.0,227.80216841360118,731.3951097287741,0.26960204251974157,-0.02,True
prospective_75120101_target_anchor_51214531,75120101,51214531,BP.SMNB.DP1,BP.SMNB.40.DP1,BP.SMNB..DP1,40,,SMNB,DP1,250.0,2.0-40.0Hz,2.0,40.0,24.83942660060037,490.84063655956214,0.48377028397053284,-0.02,True
prospective_75120101_target_anchor_51214531,75120101,51214531,BP.SMNB.DP2,BP.SMNB.40.DP2,BP.SMNB..DP2,40,,SMNB,DP2,250.0,2.0-10.0Hz,2.0,10.0,10.986266587137962,278.46401456770406,0.5577287500983878,-0.028,True
prospective_75120101_target_anchor_51214531,75120101,51214531,BP.SMNB.DP2,BP.SMNB.40.DP2,BP.SMNB..DP2,40,,SMNB,DP2,250.0,5.0-20.0Hz,5.0,20.0,68.5253236808856,433.51323418540613,0.4584773323617079,-0.028,True
prospective_75120101_target_anchor_51214531,75120101,51214531,BP.SMNB.DP2,BP.SMNB.40.DP2,BP.SMNB..DP2,40,,SMNB,DP2,250.0,10.0-40.0Hz,10.0,40.0,210.67671146967135,690.5292701823103,0.3570451762268193,-0.028,True
prospective_75120101_target_anchor_51214531,75120101,51214531,BP.SMNB.DP2,BP.SMNB.40.DP2,BP.SMNB..DP2,40,,SMNB,DP2,250.0,2.0-40.0Hz,2.0,40.0,20.429481619216382,452.98726401797813,0.4295025155703991,-0.028,True
prospective_75120101_target_anchor_51214531,75120101,51214531,BP.SMNB.DP3,BP.SMNB.40.DP3,BP.SMNB..DP3,40,,SMNB,DP3,250.0,2.0-10.0Hz,2.0,10.0,17.544548678948377,249.39460950888613,0.695434665133953,-0.016,True
prospective_75120101_target_anchor_51214531,75120101,51214531,BP.SMNB.DP3,BP.SMNB.40.DP3,BP.SMNB..DP3,40,,SMNB,DP3,250.0,5.0-20.0Hz,5.0,20.0,71.6172844815056,413.79602623080893,0.3692061295092028,-0.024,True
prospective_75120101_target_anchor_51214531,75120101,51214531,BP.SMNB.DP3,BP.SMNB.40.DP3,BP.SMNB..DP3,40,,SMNB,DP3,250.0,10.0-40.0Hz,10.0,40.0,295.14244179906075,701.1240573262513,0.24664277075399654,-0.024,True
prospective_75120101_target_anchor_51214531,75120101,51214531,BP.SMNB.DP3,BP.SMNB.40.DP3,BP.SMNB..DP3,40,,SMNB,DP3,250.0,2.0-40.0Hz,2.0,40.0,30.29432229267694,460.9928249966998,0.33709767805438207,-0.024,True
prospective_75120101_target_anchor_51214531,75120101,51214531,NC.PSM.EHE,NC.PSM..EHE,NC.PSM..EHE,,,PSM,EHE,100.0,2.0-10.0Hz,2.0,10.0,0.88013530621968,390.9594468681369,0.21078975960308585,0.27,False
prospective_75120101_target_anchor_51214531,75120101,51214531,NC.PSM.EHE,NC.PSM..EHE,NC.PSM..EHE,,,PSM,EHE,100.0,5.0-20.0Hz,5.0,20.0,0.9874763147503473,433.3222950429251,0.138524172823049,0.13,False
prospective_75120101_target_anchor_51214531,75120101,51214531,NC.PSM.EHE,NC.PSM..EHE,NC.PSM..EHE,,,PSM,EHE,100.0,10.0-40.0Hz,10.0,40.0,0.9517293182019905,90.32376400482401,0.1091081252140793,-0.31,False
prospective_75120101_target_anchor_51214531,75120101,51214531,NC.PSM.EHE,NC.PSM..EHE,NC.PSM..EHE,,,PSM,EHE,100.0,2.0-40.0Hz,2.0,40.0,0.9324888277165483,325.86819643485256,0.10960188970551929,0.28,False
prospective_75120101_target_anchor_51214531,75120101,51214531,NC.PSM.EHN,NC.PSM..EHN,NC.PSM..EHN,,,PSM,EHN,100.0,2.0-10.0Hz,2.0,10.0,67.4592164332636,494.3037921622904,0.727909875842112,-0.06,True
prospective_75120101_target_anchor_51214531,75120101,51214531,NC.PSM.EHN,NC.PSM..EHN,NC.PSM..EHN,,,PSM,EHN,100.0,5.0-20.0Hz,5.0,20.0,172.4071837561546,255.68561449214928,0.48956837959055943,-0.05,True
prospective_75120101_target_anchor_51214531,75120101,51214531,NC.PSM.EHN,NC.PSM..EHN,NC.PSM..EHN,,,PSM,EHN,100.0,10.0-40.0Hz,10.0,40.0,143.14690570532412,80.25149208677485,0.2775050303758318,-0.24,True
prospective_75120101_target_anchor_51214531,75120101,51214531,NC.PSM.EHN,NC.PSM..EHN,NC.PSM..EHN,,,PSM,EHN,100.0,2.0-40.0Hz,2.0,40.0,70.64404420284475,352.73629224773254,0.6950127759966339,-0.06,True
prospective_75120101_target_anchor_51214531,75120101,51214531,NC.PSM.EHZ,NC.PSM..EHZ,NC.PSM..EHZ,,,PSM,EHZ,100.0,2.0-10.0Hz,2.0,10.0,73.3307564895935,376.12827159932255,0.6613292450583697,-0.05,True
prospective_75120101_target_anchor_51214531,75120101,51214531,NC.PSM.EHZ,NC.PSM..EHZ,NC.PSM..EHZ,,,PSM,EHZ,100.0,5.0-20.0Hz,5.0,20.0,152.22232250241552,323.9281508588862,0.47222211586775825,-0.05,True
prospective_75120101_target_anchor_51214531,75120101,51214531,NC.PSM.EHZ,NC.PSM..EHZ,NC.PSM..EHZ,,,PSM,EHZ,100.0,10.0-40.0Hz,10.0,40.0,127.43333793386542,79.53030582161814,0.34031684408237656,-0.05,True
prospective_75120101_target_anchor_51214531,75120101,51214531,NC.PSM.EHZ,NC.PSM..EHZ,NC.PSM..EHZ,,,PSM,EHZ,100.0,2.0-40.0Hz,2.0,40.0,75.88297534122597,283.0698142538141,0.6357423735602037,-0.05,True
prospective_75120101_target_anchor_71325295,75120101,71325295,BP.EADB.DP1,BP.EADB.40.DP1,BP.EADB..DP1,40,,EADB,DP1,250.0,2.0-10.0Hz,2.0,10.0,3.8755508190534855,87.84596471128526,0.6241485201767439,0.072,True
prospective_75120101_target_anchor_71325295,75120101,71325295,BP.EADB.DP1,BP.EADB.40.DP1,BP.EADB..DP1,40,,EADB,DP1,250.0,5.0-20.0Hz,5.0,20.0,14.805340570563986,81.12447627367874,0.399855109172234,-0.08,True
prospective_75120101_target_anchor_71325295,75120101,71325295,BP.EADB.DP1,BP.EADB.40.DP1,BP.EADB..DP1,40,,EADB,DP1,250.0,10.0-40.0Hz,10.0,40.0,22.463976399791033,34.251350881794494,0.2998963906755036,0.04,True
prospective_75120101_target_anchor_71325295,75120101,71325295,BP.EADB.DP1,BP.EADB.40.DP1,BP.EADB..DP1,40,,EADB,DP1,250.0,2.0-40.0Hz,2.0,40.0,4.421205244082887,73.82759384958995,0.47180516224270086,0.076,True
prospective_75120101_target_anchor_71325295,75120101,71325295,BP.EADB.DP2,BP.EADB.40.DP2,BP.EADB..DP2,40,,EADB,DP2,250.0,2.0-10.0Hz,2.0,10.0,3.520662686320501,147.06876109255774,0.7696007979632257,0.08,True
prospective_75120101_target_anchor_71325295,75120101,71325295,BP.EADB.DP2,BP.EADB.40.DP2,BP.EADB..DP2,40,,EADB,DP2,250.0,5.0-20.0Hz,5.0,20.0,7.084048407830913,98.76288442923212,0.47201348493148565,0.244,True
prospective_75120101_target_anchor_71325295,75120101,71325295,BP.EADB.DP2,BP.EADB.40.DP2,BP.EADB..DP2,40,,EADB,DP2,250.0,10.0-40.0Hz,10.0,40.0,14.232515841080428,36.486782736956904,0.46041623680282434,0.036,True
prospective_75120101_target_anchor_71325295,75120101,71325295,BP.EADB.DP2,BP.EADB.40.DP2,BP.EADB..DP2,40,,EADB,DP2,250.0,2.0-40.0Hz,2.0,40.0,3.9832777008248854,110.29151075153057,0.6881404375277301,0.084,True
prospective_75120101_target_anchor_71325295,75120101,71325295,BP.EADB.DP3,BP.EADB.40.DP3,BP.EADB..DP3,40,,EADB,DP3,250.0,2.0-10.0Hz,2.0,10.0,3.972870329850195,100.89409436979197,0.7904036578618455,0.076,True
prospective_75120101_target_anchor_71325295,75120101,71325295,BP.EADB.DP3,BP.EADB.40.DP3,BP.EADB..DP3,40,,EADB,DP3,250.0,5.0-20.0Hz,5.0,20.0,7.015309700567644,59.371449506542895,0.49302519917789,-0.088,True
prospective_75120101_target_anchor_71325295,75120101,71325295,BP.EADB.DP3,BP.EADB.40.DP3,BP.EADB..DP3,40,,EADB,DP3,250.0,10.0-40.0Hz,10.0,40.0,15.924774363618825,21.501028740813823,0.2695724155035109,0.24,True
prospective_75120101_target_anchor_71325295,75120101,71325295,BP.EADB.DP3,BP.EADB.40.DP3,BP.EADB..DP3,40,,EADB,DP3,250.0,2.0-40.0Hz,2.0,40.0,4.18841542754627,69.88243515294619,0.7201677426727436,0.076,True
prospective_75120101_target_anchor_71325295,75120101,71325295,BP.FROB.DP1,BP.FROB.40.DP1,BP.FROB..DP1,40,,FROB,DP1,250.0,2.0-10.0Hz,2.0,10.0,2.806748349927372,91.49948102736009,0.35401686435279467,0.088,False
prospective_75120101_target_anchor_71325295,75120101,71325295,BP.FROB.DP1,BP.FROB.40.DP1,BP.FROB..DP1,40,,FROB,DP1,250.0,5.0-20.0Hz,5.0,20.0,8.171328590374815,166.04384042523523,0.23392240061452446,-0.2,True
prospective_75120101_target_anchor_71325295,75120101,71325295,BP.FROB.DP1,BP.FROB.40.DP1,BP.FROB..DP1,40,,FROB,DP1,250.0,10.0-40.0Hz,10.0,40.0,15.722197249920237,187.16216026017244,0.17222785498850876,0.036,True
prospective_75120101_target_anchor_71325295,75120101,71325295,BP.FROB.DP1,BP.FROB.40.DP1,BP.FROB..DP1,40,,FROB,DP1,250.0,2.0-40.0Hz,2.0,40.0,4.233598353149071,137.1113623397362,0.16812913157746145,0.096,True
prospective_75120101_target_anchor_71325295,75120101,71325295,BP.FROB.DP2,BP.FROB.40.DP2,BP.FROB..DP2,40,,FROB,DP2,250.0,2.0-10.0Hz,2.0,10.0,2.4567398262709537,93.30964788728548,0.42273343446867534,0.06,False
prospective_75120101_target_anchor_71325295,75120101,71325295,BP.FROB.DP2,BP.FROB.40.DP2,BP.FROB..DP2,40,,FROB,DP2,250.0,5.0-20.0Hz,5.0,20.0,10.288151349703165,167.1983236464041,0.23767976903255755,0.22,True
prospective_75120101_target_anchor_71325295,75120101,71325295,BP.FROB.DP2,BP.FROB.40.DP2,BP.FROB..DP2,40,,FROB,DP2,250.0,10.0-40.0Hz,10.0,40.0,17.533353967084267,182.85438564138207,0.17616543063630663,0.288,True
prospective_75120101_target_anchor_71325295,75120101,71325295,BP.FROB.DP2,BP.FROB.40.DP2,BP.FROB..DP2,40,,FROB,DP2,250.0,2.0-40.0Hz,2.0,40.0,4.30959090310561,140.66438848111468,0.18375475519146667,0.04,True
prospective_75120101_target_anchor_71325295,75120101,71325295,BP.FROB.DP3,BP.FROB.40.DP3,BP.FROB..DP3,40,,FROB,DP3,250.0,2.0-10.0Hz,2.0,10.0,3.1538320217210716,135.50397346412765,0.3145681869725605,0.076,True
prospective_75120101_target_anchor_71325295,75120101,71325295,BP.FROB.DP3,BP.FROB.40.DP3,BP.FROB..DP3,40,,FROB,DP3,250.0,5.0-20.0Hz,5.0,20.0,8.107287466460306,167.24778509627473,0.18489897839141717,0.476,True
prospective_75120101_target_anchor_71325295,75120101,71325295,BP.FROB.DP3,BP.FROB.40.DP3,BP.FROB..DP3,40,,FROB,DP3,250.0,10.0-40.0Hz,10.0,40.0,10.922510198290833,143.68231756290203,0.14613986783323765,-0.08,True
prospective_75120101_target_anchor_71325295,75120101,71325295,BP.FROB.DP3,BP.FROB.40.DP3,BP.FROB..DP3,40,,FROB,DP3,250.0,2.0-40.0Hz,2.0,40.0,3.9205437108851413,140.97679046939325,0.202236401789681,0.084,True
prospective_75120101_target_anchor_71325295,75120101,71325295,BP.GHIB.DP1,BP.GHIB.40.DP1,BP.GHIB..DP1,40,,GHIB,DP1,250.0,2.0-10.0Hz,2.0,10.0,0.9400540562713834,6.755865099159113,0.5495691252517468,0.064,False
prospective_75120101_target_anchor_71325295,75120101,71325295,BP.GHIB.DP1,BP.GHIB.40.DP1,BP.GHIB..DP1,40,,GHIB,DP1,250.0,5.0-20.0Hz,5.0,20.0,1.6382101296683986,10.578696864301103,0.3612816504928104,0.052,False
prospective_75120101_target_anchor_71325295,75120101,71325295,BP.GHIB.DP1,BP.GHIB.40.DP1,BP.GHIB..DP1,40,,GHIB,DP1,250.0,10.0-40.0Hz,10.0,40.0,4.6105255872075395,10.403315224714929,0.3585456976696735,0.228,True
prospective_75120101_target_anchor_71325295,75120101,71325295,BP.GHIB.DP1,BP.GHIB.40.DP1,BP.GHIB..DP1,40,,GHIB,DP1,250.0,2.0-40.0Hz,2.0,40.0,1.012677211825901,7.607896516456593,0.473819349023256,0.056,False
prospective_75120101_target_anchor_71325295,75120101,71325295,BP.GHIB.DP3,BP.GHIB.40.DP3,BP.GHIB..DP3,40,,GHIB,DP3,250.0,2.0-10.0Hz,2.0,10.0,0.6241623322308958,7.978437607412731,0.4711644576771812,0.06,False
prospective_75120101_target_anchor_71325295,75120101,71325295,BP.GHIB.DP3,BP.GHIB.40.DP3,BP.GHIB..DP3,40,,GHIB,DP3,250.0,5.0-20.0Hz,5.0,20.0,1.4154328452049272,10.207106427301083,0.377691993803228,0.048,False
prospective_75120101_target_anchor_71325295,75120101,71325295,BP.GHIB.DP3,BP.GHIB.40.DP3,BP.GHIB..DP3,40,,GHIB,DP3,250.0,10.0-40.0Hz,10.0,40.0,2.193440559273835,8.357909346556536,0.24685331422781534,0.228,False
prospective_75120101_target_anchor_71325295,75120101,71325295,BP.GHIB.DP3,BP.GHIB.40.DP3,BP.GHIB..DP3,40,,GHIB,DP3,250.0,2.0-40.0Hz,2.0,40.0,0.658425917381251,8.313309855546727,0.4190385402432983,0.056,False
prospective_75120101_target_anchor_71325295,75120101,71325295,BP.JCSB.DP1,BP.JCSB.40.DP1,BP.JCSB..DP1,40,,JCSB,DP1,250.0,2.0-10.0Hz,2.0,10.0,31.90819529224337,399.29429828758606,0.8492385521305225,0.056,True
prospective_75120101_target_anchor_71325295,75120101,71325295,BP.JCSB.DP1,BP.JCSB.40.DP1,BP.JCSB..DP1,40,,JCSB,DP1,250.0,5.0-20.0Hz,5.0,20.0,36.8517655087632,353.2275084601719,0.4652028186047375,0.068,True
prospective_75120101_target_anchor_71325295,75120101,71325295,BP.JCSB.DP1,BP.JCSB.40.DP1,BP.JCSB..DP1,40,,JCSB,DP1,250.0,10.0-40.0Hz,10.0,40.0,73.46197046832495,240.22588451531385,0.3146196133007629,0.08,True
prospective_75120101_target_anchor_71325295,75120101,71325295,BP.JCSB.DP1,BP.JCSB.40.DP1,BP.JCSB..DP1,40,,JCSB,DP1,250.0,2.0-40.0Hz,2.0,40.0,34.27776775919258,335.92085581488556,0.6489353940890051,0.064,True
prospective_75120101_target_anchor_71325295,75120101,71325295,BP.JCSB.DP2,BP.JCSB.40.DP2,BP.JCSB..DP2,40,,JCSB,DP2,250.0,2.0-10.0Hz,2.0,10.0,2.3374096992488926,3.8892783507216553,0.4242140555576171,0.064,False
prospective_75120101_target_anchor_71325295,75120101,71325295,BP.JCSB.DP2,BP.JCSB.40.DP2,BP.JCSB..DP2,40,,JCSB,DP2,250.0,5.0-20.0Hz,5.0,20.0,3.941044624588744,7.234637266020574,0.4356515995361107,0.032,True
prospective_75120101_target_anchor_71325295,75120101,71325295,BP.JCSB.DP2,BP.JCSB.40.DP2,BP.JCSB..DP2,40,,JCSB,DP2,250.0,10.0-40.0Hz,10.0,40.0,4.132759451255687,9.452578342600251,0.4193956022361697,0.032,True
prospective_75120101_target_anchor_71325295,75120101,71325295,BP.JCSB.DP2,BP.JCSB.40.DP2,BP.JCSB..DP2,40,,JCSB,DP2,250.0,2.0-40.0Hz,2.0,40.0,3.450109229297441,7.770828594286557,0.370615487138656,0.032,True
prospective_75120101_target_anchor_71325295,75120101,71325295,BP.JCSB.DP3,BP.JCSB.40.DP3,BP.JCSB..DP3,40,,JCSB,DP3,250.0,2.0-10.0Hz,2.0,10.0,4.18344568844005,10.051095275763648,0.46918082364438557,0.076,True
prospective_75120101_target_anchor_71325295,75120101,71325295,BP.JCSB.DP3,BP.JCSB.40.DP3,BP.JCSB..DP3,40,,JCSB,DP3,250.0,5.0-20.0Hz,5.0,20.0,5.564751955071884,15.46511122368312,0.3350898098493647,0.092,True
prospective_75120101_target_anchor_71325295,75120101,71325295,BP.JCSB.DP3,BP.JCSB.40.DP3,BP.JCSB..DP3,40,,JCSB,DP3,250.0,10.0-40.0Hz,10.0,40.0,4.78888564521198,15.789308103469992,0.3305951305445332,0.032,True
prospective_75120101_target_anchor_71325295,75120101,71325295,BP.JCSB.DP3,BP.JCSB.40.DP3,BP.JCSB..DP3,40,,JCSB,DP3,250.0,2.0-40.0Hz,2.0,40.0,4.589086054035023,14.190967096525261,0.3188397710732589,0.088,True
prospective_75120101_target_anchor_71325295,75120101,71325295,BP.LCCB.DP1,BP.LCCB.40.DP1,BP.LCCB..DP1,40,,LCCB,DP1,250.0,2.0-10.0Hz,2.0,10.0,29.532775871980146,537.2039509573764,0.3204344945858793,-0.164,True
prospective_75120101_target_anchor_71325295,75120101,71325295,BP.LCCB.DP1,BP.LCCB.40.DP1,BP.LCCB..DP1,40,,LCCB,DP1,250.0,5.0-20.0Hz,5.0,20.0,117.54245303932179,868.9542497427905,0.3100155861333728,-0.164,True
prospective_75120101_target_anchor_71325295,75120101,71325295,BP.LCCB.DP1,BP.LCCB.40.DP1,BP.LCCB..DP1,40,,LCCB,DP1,250.0,10.0-40.0Hz,10.0,40.0,177.61630906970828,795.5449099077885,0.21925074816718443,-0.004,True
prospective_75120101_target_anchor_71325295,75120101,71325295,BP.LCCB.DP1,BP.LCCB.40.DP1,BP.LCCB..DP1,40,,LCCB,DP1,250.0,2.0-40.0Hz,2.0,40.0,36.614359222332396,617.4389858378024,0.26518797067824945,-0.164,True
prospective_75120101_target_anchor_71325295,75120101,71325295,BP.LCCB.DP2,BP.LCCB.40.DP2,BP.LCCB..DP2,40,,LCCB,DP2,250.0,2.0-10.0Hz,2.0,10.0,41.08030954389449,323.7402669301556,0.736197314462976,0.028,True
prospective_75120101_target_anchor_71325295,75120101,71325295,BP.LCCB.DP2,BP.LCCB.40.DP2,BP.LCCB..DP2,40,,LCCB,DP2,250.0,5.0-20.0Hz,5.0,20.0,66.38825514298328,341.6027698766219,0.31210370271535126,0.04,True
prospective_75120101_target_anchor_71325295,75120101,71325295,BP.LCCB.DP2,BP.LCCB.40.DP2,BP.LCCB..DP2,40,,LCCB,DP2,250.0,10.0-40.0Hz,10.0,40.0,50.49513305571572,222.41161165053344,0.34763589108309806,0.14,True
prospective_75120101_target_anchor_71325295,75120101,71325295,BP.LCCB.DP2,BP.LCCB.40.DP2,BP.LCCB..DP2,40,,LCCB,DP2,250.0,2.0-40.0Hz,2.0,40.0,46.356316868365816,261.26930779103395,0.30155996627968135,0.028,True
prospective_75120101_target_anchor_71325295,75120101,71325295,BP.LCCB.DP3,BP.LCCB.40.DP3,BP.LCCB..DP3,40,,LCCB,DP3,250.0,2.0-10.0Hz,2.0,10.0,23.871749607838066,609.9871443796446,0.4494708904693476,0.028,True
prospective_75120101_target_anchor_71325295,75120101,71325295,BP.LCCB.DP3,BP.LCCB.40.DP3,BP.LCCB..DP3,40,,LCCB,DP3,250.0,5.0-20.0Hz,5.0,20.0,108.6930789115019,853.1712166217225,0.25461985904778633,-0.496,True
prospective_75120101_target_anchor_71325295,75120101,71325295,BP.LCCB.DP3,BP.LCCB.40.DP3,BP.LCCB..DP3,40,,LCCB,DP3,250.0,10.0-40.0Hz,10.0,40.0,227.6138020694364,677.6028408113793,0.3391889950810863,-0.012,True
prospective_75120101_target_anchor_71325295,75120101,71325295,BP.LCCB.DP3,BP.LCCB.40.DP3,BP.LCCB..DP3,40,,LCCB,DP3,250.0,2.0-40.0Hz,2.0,40.0,28.301103580124458,652.1045209702198,0.29152873017266423,0.048,True
prospective_75120101_target_anchor_71325295,75120101,71325295,BP.MMNB.DP1,BP.MMNB.40.DP1,BP.MMNB..DP1,40,,MMNB,DP1,250.0,2.0-10.0Hz,2.0,10.0,22.945911179326135,1.1900557817948134,0.09498123013851656,0.32,False
prospective_75120101_target_anchor_71325295,75120101,71325295,BP.MMNB.DP1,BP.MMNB.40.DP1,BP.MMNB..DP1,40,,MMNB,DP1,250.0,5.0-20.0Hz,5.0,20.0,50.969226469581784,1.1175572991879594,0.10766417641071141,-0.476,False
prospective_75120101_target_anchor_71325295,75120101,71325295,BP.MMNB.DP1,BP.MMNB.40.DP1,BP.MMNB..DP1,40,,MMNB,DP1,250.0,10.0-40.0Hz,10.0,40.0,83.63586753243374,1.03219761170779,0.07116302569398196,0.048,False
prospective_75120101_target_anchor_71325295,75120101,71325295,BP.MMNB.DP1,BP.MMNB.40.DP1,BP.MMNB..DP1,40,,MMNB,DP1,250.0,2.0-40.0Hz,2.0,40.0,24.993989875710337,1.1000019297259143,0.05285879978048064,0.332,False
prospective_75120101_target_anchor_71325295,75120101,71325295,BP.MMNB.DP2,BP.MMNB.40.DP2,BP.MMNB..DP2,40,,MMNB,DP2,250.0,2.0-10.0Hz,2.0,10.0,11.199838776446995,0.7710841612594234,0.07457161442216884,0.472,False
prospective_75120101_target_anchor_71325295,75120101,71325295,BP.MMNB.DP2,BP.MMNB.40.DP2,BP.MMNB..DP2,40,,MMNB,DP2,250.0,5.0-20.0Hz,5.0,20.0,32.767161718129316,0.9215878350336122,0.0929981896542931,0.156,False
prospective_75120101_target_anchor_71325295,75120101,71325295,BP.MMNB.DP2,BP.MMNB.40.DP2,BP.MMNB..DP2,40,,MMNB,DP2,250.0,10.0-40.0Hz,10.0,40.0,87.7665278763943,1.0009103200922262,0.05392758637783658,-0.004,False
prospective_75120101_target_anchor_71325295,75120101,71325295,BP.MMNB.DP2,BP.MMNB.40.DP2,BP.MMNB..DP2,40,,MMNB,DP2,250.0,2.0-40.0Hz,2.0,40.0,12.79701437683736,0.8082037091272039,0.05367086476453051,0.476,False
prospective_75120101_target_anchor_71325295,75120101,71325295,BP.MMNB.DP3,BP.MMNB.40.DP3,BP.MMNB..DP3,40,,MMNB,DP3,250.0,2.0-10.0Hz,2.0,10.0,11.20531014268253,0.6593401479807772,0.12122679107944985,0.112,False
prospective_75120101_target_anchor_71325295,75120101,71325295,BP.MMNB.DP3,BP.MMNB.40.DP3,BP.MMNB..DP3,40,,MMNB,DP3,250.0,5.0-20.0Hz,5.0,20.0,43.303930635498965,0.8898043137841036,0.08111406666890979,-0.34,False
prospective_75120101_target_anchor_71325295,75120101,71325295,BP.MMNB.DP3,BP.MMNB.40.DP3,BP.MMNB..DP3,40,,MMNB,DP3,250.0,10.0-40.0Hz,10.0,40.0,135.36485612205823,1.041314192715503,0.08758174982861482,-0.176,False
prospective_75120101_target_anchor_71325295,75120101,71325295,BP.MMNB.DP3,BP.MMNB.40.DP3,BP.MMNB..DP3,40,,MMNB,DP3,250.0,2.0-40.0Hz,2.0,40.0,13.873296007686198,0.8531828888112479,0.06698778619577356,0.108,False
prospective_75120101_target_anchor_71325295,75120101,71325295,BP.SCYB.DP1,BP.SCYB.40.DP1,BP.SCYB..DP1,40,,SCYB,DP1,250.0,2.0-10.0Hz,2.0,10.0,37.34077156871005,666.9106970418773,0.4865657201610459,-0.012,True
prospective_75120101_target_anchor_71325295,75120101,71325295,BP.SCYB.DP1,BP.SCYB.40.DP1,BP.SCYB..DP1,40,,SCYB,DP1,250.0,5.0-20.0Hz,5.0,20.0,144.99959908158982,761.0777521662202,0.3683747623336261,-0.016,True
prospective_75120101_target_anchor_71325295,75120101,71325295,BP.SCYB.DP1,BP.SCYB.40.DP1,BP.SCYB..DP1,40,,SCYB,DP1,250.0,10.0-40.0Hz,10.0,40.0,273.82475731244875,458.59070278783304,0.2568559363837533,-0.016,True
prospective_75120101_target_anchor_71325295,75120101,71325295,BP.SCYB.DP1,BP.SCYB.40.DP1,BP.SCYB..DP1,40,,SCYB,DP1,250.0,2.0-40.0Hz,2.0,40.0,42.30593446888377,589.9714142302165,0.4032583211880601,-0.016,True
prospective_75120101_target_anchor_71325295,75120101,71325295,BP.SCYB.DP2,BP.SCYB.40.DP2,BP.SCYB..DP2,40,,SCYB,DP2,250.0,2.0-10.0Hz,2.0,10.0,50.42459878739831,682.1958923661084,0.6788853231155251,0.0,True
prospective_75120101_target_anchor_71325295,75120101,71325295,BP.SCYB.DP2,BP.SCYB.40.DP2,BP.SCYB..DP2,40,,SCYB,DP2,250.0,5.0-20.0Hz,5.0,20.0,148.09378361125954,690.3561888224922,0.3705973804395998,0.132,True
prospective_75120101_target_anchor_71325295,75120101,71325295,BP.SCYB.DP2,BP.SCYB.40.DP2,BP.SCYB..DP2,40,,SCYB,DP2,250.0,10.0-40.0Hz,10.0,40.0,217.47847750534632,356.4670471709524,0.3682174057434182,0.132,True
prospective_75120101_target_anchor_71325295,75120101,71325295,BP.SCYB.DP2,BP.SCYB.40.DP2,BP.SCYB..DP2,40,,SCYB,DP2,250.0,2.0-40.0Hz,2.0,40.0,53.1538409376568,524.3527407087028,0.5404163827636065,0.0,True
prospective_75120101_target_anchor_71325295,75120101,71325295,BP.SCYB.DP3,BP.SCYB.40.DP3,BP.SCYB..DP3,40,,SCYB,DP3,250.0,2.0-10.0Hz,2.0,10.0,24.266436016767738,370.7526905079964,0.44730791496864325,-0.02,True
prospective_75120101_target_anchor_71325295,75120101,71325295,BP.SCYB.DP3,BP.SCYB.40.DP3,BP.SCYB..DP3,40,,SCYB,DP3,250.0,5.0-20.0Hz,5.0,20.0,88.69514904271306,501.4014262245506,0.4308148015085319,-0.028,True
prospective_75120101_target_anchor_71325295,75120101,71325295,BP.SCYB.DP3,BP.SCYB.40.DP3,BP.SCYB..DP3,40,,SCYB,DP3,250.0,10.0-40.0Hz,10.0,40.0,238.49667681434096,326.6778930079351,0.5149659425023023,-0.116,True
prospective_75120101_target_anchor_71325295,75120101,71325295,BP.SCYB.DP3,BP.SCYB.40.DP3,BP.SCYB..DP3,40,,SCYB,DP3,250.0,2.0-40.0Hz,2.0,40.0,26.809320550007495,340.8126293784778,0.4030465870274056,-0.028,True
prospective_75120101_target_anchor_71325295,75120101,71325295,BP.SMNB.DP1,BP.SMNB.40.DP1,BP.SMNB..DP1,40,,SMNB,DP1,250.0,2.0-10.0Hz,2.0,10.0,18.172705429298187,591.0472670100794,0.7825903347096369,-0.016,True
prospective_75120101_target_anchor_71325295,75120101,71325295,BP.SMNB.DP1,BP.SMNB.40.DP1,BP.SMNB..DP1,40,,SMNB,DP1,250.0,5.0-20.0Hz,5.0,20.0,83.53956709943098,971.4048280608733,0.5418101264302395,-0.016,True
prospective_75120101_target_anchor_71325295,75120101,71325295,BP.SMNB.DP1,BP.SMNB.40.DP1,BP.SMNB..DP1,40,,SMNB,DP1,250.0,10.0-40.0Hz,10.0,40.0,227.80216841360118,1145.781674770525,0.271504521526257,-0.016,True
prospective_75120101_target_anchor_71325295,75120101,71325295,BP.SMNB.DP1,BP.SMNB.40.DP1,BP.SMNB..DP1,40,,SMNB,DP1,250.0,2.0-40.0Hz,2.0,40.0,24.83942660060037,827.9659106417006,0.4899036016772134,-0.016,True
prospective_75120101_target_anchor_71325295,75120101,71325295,BP.SMNB.DP2,BP.SMNB.40.DP2,BP.SMNB..DP2,40,,SMNB,DP2,250.0,2.0-10.0Hz,2.0,10.0,10.986266587137962,481.4684306995668,0.5453752460703419,-0.02,True
prospective_75120101_target_anchor_71325295,75120101,71325295,BP.SMNB.DP2,BP.SMNB.40.DP2,BP.SMNB..DP2,40,,SMNB,DP2,250.0,5.0-20.0Hz,5.0,20.0,68.5253236808856,1083.1769800696034,0.46163752619171744,-0.024,True
prospective_75120101_target_anchor_71325295,75120101,71325295,BP.SMNB.DP2,BP.SMNB.40.DP2,BP.SMNB..DP2,40,,SMNB,DP2,250.0,10.0-40.0Hz,10.0,40.0,210.67671146967135,1332.9721567957424,0.3503722258135576,-0.02,True
prospective_75120101_target_anchor_71325295,75120101,71325295,BP.SMNB.DP2,BP.SMNB.40.DP2,BP.SMNB..DP2,40,,SMNB,DP2,250.0,2.0-40.0Hz,2.0,40.0,20.429481619216382,840.0210950137747,0.42170366292205025,-0.02,True
prospective_75120101_target_anchor_71325295,75120101,71325295,BP.SMNB.DP3,BP.SMNB.40.DP3,BP.SMNB..DP3,40,,SMNB,DP3,250.0,2.0-10.0Hz,2.0,10.0,17.544548678948377,462.167197862632,0.6865293755455715,-0.008,True
prospective_75120101_target_anchor_71325295,75120101,71325295,BP.SMNB.DP3,BP.SMNB.40.DP3,BP.SMNB..DP3,40,,SMNB,DP3,250.0,5.0-20.0Hz,5.0,20.0,71.6172844815056,948.4858652633109,0.3695321468481704,-0.016,True
prospective_75120101_target_anchor_71325295,75120101,71325295,BP.SMNB.DP3,BP.SMNB.40.DP3,BP.SMNB..DP3,40,,SMNB,DP3,250.0,10.0-40.0Hz,10.0,40.0,295.14244179906075,1248.1528115035235,0.24881364794014924,-0.02,True
prospective_75120101_target_anchor_71325295,75120101,71325295,BP.SMNB.DP3,BP.SMNB.40.DP3,BP.SMNB..DP3,40,,SMNB,DP3,250.0,2.0-40.0Hz,2.0,40.0,30.29432229267694,876.4096111143489,0.32854263966001257,-0.02,True
prospective_75120101_target_anchor_71325295,75120101,71325295,NC.PSM.EHE,NC.PSM..EHE,NC.PSM..EHE,,,PSM,EHE,100.0,2.0-10.0Hz,2.0,10.0,0.88013530621968,397.6430352101781,0.19808921626278636,0.28,False
prospective_75120101_target_anchor_71325295,75120101,71325295,NC.PSM.EHE,NC.PSM..EHE,NC.PSM..EHE,,,PSM,EHE,100.0,5.0-20.0Hz,5.0,20.0,0.9874763147503473,327.95006926181384,0.13313374171817796,0.14,False
prospective_75120101_target_anchor_71325295,75120101,71325295,NC.PSM.EHE,NC.PSM..EHE,NC.PSM..EHE,,,PSM,EHE,100.0,10.0-40.0Hz,10.0,40.0,0.9517293182019905,55.53889077783409,0.10783117945837316,-0.3,False
prospective_75120101_target_anchor_71325295,75120101,71325295,NC.PSM.EHE,NC.PSM..EHE,NC.PSM..EHE,,,PSM,EHE,100.0,2.0-40.0Hz,2.0,40.0,0.9324888277165483,262.82521059536055,0.10033298889999734,0.28,False
prospective_75120101_target_anchor_71325295,75120101,71325295,NC.PSM.EHN,NC.PSM..EHN,NC.PSM..EHN,,,PSM,EHN,100.0,2.0-10.0Hz,2.0,10.0,67.4592164332636,447.9409154918301,0.7466712183441486,-0.06,True
prospective_75120101_target_anchor_71325295,75120101,71325295,NC.PSM.EHN,NC.PSM..EHN,NC.PSM..EHN,,,PSM,EHN,100.0,5.0-20.0Hz,5.0,20.0,172.4071837561546,194.68348573797067,0.5305657888111733,-0.04,True
prospective_75120101_target_anchor_71325295,75120101,71325295,NC.PSM.EHN,NC.PSM..EHN,NC.PSM..EHN,,,PSM,EHN,100.0,10.0-40.0Hz,10.0,40.0,143.14690570532412,51.362136381335105,0.2918751000146693,0.13,True
prospective_75120101_target_anchor_71325295,75120101,71325295,NC.PSM.EHN,NC.PSM..EHN,NC.PSM..EHN,,,PSM,EHN,100.0,2.0-40.0Hz,2.0,40.0,70.64404420284475,264.38857497625435,0.7117207887192966,-0.06,True
prospective_75120101_target_anchor_71325295,75120101,71325295,NC.PSM.EHZ,NC.PSM..EHZ,NC.PSM..EHZ,,,PSM,EHZ,100.0,2.0-10.0Hz,2.0,10.0,73.3307564895935,383.5466359177981,0.6829125870582635,-0.04,True
prospective_75120101_target_anchor_71325295,75120101,71325295,NC.PSM.EHZ,NC.PSM..EHZ,NC.PSM..EHZ,,,PSM,EHZ,100.0,5.0-20.0Hz,5.0,20.0,152.22232250241552,270.9303823760277,0.49850089692169625,-0.04,True
prospective_75120101_target_anchor_71325295,75120101,71325295,NC.PSM.EHZ,NC.PSM..EHZ,NC.PSM..EHZ,,,PSM,EHZ,100.0,10.0-40.0Hz,10.0,40.0,127.43333793386542,65.68020722853491,0.36566363185377165,-0.05,True
prospective_75120101_target_anchor_71325295,75120101,71325295,NC.PSM.EHZ,NC.PSM..EHZ,NC.PSM..EHZ,,,PSM,EHZ,100.0,2.0-40.0Hz,2.0,40.0,75.88297534122597,255.94236699498913,0.6551832768100363,-0.04,True
prospective_75120101_target_anchor_71567810,75120101,71567810,BK.PKD.HHE,BK.PKD.00.HHE,BK.PKD.00.HHE,00,00,PKD,HHE,100.0,2.0-10.0Hz,2.0,10.0,6.639140301871524,183.23152793089915,0.5405472934760243,0.03,True
prospective_75120101_target_anchor_71567810,75120101,71567810,BK.PKD.HHE,BK.PKD.00.HHE,BK.PKD.00.HHE,00,00,PKD,HHE,100.0,5.0-20.0Hz,5.0,20.0,19.681540175515334,216.58183110703877,0.3417252648577022,0.02,True
prospective_75120101_target_anchor_71567810,75120101,71567810,BK.PKD.HHE,BK.PKD.00.HHE,BK.PKD.00.HHE,00,00,PKD,HHE,100.0,10.0-40.0Hz,10.0,40.0,65.56833931044224,175.61109860592774,0.17355426886159434,-0.08,True
prospective_75120101_target_anchor_71567810,75120101,71567810,BK.PKD.HHE,BK.PKD.00.HHE,BK.PKD.00.HHE,00,00,PKD,HHE,100.0,2.0-40.0Hz,2.0,40.0,7.548463850336237,184.4650390175051,0.44013806371556824,0.03,True
prospective_75120101_target_anchor_71567810,75120101,71567810,BK.PKD.HHN,BK.PKD.00.HHN,BK.PKD.00.HHN,00,00,PKD,HHN,100.0,2.0-10.0Hz,2.0,10.0,7.785805106614082,203.40469280101485,0.6102075723996596,0.03,True
prospective_75120101_target_anchor_71567810,75120101,71567810,BK.PKD.HHN,BK.PKD.00.HHN,BK.PKD.00.HHN,00,00,PKD,HHN,100.0,5.0-20.0Hz,5.0,20.0,20.933617905416604,279.2560984161311,0.35811769363416446,0.03,True
prospective_75120101_target_anchor_71567810,75120101,71567810,BK.PKD.HHN,BK.PKD.00.HHN,BK.PKD.00.HHN,00,00,PKD,HHN,100.0,10.0-40.0Hz,10.0,40.0,84.80755290869757,223.01693639366798,0.30666144174930643,-0.1,True
prospective_75120101_target_anchor_71567810,75120101,71567810,BK.PKD.HHN,BK.PKD.00.HHN,BK.PKD.00.HHN,00,00,PKD,HHN,100.0,2.0-40.0Hz,2.0,40.0,10.034292918584063,213.5792994742703,0.46772565948368117,0.03,True
prospective_75120101_target_anchor_71567810,75120101,71567810,BK.PKD.HHZ,BK.PKD.00.HHZ,BK.PKD.00.HHZ,00,00,PKD,HHZ,100.0,2.0-10.0Hz,2.0,10.0,8.093542428309762,189.950128600951,0.6780569309888081,0.03,True
prospective_75120101_target_anchor_71567810,75120101,71567810,BK.PKD.HHZ,BK.PKD.00.HHZ,BK.PKD.00.HHZ,00,00,PKD,HHZ,100.0,5.0-20.0Hz,5.0,20.0,39.87587981282201,281.70181178576394,0.4252066940939741,0.03,True
prospective_75120101_target_anchor_71567810,75120101,71567810,BK.PKD.HHZ,BK.PKD.00.HHZ,BK.PKD.00.HHZ,00,00,PKD,HHZ,100.0,10.0-40.0Hz,10.0,40.0,149.43050225972692,315.0128872653531,0.4309831960109704,0.04,True
prospective_75120101_target_anchor_71567810,75120101,71567810,BK.PKD.HHZ,BK.PKD.00.HHZ,BK.PKD.00.HHZ,00,00,PKD,HHZ,100.0,2.0-40.0Hz,2.0,40.0,12.47024526360924,235.23802477242032,0.5147009262377444,0.04,True
prospective_75120101_target_anchor_71567810,75120101,71567810,BP.EADB.DP1,BP.EADB.40.DP1,BP.EADB..DP1,40,,EADB,DP1,250.0,2.0-10.0Hz,2.0,10.0,3.8755508190534855,103.40502319248652,0.6226015583451077,0.08,True
prospective_75120101_target_anchor_71567810,75120101,71567810,BP.EADB.DP1,BP.EADB.40.DP1,BP.EADB..DP1,40,,EADB,DP1,250.0,5.0-20.0Hz,5.0,20.0,14.805340570563986,112.20382110299953,0.4050976533212379,-0.072,True
prospective_75120101_target_anchor_71567810,75120101,71567810,BP.EADB.DP1,BP.EADB.40.DP1,BP.EADB..DP1,40,,EADB,DP1,250.0,10.0-40.0Hz,10.0,40.0,22.463976399791033,45.23362873831021,0.2968325572609525,0.048,True
prospective_75120101_target_anchor_71567810,75120101,71567810,BP.EADB.DP1,BP.EADB.40.DP1,BP.EADB..DP1,40,,EADB,DP1,250.0,2.0-40.0Hz,2.0,40.0,4.421205244082887,92.49663726523961,0.474639679932369,0.084,True
prospective_75120101_target_anchor_71567810,75120101,71567810,BP.EADB.DP2,BP.EADB.40.DP2,BP.EADB..DP2,40,,EADB,DP2,250.0,2.0-10.0Hz,2.0,10.0,3.520662686320501,161.25480531534598,0.7705873916216726,0.088,True
prospective_75120101_target_anchor_71567810,75120101,71567810,BP.EADB.DP2,BP.EADB.40.DP2,BP.EADB..DP2,40,,EADB,DP2,250.0,5.0-20.0Hz,5.0,20.0,7.084048407830913,111.90496762765977,0.47273133235435605,0.252,True
prospective_75120101_target_anchor_71567810,75120101,71567810,BP.EADB.DP2,BP.EADB.40.DP2,BP.EADB..DP2,40,,EADB,DP2,250.0,10.0-40.0Hz,10.0,40.0,14.232515841080428,45.01090781349696,0.47066523546744204,0.044,True
prospective_75120101_target_anchor_71567810,75120101,71567810,BP.EADB.DP2,BP.EADB.40.DP2,BP.EADB..DP2,40,,EADB,DP2,250.0,2.0-40.0Hz,2.0,40.0,3.9832777008248854,129.14870242901515,0.6883633318034804,0.092,True
prospective_75120101_target_anchor_71567810,75120101,71567810,BP.EADB.DP3,BP.EADB.40.DP3,BP.EADB..DP3,40,,EADB,DP3,250.0,2.0-10.0Hz,2.0,10.0,3.972870329850195,116.75719548745721,0.7848038924467096,0.084,True
prospective_75120101_target_anchor_71567810,75120101,71567810,BP.EADB.DP3,BP.EADB.40.DP3,BP.EADB..DP3,40,,EADB,DP3,250.0,5.0-20.0Hz,5.0,20.0,7.015309700567644,82.03968917499697,0.49203369878765785,-0.08,True
prospective_75120101_target_anchor_71567810,75120101,71567810,BP.EADB.DP3,BP.EADB.40.DP3,BP.EADB..DP3,40,,EADB,DP3,250.0,10.0-40.0Hz,10.0,40.0,15.924774363618825,29.911632593711875,0.27228634320660855,0.248,True
prospective_75120101_target_anchor_71567810,75120101,71567810,BP.EADB.DP3,BP.EADB.40.DP3,BP.EADB..DP3,40,,EADB,DP3,250.0,2.0-40.0Hz,2.0,40.0,4.18841542754627,88.5332158591796,0.7231011015538158,0.084,True
prospective_75120101_target_anchor_71567810,75120101,71567810,BP.FROB.DP1,BP.FROB.40.DP1,BP.FROB.40.DP1,40,40,FROB,DP1,250.0,2.0-10.0Hz,2.0,10.0,2.806748349927372,44.4044587519769,0.34804759853581313,0.104,False
prospective_75120101_target_anchor_71567810,75120101,71567810,BP.FROB.DP1,BP.FROB.40.DP1,BP.FROB.40.DP1,40,40,FROB,DP1,250.0,5.0-20.0Hz,5.0,20.0,8.171328590374815,66.20394880337346,0.22319611827062658,-0.184,True
prospective_75120101_target_anchor_71567810,75120101,71567810,BP.FROB.DP1,BP.FROB.40.DP1,BP.FROB.40.DP1,40,40,FROB,DP1,250.0,10.0-40.0Hz,10.0,40.0,15.722197249920237,70.82524076108733,0.1685071579278644,0.48,True
prospective_75120101_target_anchor_71567810,75120101,71567810,BP.FROB.DP1,BP.FROB.40.DP1,BP.FROB.40.DP1,40,40,FROB,DP1,250.0,2.0-40.0Hz,2.0,40.0,4.233598353149071,56.74393835358727,0.15949022650318193,0.112,True
prospective_75120101_target_anchor_71567810,75120101,71567810,BP.FROB.DP2,BP.FROB.40.DP2,BP.FROB.40.DP2,40,40,FROB,DP2,250.0,2.0-10.0Hz,2.0,10.0,2.4567398262709537,111.41921260108379,0.2752954931682349,0.276,False
prospective_75120101_target_anchor_71567810,75120101,71567810,BP.FROB.DP2,BP.FROB.40.DP2,BP.FROB.40.DP2,40,40,FROB,DP2,250.0,5.0-20.0Hz,5.0,20.0,10.288151349703165,148.16197260185513,0.1630350252689379,0.144,True
prospective_75120101_target_anchor_71567810,75120101,71567810,BP.FROB.DP2,BP.FROB.40.DP2,BP.FROB.40.DP2,40,40,FROB,DP2,250.0,10.0-40.0Hz,10.0,40.0,17.533353967084267,163.2722519010905,0.1398453878032784,0.5,True
prospective_75120101_target_anchor_71567810,75120101,71567810,BP.FROB.DP2,BP.FROB.40.DP2,BP.FROB.40.DP2,40,40,FROB,DP2,250.0,2.0-40.0Hz,2.0,40.0,4.30959090310561,132.15472838233725,0.1502851465672369,0.276,True
prospective_75120101_target_anchor_71567810,75120101,71567810,BP.FROB.DP3,BP.FROB.40.DP3,BP.FROB.40.DP3,40,40,FROB,DP3,250.0,2.0-10.0Hz,2.0,10.0,3.1538320217210716,111.88403767745794,0.28834301304346927,0.088,True
prospective_75120101_target_anchor_71567810,75120101,71567810,BP.FROB.DP3,BP.FROB.40.DP3,BP.FROB.40.DP3,40,40,FROB,DP3,250.0,5.0-20.0Hz,5.0,20.0,8.107287466460306,148.46154436171693,0.204204982412146,-0.316,True
prospective_75120101_target_anchor_71567810,75120101,71567810,BP.FROB.DP3,BP.FROB.40.DP3,BP.FROB.40.DP3,40,40,FROB,DP3,250.0,10.0-40.0Hz,10.0,40.0,10.922510198290833,163.8740499131067,0.12287311317285937,-0.22,True
prospective_75120101_target_anchor_71567810,75120101,71567810,BP.FROB.DP3,BP.FROB.40.DP3,BP.FROB.40.DP3,40,40,FROB,DP3,250.0,2.0-40.0Hz,2.0,40.0,3.9205437108851413,132.70799699721857,0.17126586782270808,0.08,True
prospective_75120101_target_anchor_71567810,75120101,71567810,BP.GHIB.DP1,BP.GHIB.40.DP1,BP.GHIB..DP1,40,,GHIB,DP1,250.0,2.0-10.0Hz,2.0,10.0,0.9400540562713834,13.095918955247214,0.5508484206883443,0.068,False
prospective_75120101_target_anchor_71567810,75120101,71567810,BP.GHIB.DP1,BP.GHIB.40.DP1,BP.GHIB..DP1,40,,GHIB,DP1,250.0,5.0-20.0Hz,5.0,20.0,1.6382101296683986,18.65717505178021,0.3720945169072986,0.06,False
prospective_75120101_target_anchor_71567810,75120101,71567810,BP.GHIB.DP1,BP.GHIB.40.DP1,BP.GHIB..DP1,40,,GHIB,DP1,250.0,10.0-40.0Hz,10.0,40.0,4.6105255872075395,13.638998547570193,0.3617875717025888,0.056,True
prospective_75120101_target_anchor_71567810,75120101,71567810,BP.GHIB.DP1,BP.GHIB.40.DP1,BP.GHIB..DP1,40,,GHIB,DP1,250.0,2.0-40.0Hz,2.0,40.0,1.012677211825901,13.597781573589126,0.48104262697145417,0.06,False
prospective_75120101_target_anchor_71567810,75120101,71567810,BP.GHIB.DP3,BP.GHIB.40.DP3,BP.GHIB..DP3,40,,GHIB,DP3,250.0,2.0-10.0Hz,2.0,10.0,0.6241623322308958,14.41903900372476,0.47101770606925847,0.068,False
prospective_75120101_target_anchor_71567810,75120101,71567810,BP.GHIB.DP3,BP.GHIB.40.DP3,BP.GHIB..DP3,40,,GHIB,DP3,250.0,5.0-20.0Hz,5.0,20.0,1.4154328452049272,14.986626494588391,0.3952949862491169,0.056,False
prospective_75120101_target_anchor_71567810,75120101,71567810,BP.GHIB.DP3,BP.GHIB.40.DP3,BP.GHIB..DP3,40,,GHIB,DP3,250.0,10.0-40.0Hz,10.0,40.0,2.193440559273835,10.913078210637767,0.24528056717999971,0.052,False
prospective_75120101_target_anchor_71567810,75120101,71567810,BP.GHIB.DP3,BP.GHIB.40.DP3,BP.GHIB..DP3,40,,GHIB,DP3,250.0,2.0-40.0Hz,2.0,40.0,0.658425917381251,13.904322214726994,0.4186816102560604,0.06,False
prospective_75120101_target_anchor_71567810,75120101,71567810,BP.JCSB.DP1,BP.JCSB.40.DP1,BP.JCSB.40.DP1,40,40,JCSB,DP1,250.0,2.0-10.0Hz,2.0,10.0,31.90819529224337,416.00613492275653,0.8443221246331125,0.072,True
prospective_75120101_target_anchor_71567810,75120101,71567810,BP.JCSB.DP1,BP.JCSB.40.DP1,BP.JCSB.40.DP1,40,40,JCSB,DP1,250.0,5.0-20.0Hz,5.0,20.0,36.8517655087632,395.98708468626955,0.4187486486940229,0.08,True
prospective_75120101_target_anchor_71567810,75120101,71567810,BP.JCSB.DP1,BP.JCSB.40.DP1,BP.JCSB.40.DP1,40,40,JCSB,DP1,250.0,10.0-40.0Hz,10.0,40.0,73.46197046832495,289.8622077370236,0.31681774007568586,0.096,True
prospective_75120101_target_anchor_71567810,75120101,71567810,BP.JCSB.DP1,BP.JCSB.40.DP1,BP.JCSB.40.DP1,40,40,JCSB,DP1,250.0,2.0-40.0Hz,2.0,40.0,34.27776775919258,374.37921422800355,0.6278401828596005,0.076,True
prospective_75120101_target_anchor_71567810,75120101,71567810,BP.JCSB.DP2,BP.JCSB.40.DP2,BP.JCSB.40.DP2,40,40,JCSB,DP2,250.0,2.0-10.0Hz,2.0,10.0,2.3374096992488926,1.2638171561661922,0.31017638016313914,-0.08,False
prospective_75120101_target_anchor_71567810,75120101,71567810,BP.JCSB.DP2,BP.JCSB.40.DP2,BP.JCSB.40.DP2,40,40,JCSB,DP2,250.0,5.0-20.0Hz,5.0,20.0,3.941044624588744,1.4942262698407272,0.3376951317296958,0.048,False
prospective_75120101_target_anchor_71567810,75120101,71567810,BP.JCSB.DP2,BP.JCSB.40.DP2,BP.JCSB.40.DP2,40,40,JCSB,DP2,250.0,10.0-40.0Hz,10.0,40.0,4.132759451255687,2.023035764272736,0.35467845645131,0.048,False
prospective_75120101_target_anchor_71567810,75120101,71567810,BP.JCSB.DP2,BP.JCSB.40.DP2,BP.JCSB.40.DP2,40,40,JCSB,DP2,250.0,2.0-40.0Hz,2.0,40.0,3.450109229297441,1.6953309964226497,0.2845717413254633,0.048,False
prospective_75120101_target_anchor_71567810,75120101,71567810,BP.JCSB.DP3,BP.JCSB.40.DP3,BP.JCSB.40.DP3,40,40,JCSB,DP3,250.0,2.0-10.0Hz,2.0,10.0,4.18344568844005,1.3926045325519425,0.23372179239969146,0.092,False
prospective_75120101_target_anchor_71567810,75120101,71567810,BP.JCSB.DP3,BP.JCSB.40.DP3,BP.JCSB.40.DP3,40,40,JCSB,DP3,250.0,5.0-20.0Hz,5.0,20.0,5.564751955071884,1.662465676322875,0.26589982573068477,0.108,False
prospective_75120101_target_anchor_71567810,75120101,71567810,BP.JCSB.DP3,BP.JCSB.40.DP3,BP.JCSB.40.DP3,40,40,JCSB,DP3,250.0,10.0-40.0Hz,10.0,40.0,4.78888564521198,2.092696433819361,0.2994307742464586,0.048,False
prospective_75120101_target_anchor_71567810,75120101,71567810,BP.JCSB.DP3,BP.JCSB.40.DP3,BP.JCSB.40.DP3,40,40,JCSB,DP3,250.0,2.0-40.0Hz,2.0,40.0,4.589086054035023,1.8051908867463227,0.2515934794529251,0.104,False
prospective_75120101_target_anchor_71567810,75120101,71567810,BP.LCCB.DP1,BP.LCCB.40.DP1,BP.LCCB..DP1,40,,LCCB,DP1,250.0,2.0-10.0Hz,2.0,10.0,29.532775871980146,890.2743871429769,0.3387261178056148,-0.156,True
prospective_75120101_target_anchor_71567810,75120101,71567810,BP.LCCB.DP1,BP.LCCB.40.DP1,BP.LCCB..DP1,40,,LCCB,DP1,250.0,5.0-20.0Hz,5.0,20.0,117.54245303932179,1666.5147073142475,0.31378258148674093,-0.28,True
prospective_75120101_target_anchor_71567810,75120101,71567810,BP.LCCB.DP1,BP.LCCB.40.DP1,BP.LCCB..DP1,40,,LCCB,DP1,250.0,10.0-40.0Hz,10.0,40.0,177.61630906970828,1076.0726955331595,0.21613301045287614,0.16,True
prospective_75120101_target_anchor_71567810,75120101,71567810,BP.LCCB.DP1,BP.LCCB.40.DP1,BP.LCCB..DP1,40,,LCCB,DP1,250.0,2.0-40.0Hz,2.0,40.0,36.614359222332396,978.1363203773686,0.2733075553897683,-0.156,True
prospective_75120101_target_anchor_71567810,75120101,71567810,BP.LCCB.DP2,BP.LCCB.40.DP2,BP.LCCB..DP2,40,,LCCB,DP2,250.0,2.0-10.0Hz,2.0,10.0,41.08030954389449,395.44351475086626,0.740658224561028,0.036,True
prospective_75120101_target_anchor_71567810,75120101,71567810,BP.LCCB.DP2,BP.LCCB.40.DP2,BP.LCCB..DP2,40,,LCCB,DP2,250.0,5.0-20.0Hz,5.0,20.0,66.38825514298328,422.4333463753459,0.3157871337372435,0.048,True
prospective_75120101_target_anchor_71567810,75120101,71567810,BP.LCCB.DP2,BP.LCCB.40.DP2,BP.LCCB..DP2,40,,LCCB,DP2,250.0,10.0-40.0Hz,10.0,40.0,50.49513305571572,276.66969160396866,0.3341446197831711,0.152,True
prospective_75120101_target_anchor_71567810,75120101,71567810,BP.LCCB.DP2,BP.LCCB.40.DP2,BP.LCCB..DP2,40,,LCCB,DP2,250.0,2.0-40.0Hz,2.0,40.0,46.356316868365816,304.8351185955109,0.3072590947656694,0.036,True
prospective_75120101_target_anchor_71567810,75120101,71567810,BP.LCCB.DP3,BP.LCCB.40.DP3,BP.LCCB..DP3,40,,LCCB,DP3,250.0,2.0-10.0Hz,2.0,10.0,23.871749607838066,901.0491391067158,0.4479570000667718,0.036,True
prospective_75120101_target_anchor_71567810,75120101,71567810,BP.LCCB.DP3,BP.LCCB.40.DP3,BP.LCCB..DP3,40,,LCCB,DP3,250.0,5.0-20.0Hz,5.0,20.0,108.6930789115019,1167.8812129353505,0.24323070386601944,-0.488,True
prospective_75120101_target_anchor_71567810,75120101,71567810,BP.LCCB.DP3,BP.LCCB.40.DP3,BP.LCCB..DP3,40,,LCCB,DP3,250.0,10.0-40.0Hz,10.0,40.0,227.6138020694364,864.2881316830668,0.3381007060344986,-0.004,True
prospective_75120101_target_anchor_71567810,75120101,71567810,BP.LCCB.DP3,BP.LCCB.40.DP3,BP.LCCB..DP3,40,,LCCB,DP3,250.0,2.0-40.0Hz,2.0,40.0,28.301103580124458,897.5263071583724,0.29882822169027773,0.056,True
prospective_75120101_target_anchor_71567810,75120101,71567810,BP.MMNB.DP1,BP.MMNB.40.DP1,BP.MMNB.40.DP1,40,40,MMNB,DP1,250.0,2.0-10.0Hz,2.0,10.0,22.945911179326135,517.5923666508165,0.5687095829821817,0.024,True
prospective_75120101_target_anchor_71567810,75120101,71567810,BP.MMNB.DP1,BP.MMNB.40.DP1,BP.MMNB.40.DP1,40,40,MMNB,DP1,250.0,5.0-20.0Hz,5.0,20.0,50.969226469581784,704.1034560734225,0.46157476033910927,0.012,True
prospective_75120101_target_anchor_71567810,75120101,71567810,BP.MMNB.DP1,BP.MMNB.40.DP1,BP.MMNB.40.DP1,40,40,MMNB,DP1,250.0,10.0-40.0Hz,10.0,40.0,83.63586753243374,325.95728195586054,0.48479037713036316,0.1,True
prospective_75120101_target_anchor_71567810,75120101,71567810,BP.MMNB.DP1,BP.MMNB.40.DP1,BP.MMNB.40.DP1,40,40,MMNB,DP1,250.0,2.0-40.0Hz,2.0,40.0,24.993989875710337,467.2200825503769,0.503630926457681,0.016,True
prospective_75120101_target_anchor_71567810,75120101,71567810,BP.MMNB.DP2,BP.MMNB.40.DP2,BP.MMNB.40.DP2,40,40,MMNB,DP2,250.0,2.0-10.0Hz,2.0,10.0,11.199838776446995,499.94637223535483,0.33911233179945893,0.088,True
prospective_75120101_target_anchor_71567810,75120101,71567810,BP.MMNB.DP2,BP.MMNB.40.DP2,BP.MMNB.40.DP2,40,40,MMNB,DP2,250.0,5.0-20.0Hz,5.0,20.0,32.767161718129316,678.1862718906626,0.35385695605223855,0.448,True
prospective_75120101_target_anchor_71567810,75120101,71567810,BP.MMNB.DP2,BP.MMNB.40.DP2,BP.MMNB.40.DP2,40,40,MMNB,DP2,250.0,10.0-40.0Hz,10.0,40.0,87.7665278763943,296.1719108145358,0.3509020043768446,-0.112,True
prospective_75120101_target_anchor_71567810,75120101,71567810,BP.MMNB.DP2,BP.MMNB.40.DP2,BP.MMNB.40.DP2,40,40,MMNB,DP2,250.0,2.0-40.0Hz,2.0,40.0,12.79701437683736,437.6799654082157,0.30145540797056525,0.444,True
prospective_75120101_target_anchor_71567810,75120101,71567810,BP.MMNB.DP3,BP.MMNB.40.DP3,BP.MMNB.40.DP3,40,40,MMNB,DP3,250.0,2.0-10.0Hz,2.0,10.0,11.20531014268253,579.3087498875539,0.3471369341725634,0.048,True
prospective_75120101_target_anchor_71567810,75120101,71567810,BP.MMNB.DP3,BP.MMNB.40.DP3,BP.MMNB.40.DP3,40,40,MMNB,DP3,250.0,5.0-20.0Hz,5.0,20.0,43.303930635498965,737.6866007085637,0.542041339783167,0.176,True
prospective_75120101_target_anchor_71567810,75120101,71567810,BP.MMNB.DP3,BP.MMNB.40.DP3,BP.MMNB.40.DP3,40,40,MMNB,DP3,250.0,10.0-40.0Hz,10.0,40.0,135.36485612205823,382.79077076872795,0.551496881374727,0.084,True
prospective_75120101_target_anchor_71567810,75120101,71567810,BP.MMNB.DP3,BP.MMNB.40.DP3,BP.MMNB.40.DP3,40,40,MMNB,DP3,250.0,2.0-40.0Hz,2.0,40.0,13.873296007686198,521.0851752934398,0.38362082493838134,0.176,True
prospective_75120101_target_anchor_71567810,75120101,71567810,BP.SCYB.DP1,BP.SCYB.40.DP1,BP.SCYB..DP1,40,,SCYB,DP1,250.0,2.0-10.0Hz,2.0,10.0,37.34077156871005,880.7835451147147,0.48797304499079497,-0.004,True
prospective_75120101_target_anchor_71567810,75120101,71567810,BP.SCYB.DP1,BP.SCYB.40.DP1,BP.SCYB..DP1,40,,SCYB,DP1,250.0,5.0-20.0Hz,5.0,20.0,144.99959908158982,1103.7736792366684,0.37089042538262285,-0.008,True
prospective_75120101_target_anchor_71567810,75120101,71567810,BP.SCYB.DP1,BP.SCYB.40.DP1,BP.SCYB..DP1,40,,SCYB,DP1,250.0,10.0-40.0Hz,10.0,40.0,273.82475731244875,684.5288848609263,0.2560520875563013,-0.008,True
prospective_75120101_target_anchor_71567810,75120101,71567810,BP.SCYB.DP1,BP.SCYB.40.DP1,BP.SCYB..DP1,40,,SCYB,DP1,250.0,2.0-40.0Hz,2.0,40.0,42.30593446888377,803.6924045744108,0.40683594777445053,-0.008,True
prospective_75120101_target_anchor_71567810,75120101,71567810,BP.SCYB.DP2,BP.SCYB.40.DP2,BP.SCYB..DP2,40,,SCYB,DP2,250.0,2.0-10.0Hz,2.0,10.0,50.42459878739831,1185.6383764192358,0.6833830233215928,0.008,True
prospective_75120101_target_anchor_71567810,75120101,71567810,BP.SCYB.DP2,BP.SCYB.40.DP2,BP.SCYB..DP2,40,,SCYB,DP2,250.0,5.0-20.0Hz,5.0,20.0,148.09378361125954,1223.6493160833113,0.3608382045526132,0.14,True
prospective_75120101_target_anchor_71567810,75120101,71567810,BP.SCYB.DP2,BP.SCYB.40.DP2,BP.SCYB..DP2,40,,SCYB,DP2,250.0,10.0-40.0Hz,10.0,40.0,217.47847750534632,533.8757249711488,0.3685455158622035,0.32,True
prospective_75120101_target_anchor_71567810,75120101,71567810,BP.SCYB.DP2,BP.SCYB.40.DP2,BP.SCYB..DP2,40,,SCYB,DP2,250.0,2.0-40.0Hz,2.0,40.0,53.1538409376568,932.8068547863899,0.548384385076766,0.008,True
prospective_75120101_target_anchor_71567810,75120101,71567810,BP.SCYB.DP3,BP.SCYB.40.DP3,BP.SCYB..DP3,40,,SCYB,DP3,250.0,2.0-10.0Hz,2.0,10.0,24.266436016767738,632.6209373102877,0.44243834628550993,-0.012,True
prospective_75120101_target_anchor_71567810,75120101,71567810,BP.SCYB.DP3,BP.SCYB.40.DP3,BP.SCYB..DP3,40,,SCYB,DP3,250.0,5.0-20.0Hz,5.0,20.0,88.69514904271306,741.6215300688774,0.4281554991330089,-0.02,True
prospective_75120101_target_anchor_71567810,75120101,71567810,BP.SCYB.DP3,BP.SCYB.40.DP3,BP.SCYB..DP3,40,,SCYB,DP3,250.0,10.0-40.0Hz,10.0,40.0,238.49667681434096,447.87968669205935,0.5252345678220861,-0.108,True
prospective_75120101_target_anchor_71567810,75120101,71567810,BP.SCYB.DP3,BP.SCYB.40.DP3,BP.SCYB..DP3,40,,SCYB,DP3,250.0,2.0-40.0Hz,2.0,40.0,26.809320550007495,504.6692246677407,0.4025353066433598,-0.02,True
prospective_75120101_target_anchor_71567810,75120101,71567810,BP.SMNB.DP1,BP.SMNB.40.DP1,BP.SMNB.40.DP1,40,40,SMNB,DP1,250.0,2.0-10.0Hz,2.0,10.0,18.172705429298187,716.6425739890268,0.80535346494713,0.0,True
prospective_75120101_target_anchor_71567810,75120101,71567810,BP.SMNB.DP1,BP.SMNB.40.DP1,BP.SMNB.40.DP1,40,40,SMNB,DP1,250.0,5.0-20.0Hz,5.0,20.0,83.53956709943098,1202.3993798127144,0.5625591006726595,0.0,True
prospective_75120101_target_anchor_71567810,75120101,71567810,BP.SMNB.DP1,BP.SMNB.40.DP1,BP.SMNB.40.DP1,40,40,SMNB,DP1,250.0,10.0-40.0Hz,10.0,40.0,227.80216841360118,1491.4532351999123,0.28846315777017695,0.0,True
prospective_75120101_target_anchor_71567810,75120101,71567810,BP.SMNB.DP1,BP.SMNB.40.DP1,BP.SMNB.40.DP1,40,40,SMNB,DP1,250.0,2.0-40.0Hz,2.0,40.0,24.83942660060037,1015.0800027229297,0.49926037610144186,0.0,True
prospective_75120101_target_anchor_71567810,75120101,71567810,BP.SMNB.DP2,BP.SMNB.40.DP2,BP.SMNB.40.DP2,40,40,SMNB,DP2,250.0,2.0-10.0Hz,2.0,10.0,10.986266587137962,774.8368681610898,0.5256352346139159,-0.004,True
prospective_75120101_target_anchor_71567810,75120101,71567810,BP.SMNB.DP2,BP.SMNB.40.DP2,BP.SMNB.40.DP2,40,40,SMNB,DP2,250.0,5.0-20.0Hz,5.0,20.0,68.5253236808856,1402.9400401938774,0.44411875186720917,-0.008,True
prospective_75120101_target_anchor_71567810,75120101,71567810,BP.SMNB.DP2,BP.SMNB.40.DP2,BP.SMNB.40.DP2,40,40,SMNB,DP2,250.0,10.0-40.0Hz,10.0,40.0,210.67671146967135,1577.8530461479486,0.34767445697702887,-0.004,True
prospective_75120101_target_anchor_71567810,75120101,71567810,BP.SMNB.DP2,BP.SMNB.40.DP2,BP.SMNB.40.DP2,40,40,SMNB,DP2,250.0,2.0-40.0Hz,2.0,40.0,20.429481619216382,1203.611443820404,0.41336874818907493,-0.004,True
prospective_75120101_target_anchor_71567810,75120101,71567810,BP.SMNB.DP3,BP.SMNB.40.DP3,BP.SMNB.40.DP3,40,40,SMNB,DP3,250.0,2.0-10.0Hz,2.0,10.0,17.544548678948377,683.131060875061,0.6795655923678144,0.008,True
prospective_75120101_target_anchor_71567810,75120101,71567810,BP.SMNB.DP3,BP.SMNB.40.DP3,BP.SMNB.40.DP3,40,40,SMNB,DP3,250.0,5.0-20.0Hz,5.0,20.0,71.6172844815056,1161.3196554886742,0.3748055060499628,0.0,True
prospective_75120101_target_anchor_71567810,75120101,71567810,BP.SMNB.DP3,BP.SMNB.40.DP3,BP.SMNB.40.DP3,40,40,SMNB,DP3,250.0,10.0-40.0Hz,10.0,40.0,295.14244179906075,1499.2779705569803,0.23419958994353549,-0.004,True
prospective_75120101_target_anchor_71567810,75120101,71567810,BP.SMNB.DP3,BP.SMNB.40.DP3,BP.SMNB.40.DP3,40,40,SMNB,DP3,250.0,2.0-40.0Hz,2.0,40.0,30.29432229267694,1149.5859515061043,0.3189755256009045,-0.004,True
prospective_75120101_target_anchor_71567810,75120101,71567810,NC.PSM.EHE,NC.PSM..EHE,NC.PSM..EHE,,,PSM,EHE,100.0,2.0-10.0Hz,2.0,10.0,0.88013530621968,659.6921253895091,0.1791628785464152,-0.11,False
prospective_75120101_target_anchor_71567810,75120101,71567810,NC.PSM.EHE,NC.PSM..EHE,NC.PSM..EHE,,,PSM,EHE,100.0,5.0-20.0Hz,5.0,20.0,0.9874763147503473,565.4561586141633,0.1614212381807591,-0.11,False
prospective_75120101_target_anchor_71567810,75120101,71567810,NC.PSM.EHE,NC.PSM..EHE,NC.PSM..EHE,,,PSM,EHE,100.0,10.0-40.0Hz,10.0,40.0,0.9517293182019905,106.13879260906954,0.08785831022614346,-0.36,False
prospective_75120101_target_anchor_71567810,75120101,71567810,NC.PSM.EHE,NC.PSM..EHE,NC.PSM..EHE,,,PSM,EHE,100.0,2.0-40.0Hz,2.0,40.0,0.9324888277165483,499.2988847155111,0.10018880203454916,-0.11,False
prospective_75120101_target_anchor_71567810,75120101,71567810,NC.PSM.EHN,NC.PSM..EHN,NC.PSM..EHN,,,PSM,EHN,100.0,2.0-10.0Hz,2.0,10.0,67.4592164332636,786.6000799787593,0.7746125789512313,-0.04,True
prospective_75120101_target_anchor_71567810,75120101,71567810,NC.PSM.EHN,NC.PSM..EHN,NC.PSM..EHN,,,PSM,EHN,100.0,5.0-20.0Hz,5.0,20.0,172.4071837561546,319.33819102020243,0.5536144083881704,-0.03,True
prospective_75120101_target_anchor_71567810,75120101,71567810,NC.PSM.EHN,NC.PSM..EHN,NC.PSM..EHN,,,PSM,EHN,100.0,10.0-40.0Hz,10.0,40.0,143.14690570532412,89.98035262765198,0.2833555018771724,-0.22,True
prospective_75120101_target_anchor_71567810,75120101,71567810,NC.PSM.EHN,NC.PSM..EHN,NC.PSM..EHN,,,PSM,EHN,100.0,2.0-40.0Hz,2.0,40.0,70.64404420284475,512.0174499485839,0.7445834977760386,-0.04,True
prospective_75120101_target_anchor_71567810,75120101,71567810,NC.PSM.EHZ,NC.PSM..EHZ,NC.PSM..EHZ,,,PSM,EHZ,100.0,2.0-10.0Hz,2.0,10.0,73.3307564895935,609.9669156370992,0.6891429518901965,-0.03,True
prospective_75120101_target_anchor_71567810,75120101,71567810,NC.PSM.EHZ,NC.PSM..EHZ,NC.PSM..EHZ,,,PSM,EHZ,100.0,5.0-20.0Hz,5.0,20.0,152.22232250241552,429.41735582683725,0.5039259931757646,-0.03,True
prospective_75120101_target_anchor_71567810,75120101,71567810,NC.PSM.EHZ,NC.PSM..EHZ,NC.PSM..EHZ,,,PSM,EHZ,100.0,10.0-40.0Hz,10.0,40.0,127.43333793386542,111.7943952231144,0.4135090380754942,-0.04,True
prospective_75120101_target_anchor_71567810,75120101,71567810,NC.PSM.EHZ,NC.PSM..EHZ,NC.PSM..EHZ,,,PSM,EHZ,100.0,2.0-40.0Hz,2.0,40.0,75.88297534122597,437.9641189999582,0.6605195790661269,-0.03,True
prospective_75120101_target_anchor_71908906,75120101,71908906,BK.PKD.HHE,BK.PKD.00.HHE,BK.PKD.00.HHE,00,00,PKD,HHE,100.0,2.0-10.0Hz,2.0,10.0,6.639140301871524,63.27491120678386,0.48863504255697976,0.04,True
prospective_75120101_target_anchor_71908906,75120101,71908906,BK.PKD.HHE,BK.PKD.00.HHE,BK.PKD.00.HHE,00,00,PKD,HHE,100.0,5.0-20.0Hz,5.0,20.0,19.681540175515334,74.81068027279335,0.3039877624592001,-0.11,True
prospective_75120101_target_anchor_71908906,75120101,71908906,BK.PKD.HHE,BK.PKD.00.HHE,BK.PKD.00.HHE,00,00,PKD,HHE,100.0,10.0-40.0Hz,10.0,40.0,65.56833931044224,60.68983868116381,0.14496183187906797,0.42,True
prospective_75120101_target_anchor_71908906,75120101,71908906,BK.PKD.HHE,BK.PKD.00.HHE,BK.PKD.00.HHE,00,00,PKD,HHE,100.0,2.0-40.0Hz,2.0,40.0,7.548463850336237,63.393268555291144,0.38634849759170115,0.04,True
prospective_75120101_target_anchor_71908906,75120101,71908906,BK.PKD.HHN,BK.PKD.00.HHN,BK.PKD.00.HHN,00,00,PKD,HHN,100.0,2.0-10.0Hz,2.0,10.0,7.785805106614082,47.7745763554742,0.6096412780652642,0.04,True
prospective_75120101_target_anchor_71908906,75120101,71908906,BK.PKD.HHN,BK.PKD.00.HHN,BK.PKD.00.HHN,00,00,PKD,HHN,100.0,5.0-20.0Hz,5.0,20.0,20.933617905416604,62.44414088729069,0.36540046016046734,0.04,True
prospective_75120101_target_anchor_71908906,75120101,71908906,BK.PKD.HHN,BK.PKD.00.HHN,BK.PKD.00.HHN,00,00,PKD,HHN,100.0,10.0-40.0Hz,10.0,40.0,84.80755290869757,56.36203900952732,0.31104601294974377,0.04,True
prospective_75120101_target_anchor_71908906,75120101,71908906,BK.PKD.HHN,BK.PKD.00.HHN,BK.PKD.00.HHN,00,00,PKD,HHN,100.0,2.0-40.0Hz,2.0,40.0,10.034292918584063,51.95244543502027,0.4706872181244105,0.04,True
prospective_75120101_target_anchor_71908906,75120101,71908906,BK.PKD.HHZ,BK.PKD.00.HHZ,BK.PKD.00.HHZ,00,00,PKD,HHZ,100.0,2.0-10.0Hz,2.0,10.0,8.093542428309762,55.72118817687291,0.6667465327140332,0.04,True
prospective_75120101_target_anchor_71908906,75120101,71908906,BK.PKD.HHZ,BK.PKD.00.HHZ,BK.PKD.00.HHZ,00,00,PKD,HHZ,100.0,5.0-20.0Hz,5.0,20.0,39.87587981282201,85.59033042220672,0.4874787603152286,0.04,True
prospective_75120101_target_anchor_71908906,75120101,71908906,BK.PKD.HHZ,BK.PKD.00.HHZ,BK.PKD.00.HHZ,00,00,PKD,HHZ,100.0,10.0-40.0Hz,10.0,40.0,149.43050225972692,99.63447318333363,0.4283919951952121,0.04,True
prospective_75120101_target_anchor_71908906,75120101,71908906,BK.PKD.HHZ,BK.PKD.00.HHZ,BK.PKD.00.HHZ,00,00,PKD,HHZ,100.0,2.0-40.0Hz,2.0,40.0,12.47024526360924,72.03385223227681,0.5152883371663102,0.04,True
prospective_75120101_target_anchor_71908906,75120101,71908906,BP.EADB.DP1,BP.EADB.40.DP1,BP.EADB.40.DP1,40,40,EADB,DP1,250.0,2.0-10.0Hz,2.0,10.0,3.8755508190534855,50.60871525301178,0.6245054690518662,0.092,True
prospective_75120101_target_anchor_71908906,75120101,71908906,BP.EADB.DP1,BP.EADB.40.DP1,BP.EADB.40.DP1,40,40,EADB,DP1,250.0,5.0-20.0Hz,5.0,20.0,14.805340570563986,76.6745274161132,0.411342435400627,-0.06,True
prospective_75120101_target_anchor_71908906,75120101,71908906,BP.EADB.DP1,BP.EADB.40.DP1,BP.EADB.40.DP1,40,40,EADB,DP1,250.0,10.0-40.0Hz,10.0,40.0,22.463976399791033,42.508828602112985,0.29781498208091567,0.06,True
prospective_75120101_target_anchor_71908906,75120101,71908906,BP.EADB.DP1,BP.EADB.40.DP1,BP.EADB.40.DP1,40,40,EADB,DP1,250.0,2.0-40.0Hz,2.0,40.0,4.421205244082887,53.2018789543812,0.48220803234428117,0.096,True
prospective_75120101_target_anchor_71908906,75120101,71908906,BP.EADB.DP2,BP.EADB.40.DP2,BP.EADB.40.DP2,40,40,EADB,DP2,250.0,2.0-10.0Hz,2.0,10.0,3.520662686320501,70.70557931573286,0.7586866407103016,0.1,True
prospective_75120101_target_anchor_71908906,75120101,71908906,BP.EADB.DP2,BP.EADB.40.DP2,BP.EADB.40.DP2,40,40,EADB,DP2,250.0,5.0-20.0Hz,5.0,20.0,7.084048407830913,77.21963357077568,0.47430176651781253,0.268,True
prospective_75120101_target_anchor_71908906,75120101,71908906,BP.EADB.DP2,BP.EADB.40.DP2,BP.EADB.40.DP2,40,40,EADB,DP2,250.0,10.0-40.0Hz,10.0,40.0,14.232515841080428,36.09949020176985,0.46196522986693817,0.06,True
prospective_75120101_target_anchor_71908906,75120101,71908906,BP.EADB.DP2,BP.EADB.40.DP2,BP.EADB.40.DP2,40,40,EADB,DP2,250.0,2.0-40.0Hz,2.0,40.0,3.9832777008248854,68.99663640499749,0.6795540291666283,0.104,True
prospective_75120101_target_anchor_71908906,75120101,71908906,BP.EADB.DP3,BP.EADB.40.DP3,BP.EADB.40.DP3,40,40,EADB,DP3,250.0,2.0-10.0Hz,2.0,10.0,3.972870329850195,11.713333467164267,0.7809829840614986,0.1,True
prospective_75120101_target_anchor_71908906,75120101,71908906,BP.EADB.DP3,BP.EADB.40.DP3,BP.EADB.40.DP3,40,40,EADB,DP3,250.0,5.0-20.0Hz,5.0,20.0,7.015309700567644,4.954682793222804,0.4565999931465449,-0.064,True
prospective_75120101_target_anchor_71908906,75120101,71908906,BP.EADB.DP3,BP.EADB.40.DP3,BP.EADB.40.DP3,40,40,EADB,DP3,250.0,10.0-40.0Hz,10.0,40.0,15.924774363618825,1.8167809963346264,0.19765215102146705,0.264,False
prospective_75120101_target_anchor_71908906,75120101,71908906,BP.EADB.DP3,BP.EADB.40.DP3,BP.EADB.40.DP3,40,40,EADB,DP3,250.0,2.0-40.0Hz,2.0,40.0,4.18841542754627,5.282292958152193,0.712117558713142,0.1,True
prospective_75120101_target_anchor_71908906,75120101,71908906,BP.FROB.DP1,BP.FROB.40.DP1,BP.FROB.40.DP1,40,40,FROB,DP1,250.0,2.0-10.0Hz,2.0,10.0,2.806748349927372,16.803390270625755,0.3576522120569467,0.108,False
prospective_75120101_target_anchor_71908906,75120101,71908906,BP.FROB.DP1,BP.FROB.40.DP1,BP.FROB.40.DP1,40,40,FROB,DP1,250.0,5.0-20.0Hz,5.0,20.0,8.171328590374815,16.174685206562007,0.2388418823286837,-0.18,True
prospective_75120101_target_anchor_71908906,75120101,71908906,BP.FROB.DP1,BP.FROB.40.DP1,BP.FROB.40.DP1,40,40,FROB,DP1,250.0,10.0-40.0Hz,10.0,40.0,15.722197249920237,12.3448654961627,0.17097179572712654,0.06,True
prospective_75120101_target_anchor_71908906,75120101,71908906,BP.FROB.DP1,BP.FROB.40.DP1,BP.FROB.40.DP1,40,40,FROB,DP1,250.0,2.0-40.0Hz,2.0,40.0,4.233598353149071,13.55725293207204,0.16375129508129666,0.12,True
prospective_75120101_target_anchor_71908906,75120101,71908906,BP.FROB.DP2,BP.FROB.40.DP2,BP.FROB.40.DP2,40,40,FROB,DP2,250.0,2.0-10.0Hz,2.0,10.0,2.4567398262709537,51.37809445556027,0.4103197450803024,0.088,False
prospective_75120101_target_anchor_71908906,75120101,71908906,BP.FROB.DP2,BP.FROB.40.DP2,BP.FROB.40.DP2,40,40,FROB,DP2,250.0,5.0-20.0Hz,5.0,20.0,10.288151349703165,85.63085806105951,0.23421777076543093,0.244,True
prospective_75120101_target_anchor_71908906,75120101,71908906,BP.FROB.DP2,BP.FROB.40.DP2,BP.FROB.40.DP2,40,40,FROB,DP2,250.0,10.0-40.0Hz,10.0,40.0,17.533353967084267,88.95500437506698,0.16537723120741243,0.312,True
prospective_75120101_target_anchor_71908906,75120101,71908906,BP.FROB.DP2,BP.FROB.40.DP2,BP.FROB.40.DP2,40,40,FROB,DP2,250.0,2.0-40.0Hz,2.0,40.0,4.30959090310561,74.71068690970614,0.17114391929854478,0.064,True
prospective_75120101_target_anchor_71908906,75120101,71908906,BP.FROB.DP3,BP.FROB.40.DP3,BP.FROB.40.DP3,40,40,FROB,DP3,250.0,2.0-10.0Hz,2.0,10.0,3.1538320217210716,33.39777419458997,0.32680052178511787,0.096,True
prospective_75120101_target_anchor_71908906,75120101,71908906,BP.FROB.DP3,BP.FROB.40.DP3,BP.FROB.40.DP3,40,40,FROB,DP3,250.0,5.0-20.0Hz,5.0,20.0,8.107287466460306,46.15864915982317,0.18287761760427895,0.496,True
prospective_75120101_target_anchor_71908906,75120101,71908906,BP.FROB.DP3,BP.FROB.40.DP3,BP.FROB.40.DP3,40,40,FROB,DP3,250.0,10.0-40.0Hz,10.0,40.0,10.922510198290833,39.31622662867519,0.1373232173668339,-0.056,True
prospective_75120101_target_anchor_71908906,75120101,71908906,BP.FROB.DP3,BP.FROB.40.DP3,BP.FROB.40.DP3,40,40,FROB,DP3,250.0,2.0-40.0Hz,2.0,40.0,3.9205437108851413,35.59034927574807,0.20545312996341575,0.104,True
prospective_75120101_target_anchor_71908906,75120101,71908906,BP.GHIB.DP1,BP.GHIB.40.DP1,BP.GHIB.40.DP1,40,40,GHIB,DP1,250.0,2.0-10.0Hz,2.0,10.0,0.9400540562713834,7.290141215315016,0.519558386665777,0.084,False
prospective_75120101_target_anchor_71908906,75120101,71908906,BP.GHIB.DP1,BP.GHIB.40.DP1,BP.GHIB.40.DP1,40,40,GHIB,DP1,250.0,5.0-20.0Hz,5.0,20.0,1.6382101296683986,10.315586612423735,0.36986760452648837,0.076,False
prospective_75120101_target_anchor_71908906,75120101,71908906,BP.GHIB.DP1,BP.GHIB.40.DP1,BP.GHIB.40.DP1,40,40,GHIB,DP1,250.0,10.0-40.0Hz,10.0,40.0,4.6105255872075395,13.182036155961304,0.35953268410604383,0.252,True
prospective_75120101_target_anchor_71908906,75120101,71908906,BP.GHIB.DP1,BP.GHIB.40.DP1,BP.GHIB.40.DP1,40,40,GHIB,DP1,250.0,2.0-40.0Hz,2.0,40.0,1.012677211825901,8.481970626389726,0.4549433159839813,0.076,False
prospective_75120101_target_anchor_71908906,75120101,71908906,BP.GHIB.DP3,BP.GHIB.40.DP3,BP.GHIB.40.DP3,40,40,GHIB,DP3,250.0,2.0-10.0Hz,2.0,10.0,0.6241623322308958,1.9012002170503755,0.30598884394484266,0.084,False
prospective_75120101_target_anchor_71908906,75120101,71908906,BP.GHIB.DP3,BP.GHIB.40.DP3,BP.GHIB.40.DP3,40,40,GHIB,DP3,250.0,5.0-20.0Hz,5.0,20.0,1.4154328452049272,2.0776435309706045,0.35565372314866794,0.068,False
prospective_75120101_target_anchor_71908906,75120101,71908906,BP.GHIB.DP3,BP.GHIB.40.DP3,BP.GHIB.40.DP3,40,40,GHIB,DP3,250.0,10.0-40.0Hz,10.0,40.0,2.193440559273835,2.167457280214142,0.22191525954594207,-0.104,False
prospective_75120101_target_anchor_71908906,75120101,71908906,BP.GHIB.DP3,BP.GHIB.40.DP3,BP.GHIB.40.DP3,40,40,GHIB,DP3,250.0,2.0-40.0Hz,2.0,40.0,0.658425917381251,2.003318196129982,0.28828718602723624,0.076,False
prospective_75120101_target_anchor_71908906,75120101,71908906,BP.JCSB.DP1,BP.JCSB.40.DP1,BP.JCSB.40.DP1,40,40,JCSB,DP1,250.0,2.0-10.0Hz,2.0,10.0,31.90819529224337,92.5952828267075,0.8491225682950988,0.08,True
prospective_75120101_target_anchor_71908906,75120101,71908906,BP.JCSB.DP1,BP.JCSB.40.DP1,BP.JCSB.40.DP1,40,40,JCSB,DP1,250.0,5.0-20.0Hz,5.0,20.0,36.8517655087632,79.31301561363894,0.4601022916641281,0.092,True
prospective_75120101_target_anchor_71908906,75120101,71908906,BP.JCSB.DP1,BP.JCSB.40.DP1,BP.JCSB.40.DP1,40,40,JCSB,DP1,250.0,10.0-40.0Hz,10.0,40.0,73.46197046832495,49.2741242090608,0.3160530523735145,0.104,True
prospective_75120101_target_anchor_71908906,75120101,71908906,BP.JCSB.DP1,BP.JCSB.40.DP1,BP.JCSB.40.DP1,40,40,JCSB,DP1,250.0,2.0-40.0Hz,2.0,40.0,34.27776775919258,73.38374203735415,0.6447014060890317,0.088,True
prospective_75120101_target_anchor_71908906,75120101,71908906,BP.JCSB.DP2,BP.JCSB.40.DP2,BP.JCSB.40.DP2,40,40,JCSB,DP2,250.0,2.0-10.0Hz,2.0,10.0,2.3374096992488926,1.4188224250848673,0.14522640811191687,-0.204,False
prospective_75120101_target_anchor_71908906,75120101,71908906,BP.JCSB.DP2,BP.JCSB.40.DP2,BP.JCSB.40.DP2,40,40,JCSB,DP2,250.0,5.0-20.0Hz,5.0,20.0,3.941044624588744,1.0654814768833234,0.13638692901336352,0.26,False
prospective_75120101_target_anchor_71908906,75120101,71908906,BP.JCSB.DP2,BP.JCSB.40.DP2,BP.JCSB.40.DP2,40,40,JCSB,DP2,250.0,10.0-40.0Hz,10.0,40.0,4.132759451255687,1.0342693792324142,0.11425533791123046,0.104,False
prospective_75120101_target_anchor_71908906,75120101,71908906,BP.JCSB.DP2,BP.JCSB.40.DP2,BP.JCSB.40.DP2,40,40,JCSB,DP2,250.0,2.0-40.0Hz,2.0,40.0,3.450109229297441,1.3328383616402213,0.07200507465882969,-0.188,False
prospective_75120101_target_anchor_71908906,75120101,71908906,BP.JCSB.DP3,BP.JCSB.40.DP3,BP.JCSB.40.DP3,40,40,JCSB,DP3,250.0,2.0-10.0Hz,2.0,10.0,4.18344568844005,0.7987471003148984,0.08228199303631865,0.024,False
prospective_75120101_target_anchor_71908906,75120101,71908906,BP.JCSB.DP3,BP.JCSB.40.DP3,BP.JCSB.40.DP3,40,40,JCSB,DP3,250.0,5.0-20.0Hz,5.0,20.0,5.564751955071884,0.7947183209966747,0.03635228679274456,0.004,False
prospective_75120101_target_anchor_71908906,75120101,71908906,BP.JCSB.DP3,BP.JCSB.40.DP3,BP.JCSB.40.DP3,40,40,JCSB,DP3,250.0,10.0-40.0Hz,10.0,40.0,4.78888564521198,0.9913501680440678,0.003566294008785265,-0.116,False
prospective_75120101_target_anchor_71908906,75120101,71908906,BP.JCSB.DP3,BP.JCSB.40.DP3,BP.JCSB.40.DP3,40,40,JCSB,DP3,250.0,2.0-40.0Hz,2.0,40.0,4.589086054035023,0.7947191735726994,0.04985068972329855,0.004,False
prospective_75120101_target_anchor_71908906,75120101,71908906,BP.LCCB.DP1,BP.LCCB.40.DP1,BP.LCCB.40.DP1,40,40,LCCB,DP1,250.0,2.0-10.0Hz,2.0,10.0,29.532775871980146,388.6230980745358,0.31394390911917014,0.372,True
prospective_75120101_target_anchor_71908906,75120101,71908906,BP.LCCB.DP1,BP.LCCB.40.DP1,BP.LCCB.40.DP1,40,40,LCCB,DP1,250.0,5.0-20.0Hz,5.0,20.0,117.54245303932179,655.2146760035791,0.3039318996067297,-0.136,True
prospective_75120101_target_anchor_71908906,75120101,71908906,BP.LCCB.DP1,BP.LCCB.40.DP1,BP.LCCB.40.DP1,40,40,LCCB,DP1,250.0,10.0-40.0Hz,10.0,40.0,177.61630906970828,665.3380673771434,0.22796228262491222,0.02,True
prospective_75120101_target_anchor_71908906,75120101,71908906,BP.LCCB.DP1,BP.LCCB.40.DP1,BP.LCCB.40.DP1,40,40,LCCB,DP1,250.0,2.0-40.0Hz,2.0,40.0,36.614359222332396,456.5823960969983,0.2528672099641383,-0.14,True
prospective_75120101_target_anchor_71908906,75120101,71908906,BP.LCCB.DP2,BP.LCCB.40.DP2,BP.LCCB.40.DP2,40,40,LCCB,DP2,250.0,2.0-10.0Hz,2.0,10.0,41.08030954389449,370.25244285661216,0.7409779885787345,0.056,True
prospective_75120101_target_anchor_71908906,75120101,71908906,BP.LCCB.DP2,BP.LCCB.40.DP2,BP.LCCB.40.DP2,40,40,LCCB,DP2,250.0,5.0-20.0Hz,5.0,20.0,66.38825514298328,337.05446507747877,0.3096543144095357,0.064,True
prospective_75120101_target_anchor_71908906,75120101,71908906,BP.LCCB.DP2,BP.LCCB.40.DP2,BP.LCCB.40.DP2,40,40,LCCB,DP2,250.0,10.0-40.0Hz,10.0,40.0,50.49513305571572,209.63458291298872,0.34147791417157625,0.168,True
prospective_75120101_target_anchor_71908906,75120101,71908906,BP.LCCB.DP2,BP.LCCB.40.DP2,BP.LCCB.40.DP2,40,40,LCCB,DP2,250.0,2.0-40.0Hz,2.0,40.0,46.356316868365816,252.40047063122205,0.3022062765267339,0.056,True
prospective_75120101_target_anchor_71908906,75120101,71908906,BP.LCCB.DP3,BP.LCCB.40.DP3,BP.LCCB.40.DP3,40,40,LCCB,DP3,250.0,2.0-10.0Hz,2.0,10.0,23.871749607838066,383.39904025959527,0.46650263773844536,0.052,True
prospective_75120101_target_anchor_71908906,75120101,71908906,BP.LCCB.DP3,BP.LCCB.40.DP3,BP.LCCB.40.DP3,40,40,LCCB,DP3,250.0,5.0-20.0Hz,5.0,20.0,108.6930789115019,534.0995998202474,0.24862799259111418,-0.472,True
prospective_75120101_target_anchor_71908906,75120101,71908906,BP.LCCB.DP3,BP.LCCB.40.DP3,BP.LCCB.40.DP3,40,40,LCCB,DP3,250.0,10.0-40.0Hz,10.0,40.0,227.6138020694364,427.82652860976685,0.33958890913267464,0.012,True
prospective_75120101_target_anchor_71908906,75120101,71908906,BP.LCCB.DP3,BP.LCCB.40.DP3,BP.LCCB.40.DP3,40,40,LCCB,DP3,250.0,2.0-40.0Hz,2.0,40.0,28.301103580124458,408.7900835376638,0.29565577111615443,0.072,True
prospective_75120101_target_anchor_71908906,75120101,71908906,BP.MMNB.DP1,BP.MMNB.40.DP1,BP.MMNB.40.DP1,40,40,MMNB,DP1,250.0,2.0-10.0Hz,2.0,10.0,22.945911179326135,273.5856889250183,0.5766486527982496,0.032,True
prospective_75120101_target_anchor_71908906,75120101,71908906,BP.MMNB.DP1,BP.MMNB.40.DP1,BP.MMNB.40.DP1,40,40,MMNB,DP1,250.0,5.0-20.0Hz,5.0,20.0,50.969226469581784,404.4541030243997,0.4672780376066232,0.024,True
prospective_75120101_target_anchor_71908906,75120101,71908906,BP.MMNB.DP1,BP.MMNB.40.DP1,BP.MMNB.40.DP1,40,40,MMNB,DP1,250.0,10.0-40.0Hz,10.0,40.0,83.63586753243374,305.8036136760161,0.49039487087298733,0.112,True
prospective_75120101_target_anchor_71908906,75120101,71908906,BP.MMNB.DP1,BP.MMNB.40.DP1,BP.MMNB.40.DP1,40,40,MMNB,DP1,250.0,2.0-40.0Hz,2.0,40.0,24.993989875710337,290.75465099748584,0.5075031205350289,0.028,True
prospective_75120101_target_anchor_71908906,75120101,71908906,BP.MMNB.DP2,BP.MMNB.40.DP2,BP.MMNB.40.DP2,40,40,MMNB,DP2,250.0,2.0-10.0Hz,2.0,10.0,11.199838776446995,201.6483809082031,0.34085020308706054,0.456,True
prospective_75120101_target_anchor_71908906,75120101,71908906,BP.MMNB.DP2,BP.MMNB.40.DP2,BP.MMNB.40.DP2,40,40,MMNB,DP2,250.0,5.0-20.0Hz,5.0,20.0,32.767161718129316,412.1440051018812,0.36210972953867593,0.456,True
prospective_75120101_target_anchor_71908906,75120101,71908906,BP.MMNB.DP2,BP.MMNB.40.DP2,BP.MMNB.40.DP2,40,40,MMNB,DP2,250.0,10.0-40.0Hz,10.0,40.0,87.7665278763943,250.58337402843787,0.36581224883446484,-0.104,True
prospective_75120101_target_anchor_71908906,75120101,71908906,BP.MMNB.DP2,BP.MMNB.40.DP2,BP.MMNB.40.DP2,40,40,MMNB,DP2,250.0,2.0-40.0Hz,2.0,40.0,12.79701437683736,234.32330630076984,0.305892872575526,0.456,True
prospective_75120101_target_anchor_71908906,75120101,71908906,BP.MMNB.DP3,BP.MMNB.40.DP3,BP.MMNB.40.DP3,40,40,MMNB,DP3,250.0,2.0-10.0Hz,2.0,10.0,11.20531014268253,298.3604612906935,0.34814639470884295,0.056,True
prospective_75120101_target_anchor_71908906,75120101,71908906,BP.MMNB.DP3,BP.MMNB.40.DP3,BP.MMNB.40.DP3,40,40,MMNB,DP3,250.0,5.0-20.0Hz,5.0,20.0,43.303930635498965,524.1423822912448,0.5436662070979179,0.188,True
prospective_75120101_target_anchor_71908906,75120101,71908906,BP.MMNB.DP3,BP.MMNB.40.DP3,BP.MMNB.40.DP3,40,40,MMNB,DP3,250.0,10.0-40.0Hz,10.0,40.0,135.36485612205823,435.80131110191724,0.5510217871172092,0.092,True
prospective_75120101_target_anchor_71908906,75120101,71908906,BP.MMNB.DP3,BP.MMNB.40.DP3,BP.MMNB.40.DP3,40,40,MMNB,DP3,250.0,2.0-40.0Hz,2.0,40.0,13.873296007686198,363.99500967387695,0.3847845555024037,0.184,True
prospective_75120101_target_anchor_71908906,75120101,71908906,BP.SCYB.DP1,BP.SCYB.40.DP1,BP.SCYB.40.DP1,40,40,SCYB,DP1,250.0,2.0-10.0Hz,2.0,10.0,37.34077156871005,424.77326971623563,0.4887941754780668,0.016,True
prospective_75120101_target_anchor_71908906,75120101,71908906,BP.SCYB.DP1,BP.SCYB.40.DP1,BP.SCYB.40.DP1,40,40,SCYB,DP1,250.0,5.0-20.0Hz,5.0,20.0,144.99959908158982,698.9145956646441,0.3713745846177133,0.008,True
prospective_75120101_target_anchor_71908906,75120101,71908906,BP.SCYB.DP1,BP.SCYB.40.DP1,BP.SCYB.40.DP1,40,40,SCYB,DP1,250.0,10.0-40.0Hz,10.0,40.0,273.82475731244875,552.5651222182054,0.2567366005121958,0.008,True
prospective_75120101_target_anchor_71908906,75120101,71908906,BP.SCYB.DP1,BP.SCYB.40.DP1,BP.SCYB.40.DP1,40,40,SCYB,DP1,250.0,2.0-40.0Hz,2.0,40.0,42.30593446888377,489.33150116705906,0.4068074932424872,0.012,True
prospective_75120101_target_anchor_71908906,75120101,71908906,BP.SCYB.DP2,BP.SCYB.40.DP2,BP.SCYB.40.DP2,40,40,SCYB,DP2,250.0,2.0-10.0Hz,2.0,10.0,50.42459878739831,492.4760993473577,0.6847385804277931,0.024,True
prospective_75120101_target_anchor_71908906,75120101,71908906,BP.SCYB.DP2,BP.SCYB.40.DP2,BP.SCYB.40.DP2,40,40,SCYB,DP2,250.0,5.0-20.0Hz,5.0,20.0,148.09378361125954,531.0463618609729,0.372165224176224,0.156,True
prospective_75120101_target_anchor_71908906,75120101,71908906,BP.SCYB.DP2,BP.SCYB.40.DP2,BP.SCYB.40.DP2,40,40,SCYB,DP2,250.0,10.0-40.0Hz,10.0,40.0,217.47847750534632,391.801906022864,0.36982176710970965,0.16,True
prospective_75120101_target_anchor_71908906,75120101,71908906,BP.SCYB.DP2,BP.SCYB.40.DP2,BP.SCYB.40.DP2,40,40,SCYB,DP2,250.0,2.0-40.0Hz,2.0,40.0,53.1538409376568,480.4006635118822,0.5456787695163994,0.028,True
prospective_75120101_target_anchor_71908906,75120101,71908906,BP.SCYB.DP3,BP.SCYB.40.DP3,BP.SCYB.40.DP3,40,40,SCYB,DP3,250.0,2.0-10.0Hz,2.0,10.0,24.266436016767738,376.9747811525326,0.44854080916396544,0.008,True
prospective_75120101_target_anchor_71908906,75120101,71908906,BP.SCYB.DP3,BP.SCYB.40.DP3,BP.SCYB.40.DP3,40,40,SCYB,DP3,250.0,5.0-20.0Hz,5.0,20.0,88.69514904271306,568.7048078389416,0.435290203594545,-0.004,True
prospective_75120101_target_anchor_71908906,75120101,71908906,BP.SCYB.DP3,BP.SCYB.40.DP3,BP.SCYB.40.DP3,40,40,SCYB,DP3,250.0,10.0-40.0Hz,10.0,40.0,238.49667681434096,364.306042693082,0.5125453907040505,-0.088,True
prospective_75120101_target_anchor_71908906,75120101,71908906,BP.SCYB.DP3,BP.SCYB.40.DP3,BP.SCYB.40.DP3,40,40,SCYB,DP3,250.0,2.0-40.0Hz,2.0,40.0,26.809320550007495,382.4723035116476,0.40653889112331826,0.0,True
prospective_75120101_target_anchor_71908906,75120101,71908906,BP.SMNB.DP1,BP.SMNB.40.DP1,BP.SMNB.40.DP1,40,40,SMNB,DP1,250.0,2.0-10.0Hz,2.0,10.0,18.172705429298187,105.34028382348525,0.7753385934890872,0.008,True
prospective_75120101_target_anchor_71908906,75120101,71908906,BP.SMNB.DP1,BP.SMNB.40.DP1,BP.SMNB.40.DP1,40,40,SMNB,DP1,250.0,5.0-20.0Hz,5.0,20.0,83.53956709943098,162.9353957636392,0.5307626219382394,0.008,True
prospective_75120101_target_anchor_71908906,75120101,71908906,BP.SMNB.DP1,BP.SMNB.40.DP1,BP.SMNB.40.DP1,40,40,SMNB,DP1,250.0,10.0-40.0Hz,10.0,40.0,227.80216841360118,391.6775460224132,0.26668623844923617,0.012,True
prospective_75120101_target_anchor_71908906,75120101,71908906,BP.SMNB.DP1,BP.SMNB.40.DP1,BP.SMNB.40.DP1,40,40,SMNB,DP1,250.0,2.0-40.0Hz,2.0,40.0,24.83942660060037,169.77321474093586,0.4786840781964782,0.012,True
prospective_75120101_target_anchor_71908906,75120101,71908906,BP.SMNB.DP2,BP.SMNB.40.DP2,BP.SMNB.40.DP2,40,40,SMNB,DP2,250.0,2.0-10.0Hz,2.0,10.0,10.986266587137962,243.03478847790504,0.5534575214163225,0.004,True
prospective_75120101_target_anchor_71908906,75120101,71908906,BP.SMNB.DP2,BP.SMNB.40.DP2,BP.SMNB.40.DP2,40,40,SMNB,DP2,250.0,5.0-20.0Hz,5.0,20.0,68.5253236808856,340.5343749183016,0.45676605608908666,0.004,True
prospective_75120101_target_anchor_71908906,75120101,71908906,BP.SMNB.DP2,BP.SMNB.40.DP2,BP.SMNB.40.DP2,40,40,SMNB,DP2,250.0,10.0-40.0Hz,10.0,40.0,210.67671146967135,481.42502087639986,0.35306517666919834,0.004,True
prospective_75120101_target_anchor_71908906,75120101,71908906,BP.SMNB.DP2,BP.SMNB.40.DP2,BP.SMNB.40.DP2,40,40,SMNB,DP2,250.0,2.0-40.0Hz,2.0,40.0,20.429481619216382,364.11505856959803,0.4247921619826693,0.004,True
prospective_75120101_target_anchor_71908906,75120101,71908906,BP.SMNB.DP3,BP.SMNB.40.DP3,BP.SMNB.40.DP3,40,40,SMNB,DP3,250.0,2.0-10.0Hz,2.0,10.0,17.544548678948377,275.86870322940007,0.6908854458489425,0.016,True
prospective_75120101_target_anchor_71908906,75120101,71908906,BP.SMNB.DP3,BP.SMNB.40.DP3,BP.SMNB.40.DP3,40,40,SMNB,DP3,250.0,5.0-20.0Hz,5.0,20.0,71.6172844815056,485.1493650646095,0.37082076925420293,0.008,True
prospective_75120101_target_anchor_71908906,75120101,71908906,BP.SMNB.DP3,BP.SMNB.40.DP3,BP.SMNB.40.DP3,40,40,SMNB,DP3,250.0,10.0-40.0Hz,10.0,40.0,295.14244179906075,833.9828321660225,0.2431070354434398,0.004,True
prospective_75120101_target_anchor_71908906,75120101,71908906,BP.SMNB.DP3,BP.SMNB.40.DP3,BP.SMNB.40.DP3,40,40,SMNB,DP3,250.0,2.0-40.0Hz,2.0,40.0,30.29432229267694,533.6046788214626,0.33127849787335606,0.008,True
prospective_75120101_target_anchor_71908906,75120101,71908906,NC.PSM.EHE,NC.PSM..EHE,NC.PSM..EHE,,,PSM,EHE,100.0,2.0-10.0Hz,2.0,10.0,0.88013530621968,251.57587798609362,0.20460074280283425,0.29,False
prospective_75120101_target_anchor_71908906,75120101,71908906,NC.PSM.EHE,NC.PSM..EHE,NC.PSM..EHE,,,PSM,EHE,100.0,5.0-20.0Hz,5.0,20.0,0.9874763147503473,268.0700771061136,0.1385186126168558,0.15,False
prospective_75120101_target_anchor_71908906,75120101,71908906,NC.PSM.EHE,NC.PSM..EHE,NC.PSM..EHE,,,PSM,EHE,100.0,10.0-40.0Hz,10.0,40.0,0.9517293182019905,57.170119769256274,0.11259476467023898,-0.28,False
prospective_75120101_target_anchor_71908906,75120101,71908906,NC.PSM.EHE,NC.PSM..EHE,NC.PSM..EHE,,,PSM,EHE,100.0,2.0-40.0Hz,2.0,40.0,0.9324888277165483,205.27363818220175,0.10452200508135095,0.3,False
prospective_75120101_target_anchor_71908906,75120101,71908906,NC.PSM.EHN,NC.PSM..EHN,NC.PSM..EHN,,,PSM,EHN,100.0,2.0-10.0Hz,2.0,10.0,67.4592164332636,331.28703737128865,0.7388499822919667,-0.04,True
prospective_75120101_target_anchor_71908906,75120101,71908906,NC.PSM.EHN,NC.PSM..EHN,NC.PSM..EHN,,,PSM,EHN,100.0,5.0-20.0Hz,5.0,20.0,172.4071837561546,232.19793777907023,0.5222146514036492,-0.03,True
prospective_75120101_target_anchor_71908906,75120101,71908906,NC.PSM.EHN,NC.PSM..EHN,NC.PSM..EHN,,,PSM,EHN,100.0,10.0-40.0Hz,10.0,40.0,143.14690570532412,64.54766349419552,0.27791452349332746,-0.22,True
prospective_75120101_target_anchor_71908906,75120101,71908906,NC.PSM.EHN,NC.PSM..EHN,NC.PSM..EHN,,,PSM,EHN,100.0,2.0-40.0Hz,2.0,40.0,70.64404420284475,252.6120612829873,0.7048784552767077,-0.04,True
prospective_75120101_target_anchor_71908906,75120101,71908906,NC.PSM.EHZ,NC.PSM..EHZ,NC.PSM..EHZ,,,PSM,EHZ,100.0,2.0-10.0Hz,2.0,10.0,73.3307564895935,307.2606354011406,0.6686972503929057,-0.03,True
prospective_75120101_target_anchor_71908906,75120101,71908906,NC.PSM.EHZ,NC.PSM..EHZ,NC.PSM..EHZ,,,PSM,EHZ,100.0,5.0-20.0Hz,5.0,20.0,152.22232250241552,262.2829261588481,0.4833846022810167,-0.03,True
prospective_75120101_target_anchor_71908906,75120101,71908906,NC.PSM.EHZ,NC.PSM..EHZ,NC.PSM..EHZ,,,PSM,EHZ,100.0,10.0-40.0Hz,10.0,40.0,127.43333793386542,68.24036308896693,0.3586154568413111,-0.03,True
prospective_75120101_target_anchor_71908906,75120101,71908906,NC.PSM.EHZ,NC.PSM..EHZ,NC.PSM..EHZ,,,PSM,EHZ,100.0,2.0-40.0Hz,2.0,40.0,75.88297534122597,230.90320134013052,0.6434551405379985,-0.03,True
prospective_75120101_target_anchor_72154411,75120101,72154411,BK.PKD.HHE,BK.PKD.00.HHE,BK.PKD.00.HHE,00,00,PKD,HHE,100.0,2.0-10.0Hz,2.0,10.0,6.639140301871524,208.58278561501086,0.48100624601475056,0.05,True
prospective_75120101_target_anchor_72154411,75120101,72154411,BK.PKD.HHE,BK.PKD.00.HHE,BK.PKD.00.HHE,00,00,PKD,HHE,100.0,5.0-20.0Hz,5.0,20.0,19.681540175515334,320.0887750958837,0.3026826453602614,-0.09,True
prospective_75120101_target_anchor_72154411,75120101,72154411,BK.PKD.HHE,BK.PKD.00.HHE,BK.PKD.00.HHE,00,00,PKD,HHE,100.0,10.0-40.0Hz,10.0,40.0,65.56833931044224,183.6041769524881,0.15144063043672196,0.26,True
prospective_75120101_target_anchor_72154411,75120101,72154411,BK.PKD.HHE,BK.PKD.00.HHE,BK.PKD.00.HHE,00,00,PKD,HHE,100.0,2.0-40.0Hz,2.0,40.0,7.548463850336237,212.1055199270761,0.3830638136633628,0.05,True
prospective_75120101_target_anchor_72154411,75120101,72154411,BK.PKD.HHN,BK.PKD.00.HHN,BK.PKD.00.HHN,00,00,PKD,HHN,100.0,2.0-10.0Hz,2.0,10.0,7.785805106614082,212.19936744317755,0.600929523197888,0.06,True
prospective_75120101_target_anchor_72154411,75120101,72154411,BK.PKD.HHN,BK.PKD.00.HHN,BK.PKD.00.HHN,00,00,PKD,HHN,100.0,5.0-20.0Hz,5.0,20.0,20.933617905416604,411.51266098775875,0.3541750665969698,0.06,True
prospective_75120101_target_anchor_72154411,75120101,72154411,BK.PKD.HHN,BK.PKD.00.HHN,BK.PKD.00.HHN,00,00,PKD,HHN,100.0,10.0-40.0Hz,10.0,40.0,84.80755290869757,239.44507453566303,0.3246900948102826,0.06,True
prospective_75120101_target_anchor_72154411,75120101,72154411,BK.PKD.HHN,BK.PKD.00.HHN,BK.PKD.00.HHN,00,00,PKD,HHN,100.0,2.0-40.0Hz,2.0,40.0,10.034292918584063,228.35762056134425,0.4556604604847252,0.06,True
prospective_75120101_target_anchor_72154411,75120101,72154411,BK.PKD.HHZ,BK.PKD.00.HHZ,BK.PKD.00.HHZ,00,00,PKD,HHZ,100.0,2.0-10.0Hz,2.0,10.0,8.093542428309762,140.68613199531555,0.6616365535535504,0.06,True
prospective_75120101_target_anchor_72154411,75120101,72154411,BK.PKD.HHZ,BK.PKD.00.HHZ,BK.PKD.00.HHZ,00,00,PKD,HHZ,100.0,5.0-20.0Hz,5.0,20.0,39.87587981282201,326.6350922469997,0.4801931772460775,0.06,True
prospective_75120101_target_anchor_72154411,75120101,72154411,BK.PKD.HHZ,BK.PKD.00.HHZ,BK.PKD.00.HHZ,00,00,PKD,HHZ,100.0,10.0-40.0Hz,10.0,40.0,149.43050225972692,325.0297196422904,0.4613690501852876,0.06,True
prospective_75120101_target_anchor_72154411,75120101,72154411,BK.PKD.HHZ,BK.PKD.00.HHZ,BK.PKD.00.HHZ,00,00,PKD,HHZ,100.0,2.0-40.0Hz,2.0,40.0,12.47024526360924,205.9657628367687,0.5270380200354949,0.06,True
prospective_75120101_target_anchor_72154411,75120101,72154411,BP.EADB.DP1,BP.EADB.40.DP1,BP.EADB.40.DP1,40,40,EADB,DP1,250.0,2.0-10.0Hz,2.0,10.0,3.8755508190534855,56.13218635261917,0.622005821688411,0.108,True
prospective_75120101_target_anchor_72154411,75120101,72154411,BP.EADB.DP1,BP.EADB.40.DP1,BP.EADB.40.DP1,40,40,EADB,DP1,250.0,5.0-20.0Hz,5.0,20.0,14.805340570563986,70.01757633861465,0.4099760262677176,-0.044,True
prospective_75120101_target_anchor_72154411,75120101,72154411,BP.EADB.DP1,BP.EADB.40.DP1,BP.EADB.40.DP1,40,40,EADB,DP1,250.0,10.0-40.0Hz,10.0,40.0,22.463976399791033,36.46613454846028,0.29674787490874316,0.076,True
prospective_75120101_target_anchor_72154411,75120101,72154411,BP.EADB.DP1,BP.EADB.40.DP1,BP.EADB.40.DP1,40,40,EADB,DP1,250.0,2.0-40.0Hz,2.0,40.0,4.421205244082887,55.856866592544534,0.49224260581157725,0.112,True
prospective_75120101_target_anchor_72154411,75120101,72154411,BP.EADB.DP2,BP.EADB.40.DP2,BP.EADB.40.DP2,40,40,EADB,DP2,250.0,2.0-10.0Hz,2.0,10.0,3.520662686320501,97.47045891617876,0.7554493543183102,0.116,True
prospective_75120101_target_anchor_72154411,75120101,72154411,BP.EADB.DP2,BP.EADB.40.DP2,BP.EADB.40.DP2,40,40,EADB,DP2,250.0,5.0-20.0Hz,5.0,20.0,7.084048407830913,63.54543843077083,0.46971301559034184,0.284,True
prospective_75120101_target_anchor_72154411,75120101,72154411,BP.EADB.DP2,BP.EADB.40.DP2,BP.EADB.40.DP2,40,40,EADB,DP2,250.0,10.0-40.0Hz,10.0,40.0,14.232515841080428,27.076588856716825,0.4535381505042754,0.076,True
prospective_75120101_target_anchor_72154411,75120101,72154411,BP.EADB.DP2,BP.EADB.40.DP2,BP.EADB.40.DP2,40,40,EADB,DP2,250.0,2.0-40.0Hz,2.0,40.0,3.9832777008248854,77.95537933792461,0.6844612212240961,0.12,True
prospective_75120101_target_anchor_72154411,75120101,72154411,BP.EADB.DP3,BP.EADB.40.DP3,BP.EADB.40.DP3,40,40,EADB,DP3,250.0,2.0-10.0Hz,2.0,10.0,3.972870329850195,5.084828999795116,0.7287615155891117,0.116,True
prospective_75120101_target_anchor_72154411,75120101,72154411,BP.EADB.DP3,BP.EADB.40.DP3,BP.EADB.40.DP3,40,40,EADB,DP3,250.0,5.0-20.0Hz,5.0,20.0,7.015309700567644,1.9451008580469002,0.38792348287574496,-0.052,False
prospective_75120101_target_anchor_72154411,75120101,72154411,BP.EADB.DP3,BP.EADB.40.DP3,BP.EADB.40.DP3,40,40,EADB,DP3,250.0,10.0-40.0Hz,10.0,40.0,15.924774363618825,1.107160319548804,0.19008418506135602,0.276,False
prospective_75120101_target_anchor_72154411,75120101,72154411,BP.EADB.DP3,BP.EADB.40.DP3,BP.EADB.40.DP3,40,40,EADB,DP3,250.0,2.0-40.0Hz,2.0,40.0,4.18841542754627,2.2072033626662217,0.6166940389077378,0.116,False
prospective_75120101_target_anchor_72154411,75120101,72154411,BP.FROB.DP1,BP.FROB.40.DP1,BP.FROB.40.DP1,40,40,FROB,DP1,250.0,2.0-10.0Hz,2.0,10.0,2.806748349927372,5.722939461635899,0.3449889812840887,0.124,False
prospective_75120101_target_anchor_72154411,75120101,72154411,BP.FROB.DP1,BP.FROB.40.DP1,BP.FROB.40.DP1,40,40,FROB,DP1,250.0,5.0-20.0Hz,5.0,20.0,8.171328590374815,7.272788809539268,0.24725825075512856,-0.164,True
prospective_75120101_target_anchor_72154411,75120101,72154411,BP.FROB.DP1,BP.FROB.40.DP1,BP.FROB.40.DP1,40,40,FROB,DP1,250.0,10.0-40.0Hz,10.0,40.0,15.722197249920237,8.177018143473815,0.1632892329112862,0.072,True
prospective_75120101_target_anchor_72154411,75120101,72154411,BP.FROB.DP1,BP.FROB.40.DP1,BP.FROB.40.DP1,40,40,FROB,DP1,250.0,2.0-40.0Hz,2.0,40.0,4.233598353149071,7.155621378426047,0.16598175281282457,0.132,True
prospective_75120101_target_anchor_72154411,75120101,72154411,BP.FROB.DP2,BP.FROB.40.DP2,BP.FROB.40.DP2,40,40,FROB,DP2,250.0,2.0-10.0Hz,2.0,10.0,2.4567398262709537,4.784844442391704,0.4176685542275106,0.104,False
prospective_75120101_target_anchor_72154411,75120101,72154411,BP.FROB.DP2,BP.FROB.40.DP2,BP.FROB.40.DP2,40,40,FROB,DP2,250.0,5.0-20.0Hz,5.0,20.0,10.288151349703165,9.64473702316851,0.24422109904734227,0.256,True
prospective_75120101_target_anchor_72154411,75120101,72154411,BP.FROB.DP2,BP.FROB.40.DP2,BP.FROB.40.DP2,40,40,FROB,DP2,250.0,10.0-40.0Hz,10.0,40.0,17.533353967084267,19.416849153359056,0.17058688593578064,-0.196,True
prospective_75120101_target_anchor_72154411,75120101,72154411,BP.FROB.DP2,BP.FROB.40.DP2,BP.FROB.40.DP2,40,40,FROB,DP2,250.0,2.0-40.0Hz,2.0,40.0,4.30959090310561,9.027749435886362,0.16971862243674501,-0.196,True
prospective_75120101_target_anchor_72154411,75120101,72154411,BP.FROB.DP3,BP.FROB.40.DP3,BP.FROB.40.DP3,40,40,FROB,DP3,250.0,2.0-10.0Hz,2.0,10.0,3.1538320217210716,15.515613548469657,0.33569747788618914,0.108,True
prospective_75120101_target_anchor_72154411,75120101,72154411,BP.FROB.DP3,BP.FROB.40.DP3,BP.FROB.40.DP3,40,40,FROB,DP3,250.0,5.0-20.0Hz,5.0,20.0,8.107287466460306,23.89901949930863,0.16816724240677197,0.384,True
prospective_75120101_target_anchor_72154411,75120101,72154411,BP.FROB.DP3,BP.FROB.40.DP3,BP.FROB.40.DP3,40,40,FROB,DP3,250.0,10.0-40.0Hz,10.0,40.0,10.922510198290833,32.440560669324555,0.13360991701314198,-0.044,True
prospective_75120101_target_anchor_72154411,75120101,72154411,BP.FROB.DP3,BP.FROB.40.DP3,BP.FROB.40.DP3,40,40,FROB,DP3,250.0,2.0-40.0Hz,2.0,40.0,3.9205437108851413,19.345658422429747,0.20956379382906853,0.116,True
prospective_75120101_target_anchor_72154411,75120101,72154411,BP.GHIB.DP1,BP.GHIB.40.DP1,BP.GHIB.40.DP1,40,40,GHIB,DP1,250.0,2.0-10.0Hz,2.0,10.0,0.9400540562713834,9.884206680862867,0.5413546576364755,0.1,False
prospective_75120101_target_anchor_72154411,75120101,72154411,BP.GHIB.DP1,BP.GHIB.40.DP1,BP.GHIB.40.DP1,40,40,GHIB,DP1,250.0,5.0-20.0Hz,5.0,20.0,1.6382101296683986,20.883680646214852,0.369727796383996,0.092,False
prospective_75120101_target_anchor_72154411,75120101,72154411,BP.GHIB.DP1,BP.GHIB.40.DP1,BP.GHIB.40.DP1,40,40,GHIB,DP1,250.0,10.0-40.0Hz,10.0,40.0,4.6105255872075395,15.47630969548618,0.3540177669861698,0.088,True
prospective_75120101_target_anchor_72154411,75120101,72154411,BP.GHIB.DP1,BP.GHIB.40.DP1,BP.GHIB.40.DP1,40,40,GHIB,DP1,250.0,2.0-40.0Hz,2.0,40.0,1.012677211825901,11.422631692014507,0.47025698613007777,0.092,False
prospective_75120101_target_anchor_72154411,75120101,72154411,BP.GHIB.DP3,BP.GHIB.40.DP3,BP.GHIB.40.DP3,40,40,GHIB,DP3,250.0,2.0-10.0Hz,2.0,10.0,0.6241623322308958,5.771009144948756,0.48070187225439776,0.096,False
prospective_75120101_target_anchor_72154411,75120101,72154411,BP.GHIB.DP3,BP.GHIB.40.DP3,BP.GHIB.40.DP3,40,40,GHIB,DP3,250.0,5.0-20.0Hz,5.0,20.0,1.4154328452049272,15.708621968240672,0.385650536965024,0.084,False
prospective_75120101_target_anchor_72154411,75120101,72154411,BP.GHIB.DP3,BP.GHIB.40.DP3,BP.GHIB.40.DP3,40,40,GHIB,DP3,250.0,10.0-40.0Hz,10.0,40.0,2.193440559273835,13.017977506841275,0.2474126311452099,0.268,False
prospective_75120101_target_anchor_72154411,75120101,72154411,BP.GHIB.DP3,BP.GHIB.40.DP3,BP.GHIB.40.DP3,40,40,GHIB,DP3,250.0,2.0-40.0Hz,2.0,40.0,0.658425917381251,6.691564756487841,0.43110146010090855,0.092,False
prospective_75120101_target_anchor_72154411,75120101,72154411,BP.JCSB.DP1,BP.JCSB.40.DP1,BP.JCSB.40.DP1,40,40,JCSB,DP1,250.0,2.0-10.0Hz,2.0,10.0,31.90819529224337,392.56419131178984,0.8506452228133832,0.104,True
prospective_75120101_target_anchor_72154411,75120101,72154411,BP.JCSB.DP1,BP.JCSB.40.DP1,BP.JCSB.40.DP1,40,40,JCSB,DP1,250.0,5.0-20.0Hz,5.0,20.0,36.8517655087632,428.6848147700607,0.4740138922764607,0.116,True
prospective_75120101_target_anchor_72154411,75120101,72154411,BP.JCSB.DP1,BP.JCSB.40.DP1,BP.JCSB.40.DP1,40,40,JCSB,DP1,250.0,10.0-40.0Hz,10.0,40.0,73.46197046832495,251.10138972363671,0.3147921058586505,0.128,True
prospective_75120101_target_anchor_72154411,75120101,72154411,BP.JCSB.DP1,BP.JCSB.40.DP1,BP.JCSB.40.DP1,40,40,JCSB,DP1,250.0,2.0-40.0Hz,2.0,40.0,34.27776775919258,352.0787489937156,0.6586566458821622,0.112,True
prospective_75120101_target_anchor_72154411,75120101,72154411,BP.JCSB.DP2,BP.JCSB.40.DP2,BP.JCSB.40.DP2,40,40,JCSB,DP2,250.0,2.0-10.0Hz,2.0,10.0,2.3374096992488926,5.335738275194829,0.40206719008028363,0.104,False
prospective_75120101_target_anchor_72154411,75120101,72154411,BP.JCSB.DP2,BP.JCSB.40.DP2,BP.JCSB.40.DP2,40,40,JCSB,DP2,250.0,5.0-20.0Hz,5.0,20.0,3.941044624588744,10.84325234805489,0.4325097970201452,0.068,True
prospective_75120101_target_anchor_72154411,75120101,72154411,BP.JCSB.DP2,BP.JCSB.40.DP2,BP.JCSB.40.DP2,40,40,JCSB,DP2,250.0,10.0-40.0Hz,10.0,40.0,4.132759451255687,15.372505126087677,0.4327838028800044,0.068,True
prospective_75120101_target_anchor_72154411,75120101,72154411,BP.JCSB.DP2,BP.JCSB.40.DP2,BP.JCSB.40.DP2,40,40,JCSB,DP2,250.0,2.0-40.0Hz,2.0,40.0,3.450109229297441,11.560797834630742,0.3777043122505212,0.068,True
prospective_75120101_target_anchor_72154411,75120101,72154411,BP.JCSB.DP3,BP.JCSB.40.DP3,BP.JCSB.40.DP3,40,40,JCSB,DP3,250.0,2.0-10.0Hz,2.0,10.0,4.18344568844005,1.0280680091228738,0.1516994597261684,0.36,False
prospective_75120101_target_anchor_72154411,75120101,72154411,BP.JCSB.DP3,BP.JCSB.40.DP3,BP.JCSB.40.DP3,40,40,JCSB,DP3,250.0,5.0-20.0Hz,5.0,20.0,5.564751955071884,1.0878846870588845,0.22382021797046575,0.244,False
prospective_75120101_target_anchor_72154411,75120101,72154411,BP.JCSB.DP3,BP.JCSB.40.DP3,BP.JCSB.40.DP3,40,40,JCSB,DP3,250.0,10.0-40.0Hz,10.0,40.0,4.78888564521198,1.121619390497884,0.19109273749930614,0.124,False
prospective_75120101_target_anchor_72154411,75120101,72154411,BP.JCSB.DP3,BP.JCSB.40.DP3,BP.JCSB.40.DP3,40,40,JCSB,DP3,250.0,2.0-40.0Hz,2.0,40.0,4.589086054035023,1.070950301412965,0.17660996613502153,0.124,False
prospective_75120101_target_anchor_72154411,75120101,72154411,BP.LCCB.DP1,BP.LCCB.40.DP1,BP.LCCB.40.DP1,40,40,LCCB,DP1,250.0,2.0-10.0Hz,2.0,10.0,29.532775871980146,1001.8509223045113,0.3056753931603899,-0.128,True
prospective_75120101_target_anchor_72154411,75120101,72154411,BP.LCCB.DP1,BP.LCCB.40.DP1,BP.LCCB.40.DP1,40,40,LCCB,DP1,250.0,5.0-20.0Hz,5.0,20.0,117.54245303932179,1920.2355947395904,0.30704705154758566,-0.124,True
prospective_75120101_target_anchor_72154411,75120101,72154411,BP.LCCB.DP1,BP.LCCB.40.DP1,BP.LCCB.40.DP1,40,40,LCCB,DP1,250.0,10.0-40.0Hz,10.0,40.0,177.61630906970828,1447.3693267240874,0.2312575860303322,0.032,True
prospective_75120101_target_anchor_72154411,75120101,72154411,BP.LCCB.DP1,BP.LCCB.40.DP1,BP.LCCB.40.DP1,40,40,LCCB,DP1,250.0,2.0-40.0Hz,2.0,40.0,36.614359222332396,1156.0263265459116,0.2562289236062985,-0.124,True
prospective_75120101_target_anchor_72154411,75120101,72154411,BP.LCCB.DP2,BP.LCCB.40.DP2,BP.LCCB.40.DP2,40,40,LCCB,DP2,250.0,2.0-10.0Hz,2.0,10.0,41.08030954389449,351.40914857732406,0.7419365984802123,0.068,True
prospective_75120101_target_anchor_72154411,75120101,72154411,BP.LCCB.DP2,BP.LCCB.40.DP2,BP.LCCB.40.DP2,40,40,LCCB,DP2,250.0,5.0-20.0Hz,5.0,20.0,66.38825514298328,381.51275111797696,0.31210813849685226,0.08,True
prospective_75120101_target_anchor_72154411,75120101,72154411,BP.LCCB.DP2,BP.LCCB.40.DP2,BP.LCCB.40.DP2,40,40,LCCB,DP2,250.0,10.0-40.0Hz,10.0,40.0,50.49513305571572,254.7227746665356,0.34623009695906676,0.18,True
prospective_75120101_target_anchor_72154411,75120101,72154411,BP.LCCB.DP2,BP.LCCB.40.DP2,BP.LCCB.40.DP2,40,40,LCCB,DP2,250.0,2.0-40.0Hz,2.0,40.0,46.356316868365816,292.4412959480593,0.3038507437652633,0.068,True
prospective_75120101_target_anchor_72154411,75120101,72154411,BP.LCCB.DP3,BP.LCCB.40.DP3,BP.LCCB.40.DP3,40,40,LCCB,DP3,250.0,2.0-10.0Hz,2.0,10.0,23.871749607838066,1050.0167572094294,0.47210925235207196,0.068,True
prospective_75120101_target_anchor_72154411,75120101,72154411,BP.LCCB.DP3,BP.LCCB.40.DP3,BP.LCCB.40.DP3,40,40,LCCB,DP3,250.0,5.0-20.0Hz,5.0,20.0,108.6930789115019,1591.1669837538484,0.25900461649769163,-0.46,True
prospective_75120101_target_anchor_72154411,75120101,72154411,BP.LCCB.DP3,BP.LCCB.40.DP3,BP.LCCB.40.DP3,40,40,LCCB,DP3,250.0,10.0-40.0Hz,10.0,40.0,227.6138020694364,1058.1156485381814,0.3401037903014954,0.024,True
prospective_75120101_target_anchor_72154411,75120101,72154411,BP.LCCB.DP3,BP.LCCB.40.DP3,BP.LCCB.40.DP3,40,40,LCCB,DP3,250.0,2.0-40.0Hz,2.0,40.0,28.301103580124458,1086.271357564851,0.3015631511278814,0.084,True
prospective_75120101_target_anchor_72154411,75120101,72154411,BP.MMNB.DP1,BP.MMNB.40.DP1,BP.MMNB.40.DP1,40,40,MMNB,DP1,250.0,2.0-10.0Hz,2.0,10.0,22.945911179326135,1.0837065105781203,0.10002174975292794,0.5,False
prospective_75120101_target_anchor_72154411,75120101,72154411,BP.MMNB.DP1,BP.MMNB.40.DP1,BP.MMNB.40.DP1,40,40,MMNB,DP1,250.0,5.0-20.0Hz,5.0,20.0,50.969226469581784,1.1490525079631106,0.10319342971447636,0.284,False
prospective_75120101_target_anchor_72154411,75120101,72154411,BP.MMNB.DP1,BP.MMNB.40.DP1,BP.MMNB.40.DP1,40,40,MMNB,DP1,250.0,10.0-40.0Hz,10.0,40.0,83.63586753243374,1.3996677891437284,0.0929248569423501,0.288,False
prospective_75120101_target_anchor_72154411,75120101,72154411,BP.MMNB.DP1,BP.MMNB.40.DP1,BP.MMNB.40.DP1,40,40,MMNB,DP1,250.0,2.0-40.0Hz,2.0,40.0,24.993989875710337,1.21333690359688,0.06754879941301085,0.492,False
prospective_75120101_target_anchor_72154411,75120101,72154411,BP.MMNB.DP2,BP.MMNB.40.DP2,BP.MMNB.40.DP2,40,40,MMNB,DP2,250.0,2.0-10.0Hz,2.0,10.0,11.199838776446995,0.9999268949775001,0.18568085923852648,0.2,False
prospective_75120101_target_anchor_72154411,75120101,72154411,BP.MMNB.DP2,BP.MMNB.40.DP2,BP.MMNB.40.DP2,40,40,MMNB,DP2,250.0,5.0-20.0Hz,5.0,20.0,32.767161718129316,1.0348378357931176,0.14750298138933485,0.22,False
prospective_75120101_target_anchor_72154411,75120101,72154411,BP.MMNB.DP2,BP.MMNB.40.DP2,BP.MMNB.40.DP2,40,40,MMNB,DP2,250.0,10.0-40.0Hz,10.0,40.0,87.7665278763943,1.053948378206525,0.11523856777532437,-0.424,False
prospective_75120101_target_anchor_72154411,75120101,72154411,BP.MMNB.DP2,BP.MMNB.40.DP2,BP.MMNB.40.DP2,40,40,MMNB,DP2,250.0,2.0-40.0Hz,2.0,40.0,12.79701437683736,1.0285680515376885,0.10602198124729657,0.208,False
prospective_75120101_target_anchor_72154411,75120101,72154411,BP.MMNB.DP3,BP.MMNB.40.DP3,BP.MMNB.40.DP3,40,40,MMNB,DP3,250.0,2.0-10.0Hz,2.0,10.0,11.20531014268253,1.3891699919275298,0.2552001142827565,0.432,False
prospective_75120101_target_anchor_72154411,75120101,72154411,BP.MMNB.DP3,BP.MMNB.40.DP3,BP.MMNB.40.DP3,40,40,MMNB,DP3,250.0,5.0-20.0Hz,5.0,20.0,43.303930635498965,1.1363551317969338,0.17595434056175385,0.424,False
prospective_75120101_target_anchor_72154411,75120101,72154411,BP.MMNB.DP3,BP.MMNB.40.DP3,BP.MMNB.40.DP3,40,40,MMNB,DP3,250.0,10.0-40.0Hz,10.0,40.0,135.36485612205823,1.0494647662058922,0.10528384425610096,-0.352,False
prospective_75120101_target_anchor_72154411,75120101,72154411,BP.MMNB.DP3,BP.MMNB.40.DP3,BP.MMNB.40.DP3,40,40,MMNB,DP3,250.0,2.0-40.0Hz,2.0,40.0,13.873296007686198,1.2072884943296611,0.16151579738884794,0.424,False
prospective_75120101_target_anchor_72154411,75120101,72154411,BP.SCYB.DP1,BP.SCYB.40.DP1,BP.SCYB.40.DP1,40,40,SCYB,DP1,250.0,2.0-10.0Hz,2.0,10.0,37.34077156871005,1104.5922259362526,0.4931446449325651,0.028,True
prospective_75120101_target_anchor_72154411,75120101,72154411,BP.SCYB.DP1,BP.SCYB.40.DP1,BP.SCYB.40.DP1,40,40,SCYB,DP1,250.0,5.0-20.0Hz,5.0,20.0,144.99959908158982,1268.1092329188448,0.3804153807185615,0.024,True
prospective_75120101_target_anchor_72154411,75120101,72154411,BP.SCYB.DP1,BP.SCYB.40.DP1,BP.SCYB.40.DP1,40,40,SCYB,DP1,250.0,10.0-40.0Hz,10.0,40.0,273.82475731244875,759.9960738242416,0.2632648960536509,0.024,True
prospective_75120101_target_anchor_72154411,75120101,72154411,BP.SCYB.DP1,BP.SCYB.40.DP1,BP.SCYB.40.DP1,40,40,SCYB,DP1,250.0,2.0-40.0Hz,2.0,40.0,42.30593446888377,985.6004335363821,0.410987687774847,0.024,True
prospective_75120101_target_anchor_72154411,75120101,72154411,BP.SCYB.DP2,BP.SCYB.40.DP2,BP.SCYB.40.DP2,40,40,SCYB,DP2,250.0,2.0-10.0Hz,2.0,10.0,50.42459878739831,1282.3505965211116,0.6792437043129573,0.04,True
prospective_75120101_target_anchor_72154411,75120101,72154411,BP.SCYB.DP2,BP.SCYB.40.DP2,BP.SCYB.40.DP2,40,40,SCYB,DP2,250.0,5.0-20.0Hz,5.0,20.0,148.09378361125954,1175.326963720956,0.3693814466542434,0.168,True
prospective_75120101_target_anchor_72154411,75120101,72154411,BP.SCYB.DP2,BP.SCYB.40.DP2,BP.SCYB.40.DP2,40,40,SCYB,DP2,250.0,10.0-40.0Hz,10.0,40.0,217.47847750534632,574.2576507674382,0.3821732197792961,0.172,True
prospective_75120101_target_anchor_72154411,75120101,72154411,BP.SCYB.DP2,BP.SCYB.40.DP2,BP.SCYB.40.DP2,40,40,SCYB,DP2,250.0,2.0-40.0Hz,2.0,40.0,53.1538409376568,1005.8934331890839,0.5388122058046643,0.04,True
prospective_75120101_target_anchor_72154411,75120101,72154411,BP.SCYB.DP3,BP.SCYB.40.DP3,BP.SCYB.40.DP3,40,40,SCYB,DP3,250.0,2.0-10.0Hz,2.0,10.0,24.266436016767738,710.9933052927175,0.4458429614755706,0.02,True
prospective_75120101_target_anchor_72154411,75120101,72154411,BP.SCYB.DP3,BP.SCYB.40.DP3,BP.SCYB.40.DP3,40,40,SCYB,DP3,250.0,5.0-20.0Hz,5.0,20.0,88.69514904271306,789.0754437271917,0.42688450713562454,0.012,True
prospective_75120101_target_anchor_72154411,75120101,72154411,BP.SCYB.DP3,BP.SCYB.40.DP3,BP.SCYB.40.DP3,40,40,SCYB,DP3,250.0,10.0-40.0Hz,10.0,40.0,238.49667681434096,469.3827190035841,0.5157173648817184,-0.076,True
prospective_75120101_target_anchor_72154411,75120101,72154411,BP.SCYB.DP3,BP.SCYB.40.DP3,BP.SCYB.40.DP3,40,40,SCYB,DP3,250.0,2.0-40.0Hz,2.0,40.0,26.809320550007495,608.7637256296907,0.4031271416861855,0.012,True
prospective_75120101_target_anchor_72154411,75120101,72154411,BP.SMNB.DP1,BP.SMNB.40.DP1,BP.SMNB.40.DP1,40,40,SMNB,DP1,250.0,2.0-10.0Hz,2.0,10.0,18.172705429298187,68.62332683675605,0.7585484061287535,0.024,True
prospective_75120101_target_anchor_72154411,75120101,72154411,BP.SMNB.DP1,BP.SMNB.40.DP1,BP.SMNB.40.DP1,40,40,SMNB,DP1,250.0,5.0-20.0Hz,5.0,20.0,83.53956709943098,89.11531127102327,0.5187973197797023,0.024,True
prospective_75120101_target_anchor_72154411,75120101,72154411,BP.SMNB.DP1,BP.SMNB.40.DP1,BP.SMNB.40.DP1,40,40,SMNB,DP1,250.0,10.0-40.0Hz,10.0,40.0,227.80216841360118,208.61998687599936,0.27014449253040324,0.024,True
prospective_75120101_target_anchor_72154411,75120101,72154411,BP.SMNB.DP1,BP.SMNB.40.DP1,BP.SMNB.40.DP1,40,40,SMNB,DP1,250.0,2.0-40.0Hz,2.0,40.0,24.83942660060037,104.17057027612898,0.4795277104117608,0.024,True
prospective_75120101_target_anchor_72154411,75120101,72154411,BP.SMNB.DP2,BP.SMNB.40.DP2,BP.SMNB.40.DP2,40,40,SMNB,DP2,250.0,2.0-10.0Hz,2.0,10.0,10.986266587137962,406.1097781210042,0.5618332972741661,0.02,True
prospective_75120101_target_anchor_72154411,75120101,72154411,BP.SMNB.DP2,BP.SMNB.40.DP2,BP.SMNB.40.DP2,40,40,SMNB,DP2,250.0,5.0-20.0Hz,5.0,20.0,68.5253236808856,488.6532143994568,0.4602478364837308,0.016,True
prospective_75120101_target_anchor_72154411,75120101,72154411,BP.SMNB.DP2,BP.SMNB.40.DP2,BP.SMNB.40.DP2,40,40,SMNB,DP2,250.0,10.0-40.0Hz,10.0,40.0,210.67671146967135,608.9318927285732,0.35094844085826976,0.016,True
prospective_75120101_target_anchor_72154411,75120101,72154411,BP.SMNB.DP2,BP.SMNB.40.DP2,BP.SMNB.40.DP2,40,40,SMNB,DP2,250.0,2.0-40.0Hz,2.0,40.0,20.429481619216382,530.0467639142867,0.4257500489447868,0.016,True
prospective_75120101_target_anchor_72154411,75120101,72154411,BP.SMNB.DP3,BP.SMNB.40.DP3,BP.SMNB.40.DP3,40,40,SMNB,DP3,250.0,2.0-10.0Hz,2.0,10.0,17.544548678948377,654.9684404080119,0.7045937696440735,0.032,True
prospective_75120101_target_anchor_72154411,75120101,72154411,BP.SMNB.DP3,BP.SMNB.40.DP3,BP.SMNB.40.DP3,40,40,SMNB,DP3,250.0,5.0-20.0Hz,5.0,20.0,71.6172844815056,1312.7215127997797,0.37343685292665807,0.024,True
prospective_75120101_target_anchor_72154411,75120101,72154411,BP.SMNB.DP3,BP.SMNB.40.DP3,BP.SMNB.40.DP3,40,40,SMNB,DP3,250.0,10.0-40.0Hz,10.0,40.0,295.14244179906075,1958.2138634975715,0.25701233060050194,0.02,True
prospective_75120101_target_anchor_72154411,75120101,72154411,BP.SMNB.DP3,BP.SMNB.40.DP3,BP.SMNB.40.DP3,40,40,SMNB,DP3,250.0,2.0-40.0Hz,2.0,40.0,30.29432229267694,1269.4387223722592,0.3410894215676995,0.02,True
prospective_75120101_target_anchor_72359026,75120101,72359026,BK.PKD.HHE,BK.PKD.00.HHE,BK.PKD.00.HHE,00,00,PKD,HHE,100.0,2.0-10.0Hz,2.0,10.0,6.639140301871524,192.4207591221318,0.4787454203773615,0.05,True
prospective_75120101_target_anchor_72359026,75120101,72359026,BK.PKD.HHE,BK.PKD.00.HHE,BK.PKD.00.HHE,00,00,PKD,HHE,100.0,5.0-20.0Hz,5.0,20.0,19.681540175515334,275.75133516506725,0.2966980144054824,0.05,True
prospective_75120101_target_anchor_72359026,75120101,72359026,BK.PKD.HHE,BK.PKD.00.HHE,BK.PKD.00.HHE,00,00,PKD,HHE,100.0,10.0-40.0Hz,10.0,40.0,65.56833931044224,184.37663047345185,0.15766517361749144,-0.06,True
prospective_75120101_target_anchor_72359026,75120101,72359026,BK.PKD.HHE,BK.PKD.00.HHE,BK.PKD.00.HHE,00,00,PKD,HHE,100.0,2.0-40.0Hz,2.0,40.0,7.548463850336237,195.93105064832088,0.38448979861036964,0.05,True
prospective_75120101_target_anchor_72359026,75120101,72359026,BK.PKD.HHN,BK.PKD.00.HHN,BK.PKD.00.HHN,00,00,PKD,HHN,100.0,2.0-10.0Hz,2.0,10.0,7.785805106614082,204.7314316036659,0.5974946582278574,0.06,True
prospective_75120101_target_anchor_72359026,75120101,72359026,BK.PKD.HHN,BK.PKD.00.HHN,BK.PKD.00.HHN,00,00,PKD,HHN,100.0,5.0-20.0Hz,5.0,20.0,20.933617905416604,350.2624804515207,0.3572940690889055,0.06,True
prospective_75120101_target_anchor_72359026,75120101,72359026,BK.PKD.HHN,BK.PKD.00.HHN,BK.PKD.00.HHN,00,00,PKD,HHN,100.0,10.0-40.0Hz,10.0,40.0,84.80755290869757,276.20542658762366,0.337077758943845,0.06,True
prospective_75120101_target_anchor_72359026,75120101,72359026,BK.PKD.HHN,BK.PKD.00.HHN,BK.PKD.00.HHN,00,00,PKD,HHN,100.0,2.0-40.0Hz,2.0,40.0,10.034292918584063,231.65948448569662,0.4617516675173728,0.06,True
prospective_75120101_target_anchor_72359026,75120101,72359026,BK.PKD.HHZ,BK.PKD.00.HHZ,BK.PKD.00.HHZ,00,00,PKD,HHZ,100.0,2.0-10.0Hz,2.0,10.0,8.093542428309762,129.91105695319186,0.6615302033859554,0.06,True
prospective_75120101_target_anchor_72359026,75120101,72359026,BK.PKD.HHZ,BK.PKD.00.HHZ,BK.PKD.00.HHZ,00,00,PKD,HHZ,100.0,5.0-20.0Hz,5.0,20.0,39.87587981282201,265.3530077260987,0.48722412599791,0.06,True
prospective_75120101_target_anchor_72359026,75120101,72359026,BK.PKD.HHZ,BK.PKD.00.HHZ,BK.PKD.00.HHZ,00,00,PKD,HHZ,100.0,10.0-40.0Hz,10.0,40.0,149.43050225972692,382.35853872264903,0.4632462717370598,0.06,True
prospective_75120101_target_anchor_72359026,75120101,72359026,BK.PKD.HHZ,BK.PKD.00.HHZ,BK.PKD.00.HHZ,00,00,PKD,HHZ,100.0,2.0-40.0Hz,2.0,40.0,12.47024526360924,192.59862522600173,0.5309026522822147,0.06,True
prospective_75120101_target_anchor_72359026,75120101,72359026,BP.EADB.DP1,BP.EADB.40.DP1,BP.EADB.40.DP1,40,40,EADB,DP1,250.0,2.0-10.0Hz,2.0,10.0,3.8755508190534855,90.67814701296416,0.6445022886833305,0.1,True
prospective_75120101_target_anchor_72359026,75120101,72359026,BP.EADB.DP1,BP.EADB.40.DP1,BP.EADB.40.DP1,40,40,EADB,DP1,250.0,5.0-20.0Hz,5.0,20.0,14.805340570563986,91.01500436434874,0.4019792440820517,-0.052,True
prospective_75120101_target_anchor_72359026,75120101,72359026,BP.EADB.DP1,BP.EADB.40.DP1,BP.EADB.40.DP1,40,40,EADB,DP1,250.0,10.0-40.0Hz,10.0,40.0,22.463976399791033,39.61153221277148,0.29136943200891835,0.14,True
prospective_75120101_target_anchor_72359026,75120101,72359026,BP.EADB.DP1,BP.EADB.40.DP1,BP.EADB.40.DP1,40,40,EADB,DP1,250.0,2.0-40.0Hz,2.0,40.0,4.421205244082887,87.7531052339804,0.5395112586233675,0.096,True
prospective_75120101_target_anchor_72359026,75120101,72359026,BP.EADB.DP2,BP.EADB.40.DP2,BP.EADB.40.DP2,40,40,EADB,DP2,250.0,2.0-10.0Hz,2.0,10.0,3.520662686320501,149.72073147230336,0.7962205619030301,0.108,True
prospective_75120101_target_anchor_72359026,75120101,72359026,BP.EADB.DP2,BP.EADB.40.DP2,BP.EADB.40.DP2,40,40,EADB,DP2,250.0,5.0-20.0Hz,5.0,20.0,7.084048407830913,82.85757152588369,0.5178006544386864,0.276,True
prospective_75120101_target_anchor_72359026,75120101,72359026,BP.EADB.DP2,BP.EADB.40.DP2,BP.EADB.40.DP2,40,40,EADB,DP2,250.0,10.0-40.0Hz,10.0,40.0,14.232515841080428,29.992114162029953,0.44413219630570205,0.072,True
prospective_75120101_target_anchor_72359026,75120101,72359026,BP.EADB.DP2,BP.EADB.40.DP2,BP.EADB.40.DP2,40,40,EADB,DP2,250.0,2.0-40.0Hz,2.0,40.0,3.9832777008248854,124.38734122133017,0.7354349794365173,0.108,True
prospective_75120101_target_anchor_72359026,75120101,72359026,BP.EADB.DP3,BP.EADB.40.DP3,BP.EADB.40.DP3,40,40,EADB,DP3,250.0,2.0-10.0Hz,2.0,10.0,3.972870329850195,137.99096073923155,0.803442684913553,0.108,True
prospective_75120101_target_anchor_72359026,75120101,72359026,BP.EADB.DP3,BP.EADB.40.DP3,BP.EADB.40.DP3,40,40,EADB,DP3,250.0,5.0-20.0Hz,5.0,20.0,7.015309700567644,64.19963791286105,0.43999710754496957,-0.06,True
prospective_75120101_target_anchor_72359026,75120101,72359026,BP.EADB.DP3,BP.EADB.40.DP3,BP.EADB.40.DP3,40,40,EADB,DP3,250.0,10.0-40.0Hz,10.0,40.0,15.924774363618825,24.768960229981243,0.26767201377575295,0.276,True
prospective_75120101_target_anchor_72359026,75120101,72359026,BP.EADB.DP3,BP.EADB.40.DP3,BP.EADB.40.DP3,40,40,EADB,DP3,250.0,2.0-40.0Hz,2.0,40.0,4.18841542754627,107.22691813042348,0.7894458861106666,0.104,True
prospective_75120101_target_anchor_72359026,75120101,72359026,BP.FROB.DP1,BP.FROB.40.DP1,BP.FROB.40.DP1,40,40,FROB,DP1,250.0,2.0-10.0Hz,2.0,10.0,2.806748349927372,4.260931377143971,0.3853137000985366,0.124,False
prospective_75120101_target_anchor_72359026,75120101,72359026,BP.FROB.DP1,BP.FROB.40.DP1,BP.FROB.40.DP1,40,40,FROB,DP1,250.0,5.0-20.0Hz,5.0,20.0,8.171328590374815,10.037625294593584,0.23838760789441385,-0.164,True
prospective_75120101_target_anchor_72359026,75120101,72359026,BP.FROB.DP1,BP.FROB.40.DP1,BP.FROB.40.DP1,40,40,FROB,DP1,250.0,10.0-40.0Hz,10.0,40.0,15.722197249920237,21.754868243843195,0.1658042048435284,0.076,True
prospective_75120101_target_anchor_72359026,75120101,72359026,BP.FROB.DP1,BP.FROB.40.DP1,BP.FROB.40.DP1,40,40,FROB,DP1,250.0,2.0-40.0Hz,2.0,40.0,4.233598353149071,6.715129024373578,0.18719390330423136,0.136,True
prospective_75120101_target_anchor_72359026,75120101,72359026,BP.FROB.DP2,BP.FROB.40.DP2,BP.FROB.40.DP2,40,40,FROB,DP2,250.0,2.0-10.0Hz,2.0,10.0,2.4567398262709537,5.89799700710357,0.46710150634738734,0.096,False
prospective_75120101_target_anchor_72359026,75120101,72359026,BP.FROB.DP2,BP.FROB.40.DP2,BP.FROB.40.DP2,40,40,FROB,DP2,250.0,5.0-20.0Hz,5.0,20.0,10.288151349703165,9.393229254127506,0.22509075234074818,0.256,True
prospective_75120101_target_anchor_72359026,75120101,72359026,BP.FROB.DP2,BP.FROB.40.DP2,BP.FROB.40.DP2,40,40,FROB,DP2,250.0,10.0-40.0Hz,10.0,40.0,17.533353967084267,15.221083625156332,0.18132069704128823,0.324,True
prospective_75120101_target_anchor_72359026,75120101,72359026,BP.FROB.DP2,BP.FROB.40.DP2,BP.FROB.40.DP2,40,40,FROB,DP2,250.0,2.0-40.0Hz,2.0,40.0,4.30959090310561,8.830351693514608,0.22023123025776267,0.08,True
prospective_75120101_target_anchor_72359026,75120101,72359026,BP.FROB.DP3,BP.FROB.40.DP3,BP.FROB.40.DP3,40,40,FROB,DP3,250.0,2.0-10.0Hz,2.0,10.0,3.1538320217210716,1.2538445064641657,0.2972774162586288,0.108,False
prospective_75120101_target_anchor_72359026,75120101,72359026,BP.FROB.DP3,BP.FROB.40.DP3,BP.FROB.40.DP3,40,40,FROB,DP3,250.0,5.0-20.0Hz,5.0,20.0,8.107287466460306,1.7167857845902323,0.15284054453055704,-0.028,False
prospective_75120101_target_anchor_72359026,75120101,72359026,BP.FROB.DP3,BP.FROB.40.DP3,BP.FROB.40.DP3,40,40,FROB,DP3,250.0,10.0-40.0Hz,10.0,40.0,10.922510198290833,2.6635692194129974,0.16196914606052423,-0.04,False
prospective_75120101_target_anchor_72359026,75120101,72359026,BP.FROB.DP3,BP.FROB.40.DP3,BP.FROB.40.DP3,40,40,FROB,DP3,250.0,2.0-40.0Hz,2.0,40.0,3.9205437108851413,1.3402311057852834,0.22721122738974142,0.1,False
prospective_75120101_target_anchor_72359026,75120101,72359026,BP.GHIB.DP1,BP.GHIB.40.DP1,BP.GHIB.40.DP1,40,40,GHIB,DP1,250.0,2.0-10.0Hz,2.0,10.0,0.9400540562713834,11.65749527303428,0.565047333208518,0.092,False
prospective_75120101_target_anchor_72359026,75120101,72359026,BP.GHIB.DP1,BP.GHIB.40.DP1,BP.GHIB.40.DP1,40,40,GHIB,DP1,250.0,5.0-20.0Hz,5.0,20.0,1.6382101296683986,17.52445251520764,0.3821411613922678,0.088,False
prospective_75120101_target_anchor_72359026,75120101,72359026,BP.GHIB.DP1,BP.GHIB.40.DP1,BP.GHIB.40.DP1,40,40,GHIB,DP1,250.0,10.0-40.0Hz,10.0,40.0,4.6105255872075395,10.877763938786716,0.35981465838934257,0.084,True
prospective_75120101_target_anchor_72359026,75120101,72359026,BP.GHIB.DP1,BP.GHIB.40.DP1,BP.GHIB.40.DP1,40,40,GHIB,DP1,250.0,2.0-40.0Hz,2.0,40.0,1.012677211825901,11.813589689026871,0.5151413606577889,0.088,False
prospective_75120101_target_anchor_72359026,75120101,72359026,BP.GHIB.DP3,BP.GHIB.40.DP3,BP.GHIB.40.DP3,40,40,GHIB,DP3,250.0,2.0-10.0Hz,2.0,10.0,0.6241623322308958,6.838789843787416,0.4681486692685019,0.088,False
prospective_75120101_target_anchor_72359026,75120101,72359026,BP.GHIB.DP3,BP.GHIB.40.DP3,BP.GHIB.40.DP3,40,40,GHIB,DP3,250.0,5.0-20.0Hz,5.0,20.0,1.4154328452049272,9.09040252007095,0.3923009794646288,0.084,False
prospective_75120101_target_anchor_72359026,75120101,72359026,BP.GHIB.DP3,BP.GHIB.40.DP3,BP.GHIB.40.DP3,40,40,GHIB,DP3,250.0,10.0-40.0Hz,10.0,40.0,2.193440559273835,7.33521507272659,0.24819685445649384,0.08,False
prospective_75120101_target_anchor_72359026,75120101,72359026,BP.GHIB.DP3,BP.GHIB.40.DP3,BP.GHIB.40.DP3,40,40,GHIB,DP3,250.0,2.0-40.0Hz,2.0,40.0,0.658425917381251,7.086713060661988,0.4418645523994022,0.084,False
prospective_75120101_target_anchor_72359026,75120101,72359026,BP.JCSB.DP1,BP.JCSB.40.DP1,BP.JCSB.40.DP1,40,40,JCSB,DP1,250.0,2.0-10.0Hz,2.0,10.0,31.90819529224337,75.58369197964697,0.8526208791351225,0.104,True
prospective_75120101_target_anchor_72359026,75120101,72359026,BP.JCSB.DP1,BP.JCSB.40.DP1,BP.JCSB.40.DP1,40,40,JCSB,DP1,250.0,5.0-20.0Hz,5.0,20.0,36.8517655087632,89.5760621716422,0.47061539578544737,0.112,True
prospective_75120101_target_anchor_72359026,75120101,72359026,BP.JCSB.DP1,BP.JCSB.40.DP1,BP.JCSB.40.DP1,40,40,JCSB,DP1,250.0,10.0-40.0Hz,10.0,40.0,73.46197046832495,70.69944940611727,0.3095670276022314,0.124,True
prospective_75120101_target_anchor_72359026,75120101,72359026,BP.JCSB.DP1,BP.JCSB.40.DP1,BP.JCSB.40.DP1,40,40,JCSB,DP1,250.0,2.0-40.0Hz,2.0,40.0,34.27776775919258,75.80885356785106,0.6569004103341743,0.112,True
prospective_75120101_target_anchor_72359026,75120101,72359026,BP.JCSB.DP2,BP.JCSB.40.DP2,BP.JCSB.40.DP2,40,40,JCSB,DP2,250.0,2.0-10.0Hz,2.0,10.0,2.3374096992488926,3.0311021738017234,0.4181846693076647,0.1,False
prospective_75120101_target_anchor_72359026,75120101,72359026,BP.JCSB.DP2,BP.JCSB.40.DP2,BP.JCSB.40.DP2,40,40,JCSB,DP2,250.0,5.0-20.0Hz,5.0,20.0,3.941044624588744,6.095715747913825,0.4262887824598425,0.068,True
prospective_75120101_target_anchor_72359026,75120101,72359026,BP.JCSB.DP2,BP.JCSB.40.DP2,BP.JCSB.40.DP2,40,40,JCSB,DP2,250.0,10.0-40.0Hz,10.0,40.0,4.132759451255687,9.256395882270532,0.42279399679307766,0.068,True
prospective_75120101_target_anchor_72359026,75120101,72359026,BP.JCSB.DP2,BP.JCSB.40.DP2,BP.JCSB.40.DP2,40,40,JCSB,DP2,250.0,2.0-40.0Hz,2.0,40.0,3.450109229297441,6.460099770020142,0.3701315576953737,0.068,True
prospective_75120101_target_anchor_72359026,75120101,72359026,BP.JCSB.DP3,BP.JCSB.40.DP3,BP.JCSB.40.DP3,40,40,JCSB,DP3,250.0,2.0-10.0Hz,2.0,10.0,4.18344568844005,3.7620120729965407,0.40458186761977244,0.112,True
prospective_75120101_target_anchor_72359026,75120101,72359026,BP.JCSB.DP3,BP.JCSB.40.DP3,BP.JCSB.40.DP3,40,40,JCSB,DP3,250.0,5.0-20.0Hz,5.0,20.0,5.564751955071884,6.877861598646607,0.33010667227630763,0.128,True
prospective_75120101_target_anchor_72359026,75120101,72359026,BP.JCSB.DP3,BP.JCSB.40.DP3,BP.JCSB.40.DP3,40,40,JCSB,DP3,250.0,10.0-40.0Hz,10.0,40.0,4.78888564521198,8.943002239525727,0.3276909612163238,0.068,True
prospective_75120101_target_anchor_72359026,75120101,72359026,BP.JCSB.DP3,BP.JCSB.40.DP3,BP.JCSB.40.DP3,40,40,JCSB,DP3,250.0,2.0-40.0Hz,2.0,40.0,4.589086054035023,6.478928469445922,0.30699367040443554,0.124,True
prospective_75120101_target_anchor_72359026,75120101,72359026,BP.LCCB.DP1,BP.LCCB.40.DP1,BP.LCCB.40.DP1,40,40,LCCB,DP1,250.0,2.0-10.0Hz,2.0,10.0,29.532775871980146,144.30519939242015,0.3085652205754365,0.38,True
prospective_75120101_target_anchor_72359026,75120101,72359026,BP.LCCB.DP1,BP.LCCB.40.DP1,BP.LCCB.40.DP1,40,40,LCCB,DP1,250.0,5.0-20.0Hz,5.0,20.0,117.54245303932179,116.79960642395586,0.31391407151720047,-0.128,True
prospective_75120101_target_anchor_72359026,75120101,72359026,BP.LCCB.DP1,BP.LCCB.40.DP1,BP.LCCB.40.DP1,40,40,LCCB,DP1,250.0,10.0-40.0Hz,10.0,40.0,177.61630906970828,48.054868990958056,0.22756997705239584,0.032,True
prospective_75120101_target_anchor_72359026,75120101,72359026,BP.LCCB.DP1,BP.LCCB.40.DP1,BP.LCCB.40.DP1,40,40,LCCB,DP1,250.0,2.0-40.0Hz,2.0,40.0,36.614359222332396,77.92925931112896,0.24649775476051836,0.38,True
prospective_75120101_target_anchor_72359026,75120101,72359026,BP.LCCB.DP2,BP.LCCB.40.DP2,BP.LCCB.40.DP2,40,40,LCCB,DP2,250.0,2.0-10.0Hz,2.0,10.0,41.08030954389449,18.039683385308233,0.7395377411412283,0.068,True
prospective_75120101_target_anchor_72359026,75120101,72359026,BP.LCCB.DP2,BP.LCCB.40.DP2,BP.LCCB.40.DP2,40,40,LCCB,DP2,250.0,5.0-20.0Hz,5.0,20.0,66.38825514298328,16.284071843198152,0.31098345210273226,0.076,True
prospective_75120101_target_anchor_72359026,75120101,72359026,BP.LCCB.DP2,BP.LCCB.40.DP2,BP.LCCB.40.DP2,40,40,LCCB,DP2,250.0,10.0-40.0Hz,10.0,40.0,50.49513305571572,9.502071401472138,0.3442282473041548,0.18,True
prospective_75120101_target_anchor_72359026,75120101,72359026,BP.LCCB.DP2,BP.LCCB.40.DP2,BP.LCCB.40.DP2,40,40,LCCB,DP2,250.0,2.0-40.0Hz,2.0,40.0,46.356316868365816,11.627260615733112,0.3061912840304883,0.068,True
prospective_75120101_target_anchor_72359026,75120101,72359026,BP.LCCB.DP3,BP.LCCB.40.DP3,BP.LCCB.40.DP3,40,40,LCCB,DP3,250.0,2.0-10.0Hz,2.0,10.0,23.871749607838066,139.73969410475817,0.5353371628333408,0.056,True
prospective_75120101_target_anchor_72359026,75120101,72359026,BP.LCCB.DP3,BP.LCCB.40.DP3,BP.LCCB.40.DP3,40,40,LCCB,DP3,250.0,5.0-20.0Hz,5.0,20.0,108.6930789115019,91.96752254135689,0.22414149619852136,0.396,True
prospective_75120101_target_anchor_72359026,75120101,72359026,BP.LCCB.DP3,BP.LCCB.40.DP3,BP.LCCB.40.DP3,40,40,LCCB,DP3,250.0,10.0-40.0Hz,10.0,40.0,227.6138020694364,43.743895287550146,0.33261688022759794,0.024,True
prospective_75120101_target_anchor_72359026,75120101,72359026,BP.LCCB.DP3,BP.LCCB.40.DP3,BP.LCCB.40.DP3,40,40,LCCB,DP3,250.0,2.0-40.0Hz,2.0,40.0,28.301103580124458,74.51334957861764,0.33787620019907977,0.076,True
prospective_75120101_target_anchor_72359026,75120101,72359026,BP.SCYB.DP1,BP.SCYB.40.DP1,BP.SCYB.40.DP1,40,40,SCYB,DP1,250.0,2.0-10.0Hz,2.0,10.0,37.34077156871005,1172.4511618110148,0.5404934734936397,0.02,True
prospective_75120101_target_anchor_72359026,75120101,72359026,BP.SCYB.DP1,BP.SCYB.40.DP1,BP.SCYB.40.DP1,40,40,SCYB,DP1,250.0,5.0-20.0Hz,5.0,20.0,144.99959908158982,1326.0586498136606,0.39076475515782283,0.02,True
prospective_75120101_target_anchor_72359026,75120101,72359026,BP.SCYB.DP1,BP.SCYB.40.DP1,BP.SCYB.40.DP1,40,40,SCYB,DP1,250.0,10.0-40.0Hz,10.0,40.0,273.82475731244875,723.0585102047575,0.25168838348409306,0.02,True
prospective_75120101_target_anchor_72359026,75120101,72359026,BP.SCYB.DP1,BP.SCYB.40.DP1,BP.SCYB.40.DP1,40,40,SCYB,DP1,250.0,2.0-40.0Hz,2.0,40.0,42.30593446888377,1042.0029576535512,0.4722501536181329,0.02,True
prospective_75120101_target_anchor_72359026,75120101,72359026,BP.SCYB.DP2,BP.SCYB.40.DP2,BP.SCYB.40.DP2,40,40,SCYB,DP2,250.0,2.0-10.0Hz,2.0,10.0,50.42459878739831,1013.9208429116369,0.7368118658681683,0.028,True
prospective_75120101_target_anchor_72359026,75120101,72359026,BP.SCYB.DP2,BP.SCYB.40.DP2,BP.SCYB.40.DP2,40,40,SCYB,DP2,250.0,5.0-20.0Hz,5.0,20.0,148.09378361125954,1151.9217487291608,0.3649172852290338,0.164,True
prospective_75120101_target_anchor_72359026,75120101,72359026,BP.SCYB.DP2,BP.SCYB.40.DP2,BP.SCYB.40.DP2,40,40,SCYB,DP2,250.0,10.0-40.0Hz,10.0,40.0,217.47847750534632,492.541363288504,0.37390951686220675,0.168,True
prospective_75120101_target_anchor_72359026,75120101,72359026,BP.SCYB.DP2,BP.SCYB.40.DP2,BP.SCYB.40.DP2,40,40,SCYB,DP2,250.0,2.0-40.0Hz,2.0,40.0,53.1538409376568,894.3301530408527,0.6281027393144509,0.028,True
prospective_75120101_target_anchor_72359026,75120101,72359026,BP.SCYB.DP3,BP.SCYB.40.DP3,BP.SCYB.40.DP3,40,40,SCYB,DP3,250.0,2.0-10.0Hz,2.0,10.0,24.266436016767738,809.0954847376594,0.49408454650412137,0.016,True
prospective_75120101_target_anchor_72359026,75120101,72359026,BP.SCYB.DP3,BP.SCYB.40.DP3,BP.SCYB.40.DP3,40,40,SCYB,DP3,250.0,5.0-20.0Hz,5.0,20.0,88.69514904271306,1000.3592721639451,0.44053630411890426,0.004,True
prospective_75120101_target_anchor_72359026,75120101,72359026,BP.SCYB.DP3,BP.SCYB.40.DP3,BP.SCYB.40.DP3,40,40,SCYB,DP3,250.0,10.0-40.0Hz,10.0,40.0,238.49667681434096,596.0420344216835,0.5174355423894065,-0.08,True
prospective_75120101_target_anchor_72359026,75120101,72359026,BP.SCYB.DP3,BP.SCYB.40.DP3,BP.SCYB.40.DP3,40,40,SCYB,DP3,250.0,2.0-40.0Hz,2.0,40.0,26.809320550007495,768.5881491464552,0.46995450443293835,0.008,True
prospective_75120101_target_anchor_72359026,75120101,72359026,BP.SMNB.DP1,BP.SMNB.40.DP1,BP.SMNB.40.DP1,40,40,SMNB,DP1,250.0,2.0-10.0Hz,2.0,10.0,18.172705429298187,635.7735658292014,0.7861481018787416,0.016,True
prospective_75120101_target_anchor_72359026,75120101,72359026,BP.SMNB.DP1,BP.SMNB.40.DP1,BP.SMNB.40.DP1,40,40,SMNB,DP1,250.0,5.0-20.0Hz,5.0,20.0,83.53956709943098,927.7988674046223,0.5298759806565775,0.02,True
prospective_75120101_target_anchor_72359026,75120101,72359026,BP.SMNB.DP1,BP.SMNB.40.DP1,BP.SMNB.40.DP1,40,40,SMNB,DP1,250.0,10.0-40.0Hz,10.0,40.0,227.80216841360118,1238.7070169387239,0.2694250186330461,0.02,True
prospective_75120101_target_anchor_72359026,75120101,72359026,BP.SMNB.DP1,BP.SMNB.40.DP1,BP.SMNB.40.DP1,40,40,SMNB,DP1,250.0,2.0-40.0Hz,2.0,40.0,24.83942660060037,828.740453923952,0.5164700817485203,0.02,True
prospective_75120101_target_anchor_72359026,75120101,72359026,BP.SMNB.DP2,BP.SMNB.40.DP2,BP.SMNB.40.DP2,40,40,SMNB,DP2,250.0,2.0-10.0Hz,2.0,10.0,10.986266587137962,593.5251517565778,0.607636173941595,0.012,True
prospective_75120101_target_anchor_72359026,75120101,72359026,BP.SMNB.DP2,BP.SMNB.40.DP2,BP.SMNB.40.DP2,40,40,SMNB,DP2,250.0,5.0-20.0Hz,5.0,20.0,68.5253236808856,1019.6485920212331,0.4580668881513438,0.012,True
prospective_75120101_target_anchor_72359026,75120101,72359026,BP.SMNB.DP2,BP.SMNB.40.DP2,BP.SMNB.40.DP2,40,40,SMNB,DP2,250.0,10.0-40.0Hz,10.0,40.0,210.67671146967135,1310.778168346684,0.343678159255862,0.016,True
prospective_75120101_target_anchor_72359026,75120101,72359026,BP.SMNB.DP2,BP.SMNB.40.DP2,BP.SMNB.40.DP2,40,40,SMNB,DP2,250.0,2.0-40.0Hz,2.0,40.0,20.429481619216382,878.9241076417773,0.4458036341350174,0.012,True
prospective_75120101_target_anchor_72359026,75120101,72359026,BP.SMNB.DP3,BP.SMNB.40.DP3,BP.SMNB.40.DP3,40,40,SMNB,DP3,250.0,2.0-10.0Hz,2.0,10.0,17.544548678948377,407.1264530290289,0.7625752789401221,0.02,True
prospective_75120101_target_anchor_72359026,75120101,72359026,BP.SMNB.DP3,BP.SMNB.40.DP3,BP.SMNB.40.DP3,40,40,SMNB,DP3,250.0,5.0-20.0Hz,5.0,20.0,71.6172844815056,1015.3782140724481,0.4023593720744347,0.016,True
prospective_75120101_target_anchor_72359026,75120101,72359026,BP.SMNB.DP3,BP.SMNB.40.DP3,BP.SMNB.40.DP3,40,40,SMNB,DP3,250.0,10.0-40.0Hz,10.0,40.0,295.14244179906075,1391.107539233404,0.2587459479783722,0.016,True
prospective_75120101_target_anchor_72359026,75120101,72359026,BP.SMNB.DP3,BP.SMNB.40.DP3,BP.SMNB.40.DP3,40,40,SMNB,DP3,250.0,2.0-40.0Hz,2.0,40.0,30.29432229267694,720.2862647983266,0.4059166366105294,0.016,True
prospective_75120101_target_anchor_72359026,75120101,72359026,NC.PSM.EHE,NC.PSM..EHE,NC.PSM..EHE,,,PSM,EHE,100.0,2.0-10.0Hz,2.0,10.0,0.88013530621968,938.0532373096394,0.21784812536833978,0.31,False
prospective_75120101_target_anchor_72359026,75120101,72359026,NC.PSM.EHE,NC.PSM..EHE,NC.PSM..EHE,,,PSM,EHE,100.0,5.0-20.0Hz,5.0,20.0,0.9874763147503473,625.4970325449021,0.13475181556454882,0.17,False
prospective_75120101_target_anchor_72359026,75120101,72359026,NC.PSM.EHE,NC.PSM..EHE,NC.PSM..EHE,,,PSM,EHE,100.0,10.0-40.0Hz,10.0,40.0,0.9517293182019905,81.01904800505557,0.10330679887660933,-0.27,False
prospective_75120101_target_anchor_72359026,75120101,72359026,NC.PSM.EHE,NC.PSM..EHE,NC.PSM..EHE,,,PSM,EHE,100.0,2.0-40.0Hz,2.0,40.0,0.9324888277165483,468.9834172904278,0.11493189285346812,0.31,False
prospective_75120101_target_anchor_72359026,75120101,72359026,NC.PSM.EHN,NC.PSM..EHN,NC.PSM..EHN,,,PSM,EHN,100.0,2.0-10.0Hz,2.0,10.0,67.4592164332636,833.8990095929345,0.7207343192726824,-0.03,True
prospective_75120101_target_anchor_72359026,75120101,72359026,NC.PSM.EHN,NC.PSM..EHN,NC.PSM..EHN,,,PSM,EHN,100.0,5.0-20.0Hz,5.0,20.0,172.4071837561546,417.70713752809814,0.4554229265987769,-0.01,True
prospective_75120101_target_anchor_72359026,75120101,72359026,NC.PSM.EHN,NC.PSM..EHN,NC.PSM..EHN,,,PSM,EHN,100.0,10.0-40.0Hz,10.0,40.0,143.14690570532412,96.11115004760399,0.2820185041197201,-0.2,True
prospective_75120101_target_anchor_72359026,75120101,72359026,NC.PSM.EHN,NC.PSM..EHN,NC.PSM..EHN,,,PSM,EHN,100.0,2.0-40.0Hz,2.0,40.0,70.64404420284475,478.42311558167444,0.683891418326108,-0.02,True
prospective_75120101_target_anchor_72359026,75120101,72359026,NC.PSM.EHZ,NC.PSM..EHZ,NC.PSM..EHZ,,,PSM,EHZ,100.0,2.0-10.0Hz,2.0,10.0,73.3307564895935,837.0842282814857,0.6449352564559334,-0.01,True
prospective_75120101_target_anchor_72359026,75120101,72359026,NC.PSM.EHZ,NC.PSM..EHZ,NC.PSM..EHZ,,,PSM,EHZ,100.0,5.0-20.0Hz,5.0,20.0,152.22232250241552,585.1864103038785,0.46333194868019056,-0.01,True
prospective_75120101_target_anchor_72359026,75120101,72359026,NC.PSM.EHZ,NC.PSM..EHZ,NC.PSM..EHZ,,,PSM,EHZ,100.0,10.0-40.0Hz,10.0,40.0,127.43333793386542,68.35409675968958,0.3304994320751045,-0.01,True
prospective_75120101_target_anchor_72359026,75120101,72359026,NC.PSM.EHZ,NC.PSM..EHZ,NC.PSM..EHZ,,,PSM,EHZ,100.0,2.0-40.0Hz,2.0,40.0,75.88297534122597,335.43543603806137,0.6197220654810185,-0.01,True
prospective_75120116_target_anchor_51214531,75120116,51214531,BP.EADB.DP1,BP.EADB.40.DP1,BP.EADB..DP1,40,,EADB,DP1,250.0,2.0-10.0Hz,2.0,10.0,377.33902148449675,55.3225379456065,0.6144351239061817,0.124,True
prospective_75120116_target_anchor_51214531,75120116,51214531,BP.EADB.DP1,BP.EADB.40.DP1,BP.EADB..DP1,40,,EADB,DP1,250.0,5.0-20.0Hz,5.0,20.0,451.34225284617014,49.23983759786967,0.379477614021784,-0.036,True
prospective_75120116_target_anchor_51214531,75120116,51214531,BP.EADB.DP1,BP.EADB.40.DP1,BP.EADB..DP1,40,,EADB,DP1,250.0,10.0-40.0Hz,10.0,40.0,208.792186169755,22.81690640706947,0.325445574688896,0.08,True
prospective_75120116_target_anchor_51214531,75120116,51214531,BP.EADB.DP1,BP.EADB.40.DP1,BP.EADB..DP1,40,,EADB,DP1,250.0,2.0-40.0Hz,2.0,40.0,356.10196681662677,47.72855654273528,0.5091824546284501,0.128,True
prospective_75120116_target_anchor_51214531,75120116,51214531,BP.EADB.DP2,BP.EADB.40.DP2,BP.EADB..DP2,40,,EADB,DP2,250.0,2.0-10.0Hz,2.0,10.0,559.3008238554658,71.52809277891325,0.6922400013107547,0.132,True
prospective_75120116_target_anchor_51214531,75120116,51214531,BP.EADB.DP2,BP.EADB.40.DP2,BP.EADB..DP2,40,,EADB,DP2,250.0,5.0-20.0Hz,5.0,20.0,391.28457344312704,55.82815466044312,0.421955264012511,0.292,True
prospective_75120116_target_anchor_51214531,75120116,51214531,BP.EADB.DP2,BP.EADB.40.DP2,BP.EADB..DP2,40,,EADB,DP2,250.0,10.0-40.0Hz,10.0,40.0,170.98505839254935,26.050706530428297,0.44717414513102766,0.08,True
prospective_75120116_target_anchor_51214531,75120116,51214531,BP.EADB.DP2,BP.EADB.40.DP2,BP.EADB..DP2,40,,EADB,DP2,250.0,2.0-40.0Hz,2.0,40.0,497.27777793148084,61.634001284173195,0.6385350261811441,0.136,True
prospective_75120116_target_anchor_51214531,75120116,51214531,BP.EADB.DP3,BP.EADB.40.DP3,BP.EADB..DP3,40,,EADB,DP3,250.0,2.0-10.0Hz,2.0,10.0,444.33864971263745,53.58546716213634,0.691397819795659,0.136,True
prospective_75120116_target_anchor_51214531,75120116,51214531,BP.EADB.DP3,BP.EADB.40.DP3,BP.EADB..DP3,40,,EADB,DP3,250.0,5.0-20.0Hz,5.0,20.0,392.8002619129379,31.45918885892672,0.5279091544202288,-0.04,True
prospective_75120116_target_anchor_51214531,75120116,51214531,BP.EADB.DP3,BP.EADB.40.DP3,BP.EADB..DP3,40,,EADB,DP3,250.0,10.0-40.0Hz,10.0,40.0,146.93235348083232,13.397308551939556,0.23612718743293773,0.076,True
prospective_75120116_target_anchor_51214531,75120116,51214531,BP.EADB.DP3,BP.EADB.40.DP3,BP.EADB..DP3,40,,EADB,DP3,250.0,2.0-40.0Hz,2.0,40.0,451.84445834672806,40.080114834370974,0.6357977909732532,0.144,True
prospective_75120116_target_anchor_51214531,75120116,51214531,BP.FROB.DP1,BP.FROB.40.DP1,BP.FROB..DP1,40,,FROB,DP1,250.0,2.0-10.0Hz,2.0,10.0,24.36195824888881,33.13931186912395,0.32804963147690075,0.14,True
prospective_75120116_target_anchor_51214531,75120116,51214531,BP.FROB.DP1,BP.FROB.40.DP1,BP.FROB..DP1,40,,FROB,DP1,250.0,5.0-20.0Hz,5.0,20.0,65.35391071273327,58.38411660886369,0.21934524482273707,-0.16,True
prospective_75120116_target_anchor_51214531,75120116,51214531,BP.FROB.DP1,BP.FROB.40.DP1,BP.FROB..DP1,40,,FROB,DP1,250.0,10.0-40.0Hz,10.0,40.0,134.17132938313753,73.89829832799535,0.1756538739300756,0.072,True
prospective_75120116_target_anchor_51214531,75120116,51214531,BP.FROB.DP1,BP.FROB.40.DP1,BP.FROB..DP1,40,,FROB,DP1,250.0,2.0-40.0Hz,2.0,40.0,36.82358377425758,49.624911524861425,0.148079338822718,0.148,True
prospective_75120116_target_anchor_51214531,75120116,51214531,BP.FROB.DP2,BP.FROB.40.DP2,BP.FROB..DP2,40,,FROB,DP2,250.0,2.0-10.0Hz,2.0,10.0,98.0197838066165,32.552353277134266,0.4143837832289239,0.112,True
prospective_75120116_target_anchor_51214531,75120116,51214531,BP.FROB.DP2,BP.FROB.40.DP2,BP.FROB..DP2,40,,FROB,DP2,250.0,5.0-20.0Hz,5.0,20.0,134.68428391825708,38.40742077032753,0.2457852362485435,0.26,True
prospective_75120116_target_anchor_51214531,75120116,51214531,BP.FROB.DP2,BP.FROB.40.DP2,BP.FROB..DP2,40,,FROB,DP2,250.0,10.0-40.0Hz,10.0,40.0,137.46033971049835,42.45892225027907,0.17616608220762184,0.264,True
prospective_75120116_target_anchor_51214531,75120116,51214531,BP.FROB.DP2,BP.FROB.40.DP2,BP.FROB..DP2,40,,FROB,DP2,250.0,2.0-40.0Hz,2.0,40.0,115.69108479144234,39.54042744652757,0.17502841211750617,0.412,True
prospective_75120116_target_anchor_51214531,75120116,51214531,BP.FROB.DP3,BP.FROB.40.DP3,BP.FROB..DP3,40,,FROB,DP3,250.0,2.0-10.0Hz,2.0,10.0,104.55123065508403,37.07352658324447,0.24723826826698206,0.132,True
prospective_75120116_target_anchor_51214531,75120116,51214531,BP.FROB.DP3,BP.FROB.40.DP3,BP.FROB..DP3,40,,FROB,DP3,250.0,5.0-20.0Hz,5.0,20.0,115.48851609895509,45.36322220808987,0.1667471414247242,0.392,True
prospective_75120116_target_anchor_51214531,75120116,51214531,BP.FROB.DP3,BP.FROB.40.DP3,BP.FROB..DP3,40,,FROB,DP3,250.0,10.0-40.0Hz,10.0,40.0,99.91827815128573,51.07041741560048,0.14845410867256478,-0.04,True
prospective_75120116_target_anchor_51214531,75120116,51214531,BP.FROB.DP3,BP.FROB.40.DP3,BP.FROB..DP3,40,,FROB,DP3,250.0,2.0-40.0Hz,2.0,40.0,101.21597790317381,41.746527876974504,0.1803947773409546,0.392,True
prospective_75120116_target_anchor_51214531,75120116,51214531,BP.GHIB.DP1,BP.GHIB.40.DP1,BP.GHIB..DP1,40,,GHIB,DP1,250.0,2.0-10.0Hz,2.0,10.0,27.20867492768638,1.6931163525484692,0.6914767423395803,0.108,False
prospective_75120116_target_anchor_51214531,75120116,51214531,BP.GHIB.DP1,BP.GHIB.40.DP1,BP.GHIB..DP1,40,,GHIB,DP1,250.0,5.0-20.0Hz,5.0,20.0,37.32558007054262,2.3962866887335705,0.40902019479427754,0.1,False
prospective_75120116_target_anchor_51214531,75120116,51214531,BP.GHIB.DP1,BP.GHIB.40.DP1,BP.GHIB..DP1,40,,GHIB,DP1,250.0,10.0-40.0Hz,10.0,40.0,37.60843461912835,0.6811129585874992,0.38567548486543535,0.268,False
prospective_75120116_target_anchor_51214531,75120116,51214531,BP.GHIB.DP1,BP.GHIB.40.DP1,BP.GHIB..DP1,40,,GHIB,DP1,250.0,2.0-40.0Hz,2.0,40.0,28.379825923887214,1.1386605845591107,0.5701699978902773,0.1,False
prospective_75120116_target_anchor_51214531,75120116,51214531,BP.GHIB.DP3,BP.GHIB.40.DP3,BP.GHIB..DP3,40,,GHIB,DP3,250.0,2.0-10.0Hz,2.0,10.0,23.66639341661314,6.699780973955954,0.6707079454318178,0.108,True
prospective_75120116_target_anchor_51214531,75120116,51214531,BP.GHIB.DP3,BP.GHIB.40.DP3,BP.GHIB..DP3,40,,GHIB,DP3,250.0,5.0-20.0Hz,5.0,20.0,23.149776571203795,9.029557060862325,0.4365023587235572,0.096,True
prospective_75120116_target_anchor_51214531,75120116,51214531,BP.GHIB.DP3,BP.GHIB.40.DP3,BP.GHIB..DP3,40,,GHIB,DP3,250.0,10.0-40.0Hz,10.0,40.0,15.97471464446336,7.0787172932911755,0.283953033987704,0.092,True
prospective_75120116_target_anchor_51214531,75120116,51214531,BP.GHIB.DP3,BP.GHIB.40.DP3,BP.GHIB..DP3,40,,GHIB,DP3,250.0,2.0-40.0Hz,2.0,40.0,22.94179490506176,7.057501522107244,0.5737768562016908,0.1,True
prospective_75120116_target_anchor_51214531,75120116,51214531,BP.JCSB.DP1,BP.JCSB.40.DP1,BP.JCSB..DP1,40,,JCSB,DP1,250.0,2.0-10.0Hz,2.0,10.0,1753.9210960843327,200.72198493799243,0.8457622469693016,0.112,True
prospective_75120116_target_anchor_51214531,75120116,51214531,BP.JCSB.DP1,BP.JCSB.40.DP1,BP.JCSB..DP1,40,,JCSB,DP1,250.0,5.0-20.0Hz,5.0,20.0,1529.126988207785,233.38728867768125,0.5377862372743744,0.116,True
prospective_75120116_target_anchor_51214531,75120116,51214531,BP.JCSB.DP1,BP.JCSB.40.DP1,BP.JCSB..DP1,40,,JCSB,DP1,250.0,10.0-40.0Hz,10.0,40.0,892.2323870170062,202.90688667496175,0.31910646562344175,0.116,True
prospective_75120116_target_anchor_51214531,75120116,51214531,BP.JCSB.DP1,BP.JCSB.40.DP1,BP.JCSB..DP1,40,,JCSB,DP1,250.0,2.0-40.0Hz,2.0,40.0,1522.9464045387017,206.18878309743977,0.7149867658580839,0.112,True
prospective_75120116_target_anchor_51214531,75120116,51214531,BP.JCSB.DP2,BP.JCSB.40.DP2,BP.JCSB..DP2,40,,JCSB,DP2,250.0,2.0-10.0Hz,2.0,10.0,17.297343588330524,8.062473712609913,0.24196206811427778,0.28,True
prospective_75120116_target_anchor_51214531,75120116,51214531,BP.JCSB.DP2,BP.JCSB.40.DP2,BP.JCSB..DP2,40,,JCSB,DP2,250.0,5.0-20.0Hz,5.0,20.0,24.58449089686104,6.255771928011976,0.30398374818476975,0.068,True
prospective_75120116_target_anchor_51214531,75120116,51214531,BP.JCSB.DP2,BP.JCSB.40.DP2,BP.JCSB..DP2,40,,JCSB,DP2,250.0,10.0-40.0Hz,10.0,40.0,35.62703537394927,8.20395255156163,0.33779549275728626,0.072,True
prospective_75120116_target_anchor_51214531,75120116,51214531,BP.JCSB.DP2,BP.JCSB.40.DP2,BP.JCSB..DP2,40,,JCSB,DP2,250.0,2.0-40.0Hz,2.0,40.0,28.752864809953454,7.98762608110911,0.2034414470936407,0.072,True
prospective_75120116_target_anchor_51214531,75120116,51214531,BP.JCSB.DP3,BP.JCSB.40.DP3,BP.JCSB..DP3,40,,JCSB,DP3,250.0,2.0-10.0Hz,2.0,10.0,24.30511003642096,0.9953798428100272,0.139165887073855,0.12,False
prospective_75120116_target_anchor_51214531,75120116,51214531,BP.JCSB.DP3,BP.JCSB.40.DP3,BP.JCSB..DP3,40,,JCSB,DP3,250.0,5.0-20.0Hz,5.0,20.0,35.55875651325102,1.0057189921744092,0.10595347083410717,-0.392,False
prospective_75120116_target_anchor_51214531,75120116,51214531,BP.JCSB.DP3,BP.JCSB.40.DP3,BP.JCSB..DP3,40,,JCSB,DP3,250.0,10.0-40.0Hz,10.0,40.0,39.68934634208929,1.0795684761271183,0.10909956874065249,0.072,False
prospective_75120116_target_anchor_51214531,75120116,51214531,BP.JCSB.DP3,BP.JCSB.40.DP3,BP.JCSB..DP3,40,,JCSB,DP3,250.0,2.0-40.0Hz,2.0,40.0,34.188858093417906,1.0400833932061937,0.0934037875046092,0.112,False
prospective_75120116_target_anchor_51214531,75120116,51214531,BP.LCCB.DP1,BP.LCCB.40.DP1,BP.LCCB..DP1,40,,LCCB,DP1,250.0,2.0-10.0Hz,2.0,10.0,2928.21160356824,57.18499040453204,0.2949616925620968,0.396,True
prospective_75120116_target_anchor_51214531,75120116,51214531,BP.LCCB.DP1,BP.LCCB.40.DP1,BP.LCCB..DP1,40,,LCCB,DP1,250.0,5.0-20.0Hz,5.0,20.0,4112.943457997387,65.02017320565218,0.30544400992086584,-0.116,True
prospective_75120116_target_anchor_51214531,75120116,51214531,BP.LCCB.DP1,BP.LCCB.40.DP1,BP.LCCB..DP1,40,,LCCB,DP1,250.0,10.0-40.0Hz,10.0,40.0,2366.949942703329,45.74787659674204,0.239826908593119,0.112,True
prospective_75120116_target_anchor_51214531,75120116,51214531,BP.LCCB.DP1,BP.LCCB.40.DP1,BP.LCCB..DP1,40,,LCCB,DP1,250.0,2.0-40.0Hz,2.0,40.0,2981.2890729262244,51.13748371532447,0.24775087230362572,-0.12,True
prospective_75120116_target_anchor_51214531,75120116,51214531,BP.LCCB.DP2,BP.LCCB.40.DP2,BP.LCCB..DP2,40,,LCCB,DP2,250.0,2.0-10.0Hz,2.0,10.0,472.9476136893328,339.07191327236086,0.6978474194766934,0.076,True
prospective_75120116_target_anchor_51214531,75120116,51214531,BP.LCCB.DP2,BP.LCCB.40.DP2,BP.LCCB..DP2,40,,LCCB,DP2,250.0,5.0-20.0Hz,5.0,20.0,528.5659992895002,380.79922745145615,0.3388758482916332,0.084,True
prospective_75120116_target_anchor_51214531,75120116,51214531,BP.LCCB.DP2,BP.LCCB.40.DP2,BP.LCCB..DP2,40,,LCCB,DP2,250.0,10.0-40.0Hz,10.0,40.0,375.57780234896813,225.26153528557327,0.31633975251676016,0.184,True
prospective_75120116_target_anchor_51214531,75120116,51214531,BP.LCCB.DP2,BP.LCCB.40.DP2,BP.LCCB..DP2,40,,LCCB,DP2,250.0,2.0-40.0Hz,2.0,40.0,418.94351572055945,269.7435359163324,0.3033642253470071,0.08,True
prospective_75120116_target_anchor_51214531,75120116,51214531,BP.LCCB.DP3,BP.LCCB.40.DP3,BP.LCCB..DP3,40,,LCCB,DP3,250.0,2.0-10.0Hz,2.0,10.0,3110.5032521576504,455.4043116511137,0.42715142315227994,0.076,True
prospective_75120116_target_anchor_51214531,75120116,51214531,BP.LCCB.DP3,BP.LCCB.40.DP3,BP.LCCB..DP3,40,,LCCB,DP3,250.0,5.0-20.0Hz,5.0,20.0,5082.751489433345,611.6722687752268,0.2829372664537008,-0.452,True
prospective_75120116_target_anchor_51214531,75120116,51214531,BP.LCCB.DP3,BP.LCCB.40.DP3,BP.LCCB..DP3,40,,LCCB,DP3,250.0,10.0-40.0Hz,10.0,40.0,2968.4984733521856,480.70426262605315,0.41448513627239264,0.028,True
prospective_75120116_target_anchor_51214531,75120116,51214531,BP.LCCB.DP3,BP.LCCB.40.DP3,BP.LCCB..DP3,40,,LCCB,DP3,250.0,2.0-40.0Hz,2.0,40.0,3166.224536493688,461.57774872518115,0.32812964126682764,0.092,True
prospective_75120116_target_anchor_51214531,75120116,51214531,BP.MMNB.DP1,BP.MMNB.40.DP1,BP.MMNB..DP1,40,,MMNB,DP1,250.0,2.0-10.0Hz,2.0,10.0,1649.2208407197356,1.4744418828185892,0.22934406200840673,-0.352,False
prospective_75120116_target_anchor_51214531,75120116,51214531,BP.MMNB.DP1,BP.MMNB.40.DP1,BP.MMNB..DP1,40,,MMNB,DP1,250.0,5.0-20.0Hz,5.0,20.0,2010.3679930009048,1.3497729850336648,0.2296406240896668,-0.204,False
prospective_75120116_target_anchor_51214531,75120116,51214531,BP.MMNB.DP1,BP.MMNB.40.DP1,BP.MMNB..DP1,40,,MMNB,DP1,250.0,10.0-40.0Hz,10.0,40.0,796.0418181788514,1.406303627915425,0.2182972760177269,0.144,False
prospective_75120116_target_anchor_51214531,75120116,51214531,BP.MMNB.DP1,BP.MMNB.40.DP1,BP.MMNB..DP1,40,,MMNB,DP1,250.0,2.0-40.0Hz,2.0,40.0,1472.5067492219023,1.4551490241947158,0.1902163122023571,-0.356,False
prospective_75120116_target_anchor_51214531,75120116,51214531,BP.MMNB.DP2,BP.MMNB.40.DP2,BP.MMNB..DP2,40,,MMNB,DP2,250.0,2.0-10.0Hz,2.0,10.0,1604.243716174633,1.4230488454564196,0.11259875148044496,-0.344,False
prospective_75120116_target_anchor_51214531,75120116,51214531,BP.MMNB.DP2,BP.MMNB.40.DP2,BP.MMNB..DP2,40,,MMNB,DP2,250.0,5.0-20.0Hz,5.0,20.0,1838.2149197012816,1.350124812238209,0.16681870463342385,-0.148,False
prospective_75120116_target_anchor_51214531,75120116,51214531,BP.MMNB.DP2,BP.MMNB.40.DP2,BP.MMNB..DP2,40,,MMNB,DP2,250.0,10.0-40.0Hz,10.0,40.0,919.1671148383629,1.4232623354865148,0.1773973268610028,-0.056,False
prospective_75120116_target_anchor_51214531,75120116,51214531,BP.MMNB.DP2,BP.MMNB.40.DP2,BP.MMNB..DP2,40,,MMNB,DP2,250.0,2.0-40.0Hz,2.0,40.0,1421.401201441904,1.4194157303047599,0.11082395776862243,-0.34,False
prospective_75120116_target_anchor_51214531,75120116,51214531,BP.MMNB.DP3,BP.MMNB.40.DP3,BP.MMNB..DP3,40,,MMNB,DP3,250.0,2.0-10.0Hz,2.0,10.0,1691.5187556813087,282.3426742836104,0.35986443151595887,-0.204,True
prospective_75120116_target_anchor_51214531,75120116,51214531,BP.MMNB.DP3,BP.MMNB.40.DP3,BP.MMNB..DP3,40,,MMNB,DP3,250.0,5.0-20.0Hz,5.0,20.0,1937.3504412282116,473.97752818355235,0.4922501706899281,0.208,True
prospective_75120116_target_anchor_51214531,75120116,51214531,BP.MMNB.DP3,BP.MMNB.40.DP3,BP.MMNB..DP3,40,,MMNB,DP3,250.0,10.0-40.0Hz,10.0,40.0,1214.265749915529,258.8886180931402,0.5537326579134154,0.116,True
prospective_75120116_target_anchor_51214531,75120116,51214531,BP.MMNB.DP3,BP.MMNB.40.DP3,BP.MMNB..DP3,40,,MMNB,DP3,250.0,2.0-40.0Hz,2.0,40.0,1600.4974257633917,299.57820056206003,0.35077321786391713,0.208,True
prospective_75120116_target_anchor_51214531,75120116,51214531,BP.SCYB.DP1,BP.SCYB.40.DP1,BP.SCYB..DP1,40,,SCYB,DP1,250.0,2.0-10.0Hz,2.0,10.0,4064.1836351338593,517.6734632416473,0.43484872655337775,0.032,True
prospective_75120116_target_anchor_51214531,75120116,51214531,BP.SCYB.DP1,BP.SCYB.40.DP1,BP.SCYB..DP1,40,,SCYB,DP1,250.0,5.0-20.0Hz,5.0,20.0,4800.528493524737,662.4152485290651,0.3599911455896883,0.028,True
prospective_75120116_target_anchor_51214531,75120116,51214531,BP.SCYB.DP1,BP.SCYB.40.DP1,BP.SCYB..DP1,40,,SCYB,DP1,250.0,10.0-40.0Hz,10.0,40.0,2305.1170650835734,414.79960168393836,0.28753603644040643,0.024,True
prospective_75120116_target_anchor_51214531,75120116,51214531,BP.SCYB.DP1,BP.SCYB.40.DP1,BP.SCYB..DP1,40,,SCYB,DP1,250.0,2.0-40.0Hz,2.0,40.0,3705.4130128187044,491.82615972456796,0.3735311954002302,0.028,True
prospective_75120116_target_anchor_51214531,75120116,51214531,BP.SCYB.DP2,BP.SCYB.40.DP2,BP.SCYB..DP2,40,,SCYB,DP2,250.0,2.0-10.0Hz,2.0,10.0,5087.3228412854505,562.5451857757329,0.6295653276478931,0.044,True
prospective_75120116_target_anchor_51214531,75120116,51214531,BP.SCYB.DP2,BP.SCYB.40.DP2,BP.SCYB..DP2,40,,SCYB,DP2,250.0,5.0-20.0Hz,5.0,20.0,3387.357719612632,631.6868184288742,0.3485392345482882,0.172,True
prospective_75120116_target_anchor_51214531,75120116,51214531,BP.SCYB.DP2,BP.SCYB.40.DP2,BP.SCYB..DP2,40,,SCYB,DP2,250.0,10.0-40.0Hz,10.0,40.0,1544.41634052319,311.81948288235327,0.35729127269613775,0.172,True
prospective_75120116_target_anchor_51214531,75120116,51214531,BP.SCYB.DP2,BP.SCYB.40.DP2,BP.SCYB..DP2,40,,SCYB,DP2,250.0,2.0-40.0Hz,2.0,40.0,4236.32851419318,494.46348245811413,0.5137344068150748,0.048,True
prospective_75120116_target_anchor_51214531,75120116,51214531,BP.SCYB.DP3,BP.SCYB.40.DP3,BP.SCYB..DP3,40,,SCYB,DP3,250.0,2.0-10.0Hz,2.0,10.0,3996.880106915479,436.1924627352675,0.40051825371990835,0.028,True
prospective_75120116_target_anchor_51214531,75120116,51214531,BP.SCYB.DP3,BP.SCYB.40.DP3,BP.SCYB..DP3,40,,SCYB,DP3,250.0,5.0-20.0Hz,5.0,20.0,3872.0850244991166,587.3018560516831,0.37918134757240735,0.016,True
prospective_75120116_target_anchor_51214531,75120116,51214531,BP.SCYB.DP3,BP.SCYB.40.DP3,BP.SCYB..DP3,40,,SCYB,DP3,250.0,10.0-40.0Hz,10.0,40.0,1626.4284442114247,355.83878381349894,0.46916967422469064,-0.076,True
prospective_75120116_target_anchor_51214531,75120116,51214531,BP.SCYB.DP3,BP.SCYB.40.DP3,BP.SCYB..DP3,40,,SCYB,DP3,250.0,2.0-40.0Hz,2.0,40.0,3459.050767072274,417.95847696962505,0.32981974293852173,0.02,True
prospective_75120116_target_anchor_51214531,75120116,51214531,BP.SMNB.DP1,BP.SMNB.40.DP1,BP.SMNB..DP1,40,,SMNB,DP1,250.0,2.0-10.0Hz,2.0,10.0,2991.394502801028,343.1880201436833,0.744695614419377,0.028,True
prospective_75120116_target_anchor_51214531,75120116,51214531,BP.SMNB.DP1,BP.SMNB.40.DP1,BP.SMNB..DP1,40,,SMNB,DP1,250.0,5.0-20.0Hz,5.0,20.0,4564.934380837903,560.9195675568909,0.5234059055173974,0.024,True
prospective_75120116_target_anchor_51214531,75120116,51214531,BP.SMNB.DP1,BP.SMNB.40.DP1,BP.SMNB..DP1,40,,SMNB,DP1,250.0,10.0-40.0Hz,10.0,40.0,4752.569327494158,731.3951097287741,0.3025511934459123,0.024,True
prospective_75120116_target_anchor_51214531,75120116,51214531,BP.SMNB.DP1,BP.SMNB.40.DP1,BP.SMNB..DP1,40,,SMNB,DP1,250.0,2.0-40.0Hz,2.0,40.0,3511.1220111666726,490.84063655956214,0.4887449667482286,0.024,True
prospective_75120116_target_anchor_51214531,75120116,51214531,BP.SMNB.DP2,BP.SMNB.40.DP2,BP.SMNB..DP2,40,,SMNB,DP2,250.0,2.0-10.0Hz,2.0,10.0,2599.3942890242643,278.46401456770406,0.48525776197632176,0.024,True
prospective_75120116_target_anchor_51214531,75120116,51214531,BP.SMNB.DP2,BP.SMNB.40.DP2,BP.SMNB..DP2,40,,SMNB,DP2,250.0,5.0-20.0Hz,5.0,20.0,4117.171527822471,433.51323418540613,0.4115830119203672,0.016,True
prospective_75120116_target_anchor_51214531,75120116,51214531,BP.SMNB.DP2,BP.SMNB.40.DP2,BP.SMNB..DP2,40,,SMNB,DP2,250.0,10.0-40.0Hz,10.0,40.0,5109.005990045141,690.5292701823103,0.28551421125283954,0.016,True
prospective_75120116_target_anchor_51214531,75120116,51214531,BP.SMNB.DP2,BP.SMNB.40.DP2,BP.SMNB..DP2,40,,SMNB,DP2,250.0,2.0-40.0Hz,2.0,40.0,3511.621015424684,452.98726401797813,0.35277089521904254,0.016,True
prospective_75120116_target_anchor_51214531,75120116,51214531,BP.SMNB.DP3,BP.SMNB.40.DP3,BP.SMNB..DP3,40,,SMNB,DP3,250.0,2.0-10.0Hz,2.0,10.0,2824.8169921706926,249.39460950888613,0.6666819552322726,0.036,True
prospective_75120116_target_anchor_51214531,75120116,51214531,BP.SMNB.DP3,BP.SMNB.40.DP3,BP.SMNB..DP3,40,,SMNB,DP3,250.0,5.0-20.0Hz,5.0,20.0,3607.465662192382,413.79602623080893,0.36354169932890923,0.02,True
prospective_75120116_target_anchor_51214531,75120116,51214531,BP.SMNB.DP3,BP.SMNB.40.DP3,BP.SMNB..DP3,40,,SMNB,DP3,250.0,10.0-40.0Hz,10.0,40.0,5455.355457197596,701.1240573262513,0.267357991868135,0.016,True
prospective_75120116_target_anchor_51214531,75120116,51214531,BP.SMNB.DP3,BP.SMNB.40.DP3,BP.SMNB..DP3,40,,SMNB,DP3,250.0,2.0-40.0Hz,2.0,40.0,3664.680036312996,460.9928249966998,0.32596337687841326,0.02,True
prospective_75120116_target_anchor_51214531,75120116,51214531,NC.PSM.EHE,NC.PSM..EHE,NC.PSM..EHE,,,PSM,EHE,100.0,2.0-10.0Hz,2.0,10.0,1.02633279916619,390.9594468681369,0.19973276167032697,0.35,False
prospective_75120116_target_anchor_51214531,75120116,51214531,NC.PSM.EHE,NC.PSM..EHE,NC.PSM..EHE,,,PSM,EHE,100.0,5.0-20.0Hz,5.0,20.0,0.9826039812284411,433.3222950429251,0.12396323192560005,-0.24,False
prospective_75120116_target_anchor_51214531,75120116,51214531,NC.PSM.EHE,NC.PSM..EHE,NC.PSM..EHE,,,PSM,EHE,100.0,10.0-40.0Hz,10.0,40.0,0.9860668882147284,90.32376400482401,0.08525859591358206,0.5,False
prospective_75120116_target_anchor_51214531,75120116,51214531,NC.PSM.EHE,NC.PSM..EHE,NC.PSM..EHE,,,PSM,EHE,100.0,2.0-40.0Hz,2.0,40.0,0.9873659944960563,325.86819643485256,0.11604127452183811,0.35,False
prospective_75120116_target_anchor_51214531,75120116,51214531,NC.PSM.EHN,NC.PSM..EHN,NC.PSM..EHN,,,PSM,EHN,100.0,2.0-10.0Hz,2.0,10.0,4622.682517847014,494.3037921622904,0.6599934755939799,-0.03,True
prospective_75120116_target_anchor_51214531,75120116,51214531,NC.PSM.EHN,NC.PSM..EHN,NC.PSM..EHN,,,PSM,EHN,100.0,5.0-20.0Hz,5.0,20.0,3728.448172289753,255.68561449214928,0.47990378849050097,-0.01,True
prospective_75120116_target_anchor_51214531,75120116,51214531,NC.PSM.EHN,NC.PSM..EHN,NC.PSM..EHN,,,PSM,EHN,100.0,10.0-40.0Hz,10.0,40.0,1190.5234033486834,80.25149208677485,0.2560726244552436,0.16,True
prospective_75120116_target_anchor_51214531,75120116,51214531,NC.PSM.EHN,NC.PSM..EHN,NC.PSM..EHN,,,PSM,EHN,100.0,2.0-40.0Hz,2.0,40.0,3901.1745862347625,352.73629224773254,0.6281944501383263,-0.03,True
prospective_75120116_target_anchor_51214531,75120116,51214531,NC.PSM.EHZ,NC.PSM..EHZ,NC.PSM..EHZ,,,PSM,EHZ,100.0,2.0-10.0Hz,2.0,10.0,4068.528672298169,376.12827159932255,0.6224750207530302,-0.02,True
prospective_75120116_target_anchor_51214531,75120116,51214531,NC.PSM.EHZ,NC.PSM..EHZ,NC.PSM..EHZ,,,PSM,EHZ,100.0,5.0-20.0Hz,5.0,20.0,3884.531525011225,323.9281508588862,0.4453665171824542,-0.01,True
prospective_75120116_target_anchor_51214531,75120116,51214531,NC.PSM.EHZ,NC.PSM..EHZ,NC.PSM..EHZ,,,PSM,EHZ,100.0,10.0-40.0Hz,10.0,40.0,1156.4838573257855,79.53030582161814,0.30182641006260164,-0.01,True
prospective_75120116_target_anchor_51214531,75120116,51214531,NC.PSM.EHZ,NC.PSM..EHZ,NC.PSM..EHZ,,,PSM,EHZ,100.0,2.0-40.0Hz,2.0,40.0,3398.4872927513493,283.0698142538141,0.597502341826328,-0.01,True
prospective_75120116_target_anchor_71325295,75120116,71325295,BP.EADB.DP1,BP.EADB.40.DP1,BP.EADB..DP1,40,,EADB,DP1,250.0,2.0-10.0Hz,2.0,10.0,377.33902148449675,87.84596471128526,0.6140242056977425,0.132,True
prospective_75120116_target_anchor_71325295,75120116,71325295,BP.EADB.DP1,BP.EADB.40.DP1,BP.EADB..DP1,40,,EADB,DP1,250.0,5.0-20.0Hz,5.0,20.0,451.34225284617014,81.12447627367874,0.3794735874109229,-0.028,True
prospective_75120116_target_anchor_71325295,75120116,71325295,BP.EADB.DP1,BP.EADB.40.DP1,BP.EADB..DP1,40,,EADB,DP1,250.0,10.0-40.0Hz,10.0,40.0,208.792186169755,34.251350881794494,0.31423571391103206,0.084,True
prospective_75120116_target_anchor_71325295,75120116,71325295,BP.EADB.DP1,BP.EADB.40.DP1,BP.EADB..DP1,40,,EADB,DP1,250.0,2.0-40.0Hz,2.0,40.0,356.10196681662677,73.82759384958995,0.5115729217325594,0.136,True
prospective_75120116_target_anchor_71325295,75120116,71325295,BP.EADB.DP2,BP.EADB.40.DP2,BP.EADB..DP2,40,,EADB,DP2,250.0,2.0-10.0Hz,2.0,10.0,559.3008238554658,147.06876109255774,0.6824985263179604,0.14,True
prospective_75120116_target_anchor_71325295,75120116,71325295,BP.EADB.DP2,BP.EADB.40.DP2,BP.EADB..DP2,40,,EADB,DP2,250.0,5.0-20.0Hz,5.0,20.0,391.28457344312704,98.76288442923212,0.42331053119940276,0.3,True
prospective_75120116_target_anchor_71325295,75120116,71325295,BP.EADB.DP2,BP.EADB.40.DP2,BP.EADB..DP2,40,,EADB,DP2,250.0,10.0-40.0Hz,10.0,40.0,170.98505839254935,36.486782736956904,0.45867215973473136,0.084,True
prospective_75120116_target_anchor_71325295,75120116,71325295,BP.EADB.DP2,BP.EADB.40.DP2,BP.EADB..DP2,40,,EADB,DP2,250.0,2.0-40.0Hz,2.0,40.0,497.27777793148084,110.29151075153057,0.6226772752292448,0.144,True
prospective_75120116_target_anchor_71325295,75120116,71325295,BP.EADB.DP3,BP.EADB.40.DP3,BP.EADB..DP3,40,,EADB,DP3,250.0,2.0-10.0Hz,2.0,10.0,444.33864971263745,100.89409436979197,0.6884345071027395,0.144,True
prospective_75120116_target_anchor_71325295,75120116,71325295,BP.EADB.DP3,BP.EADB.40.DP3,BP.EADB..DP3,40,,EADB,DP3,250.0,5.0-20.0Hz,5.0,20.0,392.8002619129379,59.371449506542895,0.5239790598257948,-0.032,True
prospective_75120116_target_anchor_71325295,75120116,71325295,BP.EADB.DP3,BP.EADB.40.DP3,BP.EADB..DP3,40,,EADB,DP3,250.0,10.0-40.0Hz,10.0,40.0,146.93235348083232,21.501028740813823,0.24190460047260018,0.288,True
prospective_75120116_target_anchor_71325295,75120116,71325295,BP.EADB.DP3,BP.EADB.40.DP3,BP.EADB..DP3,40,,EADB,DP3,250.0,2.0-40.0Hz,2.0,40.0,451.84445834672806,69.88243515294619,0.6408262674076751,0.148,True
prospective_75120116_target_anchor_71325295,75120116,71325295,BP.FROB.DP1,BP.FROB.40.DP1,BP.FROB..DP1,40,,FROB,DP1,250.0,2.0-10.0Hz,2.0,10.0,24.36195824888881,91.49948102736009,0.32525835580036083,0.144,True
prospective_75120116_target_anchor_71325295,75120116,71325295,BP.FROB.DP1,BP.FROB.40.DP1,BP.FROB..DP1,40,,FROB,DP1,250.0,5.0-20.0Hz,5.0,20.0,65.35391071273327,166.04384042523523,0.2163475060496075,-0.152,True
prospective_75120116_target_anchor_71325295,75120116,71325295,BP.FROB.DP1,BP.FROB.40.DP1,BP.FROB..DP1,40,,FROB,DP1,250.0,10.0-40.0Hz,10.0,40.0,134.17132938313753,187.16216026017244,0.16698909526624198,0.08,True
prospective_75120116_target_anchor_71325295,75120116,71325295,BP.FROB.DP1,BP.FROB.40.DP1,BP.FROB..DP1,40,,FROB,DP1,250.0,2.0-40.0Hz,2.0,40.0,36.82358377425758,137.1113623397362,0.1467386263945961,0.156,True
prospective_75120116_target_anchor_71325295,75120116,71325295,BP.FROB.DP2,BP.FROB.40.DP2,BP.FROB..DP2,40,,FROB,DP2,250.0,2.0-10.0Hz,2.0,10.0,98.0197838066165,93.30964788728548,0.4097048427499696,0.12,True
prospective_75120116_target_anchor_71325295,75120116,71325295,BP.FROB.DP2,BP.FROB.40.DP2,BP.FROB..DP2,40,,FROB,DP2,250.0,5.0-20.0Hz,5.0,20.0,134.68428391825708,167.1983236464041,0.24718871738423606,0.264,True
prospective_75120116_target_anchor_71325295,75120116,71325295,BP.FROB.DP2,BP.FROB.40.DP2,BP.FROB..DP2,40,,FROB,DP2,250.0,10.0-40.0Hz,10.0,40.0,137.46033971049835,182.85438564138207,0.18061919346053906,0.272,True
prospective_75120116_target_anchor_71325295,75120116,71325295,BP.FROB.DP2,BP.FROB.40.DP2,BP.FROB..DP2,40,,FROB,DP2,250.0,2.0-40.0Hz,2.0,40.0,115.69108479144234,140.66438848111468,0.17488275904581496,0.416,True
prospective_75120116_target_anchor_71325295,75120116,71325295,BP.FROB.DP3,BP.FROB.40.DP3,BP.FROB..DP3,40,,FROB,DP3,250.0,2.0-10.0Hz,2.0,10.0,104.55123065508403,135.50397346412765,0.2485330728666865,0.14,True
prospective_75120116_target_anchor_71325295,75120116,71325295,BP.FROB.DP3,BP.FROB.40.DP3,BP.FROB..DP3,40,,FROB,DP3,250.0,5.0-20.0Hz,5.0,20.0,115.48851609895509,167.24778509627473,0.16885130726624267,0.396,True
prospective_75120116_target_anchor_71325295,75120116,71325295,BP.FROB.DP3,BP.FROB.40.DP3,BP.FROB..DP3,40,,FROB,DP3,250.0,10.0-40.0Hz,10.0,40.0,99.91827815128573,143.68231756290203,0.1453873348746262,-0.036,True
prospective_75120116_target_anchor_71325295,75120116,71325295,BP.FROB.DP3,BP.FROB.40.DP3,BP.FROB..DP3,40,,FROB,DP3,250.0,2.0-40.0Hz,2.0,40.0,101.21597790317381,140.97679046939325,0.17825779322722124,0.4,True
prospective_75120116_target_anchor_71325295,75120116,71325295,BP.GHIB.DP1,BP.GHIB.40.DP1,BP.GHIB..DP1,40,,GHIB,DP1,250.0,2.0-10.0Hz,2.0,10.0,27.20867492768638,6.755865099159113,0.667977292612407,0.116,True
prospective_75120116_target_anchor_71325295,75120116,71325295,BP.GHIB.DP1,BP.GHIB.40.DP1,BP.GHIB..DP1,40,,GHIB,DP1,250.0,5.0-20.0Hz,5.0,20.0,37.32558007054262,10.578696864301103,0.38731750976442536,0.104,True
prospective_75120116_target_anchor_71325295,75120116,71325295,BP.GHIB.DP1,BP.GHIB.40.DP1,BP.GHIB..DP1,40,,GHIB,DP1,250.0,10.0-40.0Hz,10.0,40.0,37.60843461912835,10.403315224714929,0.38882584756477884,0.276,True
prospective_75120116_target_anchor_71325295,75120116,71325295,BP.GHIB.DP1,BP.GHIB.40.DP1,BP.GHIB..DP1,40,,GHIB,DP1,250.0,2.0-40.0Hz,2.0,40.0,28.379825923887214,7.607896516456593,0.5462939035262303,0.108,True
prospective_75120116_target_anchor_71325295,75120116,71325295,BP.GHIB.DP3,BP.GHIB.40.DP3,BP.GHIB..DP3,40,,GHIB,DP3,250.0,2.0-10.0Hz,2.0,10.0,23.66639341661314,7.978437607412731,0.6874862187673112,0.112,True
prospective_75120116_target_anchor_71325295,75120116,71325295,BP.GHIB.DP3,BP.GHIB.40.DP3,BP.GHIB..DP3,40,,GHIB,DP3,250.0,5.0-20.0Hz,5.0,20.0,23.149776571203795,10.207106427301083,0.4244556091833985,0.1,True
prospective_75120116_target_anchor_71325295,75120116,71325295,BP.GHIB.DP3,BP.GHIB.40.DP3,BP.GHIB..DP3,40,,GHIB,DP3,250.0,10.0-40.0Hz,10.0,40.0,15.97471464446336,8.357909346556536,0.2942949792405222,0.096,True
prospective_75120116_target_anchor_71325295,75120116,71325295,BP.GHIB.DP3,BP.GHIB.40.DP3,BP.GHIB..DP3,40,,GHIB,DP3,250.0,2.0-40.0Hz,2.0,40.0,22.94179490506176,8.313309855546727,0.582926231739638,0.108,True
prospective_75120116_target_anchor_71325295,75120116,71325295,BP.JCSB.DP1,BP.JCSB.40.DP1,BP.JCSB..DP1,40,,JCSB,DP1,250.0,2.0-10.0Hz,2.0,10.0,1753.9210960843327,399.29429828758606,0.8420394813797324,0.12,True
prospective_75120116_target_anchor_71325295,75120116,71325295,BP.JCSB.DP1,BP.JCSB.40.DP1,BP.JCSB..DP1,40,,JCSB,DP1,250.0,5.0-20.0Hz,5.0,20.0,1529.126988207785,353.2275084601719,0.5339995088406412,0.12,True
prospective_75120116_target_anchor_71325295,75120116,71325295,BP.JCSB.DP1,BP.JCSB.40.DP1,BP.JCSB..DP1,40,,JCSB,DP1,250.0,10.0-40.0Hz,10.0,40.0,892.2323870170062,240.22588451531385,0.3226683628105553,0.124,True
prospective_75120116_target_anchor_71325295,75120116,71325295,BP.JCSB.DP1,BP.JCSB.40.DP1,BP.JCSB..DP1,40,,JCSB,DP1,250.0,2.0-40.0Hz,2.0,40.0,1522.9464045387017,335.92085581488556,0.7114562292300148,0.12,True
prospective_75120116_target_anchor_71325295,75120116,71325295,BP.JCSB.DP2,BP.JCSB.40.DP2,BP.JCSB..DP2,40,,JCSB,DP2,250.0,2.0-10.0Hz,2.0,10.0,17.297343588330524,3.8892783507216553,0.46080527672843674,0.128,True
prospective_75120116_target_anchor_71325295,75120116,71325295,BP.JCSB.DP2,BP.JCSB.40.DP2,BP.JCSB..DP2,40,,JCSB,DP2,250.0,5.0-20.0Hz,5.0,20.0,24.58449089686104,7.234637266020574,0.38566034793726617,0.076,True
prospective_75120116_target_anchor_71325295,75120116,71325295,BP.JCSB.DP2,BP.JCSB.40.DP2,BP.JCSB..DP2,40,,JCSB,DP2,250.0,10.0-40.0Hz,10.0,40.0,35.62703537394927,9.452578342600251,0.3433016286293014,0.076,True
prospective_75120116_target_anchor_71325295,75120116,71325295,BP.JCSB.DP2,BP.JCSB.40.DP2,BP.JCSB..DP2,40,,JCSB,DP2,250.0,2.0-40.0Hz,2.0,40.0,28.752864809953454,7.770828594286557,0.29718531709826407,0.076,True
prospective_75120116_target_anchor_71325295,75120116,71325295,BP.JCSB.DP3,BP.JCSB.40.DP3,BP.JCSB..DP3,40,,JCSB,DP3,250.0,2.0-10.0Hz,2.0,10.0,24.30511003642096,10.051095275763648,0.5433957596762555,0.136,True
prospective_75120116_target_anchor_71325295,75120116,71325295,BP.JCSB.DP3,BP.JCSB.40.DP3,BP.JCSB..DP3,40,,JCSB,DP3,250.0,5.0-20.0Hz,5.0,20.0,35.55875651325102,15.46511122368312,0.339391837846857,0.136,True
prospective_75120116_target_anchor_71325295,75120116,71325295,BP.JCSB.DP3,BP.JCSB.40.DP3,BP.JCSB..DP3,40,,JCSB,DP3,250.0,10.0-40.0Hz,10.0,40.0,39.68934634208929,15.789308103469992,0.31332526656798315,0.076,True
prospective_75120116_target_anchor_71325295,75120116,71325295,BP.JCSB.DP3,BP.JCSB.40.DP3,BP.JCSB..DP3,40,,JCSB,DP3,250.0,2.0-40.0Hz,2.0,40.0,34.188858093417906,14.190967096525261,0.2888394408468344,0.132,True
prospective_75120116_target_anchor_71325295,75120116,71325295,BP.LCCB.DP1,BP.LCCB.40.DP1,BP.LCCB..DP1,40,,LCCB,DP1,250.0,2.0-10.0Hz,2.0,10.0,2928.21160356824,537.2039509573764,0.3038804100064993,0.404,True
prospective_75120116_target_anchor_71325295,75120116,71325295,BP.LCCB.DP1,BP.LCCB.40.DP1,BP.LCCB..DP1,40,,LCCB,DP1,250.0,5.0-20.0Hz,5.0,20.0,4112.943457997387,868.9542497427905,0.3109717008377766,-0.112,True
prospective_75120116_target_anchor_71325295,75120116,71325295,BP.LCCB.DP1,BP.LCCB.40.DP1,BP.LCCB..DP1,40,,LCCB,DP1,250.0,10.0-40.0Hz,10.0,40.0,2366.949942703329,795.5449099077885,0.23381085630161544,0.12,True
prospective_75120116_target_anchor_71325295,75120116,71325295,BP.LCCB.DP1,BP.LCCB.40.DP1,BP.LCCB..DP1,40,,LCCB,DP1,250.0,2.0-40.0Hz,2.0,40.0,2981.2890729262244,617.4389858378024,0.258441349446206,-0.112,True
prospective_75120116_target_anchor_71325295,75120116,71325295,BP.LCCB.DP2,BP.LCCB.40.DP2,BP.LCCB..DP2,40,,LCCB,DP2,250.0,2.0-10.0Hz,2.0,10.0,472.9476136893328,323.7402669301556,0.6967675066916065,0.084,True
prospective_75120116_target_anchor_71325295,75120116,71325295,BP.LCCB.DP2,BP.LCCB.40.DP2,BP.LCCB..DP2,40,,LCCB,DP2,250.0,5.0-20.0Hz,5.0,20.0,528.5659992895002,341.6027698766219,0.33948224885623723,0.092,True
prospective_75120116_target_anchor_71325295,75120116,71325295,BP.LCCB.DP2,BP.LCCB.40.DP2,BP.LCCB..DP2,40,,LCCB,DP2,250.0,10.0-40.0Hz,10.0,40.0,375.57780234896813,222.41161165053344,0.3120498500418222,0.192,True
prospective_75120116_target_anchor_71325295,75120116,71325295,BP.LCCB.DP2,BP.LCCB.40.DP2,BP.LCCB..DP2,40,,LCCB,DP2,250.0,2.0-40.0Hz,2.0,40.0,418.94351572055945,261.26930779103395,0.29995504354028835,0.092,True
prospective_75120116_target_anchor_71325295,75120116,71325295,BP.LCCB.DP3,BP.LCCB.40.DP3,BP.LCCB..DP3,40,,LCCB,DP3,250.0,2.0-10.0Hz,2.0,10.0,3110.5032521576504,609.9871443796446,0.41894918573013584,0.084,True
prospective_75120116_target_anchor_71325295,75120116,71325295,BP.LCCB.DP3,BP.LCCB.40.DP3,BP.LCCB..DP3,40,,LCCB,DP3,250.0,5.0-20.0Hz,5.0,20.0,5082.751489433345,853.1712166217225,0.2837108175504196,-0.448,True
prospective_75120116_target_anchor_71325295,75120116,71325295,BP.LCCB.DP3,BP.LCCB.40.DP3,BP.LCCB..DP3,40,,LCCB,DP3,250.0,10.0-40.0Hz,10.0,40.0,2968.4984733521856,677.6028408113793,0.4144618188496744,0.036,True
prospective_75120116_target_anchor_71325295,75120116,71325295,BP.LCCB.DP3,BP.LCCB.40.DP3,BP.LCCB..DP3,40,,LCCB,DP3,250.0,2.0-40.0Hz,2.0,40.0,3166.224536493688,652.1045209702198,0.3258253678545384,0.1,True
prospective_75120116_target_anchor_71325295,75120116,71325295,BP.MMNB.DP1,BP.MMNB.40.DP1,BP.MMNB..DP1,40,,MMNB,DP1,250.0,2.0-10.0Hz,2.0,10.0,1649.2208407197356,1.1900557817948134,0.1046934147718122,-0.276,False
prospective_75120116_target_anchor_71325295,75120116,71325295,BP.MMNB.DP1,BP.MMNB.40.DP1,BP.MMNB..DP1,40,,MMNB,DP1,250.0,5.0-20.0Hz,5.0,20.0,2010.3679930009048,1.1175572991879594,0.10931085958057984,-0.42,False
prospective_75120116_target_anchor_71325295,75120116,71325295,BP.MMNB.DP1,BP.MMNB.40.DP1,BP.MMNB..DP1,40,,MMNB,DP1,250.0,10.0-40.0Hz,10.0,40.0,796.0418181788514,1.03219761170779,0.07289307693833377,0.18,False
prospective_75120116_target_anchor_71325295,75120116,71325295,BP.MMNB.DP1,BP.MMNB.40.DP1,BP.MMNB..DP1,40,,MMNB,DP1,250.0,2.0-40.0Hz,2.0,40.0,1472.5067492219023,1.1000019297259143,0.0533176528954063,0.38,False
prospective_75120116_target_anchor_71325295,75120116,71325295,BP.MMNB.DP2,BP.MMNB.40.DP2,BP.MMNB..DP2,40,,MMNB,DP2,250.0,2.0-10.0Hz,2.0,10.0,1604.243716174633,0.7710841612594234,0.06930861736821202,-0.416,False
prospective_75120116_target_anchor_71325295,75120116,71325295,BP.MMNB.DP2,BP.MMNB.40.DP2,BP.MMNB..DP2,40,,MMNB,DP2,250.0,5.0-20.0Hz,5.0,20.0,1838.2149197012816,0.9215878350336122,0.09086383208409966,0.212,False
prospective_75120116_target_anchor_71325295,75120116,71325295,BP.MMNB.DP2,BP.MMNB.40.DP2,BP.MMNB..DP2,40,,MMNB,DP2,250.0,10.0-40.0Hz,10.0,40.0,919.1671148383629,1.0009103200922262,0.05118471854838234,0.048,False
prospective_75120116_target_anchor_71325295,75120116,71325295,BP.MMNB.DP2,BP.MMNB.40.DP2,BP.MMNB..DP2,40,,MMNB,DP2,250.0,2.0-40.0Hz,2.0,40.0,1421.401201441904,0.8082037091272039,0.04327484224710486,-0.432,False
prospective_75120116_target_anchor_71325295,75120116,71325295,BP.MMNB.DP3,BP.MMNB.40.DP3,BP.MMNB..DP3,40,,MMNB,DP3,250.0,2.0-10.0Hz,2.0,10.0,1691.5187556813087,0.6593401479807772,0.13380910256339856,0.172,False
prospective_75120116_target_anchor_71325295,75120116,71325295,BP.MMNB.DP3,BP.MMNB.40.DP3,BP.MMNB..DP3,40,,MMNB,DP3,250.0,5.0-20.0Hz,5.0,20.0,1937.3504412282116,0.8898043137841036,0.085711748984079,-0.288,False
prospective_75120116_target_anchor_71325295,75120116,71325295,BP.MMNB.DP3,BP.MMNB.40.DP3,BP.MMNB..DP3,40,,MMNB,DP3,250.0,10.0-40.0Hz,10.0,40.0,1214.265749915529,1.041314192715503,0.08116541133678387,-0.464,False
prospective_75120116_target_anchor_71325295,75120116,71325295,BP.MMNB.DP3,BP.MMNB.40.DP3,BP.MMNB..DP3,40,,MMNB,DP3,250.0,2.0-40.0Hz,2.0,40.0,1600.4974257633917,0.8531828888112479,0.06720639427739838,0.164,False
prospective_75120116_target_anchor_71325295,75120116,71325295,BP.SCYB.DP1,BP.SCYB.40.DP1,BP.SCYB..DP1,40,,SCYB,DP1,250.0,2.0-10.0Hz,2.0,10.0,4064.1836351338593,666.9106970418773,0.4348100286622877,0.04,True
prospective_75120116_target_anchor_71325295,75120116,71325295,BP.SCYB.DP1,BP.SCYB.40.DP1,BP.SCYB..DP1,40,,SCYB,DP1,250.0,5.0-20.0Hz,5.0,20.0,4800.528493524737,761.0777521662202,0.357899589036136,0.032,True
prospective_75120116_target_anchor_71325295,75120116,71325295,BP.SCYB.DP1,BP.SCYB.40.DP1,BP.SCYB..DP1,40,,SCYB,DP1,250.0,10.0-40.0Hz,10.0,40.0,2305.1170650835734,458.59070278783304,0.28349370608967434,0.028,True
prospective_75120116_target_anchor_71325295,75120116,71325295,BP.SCYB.DP1,BP.SCYB.40.DP1,BP.SCYB..DP1,40,,SCYB,DP1,250.0,2.0-40.0Hz,2.0,40.0,3705.4130128187044,589.9714142302165,0.3698956227602264,0.032,True
prospective_75120116_target_anchor_71325295,75120116,71325295,BP.SCYB.DP2,BP.SCYB.40.DP2,BP.SCYB..DP2,40,,SCYB,DP2,250.0,2.0-10.0Hz,2.0,10.0,5087.3228412854505,682.1958923661084,0.6291216514846777,0.052,True
prospective_75120116_target_anchor_71325295,75120116,71325295,BP.SCYB.DP2,BP.SCYB.40.DP2,BP.SCYB..DP2,40,,SCYB,DP2,250.0,5.0-20.0Hz,5.0,20.0,3387.357719612632,690.3561888224922,0.35063417731959806,0.18,True
prospective_75120116_target_anchor_71325295,75120116,71325295,BP.SCYB.DP2,BP.SCYB.40.DP2,BP.SCYB..DP2,40,,SCYB,DP2,250.0,10.0-40.0Hz,10.0,40.0,1544.41634052319,356.4670471709524,0.3546296342695661,0.18,True
prospective_75120116_target_anchor_71325295,75120116,71325295,BP.SCYB.DP2,BP.SCYB.40.DP2,BP.SCYB..DP2,40,,SCYB,DP2,250.0,2.0-40.0Hz,2.0,40.0,4236.32851419318,524.3527407087028,0.5119739923580161,0.056,True
prospective_75120116_target_anchor_71325295,75120116,71325295,BP.SCYB.DP3,BP.SCYB.40.DP3,BP.SCYB..DP3,40,,SCYB,DP3,250.0,2.0-10.0Hz,2.0,10.0,3996.880106915479,370.7526905079964,0.40258454432709523,0.036,True
prospective_75120116_target_anchor_71325295,75120116,71325295,BP.SCYB.DP3,BP.SCYB.40.DP3,BP.SCYB..DP3,40,,SCYB,DP3,250.0,5.0-20.0Hz,5.0,20.0,3872.0850244991166,501.4014262245506,0.3774638301453047,0.024,True
prospective_75120116_target_anchor_71325295,75120116,71325295,BP.SCYB.DP3,BP.SCYB.40.DP3,BP.SCYB..DP3,40,,SCYB,DP3,250.0,10.0-40.0Hz,10.0,40.0,1626.4284442114247,326.6778930079351,0.4656412878392437,-0.068,True
prospective_75120116_target_anchor_71325295,75120116,71325295,BP.SCYB.DP3,BP.SCYB.40.DP3,BP.SCYB..DP3,40,,SCYB,DP3,250.0,2.0-40.0Hz,2.0,40.0,3459.050767072274,340.8126293784778,0.3289284647008098,0.028,True
prospective_75120116_target_anchor_71325295,75120116,71325295,BP.SMNB.DP1,BP.SMNB.40.DP1,BP.SMNB..DP1,40,,SMNB,DP1,250.0,2.0-10.0Hz,2.0,10.0,2991.394502801028,591.0472670100794,0.756047734285155,0.032,True
prospective_75120116_target_anchor_71325295,75120116,71325295,BP.SMNB.DP1,BP.SMNB.40.DP1,BP.SMNB..DP1,40,,SMNB,DP1,250.0,5.0-20.0Hz,5.0,20.0,4564.934380837903,971.4048280608733,0.5348908344425586,0.032,True
prospective_75120116_target_anchor_71325295,75120116,71325295,BP.SMNB.DP1,BP.SMNB.40.DP1,BP.SMNB..DP1,40,,SMNB,DP1,250.0,10.0-40.0Hz,10.0,40.0,4752.569327494158,1145.781674770525,0.28580870833975797,0.032,True
prospective_75120116_target_anchor_71325295,75120116,71325295,BP.SMNB.DP1,BP.SMNB.40.DP1,BP.SMNB..DP1,40,,SMNB,DP1,250.0,2.0-40.0Hz,2.0,40.0,3511.1220111666726,827.9659106417006,0.4862881578846944,0.032,True
prospective_75120116_target_anchor_71325295,75120116,71325295,BP.SMNB.DP2,BP.SMNB.40.DP2,BP.SMNB..DP2,40,,SMNB,DP2,250.0,2.0-10.0Hz,2.0,10.0,2599.3942890242643,481.4684306995668,0.4710978292724435,0.032,True
prospective_75120116_target_anchor_71325295,75120116,71325295,BP.SMNB.DP2,BP.SMNB.40.DP2,BP.SMNB..DP2,40,,SMNB,DP2,250.0,5.0-20.0Hz,5.0,20.0,4117.171527822471,1083.1769800696034,0.4126456559559646,0.02,True
prospective_75120116_target_anchor_71325295,75120116,71325295,BP.SMNB.DP2,BP.SMNB.40.DP2,BP.SMNB..DP2,40,,SMNB,DP2,250.0,10.0-40.0Hz,10.0,40.0,5109.005990045141,1332.9721567957424,0.28377747312669616,0.02,True
prospective_75120116_target_anchor_71325295,75120116,71325295,BP.SMNB.DP2,BP.SMNB.40.DP2,BP.SMNB..DP2,40,,SMNB,DP2,250.0,2.0-40.0Hz,2.0,40.0,3511.621015424684,840.0210950137747,0.34781820970730143,0.02,True
prospective_75120116_target_anchor_71325295,75120116,71325295,BP.SMNB.DP3,BP.SMNB.40.DP3,BP.SMNB..DP3,40,,SMNB,DP3,250.0,2.0-10.0Hz,2.0,10.0,2824.8169921706926,462.167197862632,0.6555079523700624,0.044,True
prospective_75120116_target_anchor_71325295,75120116,71325295,BP.SMNB.DP3,BP.SMNB.40.DP3,BP.SMNB..DP3,40,,SMNB,DP3,250.0,5.0-20.0Hz,5.0,20.0,3607.465662192382,948.4858652633109,0.3586673007189771,0.028,True
prospective_75120116_target_anchor_71325295,75120116,71325295,BP.SMNB.DP3,BP.SMNB.40.DP3,BP.SMNB..DP3,40,,SMNB,DP3,250.0,10.0-40.0Hz,10.0,40.0,5455.355457197596,1248.1528115035235,0.2694642041574129,0.024,True
prospective_75120116_target_anchor_71325295,75120116,71325295,BP.SMNB.DP3,BP.SMNB.40.DP3,BP.SMNB..DP3,40,,SMNB,DP3,250.0,2.0-40.0Hz,2.0,40.0,3664.680036312996,876.4096111143489,0.3198705618232636,0.024,True
prospective_75120116_target_anchor_71325295,75120116,71325295,NC.PSM.EHE,NC.PSM..EHE,NC.PSM..EHE,,,PSM,EHE,100.0,2.0-10.0Hz,2.0,10.0,1.02633279916619,397.6430352101781,0.1745049661199805,0.36,False
prospective_75120116_target_anchor_71325295,75120116,71325295,NC.PSM.EHE,NC.PSM..EHE,NC.PSM..EHE,,,PSM,EHE,100.0,5.0-20.0Hz,5.0,20.0,0.9826039812284411,327.95006926181384,0.11823403858671994,-0.23,False
prospective_75120116_target_anchor_71325295,75120116,71325295,NC.PSM.EHE,NC.PSM..EHE,NC.PSM..EHE,,,PSM,EHE,100.0,10.0-40.0Hz,10.0,40.0,0.9860668882147284,55.53889077783409,0.09254546352293949,0.28,False
prospective_75120116_target_anchor_71325295,75120116,71325295,NC.PSM.EHE,NC.PSM..EHE,NC.PSM..EHE,,,PSM,EHE,100.0,2.0-40.0Hz,2.0,40.0,0.9873659944960563,262.82521059536055,0.1070791472677224,0.36,False
prospective_75120116_target_anchor_71325295,75120116,71325295,NC.PSM.EHN,NC.PSM..EHN,NC.PSM..EHN,,,PSM,EHN,100.0,2.0-10.0Hz,2.0,10.0,4622.682517847014,447.9409154918301,0.6766005567036536,-0.02,True
prospective_75120116_target_anchor_71325295,75120116,71325295,NC.PSM.EHN,NC.PSM..EHN,NC.PSM..EHN,,,PSM,EHN,100.0,5.0-20.0Hz,5.0,20.0,3728.448172289753,194.68348573797067,0.5257367794877956,-0.01,True
prospective_75120116_target_anchor_71325295,75120116,71325295,NC.PSM.EHN,NC.PSM..EHN,NC.PSM..EHN,,,PSM,EHN,100.0,10.0-40.0Hz,10.0,40.0,1190.5234033486834,51.362136381335105,0.2781529975770524,0.17,True
prospective_75120116_target_anchor_71325295,75120116,71325295,NC.PSM.EHN,NC.PSM..EHN,NC.PSM..EHN,,,PSM,EHN,100.0,2.0-40.0Hz,2.0,40.0,3901.1745862347625,264.38857497625435,0.648041740350651,-0.02,True
prospective_75120116_target_anchor_71325295,75120116,71325295,NC.PSM.EHZ,NC.PSM..EHZ,NC.PSM..EHZ,,,PSM,EHZ,100.0,2.0-10.0Hz,2.0,10.0,4068.528672298169,383.5466359177981,0.6487254402008051,-0.01,True
prospective_75120116_target_anchor_71325295,75120116,71325295,NC.PSM.EHZ,NC.PSM..EHZ,NC.PSM..EHZ,,,PSM,EHZ,100.0,5.0-20.0Hz,5.0,20.0,3884.531525011225,270.9303823760277,0.4581230493178121,0.0,True
prospective_75120116_target_anchor_71325295,75120116,71325295,NC.PSM.EHZ,NC.PSM..EHZ,NC.PSM..EHZ,,,PSM,EHZ,100.0,10.0-40.0Hz,10.0,40.0,1156.4838573257855,65.68020722853491,0.35160390145384646,-0.01,True
prospective_75120116_target_anchor_71325295,75120116,71325295,NC.PSM.EHZ,NC.PSM..EHZ,NC.PSM..EHZ,,,PSM,EHZ,100.0,2.0-40.0Hz,2.0,40.0,3398.4872927513493,255.94236699498913,0.6249208056477831,-0.01,True
prospective_75120116_target_anchor_71567810,75120116,71567810,BK.PKD.HHE,BK.PKD.00.HHE,BK.PKD.00.HHE,00,00,PKD,HHE,100.0,2.0-10.0Hz,2.0,10.0,893.5887774051392,183.23152793089915,0.4746828799863651,0.08,True
prospective_75120116_target_anchor_71567810,75120116,71567810,BK.PKD.HHE,BK.PKD.00.HHE,BK.PKD.00.HHE,00,00,PKD,HHE,100.0,5.0-20.0Hz,5.0,20.0,1565.3752563018568,216.58183110703877,0.3256452651586343,0.08,True
prospective_75120116_target_anchor_71567810,75120116,71567810,BK.PKD.HHE,BK.PKD.00.HHE,BK.PKD.00.HHE,00,00,PKD,HHE,100.0,10.0-40.0Hz,10.0,40.0,765.0163282775394,175.61109860592774,0.19211170475792444,-0.35,True
prospective_75120116_target_anchor_71567810,75120116,71567810,BK.PKD.HHE,BK.PKD.00.HHE,BK.PKD.00.HHE,00,00,PKD,HHE,100.0,2.0-40.0Hz,2.0,40.0,916.3016076510492,184.4650390175051,0.4074882565530088,0.08,True
prospective_75120116_target_anchor_71567810,75120116,71567810,BK.PKD.HHN,BK.PKD.00.HHN,BK.PKD.00.HHN,00,00,PKD,HHN,100.0,2.0-10.0Hz,2.0,10.0,1204.8010325412433,203.40469280101485,0.5622496484965405,0.09,True
prospective_75120116_target_anchor_71567810,75120116,71567810,BK.PKD.HHN,BK.PKD.00.HHN,BK.PKD.00.HHN,00,00,PKD,HHN,100.0,5.0-20.0Hz,5.0,20.0,689.553391840048,279.2560984161311,0.3360608071301522,0.08,True
prospective_75120116_target_anchor_71567810,75120116,71567810,BK.PKD.HHN,BK.PKD.00.HHN,BK.PKD.00.HHN,00,00,PKD,HHN,100.0,10.0-40.0Hz,10.0,40.0,464.66153474414483,223.01693639366798,0.27080081432355985,-0.05,True
prospective_75120116_target_anchor_71567810,75120116,71567810,BK.PKD.HHN,BK.PKD.00.HHN,BK.PKD.00.HHN,00,00,PKD,HHN,100.0,2.0-40.0Hz,2.0,40.0,780.743677672765,213.5792994742703,0.43235902514899194,0.08,True
prospective_75120116_target_anchor_71567810,75120116,71567810,BK.PKD.HHZ,BK.PKD.00.HHZ,BK.PKD.00.HHZ,00,00,PKD,HHZ,100.0,2.0-10.0Hz,2.0,10.0,800.3474159587338,189.950128600951,0.657016660954622,0.08,True
prospective_75120116_target_anchor_71567810,75120116,71567810,BK.PKD.HHZ,BK.PKD.00.HHZ,BK.PKD.00.HHZ,00,00,PKD,HHZ,100.0,5.0-20.0Hz,5.0,20.0,1448.5551090787808,281.70181178576394,0.44604401718688613,0.08,True
prospective_75120116_target_anchor_71567810,75120116,71567810,BK.PKD.HHZ,BK.PKD.00.HHZ,BK.PKD.00.HHZ,00,00,PKD,HHZ,100.0,10.0-40.0Hz,10.0,40.0,1357.1069493713787,315.0128872653531,0.43077082484907014,0.08,True
prospective_75120116_target_anchor_71567810,75120116,71567810,BK.PKD.HHZ,BK.PKD.00.HHZ,BK.PKD.00.HHZ,00,00,PKD,HHZ,100.0,2.0-40.0Hz,2.0,40.0,992.5740803439945,235.23802477242032,0.5302813739746507,0.08,True
prospective_75120116_target_anchor_71567810,75120116,71567810,BP.EADB.DP1,BP.EADB.40.DP1,BP.EADB..DP1,40,,EADB,DP1,250.0,2.0-10.0Hz,2.0,10.0,377.33902148449675,103.40502319248652,0.6136344769279141,0.14,True
prospective_75120116_target_anchor_71567810,75120116,71567810,BP.EADB.DP1,BP.EADB.40.DP1,BP.EADB..DP1,40,,EADB,DP1,250.0,5.0-20.0Hz,5.0,20.0,451.34225284617014,112.20382110299953,0.38441256912270605,-0.02,True
prospective_75120116_target_anchor_71567810,75120116,71567810,BP.EADB.DP1,BP.EADB.40.DP1,BP.EADB..DP1,40,,EADB,DP1,250.0,10.0-40.0Hz,10.0,40.0,208.792186169755,45.23362873831021,0.31184235425397366,0.092,True
prospective_75120116_target_anchor_71567810,75120116,71567810,BP.EADB.DP1,BP.EADB.40.DP1,BP.EADB..DP1,40,,EADB,DP1,250.0,2.0-40.0Hz,2.0,40.0,356.10196681662677,92.49663726523961,0.5130501560870068,0.144,True
prospective_75120116_target_anchor_71567810,75120116,71567810,BP.EADB.DP2,BP.EADB.40.DP2,BP.EADB..DP2,40,,EADB,DP2,250.0,2.0-10.0Hz,2.0,10.0,559.3008238554658,161.25480531534598,0.6830005951493305,0.148,True
prospective_75120116_target_anchor_71567810,75120116,71567810,BP.EADB.DP2,BP.EADB.40.DP2,BP.EADB..DP2,40,,EADB,DP2,250.0,5.0-20.0Hz,5.0,20.0,391.28457344312704,111.90496762765977,0.4223160316150503,0.308,True
prospective_75120116_target_anchor_71567810,75120116,71567810,BP.EADB.DP2,BP.EADB.40.DP2,BP.EADB..DP2,40,,EADB,DP2,250.0,10.0-40.0Hz,10.0,40.0,170.98505839254935,45.01090781349696,0.4698297504511137,0.092,True
prospective_75120116_target_anchor_71567810,75120116,71567810,BP.EADB.DP2,BP.EADB.40.DP2,BP.EADB..DP2,40,,EADB,DP2,250.0,2.0-40.0Hz,2.0,40.0,497.27777793148084,129.14870242901515,0.6179436930124748,0.152,True
prospective_75120116_target_anchor_71567810,75120116,71567810,BP.EADB.DP3,BP.EADB.40.DP3,BP.EADB..DP3,40,,EADB,DP3,250.0,2.0-10.0Hz,2.0,10.0,444.33864971263745,116.75719548745721,0.6811175922238242,0.152,True
prospective_75120116_target_anchor_71567810,75120116,71567810,BP.EADB.DP3,BP.EADB.40.DP3,BP.EADB..DP3,40,,EADB,DP3,250.0,5.0-20.0Hz,5.0,20.0,392.8002619129379,82.03968917499697,0.5175254218597076,-0.028,True
prospective_75120116_target_anchor_71567810,75120116,71567810,BP.EADB.DP3,BP.EADB.40.DP3,BP.EADB..DP3,40,,EADB,DP3,250.0,10.0-40.0Hz,10.0,40.0,146.93235348083232,29.911632593711875,0.24148664903884756,0.296,True
prospective_75120116_target_anchor_71567810,75120116,71567810,BP.EADB.DP3,BP.EADB.40.DP3,BP.EADB..DP3,40,,EADB,DP3,250.0,2.0-40.0Hz,2.0,40.0,451.84445834672806,88.5332158591796,0.6478251438498726,0.156,True
prospective_75120116_target_anchor_71567810,75120116,71567810,BP.FROB.DP1,BP.FROB.40.DP1,BP.FROB.40.DP1,40,40,FROB,DP1,250.0,2.0-10.0Hz,2.0,10.0,24.36195824888881,44.4044587519769,0.3188847088295988,0.164,True
prospective_75120116_target_anchor_71567810,75120116,71567810,BP.FROB.DP1,BP.FROB.40.DP1,BP.FROB.40.DP1,40,40,FROB,DP1,250.0,5.0-20.0Hz,5.0,20.0,65.35391071273327,66.20394880337346,0.20929890499601309,-0.136,True
prospective_75120116_target_anchor_71567810,75120116,71567810,BP.FROB.DP1,BP.FROB.40.DP1,BP.FROB.40.DP1,40,40,FROB,DP1,250.0,10.0-40.0Hz,10.0,40.0,134.17132938313753,70.82524076108733,0.17514040109665335,0.096,True
prospective_75120116_target_anchor_71567810,75120116,71567810,BP.FROB.DP1,BP.FROB.40.DP1,BP.FROB.40.DP1,40,40,FROB,DP1,250.0,2.0-40.0Hz,2.0,40.0,36.82358377425758,56.74393835358727,0.13980161058787136,-0.5,True
prospective_75120116_target_anchor_71567810,75120116,71567810,BP.FROB.DP2,BP.FROB.40.DP2,BP.FROB.40.DP2,40,40,FROB,DP2,250.0,2.0-10.0Hz,2.0,10.0,98.0197838066165,111.41921260108379,0.2544518283438662,0.332,True
prospective_75120116_target_anchor_71567810,75120116,71567810,BP.FROB.DP2,BP.FROB.40.DP2,BP.FROB.40.DP2,40,40,FROB,DP2,250.0,5.0-20.0Hz,5.0,20.0,134.68428391825708,148.16197260185513,0.1882150361673397,0.196,True
prospective_75120116_target_anchor_71567810,75120116,71567810,BP.FROB.DP2,BP.FROB.40.DP2,BP.FROB.40.DP2,40,40,FROB,DP2,250.0,10.0-40.0Hz,10.0,40.0,137.46033971049835,163.2722519010905,0.11813578065649094,0.484,True
prospective_75120116_target_anchor_71567810,75120116,71567810,BP.FROB.DP2,BP.FROB.40.DP2,BP.FROB.40.DP2,40,40,FROB,DP2,250.0,2.0-40.0Hz,2.0,40.0,115.69108479144234,132.15472838233725,0.16116479810347475,0.324,True
prospective_75120116_target_anchor_71567810,75120116,71567810,BP.FROB.DP3,BP.FROB.40.DP3,BP.FROB.40.DP3,40,40,FROB,DP3,250.0,2.0-10.0Hz,2.0,10.0,104.55123065508403,111.88403767745794,0.23660597453392015,0.152,True
prospective_75120116_target_anchor_71567810,75120116,71567810,BP.FROB.DP3,BP.FROB.40.DP3,BP.FROB.40.DP3,40,40,FROB,DP3,250.0,5.0-20.0Hz,5.0,20.0,115.48851609895509,148.46154436171693,0.1826376320816665,-0.268,True
prospective_75120116_target_anchor_71567810,75120116,71567810,BP.FROB.DP3,BP.FROB.40.DP3,BP.FROB.40.DP3,40,40,FROB,DP3,250.0,10.0-40.0Hz,10.0,40.0,99.91827815128573,163.8740499131067,0.17506436944982465,-0.348,True
prospective_75120116_target_anchor_71567810,75120116,71567810,BP.FROB.DP3,BP.FROB.40.DP3,BP.FROB.40.DP3,40,40,FROB,DP3,250.0,2.0-40.0Hz,2.0,40.0,101.21597790317381,132.70799699721857,0.14835763584640607,0.152,True
prospective_75120116_target_anchor_71567810,75120116,71567810,BP.GHIB.DP1,BP.GHIB.40.DP1,BP.GHIB..DP1,40,,GHIB,DP1,250.0,2.0-10.0Hz,2.0,10.0,27.20867492768638,13.095918955247214,0.6749819033363404,0.12,True
prospective_75120116_target_anchor_71567810,75120116,71567810,BP.GHIB.DP1,BP.GHIB.40.DP1,BP.GHIB..DP1,40,,GHIB,DP1,250.0,5.0-20.0Hz,5.0,20.0,37.32558007054262,18.65717505178021,0.3945695734569653,0.112,True
prospective_75120116_target_anchor_71567810,75120116,71567810,BP.GHIB.DP1,BP.GHIB.40.DP1,BP.GHIB..DP1,40,,GHIB,DP1,250.0,10.0-40.0Hz,10.0,40.0,37.60843461912835,13.638998547570193,0.39161213837186426,0.284,True
prospective_75120116_target_anchor_71567810,75120116,71567810,BP.GHIB.DP1,BP.GHIB.40.DP1,BP.GHIB..DP1,40,,GHIB,DP1,250.0,2.0-40.0Hz,2.0,40.0,28.379825923887214,13.597781573589126,0.5588718765441395,0.116,True
prospective_75120116_target_anchor_71567810,75120116,71567810,BP.GHIB.DP3,BP.GHIB.40.DP3,BP.GHIB..DP3,40,,GHIB,DP3,250.0,2.0-10.0Hz,2.0,10.0,23.66639341661314,14.41903900372476,0.6921943639821607,0.12,True
prospective_75120116_target_anchor_71567810,75120116,71567810,BP.GHIB.DP3,BP.GHIB.40.DP3,BP.GHIB..DP3,40,,GHIB,DP3,250.0,5.0-20.0Hz,5.0,20.0,23.149776571203795,14.986626494588391,0.4386741092589521,0.108,True
prospective_75120116_target_anchor_71567810,75120116,71567810,BP.GHIB.DP3,BP.GHIB.40.DP3,BP.GHIB..DP3,40,,GHIB,DP3,250.0,10.0-40.0Hz,10.0,40.0,15.97471464446336,10.913078210637767,0.2946104551352965,0.104,True
prospective_75120116_target_anchor_71567810,75120116,71567810,BP.GHIB.DP3,BP.GHIB.40.DP3,BP.GHIB..DP3,40,,GHIB,DP3,250.0,2.0-40.0Hz,2.0,40.0,22.94179490506176,13.904322214726994,0.584801280823242,0.116,True
prospective_75120116_target_anchor_71567810,75120116,71567810,BP.JCSB.DP1,BP.JCSB.40.DP1,BP.JCSB.40.DP1,40,40,JCSB,DP1,250.0,2.0-10.0Hz,2.0,10.0,1753.9210960843327,416.00613492275653,0.8404697343203824,0.132,True
prospective_75120116_target_anchor_71567810,75120116,71567810,BP.JCSB.DP1,BP.JCSB.40.DP1,BP.JCSB.40.DP1,40,40,JCSB,DP1,250.0,5.0-20.0Hz,5.0,20.0,1529.126988207785,395.98708468626955,0.5046539344015619,0.136,True
prospective_75120116_target_anchor_71567810,75120116,71567810,BP.JCSB.DP1,BP.JCSB.40.DP1,BP.JCSB.40.DP1,40,40,JCSB,DP1,250.0,10.0-40.0Hz,10.0,40.0,892.2323870170062,289.8622077370236,0.32228441713764044,0.08,True
prospective_75120116_target_anchor_71567810,75120116,71567810,BP.JCSB.DP1,BP.JCSB.40.DP1,BP.JCSB.40.DP1,40,40,JCSB,DP1,250.0,2.0-40.0Hz,2.0,40.0,1522.9464045387017,374.37921422800355,0.7010871215074957,0.136,True
prospective_75120116_target_anchor_71567810,75120116,71567810,BP.JCSB.DP2,BP.JCSB.40.DP2,BP.JCSB.40.DP2,40,40,JCSB,DP2,250.0,2.0-10.0Hz,2.0,10.0,17.297343588330524,1.2638171561661922,0.3514862689853991,-0.028,False
prospective_75120116_target_anchor_71567810,75120116,71567810,BP.JCSB.DP2,BP.JCSB.40.DP2,BP.JCSB.40.DP2,40,40,JCSB,DP2,250.0,5.0-20.0Hz,5.0,20.0,24.58449089686104,1.4942262698407272,0.25647465463642316,0.096,False
prospective_75120116_target_anchor_71567810,75120116,71567810,BP.JCSB.DP2,BP.JCSB.40.DP2,BP.JCSB.40.DP2,40,40,JCSB,DP2,250.0,10.0-40.0Hz,10.0,40.0,35.62703537394927,2.023035764272736,0.29618362606750764,0.092,False
prospective_75120116_target_anchor_71567810,75120116,71567810,BP.JCSB.DP2,BP.JCSB.40.DP2,BP.JCSB.40.DP2,40,40,JCSB,DP2,250.0,2.0-40.0Hz,2.0,40.0,28.752864809953454,1.6953309964226497,0.21969283156807423,0.096,False
prospective_75120116_target_anchor_71567810,75120116,71567810,BP.JCSB.DP3,BP.JCSB.40.DP3,BP.JCSB.40.DP3,40,40,JCSB,DP3,250.0,2.0-10.0Hz,2.0,10.0,24.30511003642096,1.3926045325519425,0.28597504893565356,0.152,False
prospective_75120116_target_anchor_71567810,75120116,71567810,BP.JCSB.DP3,BP.JCSB.40.DP3,BP.JCSB.40.DP3,40,40,JCSB,DP3,250.0,5.0-20.0Hz,5.0,20.0,35.55875651325102,1.662465676322875,0.2723343303357702,0.152,False
prospective_75120116_target_anchor_71567810,75120116,71567810,BP.JCSB.DP3,BP.JCSB.40.DP3,BP.JCSB.40.DP3,40,40,JCSB,DP3,250.0,10.0-40.0Hz,10.0,40.0,39.68934634208929,2.092696433819361,0.2742029629622407,0.092,False
prospective_75120116_target_anchor_71567810,75120116,71567810,BP.JCSB.DP3,BP.JCSB.40.DP3,BP.JCSB.40.DP3,40,40,JCSB,DP3,250.0,2.0-40.0Hz,2.0,40.0,34.188858093417906,1.8051908867463227,0.23039101799166034,0.148,False
prospective_75120116_target_anchor_71567810,75120116,71567810,BP.LCCB.DP1,BP.LCCB.40.DP1,BP.LCCB..DP1,40,,LCCB,DP1,250.0,2.0-10.0Hz,2.0,10.0,2928.21160356824,890.2743871429769,0.3253970814370232,0.412,True
prospective_75120116_target_anchor_71567810,75120116,71567810,BP.LCCB.DP1,BP.LCCB.40.DP1,BP.LCCB..DP1,40,,LCCB,DP1,250.0,5.0-20.0Hz,5.0,20.0,4112.943457997387,1666.5147073142475,0.30670909855405615,-0.228,True
prospective_75120116_target_anchor_71567810,75120116,71567810,BP.LCCB.DP1,BP.LCCB.40.DP1,BP.LCCB..DP1,40,,LCCB,DP1,250.0,10.0-40.0Hz,10.0,40.0,2366.949942703329,1076.0726955331595,0.2328139004636902,0.128,True
prospective_75120116_target_anchor_71567810,75120116,71567810,BP.LCCB.DP1,BP.LCCB.40.DP1,BP.LCCB..DP1,40,,LCCB,DP1,250.0,2.0-40.0Hz,2.0,40.0,2981.2890729262244,978.1363203773686,0.2639991132852282,-0.104,True
prospective_75120116_target_anchor_71567810,75120116,71567810,BP.LCCB.DP2,BP.LCCB.40.DP2,BP.LCCB..DP2,40,,LCCB,DP2,250.0,2.0-10.0Hz,2.0,10.0,472.9476136893328,395.44351475086626,0.7024546256049029,0.092,True
prospective_75120116_target_anchor_71567810,75120116,71567810,BP.LCCB.DP2,BP.LCCB.40.DP2,BP.LCCB..DP2,40,,LCCB,DP2,250.0,5.0-20.0Hz,5.0,20.0,528.5659992895002,422.4333463753459,0.34244166280999316,0.1,True
prospective_75120116_target_anchor_71567810,75120116,71567810,BP.LCCB.DP2,BP.LCCB.40.DP2,BP.LCCB..DP2,40,,LCCB,DP2,250.0,10.0-40.0Hz,10.0,40.0,375.57780234896813,276.66969160396866,0.2934965774840738,0.204,True
prospective_75120116_target_anchor_71567810,75120116,71567810,BP.LCCB.DP2,BP.LCCB.40.DP2,BP.LCCB..DP2,40,,LCCB,DP2,250.0,2.0-40.0Hz,2.0,40.0,418.94351572055945,304.8351185955109,0.3031755823681525,0.092,True
prospective_75120116_target_anchor_71567810,75120116,71567810,BP.LCCB.DP3,BP.LCCB.40.DP3,BP.LCCB..DP3,40,,LCCB,DP3,250.0,2.0-10.0Hz,2.0,10.0,3110.5032521576504,901.0491391067158,0.41647887255063293,0.096,True
prospective_75120116_target_anchor_71567810,75120116,71567810,BP.LCCB.DP3,BP.LCCB.40.DP3,BP.LCCB..DP3,40,,LCCB,DP3,250.0,5.0-20.0Hz,5.0,20.0,5082.751489433345,1167.8812129353505,0.2729062214956576,-0.44,True
prospective_75120116_target_anchor_71567810,75120116,71567810,BP.LCCB.DP3,BP.LCCB.40.DP3,BP.LCCB..DP3,40,,LCCB,DP3,250.0,10.0-40.0Hz,10.0,40.0,2968.4984733521856,864.2881316830668,0.41502500443761736,0.044,True
prospective_75120116_target_anchor_71567810,75120116,71567810,BP.LCCB.DP3,BP.LCCB.40.DP3,BP.LCCB..DP3,40,,LCCB,DP3,250.0,2.0-40.0Hz,2.0,40.0,3166.224536493688,897.5263071583724,0.3346002718867065,0.108,True
prospective_75120116_target_anchor_71567810,75120116,71567810,BP.MMNB.DP1,BP.MMNB.40.DP1,BP.MMNB.40.DP1,40,40,MMNB,DP1,250.0,2.0-10.0Hz,2.0,10.0,1649.2208407197356,517.5923666508165,0.5473779106392503,0.076,True
prospective_75120116_target_anchor_71567810,75120116,71567810,BP.MMNB.DP1,BP.MMNB.40.DP1,BP.MMNB.40.DP1,40,40,MMNB,DP1,250.0,5.0-20.0Hz,5.0,20.0,2010.3679930009048,704.1034560734225,0.45401748799906116,0.068,True
prospective_75120116_target_anchor_71567810,75120116,71567810,BP.MMNB.DP1,BP.MMNB.40.DP1,BP.MMNB.40.DP1,40,40,MMNB,DP1,250.0,10.0-40.0Hz,10.0,40.0,796.0418181788514,325.95728195586054,0.5101774599703885,0.152,True
prospective_75120116_target_anchor_71567810,75120116,71567810,BP.MMNB.DP1,BP.MMNB.40.DP1,BP.MMNB.40.DP1,40,40,MMNB,DP1,250.0,2.0-40.0Hz,2.0,40.0,1472.5067492219023,467.2200825503769,0.489282578595352,0.072,True
prospective_75120116_target_anchor_71567810,75120116,71567810,BP.MMNB.DP2,BP.MMNB.40.DP2,BP.MMNB.40.DP2,40,40,MMNB,DP2,250.0,2.0-10.0Hz,2.0,10.0,1604.243716174633,499.94637223535483,0.36947732887922274,0.144,True
prospective_75120116_target_anchor_71567810,75120116,71567810,BP.MMNB.DP2,BP.MMNB.40.DP2,BP.MMNB.40.DP2,40,40,MMNB,DP2,250.0,5.0-20.0Hz,5.0,20.0,1838.2149197012816,678.1862718906626,0.3273740710667431,0.5,True
prospective_75120116_target_anchor_71567810,75120116,71567810,BP.MMNB.DP2,BP.MMNB.40.DP2,BP.MMNB.40.DP2,40,40,MMNB,DP2,250.0,10.0-40.0Hz,10.0,40.0,919.1671148383629,296.1719108145358,0.3283155856500459,-0.06,True
prospective_75120116_target_anchor_71567810,75120116,71567810,BP.MMNB.DP2,BP.MMNB.40.DP2,BP.MMNB.40.DP2,40,40,MMNB,DP2,250.0,2.0-40.0Hz,2.0,40.0,1421.401201441904,437.6799654082157,0.31025699772265436,0.14,True
prospective_75120116_target_anchor_71567810,75120116,71567810,BP.MMNB.DP3,BP.MMNB.40.DP3,BP.MMNB.40.DP3,40,40,MMNB,DP3,250.0,2.0-10.0Hz,2.0,10.0,1691.5187556813087,579.3087498875539,0.35914793857104393,-0.184,True
prospective_75120116_target_anchor_71567810,75120116,71567810,BP.MMNB.DP3,BP.MMNB.40.DP3,BP.MMNB.40.DP3,40,40,MMNB,DP3,250.0,5.0-20.0Hz,5.0,20.0,1937.3504412282116,737.6866007085637,0.49366540456375707,0.232,True
prospective_75120116_target_anchor_71567810,75120116,71567810,BP.MMNB.DP3,BP.MMNB.40.DP3,BP.MMNB.40.DP3,40,40,MMNB,DP3,250.0,10.0-40.0Hz,10.0,40.0,1214.265749915529,382.79077076872795,0.553976929488107,0.136,True
prospective_75120116_target_anchor_71567810,75120116,71567810,BP.MMNB.DP3,BP.MMNB.40.DP3,BP.MMNB.40.DP3,40,40,MMNB,DP3,250.0,2.0-40.0Hz,2.0,40.0,1600.4974257633917,521.0851752934398,0.34866632527525726,0.228,True
prospective_75120116_target_anchor_71567810,75120116,71567810,BP.SCYB.DP1,BP.SCYB.40.DP1,BP.SCYB..DP1,40,,SCYB,DP1,250.0,2.0-10.0Hz,2.0,10.0,4064.1836351338593,880.7835451147147,0.4361232603379074,0.048,True
prospective_75120116_target_anchor_71567810,75120116,71567810,BP.SCYB.DP1,BP.SCYB.40.DP1,BP.SCYB..DP1,40,,SCYB,DP1,250.0,5.0-20.0Hz,5.0,20.0,4800.528493524737,1103.7736792366684,0.36139005982509687,0.04,True
prospective_75120116_target_anchor_71567810,75120116,71567810,BP.SCYB.DP1,BP.SCYB.40.DP1,BP.SCYB..DP1,40,,SCYB,DP1,250.0,10.0-40.0Hz,10.0,40.0,2305.1170650835734,684.5288848609263,0.2826917360642677,0.036,True
prospective_75120116_target_anchor_71567810,75120116,71567810,BP.SCYB.DP1,BP.SCYB.40.DP1,BP.SCYB..DP1,40,,SCYB,DP1,250.0,2.0-40.0Hz,2.0,40.0,3705.4130128187044,803.6924045744108,0.37387454958102456,0.04,True
prospective_75120116_target_anchor_71567810,75120116,71567810,BP.SCYB.DP2,BP.SCYB.40.DP2,BP.SCYB..DP2,40,,SCYB,DP2,250.0,2.0-10.0Hz,2.0,10.0,5087.3228412854505,1185.6383764192358,0.6343607198366596,0.06,True
prospective_75120116_target_anchor_71567810,75120116,71567810,BP.SCYB.DP2,BP.SCYB.40.DP2,BP.SCYB..DP2,40,,SCYB,DP2,250.0,5.0-20.0Hz,5.0,20.0,3387.357719612632,1223.6493160833113,0.33873625384966694,0.188,True
prospective_75120116_target_anchor_71567810,75120116,71567810,BP.SCYB.DP2,BP.SCYB.40.DP2,BP.SCYB..DP2,40,,SCYB,DP2,250.0,10.0-40.0Hz,10.0,40.0,1544.41634052319,533.8757249711488,0.3637357348185906,0.284,True
prospective_75120116_target_anchor_71567810,75120116,71567810,BP.SCYB.DP2,BP.SCYB.40.DP2,BP.SCYB..DP2,40,,SCYB,DP2,250.0,2.0-40.0Hz,2.0,40.0,4236.32851419318,932.8068547863899,0.5201078736223601,0.064,True
prospective_75120116_target_anchor_71567810,75120116,71567810,BP.SCYB.DP3,BP.SCYB.40.DP3,BP.SCYB..DP3,40,,SCYB,DP3,250.0,2.0-10.0Hz,2.0,10.0,3996.880106915479,632.6209373102877,0.4009006896137116,0.044,True
prospective_75120116_target_anchor_71567810,75120116,71567810,BP.SCYB.DP3,BP.SCYB.40.DP3,BP.SCYB..DP3,40,,SCYB,DP3,250.0,5.0-20.0Hz,5.0,20.0,3872.0850244991166,741.6215300688774,0.3763765362215539,0.032,True
prospective_75120116_target_anchor_71567810,75120116,71567810,BP.SCYB.DP3,BP.SCYB.40.DP3,BP.SCYB..DP3,40,,SCYB,DP3,250.0,10.0-40.0Hz,10.0,40.0,1626.4284442114247,447.87968669205935,0.47499677332447104,-0.06,True
prospective_75120116_target_anchor_71567810,75120116,71567810,BP.SCYB.DP3,BP.SCYB.40.DP3,BP.SCYB..DP3,40,,SCYB,DP3,250.0,2.0-40.0Hz,2.0,40.0,3459.050767072274,504.6692246677407,0.3300394695431494,0.036,True
prospective_75120116_target_anchor_71567810,75120116,71567810,BP.SMNB.DP1,BP.SMNB.40.DP1,BP.SMNB.40.DP1,40,40,SMNB,DP1,250.0,2.0-10.0Hz,2.0,10.0,2991.394502801028,716.6425739890268,0.7782778647822588,0.052,True
prospective_75120116_target_anchor_71567810,75120116,71567810,BP.SMNB.DP1,BP.SMNB.40.DP1,BP.SMNB.40.DP1,40,40,SMNB,DP1,250.0,5.0-20.0Hz,5.0,20.0,4564.934380837903,1202.3993798127144,0.5534156191919246,0.048,True
prospective_75120116_target_anchor_71567810,75120116,71567810,BP.SMNB.DP1,BP.SMNB.40.DP1,BP.SMNB.40.DP1,40,40,SMNB,DP1,250.0,10.0-40.0Hz,10.0,40.0,4752.569327494158,1491.4532351999123,0.30094143831235237,0.048,True
prospective_75120116_target_anchor_71567810,75120116,71567810,BP.SMNB.DP1,BP.SMNB.40.DP1,BP.SMNB.40.DP1,40,40,SMNB,DP1,250.0,2.0-40.0Hz,2.0,40.0,3511.1220111666726,1015.0800027229297,0.4916515419901519,0.048,True
prospective_75120116_target_anchor_71567810,75120116,71567810,BP.SMNB.DP2,BP.SMNB.40.DP2,BP.SMNB.40.DP2,40,40,SMNB,DP2,250.0,2.0-10.0Hz,2.0,10.0,2599.3942890242643,774.8368681610898,0.45966138574262305,0.048,True
prospective_75120116_target_anchor_71567810,75120116,71567810,BP.SMNB.DP2,BP.SMNB.40.DP2,BP.SMNB.40.DP2,40,40,SMNB,DP2,250.0,5.0-20.0Hz,5.0,20.0,4117.171527822471,1402.9400401938774,0.3896049986315173,0.04,True
prospective_75120116_target_anchor_71567810,75120116,71567810,BP.SMNB.DP2,BP.SMNB.40.DP2,BP.SMNB.40.DP2,40,40,SMNB,DP2,250.0,10.0-40.0Hz,10.0,40.0,5109.005990045141,1577.8530461479486,0.27251828038607445,0.04,True
prospective_75120116_target_anchor_71567810,75120116,71567810,BP.SMNB.DP2,BP.SMNB.40.DP2,BP.SMNB.40.DP2,40,40,SMNB,DP2,250.0,2.0-40.0Hz,2.0,40.0,3511.621015424684,1203.611443820404,0.33898905974659,0.04,True
prospective_75120116_target_anchor_71567810,75120116,71567810,BP.SMNB.DP3,BP.SMNB.40.DP3,BP.SMNB.40.DP3,40,40,SMNB,DP3,250.0,2.0-10.0Hz,2.0,10.0,2824.8169921706926,683.131060875061,0.6479644018332088,0.06,True
prospective_75120116_target_anchor_71567810,75120116,71567810,BP.SMNB.DP3,BP.SMNB.40.DP3,BP.SMNB.40.DP3,40,40,SMNB,DP3,250.0,5.0-20.0Hz,5.0,20.0,3607.465662192382,1161.3196554886742,0.363328083970456,0.044,True
prospective_75120116_target_anchor_71567810,75120116,71567810,BP.SMNB.DP3,BP.SMNB.40.DP3,BP.SMNB.40.DP3,40,40,SMNB,DP3,250.0,10.0-40.0Hz,10.0,40.0,5455.355457197596,1499.2779705569803,0.25115776300480275,0.04,True
prospective_75120116_target_anchor_71567810,75120116,71567810,BP.SMNB.DP3,BP.SMNB.40.DP3,BP.SMNB.40.DP3,40,40,SMNB,DP3,250.0,2.0-40.0Hz,2.0,40.0,3664.680036312996,1149.5859515061043,0.31027840566532394,0.04,True
prospective_75120116_target_anchor_71567810,75120116,71567810,NC.PSM.EHE,NC.PSM..EHE,NC.PSM..EHE,,,PSM,EHE,100.0,2.0-10.0Hz,2.0,10.0,1.02633279916619,659.6921253895091,0.14767665226265297,-0.21,False
prospective_75120116_target_anchor_71567810,75120116,71567810,NC.PSM.EHE,NC.PSM..EHE,NC.PSM..EHE,,,PSM,EHE,100.0,5.0-20.0Hz,5.0,20.0,0.9826039812284411,565.4561586141633,0.1318932251321287,-0.35,False
prospective_75120116_target_anchor_71567810,75120116,71567810,NC.PSM.EHE,NC.PSM..EHE,NC.PSM..EHE,,,PSM,EHE,100.0,10.0-40.0Hz,10.0,40.0,0.9860668882147284,106.13879260906954,0.06483228976054667,-0.11,False
prospective_75120116_target_anchor_71567810,75120116,71567810,NC.PSM.EHE,NC.PSM..EHE,NC.PSM..EHE,,,PSM,EHE,100.0,2.0-40.0Hz,2.0,40.0,0.9873659944960563,499.2988847155111,0.08708008549663461,-0.21,False
prospective_75120116_target_anchor_71567810,75120116,71567810,NC.PSM.EHN,NC.PSM..EHN,NC.PSM..EHN,,,PSM,EHN,100.0,2.0-10.0Hz,2.0,10.0,4622.682517847014,786.6000799787593,0.7036198504427807,-0.01,True
prospective_75120116_target_anchor_71567810,75120116,71567810,NC.PSM.EHN,NC.PSM..EHN,NC.PSM..EHN,,,PSM,EHN,100.0,5.0-20.0Hz,5.0,20.0,3728.448172289753,319.33819102020243,0.539623549064948,0.01,True
prospective_75120116_target_anchor_71567810,75120116,71567810,NC.PSM.EHN,NC.PSM..EHN,NC.PSM..EHN,,,PSM,EHN,100.0,10.0-40.0Hz,10.0,40.0,1190.5234033486834,89.98035262765198,0.2732992518692718,-0.18,True
prospective_75120116_target_anchor_71567810,75120116,71567810,NC.PSM.EHN,NC.PSM..EHN,NC.PSM..EHN,,,PSM,EHN,100.0,2.0-40.0Hz,2.0,40.0,3901.1745862347625,512.0174499485839,0.6768322333023782,-0.01,True
prospective_75120116_target_anchor_71567810,75120116,71567810,NC.PSM.EHZ,NC.PSM..EHZ,NC.PSM..EHZ,,,PSM,EHZ,100.0,2.0-10.0Hz,2.0,10.0,4068.528672298169,609.9669156370992,0.6367073898444765,0.01,True
prospective_75120116_target_anchor_71567810,75120116,71567810,NC.PSM.EHZ,NC.PSM..EHZ,NC.PSM..EHZ,,,PSM,EHZ,100.0,5.0-20.0Hz,5.0,20.0,3884.531525011225,429.41735582683725,0.4661392704480728,0.01,True
prospective_75120116_target_anchor_71567810,75120116,71567810,NC.PSM.EHZ,NC.PSM..EHZ,NC.PSM..EHZ,,,PSM,EHZ,100.0,10.0-40.0Hz,10.0,40.0,1156.4838573257855,111.7943952231144,0.39757780276498533,0.0,True
prospective_75120116_target_anchor_71567810,75120116,71567810,NC.PSM.EHZ,NC.PSM..EHZ,NC.PSM..EHZ,,,PSM,EHZ,100.0,2.0-40.0Hz,2.0,40.0,3398.4872927513493,437.9641189999582,0.6157718911557872,0.0,True
prospective_75120116_target_anchor_71908906,75120116,71908906,BK.PKD.HHE,BK.PKD.00.HHE,BK.PKD.00.HHE,00,00,PKD,HHE,100.0,2.0-10.0Hz,2.0,10.0,893.5887774051392,63.27491120678386,0.42374754562402733,0.09,True
prospective_75120116_target_anchor_71908906,75120116,71908906,BK.PKD.HHE,BK.PKD.00.HHE,BK.PKD.00.HHE,00,00,PKD,HHE,100.0,5.0-20.0Hz,5.0,20.0,1565.3752563018568,74.81068027279335,0.28317534190580873,-0.05,True
prospective_75120116_target_anchor_71908906,75120116,71908906,BK.PKD.HHE,BK.PKD.00.HHE,BK.PKD.00.HHE,00,00,PKD,HHE,100.0,10.0-40.0Hz,10.0,40.0,765.0163282775394,60.68983868116381,0.146945673051526,0.47,True
prospective_75120116_target_anchor_71908906,75120116,71908906,BK.PKD.HHE,BK.PKD.00.HHE,BK.PKD.00.HHE,00,00,PKD,HHE,100.0,2.0-40.0Hz,2.0,40.0,916.3016076510492,63.393268555291144,0.3561714239315395,0.09,True
prospective_75120116_target_anchor_71908906,75120116,71908906,BK.PKD.HHN,BK.PKD.00.HHN,BK.PKD.00.HHN,00,00,PKD,HHN,100.0,2.0-10.0Hz,2.0,10.0,1204.8010325412433,47.7745763554742,0.5613205054998142,0.1,True
prospective_75120116_target_anchor_71908906,75120116,71908906,BK.PKD.HHN,BK.PKD.00.HHN,BK.PKD.00.HHN,00,00,PKD,HHN,100.0,5.0-20.0Hz,5.0,20.0,689.553391840048,62.44414088729069,0.3633650801140822,0.09,True
prospective_75120116_target_anchor_71908906,75120116,71908906,BK.PKD.HHN,BK.PKD.00.HHN,BK.PKD.00.HHN,00,00,PKD,HHN,100.0,10.0-40.0Hz,10.0,40.0,464.66153474414483,56.36203900952732,0.2978924611440307,0.09,True
prospective_75120116_target_anchor_71908906,75120116,71908906,BK.PKD.HHN,BK.PKD.00.HHN,BK.PKD.00.HHN,00,00,PKD,HHN,100.0,2.0-40.0Hz,2.0,40.0,780.743677672765,51.95244543502027,0.44480063871162945,0.09,True
prospective_75120116_target_anchor_71908906,75120116,71908906,BK.PKD.HHZ,BK.PKD.00.HHZ,BK.PKD.00.HHZ,00,00,PKD,HHZ,100.0,2.0-10.0Hz,2.0,10.0,800.3474159587338,55.72118817687291,0.6495098007614916,0.09,True
prospective_75120116_target_anchor_71908906,75120116,71908906,BK.PKD.HHZ,BK.PKD.00.HHZ,BK.PKD.00.HHZ,00,00,PKD,HHZ,100.0,5.0-20.0Hz,5.0,20.0,1448.5551090787808,85.59033042220672,0.4650847879771672,0.09,True
prospective_75120116_target_anchor_71908906,75120116,71908906,BK.PKD.HHZ,BK.PKD.00.HHZ,BK.PKD.00.HHZ,00,00,PKD,HHZ,100.0,10.0-40.0Hz,10.0,40.0,1357.1069493713787,99.63447318333363,0.46819027778855576,0.09,True
prospective_75120116_target_anchor_71908906,75120116,71908906,BK.PKD.HHZ,BK.PKD.00.HHZ,BK.PKD.00.HHZ,00,00,PKD,HHZ,100.0,2.0-40.0Hz,2.0,40.0,992.5740803439945,72.03385223227681,0.535553873096226,0.09,True
prospective_75120116_target_anchor_71908906,75120116,71908906,BP.EADB.DP1,BP.EADB.40.DP1,BP.EADB.40.DP1,40,40,EADB,DP1,250.0,2.0-10.0Hz,2.0,10.0,377.33902148449675,50.60871525301178,0.6144340549208194,0.152,True
prospective_75120116_target_anchor_71908906,75120116,71908906,BP.EADB.DP1,BP.EADB.40.DP1,BP.EADB.40.DP1,40,40,EADB,DP1,250.0,5.0-20.0Hz,5.0,20.0,451.34225284617014,76.6745274161132,0.388895388273226,-0.008,True
prospective_75120116_target_anchor_71908906,75120116,71908906,BP.EADB.DP1,BP.EADB.40.DP1,BP.EADB.40.DP1,40,40,EADB,DP1,250.0,10.0-40.0Hz,10.0,40.0,208.792186169755,42.508828602112985,0.31866535928635525,0.108,True
prospective_75120116_target_anchor_71908906,75120116,71908906,BP.EADB.DP1,BP.EADB.40.DP1,BP.EADB.40.DP1,40,40,EADB,DP1,250.0,2.0-40.0Hz,2.0,40.0,356.10196681662677,53.2018789543812,0.5190873424018955,0.156,True
prospective_75120116_target_anchor_71908906,75120116,71908906,BP.EADB.DP2,BP.EADB.40.DP2,BP.EADB.40.DP2,40,40,EADB,DP2,250.0,2.0-10.0Hz,2.0,10.0,559.3008238554658,70.70557931573286,0.6655981937705168,0.16,True
prospective_75120116_target_anchor_71908906,75120116,71908906,BP.EADB.DP2,BP.EADB.40.DP2,BP.EADB.40.DP2,40,40,EADB,DP2,250.0,5.0-20.0Hz,5.0,20.0,391.28457344312704,77.21963357077568,0.42439706372542285,0.324,True
prospective_75120116_target_anchor_71908906,75120116,71908906,BP.EADB.DP2,BP.EADB.40.DP2,BP.EADB.40.DP2,40,40,EADB,DP2,250.0,10.0-40.0Hz,10.0,40.0,170.98505839254935,36.09949020176985,0.4553757136083914,0.108,True
prospective_75120116_target_anchor_71908906,75120116,71908906,BP.EADB.DP2,BP.EADB.40.DP2,BP.EADB.40.DP2,40,40,EADB,DP2,250.0,2.0-40.0Hz,2.0,40.0,497.27777793148084,68.99663640499749,0.5960624069903353,-0.404,True
prospective_75120116_target_anchor_71908906,75120116,71908906,BP.EADB.DP3,BP.EADB.40.DP3,BP.EADB.40.DP3,40,40,EADB,DP3,250.0,2.0-10.0Hz,2.0,10.0,444.33864971263745,11.713333467164267,0.6709976864109741,0.164,True
prospective_75120116_target_anchor_71908906,75120116,71908906,BP.EADB.DP3,BP.EADB.40.DP3,BP.EADB.40.DP3,40,40,EADB,DP3,250.0,5.0-20.0Hz,5.0,20.0,392.8002619129379,4.954682793222804,0.4812143781732185,-0.012,True
prospective_75120116_target_anchor_71908906,75120116,71908906,BP.EADB.DP3,BP.EADB.40.DP3,BP.EADB.40.DP3,40,40,EADB,DP3,250.0,10.0-40.0Hz,10.0,40.0,146.93235348083232,1.8167809963346264,0.18906249931691338,0.312,False
prospective_75120116_target_anchor_71908906,75120116,71908906,BP.EADB.DP3,BP.EADB.40.DP3,BP.EADB.40.DP3,40,40,EADB,DP3,250.0,2.0-40.0Hz,2.0,40.0,451.84445834672806,5.282292958152193,0.6289162455085557,0.172,True
prospective_75120116_target_anchor_71908906,75120116,71908906,BP.FROB.DP1,BP.FROB.40.DP1,BP.FROB.40.DP1,40,40,FROB,DP1,250.0,2.0-10.0Hz,2.0,10.0,24.36195824888881,16.803390270625755,0.3275452850568777,0.168,True
prospective_75120116_target_anchor_71908906,75120116,71908906,BP.FROB.DP1,BP.FROB.40.DP1,BP.FROB.40.DP1,40,40,FROB,DP1,250.0,5.0-20.0Hz,5.0,20.0,65.35391071273327,16.174685206562007,0.22005774763389763,-0.132,True
prospective_75120116_target_anchor_71908906,75120116,71908906,BP.FROB.DP1,BP.FROB.40.DP1,BP.FROB.40.DP1,40,40,FROB,DP1,250.0,10.0-40.0Hz,10.0,40.0,134.17132938313753,12.3448654961627,0.1670097970409769,0.1,True
prospective_75120116_target_anchor_71908906,75120116,71908906,BP.FROB.DP1,BP.FROB.40.DP1,BP.FROB.40.DP1,40,40,FROB,DP1,250.0,2.0-40.0Hz,2.0,40.0,36.82358377425758,13.55725293207204,0.15870835691977192,-0.5,True
prospective_75120116_target_anchor_71908906,75120116,71908906,BP.FROB.DP2,BP.FROB.40.DP2,BP.FROB.40.DP2,40,40,FROB,DP2,250.0,2.0-10.0Hz,2.0,10.0,98.0197838066165,51.37809445556027,0.39820046785549895,0.144,True
prospective_75120116_target_anchor_71908906,75120116,71908906,BP.FROB.DP2,BP.FROB.40.DP2,BP.FROB.40.DP2,40,40,FROB,DP2,250.0,5.0-20.0Hz,5.0,20.0,134.68428391825708,85.63085806105951,0.24572282452417116,0.288,True
prospective_75120116_target_anchor_71908906,75120116,71908906,BP.FROB.DP2,BP.FROB.40.DP2,BP.FROB.40.DP2,40,40,FROB,DP2,250.0,10.0-40.0Hz,10.0,40.0,137.46033971049835,88.95500437506698,0.17319086556825708,0.296,True
prospective_75120116_target_anchor_71908906,75120116,71908906,BP.FROB.DP2,BP.FROB.40.DP2,BP.FROB.40.DP2,40,40,FROB,DP2,250.0,2.0-40.0Hz,2.0,40.0,115.69108479144234,74.71068690970614,0.1732693335698803,0.44,True
prospective_75120116_target_anchor_71908906,75120116,71908906,BP.FROB.DP3,BP.FROB.40.DP3,BP.FROB.40.DP3,40,40,FROB,DP3,250.0,2.0-10.0Hz,2.0,10.0,104.55123065508403,33.39777419458997,0.2615527885581655,0.156,True
prospective_75120116_target_anchor_71908906,75120116,71908906,BP.FROB.DP3,BP.FROB.40.DP3,BP.FROB.40.DP3,40,40,FROB,DP3,250.0,5.0-20.0Hz,5.0,20.0,115.48851609895509,46.15864915982317,0.1631684568708813,0.42,True
prospective_75120116_target_anchor_71908906,75120116,71908906,BP.FROB.DP3,BP.FROB.40.DP3,BP.FROB.40.DP3,40,40,FROB,DP3,250.0,10.0-40.0Hz,10.0,40.0,99.91827815128573,39.31622662867519,0.15322479836197572,0.42,True
prospective_75120116_target_anchor_71908906,75120116,71908906,BP.FROB.DP3,BP.FROB.40.DP3,BP.FROB.40.DP3,40,40,FROB,DP3,250.0,2.0-40.0Hz,2.0,40.0,101.21597790317381,35.59034927574807,0.18550523127775922,0.42,True
prospective_75120116_target_anchor_71908906,75120116,71908906,BP.GHIB.DP1,BP.GHIB.40.DP1,BP.GHIB.40.DP1,40,40,GHIB,DP1,250.0,2.0-10.0Hz,2.0,10.0,27.20867492768638,7.290141215315016,0.6648344523085612,0.136,True
prospective_75120116_target_anchor_71908906,75120116,71908906,BP.GHIB.DP1,BP.GHIB.40.DP1,BP.GHIB.40.DP1,40,40,GHIB,DP1,250.0,5.0-20.0Hz,5.0,20.0,37.32558007054262,10.315586612423735,0.3951050333462939,0.128,True
prospective_75120116_target_anchor_71908906,75120116,71908906,BP.GHIB.DP1,BP.GHIB.40.DP1,BP.GHIB.40.DP1,40,40,GHIB,DP1,250.0,10.0-40.0Hz,10.0,40.0,37.60843461912835,13.182036155961304,0.3849659031753081,0.3,True
prospective_75120116_target_anchor_71908906,75120116,71908906,BP.GHIB.DP1,BP.GHIB.40.DP1,BP.GHIB.40.DP1,40,40,GHIB,DP1,250.0,2.0-40.0Hz,2.0,40.0,28.379825923887214,8.481970626389726,0.5466311166664675,0.128,True
prospective_75120116_target_anchor_71908906,75120116,71908906,BP.GHIB.DP3,BP.GHIB.40.DP3,BP.GHIB.40.DP3,40,40,GHIB,DP3,250.0,2.0-10.0Hz,2.0,10.0,23.66639341661314,1.9012002170503755,0.5346210169845156,0.14,False
prospective_75120116_target_anchor_71908906,75120116,71908906,BP.GHIB.DP3,BP.GHIB.40.DP3,BP.GHIB.40.DP3,40,40,GHIB,DP3,250.0,5.0-20.0Hz,5.0,20.0,23.149776571203795,2.0776435309706045,0.3507129028452283,0.124,False
prospective_75120116_target_anchor_71908906,75120116,71908906,BP.GHIB.DP3,BP.GHIB.40.DP3,BP.GHIB.40.DP3,40,40,GHIB,DP3,250.0,10.0-40.0Hz,10.0,40.0,15.97471464446336,2.167457280214142,0.27847666106622804,0.12,False
prospective_75120116_target_anchor_71908906,75120116,71908906,BP.GHIB.DP3,BP.GHIB.40.DP3,BP.GHIB.40.DP3,40,40,GHIB,DP3,250.0,2.0-40.0Hz,2.0,40.0,22.94179490506176,2.003318196129982,0.4564698696763963,0.132,False
prospective_75120116_target_anchor_71908906,75120116,71908906,BP.JCSB.DP1,BP.JCSB.40.DP1,BP.JCSB.40.DP1,40,40,JCSB,DP1,250.0,2.0-10.0Hz,2.0,10.0,1753.9210960843327,92.5952828267075,0.8420209110650653,0.14,True
prospective_75120116_target_anchor_71908906,75120116,71908906,BP.JCSB.DP1,BP.JCSB.40.DP1,BP.JCSB.40.DP1,40,40,JCSB,DP1,250.0,5.0-20.0Hz,5.0,20.0,1529.126988207785,79.31301561363894,0.5311633964782501,0.144,True
prospective_75120116_target_anchor_71908906,75120116,71908906,BP.JCSB.DP1,BP.JCSB.40.DP1,BP.JCSB.40.DP1,40,40,JCSB,DP1,250.0,10.0-40.0Hz,10.0,40.0,892.2323870170062,49.2741242090608,0.3218352491074013,0.148,True
prospective_75120116_target_anchor_71908906,75120116,71908906,BP.JCSB.DP1,BP.JCSB.40.DP1,BP.JCSB.40.DP1,40,40,JCSB,DP1,250.0,2.0-40.0Hz,2.0,40.0,1522.9464045387017,73.38374203735415,0.7097357867852147,0.144,True
prospective_75120116_target_anchor_71908906,75120116,71908906,BP.JCSB.DP2,BP.JCSB.40.DP2,BP.JCSB.40.DP2,40,40,JCSB,DP2,250.0,2.0-10.0Hz,2.0,10.0,17.297343588330524,1.4188224250848673,0.1086557739614195,-0.148,False
prospective_75120116_target_anchor_71908906,75120116,71908906,BP.JCSB.DP2,BP.JCSB.40.DP2,BP.JCSB.40.DP2,40,40,JCSB,DP2,250.0,5.0-20.0Hz,5.0,20.0,24.58449089686104,1.0654814768833234,0.13773982342443705,0.308,False
prospective_75120116_target_anchor_71908906,75120116,71908906,BP.JCSB.DP2,BP.JCSB.40.DP2,BP.JCSB.40.DP2,40,40,JCSB,DP2,250.0,10.0-40.0Hz,10.0,40.0,35.62703537394927,1.0342693792324142,0.09937539412990905,-0.132,False
prospective_75120116_target_anchor_71908906,75120116,71908906,BP.JCSB.DP2,BP.JCSB.40.DP2,BP.JCSB.40.DP2,40,40,JCSB,DP2,250.0,2.0-40.0Hz,2.0,40.0,28.752864809953454,1.3328383616402213,0.06780983083488416,-0.136,False
prospective_75120116_target_anchor_71908906,75120116,71908906,BP.JCSB.DP3,BP.JCSB.40.DP3,BP.JCSB.40.DP3,40,40,JCSB,DP3,250.0,2.0-10.0Hz,2.0,10.0,24.30511003642096,0.7987471003148984,0.007929338376591821,0.248,False
prospective_75120116_target_anchor_71908906,75120116,71908906,BP.JCSB.DP3,BP.JCSB.40.DP3,BP.JCSB.40.DP3,40,40,JCSB,DP3,250.0,5.0-20.0Hz,5.0,20.0,35.55875651325102,0.7947183209966747,0.0012008490058897463,0.312,False
prospective_75120116_target_anchor_71908906,75120116,71908906,BP.JCSB.DP3,BP.JCSB.40.DP3,BP.JCSB.40.DP3,40,40,JCSB,DP3,250.0,10.0-40.0Hz,10.0,40.0,39.68934634208929,0.9913501680440678,0.0034314934712852854,-0.448,False
prospective_75120116_target_anchor_71908906,75120116,71908906,BP.JCSB.DP3,BP.JCSB.40.DP3,BP.JCSB.40.DP3,40,40,JCSB,DP3,250.0,2.0-40.0Hz,2.0,40.0,34.188858093417906,0.7947191735726994,0.0027076307921966624,0.208,False
prospective_75120116_target_anchor_71908906,75120116,71908906,BP.LCCB.DP1,BP.LCCB.40.DP1,BP.LCCB.40.DP1,40,40,LCCB,DP1,250.0,2.0-10.0Hz,2.0,10.0,2928.21160356824,388.6230980745358,0.2971199683413453,0.428,True
prospective_75120116_target_anchor_71908906,75120116,71908906,BP.LCCB.DP1,BP.LCCB.40.DP1,BP.LCCB.40.DP1,40,40,LCCB,DP1,250.0,5.0-20.0Hz,5.0,20.0,4112.943457997387,655.2146760035791,0.30360547570999963,-0.088,True
prospective_75120116_target_anchor_71908906,75120116,71908906,BP.LCCB.DP1,BP.LCCB.40.DP1,BP.LCCB.40.DP1,40,40,LCCB,DP1,250.0,10.0-40.0Hz,10.0,40.0,2366.949942703329,665.3380673771434,0.23985046585475922,0.144,True
prospective_75120116_target_anchor_71908906,75120116,71908906,BP.LCCB.DP1,BP.LCCB.40.DP1,BP.LCCB.40.DP1,40,40,LCCB,DP1,250.0,2.0-40.0Hz,2.0,40.0,2981.2890729262244,456.5823960969983,0.24612682006724204,-0.088,True
prospective_75120116_target_anchor_71908906,75120116,71908906,BP.LCCB.DP2,BP.LCCB.40.DP2,BP.LCCB.40.DP2,40,40,LCCB,DP2,250.0,2.0-10.0Hz,2.0,10.0,472.9476136893328,370.25244285661216,0.6998390154103507,0.108,True
prospective_75120116_target_anchor_71908906,75120116,71908906,BP.LCCB.DP2,BP.LCCB.40.DP2,BP.LCCB.40.DP2,40,40,LCCB,DP2,250.0,5.0-20.0Hz,5.0,20.0,528.5659992895002,337.05446507747877,0.33641492993900496,0.116,True
prospective_75120116_target_anchor_71908906,75120116,71908906,BP.LCCB.DP2,BP.LCCB.40.DP2,BP.LCCB.40.DP2,40,40,LCCB,DP2,250.0,10.0-40.0Hz,10.0,40.0,375.57780234896813,209.63458291298872,0.30487339363239635,0.22,True
prospective_75120116_target_anchor_71908906,75120116,71908906,BP.LCCB.DP2,BP.LCCB.40.DP2,BP.LCCB.40.DP2,40,40,LCCB,DP2,250.0,2.0-40.0Hz,2.0,40.0,418.94351572055945,252.40047063122205,0.29514174906154095,0.112,True
prospective_75120116_target_anchor_71908906,75120116,71908906,BP.LCCB.DP3,BP.LCCB.40.DP3,BP.LCCB.40.DP3,40,40,LCCB,DP3,250.0,2.0-10.0Hz,2.0,10.0,3110.5032521576504,383.39904025959527,0.43185393090216817,0.108,True
prospective_75120116_target_anchor_71908906,75120116,71908906,BP.LCCB.DP3,BP.LCCB.40.DP3,BP.LCCB.40.DP3,40,40,LCCB,DP3,250.0,5.0-20.0Hz,5.0,20.0,5082.751489433345,534.0995998202474,0.2781900399374266,-0.42,True
prospective_75120116_target_anchor_71908906,75120116,71908906,BP.LCCB.DP3,BP.LCCB.40.DP3,BP.LCCB.40.DP3,40,40,LCCB,DP3,250.0,10.0-40.0Hz,10.0,40.0,2968.4984733521856,427.82652860976685,0.40976703161358813,0.06,True
prospective_75120116_target_anchor_71908906,75120116,71908906,BP.LCCB.DP3,BP.LCCB.40.DP3,BP.LCCB.40.DP3,40,40,LCCB,DP3,250.0,2.0-40.0Hz,2.0,40.0,3166.224536493688,408.7900835376638,0.3301958804882856,0.124,True
prospective_75120116_target_anchor_71908906,75120116,71908906,BP.MMNB.DP1,BP.MMNB.40.DP1,BP.MMNB.40.DP1,40,40,MMNB,DP1,250.0,2.0-10.0Hz,2.0,10.0,1649.2208407197356,273.5856889250183,0.5526719729802266,0.084,True
prospective_75120116_target_anchor_71908906,75120116,71908906,BP.MMNB.DP1,BP.MMNB.40.DP1,BP.MMNB.40.DP1,40,40,MMNB,DP1,250.0,5.0-20.0Hz,5.0,20.0,2010.3679930009048,404.4541030243997,0.4617183988384576,0.076,True
prospective_75120116_target_anchor_71908906,75120116,71908906,BP.MMNB.DP1,BP.MMNB.40.DP1,BP.MMNB.40.DP1,40,40,MMNB,DP1,250.0,10.0-40.0Hz,10.0,40.0,796.0418181788514,305.8036136760161,0.5109925710629474,0.16,True
prospective_75120116_target_anchor_71908906,75120116,71908906,BP.MMNB.DP1,BP.MMNB.40.DP1,BP.MMNB.40.DP1,40,40,MMNB,DP1,250.0,2.0-40.0Hz,2.0,40.0,1472.5067492219023,290.75465099748584,0.49521873587414866,0.08,True
prospective_75120116_target_anchor_71908906,75120116,71908906,BP.MMNB.DP2,BP.MMNB.40.DP2,BP.MMNB.40.DP2,40,40,MMNB,DP2,250.0,2.0-10.0Hz,2.0,10.0,1604.243716174633,201.6483809082031,0.3666248515804774,0.152,True
prospective_75120116_target_anchor_71908906,75120116,71908906,BP.MMNB.DP2,BP.MMNB.40.DP2,BP.MMNB.40.DP2,40,40,MMNB,DP2,250.0,5.0-20.0Hz,5.0,20.0,1838.2149197012816,412.1440051018812,0.3076403410284887,0.396,True
prospective_75120116_target_anchor_71908906,75120116,71908906,BP.MMNB.DP2,BP.MMNB.40.DP2,BP.MMNB.40.DP2,40,40,MMNB,DP2,250.0,10.0-40.0Hz,10.0,40.0,919.1671148383629,250.58337402843787,0.34612035879422587,-0.052,True
prospective_75120116_target_anchor_71908906,75120116,71908906,BP.MMNB.DP2,BP.MMNB.40.DP2,BP.MMNB.40.DP2,40,40,MMNB,DP2,250.0,2.0-40.0Hz,2.0,40.0,1421.401201441904,234.32330630076984,0.30617298762619394,0.148,True
prospective_75120116_target_anchor_71908906,75120116,71908906,BP.MMNB.DP3,BP.MMNB.40.DP3,BP.MMNB.40.DP3,40,40,MMNB,DP3,250.0,2.0-10.0Hz,2.0,10.0,1691.5187556813087,298.3604612906935,0.36127772736691005,-0.172,True
prospective_75120116_target_anchor_71908906,75120116,71908906,BP.MMNB.DP3,BP.MMNB.40.DP3,BP.MMNB.40.DP3,40,40,MMNB,DP3,250.0,5.0-20.0Hz,5.0,20.0,1937.3504412282116,524.1423822912448,0.49414392458624434,0.24,True
prospective_75120116_target_anchor_71908906,75120116,71908906,BP.MMNB.DP3,BP.MMNB.40.DP3,BP.MMNB.40.DP3,40,40,MMNB,DP3,250.0,10.0-40.0Hz,10.0,40.0,1214.265749915529,435.80131110191724,0.5520429463022375,0.144,True
prospective_75120116_target_anchor_71908906,75120116,71908906,BP.MMNB.DP3,BP.MMNB.40.DP3,BP.MMNB.40.DP3,40,40,MMNB,DP3,250.0,2.0-40.0Hz,2.0,40.0,1600.4974257633917,363.99500967387695,0.34972319264246804,0.236,True
prospective_75120116_target_anchor_71908906,75120116,71908906,BP.SCYB.DP1,BP.SCYB.40.DP1,BP.SCYB.40.DP1,40,40,SCYB,DP1,250.0,2.0-10.0Hz,2.0,10.0,4064.1836351338593,424.77326971623563,0.4372794103206876,0.064,True
prospective_75120116_target_anchor_71908906,75120116,71908906,BP.SCYB.DP1,BP.SCYB.40.DP1,BP.SCYB.40.DP1,40,40,SCYB,DP1,250.0,5.0-20.0Hz,5.0,20.0,4800.528493524737,698.9145956646441,0.36279777824001247,0.06,True
prospective_75120116_target_anchor_71908906,75120116,71908906,BP.SCYB.DP1,BP.SCYB.40.DP1,BP.SCYB.40.DP1,40,40,SCYB,DP1,250.0,10.0-40.0Hz,10.0,40.0,2305.1170650835734,552.5651222182054,0.28632906257813456,0.056,True
prospective_75120116_target_anchor_71908906,75120116,71908906,BP.SCYB.DP1,BP.SCYB.40.DP1,BP.SCYB.40.DP1,40,40,SCYB,DP1,250.0,2.0-40.0Hz,2.0,40.0,3705.4130128187044,489.33150116705906,0.37402100077080835,0.06,True
prospective_75120116_target_anchor_71908906,75120116,71908906,BP.SCYB.DP2,BP.SCYB.40.DP2,BP.SCYB.40.DP2,40,40,SCYB,DP2,250.0,2.0-10.0Hz,2.0,10.0,5087.3228412854505,492.4760993473577,0.6350999986192222,0.076,True
prospective_75120116_target_anchor_71908906,75120116,71908906,BP.SCYB.DP2,BP.SCYB.40.DP2,BP.SCYB.40.DP2,40,40,SCYB,DP2,250.0,5.0-20.0Hz,5.0,20.0,3387.357719612632,531.0463618609729,0.3516860566660473,0.204,True
prospective_75120116_target_anchor_71908906,75120116,71908906,BP.SCYB.DP2,BP.SCYB.40.DP2,BP.SCYB.40.DP2,40,40,SCYB,DP2,250.0,10.0-40.0Hz,10.0,40.0,1544.41634052319,391.801906022864,0.3569419642411311,0.3,True
prospective_75120116_target_anchor_71908906,75120116,71908906,BP.SCYB.DP2,BP.SCYB.40.DP2,BP.SCYB.40.DP2,40,40,SCYB,DP2,250.0,2.0-40.0Hz,2.0,40.0,4236.32851419318,480.4006635118822,0.5173149586616258,0.08,True
prospective_75120116_target_anchor_71908906,75120116,71908906,BP.SCYB.DP3,BP.SCYB.40.DP3,BP.SCYB.40.DP3,40,40,SCYB,DP3,250.0,2.0-10.0Hz,2.0,10.0,3996.880106915479,376.9747811525326,0.4036186616374738,0.06,True
prospective_75120116_target_anchor_71908906,75120116,71908906,BP.SCYB.DP3,BP.SCYB.40.DP3,BP.SCYB.40.DP3,40,40,SCYB,DP3,250.0,5.0-20.0Hz,5.0,20.0,3872.0850244991166,568.7048078389416,0.3816259097991997,0.048,True
prospective_75120116_target_anchor_71908906,75120116,71908906,BP.SCYB.DP3,BP.SCYB.40.DP3,BP.SCYB.40.DP3,40,40,SCYB,DP3,250.0,10.0-40.0Hz,10.0,40.0,1626.4284442114247,364.306042693082,0.46365104953356395,-0.044,True
prospective_75120116_target_anchor_71908906,75120116,71908906,BP.SCYB.DP3,BP.SCYB.40.DP3,BP.SCYB.40.DP3,40,40,SCYB,DP3,250.0,2.0-40.0Hz,2.0,40.0,3459.050767072274,382.4723035116476,0.332409951020803,0.052,True
prospective_75120116_target_anchor_71908906,75120116,71908906,BP.SMNB.DP1,BP.SMNB.40.DP1,BP.SMNB.40.DP1,40,40,SMNB,DP1,250.0,2.0-10.0Hz,2.0,10.0,2991.394502801028,105.34028382348525,0.7499070882193595,0.06,True
prospective_75120116_target_anchor_71908906,75120116,71908906,BP.SMNB.DP1,BP.SMNB.40.DP1,BP.SMNB.40.DP1,40,40,SMNB,DP1,250.0,5.0-20.0Hz,5.0,20.0,4564.934380837903,162.9353957636392,0.5261849228003187,0.056,True
prospective_75120116_target_anchor_71908906,75120116,71908906,BP.SMNB.DP1,BP.SMNB.40.DP1,BP.SMNB.40.DP1,40,40,SMNB,DP1,250.0,10.0-40.0Hz,10.0,40.0,4752.569327494158,391.6775460224132,0.30178884765544745,0.056,True
prospective_75120116_target_anchor_71908906,75120116,71908906,BP.SMNB.DP1,BP.SMNB.40.DP1,BP.SMNB.40.DP1,40,40,SMNB,DP1,250.0,2.0-40.0Hz,2.0,40.0,3511.1220111666726,169.77321474093586,0.4858175055606038,0.056,True
prospective_75120116_target_anchor_71908906,75120116,71908906,BP.SMNB.DP2,BP.SMNB.40.DP2,BP.SMNB.40.DP2,40,40,SMNB,DP2,250.0,2.0-10.0Hz,2.0,10.0,2599.3942890242643,243.03478847790504,0.4793329725169095,0.056,True
prospective_75120116_target_anchor_71908906,75120116,71908906,BP.SMNB.DP2,BP.SMNB.40.DP2,BP.SMNB.40.DP2,40,40,SMNB,DP2,250.0,5.0-20.0Hz,5.0,20.0,4117.171527822471,340.5343749183016,0.40976201481872854,0.048,True
prospective_75120116_target_anchor_71908906,75120116,71908906,BP.SMNB.DP2,BP.SMNB.40.DP2,BP.SMNB.40.DP2,40,40,SMNB,DP2,250.0,10.0-40.0Hz,10.0,40.0,5109.005990045141,481.42502087639986,0.27825544446686334,0.048,True
prospective_75120116_target_anchor_71908906,75120116,71908906,BP.SMNB.DP2,BP.SMNB.40.DP2,BP.SMNB.40.DP2,40,40,SMNB,DP2,250.0,2.0-40.0Hz,2.0,40.0,3511.621015424684,364.11505856959803,0.34613682329912804,0.048,True
prospective_75120116_target_anchor_71908906,75120116,71908906,BP.SMNB.DP3,BP.SMNB.40.DP3,BP.SMNB.40.DP3,40,40,SMNB,DP3,250.0,2.0-10.0Hz,2.0,10.0,2824.8169921706926,275.86870322940007,0.6607937350168377,0.068,True
prospective_75120116_target_anchor_71908906,75120116,71908906,BP.SMNB.DP3,BP.SMNB.40.DP3,BP.SMNB.40.DP3,40,40,SMNB,DP3,250.0,5.0-20.0Hz,5.0,20.0,3607.465662192382,485.1493650646095,0.3633870294590231,0.052,True
prospective_75120116_target_anchor_71908906,75120116,71908906,BP.SMNB.DP3,BP.SMNB.40.DP3,BP.SMNB.40.DP3,40,40,SMNB,DP3,250.0,10.0-40.0Hz,10.0,40.0,5455.355457197596,833.9828321660225,0.2686474029263034,0.048,True
prospective_75120116_target_anchor_71908906,75120116,71908906,BP.SMNB.DP3,BP.SMNB.40.DP3,BP.SMNB.40.DP3,40,40,SMNB,DP3,250.0,2.0-40.0Hz,2.0,40.0,3664.680036312996,533.6046788214626,0.31882247772689126,0.052,True
prospective_75120116_target_anchor_71908906,75120116,71908906,NC.PSM.EHE,NC.PSM..EHE,NC.PSM..EHE,,,PSM,EHE,100.0,2.0-10.0Hz,2.0,10.0,1.02633279916619,251.57587798609362,0.19104984413389176,0.37,False
prospective_75120116_target_anchor_71908906,75120116,71908906,NC.PSM.EHE,NC.PSM..EHE,NC.PSM..EHE,,,PSM,EHE,100.0,5.0-20.0Hz,5.0,20.0,0.9826039812284411,268.0700771061136,0.1229429239318752,-0.22,False
prospective_75120116_target_anchor_71908906,75120116,71908906,NC.PSM.EHE,NC.PSM..EHE,NC.PSM..EHE,,,PSM,EHE,100.0,10.0-40.0Hz,10.0,40.0,0.9860668882147284,57.170119769256274,0.08859609762531966,0.29,False
prospective_75120116_target_anchor_71908906,75120116,71908906,NC.PSM.EHE,NC.PSM..EHE,NC.PSM..EHE,,,PSM,EHE,100.0,2.0-40.0Hz,2.0,40.0,0.9873659944960563,205.27363818220175,0.11612398082647162,0.37,False
prospective_75120116_target_anchor_71908906,75120116,71908906,NC.PSM.EHN,NC.PSM..EHN,NC.PSM..EHN,,,PSM,EHN,100.0,2.0-10.0Hz,2.0,10.0,4622.682517847014,331.28703737128865,0.6709470986926993,-0.01,True
prospective_75120116_target_anchor_71908906,75120116,71908906,NC.PSM.EHN,NC.PSM..EHN,NC.PSM..EHN,,,PSM,EHN,100.0,5.0-20.0Hz,5.0,20.0,3728.448172289753,232.19793777907023,0.520935915869836,0.01,True
prospective_75120116_target_anchor_71908906,75120116,71908906,NC.PSM.EHN,NC.PSM..EHN,NC.PSM..EHN,,,PSM,EHN,100.0,10.0-40.0Hz,10.0,40.0,1190.5234033486834,64.54766349419552,0.2573319506865755,0.18,True
prospective_75120116_target_anchor_71908906,75120116,71908906,NC.PSM.EHN,NC.PSM..EHN,NC.PSM..EHN,,,PSM,EHN,100.0,2.0-40.0Hz,2.0,40.0,3901.1745862347625,252.6120612829873,0.6386557717111153,-0.01,True
prospective_75120116_target_anchor_71908906,75120116,71908906,NC.PSM.EHZ,NC.PSM..EHZ,NC.PSM..EHZ,,,PSM,EHZ,100.0,2.0-10.0Hz,2.0,10.0,4068.528672298169,307.2606354011406,0.6322012436904578,0.01,True
prospective_75120116_target_anchor_71908906,75120116,71908906,NC.PSM.EHZ,NC.PSM..EHZ,NC.PSM..EHZ,,,PSM,EHZ,100.0,5.0-20.0Hz,5.0,20.0,3884.531525011225,262.2829261588481,0.4585604911551997,0.01,True
prospective_75120116_target_anchor_71908906,75120116,71908906,NC.PSM.EHZ,NC.PSM..EHZ,NC.PSM..EHZ,,,PSM,EHZ,100.0,10.0-40.0Hz,10.0,40.0,1156.4838573257855,68.24036308896693,0.31975088230564336,0.01,True
prospective_75120116_target_anchor_71908906,75120116,71908906,NC.PSM.EHZ,NC.PSM..EHZ,NC.PSM..EHZ,,,PSM,EHZ,100.0,2.0-40.0Hz,2.0,40.0,3398.4872927513493,230.90320134013052,0.6074678354469562,0.01,True
prospective_75120116_target_anchor_72154411,75120116,72154411,BK.PKD.HHE,BK.PKD.00.HHE,BK.PKD.00.HHE,00,00,PKD,HHE,100.0,2.0-10.0Hz,2.0,10.0,893.5887774051392,208.58278561501086,0.4123678791231626,0.11,True
prospective_75120116_target_anchor_72154411,75120116,72154411,BK.PKD.HHE,BK.PKD.00.HHE,BK.PKD.00.HHE,00,00,PKD,HHE,100.0,5.0-20.0Hz,5.0,20.0,1565.3752563018568,320.0887750958837,0.28462246194709423,-0.04,True
prospective_75120116_target_anchor_72154411,75120116,72154411,BK.PKD.HHE,BK.PKD.00.HHE,BK.PKD.00.HHE,00,00,PKD,HHE,100.0,10.0-40.0Hz,10.0,40.0,765.0163282775394,183.6041769524881,0.15575642189634392,0.1,True
prospective_75120116_target_anchor_72154411,75120116,72154411,BK.PKD.HHE,BK.PKD.00.HHE,BK.PKD.00.HHE,00,00,PKD,HHE,100.0,2.0-40.0Hz,2.0,40.0,916.3016076510492,212.1055199270761,0.349933638134676,0.1,True
prospective_75120116_target_anchor_72154411,75120116,72154411,BK.PKD.HHN,BK.PKD.00.HHN,BK.PKD.00.HHN,00,00,PKD,HHN,100.0,2.0-10.0Hz,2.0,10.0,1204.8010325412433,212.19936744317755,0.5573050739795538,0.11,True
prospective_75120116_target_anchor_72154411,75120116,72154411,BK.PKD.HHN,BK.PKD.00.HHN,BK.PKD.00.HHN,00,00,PKD,HHN,100.0,5.0-20.0Hz,5.0,20.0,689.553391840048,411.51266098775875,0.349377198229585,0.11,True
prospective_75120116_target_anchor_72154411,75120116,72154411,BK.PKD.HHN,BK.PKD.00.HHN,BK.PKD.00.HHN,00,00,PKD,HHN,100.0,10.0-40.0Hz,10.0,40.0,464.66153474414483,239.44507453566303,0.2929076782114324,0.11,True
prospective_75120116_target_anchor_72154411,75120116,72154411,BK.PKD.HHN,BK.PKD.00.HHN,BK.PKD.00.HHN,00,00,PKD,HHN,100.0,2.0-40.0Hz,2.0,40.0,780.743677672765,228.35762056134425,0.4317883318939234,0.11,True
prospective_75120116_target_anchor_72154411,75120116,72154411,BK.PKD.HHZ,BK.PKD.00.HHZ,BK.PKD.00.HHZ,00,00,PKD,HHZ,100.0,2.0-10.0Hz,2.0,10.0,800.3474159587338,140.68613199531555,0.6478318225700059,0.11,True
prospective_75120116_target_anchor_72154411,75120116,72154411,BK.PKD.HHZ,BK.PKD.00.HHZ,BK.PKD.00.HHZ,00,00,PKD,HHZ,100.0,5.0-20.0Hz,5.0,20.0,1448.5551090787808,326.6350922469997,0.4625806094494434,0.1,True
prospective_75120116_target_anchor_72154411,75120116,72154411,BK.PKD.HHZ,BK.PKD.00.HHZ,BK.PKD.00.HHZ,00,00,PKD,HHZ,100.0,10.0-40.0Hz,10.0,40.0,1357.1069493713787,325.0297196422904,0.42682459103583287,0.1,True
prospective_75120116_target_anchor_72154411,75120116,72154411,BK.PKD.HHZ,BK.PKD.00.HHZ,BK.PKD.00.HHZ,00,00,PKD,HHZ,100.0,2.0-40.0Hz,2.0,40.0,992.5740803439945,205.9657628367687,0.5069673282067871,0.1,True
prospective_75120116_target_anchor_72154411,75120116,72154411,BP.EADB.DP1,BP.EADB.40.DP1,BP.EADB.40.DP1,40,40,EADB,DP1,250.0,2.0-10.0Hz,2.0,10.0,377.33902148449675,56.13218635261917,0.6115880568344922,0.168,True
prospective_75120116_target_anchor_72154411,75120116,72154411,BP.EADB.DP1,BP.EADB.40.DP1,BP.EADB.40.DP1,40,40,EADB,DP1,250.0,5.0-20.0Hz,5.0,20.0,451.34225284617014,70.01757633861465,0.38945206873316546,0.008,True
prospective_75120116_target_anchor_72154411,75120116,72154411,BP.EADB.DP1,BP.EADB.40.DP1,BP.EADB.40.DP1,40,40,EADB,DP1,250.0,10.0-40.0Hz,10.0,40.0,208.792186169755,36.46613454846028,0.31263638554205375,0.124,True
prospective_75120116_target_anchor_72154411,75120116,72154411,BP.EADB.DP1,BP.EADB.40.DP1,BP.EADB.40.DP1,40,40,EADB,DP1,250.0,2.0-40.0Hz,2.0,40.0,356.10196681662677,55.856866592544534,0.5287450166486516,0.172,True
prospective_75120116_target_anchor_72154411,75120116,72154411,BP.EADB.DP2,BP.EADB.40.DP2,BP.EADB.40.DP2,40,40,EADB,DP2,250.0,2.0-10.0Hz,2.0,10.0,559.3008238554658,97.47045891617876,0.660387109450338,0.176,True
prospective_75120116_target_anchor_72154411,75120116,72154411,BP.EADB.DP2,BP.EADB.40.DP2,BP.EADB.40.DP2,40,40,EADB,DP2,250.0,5.0-20.0Hz,5.0,20.0,391.28457344312704,63.54543843077083,0.4198484898107275,0.336,True
prospective_75120116_target_anchor_72154411,75120116,72154411,BP.EADB.DP2,BP.EADB.40.DP2,BP.EADB.40.DP2,40,40,EADB,DP2,250.0,10.0-40.0Hz,10.0,40.0,170.98505839254935,27.076588856716825,0.4451765502781195,0.12,True
prospective_75120116_target_anchor_72154411,75120116,72154411,BP.EADB.DP2,BP.EADB.40.DP2,BP.EADB.40.DP2,40,40,EADB,DP2,250.0,2.0-40.0Hz,2.0,40.0,497.27777793148084,77.95537933792461,0.6052026790433233,-0.392,True
prospective_75120116_target_anchor_72154411,75120116,72154411,BP.EADB.DP3,BP.EADB.40.DP3,BP.EADB.40.DP3,40,40,EADB,DP3,250.0,2.0-10.0Hz,2.0,10.0,444.33864971263745,5.084828999795116,0.617127179471374,0.18,True
prospective_75120116_target_anchor_72154411,75120116,72154411,BP.EADB.DP3,BP.EADB.40.DP3,BP.EADB.40.DP3,40,40,EADB,DP3,250.0,5.0-20.0Hz,5.0,20.0,392.8002619129379,1.9451008580469002,0.416409530564956,0.004,False
prospective_75120116_target_anchor_72154411,75120116,72154411,BP.EADB.DP3,BP.EADB.40.DP3,BP.EADB.40.DP3,40,40,EADB,DP3,250.0,10.0-40.0Hz,10.0,40.0,146.93235348083232,1.107160319548804,0.18064321833412425,0.324,False
prospective_75120116_target_anchor_72154411,75120116,72154411,BP.EADB.DP3,BP.EADB.40.DP3,BP.EADB.40.DP3,40,40,EADB,DP3,250.0,2.0-40.0Hz,2.0,40.0,451.84445834672806,2.2072033626662217,0.5223980450768307,0.188,False
prospective_75120116_target_anchor_72154411,75120116,72154411,BP.FROB.DP1,BP.FROB.40.DP1,BP.FROB.40.DP1,40,40,FROB,DP1,250.0,2.0-10.0Hz,2.0,10.0,24.36195824888881,5.722939461635899,0.32127811246646815,0.184,True
prospective_75120116_target_anchor_72154411,75120116,72154411,BP.FROB.DP1,BP.FROB.40.DP1,BP.FROB.40.DP1,40,40,FROB,DP1,250.0,5.0-20.0Hz,5.0,20.0,65.35391071273327,7.272788809539268,0.2285649543119937,-0.116,True
prospective_75120116_target_anchor_72154411,75120116,72154411,BP.FROB.DP1,BP.FROB.40.DP1,BP.FROB.40.DP1,40,40,FROB,DP1,250.0,10.0-40.0Hz,10.0,40.0,134.17132938313753,8.177018143473815,0.16281763296941454,0.116,True
prospective_75120116_target_anchor_72154411,75120116,72154411,BP.FROB.DP1,BP.FROB.40.DP1,BP.FROB.40.DP1,40,40,FROB,DP1,250.0,2.0-40.0Hz,2.0,40.0,36.82358377425758,7.155621378426047,0.15854906053523604,-0.484,True
prospective_75120116_target_anchor_72154411,75120116,72154411,BP.FROB.DP2,BP.FROB.40.DP2,BP.FROB.40.DP2,40,40,FROB,DP2,250.0,2.0-10.0Hz,2.0,10.0,98.0197838066165,4.784844442391704,0.40841182056677594,0.16,True
prospective_75120116_target_anchor_72154411,75120116,72154411,BP.FROB.DP2,BP.FROB.40.DP2,BP.FROB.40.DP2,40,40,FROB,DP2,250.0,5.0-20.0Hz,5.0,20.0,134.68428391825708,9.64473702316851,0.2520782624999115,0.304,True
prospective_75120116_target_anchor_72154411,75120116,72154411,BP.FROB.DP2,BP.FROB.40.DP2,BP.FROB.40.DP2,40,40,FROB,DP2,250.0,10.0-40.0Hz,10.0,40.0,137.46033971049835,19.416849153359056,0.17403562851435797,0.308,True
prospective_75120116_target_anchor_72154411,75120116,72154411,BP.FROB.DP2,BP.FROB.40.DP2,BP.FROB.40.DP2,40,40,FROB,DP2,250.0,2.0-40.0Hz,2.0,40.0,115.69108479144234,9.027749435886362,0.171793226948159,0.456,True
prospective_75120116_target_anchor_72154411,75120116,72154411,BP.FROB.DP3,BP.FROB.40.DP3,BP.FROB.40.DP3,40,40,FROB,DP3,250.0,2.0-10.0Hz,2.0,10.0,104.55123065508403,15.515613548469657,0.268929640792411,0.172,True
prospective_75120116_target_anchor_72154411,75120116,72154411,BP.FROB.DP3,BP.FROB.40.DP3,BP.FROB.40.DP3,40,40,FROB,DP3,250.0,5.0-20.0Hz,5.0,20.0,115.48851609895509,23.89901949930863,0.15650263118165028,0.056,True
prospective_75120116_target_anchor_72154411,75120116,72154411,BP.FROB.DP3,BP.FROB.40.DP3,BP.FROB.40.DP3,40,40,FROB,DP3,250.0,10.0-40.0Hz,10.0,40.0,99.91827815128573,32.440560669324555,0.15079445184018408,0.436,True
prospective_75120116_target_anchor_72154411,75120116,72154411,BP.FROB.DP3,BP.FROB.40.DP3,BP.FROB.40.DP3,40,40,FROB,DP3,250.0,2.0-40.0Hz,2.0,40.0,101.21597790317381,19.345658422429747,0.18660837564558583,0.168,True
prospective_75120116_target_anchor_72154411,75120116,72154411,BP.GHIB.DP1,BP.GHIB.40.DP1,BP.GHIB.40.DP1,40,40,GHIB,DP1,250.0,2.0-10.0Hz,2.0,10.0,27.20867492768638,9.884206680862867,0.6759465836564326,0.152,True
prospective_75120116_target_anchor_72154411,75120116,72154411,BP.GHIB.DP1,BP.GHIB.40.DP1,BP.GHIB.40.DP1,40,40,GHIB,DP1,250.0,5.0-20.0Hz,5.0,20.0,37.32558007054262,20.883680646214852,0.40215621028090365,0.144,True
prospective_75120116_target_anchor_72154411,75120116,72154411,BP.GHIB.DP1,BP.GHIB.40.DP1,BP.GHIB.40.DP1,40,40,GHIB,DP1,250.0,10.0-40.0Hz,10.0,40.0,37.60843461912835,15.47630969548618,0.37723820336422026,0.316,True
prospective_75120116_target_anchor_72154411,75120116,72154411,BP.GHIB.DP1,BP.GHIB.40.DP1,BP.GHIB.40.DP1,40,40,GHIB,DP1,250.0,2.0-40.0Hz,2.0,40.0,28.379825923887214,11.422631692014507,0.5549766938178708,0.144,True
prospective_75120116_target_anchor_72154411,75120116,72154411,BP.GHIB.DP3,BP.GHIB.40.DP3,BP.GHIB.40.DP3,40,40,GHIB,DP3,250.0,2.0-10.0Hz,2.0,10.0,23.66639341661314,5.771009144948756,0.677971579214431,0.152,True
prospective_75120116_target_anchor_72154411,75120116,72154411,BP.GHIB.DP3,BP.GHIB.40.DP3,BP.GHIB.40.DP3,40,40,GHIB,DP3,250.0,5.0-20.0Hz,5.0,20.0,23.149776571203795,15.708621968240672,0.427392986785474,0.14,True
prospective_75120116_target_anchor_72154411,75120116,72154411,BP.GHIB.DP3,BP.GHIB.40.DP3,BP.GHIB.40.DP3,40,40,GHIB,DP3,250.0,10.0-40.0Hz,10.0,40.0,15.97471464446336,13.017977506841275,0.29315769334731784,0.136,True
prospective_75120116_target_anchor_72154411,75120116,72154411,BP.GHIB.DP3,BP.GHIB.40.DP3,BP.GHIB.40.DP3,40,40,GHIB,DP3,250.0,2.0-40.0Hz,2.0,40.0,22.94179490506176,6.691564756487841,0.5858561142459636,0.144,True
prospective_75120116_target_anchor_72154411,75120116,72154411,BP.JCSB.DP1,BP.JCSB.40.DP1,BP.JCSB.40.DP1,40,40,JCSB,DP1,250.0,2.0-10.0Hz,2.0,10.0,1753.9210960843327,392.56419131178984,0.8430502603560601,0.168,True
prospective_75120116_target_anchor_72154411,75120116,72154411,BP.JCSB.DP1,BP.JCSB.40.DP1,BP.JCSB.40.DP1,40,40,JCSB,DP1,250.0,5.0-20.0Hz,5.0,20.0,1529.126988207785,428.6848147700607,0.5418535735612343,0.168,True
prospective_75120116_target_anchor_72154411,75120116,72154411,BP.JCSB.DP1,BP.JCSB.40.DP1,BP.JCSB.40.DP1,40,40,JCSB,DP1,250.0,10.0-40.0Hz,10.0,40.0,892.2323870170062,251.10138972363671,0.32317307697316583,0.172,True
prospective_75120116_target_anchor_72154411,75120116,72154411,BP.JCSB.DP1,BP.JCSB.40.DP1,BP.JCSB.40.DP1,40,40,JCSB,DP1,250.0,2.0-40.0Hz,2.0,40.0,1522.9464045387017,352.0787489937156,0.7183349305429398,0.168,True
prospective_75120116_target_anchor_72154411,75120116,72154411,BP.JCSB.DP2,BP.JCSB.40.DP2,BP.JCSB.40.DP2,40,40,JCSB,DP2,250.0,2.0-10.0Hz,2.0,10.0,17.297343588330524,5.335738275194829,0.4462361231210658,0.164,True
prospective_75120116_target_anchor_72154411,75120116,72154411,BP.JCSB.DP2,BP.JCSB.40.DP2,BP.JCSB.40.DP2,40,40,JCSB,DP2,250.0,5.0-20.0Hz,5.0,20.0,24.58449089686104,10.84325234805489,0.3817668599269478,0.112,True
prospective_75120116_target_anchor_72154411,75120116,72154411,BP.JCSB.DP2,BP.JCSB.40.DP2,BP.JCSB.40.DP2,40,40,JCSB,DP2,250.0,10.0-40.0Hz,10.0,40.0,35.62703537394927,15.372505126087677,0.3532894909951431,0.116,True
prospective_75120116_target_anchor_72154411,75120116,72154411,BP.JCSB.DP2,BP.JCSB.40.DP2,BP.JCSB.40.DP2,40,40,JCSB,DP2,250.0,2.0-40.0Hz,2.0,40.0,28.752864809953454,11.560797834630742,0.310258719513395,0.116,True
prospective_75120116_target_anchor_72154411,75120116,72154411,BP.JCSB.DP3,BP.JCSB.40.DP3,BP.JCSB.40.DP3,40,40,JCSB,DP3,250.0,2.0-10.0Hz,2.0,10.0,24.30511003642096,1.0280680091228738,0.21827135940728978,0.42,False
prospective_75120116_target_anchor_72154411,75120116,72154411,BP.JCSB.DP3,BP.JCSB.40.DP3,BP.JCSB.40.DP3,40,40,JCSB,DP3,250.0,5.0-20.0Hz,5.0,20.0,35.55875651325102,1.0878846870588845,0.22842846328143185,0.172,False
prospective_75120116_target_anchor_72154411,75120116,72154411,BP.JCSB.DP3,BP.JCSB.40.DP3,BP.JCSB.40.DP3,40,40,JCSB,DP3,250.0,10.0-40.0Hz,10.0,40.0,39.68934634208929,1.121619390497884,0.21631990458278005,0.116,False
prospective_75120116_target_anchor_72154411,75120116,72154411,BP.JCSB.DP3,BP.JCSB.40.DP3,BP.JCSB.40.DP3,40,40,JCSB,DP3,250.0,2.0-40.0Hz,2.0,40.0,34.188858093417906,1.070950301412965,0.16767886322006398,0.168,False
prospective_75120116_target_anchor_72154411,75120116,72154411,BP.LCCB.DP1,BP.LCCB.40.DP1,BP.LCCB.40.DP1,40,40,LCCB,DP1,250.0,2.0-10.0Hz,2.0,10.0,2928.21160356824,1001.8509223045113,0.2857297146164767,0.44,True
prospective_75120116_target_anchor_72154411,75120116,72154411,BP.LCCB.DP1,BP.LCCB.40.DP1,BP.LCCB.40.DP1,40,40,LCCB,DP1,250.0,5.0-20.0Hz,5.0,20.0,4112.943457997387,1920.2355947395904,0.30842636846650506,-0.072,True
prospective_75120116_target_anchor_72154411,75120116,72154411,BP.LCCB.DP1,BP.LCCB.40.DP1,BP.LCCB.40.DP1,40,40,LCCB,DP1,250.0,10.0-40.0Hz,10.0,40.0,2366.949942703329,1447.3693267240874,0.24151355364756835,0.156,True
prospective_75120116_target_anchor_72154411,75120116,72154411,BP.LCCB.DP1,BP.LCCB.40.DP1,BP.LCCB.40.DP1,40,40,LCCB,DP1,250.0,2.0-40.0Hz,2.0,40.0,2981.2890729262244,1156.0263265459116,0.24881346888982048,-0.072,True
prospective_75120116_target_anchor_72154411,75120116,72154411,BP.LCCB.DP2,BP.LCCB.40.DP2,BP.LCCB.40.DP2,40,40,LCCB,DP2,250.0,2.0-10.0Hz,2.0,10.0,472.9476136893328,351.40914857732406,0.7023444829374393,0.124,True
prospective_75120116_target_anchor_72154411,75120116,72154411,BP.LCCB.DP2,BP.LCCB.40.DP2,BP.LCCB.40.DP2,40,40,LCCB,DP2,250.0,5.0-20.0Hz,5.0,20.0,528.5659992895002,381.51275111797696,0.337925812127974,0.132,True
prospective_75120116_target_anchor_72154411,75120116,72154411,BP.LCCB.DP2,BP.LCCB.40.DP2,BP.LCCB.40.DP2,40,40,LCCB,DP2,250.0,10.0-40.0Hz,10.0,40.0,375.57780234896813,254.7227746665356,0.3104512873507496,0.232,True
prospective_75120116_target_anchor_72154411,75120116,72154411,BP.LCCB.DP2,BP.LCCB.40.DP2,BP.LCCB.40.DP2,40,40,LCCB,DP2,250.0,2.0-40.0Hz,2.0,40.0,418.94351572055945,292.4412959480593,0.29546685767894576,0.124,True
prospective_75120116_target_anchor_72154411,75120116,72154411,BP.LCCB.DP3,BP.LCCB.40.DP3,BP.LCCB.40.DP3,40,40,LCCB,DP3,250.0,2.0-10.0Hz,2.0,10.0,3110.5032521576504,1050.0167572094294,0.4387181518603641,0.124,True
prospective_75120116_target_anchor_72154411,75120116,72154411,BP.LCCB.DP3,BP.LCCB.40.DP3,BP.LCCB.40.DP3,40,40,LCCB,DP3,250.0,5.0-20.0Hz,5.0,20.0,5082.751489433345,1591.1669837538484,0.28680238583028467,-0.408,True
prospective_75120116_target_anchor_72154411,75120116,72154411,BP.LCCB.DP3,BP.LCCB.40.DP3,BP.LCCB.40.DP3,40,40,LCCB,DP3,250.0,10.0-40.0Hz,10.0,40.0,2968.4984733521856,1058.1156485381814,0.40969587848089467,0.072,True
prospective_75120116_target_anchor_72154411,75120116,72154411,BP.LCCB.DP3,BP.LCCB.40.DP3,BP.LCCB.40.DP3,40,40,LCCB,DP3,250.0,2.0-40.0Hz,2.0,40.0,3166.224536493688,1086.271357564851,0.3354114547485191,0.136,True
prospective_75120116_target_anchor_72154411,75120116,72154411,BP.MMNB.DP1,BP.MMNB.40.DP1,BP.MMNB.40.DP1,40,40,MMNB,DP1,250.0,2.0-10.0Hz,2.0,10.0,1649.2208407197356,1.0837065105781203,0.07109716596726845,-0.456,False
prospective_75120116_target_anchor_72154411,75120116,72154411,BP.MMNB.DP1,BP.MMNB.40.DP1,BP.MMNB.40.DP1,40,40,MMNB,DP1,250.0,5.0-20.0Hz,5.0,20.0,2010.3679930009048,1.1490525079631106,0.09716655163410823,0.332,False
prospective_75120116_target_anchor_72154411,75120116,72154411,BP.MMNB.DP1,BP.MMNB.40.DP1,BP.MMNB.40.DP1,40,40,MMNB,DP1,250.0,10.0-40.0Hz,10.0,40.0,796.0418181788514,1.3996677891437284,0.0965417253657201,0.336,False
prospective_75120116_target_anchor_72154411,75120116,72154411,BP.MMNB.DP1,BP.MMNB.40.DP1,BP.MMNB.40.DP1,40,40,MMNB,DP1,250.0,2.0-40.0Hz,2.0,40.0,1472.5067492219023,1.21333690359688,0.049111707158552786,0.028,False
prospective_75120116_target_anchor_72154411,75120116,72154411,BP.MMNB.DP2,BP.MMNB.40.DP2,BP.MMNB.40.DP2,40,40,MMNB,DP2,250.0,2.0-10.0Hz,2.0,10.0,1604.243716174633,0.9999268949775001,0.19615241584103688,0.252,False
prospective_75120116_target_anchor_72154411,75120116,72154411,BP.MMNB.DP2,BP.MMNB.40.DP2,BP.MMNB.40.DP2,40,40,MMNB,DP2,250.0,5.0-20.0Hz,5.0,20.0,1838.2149197012816,1.0348378357931176,0.1576222447933352,0.272,False
prospective_75120116_target_anchor_72154411,75120116,72154411,BP.MMNB.DP2,BP.MMNB.40.DP2,BP.MMNB.40.DP2,40,40,MMNB,DP2,250.0,10.0-40.0Hz,10.0,40.0,919.1671148383629,1.053948378206525,0.14734053366319413,-0.376,False
prospective_75120116_target_anchor_72154411,75120116,72154411,BP.MMNB.DP2,BP.MMNB.40.DP2,BP.MMNB.40.DP2,40,40,MMNB,DP2,250.0,2.0-40.0Hz,2.0,40.0,1421.401201441904,1.0285680515376885,0.11348307944378527,0.264,False
prospective_75120116_target_anchor_72154411,75120116,72154411,BP.MMNB.DP3,BP.MMNB.40.DP3,BP.MMNB.40.DP3,40,40,MMNB,DP3,250.0,2.0-10.0Hz,2.0,10.0,1691.5187556813087,1.3891699919275298,0.2304087391502763,0.488,False
prospective_75120116_target_anchor_72154411,75120116,72154411,BP.MMNB.DP3,BP.MMNB.40.DP3,BP.MMNB.40.DP3,40,40,MMNB,DP3,250.0,5.0-20.0Hz,5.0,20.0,1937.3504412282116,1.1363551317969338,0.21714854948276507,0.48,False
prospective_75120116_target_anchor_72154411,75120116,72154411,BP.MMNB.DP3,BP.MMNB.40.DP3,BP.MMNB.40.DP3,40,40,MMNB,DP3,250.0,10.0-40.0Hz,10.0,40.0,1214.265749915529,1.0494647662058922,0.10892572495660782,-0.38,False
prospective_75120116_target_anchor_72154411,75120116,72154411,BP.MMNB.DP3,BP.MMNB.40.DP3,BP.MMNB.40.DP3,40,40,MMNB,DP3,250.0,2.0-40.0Hz,2.0,40.0,1600.4974257633917,1.2072884943296611,0.14973130938853377,0.48,False
prospective_75120116_target_anchor_72154411,75120116,72154411,BP.SCYB.DP1,BP.SCYB.40.DP1,BP.SCYB.40.DP1,40,40,SCYB,DP1,250.0,2.0-10.0Hz,2.0,10.0,4064.1836351338593,1104.5922259362526,0.4420858478635605,0.08,True
prospective_75120116_target_anchor_72154411,75120116,72154411,BP.SCYB.DP1,BP.SCYB.40.DP1,BP.SCYB.40.DP1,40,40,SCYB,DP1,250.0,5.0-20.0Hz,5.0,20.0,4800.528493524737,1268.1092329188448,0.3711980624745399,0.072,True
prospective_75120116_target_anchor_72154411,75120116,72154411,BP.SCYB.DP1,BP.SCYB.40.DP1,BP.SCYB.40.DP1,40,40,SCYB,DP1,250.0,10.0-40.0Hz,10.0,40.0,2305.1170650835734,759.9960738242416,0.2898538481771674,0.068,True
prospective_75120116_target_anchor_72154411,75120116,72154411,BP.SCYB.DP1,BP.SCYB.40.DP1,BP.SCYB.40.DP1,40,40,SCYB,DP1,250.0,2.0-40.0Hz,2.0,40.0,3705.4130128187044,985.6004335363821,0.3776569772019104,0.072,True
prospective_75120116_target_anchor_72154411,75120116,72154411,BP.SCYB.DP2,BP.SCYB.40.DP2,BP.SCYB.40.DP2,40,40,SCYB,DP2,250.0,2.0-10.0Hz,2.0,10.0,5087.3228412854505,1282.3505965211116,0.6299925572866761,0.092,True
prospective_75120116_target_anchor_72154411,75120116,72154411,BP.SCYB.DP2,BP.SCYB.40.DP2,BP.SCYB.40.DP2,40,40,SCYB,DP2,250.0,5.0-20.0Hz,5.0,20.0,3387.357719612632,1175.326963720956,0.34994705031506024,0.22,True
prospective_75120116_target_anchor_72154411,75120116,72154411,BP.SCYB.DP2,BP.SCYB.40.DP2,BP.SCYB.40.DP2,40,40,SCYB,DP2,250.0,10.0-40.0Hz,10.0,40.0,1544.41634052319,574.2576507674382,0.36666183253133205,0.22,True
prospective_75120116_target_anchor_72154411,75120116,72154411,BP.SCYB.DP2,BP.SCYB.40.DP2,BP.SCYB.40.DP2,40,40,SCYB,DP2,250.0,2.0-40.0Hz,2.0,40.0,4236.32851419318,1005.8934331890839,0.5108755876312032,0.096,True
prospective_75120116_target_anchor_72154411,75120116,72154411,BP.SCYB.DP3,BP.SCYB.40.DP3,BP.SCYB.40.DP3,40,40,SCYB,DP3,250.0,2.0-10.0Hz,2.0,10.0,3996.880106915479,710.9933052927175,0.40284290671777634,0.076,True
prospective_75120116_target_anchor_72154411,75120116,72154411,BP.SCYB.DP3,BP.SCYB.40.DP3,BP.SCYB.40.DP3,40,40,SCYB,DP3,250.0,5.0-20.0Hz,5.0,20.0,3872.0850244991166,789.0754437271917,0.3750759768289814,0.064,True
prospective_75120116_target_anchor_72154411,75120116,72154411,BP.SCYB.DP3,BP.SCYB.40.DP3,BP.SCYB.40.DP3,40,40,SCYB,DP3,250.0,10.0-40.0Hz,10.0,40.0,1626.4284442114247,469.3827190035841,0.4648109716365043,-0.028,True
prospective_75120116_target_anchor_72154411,75120116,72154411,BP.SCYB.DP3,BP.SCYB.40.DP3,BP.SCYB.40.DP3,40,40,SCYB,DP3,250.0,2.0-40.0Hz,2.0,40.0,3459.050767072274,608.7637256296907,0.3304561277726886,0.068,True
prospective_75120116_target_anchor_72154411,75120116,72154411,BP.SMNB.DP1,BP.SMNB.40.DP1,BP.SMNB.40.DP1,40,40,SMNB,DP1,250.0,2.0-10.0Hz,2.0,10.0,2991.394502801028,68.62332683675605,0.7342609761942268,0.072,True
prospective_75120116_target_anchor_72154411,75120116,72154411,BP.SMNB.DP1,BP.SMNB.40.DP1,BP.SMNB.40.DP1,40,40,SMNB,DP1,250.0,5.0-20.0Hz,5.0,20.0,4564.934380837903,89.11531127102327,0.5100007654342144,0.072,True
prospective_75120116_target_anchor_72154411,75120116,72154411,BP.SMNB.DP1,BP.SMNB.40.DP1,BP.SMNB.40.DP1,40,40,SMNB,DP1,250.0,10.0-40.0Hz,10.0,40.0,4752.569327494158,208.61998687599936,0.29731808883401667,0.068,True
prospective_75120116_target_anchor_72154411,75120116,72154411,BP.SMNB.DP1,BP.SMNB.40.DP1,BP.SMNB.40.DP1,40,40,SMNB,DP1,250.0,2.0-40.0Hz,2.0,40.0,3511.1220111666726,104.17057027612898,0.47576222097618964,0.068,True
prospective_75120116_target_anchor_72154411,75120116,72154411,BP.SMNB.DP2,BP.SMNB.40.DP2,BP.SMNB.40.DP2,40,40,SMNB,DP2,250.0,2.0-10.0Hz,2.0,10.0,2599.3942890242643,406.1097781210042,0.48715848020475194,0.072,True
prospective_75120116_target_anchor_72154411,75120116,72154411,BP.SMNB.DP2,BP.SMNB.40.DP2,BP.SMNB.40.DP2,40,40,SMNB,DP2,250.0,5.0-20.0Hz,5.0,20.0,4117.171527822471,488.6532143994568,0.41125702109684986,0.06,True
prospective_75120116_target_anchor_72154411,75120116,72154411,BP.SMNB.DP2,BP.SMNB.40.DP2,BP.SMNB.40.DP2,40,40,SMNB,DP2,250.0,10.0-40.0Hz,10.0,40.0,5109.005990045141,608.9318927285732,0.28708634046534504,0.06,True
prospective_75120116_target_anchor_72154411,75120116,72154411,BP.SMNB.DP2,BP.SMNB.40.DP2,BP.SMNB.40.DP2,40,40,SMNB,DP2,250.0,2.0-40.0Hz,2.0,40.0,3511.621015424684,530.0467639142867,0.3505719613924228,0.06,True
prospective_75120116_target_anchor_72154411,75120116,72154411,BP.SMNB.DP3,BP.SMNB.40.DP3,BP.SMNB.40.DP3,40,40,SMNB,DP3,250.0,2.0-10.0Hz,2.0,10.0,2824.8169921706926,654.9684404080119,0.6712284058331043,0.08,True
prospective_75120116_target_anchor_72154411,75120116,72154411,BP.SMNB.DP3,BP.SMNB.40.DP3,BP.SMNB.40.DP3,40,40,SMNB,DP3,250.0,5.0-20.0Hz,5.0,20.0,3607.465662192382,1312.7215127997797,0.36579072501528304,0.064,True
prospective_75120116_target_anchor_72154411,75120116,72154411,BP.SMNB.DP3,BP.SMNB.40.DP3,BP.SMNB.40.DP3,40,40,SMNB,DP3,250.0,10.0-40.0Hz,10.0,40.0,5455.355457197596,1958.2138634975715,0.2765342923825061,0.064,True
prospective_75120116_target_anchor_72154411,75120116,72154411,BP.SMNB.DP3,BP.SMNB.40.DP3,BP.SMNB.40.DP3,40,40,SMNB,DP3,250.0,2.0-40.0Hz,2.0,40.0,3664.680036312996,1269.4387223722592,0.3315708304448255,0.064,True
prospective_75120116_target_anchor_72359026,75120116,72359026,BK.PKD.HHE,BK.PKD.00.HHE,BK.PKD.00.HHE,00,00,PKD,HHE,100.0,2.0-10.0Hz,2.0,10.0,893.5887774051392,192.4207591221318,0.4095959718673585,0.11,True
prospective_75120116_target_anchor_72359026,75120116,72359026,BK.PKD.HHE,BK.PKD.00.HHE,BK.PKD.00.HHE,00,00,PKD,HHE,100.0,5.0-20.0Hz,5.0,20.0,1565.3752563018568,275.75133516506725,0.2811377031014581,-0.03,True
prospective_75120116_target_anchor_72359026,75120116,72359026,BK.PKD.HHE,BK.PKD.00.HHE,BK.PKD.00.HHE,00,00,PKD,HHE,100.0,10.0-40.0Hz,10.0,40.0,765.0163282775394,184.37663047345185,0.15308716376282208,0.1,True
prospective_75120116_target_anchor_72359026,75120116,72359026,BK.PKD.HHE,BK.PKD.00.HHE,BK.PKD.00.HHE,00,00,PKD,HHE,100.0,2.0-40.0Hz,2.0,40.0,916.3016076510492,195.93105064832088,0.3502355886541685,0.1,True
prospective_75120116_target_anchor_72359026,75120116,72359026,BK.PKD.HHN,BK.PKD.00.HHN,BK.PKD.00.HHN,00,00,PKD,HHN,100.0,2.0-10.0Hz,2.0,10.0,1204.8010325412433,204.7314316036659,0.5509999037869349,0.11,True
prospective_75120116_target_anchor_72359026,75120116,72359026,BK.PKD.HHN,BK.PKD.00.HHN,BK.PKD.00.HHN,00,00,PKD,HHN,100.0,5.0-20.0Hz,5.0,20.0,689.553391840048,350.2624804515207,0.3510270903893514,0.11,True
prospective_75120116_target_anchor_72359026,75120116,72359026,BK.PKD.HHN,BK.PKD.00.HHN,BK.PKD.00.HHN,00,00,PKD,HHN,100.0,10.0-40.0Hz,10.0,40.0,464.66153474414483,276.20542658762366,0.3067921364367681,0.11,True
prospective_75120116_target_anchor_72359026,75120116,72359026,BK.PKD.HHN,BK.PKD.00.HHN,BK.PKD.00.HHN,00,00,PKD,HHN,100.0,2.0-40.0Hz,2.0,40.0,780.743677672765,231.65948448569662,0.4360176096840224,0.11,True
prospective_75120116_target_anchor_72359026,75120116,72359026,BK.PKD.HHZ,BK.PKD.00.HHZ,BK.PKD.00.HHZ,00,00,PKD,HHZ,100.0,2.0-10.0Hz,2.0,10.0,800.3474159587338,129.91105695319186,0.6470577564262453,0.11,True
prospective_75120116_target_anchor_72359026,75120116,72359026,BK.PKD.HHZ,BK.PKD.00.HHZ,BK.PKD.00.HHZ,00,00,PKD,HHZ,100.0,5.0-20.0Hz,5.0,20.0,1448.5551090787808,265.3530077260987,0.45947173491242654,0.1,True
prospective_75120116_target_anchor_72359026,75120116,72359026,BK.PKD.HHZ,BK.PKD.00.HHZ,BK.PKD.00.HHZ,00,00,PKD,HHZ,100.0,10.0-40.0Hz,10.0,40.0,1357.1069493713787,382.35853872264903,0.4097135874465315,0.1,True
prospective_75120116_target_anchor_72359026,75120116,72359026,BK.PKD.HHZ,BK.PKD.00.HHZ,BK.PKD.00.HHZ,00,00,PKD,HHZ,100.0,2.0-40.0Hz,2.0,40.0,992.5740803439945,192.59862522600173,0.500148486314135,0.1,True
prospective_75120116_target_anchor_72359026,75120116,72359026,BP.EADB.DP1,BP.EADB.40.DP1,BP.EADB.40.DP1,40,40,EADB,DP1,250.0,2.0-10.0Hz,2.0,10.0,377.33902148449675,90.67814701296416,0.630611004768712,0.156,True
prospective_75120116_target_anchor_72359026,75120116,72359026,BP.EADB.DP1,BP.EADB.40.DP1,BP.EADB.40.DP1,40,40,EADB,DP1,250.0,5.0-20.0Hz,5.0,20.0,451.34225284617014,91.01500436434874,0.39374659311251087,0.0,True
prospective_75120116_target_anchor_72359026,75120116,72359026,BP.EADB.DP1,BP.EADB.40.DP1,BP.EADB.40.DP1,40,40,EADB,DP1,250.0,10.0-40.0Hz,10.0,40.0,208.792186169755,39.61153221277148,0.2940429059687278,0.12,True
prospective_75120116_target_anchor_72359026,75120116,72359026,BP.EADB.DP1,BP.EADB.40.DP1,BP.EADB.40.DP1,40,40,EADB,DP1,250.0,2.0-40.0Hz,2.0,40.0,356.10196681662677,87.7531052339804,0.5431011991438982,0.156,True
prospective_75120116_target_anchor_72359026,75120116,72359026,BP.EADB.DP2,BP.EADB.40.DP2,BP.EADB.40.DP2,40,40,EADB,DP2,250.0,2.0-10.0Hz,2.0,10.0,559.3008238554658,149.72073147230336,0.7097312853100276,0.168,True
prospective_75120116_target_anchor_72359026,75120116,72359026,BP.EADB.DP2,BP.EADB.40.DP2,BP.EADB.40.DP2,40,40,EADB,DP2,250.0,5.0-20.0Hz,5.0,20.0,391.28457344312704,82.85757152588369,0.4722122153544673,0.332,True
prospective_75120116_target_anchor_72359026,75120116,72359026,BP.EADB.DP2,BP.EADB.40.DP2,BP.EADB.40.DP2,40,40,EADB,DP2,250.0,10.0-40.0Hz,10.0,40.0,170.98505839254935,29.992114162029953,0.44570498383860113,0.12,True
prospective_75120116_target_anchor_72359026,75120116,72359026,BP.EADB.DP2,BP.EADB.40.DP2,BP.EADB.40.DP2,40,40,EADB,DP2,250.0,2.0-40.0Hz,2.0,40.0,497.27777793148084,124.38734122133017,0.6413766790543097,0.168,True
prospective_75120116_target_anchor_72359026,75120116,72359026,BP.EADB.DP3,BP.EADB.40.DP3,BP.EADB.40.DP3,40,40,EADB,DP3,250.0,2.0-10.0Hz,2.0,10.0,444.33864971263745,137.99096073923155,0.6876224784511776,0.172,True
prospective_75120116_target_anchor_72359026,75120116,72359026,BP.EADB.DP3,BP.EADB.40.DP3,BP.EADB.40.DP3,40,40,EADB,DP3,250.0,5.0-20.0Hz,5.0,20.0,392.8002619129379,64.19963791286105,0.4790323613664186,-0.008,True
prospective_75120116_target_anchor_72359026,75120116,72359026,BP.EADB.DP3,BP.EADB.40.DP3,BP.EADB.40.DP3,40,40,EADB,DP3,250.0,10.0-40.0Hz,10.0,40.0,146.93235348083232,24.768960229981243,0.24190615994118805,0.324,True
prospective_75120116_target_anchor_72359026,75120116,72359026,BP.EADB.DP3,BP.EADB.40.DP3,BP.EADB.40.DP3,40,40,EADB,DP3,250.0,2.0-40.0Hz,2.0,40.0,451.84445834672806,107.22691813042348,0.6828039225185434,0.18,True
prospective_75120116_target_anchor_72359026,75120116,72359026,BP.FROB.DP1,BP.FROB.40.DP1,BP.FROB.40.DP1,40,40,FROB,DP1,250.0,2.0-10.0Hz,2.0,10.0,24.36195824888881,4.260931377143971,0.35185748520877635,0.184,True
prospective_75120116_target_anchor_72359026,75120116,72359026,BP.FROB.DP1,BP.FROB.40.DP1,BP.FROB.40.DP1,40,40,FROB,DP1,250.0,5.0-20.0Hz,5.0,20.0,65.35391071273327,10.037625294593584,0.23119619741414654,-0.484,True
prospective_75120116_target_anchor_72359026,75120116,72359026,BP.FROB.DP1,BP.FROB.40.DP1,BP.FROB.40.DP1,40,40,FROB,DP1,250.0,10.0-40.0Hz,10.0,40.0,134.17132938313753,21.754868243843195,0.1578102878068763,0.12,True
prospective_75120116_target_anchor_72359026,75120116,72359026,BP.FROB.DP1,BP.FROB.40.DP1,BP.FROB.40.DP1,40,40,FROB,DP1,250.0,2.0-40.0Hz,2.0,40.0,36.82358377425758,6.715129024373578,0.1779530618156476,-0.484,True
prospective_75120116_target_anchor_72359026,75120116,72359026,BP.FROB.DP2,BP.FROB.40.DP2,BP.FROB.40.DP2,40,40,FROB,DP2,250.0,2.0-10.0Hz,2.0,10.0,98.0197838066165,5.89799700710357,0.45833617547864297,0.152,True
prospective_75120116_target_anchor_72359026,75120116,72359026,BP.FROB.DP2,BP.FROB.40.DP2,BP.FROB.40.DP2,40,40,FROB,DP2,250.0,5.0-20.0Hz,5.0,20.0,134.68428391825708,9.393229254127506,0.23877125980887517,0.304,True
prospective_75120116_target_anchor_72359026,75120116,72359026,BP.FROB.DP2,BP.FROB.40.DP2,BP.FROB.40.DP2,40,40,FROB,DP2,250.0,10.0-40.0Hz,10.0,40.0,137.46033971049835,15.221083625156332,0.16872130359434884,0.376,True
prospective_75120116_target_anchor_72359026,75120116,72359026,BP.FROB.DP2,BP.FROB.40.DP2,BP.FROB.40.DP2,40,40,FROB,DP2,250.0,2.0-40.0Hz,2.0,40.0,115.69108479144234,8.830351693514608,0.18880572196614917,0.172,True
prospective_75120116_target_anchor_72359026,75120116,72359026,BP.FROB.DP3,BP.FROB.40.DP3,BP.FROB.40.DP3,40,40,FROB,DP3,250.0,2.0-10.0Hz,2.0,10.0,104.55123065508403,1.2538445064641657,0.2887490023678456,0.172,False
prospective_75120116_target_anchor_72359026,75120116,72359026,BP.FROB.DP3,BP.FROB.40.DP3,BP.FROB.40.DP3,40,40,FROB,DP3,250.0,5.0-20.0Hz,5.0,20.0,115.48851609895509,1.7167857845902323,0.17093140405158053,0.06,False
prospective_75120116_target_anchor_72359026,75120116,72359026,BP.FROB.DP3,BP.FROB.40.DP3,BP.FROB.40.DP3,40,40,FROB,DP3,250.0,10.0-40.0Hz,10.0,40.0,99.91827815128573,2.6635692194129974,0.14358662779979947,0.004,False
prospective_75120116_target_anchor_72359026,75120116,72359026,BP.FROB.DP3,BP.FROB.40.DP3,BP.FROB.40.DP3,40,40,FROB,DP3,250.0,2.0-40.0Hz,2.0,40.0,101.21597790317381,1.3402311057852834,0.21343487320328372,0.168,False
prospective_75120116_target_anchor_72359026,75120116,72359026,BP.GHIB.DP1,BP.GHIB.40.DP1,BP.GHIB.40.DP1,40,40,GHIB,DP1,250.0,2.0-10.0Hz,2.0,10.0,27.20867492768638,11.65749527303428,0.7012461639451559,0.144,True
prospective_75120116_target_anchor_72359026,75120116,72359026,BP.GHIB.DP1,BP.GHIB.40.DP1,BP.GHIB.40.DP1,40,40,GHIB,DP1,250.0,5.0-20.0Hz,5.0,20.0,37.32558007054262,17.52445251520764,0.4205626665784629,0.14,True
prospective_75120116_target_anchor_72359026,75120116,72359026,BP.GHIB.DP1,BP.GHIB.40.DP1,BP.GHIB.40.DP1,40,40,GHIB,DP1,250.0,10.0-40.0Hz,10.0,40.0,37.60843461912835,10.877763938786716,0.37880071769623336,0.312,True
prospective_75120116_target_anchor_72359026,75120116,72359026,BP.GHIB.DP1,BP.GHIB.40.DP1,BP.GHIB.40.DP1,40,40,GHIB,DP1,250.0,2.0-40.0Hz,2.0,40.0,28.379825923887214,11.813589689026871,0.6154281802246516,0.14,True
prospective_75120116_target_anchor_72359026,75120116,72359026,BP.GHIB.DP3,BP.GHIB.40.DP3,BP.GHIB.40.DP3,40,40,GHIB,DP3,250.0,2.0-10.0Hz,2.0,10.0,23.66639341661314,6.838789843787416,0.7117161759999399,0.144,True
prospective_75120116_target_anchor_72359026,75120116,72359026,BP.GHIB.DP3,BP.GHIB.40.DP3,BP.GHIB.40.DP3,40,40,GHIB,DP3,250.0,5.0-20.0Hz,5.0,20.0,23.149776571203795,9.09040252007095,0.45186693287556434,0.136,True
prospective_75120116_target_anchor_72359026,75120116,72359026,BP.GHIB.DP3,BP.GHIB.40.DP3,BP.GHIB.40.DP3,40,40,GHIB,DP3,250.0,10.0-40.0Hz,10.0,40.0,15.97471464446336,7.33521507272659,0.2994584718307465,0.132,True
prospective_75120116_target_anchor_72359026,75120116,72359026,BP.GHIB.DP3,BP.GHIB.40.DP3,BP.GHIB.40.DP3,40,40,GHIB,DP3,250.0,2.0-40.0Hz,2.0,40.0,22.94179490506176,7.086713060661988,0.6418416496842606,0.14,True
prospective_75120116_target_anchor_72359026,75120116,72359026,BP.JCSB.DP1,BP.JCSB.40.DP1,BP.JCSB.40.DP1,40,40,JCSB,DP1,250.0,2.0-10.0Hz,2.0,10.0,1753.9210960843327,75.58369197964697,0.8464632734634402,0.164,True
prospective_75120116_target_anchor_72359026,75120116,72359026,BP.JCSB.DP1,BP.JCSB.40.DP1,BP.JCSB.40.DP1,40,40,JCSB,DP1,250.0,5.0-20.0Hz,5.0,20.0,1529.126988207785,89.5760621716422,0.5414267713756357,0.168,True
prospective_75120116_target_anchor_72359026,75120116,72359026,BP.JCSB.DP1,BP.JCSB.40.DP1,BP.JCSB.40.DP1,40,40,JCSB,DP1,250.0,10.0-40.0Hz,10.0,40.0,892.2323870170062,70.69944940611727,0.31699272661571243,0.172,True
prospective_75120116_target_anchor_72359026,75120116,72359026,BP.JCSB.DP1,BP.JCSB.40.DP1,BP.JCSB.40.DP1,40,40,JCSB,DP1,250.0,2.0-40.0Hz,2.0,40.0,1522.9464045387017,75.80885356785106,0.718803484999617,0.168,True
prospective_75120116_target_anchor_72359026,75120116,72359026,BP.JCSB.DP2,BP.JCSB.40.DP2,BP.JCSB.40.DP2,40,40,JCSB,DP2,250.0,2.0-10.0Hz,2.0,10.0,17.297343588330524,3.0311021738017234,0.4383591318437286,0.164,True
prospective_75120116_target_anchor_72359026,75120116,72359026,BP.JCSB.DP2,BP.JCSB.40.DP2,BP.JCSB.40.DP2,40,40,JCSB,DP2,250.0,5.0-20.0Hz,5.0,20.0,24.58449089686104,6.095715747913825,0.3638359901627951,0.112,True
prospective_75120116_target_anchor_72359026,75120116,72359026,BP.JCSB.DP2,BP.JCSB.40.DP2,BP.JCSB.40.DP2,40,40,JCSB,DP2,250.0,10.0-40.0Hz,10.0,40.0,35.62703537394927,9.256395882270532,0.3432160299008092,0.112,True
prospective_75120116_target_anchor_72359026,75120116,72359026,BP.JCSB.DP2,BP.JCSB.40.DP2,BP.JCSB.40.DP2,40,40,JCSB,DP2,250.0,2.0-40.0Hz,2.0,40.0,28.752864809953454,6.460099770020142,0.2901050255716536,0.116,True
prospective_75120116_target_anchor_72359026,75120116,72359026,BP.JCSB.DP3,BP.JCSB.40.DP3,BP.JCSB.40.DP3,40,40,JCSB,DP3,250.0,2.0-10.0Hz,2.0,10.0,24.30511003642096,3.7620120729965407,0.49803870759887675,0.172,True
prospective_75120116_target_anchor_72359026,75120116,72359026,BP.JCSB.DP3,BP.JCSB.40.DP3,BP.JCSB.40.DP3,40,40,JCSB,DP3,250.0,5.0-20.0Hz,5.0,20.0,35.55875651325102,6.877861598646607,0.33095303149367766,0.172,True
prospective_75120116_target_anchor_72359026,75120116,72359026,BP.JCSB.DP3,BP.JCSB.40.DP3,BP.JCSB.40.DP3,40,40,JCSB,DP3,250.0,10.0-40.0Hz,10.0,40.0,39.68934634208929,8.943002239525727,0.30153947315054974,0.112,True
prospective_75120116_target_anchor_72359026,75120116,72359026,BP.JCSB.DP3,BP.JCSB.40.DP3,BP.JCSB.40.DP3,40,40,JCSB,DP3,250.0,2.0-40.0Hz,2.0,40.0,34.188858093417906,6.478928469445922,0.28008424906168966,0.168,True
prospective_75120116_target_anchor_72359026,75120116,72359026,BP.LCCB.DP1,BP.LCCB.40.DP1,BP.LCCB.40.DP1,40,40,LCCB,DP1,250.0,2.0-10.0Hz,2.0,10.0,2928.21160356824,144.30519939242015,0.29801270741485214,0.436,True
prospective_75120116_target_anchor_72359026,75120116,72359026,BP.LCCB.DP1,BP.LCCB.40.DP1,BP.LCCB.40.DP1,40,40,LCCB,DP1,250.0,5.0-20.0Hz,5.0,20.0,4112.943457997387,116.79960642395586,0.31608014461436595,-0.076,True
prospective_75120116_target_anchor_72359026,75120116,72359026,BP.LCCB.DP1,BP.LCCB.40.DP1,BP.LCCB.40.DP1,40,40,LCCB,DP1,250.0,10.0-40.0Hz,10.0,40.0,2366.949942703329,48.054868990958056,0.23568075463763782,0.08,True
prospective_75120116_target_anchor_72359026,75120116,72359026,BP.LCCB.DP1,BP.LCCB.40.DP1,BP.LCCB.40.DP1,40,40,LCCB,DP1,250.0,2.0-40.0Hz,2.0,40.0,2981.2890729262244,77.92925931112896,0.22254103166982003,-0.08,True
prospective_75120116_target_anchor_72359026,75120116,72359026,BP.LCCB.DP2,BP.LCCB.40.DP2,BP.LCCB.40.DP2,40,40,LCCB,DP2,250.0,2.0-10.0Hz,2.0,10.0,472.9476136893328,18.039683385308233,0.7021389238270219,0.124,True
prospective_75120116_target_anchor_72359026,75120116,72359026,BP.LCCB.DP2,BP.LCCB.40.DP2,BP.LCCB.40.DP2,40,40,LCCB,DP2,250.0,5.0-20.0Hz,5.0,20.0,528.5659992895002,16.284071843198152,0.33486850165892157,0.132,True
prospective_75120116_target_anchor_72359026,75120116,72359026,BP.LCCB.DP2,BP.LCCB.40.DP2,BP.LCCB.40.DP2,40,40,LCCB,DP2,250.0,10.0-40.0Hz,10.0,40.0,375.57780234896813,9.502071401472138,0.30843980157872564,0.232,True
prospective_75120116_target_anchor_72359026,75120116,72359026,BP.LCCB.DP2,BP.LCCB.40.DP2,BP.LCCB.40.DP2,40,40,LCCB,DP2,250.0,2.0-40.0Hz,2.0,40.0,418.94351572055945,11.627260615733112,0.2945424414886159,0.124,True
prospective_75120116_target_anchor_72359026,75120116,72359026,BP.LCCB.DP3,BP.LCCB.40.DP3,BP.LCCB.40.DP3,40,40,LCCB,DP3,250.0,2.0-10.0Hz,2.0,10.0,3110.5032521576504,139.73969410475817,0.5060582547122132,0.116,True
prospective_75120116_target_anchor_72359026,75120116,72359026,BP.LCCB.DP3,BP.LCCB.40.DP3,BP.LCCB.40.DP3,40,40,LCCB,DP3,250.0,5.0-20.0Hz,5.0,20.0,5082.751489433345,91.96752254135689,0.25350616461468095,-0.412,True
prospective_75120116_target_anchor_72359026,75120116,72359026,BP.LCCB.DP3,BP.LCCB.40.DP3,BP.LCCB.40.DP3,40,40,LCCB,DP3,250.0,10.0-40.0Hz,10.0,40.0,2968.4984733521856,43.743895287550146,0.4028624622972055,0.072,True
prospective_75120116_target_anchor_72359026,75120116,72359026,BP.LCCB.DP3,BP.LCCB.40.DP3,BP.LCCB.40.DP3,40,40,LCCB,DP3,250.0,2.0-40.0Hz,2.0,40.0,3166.224536493688,74.51334957861764,0.381196650463387,0.128,True
prospective_75120116_target_anchor_72359026,75120116,72359026,BP.SCYB.DP1,BP.SCYB.40.DP1,BP.SCYB.40.DP1,40,40,SCYB,DP1,250.0,2.0-10.0Hz,2.0,10.0,4064.1836351338593,1172.4511618110148,0.4855492562037261,0.072,True
prospective_75120116_target_anchor_72359026,75120116,72359026,BP.SCYB.DP1,BP.SCYB.40.DP1,BP.SCYB.40.DP1,40,40,SCYB,DP1,250.0,5.0-20.0Hz,5.0,20.0,4800.528493524737,1326.0586498136606,0.38502387823556206,0.068,True
prospective_75120116_target_anchor_72359026,75120116,72359026,BP.SCYB.DP1,BP.SCYB.40.DP1,BP.SCYB.40.DP1,40,40,SCYB,DP1,250.0,10.0-40.0Hz,10.0,40.0,2305.1170650835734,723.0585102047575,0.286556931163207,0.068,True
prospective_75120116_target_anchor_72359026,75120116,72359026,BP.SCYB.DP1,BP.SCYB.40.DP1,BP.SCYB.40.DP1,40,40,SCYB,DP1,250.0,2.0-40.0Hz,2.0,40.0,3705.4130128187044,1042.0029576535512,0.43866315898040587,0.068,True
prospective_75120116_target_anchor_72359026,75120116,72359026,BP.SCYB.DP2,BP.SCYB.40.DP2,BP.SCYB.40.DP2,40,40,SCYB,DP2,250.0,2.0-10.0Hz,2.0,10.0,5087.3228412854505,1013.9208429116369,0.703948869359948,0.08,True
prospective_75120116_target_anchor_72359026,75120116,72359026,BP.SCYB.DP2,BP.SCYB.40.DP2,BP.SCYB.40.DP2,40,40,SCYB,DP2,250.0,5.0-20.0Hz,5.0,20.0,3387.357719612632,1151.9217487291608,0.34401012987204715,0.212,True
prospective_75120116_target_anchor_72359026,75120116,72359026,BP.SCYB.DP2,BP.SCYB.40.DP2,BP.SCYB.40.DP2,40,40,SCYB,DP2,250.0,10.0-40.0Hz,10.0,40.0,1544.41634052319,492.541363288504,0.3740913253604208,0.216,True
prospective_75120116_target_anchor_72359026,75120116,72359026,BP.SCYB.DP2,BP.SCYB.40.DP2,BP.SCYB.40.DP2,40,40,SCYB,DP2,250.0,2.0-40.0Hz,2.0,40.0,4236.32851419318,894.3301530408527,0.6103600700989377,0.08,True
prospective_75120116_target_anchor_72359026,75120116,72359026,BP.SCYB.DP3,BP.SCYB.40.DP3,BP.SCYB.40.DP3,40,40,SCYB,DP3,250.0,2.0-10.0Hz,2.0,10.0,3996.880106915479,809.0954847376594,0.4470757829097962,0.068,True
prospective_75120116_target_anchor_72359026,75120116,72359026,BP.SCYB.DP3,BP.SCYB.40.DP3,BP.SCYB.40.DP3,40,40,SCYB,DP3,250.0,5.0-20.0Hz,5.0,20.0,3872.0850244991166,1000.3592721639451,0.4085214375768127,0.056,True
prospective_75120116_target_anchor_72359026,75120116,72359026,BP.SCYB.DP3,BP.SCYB.40.DP3,BP.SCYB.40.DP3,40,40,SCYB,DP3,250.0,10.0-40.0Hz,10.0,40.0,1626.4284442114247,596.0420344216835,0.47335234462810444,-0.032,True
prospective_75120116_target_anchor_72359026,75120116,72359026,BP.SCYB.DP3,BP.SCYB.40.DP3,BP.SCYB.40.DP3,40,40,SCYB,DP3,250.0,2.0-40.0Hz,2.0,40.0,3459.050767072274,768.5881491464552,0.40330040592461514,0.064,True
prospective_75120116_target_anchor_72359026,75120116,72359026,BP.SMNB.DP1,BP.SMNB.40.DP1,BP.SMNB.40.DP1,40,40,SMNB,DP1,250.0,2.0-10.0Hz,2.0,10.0,2991.394502801028,635.7735658292014,0.7703596301783184,0.064,True
prospective_75120116_target_anchor_72359026,75120116,72359026,BP.SMNB.DP1,BP.SMNB.40.DP1,BP.SMNB.40.DP1,40,40,SMNB,DP1,250.0,5.0-20.0Hz,5.0,20.0,4564.934380837903,927.7988674046223,0.5402708709254599,0.064,True
prospective_75120116_target_anchor_72359026,75120116,72359026,BP.SMNB.DP1,BP.SMNB.40.DP1,BP.SMNB.40.DP1,40,40,SMNB,DP1,250.0,10.0-40.0Hz,10.0,40.0,4752.569327494158,1238.7070169387239,0.3009843163337689,0.068,True
prospective_75120116_target_anchor_72359026,75120116,72359026,BP.SMNB.DP1,BP.SMNB.40.DP1,BP.SMNB.40.DP1,40,40,SMNB,DP1,250.0,2.0-40.0Hz,2.0,40.0,3511.1220111666726,828.740453923952,0.5286933049439586,0.068,True
prospective_75120116_target_anchor_72359026,75120116,72359026,BP.SMNB.DP2,BP.SMNB.40.DP2,BP.SMNB.40.DP2,40,40,SMNB,DP2,250.0,2.0-10.0Hz,2.0,10.0,2599.3942890242643,593.5251517565778,0.548204599482799,0.064,True
prospective_75120116_target_anchor_72359026,75120116,72359026,BP.SMNB.DP2,BP.SMNB.40.DP2,BP.SMNB.40.DP2,40,40,SMNB,DP2,250.0,5.0-20.0Hz,5.0,20.0,4117.171527822471,1019.6485920212331,0.41600616228319376,0.056,True
prospective_75120116_target_anchor_72359026,75120116,72359026,BP.SMNB.DP2,BP.SMNB.40.DP2,BP.SMNB.40.DP2,40,40,SMNB,DP2,250.0,10.0-40.0Hz,10.0,40.0,5109.005990045141,1310.778168346684,0.2799178295135366,0.056,True
prospective_75120116_target_anchor_72359026,75120116,72359026,BP.SMNB.DP2,BP.SMNB.40.DP2,BP.SMNB.40.DP2,40,40,SMNB,DP2,250.0,2.0-40.0Hz,2.0,40.0,3511.621015424684,878.9241076417773,0.38468883577439905,0.056,True
prospective_75120116_target_anchor_72359026,75120116,72359026,BP.SMNB.DP3,BP.SMNB.40.DP3,BP.SMNB.40.DP3,40,40,SMNB,DP3,250.0,2.0-10.0Hz,2.0,10.0,2824.8169921706926,407.1264530290289,0.7445605506897484,0.072,True
prospective_75120116_target_anchor_72359026,75120116,72359026,BP.SMNB.DP3,BP.SMNB.40.DP3,BP.SMNB.40.DP3,40,40,SMNB,DP3,250.0,5.0-20.0Hz,5.0,20.0,3607.465662192382,1015.3782140724481,0.4037758446344008,0.06,True
prospective_75120116_target_anchor_72359026,75120116,72359026,BP.SMNB.DP3,BP.SMNB.40.DP3,BP.SMNB.40.DP3,40,40,SMNB,DP3,250.0,10.0-40.0Hz,10.0,40.0,5455.355457197596,1391.107539233404,0.2721333228225542,0.06,True
prospective_75120116_target_anchor_72359026,75120116,72359026,BP.SMNB.DP3,BP.SMNB.40.DP3,BP.SMNB.40.DP3,40,40,SMNB,DP3,250.0,2.0-40.0Hz,2.0,40.0,3664.680036312996,720.2862647983266,0.40765294912800604,0.06,True
prospective_75120116_target_anchor_72359026,75120116,72359026,NC.PSM.EHE,NC.PSM..EHE,NC.PSM..EHE,,,PSM,EHE,100.0,2.0-10.0Hz,2.0,10.0,1.02633279916619,938.0532373096394,0.21572582269743282,0.38,False
prospective_75120116_target_anchor_72359026,75120116,72359026,NC.PSM.EHE,NC.PSM..EHE,NC.PSM..EHE,,,PSM,EHE,100.0,5.0-20.0Hz,5.0,20.0,0.9826039812284411,625.4970325449021,0.11440833498063006,-0.2,False
prospective_75120116_target_anchor_72359026,75120116,72359026,NC.PSM.EHE,NC.PSM..EHE,NC.PSM..EHE,,,PSM,EHE,100.0,10.0-40.0Hz,10.0,40.0,0.9860668882147284,81.01904800505557,0.06460466376076691,0.47,False
prospective_75120116_target_anchor_72359026,75120116,72359026,NC.PSM.EHE,NC.PSM..EHE,NC.PSM..EHE,,,PSM,EHE,100.0,2.0-40.0Hz,2.0,40.0,0.9873659944960563,468.9834172904278,0.12296368911067619,0.38,False
prospective_75120116_target_anchor_72359026,75120116,72359026,NC.PSM.EHN,NC.PSM..EHN,NC.PSM..EHN,,,PSM,EHN,100.0,2.0-10.0Hz,2.0,10.0,4622.682517847014,833.8990095929345,0.6526061448031152,0.01,True
prospective_75120116_target_anchor_72359026,75120116,72359026,NC.PSM.EHN,NC.PSM..EHN,NC.PSM..EHN,,,PSM,EHN,100.0,5.0-20.0Hz,5.0,20.0,3728.448172289753,417.70713752809814,0.4413566399926653,0.03,True
prospective_75120116_target_anchor_72359026,75120116,72359026,NC.PSM.EHN,NC.PSM..EHN,NC.PSM..EHN,,,PSM,EHN,100.0,10.0-40.0Hz,10.0,40.0,1190.5234033486834,96.11115004760399,0.24701965551432728,0.2,True
prospective_75120116_target_anchor_72359026,75120116,72359026,NC.PSM.EHN,NC.PSM..EHN,NC.PSM..EHN,,,PSM,EHN,100.0,2.0-40.0Hz,2.0,40.0,3901.1745862347625,478.42311558167444,0.6207085089599834,0.01,True
prospective_75120116_target_anchor_72359026,75120116,72359026,NC.PSM.EHZ,NC.PSM..EHZ,NC.PSM..EHZ,,,PSM,EHZ,100.0,2.0-10.0Hz,2.0,10.0,4068.528672298169,837.0842282814857,0.6138553661790102,0.02,True
prospective_75120116_target_anchor_72359026,75120116,72359026,NC.PSM.EHZ,NC.PSM..EHZ,NC.PSM..EHZ,,,PSM,EHZ,100.0,5.0-20.0Hz,5.0,20.0,3884.531525011225,585.1864103038785,0.42968742666169046,0.03,True
prospective_75120116_target_anchor_72359026,75120116,72359026,NC.PSM.EHZ,NC.PSM..EHZ,NC.PSM..EHZ,,,PSM,EHZ,100.0,10.0-40.0Hz,10.0,40.0,1156.4838573257855,68.35409675968958,0.3069753031835396,0.02,True
prospective_75120116_target_anchor_72359026,75120116,72359026,NC.PSM.EHZ,NC.PSM..EHZ,NC.PSM..EHZ,,,PSM,EHZ,100.0,2.0-40.0Hz,2.0,40.0,3398.4872927513493,335.43543603806137,0.589405664497566,0.02,True
prospective_75153522_target_anchor_51214531,75153522,51214531,BP.CCRB.DP1,BP.CCRB.40.DP1,BP.CCRB..DP1,40,,CCRB,DP1,250.0,2.0-10.0Hz,2.0,10.0,38.409909229102276,118.79117905537943,0.5719931368641734,-0.132,True
prospective_75153522_target_anchor_51214531,75153522,51214531,BP.CCRB.DP1,BP.CCRB.40.DP1,BP.CCRB..DP1,40,,CCRB,DP1,250.0,5.0-20.0Hz,5.0,20.0,220.79846431514625,313.616315484446,0.8286309323826673,-0.136,True
prospective_75153522_target_anchor_51214531,75153522,51214531,BP.CCRB.DP1,BP.CCRB.40.DP1,BP.CCRB..DP1,40,,CCRB,DP1,250.0,10.0-40.0Hz,10.0,40.0,406.166220481448,581.3656965493266,0.8653545466609778,-0.136,True
prospective_75153522_target_anchor_51214531,75153522,51214531,BP.CCRB.DP1,BP.CCRB.40.DP1,BP.CCRB..DP1,40,,CCRB,DP1,250.0,2.0-40.0Hz,2.0,40.0,118.23714851050774,327.62317104245875,0.8342255309185319,-0.136,True
prospective_75153522_target_anchor_51214531,75153522,51214531,BP.CCRB.DP2,BP.CCRB.40.DP2,BP.CCRB..DP2,40,,CCRB,DP2,250.0,2.0-10.0Hz,2.0,10.0,48.627161600079994,90.21904482418113,0.46839704564005896,-0.216,True
prospective_75153522_target_anchor_51214531,75153522,51214531,BP.CCRB.DP2,BP.CCRB.40.DP2,BP.CCRB..DP2,40,,CCRB,DP2,250.0,5.0-20.0Hz,5.0,20.0,109.56686123460094,169.8874430739322,0.34911989721386877,-0.204,True
prospective_75153522_target_anchor_51214531,75153522,51214531,BP.CCRB.DP2,BP.CCRB.40.DP2,BP.CCRB..DP2,40,,CCRB,DP2,250.0,10.0-40.0Hz,10.0,40.0,147.67259433984847,222.8465286071905,0.45786338001408816,-0.124,True
prospective_75153522_target_anchor_51214531,75153522,51214531,BP.CCRB.DP2,BP.CCRB.40.DP2,BP.CCRB..DP2,40,,CCRB,DP2,250.0,2.0-40.0Hz,2.0,40.0,65.48682747664624,128.66859614792844,0.30845292087257287,-0.204,True
prospective_75153522_target_anchor_51214531,75153522,51214531,BP.CCRB.DP3,BP.CCRB.40.DP3,BP.CCRB..DP3,40,,CCRB,DP3,250.0,2.0-10.0Hz,2.0,10.0,49.64728319987919,0.914485140562439,0.12918408608682572,0.376,False
prospective_75153522_target_anchor_51214531,75153522,51214531,BP.CCRB.DP3,BP.CCRB.40.DP3,BP.CCRB..DP3,40,,CCRB,DP3,250.0,5.0-20.0Hz,5.0,20.0,165.59908507907218,1.0682325954944083,0.2057840307709694,-0.108,False
prospective_75153522_target_anchor_51214531,75153522,51214531,BP.CCRB.DP3,BP.CCRB.40.DP3,BP.CCRB..DP3,40,,CCRB,DP3,250.0,10.0-40.0Hz,10.0,40.0,217.13307935338108,1.0898527451527722,0.1701459611745282,-0.112,False
prospective_75153522_target_anchor_51214531,75153522,51214531,BP.CCRB.DP3,BP.CCRB.40.DP3,BP.CCRB..DP3,40,,CCRB,DP3,250.0,2.0-40.0Hz,2.0,40.0,79.47853790307082,1.0391733321840135,0.1427464682359261,-0.112,False
prospective_75153522_target_anchor_51214531,75153522,51214531,BP.EADB.DP1,BP.EADB.40.DP1,BP.EADB..DP1,40,,EADB,DP1,250.0,2.0-10.0Hz,2.0,10.0,18.703093445060684,55.3225379456065,0.49009137562959393,-0.18,True
prospective_75153522_target_anchor_51214531,75153522,51214531,BP.EADB.DP1,BP.EADB.40.DP1,BP.EADB..DP1,40,,EADB,DP1,250.0,5.0-20.0Hz,5.0,20.0,20.793304326443543,49.23983759786967,0.3946915077459271,0.168,True
prospective_75153522_target_anchor_51214531,75153522,51214531,BP.EADB.DP1,BP.EADB.40.DP1,BP.EADB..DP1,40,,EADB,DP1,250.0,10.0-40.0Hz,10.0,40.0,13.721337693669971,22.81690640706947,0.3713099393488862,-0.136,True
prospective_75153522_target_anchor_51214531,75153522,51214531,BP.EADB.DP1,BP.EADB.40.DP1,BP.EADB..DP1,40,,EADB,DP1,250.0,2.0-40.0Hz,2.0,40.0,17.94434174681031,47.72855654273528,0.430202862566057,-0.18,True
prospective_75153522_target_anchor_51214531,75153522,51214531,BP.EADB.DP2,BP.EADB.40.DP2,BP.EADB..DP2,40,,EADB,DP2,250.0,2.0-10.0Hz,2.0,10.0,44.999204770051826,71.52809277891325,0.7305787123978169,-0.192,True
prospective_75153522_target_anchor_51214531,75153522,51214531,BP.EADB.DP2,BP.EADB.40.DP2,BP.EADB..DP2,40,,EADB,DP2,250.0,5.0-20.0Hz,5.0,20.0,15.524576673654382,55.82815466044312,0.48124891362721595,-0.368,True
prospective_75153522_target_anchor_51214531,75153522,51214531,BP.EADB.DP2,BP.EADB.40.DP2,BP.EADB..DP2,40,,EADB,DP2,250.0,10.0-40.0Hz,10.0,40.0,5.440909420921906,26.050706530428297,0.36709396259476595,-0.14,True
prospective_75153522_target_anchor_51214531,75153522,51214531,BP.EADB.DP2,BP.EADB.40.DP2,BP.EADB..DP2,40,,EADB,DP2,250.0,2.0-40.0Hz,2.0,40.0,25.552772487255048,61.634001284173195,0.6790882547058509,-0.188,True
prospective_75153522_target_anchor_51214531,75153522,51214531,BP.EADB.DP3,BP.EADB.40.DP3,BP.EADB..DP3,40,,EADB,DP3,250.0,2.0-10.0Hz,2.0,10.0,44.67415457189191,53.58546716213634,0.7356985462422535,-0.196,True
prospective_75153522_target_anchor_51214531,75153522,51214531,BP.EADB.DP3,BP.EADB.40.DP3,BP.EADB..DP3,40,,EADB,DP3,250.0,5.0-20.0Hz,5.0,20.0,14.48262538703522,31.45918885892672,0.43153019021329747,-0.368,True
prospective_75153522_target_anchor_51214531,75153522,51214531,BP.EADB.DP3,BP.EADB.40.DP3,BP.EADB..DP3,40,,EADB,DP3,250.0,10.0-40.0Hz,10.0,40.0,7.128104259855315,13.397308551939556,0.349140896800828,-0.132,True
prospective_75153522_target_anchor_51214531,75153522,51214531,BP.EADB.DP3,BP.EADB.40.DP3,BP.EADB..DP3,40,,EADB,DP3,250.0,2.0-40.0Hz,2.0,40.0,32.59123815493523,40.080114834370974,0.6885426735589535,-0.2,True
prospective_75153522_target_anchor_51214531,75153522,51214531,BP.FROB.DP1,BP.FROB.40.DP1,BP.FROB..DP1,40,,FROB,DP1,250.0,2.0-10.0Hz,2.0,10.0,7.91399984668251,33.13931186912395,0.35119329424539325,-0.196,True
prospective_75153522_target_anchor_51214531,75153522,51214531,BP.FROB.DP1,BP.FROB.40.DP1,BP.FROB..DP1,40,,FROB,DP1,250.0,5.0-20.0Hz,5.0,20.0,13.747073237840448,58.38411660886369,0.3013187186007563,-0.2,True
prospective_75153522_target_anchor_51214531,75153522,51214531,BP.FROB.DP1,BP.FROB.40.DP1,BP.FROB..DP1,40,,FROB,DP1,250.0,10.0-40.0Hz,10.0,40.0,13.65694765770038,73.89829832799535,0.21378820104632457,-0.132,True
prospective_75153522_target_anchor_51214531,75153522,51214531,BP.FROB.DP1,BP.FROB.40.DP1,BP.FROB..DP1,40,,FROB,DP1,250.0,2.0-40.0Hz,2.0,40.0,10.923044903447382,49.624911524861425,0.25397802127766983,-0.2,True
prospective_75153522_target_anchor_51214531,75153522,51214531,BP.FROB.DP2,BP.FROB.40.DP2,BP.FROB..DP2,40,,FROB,DP2,250.0,2.0-10.0Hz,2.0,10.0,7.5245490660295875,32.552353277134266,0.3697194320676172,-0.212,True
prospective_75153522_target_anchor_51214531,75153522,51214531,BP.FROB.DP2,BP.FROB.40.DP2,BP.FROB..DP2,40,,FROB,DP2,250.0,5.0-20.0Hz,5.0,20.0,13.477460073012738,38.40742077032753,0.23148864412780784,-0.204,True
prospective_75153522_target_anchor_51214531,75153522,51214531,BP.FROB.DP2,BP.FROB.40.DP2,BP.FROB..DP2,40,,FROB,DP2,250.0,10.0-40.0Hz,10.0,40.0,12.766414787862736,42.45892225027907,0.22951772084669012,-0.128,True
prospective_75153522_target_anchor_51214531,75153522,51214531,BP.FROB.DP2,BP.FROB.40.DP2,BP.FROB..DP2,40,,FROB,DP2,250.0,2.0-40.0Hz,2.0,40.0,10.52497115507006,39.54042744652757,0.17020755331396364,-0.208,True
prospective_75153522_target_anchor_51214531,75153522,51214531,BP.FROB.DP3,BP.FROB.40.DP3,BP.FROB..DP3,40,,FROB,DP3,250.0,2.0-10.0Hz,2.0,10.0,9.817376665828174,37.07352658324447,0.512077640109777,-0.188,True
prospective_75153522_target_anchor_51214531,75153522,51214531,BP.FROB.DP3,BP.FROB.40.DP3,BP.FROB..DP3,40,,FROB,DP3,250.0,5.0-20.0Hz,5.0,20.0,12.100351759630108,45.36322220808987,0.393828003110861,-0.188,True
prospective_75153522_target_anchor_51214531,75153522,51214531,BP.FROB.DP3,BP.FROB.40.DP3,BP.FROB..DP3,40,,FROB,DP3,250.0,10.0-40.0Hz,10.0,40.0,9.853618241711544,51.07041741560048,0.1418249921615749,0.304,True
prospective_75153522_target_anchor_51214531,75153522,51214531,BP.FROB.DP3,BP.FROB.40.DP3,BP.FROB..DP3,40,,FROB,DP3,250.0,2.0-40.0Hz,2.0,40.0,9.992241052055737,41.746527876974504,0.32418781115007866,-0.188,True
prospective_75153522_target_anchor_51214531,75153522,51214531,BP.GHIB.DP1,BP.GHIB.40.DP1,BP.GHIB..DP1,40,,GHIB,DP1,250.0,2.0-10.0Hz,2.0,10.0,6.010282345998465,1.6931163525484692,0.29259299308783865,-0.104,False
prospective_75153522_target_anchor_51214531,75153522,51214531,BP.GHIB.DP1,BP.GHIB.40.DP1,BP.GHIB..DP1,40,,GHIB,DP1,250.0,5.0-20.0Hz,5.0,20.0,7.112077770148491,2.3962866887335705,0.28468974635109934,-0.36,False
prospective_75153522_target_anchor_51214531,75153522,51214531,BP.GHIB.DP1,BP.GHIB.40.DP1,BP.GHIB..DP1,40,,GHIB,DP1,250.0,10.0-40.0Hz,10.0,40.0,4.917519551125327,0.6811129585874992,0.30136161751634266,0.008,False
prospective_75153522_target_anchor_51214531,75153522,51214531,BP.GHIB.DP1,BP.GHIB.40.DP1,BP.GHIB..DP1,40,,GHIB,DP1,250.0,2.0-40.0Hz,2.0,40.0,5.77176128519032,1.1386605845591107,0.25960433170467306,0.388,False
prospective_75153522_target_anchor_51214531,75153522,51214531,BP.GHIB.DP3,BP.GHIB.40.DP3,BP.GHIB..DP3,40,,GHIB,DP3,250.0,2.0-10.0Hz,2.0,10.0,1.1150692001528721,6.699780973955954,0.2243667411453031,-0.12,False
prospective_75153522_target_anchor_51214531,75153522,51214531,BP.GHIB.DP3,BP.GHIB.40.DP3,BP.GHIB..DP3,40,,GHIB,DP3,250.0,5.0-20.0Hz,5.0,20.0,1.2332964679749836,9.029557060862325,0.22630150163813523,0.0,False
prospective_75153522_target_anchor_51214531,75153522,51214531,BP.GHIB.DP3,BP.GHIB.40.DP3,BP.GHIB..DP3,40,,GHIB,DP3,250.0,10.0-40.0Hz,10.0,40.0,1.1242483173637872,7.0787172932911755,0.18566790182088572,0.0,False
prospective_75153522_target_anchor_51214531,75153522,51214531,BP.GHIB.DP3,BP.GHIB.40.DP3,BP.GHIB..DP3,40,,GHIB,DP3,250.0,2.0-40.0Hz,2.0,40.0,1.1375042418919683,7.057501522107244,0.17128852859393282,-0.12,False
prospective_75153522_target_anchor_51214531,75153522,51214531,BP.JCSB.DP1,BP.JCSB.40.DP1,BP.JCSB..DP1,40,,JCSB,DP1,250.0,2.0-10.0Hz,2.0,10.0,17.77472854201684,200.72198493799243,0.7980679714786275,-0.224,True
prospective_75153522_target_anchor_51214531,75153522,51214531,BP.JCSB.DP1,BP.JCSB.40.DP1,BP.JCSB..DP1,40,,JCSB,DP1,250.0,5.0-20.0Hz,5.0,20.0,9.733408276564143,233.38728867768125,0.42793544553460167,-0.224,True
prospective_75153522_target_anchor_51214531,75153522,51214531,BP.JCSB.DP1,BP.JCSB.40.DP1,BP.JCSB..DP1,40,,JCSB,DP1,250.0,10.0-40.0Hz,10.0,40.0,12.483854453552683,202.90688667496175,0.3864771616989327,-0.152,True
prospective_75153522_target_anchor_51214531,75153522,51214531,BP.JCSB.DP1,BP.JCSB.40.DP1,BP.JCSB..DP1,40,,JCSB,DP1,250.0,2.0-40.0Hz,2.0,40.0,13.490833818334343,206.18878309743977,0.626443781699146,-0.22,True
prospective_75153522_target_anchor_51214531,75153522,51214531,BP.JCSB.DP2,BP.JCSB.40.DP2,BP.JCSB..DP2,40,,JCSB,DP2,250.0,2.0-10.0Hz,2.0,10.0,1.2793771645315422,8.062473712609913,0.21700778685812888,-0.036,False
prospective_75153522_target_anchor_51214531,75153522,51214531,BP.JCSB.DP2,BP.JCSB.40.DP2,BP.JCSB..DP2,40,,JCSB,DP2,250.0,5.0-20.0Hz,5.0,20.0,2.952704458089931,6.255771928011976,0.3145167155389051,-0.144,False
prospective_75153522_target_anchor_51214531,75153522,51214531,BP.JCSB.DP2,BP.JCSB.40.DP2,BP.JCSB..DP2,40,,JCSB,DP2,250.0,10.0-40.0Hz,10.0,40.0,3.6613454487209376,8.20395255156163,0.4373859628221215,-0.136,True
prospective_75153522_target_anchor_51214531,75153522,51214531,BP.JCSB.DP2,BP.JCSB.40.DP2,BP.JCSB..DP2,40,,JCSB,DP2,250.0,2.0-40.0Hz,2.0,40.0,2.398028323693038,7.98762608110911,0.1746959953910397,-0.136,False
prospective_75153522_target_anchor_51214531,75153522,51214531,BP.JCSB.DP3,BP.JCSB.40.DP3,BP.JCSB..DP3,40,,JCSB,DP3,250.0,2.0-10.0Hz,2.0,10.0,3.255436409084211,0.9953798428100272,0.16529482538980214,0.476,False
prospective_75153522_target_anchor_51214531,75153522,51214531,BP.JCSB.DP3,BP.JCSB.40.DP3,BP.JCSB..DP3,40,,JCSB,DP3,250.0,5.0-20.0Hz,5.0,20.0,5.130252141904354,1.0057189921744092,0.16369153548540777,0.372,False
prospective_75153522_target_anchor_51214531,75153522,51214531,BP.JCSB.DP3,BP.JCSB.40.DP3,BP.JCSB..DP3,40,,JCSB,DP3,250.0,10.0-40.0Hz,10.0,40.0,5.698772735976047,1.0795684761271183,0.1284123503590717,0.372,False
prospective_75153522_target_anchor_51214531,75153522,51214531,BP.JCSB.DP3,BP.JCSB.40.DP3,BP.JCSB..DP3,40,,JCSB,DP3,250.0,2.0-40.0Hz,2.0,40.0,4.6466510076774155,1.0400833932061937,0.09666820687756923,0.372,False
prospective_75153522_target_anchor_51214531,75153522,51214531,BP.LCCB.DP1,BP.LCCB.40.DP1,BP.LCCB..DP1,40,,LCCB,DP1,250.0,2.0-10.0Hz,2.0,10.0,412.2847960287881,57.18499040453204,0.7544719632966521,-0.212,True
prospective_75153522_target_anchor_51214531,75153522,51214531,BP.LCCB.DP1,BP.LCCB.40.DP1,BP.LCCB..DP1,40,,LCCB,DP1,250.0,5.0-20.0Hz,5.0,20.0,611.4410490270153,65.02017320565218,0.7138419274779642,-0.216,True
prospective_75153522_target_anchor_51214531,75153522,51214531,BP.LCCB.DP1,BP.LCCB.40.DP1,BP.LCCB..DP1,40,,LCCB,DP1,250.0,10.0-40.0Hz,10.0,40.0,364.57418468858253,45.74787659674204,0.6220373931446455,-0.22,True
prospective_75153522_target_anchor_51214531,75153522,51214531,BP.LCCB.DP1,BP.LCCB.40.DP1,BP.LCCB..DP1,40,,LCCB,DP1,250.0,2.0-40.0Hz,2.0,40.0,414.60859318024876,51.13748371532447,0.6893537819181074,-0.216,True
prospective_75153522_target_anchor_51214531,75153522,51214531,BP.LCCB.DP2,BP.LCCB.40.DP2,BP.LCCB..DP2,40,,LCCB,DP2,250.0,2.0-10.0Hz,2.0,10.0,89.11972577410475,339.07191327236086,0.8576317384420432,-0.228,True
prospective_75153522_target_anchor_51214531,75153522,51214531,BP.LCCB.DP2,BP.LCCB.40.DP2,BP.LCCB..DP2,40,,LCCB,DP2,250.0,5.0-20.0Hz,5.0,20.0,110.03998202296259,380.79922745145615,0.5535187672655751,-0.22,True
prospective_75153522_target_anchor_51214531,75153522,51214531,BP.LCCB.DP2,BP.LCCB.40.DP2,BP.LCCB..DP2,40,,LCCB,DP2,250.0,10.0-40.0Hz,10.0,40.0,69.27032139971409,225.26153528557327,0.37333173338496395,-0.14,True
prospective_75153522_target_anchor_51214531,75153522,51214531,BP.LCCB.DP2,BP.LCCB.40.DP2,BP.LCCB..DP2,40,,LCCB,DP2,250.0,2.0-40.0Hz,2.0,40.0,78.24979443429474,269.7435359163324,0.45459146845539267,-0.22,True
prospective_75153522_target_anchor_51214531,75153522,51214531,BP.LCCB.DP3,BP.LCCB.40.DP3,BP.LCCB..DP3,40,,LCCB,DP3,250.0,2.0-10.0Hz,2.0,10.0,413.6442288161517,455.4043116511137,0.695671275169093,-0.212,True
prospective_75153522_target_anchor_51214531,75153522,51214531,BP.LCCB.DP3,BP.LCCB.40.DP3,BP.LCCB..DP3,40,,LCCB,DP3,250.0,5.0-20.0Hz,5.0,20.0,604.2188948045488,611.6722687752268,0.5298972216067539,-0.216,True
prospective_75153522_target_anchor_51214531,75153522,51214531,BP.LCCB.DP3,BP.LCCB.40.DP3,BP.LCCB..DP3,40,,LCCB,DP3,250.0,10.0-40.0Hz,10.0,40.0,328.48478943296,480.70426262605315,0.474465085420028,-0.14,True
prospective_75153522_target_anchor_51214531,75153522,51214531,BP.LCCB.DP3,BP.LCCB.40.DP3,BP.LCCB..DP3,40,,LCCB,DP3,250.0,2.0-40.0Hz,2.0,40.0,405.64735464030304,461.57774872518115,0.579638135510945,-0.216,True
prospective_75153522_target_anchor_51214531,75153522,51214531,BP.MMNB.DP1,BP.MMNB.40.DP1,BP.MMNB..DP1,40,,MMNB,DP1,250.0,2.0-10.0Hz,2.0,10.0,154.59364565667735,1.4744418828185892,0.15443312897078182,-0.336,False
prospective_75153522_target_anchor_51214531,75153522,51214531,BP.MMNB.DP1,BP.MMNB.40.DP1,BP.MMNB..DP1,40,,MMNB,DP1,250.0,5.0-20.0Hz,5.0,20.0,195.15026792589998,1.3497729850336648,0.23447235764783803,-0.344,False
prospective_75153522_target_anchor_51214531,75153522,51214531,BP.MMNB.DP1,BP.MMNB.40.DP1,BP.MMNB..DP1,40,,MMNB,DP1,250.0,10.0-40.0Hz,10.0,40.0,103.4354288389121,1.406303627915425,0.157438591474185,-0.056,False
prospective_75153522_target_anchor_51214531,75153522,51214531,BP.MMNB.DP1,BP.MMNB.40.DP1,BP.MMNB..DP1,40,,MMNB,DP1,250.0,2.0-40.0Hz,2.0,40.0,146.29408962315154,1.4551490241947158,0.13894267202620936,-0.488,False
prospective_75153522_target_anchor_51214531,75153522,51214531,BP.MMNB.DP2,BP.MMNB.40.DP2,BP.MMNB..DP2,40,,MMNB,DP2,250.0,2.0-10.0Hz,2.0,10.0,157.23263321830737,1.4230488454564196,0.18365592614828458,0.18,False
prospective_75153522_target_anchor_51214531,75153522,51214531,BP.MMNB.DP2,BP.MMNB.40.DP2,BP.MMNB..DP2,40,,MMNB,DP2,250.0,5.0-20.0Hz,5.0,20.0,202.1193798281529,1.350124812238209,0.22480295664494887,0.196,False
prospective_75153522_target_anchor_51214531,75153522,51214531,BP.MMNB.DP2,BP.MMNB.40.DP2,BP.MMNB..DP2,40,,MMNB,DP2,250.0,10.0-40.0Hz,10.0,40.0,120.11096919598691,1.4232623354865148,0.195386179711412,-0.136,False
prospective_75153522_target_anchor_51214531,75153522,51214531,BP.MMNB.DP2,BP.MMNB.40.DP2,BP.MMNB..DP2,40,,MMNB,DP2,250.0,2.0-40.0Hz,2.0,40.0,150.8630541350125,1.4194157303047599,0.15963314051046182,0.496,False
prospective_75153522_target_anchor_51214531,75153522,51214531,BP.MMNB.DP3,BP.MMNB.40.DP3,BP.MMNB..DP3,40,,MMNB,DP3,250.0,2.0-10.0Hz,2.0,10.0,150.4108484801953,282.3426742836104,0.6569212550202376,-0.24,True
prospective_75153522_target_anchor_51214531,75153522,51214531,BP.MMNB.DP3,BP.MMNB.40.DP3,BP.MMNB..DP3,40,,MMNB,DP3,250.0,5.0-20.0Hz,5.0,20.0,293.31707279631144,473.97752818355235,0.6348061900744751,-0.244,True
prospective_75153522_target_anchor_51214531,75153522,51214531,BP.MMNB.DP3,BP.MMNB.40.DP3,BP.MMNB..DP3,40,,MMNB,DP3,250.0,10.0-40.0Hz,10.0,40.0,158.45225070179492,258.8886180931402,0.5496579189084331,-0.248,True
prospective_75153522_target_anchor_51214531,75153522,51214531,BP.MMNB.DP3,BP.MMNB.40.DP3,BP.MMNB..DP3,40,,MMNB,DP3,250.0,2.0-40.0Hz,2.0,40.0,164.52645368653424,299.57820056206003,0.6207749789496066,-0.244,True
prospective_75153522_target_anchor_51214531,75153522,51214531,BP.SCYB.DP1,BP.SCYB.40.DP1,BP.SCYB..DP1,40,,SCYB,DP1,250.0,2.0-10.0Hz,2.0,10.0,483.32887299266787,517.6734632416473,0.5068597798290522,-0.184,True
prospective_75153522_target_anchor_51214531,75153522,51214531,BP.SCYB.DP1,BP.SCYB.40.DP1,BP.SCYB..DP1,40,,SCYB,DP1,250.0,5.0-20.0Hz,5.0,20.0,660.2873052614303,662.4152485290651,0.3039700783248594,-0.2,True
prospective_75153522_target_anchor_51214531,75153522,51214531,BP.SCYB.DP1,BP.SCYB.40.DP1,BP.SCYB..DP1,40,,SCYB,DP1,250.0,10.0-40.0Hz,10.0,40.0,438.90522130047754,414.79960168393836,0.27107193158378956,-0.204,True
prospective_75153522_target_anchor_51214531,75153522,51214531,BP.SCYB.DP1,BP.SCYB.40.DP1,BP.SCYB..DP1,40,,SCYB,DP1,250.0,2.0-40.0Hz,2.0,40.0,487.80496970966766,491.82615972456796,0.39538766733032604,-0.196,True
prospective_75153522_target_anchor_51214531,75153522,51214531,BP.SCYB.DP2,BP.SCYB.40.DP2,BP.SCYB..DP2,40,,SCYB,DP2,250.0,2.0-10.0Hz,2.0,10.0,571.4969362130662,562.5451857757329,0.5606000371020168,-0.196,True
prospective_75153522_target_anchor_51214531,75153522,51214531,BP.SCYB.DP2,BP.SCYB.40.DP2,BP.SCYB..DP2,40,,SCYB,DP2,250.0,5.0-20.0Hz,5.0,20.0,679.8957980061074,631.6868184288742,0.4919038838306905,-0.204,True
prospective_75153522_target_anchor_51214531,75153522,51214531,BP.SCYB.DP2,BP.SCYB.40.DP2,BP.SCYB..DP2,40,,SCYB,DP2,250.0,10.0-40.0Hz,10.0,40.0,234.3268483235229,311.81948288235327,0.457466926367405,-0.212,True
prospective_75153522_target_anchor_51214531,75153522,51214531,BP.SCYB.DP2,BP.SCYB.40.DP2,BP.SCYB..DP2,40,,SCYB,DP2,250.0,2.0-40.0Hz,2.0,40.0,492.0129283234793,494.46348245811413,0.5003202819983515,-0.2,True
prospective_75153522_target_anchor_51214531,75153522,51214531,BP.SCYB.DP3,BP.SCYB.40.DP3,BP.SCYB..DP3,40,,SCYB,DP3,250.0,2.0-10.0Hz,2.0,10.0,609.6754570244709,436.1924627352675,0.6939442651679204,-0.192,True
prospective_75153522_target_anchor_51214531,75153522,51214531,BP.SCYB.DP3,BP.SCYB.40.DP3,BP.SCYB..DP3,40,,SCYB,DP3,250.0,5.0-20.0Hz,5.0,20.0,919.89462858584,587.3018560516831,0.6319969727652038,-0.196,True
prospective_75153522_target_anchor_51214531,75153522,51214531,BP.SCYB.DP3,BP.SCYB.40.DP3,BP.SCYB..DP3,40,,SCYB,DP3,250.0,10.0-40.0Hz,10.0,40.0,463.297086477724,355.83878381349894,0.5202097161664939,-0.2,True
prospective_75153522_target_anchor_51214531,75153522,51214531,BP.SCYB.DP3,BP.SCYB.40.DP3,BP.SCYB..DP3,40,,SCYB,DP3,250.0,2.0-40.0Hz,2.0,40.0,572.3378842496932,417.95847696962505,0.634373437249108,-0.196,True
prospective_75153522_target_anchor_51214531,75153522,51214531,BP.SMNB.DP1,BP.SMNB.40.DP1,BP.SMNB..DP1,40,,SMNB,DP1,250.0,2.0-10.0Hz,2.0,10.0,245.44630476257905,343.1880201436833,0.49037535669689447,-0.124,True
prospective_75153522_target_anchor_51214531,75153522,51214531,BP.SMNB.DP1,BP.SMNB.40.DP1,BP.SMNB..DP1,40,,SMNB,DP1,250.0,5.0-20.0Hz,5.0,20.0,491.66864697292095,560.9195675568909,0.25436285767666444,-0.112,True
prospective_75153522_target_anchor_51214531,75153522,51214531,BP.SMNB.DP1,BP.SMNB.40.DP1,BP.SMNB..DP1,40,,SMNB,DP1,250.0,10.0-40.0Hz,10.0,40.0,579.2110347959699,731.3951097287741,0.202354251031899,-0.008,True
prospective_75153522_target_anchor_51214531,75153522,51214531,BP.SMNB.DP1,BP.SMNB.40.DP1,BP.SMNB..DP1,40,,SMNB,DP1,250.0,2.0-40.0Hz,2.0,40.0,348.9333080555032,490.84063655956214,0.29476522628328866,-0.108,True
prospective_75153522_target_anchor_51214531,75153522,51214531,BP.SMNB.DP2,BP.SMNB.40.DP2,BP.SMNB..DP2,40,,SMNB,DP2,250.0,2.0-10.0Hz,2.0,10.0,285.1903843730098,278.46401456770406,0.4131737899721496,-0.12,True
prospective_75153522_target_anchor_51214531,75153522,51214531,BP.SMNB.DP2,BP.SMNB.40.DP2,BP.SMNB..DP2,40,,SMNB,DP2,250.0,5.0-20.0Hz,5.0,20.0,554.4517639448566,433.51323418540613,0.27051518020491294,0.26,True
prospective_75153522_target_anchor_51214531,75153522,51214531,BP.SMNB.DP2,BP.SMNB.40.DP2,BP.SMNB..DP2,40,,SMNB,DP2,250.0,10.0-40.0Hz,10.0,40.0,608.0841166245423,690.5292701823103,0.2333149629009725,0.0,True
prospective_75153522_target_anchor_51214531,75153522,51214531,BP.SMNB.DP2,BP.SMNB.40.DP2,BP.SMNB..DP2,40,,SMNB,DP2,250.0,2.0-40.0Hz,2.0,40.0,391.01428751935873,452.98726401797813,0.21329473742283353,-0.1,True
prospective_75153522_target_anchor_51214531,75153522,51214531,BP.SMNB.DP3,BP.SMNB.40.DP3,BP.SMNB..DP3,40,,SMNB,DP3,250.0,2.0-10.0Hz,2.0,10.0,237.11076236396852,249.39460950888613,0.6145738199032683,-0.112,True
prospective_75153522_target_anchor_51214531,75153522,51214531,BP.SMNB.DP3,BP.SMNB.40.DP3,BP.SMNB..DP3,40,,SMNB,DP3,250.0,5.0-20.0Hz,5.0,20.0,541.2127842025029,413.79602623080893,0.21288476875906823,-0.112,True
prospective_75153522_target_anchor_51214531,75153522,51214531,BP.SMNB.DP3,BP.SMNB.40.DP3,BP.SMNB..DP3,40,,SMNB,DP3,250.0,10.0-40.0Hz,10.0,40.0,685.4711145582421,701.1240573262513,0.1626488340246658,-0.164,True
prospective_75153522_target_anchor_51214531,75153522,51214531,BP.SMNB.DP3,BP.SMNB.40.DP3,BP.SMNB..DP3,40,,SMNB,DP3,250.0,2.0-40.0Hz,2.0,40.0,400.9212172873177,460.9928249966998,0.2163281700595336,-0.116,True
prospective_75153522_target_anchor_51214531,75153522,51214531,NC.PSM.EHE,NC.PSM..EHE,NC.PSM..EHE,,,PSM,EHE,100.0,2.0-10.0Hz,2.0,10.0,0.9696746353733536,390.9594468681369,0.15306318361032414,0.48,False
prospective_75153522_target_anchor_51214531,75153522,51214531,NC.PSM.EHE,NC.PSM..EHE,NC.PSM..EHE,,,PSM,EHE,100.0,5.0-20.0Hz,5.0,20.0,0.9312949956425075,433.3222950429251,0.13810278112402402,-0.48,False
prospective_75153522_target_anchor_51214531,75153522,51214531,NC.PSM.EHE,NC.PSM..EHE,NC.PSM..EHE,,,PSM,EHE,100.0,10.0-40.0Hz,10.0,40.0,0.9686109564793793,90.32376400482401,0.11620673552016211,-0.12,False
prospective_75153522_target_anchor_51214531,75153522,51214531,NC.PSM.EHE,NC.PSM..EHE,NC.PSM..EHE,,,PSM,EHE,100.0,2.0-40.0Hz,2.0,40.0,0.9652769958171912,325.86819643485256,0.09171891166755775,0.48,False
prospective_75153522_target_anchor_51214531,75153522,51214531,NC.PSM.EHN,NC.PSM..EHN,NC.PSM..EHN,,,PSM,EHN,100.0,2.0-10.0Hz,2.0,10.0,442.5838038492121,494.3037921622904,0.8337032722643559,0.11,True
prospective_75153522_target_anchor_51214531,75153522,51214531,NC.PSM.EHN,NC.PSM..EHN,NC.PSM..EHN,,,PSM,EHN,100.0,5.0-20.0Hz,5.0,20.0,258.94860671563237,255.68561449214928,0.5389791696225392,0.12,True
prospective_75153522_target_anchor_51214531,75153522,51214531,NC.PSM.EHN,NC.PSM..EHN,NC.PSM..EHN,,,PSM,EHN,100.0,10.0-40.0Hz,10.0,40.0,52.03075772545351,80.25149208677485,0.31662389593761375,0.03,True
prospective_75153522_target_anchor_51214531,75153522,51214531,NC.PSM.EHN,NC.PSM..EHN,NC.PSM..EHN,,,PSM,EHN,100.0,2.0-40.0Hz,2.0,40.0,287.66431941312936,352.73629224773254,0.8134046741500938,0.11,True
prospective_75153522_target_anchor_51214531,75153522,51214531,NC.PSM.EHZ,NC.PSM..EHZ,NC.PSM..EHZ,,,PSM,EHZ,100.0,2.0-10.0Hz,2.0,10.0,345.06263007613865,376.12827159932255,0.6653688778901153,0.12,True
prospective_75153522_target_anchor_51214531,75153522,51214531,NC.PSM.EHZ,NC.PSM..EHZ,NC.PSM..EHZ,,,PSM,EHZ,100.0,5.0-20.0Hz,5.0,20.0,254.50324968591713,323.9281508588862,0.46569361958943073,0.12,True
prospective_75153522_target_anchor_51214531,75153522,51214531,NC.PSM.EHZ,NC.PSM..EHZ,NC.PSM..EHZ,,,PSM,EHZ,100.0,10.0-40.0Hz,10.0,40.0,61.81337981107511,79.53030582161814,0.4600008392832943,0.12,True
prospective_75153522_target_anchor_51214531,75153522,51214531,NC.PSM.EHZ,NC.PSM..EHZ,NC.PSM..EHZ,,,PSM,EHZ,100.0,2.0-40.0Hz,2.0,40.0,237.68348478320334,283.0698142538141,0.6508295696129436,0.12,True
prospective_75153522_target_anchor_71325295,75153522,71325295,BP.CCRB.DP1,BP.CCRB.40.DP1,BP.CCRB..DP1,40,,CCRB,DP1,250.0,2.0-10.0Hz,2.0,10.0,38.409909229102276,449.6484609667283,0.5713524610468214,-0.112,True
prospective_75153522_target_anchor_71325295,75153522,71325295,BP.CCRB.DP1,BP.CCRB.40.DP1,BP.CCRB..DP1,40,,CCRB,DP1,250.0,5.0-20.0Hz,5.0,20.0,220.79846431514625,1371.290865320116,0.8209498973575488,-0.116,True
prospective_75153522_target_anchor_71325295,75153522,71325295,BP.CCRB.DP1,BP.CCRB.40.DP1,BP.CCRB..DP1,40,,CCRB,DP1,250.0,10.0-40.0Hz,10.0,40.0,406.166220481448,1821.7903237665805,0.8582169413879616,-0.12,True
prospective_75153522_target_anchor_71325295,75153522,71325295,BP.CCRB.DP1,BP.CCRB.40.DP1,BP.CCRB..DP1,40,,CCRB,DP1,250.0,2.0-40.0Hz,2.0,40.0,118.23714851050774,1255.4311369105546,0.8256414284973725,-0.12,True
prospective_75153522_target_anchor_71325295,75153522,71325295,BP.CCRB.DP2,BP.CCRB.40.DP2,BP.CCRB..DP2,40,,CCRB,DP2,250.0,2.0-10.0Hz,2.0,10.0,48.627161600079994,445.94646319818867,0.47130549835981683,-0.208,True
prospective_75153522_target_anchor_71325295,75153522,71325295,BP.CCRB.DP2,BP.CCRB.40.DP2,BP.CCRB..DP2,40,,CCRB,DP2,250.0,5.0-20.0Hz,5.0,20.0,109.56686123460094,727.1530107480571,0.36518528550820173,-0.192,True
prospective_75153522_target_anchor_71325295,75153522,71325295,BP.CCRB.DP2,BP.CCRB.40.DP2,BP.CCRB..DP2,40,,CCRB,DP2,250.0,10.0-40.0Hz,10.0,40.0,147.67259433984847,634.6406186971716,0.4479742946942963,-0.116,True
prospective_75153522_target_anchor_71325295,75153522,71325295,BP.CCRB.DP2,BP.CCRB.40.DP2,BP.CCRB..DP2,40,,CCRB,DP2,250.0,2.0-40.0Hz,2.0,40.0,65.48682747664624,552.1731300911275,0.31147451444906815,-0.196,True
prospective_75153522_target_anchor_71325295,75153522,71325295,BP.CCRB.DP3,BP.CCRB.40.DP3,BP.CCRB..DP3,40,,CCRB,DP3,250.0,2.0-10.0Hz,2.0,10.0,49.64728319987919,409.73164334186356,0.32297377242912656,-0.12,True
prospective_75153522_target_anchor_71325295,75153522,71325295,BP.CCRB.DP3,BP.CCRB.40.DP3,BP.CCRB..DP3,40,,CCRB,DP3,250.0,5.0-20.0Hz,5.0,20.0,165.59908507907218,798.1618982538753,0.4920746959911591,-0.116,True
prospective_75153522_target_anchor_71325295,75153522,71325295,BP.CCRB.DP3,BP.CCRB.40.DP3,BP.CCRB..DP3,40,,CCRB,DP3,250.0,10.0-40.0Hz,10.0,40.0,217.13307935338108,892.1746092152237,0.6775169105300237,-0.12,True
prospective_75153522_target_anchor_71325295,75153522,71325295,BP.CCRB.DP3,BP.CCRB.40.DP3,BP.CCRB..DP3,40,,CCRB,DP3,250.0,2.0-40.0Hz,2.0,40.0,79.47853790307082,647.2913949068098,0.5239882101230221,-0.12,True
prospective_75153522_target_anchor_71325295,75153522,71325295,BP.EADB.DP1,BP.EADB.40.DP1,BP.EADB..DP1,40,,EADB,DP1,250.0,2.0-10.0Hz,2.0,10.0,18.703093445060684,87.84596471128526,0.49598367188463327,-0.176,True
prospective_75153522_target_anchor_71325295,75153522,71325295,BP.EADB.DP1,BP.EADB.40.DP1,BP.EADB..DP1,40,,EADB,DP1,250.0,5.0-20.0Hz,5.0,20.0,20.793304326443543,81.12447627367874,0.39186902613329805,0.176,True
prospective_75153522_target_anchor_71325295,75153522,71325295,BP.EADB.DP1,BP.EADB.40.DP1,BP.EADB..DP1,40,,EADB,DP1,250.0,10.0-40.0Hz,10.0,40.0,13.721337693669971,34.251350881794494,0.35646853653756033,-0.132,True
prospective_75153522_target_anchor_71325295,75153522,71325295,BP.EADB.DP1,BP.EADB.40.DP1,BP.EADB..DP1,40,,EADB,DP1,250.0,2.0-40.0Hz,2.0,40.0,17.94434174681031,73.82759384958995,0.44199043697955237,-0.172,True
prospective_75153522_target_anchor_71325295,75153522,71325295,BP.EADB.DP2,BP.EADB.40.DP2,BP.EADB..DP2,40,,EADB,DP2,250.0,2.0-10.0Hz,2.0,10.0,44.999204770051826,147.06876109255774,0.7395926592200728,-0.184,True
prospective_75153522_target_anchor_71325295,75153522,71325295,BP.EADB.DP2,BP.EADB.40.DP2,BP.EADB..DP2,40,,EADB,DP2,250.0,5.0-20.0Hz,5.0,20.0,15.524576673654382,98.76288442923212,0.4795874579544556,-0.364,True
prospective_75153522_target_anchor_71325295,75153522,71325295,BP.EADB.DP2,BP.EADB.40.DP2,BP.EADB..DP2,40,,EADB,DP2,250.0,10.0-40.0Hz,10.0,40.0,5.440909420921906,36.486782736956904,0.37872748783622634,-0.132,True
prospective_75153522_target_anchor_71325295,75153522,71325295,BP.EADB.DP2,BP.EADB.40.DP2,BP.EADB..DP2,40,,EADB,DP2,250.0,2.0-40.0Hz,2.0,40.0,25.552772487255048,110.29151075153057,0.6888811311023169,-0.184,True
prospective_75153522_target_anchor_71325295,75153522,71325295,BP.EADB.DP3,BP.EADB.40.DP3,BP.EADB..DP3,40,,EADB,DP3,250.0,2.0-10.0Hz,2.0,10.0,44.67415457189191,100.89409436979197,0.7374139985699719,-0.192,True
prospective_75153522_target_anchor_71325295,75153522,71325295,BP.EADB.DP3,BP.EADB.40.DP3,BP.EADB..DP3,40,,EADB,DP3,250.0,5.0-20.0Hz,5.0,20.0,14.48262538703522,59.371449506542895,0.43698143211910634,-0.364,True
prospective_75153522_target_anchor_71325295,75153522,71325295,BP.EADB.DP3,BP.EADB.40.DP3,BP.EADB..DP3,40,,EADB,DP3,250.0,10.0-40.0Hz,10.0,40.0,7.128104259855315,21.501028740813823,0.3477893459414424,-0.124,True
prospective_75153522_target_anchor_71325295,75153522,71325295,BP.EADB.DP3,BP.EADB.40.DP3,BP.EADB..DP3,40,,EADB,DP3,250.0,2.0-40.0Hz,2.0,40.0,32.59123815493523,69.88243515294619,0.6824212310074225,-0.192,True
prospective_75153522_target_anchor_71325295,75153522,71325295,BP.FROB.DP1,BP.FROB.40.DP1,BP.FROB..DP1,40,,FROB,DP1,250.0,2.0-10.0Hz,2.0,10.0,7.91399984668251,91.49948102736009,0.3487829566355976,-0.192,True
prospective_75153522_target_anchor_71325295,75153522,71325295,BP.FROB.DP1,BP.FROB.40.DP1,BP.FROB..DP1,40,,FROB,DP1,250.0,5.0-20.0Hz,5.0,20.0,13.747073237840448,166.04384042523523,0.301742900550466,-0.192,True
prospective_75153522_target_anchor_71325295,75153522,71325295,BP.FROB.DP1,BP.FROB.40.DP1,BP.FROB..DP1,40,,FROB,DP1,250.0,10.0-40.0Hz,10.0,40.0,13.65694765770038,187.16216026017244,0.21865606739977111,-0.124,True
prospective_75153522_target_anchor_71325295,75153522,71325295,BP.FROB.DP1,BP.FROB.40.DP1,BP.FROB..DP1,40,,FROB,DP1,250.0,2.0-40.0Hz,2.0,40.0,10.923044903447382,137.1113623397362,0.25035044853902944,-0.196,True
prospective_75153522_target_anchor_71325295,75153522,71325295,BP.FROB.DP2,BP.FROB.40.DP2,BP.FROB..DP2,40,,FROB,DP2,250.0,2.0-10.0Hz,2.0,10.0,7.5245490660295875,93.30964788728548,0.36997761003692153,-0.208,True
prospective_75153522_target_anchor_71325295,75153522,71325295,BP.FROB.DP2,BP.FROB.40.DP2,BP.FROB..DP2,40,,FROB,DP2,250.0,5.0-20.0Hz,5.0,20.0,13.477460073012738,167.1983236464041,0.23639882099294565,-0.196,True
prospective_75153522_target_anchor_71325295,75153522,71325295,BP.FROB.DP2,BP.FROB.40.DP2,BP.FROB..DP2,40,,FROB,DP2,250.0,10.0-40.0Hz,10.0,40.0,12.766414787862736,182.85438564138207,0.22693893782280714,-0.12,True
prospective_75153522_target_anchor_71325295,75153522,71325295,BP.FROB.DP2,BP.FROB.40.DP2,BP.FROB..DP2,40,,FROB,DP2,250.0,2.0-40.0Hz,2.0,40.0,10.52497115507006,140.66438848111468,0.17096660059733387,-0.204,True
prospective_75153522_target_anchor_71325295,75153522,71325295,BP.FROB.DP3,BP.FROB.40.DP3,BP.FROB..DP3,40,,FROB,DP3,250.0,2.0-10.0Hz,2.0,10.0,9.817376665828174,135.50397346412765,0.5110317595792219,-0.18,True
prospective_75153522_target_anchor_71325295,75153522,71325295,BP.FROB.DP3,BP.FROB.40.DP3,BP.FROB..DP3,40,,FROB,DP3,250.0,5.0-20.0Hz,5.0,20.0,12.100351759630108,167.24778509627473,0.39508874130419924,-0.18,True
prospective_75153522_target_anchor_71325295,75153522,71325295,BP.FROB.DP3,BP.FROB.40.DP3,BP.FROB..DP3,40,,FROB,DP3,250.0,10.0-40.0Hz,10.0,40.0,9.853618241711544,143.68231756290203,0.14305168293104695,0.308,True
prospective_75153522_target_anchor_71325295,75153522,71325295,BP.FROB.DP3,BP.FROB.40.DP3,BP.FROB..DP3,40,,FROB,DP3,250.0,2.0-40.0Hz,2.0,40.0,9.992241052055737,140.97679046939325,0.3228084168795656,-0.18,True
prospective_75153522_target_anchor_71325295,75153522,71325295,BP.GHIB.DP1,BP.GHIB.40.DP1,BP.GHIB..DP1,40,,GHIB,DP1,250.0,2.0-10.0Hz,2.0,10.0,6.010282345998465,6.755865099159113,0.2940191113698331,0.396,True
prospective_75153522_target_anchor_71325295,75153522,71325295,BP.GHIB.DP1,BP.GHIB.40.DP1,BP.GHIB..DP1,40,,GHIB,DP1,250.0,5.0-20.0Hz,5.0,20.0,7.112077770148491,10.578696864301103,0.2880217254693257,0.396,True
prospective_75153522_target_anchor_71325295,75153522,71325295,BP.GHIB.DP1,BP.GHIB.40.DP1,BP.GHIB..DP1,40,,GHIB,DP1,250.0,10.0-40.0Hz,10.0,40.0,4.917519551125327,10.403315224714929,0.2870254569211542,0.016,True
prospective_75153522_target_anchor_71325295,75153522,71325295,BP.GHIB.DP1,BP.GHIB.40.DP1,BP.GHIB..DP1,40,,GHIB,DP1,250.0,2.0-40.0Hz,2.0,40.0,5.77176128519032,7.607896516456593,0.282083077335665,0.396,True
prospective_75153522_target_anchor_71325295,75153522,71325295,BP.GHIB.DP3,BP.GHIB.40.DP3,BP.GHIB..DP3,40,,GHIB,DP3,250.0,2.0-10.0Hz,2.0,10.0,1.1150692001528721,7.978437607412731,0.22707741773575754,-0.116,False
prospective_75153522_target_anchor_71325295,75153522,71325295,BP.GHIB.DP3,BP.GHIB.40.DP3,BP.GHIB..DP3,40,,GHIB,DP3,250.0,5.0-20.0Hz,5.0,20.0,1.2332964679749836,10.207106427301083,0.21088983924150034,0.008,False
prospective_75153522_target_anchor_71325295,75153522,71325295,BP.GHIB.DP3,BP.GHIB.40.DP3,BP.GHIB..DP3,40,,GHIB,DP3,250.0,10.0-40.0Hz,10.0,40.0,1.1242483173637872,8.357909346556536,0.18526273161308346,-0.06,False
prospective_75153522_target_anchor_71325295,75153522,71325295,BP.GHIB.DP3,BP.GHIB.40.DP3,BP.GHIB..DP3,40,,GHIB,DP3,250.0,2.0-40.0Hz,2.0,40.0,1.1375042418919683,8.313309855546727,0.16969428051873556,-0.116,False
prospective_75153522_target_anchor_71325295,75153522,71325295,BP.JCSB.DP1,BP.JCSB.40.DP1,BP.JCSB..DP1,40,,JCSB,DP1,250.0,2.0-10.0Hz,2.0,10.0,17.77472854201684,399.29429828758606,0.7976669896516949,-0.216,True
prospective_75153522_target_anchor_71325295,75153522,71325295,BP.JCSB.DP1,BP.JCSB.40.DP1,BP.JCSB..DP1,40,,JCSB,DP1,250.0,5.0-20.0Hz,5.0,20.0,9.733408276564143,353.2275084601719,0.42815688963231774,-0.216,True
prospective_75153522_target_anchor_71325295,75153522,71325295,BP.JCSB.DP1,BP.JCSB.40.DP1,BP.JCSB..DP1,40,,JCSB,DP1,250.0,10.0-40.0Hz,10.0,40.0,12.483854453552683,240.22588451531385,0.39153510542478687,-0.144,True
prospective_75153522_target_anchor_71325295,75153522,71325295,BP.JCSB.DP1,BP.JCSB.40.DP1,BP.JCSB..DP1,40,,JCSB,DP1,250.0,2.0-40.0Hz,2.0,40.0,13.490833818334343,335.92085581488556,0.6218350700867455,-0.216,True
prospective_75153522_target_anchor_71325295,75153522,71325295,BP.JCSB.DP2,BP.JCSB.40.DP2,BP.JCSB..DP2,40,,JCSB,DP2,250.0,2.0-10.0Hz,2.0,10.0,1.2793771645315422,3.8892783507216553,0.4192722269355655,-0.208,False
prospective_75153522_target_anchor_71325295,75153522,71325295,BP.JCSB.DP2,BP.JCSB.40.DP2,BP.JCSB..DP2,40,,JCSB,DP2,250.0,5.0-20.0Hz,5.0,20.0,2.952704458089931,7.234637266020574,0.36578529667830056,-0.136,False
prospective_75153522_target_anchor_71325295,75153522,71325295,BP.JCSB.DP2,BP.JCSB.40.DP2,BP.JCSB..DP2,40,,JCSB,DP2,250.0,10.0-40.0Hz,10.0,40.0,3.6613454487209376,9.452578342600251,0.4188718472629046,-0.128,True
prospective_75153522_target_anchor_71325295,75153522,71325295,BP.JCSB.DP2,BP.JCSB.40.DP2,BP.JCSB..DP2,40,,JCSB,DP2,250.0,2.0-40.0Hz,2.0,40.0,2.398028323693038,7.770828594286557,0.321016277830137,-0.128,False
prospective_75153522_target_anchor_71325295,75153522,71325295,BP.JCSB.DP3,BP.JCSB.40.DP3,BP.JCSB..DP3,40,,JCSB,DP3,250.0,2.0-10.0Hz,2.0,10.0,3.255436409084211,10.051095275763648,0.614387509680118,-0.208,True
prospective_75153522_target_anchor_71325295,75153522,71325295,BP.JCSB.DP3,BP.JCSB.40.DP3,BP.JCSB..DP3,40,,JCSB,DP3,250.0,5.0-20.0Hz,5.0,20.0,5.130252141904354,15.46511122368312,0.3921910601343476,-0.204,True
prospective_75153522_target_anchor_71325295,75153522,71325295,BP.JCSB.DP3,BP.JCSB.40.DP3,BP.JCSB..DP3,40,,JCSB,DP3,250.0,10.0-40.0Hz,10.0,40.0,5.698772735976047,15.789308103469992,0.36876509901421195,-0.136,True
prospective_75153522_target_anchor_71325295,75153522,71325295,BP.JCSB.DP3,BP.JCSB.40.DP3,BP.JCSB..DP3,40,,JCSB,DP3,250.0,2.0-40.0Hz,2.0,40.0,4.6466510076774155,14.190967096525261,0.2517632354718059,-0.08,True
prospective_75153522_target_anchor_71325295,75153522,71325295,BP.LCCB.DP1,BP.LCCB.40.DP1,BP.LCCB..DP1,40,,LCCB,DP1,250.0,2.0-10.0Hz,2.0,10.0,412.2847960287881,537.2039509573764,0.7633165286738304,-0.208,True
prospective_75153522_target_anchor_71325295,75153522,71325295,BP.LCCB.DP1,BP.LCCB.40.DP1,BP.LCCB..DP1,40,,LCCB,DP1,250.0,5.0-20.0Hz,5.0,20.0,611.4410490270153,868.9542497427905,0.7158324957684437,-0.212,True
prospective_75153522_target_anchor_71325295,75153522,71325295,BP.LCCB.DP1,BP.LCCB.40.DP1,BP.LCCB..DP1,40,,LCCB,DP1,250.0,10.0-40.0Hz,10.0,40.0,364.57418468858253,795.5449099077885,0.6327901632783718,-0.212,True
prospective_75153522_target_anchor_71325295,75153522,71325295,BP.LCCB.DP1,BP.LCCB.40.DP1,BP.LCCB..DP1,40,,LCCB,DP1,250.0,2.0-40.0Hz,2.0,40.0,414.60859318024876,617.4389858378024,0.6956626145497726,-0.212,True
prospective_75153522_target_anchor_71325295,75153522,71325295,BP.LCCB.DP2,BP.LCCB.40.DP2,BP.LCCB..DP2,40,,LCCB,DP2,250.0,2.0-10.0Hz,2.0,10.0,89.11972577410475,323.7402669301556,0.8592491216002857,-0.22,True
prospective_75153522_target_anchor_71325295,75153522,71325295,BP.LCCB.DP2,BP.LCCB.40.DP2,BP.LCCB..DP2,40,,LCCB,DP2,250.0,5.0-20.0Hz,5.0,20.0,110.03998202296259,341.6027698766219,0.5539208125246705,-0.212,True
prospective_75153522_target_anchor_71325295,75153522,71325295,BP.LCCB.DP2,BP.LCCB.40.DP2,BP.LCCB..DP2,40,,LCCB,DP2,250.0,10.0-40.0Hz,10.0,40.0,69.27032139971409,222.41161165053344,0.36676165986562004,-0.136,True
prospective_75153522_target_anchor_71325295,75153522,71325295,BP.LCCB.DP2,BP.LCCB.40.DP2,BP.LCCB..DP2,40,,LCCB,DP2,250.0,2.0-40.0Hz,2.0,40.0,78.24979443429474,261.26930779103395,0.45446233488498117,-0.212,True
prospective_75153522_target_anchor_71325295,75153522,71325295,BP.LCCB.DP3,BP.LCCB.40.DP3,BP.LCCB..DP3,40,,LCCB,DP3,250.0,2.0-10.0Hz,2.0,10.0,413.6442288161517,609.9871443796446,0.6904823861445504,-0.204,True
prospective_75153522_target_anchor_71325295,75153522,71325295,BP.LCCB.DP3,BP.LCCB.40.DP3,BP.LCCB..DP3,40,,LCCB,DP3,250.0,5.0-20.0Hz,5.0,20.0,604.2188948045488,853.1712166217225,0.5280119250715702,-0.212,True
prospective_75153522_target_anchor_71325295,75153522,71325295,BP.LCCB.DP3,BP.LCCB.40.DP3,BP.LCCB..DP3,40,,LCCB,DP3,250.0,10.0-40.0Hz,10.0,40.0,328.48478943296,677.6028408113793,0.47278911879950686,-0.132,True
prospective_75153522_target_anchor_71325295,75153522,71325295,BP.LCCB.DP3,BP.LCCB.40.DP3,BP.LCCB..DP3,40,,LCCB,DP3,250.0,2.0-40.0Hz,2.0,40.0,405.64735464030304,652.1045209702198,0.5778947609857967,-0.208,True
prospective_75153522_target_anchor_71325295,75153522,71325295,BP.MMNB.DP1,BP.MMNB.40.DP1,BP.MMNB..DP1,40,,MMNB,DP1,250.0,2.0-10.0Hz,2.0,10.0,154.59364565667735,1.1900557817948134,0.13354525718128982,-0.004,False
prospective_75153522_target_anchor_71325295,75153522,71325295,BP.MMNB.DP1,BP.MMNB.40.DP1,BP.MMNB..DP1,40,,MMNB,DP1,250.0,5.0-20.0Hz,5.0,20.0,195.15026792589998,1.1175572991879594,0.08160489043693953,-0.392,False
prospective_75153522_target_anchor_71325295,75153522,71325295,BP.MMNB.DP1,BP.MMNB.40.DP1,BP.MMNB..DP1,40,,MMNB,DP1,250.0,10.0-40.0Hz,10.0,40.0,103.4354288389121,1.03219761170779,0.07875075366794983,-0.388,False
prospective_75153522_target_anchor_71325295,75153522,71325295,BP.MMNB.DP1,BP.MMNB.40.DP1,BP.MMNB..DP1,40,,MMNB,DP1,250.0,2.0-40.0Hz,2.0,40.0,146.29408962315154,1.1000019297259143,0.0815023234977382,0.0,False
prospective_75153522_target_anchor_71325295,75153522,71325295,BP.MMNB.DP2,BP.MMNB.40.DP2,BP.MMNB..DP2,40,,MMNB,DP2,250.0,2.0-10.0Hz,2.0,10.0,157.23263321830737,0.7710841612594234,0.06562070663084074,0.46,False
prospective_75153522_target_anchor_71325295,75153522,71325295,BP.MMNB.DP2,BP.MMNB.40.DP2,BP.MMNB..DP2,40,,MMNB,DP2,250.0,5.0-20.0Hz,5.0,20.0,202.1193798281529,0.9215878350336122,0.08342980719927479,0.172,False
prospective_75153522_target_anchor_71325295,75153522,71325295,BP.MMNB.DP2,BP.MMNB.40.DP2,BP.MMNB..DP2,40,,MMNB,DP2,250.0,10.0-40.0Hz,10.0,40.0,120.11096919598691,1.0009103200922262,0.07419105752318192,0.264,False
prospective_75153522_target_anchor_71325295,75153522,71325295,BP.MMNB.DP2,BP.MMNB.40.DP2,BP.MMNB..DP2,40,,MMNB,DP2,250.0,2.0-40.0Hz,2.0,40.0,150.8630541350125,0.8082037091272039,0.05254457724734739,0.176,False
prospective_75153522_target_anchor_71325295,75153522,71325295,BP.MMNB.DP3,BP.MMNB.40.DP3,BP.MMNB..DP3,40,,MMNB,DP3,250.0,2.0-10.0Hz,2.0,10.0,150.4108484801953,0.6593401479807772,0.17553489103984465,-0.224,False
prospective_75153522_target_anchor_71325295,75153522,71325295,BP.MMNB.DP3,BP.MMNB.40.DP3,BP.MMNB..DP3,40,,MMNB,DP3,250.0,5.0-20.0Hz,5.0,20.0,293.31707279631144,0.8898043137841036,0.1019142499931211,0.272,False
prospective_75153522_target_anchor_71325295,75153522,71325295,BP.MMNB.DP3,BP.MMNB.40.DP3,BP.MMNB..DP3,40,,MMNB,DP3,250.0,10.0-40.0Hz,10.0,40.0,158.45225070179492,1.041314192715503,0.0649310861513963,0.264,False
prospective_75153522_target_anchor_71325295,75153522,71325295,BP.MMNB.DP3,BP.MMNB.40.DP3,BP.MMNB..DP3,40,,MMNB,DP3,250.0,2.0-40.0Hz,2.0,40.0,164.52645368653424,0.8531828888112479,0.08970414565905002,-0.22,False
prospective_75153522_target_anchor_71325295,75153522,71325295,BP.SCYB.DP1,BP.SCYB.40.DP1,BP.SCYB..DP1,40,,SCYB,DP1,250.0,2.0-10.0Hz,2.0,10.0,483.32887299266787,666.9106970418773,0.507086612158739,-0.18,True
prospective_75153522_target_anchor_71325295,75153522,71325295,BP.SCYB.DP1,BP.SCYB.40.DP1,BP.SCYB..DP1,40,,SCYB,DP1,250.0,5.0-20.0Hz,5.0,20.0,660.2873052614303,761.0777521662202,0.30441136692744325,-0.196,True
prospective_75153522_target_anchor_71325295,75153522,71325295,BP.SCYB.DP1,BP.SCYB.40.DP1,BP.SCYB..DP1,40,,SCYB,DP1,250.0,10.0-40.0Hz,10.0,40.0,438.90522130047754,458.59070278783304,0.27273998706586733,-0.196,True
prospective_75153522_target_anchor_71325295,75153522,71325295,BP.SCYB.DP1,BP.SCYB.40.DP1,BP.SCYB..DP1,40,,SCYB,DP1,250.0,2.0-40.0Hz,2.0,40.0,487.80496970966766,589.9714142302165,0.39464343411046793,-0.192,True
prospective_75153522_target_anchor_71325295,75153522,71325295,BP.SCYB.DP2,BP.SCYB.40.DP2,BP.SCYB..DP2,40,,SCYB,DP2,250.0,2.0-10.0Hz,2.0,10.0,571.4969362130662,682.1958923661084,0.5646000496599527,-0.188,True
prospective_75153522_target_anchor_71325295,75153522,71325295,BP.SCYB.DP2,BP.SCYB.40.DP2,BP.SCYB..DP2,40,,SCYB,DP2,250.0,5.0-20.0Hz,5.0,20.0,679.8957980061074,690.3561888224922,0.4902144851090746,-0.2,True
prospective_75153522_target_anchor_71325295,75153522,71325295,BP.SCYB.DP2,BP.SCYB.40.DP2,BP.SCYB..DP2,40,,SCYB,DP2,250.0,10.0-40.0Hz,10.0,40.0,234.3268483235229,356.4670471709524,0.4570050811314089,-0.208,True
prospective_75153522_target_anchor_71325295,75153522,71325295,BP.SCYB.DP2,BP.SCYB.40.DP2,BP.SCYB..DP2,40,,SCYB,DP2,250.0,2.0-40.0Hz,2.0,40.0,492.0129283234793,524.3527407087028,0.5012694627722494,-0.196,True
prospective_75153522_target_anchor_71325295,75153522,71325295,BP.SCYB.DP3,BP.SCYB.40.DP3,BP.SCYB..DP3,40,,SCYB,DP3,250.0,2.0-10.0Hz,2.0,10.0,609.6754570244709,370.7526905079964,0.6930417936059978,-0.184,True
prospective_75153522_target_anchor_71325295,75153522,71325295,BP.SCYB.DP3,BP.SCYB.40.DP3,BP.SCYB..DP3,40,,SCYB,DP3,250.0,5.0-20.0Hz,5.0,20.0,919.89462858584,501.4014262245506,0.6303013231364913,-0.188,True
prospective_75153522_target_anchor_71325295,75153522,71325295,BP.SCYB.DP3,BP.SCYB.40.DP3,BP.SCYB..DP3,40,,SCYB,DP3,250.0,10.0-40.0Hz,10.0,40.0,463.297086477724,326.6778930079351,0.5215870958636457,-0.192,True
prospective_75153522_target_anchor_71325295,75153522,71325295,BP.SCYB.DP3,BP.SCYB.40.DP3,BP.SCYB..DP3,40,,SCYB,DP3,250.0,2.0-40.0Hz,2.0,40.0,572.3378842496932,340.8126293784778,0.6324099379531231,-0.188,True
prospective_75153522_target_anchor_71325295,75153522,71325295,BP.SMNB.DP1,BP.SMNB.40.DP1,BP.SMNB..DP1,40,,SMNB,DP1,250.0,2.0-10.0Hz,2.0,10.0,245.44630476257905,591.0472670100794,0.5079223243551386,-0.116,True
prospective_75153522_target_anchor_71325295,75153522,71325295,BP.SMNB.DP1,BP.SMNB.40.DP1,BP.SMNB..DP1,40,,SMNB,DP1,250.0,5.0-20.0Hz,5.0,20.0,491.66864697292095,971.4048280608733,0.26890124235029855,-0.108,True
prospective_75153522_target_anchor_71325295,75153522,71325295,BP.SMNB.DP1,BP.SMNB.40.DP1,BP.SMNB..DP1,40,,SMNB,DP1,250.0,10.0-40.0Hz,10.0,40.0,579.2110347959699,1145.781674770525,0.2100023103101067,0.0,True
prospective_75153522_target_anchor_71325295,75153522,71325295,BP.SMNB.DP1,BP.SMNB.40.DP1,BP.SMNB..DP1,40,,SMNB,DP1,250.0,2.0-40.0Hz,2.0,40.0,348.9333080555032,827.9659106417006,0.30491794666765476,-0.104,True
prospective_75153522_target_anchor_71325295,75153522,71325295,BP.SMNB.DP2,BP.SMNB.40.DP2,BP.SMNB..DP2,40,,SMNB,DP2,250.0,2.0-10.0Hz,2.0,10.0,285.1903843730098,481.4684306995668,0.413583434149903,-0.112,True
prospective_75153522_target_anchor_71325295,75153522,71325295,BP.SMNB.DP2,BP.SMNB.40.DP2,BP.SMNB..DP2,40,,SMNB,DP2,250.0,5.0-20.0Hz,5.0,20.0,554.4517639448566,1083.1769800696034,0.26964791421419654,0.264,True
prospective_75153522_target_anchor_71325295,75153522,71325295,BP.SMNB.DP2,BP.SMNB.40.DP2,BP.SMNB..DP2,40,,SMNB,DP2,250.0,10.0-40.0Hz,10.0,40.0,608.0841166245423,1332.9721567957424,0.23879487590908177,0.008,True
prospective_75153522_target_anchor_71325295,75153522,71325295,BP.SMNB.DP2,BP.SMNB.40.DP2,BP.SMNB..DP2,40,,SMNB,DP2,250.0,2.0-40.0Hz,2.0,40.0,391.01428751935873,840.0210950137747,0.21549327638812857,-0.096,True
prospective_75153522_target_anchor_71325295,75153522,71325295,BP.SMNB.DP3,BP.SMNB.40.DP3,BP.SMNB..DP3,40,,SMNB,DP3,250.0,2.0-10.0Hz,2.0,10.0,237.11076236396852,462.167197862632,0.6214381998911561,-0.104,True
prospective_75153522_target_anchor_71325295,75153522,71325295,BP.SMNB.DP3,BP.SMNB.40.DP3,BP.SMNB..DP3,40,,SMNB,DP3,250.0,5.0-20.0Hz,5.0,20.0,541.2127842025029,948.4858652633109,0.22710111078821968,-0.108,True
prospective_75153522_target_anchor_71325295,75153522,71325295,BP.SMNB.DP3,BP.SMNB.40.DP3,BP.SMNB..DP3,40,,SMNB,DP3,250.0,10.0-40.0Hz,10.0,40.0,685.4711145582421,1248.1528115035235,0.14727648439947116,-0.16,True
prospective_75153522_target_anchor_71325295,75153522,71325295,BP.SMNB.DP3,BP.SMNB.40.DP3,BP.SMNB..DP3,40,,SMNB,DP3,250.0,2.0-40.0Hz,2.0,40.0,400.9212172873177,876.4096111143489,0.22252377339875984,-0.108,True
prospective_75153522_target_anchor_71325295,75153522,71325295,NC.PSM.EHE,NC.PSM..EHE,NC.PSM..EHE,,,PSM,EHE,100.0,2.0-10.0Hz,2.0,10.0,0.9696746353733536,397.6430352101781,0.16734801440418148,0.48,False
prospective_75153522_target_anchor_71325295,75153522,71325295,NC.PSM.EHE,NC.PSM..EHE,NC.PSM..EHE,,,PSM,EHE,100.0,5.0-20.0Hz,5.0,20.0,0.9312949956425075,327.95006926181384,0.133949394333349,-0.47,False
prospective_75153522_target_anchor_71325295,75153522,71325295,NC.PSM.EHE,NC.PSM..EHE,NC.PSM..EHE,,,PSM,EHE,100.0,10.0-40.0Hz,10.0,40.0,0.9686109564793793,55.53889077783409,0.11163000265050037,-0.11,False
prospective_75153522_target_anchor_71325295,75153522,71325295,NC.PSM.EHE,NC.PSM..EHE,NC.PSM..EHE,,,PSM,EHE,100.0,2.0-40.0Hz,2.0,40.0,0.9652769958171912,262.82521059536055,0.09612912287630677,0.49,False
prospective_75153522_target_anchor_71325295,75153522,71325295,NC.PSM.EHN,NC.PSM..EHN,NC.PSM..EHN,,,PSM,EHN,100.0,2.0-10.0Hz,2.0,10.0,442.5838038492121,447.9409154918301,0.8539745616517,0.12,True
prospective_75153522_target_anchor_71325295,75153522,71325295,NC.PSM.EHN,NC.PSM..EHN,NC.PSM..EHN,,,PSM,EHN,100.0,5.0-20.0Hz,5.0,20.0,258.94860671563237,194.68348573797067,0.5802507751284991,0.13,True
prospective_75153522_target_anchor_71325295,75153522,71325295,NC.PSM.EHN,NC.PSM..EHN,NC.PSM..EHN,,,PSM,EHN,100.0,10.0-40.0Hz,10.0,40.0,52.03075772545351,51.362136381335105,0.31426254420151556,0.04,True
prospective_75153522_target_anchor_71325295,75153522,71325295,NC.PSM.EHN,NC.PSM..EHN,NC.PSM..EHN,,,PSM,EHN,100.0,2.0-40.0Hz,2.0,40.0,287.66431941312936,264.38857497625435,0.8348291153619781,0.12,True
prospective_75153522_target_anchor_71325295,75153522,71325295,NC.PSM.EHZ,NC.PSM..EHZ,NC.PSM..EHZ,,,PSM,EHZ,100.0,2.0-10.0Hz,2.0,10.0,345.06263007613865,383.5466359177981,0.6948633858294685,0.12,True
prospective_75153522_target_anchor_71325295,75153522,71325295,NC.PSM.EHZ,NC.PSM..EHZ,NC.PSM..EHZ,,,PSM,EHZ,100.0,5.0-20.0Hz,5.0,20.0,254.50324968591713,270.9303823760277,0.49805800296154035,0.13,True
prospective_75153522_target_anchor_71325295,75153522,71325295,NC.PSM.EHZ,NC.PSM..EHZ,NC.PSM..EHZ,,,PSM,EHZ,100.0,10.0-40.0Hz,10.0,40.0,61.81337981107511,65.68020722853491,0.4440410917552632,0.13,True
prospective_75153522_target_anchor_71325295,75153522,71325295,NC.PSM.EHZ,NC.PSM..EHZ,NC.PSM..EHZ,,,PSM,EHZ,100.0,2.0-40.0Hz,2.0,40.0,237.68348478320334,255.94236699498913,0.6764072257064411,0.12,True
prospective_75153522_target_anchor_71567810,75153522,71567810,BK.PKD.HHE,BK.PKD.00.HHE,BK.PKD.00.HHE,00,00,PKD,HHE,100.0,2.0-10.0Hz,2.0,10.0,46.38622257714025,183.23152793089915,0.34775882373668965,-0.2,True
prospective_75153522_target_anchor_71567810,75153522,71567810,BK.PKD.HHE,BK.PKD.00.HHE,BK.PKD.00.HHE,00,00,PKD,HHE,100.0,5.0-20.0Hz,5.0,20.0,77.44708197894509,216.58183110703877,0.31437509254783885,-0.21,True
prospective_75153522_target_anchor_71567810,75153522,71567810,BK.PKD.HHE,BK.PKD.00.HHE,BK.PKD.00.HHE,00,00,PKD,HHE,100.0,10.0-40.0Hz,10.0,40.0,29.684445678938236,175.61109860592774,0.23332706368240552,-0.04,True
prospective_75153522_target_anchor_71567810,75153522,71567810,BK.PKD.HHE,BK.PKD.00.HHE,BK.PKD.00.HHE,00,00,PKD,HHE,100.0,2.0-40.0Hz,2.0,40.0,44.303897219941554,184.4650390175051,0.3092083384690442,-0.2,True
prospective_75153522_target_anchor_71567810,75153522,71567810,BK.PKD.HHN,BK.PKD.00.HHN,BK.PKD.00.HHN,00,00,PKD,HHN,100.0,2.0-10.0Hz,2.0,10.0,43.788434038203434,203.40469280101485,0.3398299482055828,-0.2,True
prospective_75153522_target_anchor_71567810,75153522,71567810,BK.PKD.HHN,BK.PKD.00.HHN,BK.PKD.00.HHN,00,00,PKD,HHN,100.0,5.0-20.0Hz,5.0,20.0,83.72069060106622,279.2560984161311,0.3132133866869052,-0.19,True
prospective_75153522_target_anchor_71567810,75153522,71567810,BK.PKD.HHN,BK.PKD.00.HHN,BK.PKD.00.HHN,00,00,PKD,HHN,100.0,10.0-40.0Hz,10.0,40.0,43.354452880768704,223.01693639366798,0.4137954569776235,-0.11,True
prospective_75153522_target_anchor_71567810,75153522,71567810,BK.PKD.HHN,BK.PKD.00.HHN,BK.PKD.00.HHN,00,00,PKD,HHN,100.0,2.0-40.0Hz,2.0,40.0,46.42831089043836,213.5792994742703,0.2868313237235271,-0.19,True
prospective_75153522_target_anchor_71567810,75153522,71567810,BK.PKD.HHZ,BK.PKD.00.HHZ,BK.PKD.00.HHZ,00,00,PKD,HHZ,100.0,2.0-10.0Hz,2.0,10.0,57.4556340319374,189.950128600951,0.3568907099499566,-0.1,True
prospective_75153522_target_anchor_71567810,75153522,71567810,BK.PKD.HHZ,BK.PKD.00.HHZ,BK.PKD.00.HHZ,00,00,PKD,HHZ,100.0,5.0-20.0Hz,5.0,20.0,89.13445045207345,281.70181178576394,0.4788267685352299,-0.1,True
prospective_75153522_target_anchor_71567810,75153522,71567810,BK.PKD.HHZ,BK.PKD.00.HHZ,BK.PKD.00.HHZ,00,00,PKD,HHZ,100.0,10.0-40.0Hz,10.0,40.0,84.0744551268653,315.0128872653531,0.5344860982946144,-0.1,True
prospective_75153522_target_anchor_71567810,75153522,71567810,BK.PKD.HHZ,BK.PKD.00.HHZ,BK.PKD.00.HHZ,00,00,PKD,HHZ,100.0,2.0-40.0Hz,2.0,40.0,69.15467470582291,235.23802477242032,0.45606472344879345,-0.1,True
prospective_75153522_target_anchor_71567810,75153522,71567810,BP.CCRB.DP1,BP.CCRB.40.DP1,BP.CCRB..DP1,40,,CCRB,DP1,250.0,2.0-10.0Hz,2.0,10.0,38.409909229102276,646.726416090609,0.5690901070011065,-0.104,True
prospective_75153522_target_anchor_71567810,75153522,71567810,BP.CCRB.DP1,BP.CCRB.40.DP1,BP.CCRB..DP1,40,,CCRB,DP1,250.0,5.0-20.0Hz,5.0,20.0,220.79846431514625,1828.2910056065841,0.8136998008289511,-0.108,True
prospective_75153522_target_anchor_71567810,75153522,71567810,BP.CCRB.DP1,BP.CCRB.40.DP1,BP.CCRB..DP1,40,,CCRB,DP1,250.0,10.0-40.0Hz,10.0,40.0,406.166220481448,2458.527073232072,0.8466206154582931,-0.112,True
prospective_75153522_target_anchor_71567810,75153522,71567810,BP.CCRB.DP1,BP.CCRB.40.DP1,BP.CCRB..DP1,40,,CCRB,DP1,250.0,2.0-40.0Hz,2.0,40.0,118.23714851050774,1737.3822882267577,0.8141223530940285,-0.112,True
prospective_75153522_target_anchor_71567810,75153522,71567810,BP.CCRB.DP2,BP.CCRB.40.DP2,BP.CCRB..DP2,40,,CCRB,DP2,250.0,2.0-10.0Hz,2.0,10.0,48.627161600079994,581.6587016407672,0.46858691584825046,-0.2,True
prospective_75153522_target_anchor_71567810,75153522,71567810,BP.CCRB.DP2,BP.CCRB.40.DP2,BP.CCRB..DP2,40,,CCRB,DP2,250.0,5.0-20.0Hz,5.0,20.0,109.56686123460094,953.1722936938463,0.36388031959548384,-0.188,True
prospective_75153522_target_anchor_71567810,75153522,71567810,BP.CCRB.DP2,BP.CCRB.40.DP2,BP.CCRB..DP2,40,,CCRB,DP2,250.0,10.0-40.0Hz,10.0,40.0,147.67259433984847,836.0753791704316,0.4579711848308246,-0.108,True
prospective_75153522_target_anchor_71567810,75153522,71567810,BP.CCRB.DP2,BP.CCRB.40.DP2,BP.CCRB..DP2,40,,CCRB,DP2,250.0,2.0-40.0Hz,2.0,40.0,65.48682747664624,732.5290682689607,0.31332529518352603,-0.188,True
prospective_75153522_target_anchor_71567810,75153522,71567810,BP.CCRB.DP3,BP.CCRB.40.DP3,BP.CCRB..DP3,40,,CCRB,DP3,250.0,2.0-10.0Hz,2.0,10.0,49.64728319987919,677.8923893034902,0.32031047286043174,-0.112,True
prospective_75153522_target_anchor_71567810,75153522,71567810,BP.CCRB.DP3,BP.CCRB.40.DP3,BP.CCRB..DP3,40,,CCRB,DP3,250.0,5.0-20.0Hz,5.0,20.0,165.59908507907218,1314.830940554811,0.49780622203917885,-0.108,True
prospective_75153522_target_anchor_71567810,75153522,71567810,BP.CCRB.DP3,BP.CCRB.40.DP3,BP.CCRB..DP3,40,,CCRB,DP3,250.0,10.0-40.0Hz,10.0,40.0,217.13307935338108,1204.7795488657446,0.6754674160466286,-0.112,True
prospective_75153522_target_anchor_71567810,75153522,71567810,BP.CCRB.DP3,BP.CCRB.40.DP3,BP.CCRB..DP3,40,,CCRB,DP3,250.0,2.0-40.0Hz,2.0,40.0,79.47853790307082,985.2907495508048,0.5244412112139992,-0.112,True
prospective_75153522_target_anchor_71567810,75153522,71567810,BP.EADB.DP1,BP.EADB.40.DP1,BP.EADB..DP1,40,,EADB,DP1,250.0,2.0-10.0Hz,2.0,10.0,18.703093445060684,103.40502319248652,0.494117050519029,-0.168,True
prospective_75153522_target_anchor_71567810,75153522,71567810,BP.EADB.DP1,BP.EADB.40.DP1,BP.EADB..DP1,40,,EADB,DP1,250.0,5.0-20.0Hz,5.0,20.0,20.793304326443543,112.20382110299953,0.38577137312960447,0.184,True
prospective_75153522_target_anchor_71567810,75153522,71567810,BP.EADB.DP1,BP.EADB.40.DP1,BP.EADB..DP1,40,,EADB,DP1,250.0,10.0-40.0Hz,10.0,40.0,13.721337693669971,45.23362873831021,0.34017131579915866,-0.124,True
prospective_75153522_target_anchor_71567810,75153522,71567810,BP.EADB.DP1,BP.EADB.40.DP1,BP.EADB..DP1,40,,EADB,DP1,250.0,2.0-40.0Hz,2.0,40.0,17.94434174681031,92.49663726523961,0.44173261661514623,-0.168,True
prospective_75153522_target_anchor_71567810,75153522,71567810,BP.EADB.DP2,BP.EADB.40.DP2,BP.EADB..DP2,40,,EADB,DP2,250.0,2.0-10.0Hz,2.0,10.0,44.999204770051826,161.25480531534598,0.7495113474297057,-0.176,True
prospective_75153522_target_anchor_71567810,75153522,71567810,BP.EADB.DP2,BP.EADB.40.DP2,BP.EADB..DP2,40,,EADB,DP2,250.0,5.0-20.0Hz,5.0,20.0,15.524576673654382,111.90496762765977,0.47578366503447184,-0.356,True
prospective_75153522_target_anchor_71567810,75153522,71567810,BP.EADB.DP2,BP.EADB.40.DP2,BP.EADB..DP2,40,,EADB,DP2,250.0,10.0-40.0Hz,10.0,40.0,5.440909420921906,45.01090781349696,0.36459148861233903,-0.124,True
prospective_75153522_target_anchor_71567810,75153522,71567810,BP.EADB.DP2,BP.EADB.40.DP2,BP.EADB..DP2,40,,EADB,DP2,250.0,2.0-40.0Hz,2.0,40.0,25.552772487255048,129.14870242901515,0.7003031764248822,-0.176,True
prospective_75153522_target_anchor_71567810,75153522,71567810,BP.EADB.DP3,BP.EADB.40.DP3,BP.EADB..DP3,40,,EADB,DP3,250.0,2.0-10.0Hz,2.0,10.0,44.67415457189191,116.75719548745721,0.7470894944554597,-0.184,True
prospective_75153522_target_anchor_71567810,75153522,71567810,BP.EADB.DP3,BP.EADB.40.DP3,BP.EADB..DP3,40,,EADB,DP3,250.0,5.0-20.0Hz,5.0,20.0,14.48262538703522,82.03968917499697,0.44417293834336535,-0.356,True
prospective_75153522_target_anchor_71567810,75153522,71567810,BP.EADB.DP3,BP.EADB.40.DP3,BP.EADB..DP3,40,,EADB,DP3,250.0,10.0-40.0Hz,10.0,40.0,7.128104259855315,29.911632593711875,0.3430314870190842,-0.116,True
prospective_75153522_target_anchor_71567810,75153522,71567810,BP.EADB.DP3,BP.EADB.40.DP3,BP.EADB..DP3,40,,EADB,DP3,250.0,2.0-40.0Hz,2.0,40.0,32.59123815493523,88.5332158591796,0.6860157252077151,-0.184,True
prospective_75153522_target_anchor_71567810,75153522,71567810,BP.FROB.DP1,BP.FROB.40.DP1,BP.FROB.40.DP1,40,40,FROB,DP1,250.0,2.0-10.0Hz,2.0,10.0,7.91399984668251,44.4044587519769,0.34925871899665706,-0.176,True
prospective_75153522_target_anchor_71567810,75153522,71567810,BP.FROB.DP1,BP.FROB.40.DP1,BP.FROB.40.DP1,40,40,FROB,DP1,250.0,5.0-20.0Hz,5.0,20.0,13.747073237840448,66.20394880337346,0.312061355427517,-0.176,True
prospective_75153522_target_anchor_71567810,75153522,71567810,BP.FROB.DP1,BP.FROB.40.DP1,BP.FROB.40.DP1,40,40,FROB,DP1,250.0,10.0-40.0Hz,10.0,40.0,13.65694765770038,70.82524076108733,0.21478624823539932,-0.108,True
prospective_75153522_target_anchor_71567810,75153522,71567810,BP.FROB.DP1,BP.FROB.40.DP1,BP.FROB.40.DP1,40,40,FROB,DP1,250.0,2.0-40.0Hz,2.0,40.0,10.923044903447382,56.74393835358727,0.256065102261421,-0.176,True
prospective_75153522_target_anchor_71567810,75153522,71567810,BP.FROB.DP2,BP.FROB.40.DP2,BP.FROB.40.DP2,40,40,FROB,DP2,250.0,2.0-10.0Hz,2.0,10.0,7.5245490660295875,111.41921260108379,0.21203591539666233,0.012,True
prospective_75153522_target_anchor_71567810,75153522,71567810,BP.FROB.DP2,BP.FROB.40.DP2,BP.FROB.40.DP2,40,40,FROB,DP2,250.0,5.0-20.0Hz,5.0,20.0,13.477460073012738,148.16197260185513,0.21057986902911024,-0.276,True
prospective_75153522_target_anchor_71567810,75153522,71567810,BP.FROB.DP2,BP.FROB.40.DP2,BP.FROB.40.DP2,40,40,FROB,DP2,250.0,10.0-40.0Hz,10.0,40.0,12.766414787862736,163.2722519010905,0.17997646569341733,-0.284,True
prospective_75153522_target_anchor_71567810,75153522,71567810,BP.FROB.DP2,BP.FROB.40.DP2,BP.FROB.40.DP2,40,40,FROB,DP2,250.0,2.0-40.0Hz,2.0,40.0,10.52497115507006,132.15472838233725,0.1670236438240338,-0.28,True
prospective_75153522_target_anchor_71567810,75153522,71567810,BP.FROB.DP3,BP.FROB.40.DP3,BP.FROB.40.DP3,40,40,FROB,DP3,250.0,2.0-10.0Hz,2.0,10.0,9.817376665828174,111.88403767745794,0.4989512258877975,-0.168,True
prospective_75153522_target_anchor_71567810,75153522,71567810,BP.FROB.DP3,BP.FROB.40.DP3,BP.FROB.40.DP3,40,40,FROB,DP3,250.0,5.0-20.0Hz,5.0,20.0,12.100351759630108,148.46154436171693,0.38075395583939475,-0.168,True
prospective_75153522_target_anchor_71567810,75153522,71567810,BP.FROB.DP3,BP.FROB.40.DP3,BP.FROB.40.DP3,40,40,FROB,DP3,250.0,10.0-40.0Hz,10.0,40.0,9.853618241711544,163.8740499131067,0.10515564666988911,-0.456,True
prospective_75153522_target_anchor_71567810,75153522,71567810,BP.FROB.DP3,BP.FROB.40.DP3,BP.FROB.40.DP3,40,40,FROB,DP3,250.0,2.0-40.0Hz,2.0,40.0,9.992241052055737,132.70799699721857,0.29890674820028484,-0.168,True
prospective_75153522_target_anchor_71567810,75153522,71567810,BP.GHIB.DP1,BP.GHIB.40.DP1,BP.GHIB..DP1,40,,GHIB,DP1,250.0,2.0-10.0Hz,2.0,10.0,6.010282345998465,13.095918955247214,0.310534832111623,-0.092,True
prospective_75153522_target_anchor_71567810,75153522,71567810,BP.GHIB.DP1,BP.GHIB.40.DP1,BP.GHIB..DP1,40,,GHIB,DP1,250.0,5.0-20.0Hz,5.0,20.0,7.112077770148491,18.65717505178021,0.30777348823394873,0.404,True
prospective_75153522_target_anchor_71567810,75153522,71567810,BP.GHIB.DP1,BP.GHIB.40.DP1,BP.GHIB..DP1,40,,GHIB,DP1,250.0,10.0-40.0Hz,10.0,40.0,4.917519551125327,13.638998547570193,0.2807481550235669,0.024,True
prospective_75153522_target_anchor_71567810,75153522,71567810,BP.GHIB.DP1,BP.GHIB.40.DP1,BP.GHIB..DP1,40,,GHIB,DP1,250.0,2.0-40.0Hz,2.0,40.0,5.77176128519032,13.597781573589126,0.28886359028804415,0.404,True
prospective_75153522_target_anchor_71567810,75153522,71567810,BP.GHIB.DP3,BP.GHIB.40.DP3,BP.GHIB..DP3,40,,GHIB,DP3,250.0,2.0-10.0Hz,2.0,10.0,1.1150692001528721,14.41903900372476,0.21772532572552555,-0.108,False
prospective_75153522_target_anchor_71567810,75153522,71567810,BP.GHIB.DP3,BP.GHIB.40.DP3,BP.GHIB..DP3,40,,GHIB,DP3,250.0,5.0-20.0Hz,5.0,20.0,1.2332964679749836,14.986626494588391,0.2291088495760213,0.016,False
prospective_75153522_target_anchor_71567810,75153522,71567810,BP.GHIB.DP3,BP.GHIB.40.DP3,BP.GHIB..DP3,40,,GHIB,DP3,250.0,10.0-40.0Hz,10.0,40.0,1.1242483173637872,10.913078210637767,0.21169672476825882,0.012,False
prospective_75153522_target_anchor_71567810,75153522,71567810,BP.GHIB.DP3,BP.GHIB.40.DP3,BP.GHIB..DP3,40,,GHIB,DP3,250.0,2.0-40.0Hz,2.0,40.0,1.1375042418919683,13.904322214726994,0.1598554750466317,-0.108,False
prospective_75153522_target_anchor_71567810,75153522,71567810,BP.JCSB.DP1,BP.JCSB.40.DP1,BP.JCSB.40.DP1,40,40,JCSB,DP1,250.0,2.0-10.0Hz,2.0,10.0,17.77472854201684,416.00613492275653,0.7942332674714172,-0.204,True
prospective_75153522_target_anchor_71567810,75153522,71567810,BP.JCSB.DP1,BP.JCSB.40.DP1,BP.JCSB.40.DP1,40,40,JCSB,DP1,250.0,5.0-20.0Hz,5.0,20.0,9.733408276564143,395.98708468626955,0.4115448253714134,-0.384,True
prospective_75153522_target_anchor_71567810,75153522,71567810,BP.JCSB.DP1,BP.JCSB.40.DP1,BP.JCSB.40.DP1,40,40,JCSB,DP1,250.0,10.0-40.0Hz,10.0,40.0,12.483854453552683,289.8622077370236,0.3587151333026529,-0.128,True
prospective_75153522_target_anchor_71567810,75153522,71567810,BP.JCSB.DP1,BP.JCSB.40.DP1,BP.JCSB.40.DP1,40,40,JCSB,DP1,250.0,2.0-40.0Hz,2.0,40.0,13.490833818334343,374.37921422800355,0.613543711324363,-0.2,True
prospective_75153522_target_anchor_71567810,75153522,71567810,BP.JCSB.DP2,BP.JCSB.40.DP2,BP.JCSB.40.DP2,40,40,JCSB,DP2,250.0,2.0-10.0Hz,2.0,10.0,1.2793771645315422,1.2638171561661922,0.32314944299647563,-0.372,False
prospective_75153522_target_anchor_71567810,75153522,71567810,BP.JCSB.DP2,BP.JCSB.40.DP2,BP.JCSB.40.DP2,40,40,JCSB,DP2,250.0,5.0-20.0Hz,5.0,20.0,2.952704458089931,1.4942262698407272,0.25010539843137203,-0.12,False
prospective_75153522_target_anchor_71567810,75153522,71567810,BP.JCSB.DP2,BP.JCSB.40.DP2,BP.JCSB.40.DP2,40,40,JCSB,DP2,250.0,10.0-40.0Hz,10.0,40.0,3.6613454487209376,2.023035764272736,0.378023825276262,-0.112,False
prospective_75153522_target_anchor_71567810,75153522,71567810,BP.JCSB.DP2,BP.JCSB.40.DP2,BP.JCSB.40.DP2,40,40,JCSB,DP2,250.0,2.0-40.0Hz,2.0,40.0,2.398028323693038,1.6953309964226497,0.249439208123213,-0.112,False
prospective_75153522_target_anchor_71567810,75153522,71567810,BP.JCSB.DP3,BP.JCSB.40.DP3,BP.JCSB.40.DP3,40,40,JCSB,DP3,250.0,2.0-10.0Hz,2.0,10.0,3.255436409084211,1.3926045325519425,0.3957676638874331,-0.196,False
prospective_75153522_target_anchor_71567810,75153522,71567810,BP.JCSB.DP3,BP.JCSB.40.DP3,BP.JCSB.40.DP3,40,40,JCSB,DP3,250.0,5.0-20.0Hz,5.0,20.0,5.130252141904354,1.662465676322875,0.3025496917386309,-0.184,False
prospective_75153522_target_anchor_71567810,75153522,71567810,BP.JCSB.DP3,BP.JCSB.40.DP3,BP.JCSB.40.DP3,40,40,JCSB,DP3,250.0,10.0-40.0Hz,10.0,40.0,5.698772735976047,2.092696433819361,0.3140194727804153,-0.12,False
prospective_75153522_target_anchor_71567810,75153522,71567810,BP.JCSB.DP3,BP.JCSB.40.DP3,BP.JCSB.40.DP3,40,40,JCSB,DP3,250.0,2.0-40.0Hz,2.0,40.0,4.6466510076774155,1.8051908867463227,0.222820196683628,-0.068,False
prospective_75153522_target_anchor_71567810,75153522,71567810,BP.LCCB.DP1,BP.LCCB.40.DP1,BP.LCCB..DP1,40,,LCCB,DP1,250.0,2.0-10.0Hz,2.0,10.0,412.2847960287881,890.2743871429769,0.7697596611904056,-0.2,True
prospective_75153522_target_anchor_71567810,75153522,71567810,BP.LCCB.DP1,BP.LCCB.40.DP1,BP.LCCB..DP1,40,,LCCB,DP1,250.0,5.0-20.0Hz,5.0,20.0,611.4410490270153,1666.5147073142475,0.7143272141740011,-0.204,True
prospective_75153522_target_anchor_71567810,75153522,71567810,BP.LCCB.DP1,BP.LCCB.40.DP1,BP.LCCB..DP1,40,,LCCB,DP1,250.0,10.0-40.0Hz,10.0,40.0,364.57418468858253,1076.0726955331595,0.6338333798726294,-0.204,True
prospective_75153522_target_anchor_71567810,75153522,71567810,BP.LCCB.DP1,BP.LCCB.40.DP1,BP.LCCB..DP1,40,,LCCB,DP1,250.0,2.0-40.0Hz,2.0,40.0,414.60859318024876,978.1363203773686,0.6979942891051119,-0.204,True
prospective_75153522_target_anchor_71567810,75153522,71567810,BP.LCCB.DP2,BP.LCCB.40.DP2,BP.LCCB..DP2,40,,LCCB,DP2,250.0,2.0-10.0Hz,2.0,10.0,89.11972577410475,395.44351475086626,0.862880084074935,-0.212,True
prospective_75153522_target_anchor_71567810,75153522,71567810,BP.LCCB.DP2,BP.LCCB.40.DP2,BP.LCCB..DP2,40,,LCCB,DP2,250.0,5.0-20.0Hz,5.0,20.0,110.03998202296259,422.4333463753459,0.5476333558819618,-0.204,True
prospective_75153522_target_anchor_71567810,75153522,71567810,BP.LCCB.DP2,BP.LCCB.40.DP2,BP.LCCB..DP2,40,,LCCB,DP2,250.0,10.0-40.0Hz,10.0,40.0,69.27032139971409,276.66969160396866,0.35811483778765335,-0.124,True
prospective_75153522_target_anchor_71567810,75153522,71567810,BP.LCCB.DP2,BP.LCCB.40.DP2,BP.LCCB..DP2,40,,LCCB,DP2,250.0,2.0-40.0Hz,2.0,40.0,78.24979443429474,304.8351185955109,0.4452372708965864,-0.2,True
prospective_75153522_target_anchor_71567810,75153522,71567810,BP.LCCB.DP3,BP.LCCB.40.DP3,BP.LCCB..DP3,40,,LCCB,DP3,250.0,2.0-10.0Hz,2.0,10.0,413.6442288161517,901.0491391067158,0.6969668966163747,-0.196,True
prospective_75153522_target_anchor_71567810,75153522,71567810,BP.LCCB.DP3,BP.LCCB.40.DP3,BP.LCCB..DP3,40,,LCCB,DP3,250.0,5.0-20.0Hz,5.0,20.0,604.2188948045488,1167.8812129353505,0.5324952324375932,-0.204,True
prospective_75153522_target_anchor_71567810,75153522,71567810,BP.LCCB.DP3,BP.LCCB.40.DP3,BP.LCCB..DP3,40,,LCCB,DP3,250.0,10.0-40.0Hz,10.0,40.0,328.48478943296,864.2881316830668,0.47918729314056535,-0.124,True
prospective_75153522_target_anchor_71567810,75153522,71567810,BP.LCCB.DP3,BP.LCCB.40.DP3,BP.LCCB..DP3,40,,LCCB,DP3,250.0,2.0-40.0Hz,2.0,40.0,405.64735464030304,897.5263071583724,0.5850353826863685,-0.2,True
prospective_75153522_target_anchor_71567810,75153522,71567810,BP.MMNB.DP1,BP.MMNB.40.DP1,BP.MMNB.40.DP1,40,40,MMNB,DP1,250.0,2.0-10.0Hz,2.0,10.0,154.59364565667735,517.5923666508165,0.7196070931535626,-0.22,True
prospective_75153522_target_anchor_71567810,75153522,71567810,BP.MMNB.DP1,BP.MMNB.40.DP1,BP.MMNB.40.DP1,40,40,MMNB,DP1,250.0,5.0-20.0Hz,5.0,20.0,195.15026792589998,704.1034560734225,0.6058962689874405,-0.22,True
prospective_75153522_target_anchor_71567810,75153522,71567810,BP.MMNB.DP1,BP.MMNB.40.DP1,BP.MMNB.40.DP1,40,40,MMNB,DP1,250.0,10.0-40.0Hz,10.0,40.0,103.4354288389121,325.95728195586054,0.2865531105031714,-0.052,True
prospective_75153522_target_anchor_71567810,75153522,71567810,BP.MMNB.DP1,BP.MMNB.40.DP1,BP.MMNB.40.DP1,40,40,MMNB,DP1,250.0,2.0-40.0Hz,2.0,40.0,146.29408962315154,467.2200825503769,0.6186584196597142,-0.22,True
prospective_75153522_target_anchor_71567810,75153522,71567810,BP.MMNB.DP2,BP.MMNB.40.DP2,BP.MMNB.40.DP2,40,40,MMNB,DP2,250.0,2.0-10.0Hz,2.0,10.0,157.23263321830737,499.94637223535483,0.4786056480275893,-0.224,True
prospective_75153522_target_anchor_71567810,75153522,71567810,BP.MMNB.DP2,BP.MMNB.40.DP2,BP.MMNB.40.DP2,40,40,MMNB,DP2,250.0,5.0-20.0Hz,5.0,20.0,202.1193798281529,678.1862718906626,0.38237882662674766,-0.228,True
prospective_75153522_target_anchor_71567810,75153522,71567810,BP.MMNB.DP2,BP.MMNB.40.DP2,BP.MMNB.40.DP2,40,40,MMNB,DP2,250.0,10.0-40.0Hz,10.0,40.0,120.11096919598691,296.1719108145358,0.4630509296477929,-0.136,True
prospective_75153522_target_anchor_71567810,75153522,71567810,BP.MMNB.DP2,BP.MMNB.40.DP2,BP.MMNB.40.DP2,40,40,MMNB,DP2,250.0,2.0-40.0Hz,2.0,40.0,150.8630541350125,437.6799654082157,0.4638317889862927,-0.228,True
prospective_75153522_target_anchor_71567810,75153522,71567810,BP.MMNB.DP3,BP.MMNB.40.DP3,BP.MMNB.40.DP3,40,40,MMNB,DP3,250.0,2.0-10.0Hz,2.0,10.0,150.4108484801953,579.3087498875539,0.6536107608645255,-0.22,True
prospective_75153522_target_anchor_71567810,75153522,71567810,BP.MMNB.DP3,BP.MMNB.40.DP3,BP.MMNB.40.DP3,40,40,MMNB,DP3,250.0,5.0-20.0Hz,5.0,20.0,293.31707279631144,737.6866007085637,0.6298012038850223,-0.224,True
prospective_75153522_target_anchor_71567810,75153522,71567810,BP.MMNB.DP3,BP.MMNB.40.DP3,BP.MMNB.40.DP3,40,40,MMNB,DP3,250.0,10.0-40.0Hz,10.0,40.0,158.45225070179492,382.79077076872795,0.5463668471231983,-0.228,True
prospective_75153522_target_anchor_71567810,75153522,71567810,BP.MMNB.DP3,BP.MMNB.40.DP3,BP.MMNB.40.DP3,40,40,MMNB,DP3,250.0,2.0-40.0Hz,2.0,40.0,164.52645368653424,521.0851752934398,0.6168742299975487,-0.224,True
prospective_75153522_target_anchor_71567810,75153522,71567810,BP.SCYB.DP1,BP.SCYB.40.DP1,BP.SCYB..DP1,40,,SCYB,DP1,250.0,2.0-10.0Hz,2.0,10.0,483.32887299266787,880.7835451147147,0.5157694746299212,-0.172,True
prospective_75153522_target_anchor_71567810,75153522,71567810,BP.SCYB.DP1,BP.SCYB.40.DP1,BP.SCYB..DP1,40,,SCYB,DP1,250.0,5.0-20.0Hz,5.0,20.0,660.2873052614303,1103.7736792366684,0.3069097767843478,-0.188,True
prospective_75153522_target_anchor_71567810,75153522,71567810,BP.SCYB.DP1,BP.SCYB.40.DP1,BP.SCYB..DP1,40,,SCYB,DP1,250.0,10.0-40.0Hz,10.0,40.0,438.90522130047754,684.5288848609263,0.2757173464626196,-0.188,True
prospective_75153522_target_anchor_71567810,75153522,71567810,BP.SCYB.DP1,BP.SCYB.40.DP1,BP.SCYB..DP1,40,,SCYB,DP1,250.0,2.0-40.0Hz,2.0,40.0,487.80496970966766,803.6924045744108,0.40008695895203783,-0.184,True
prospective_75153522_target_anchor_71567810,75153522,71567810,BP.SCYB.DP2,BP.SCYB.40.DP2,BP.SCYB..DP2,40,,SCYB,DP2,250.0,2.0-10.0Hz,2.0,10.0,571.4969362130662,1185.6383764192358,0.5662743156284253,-0.18,True
prospective_75153522_target_anchor_71567810,75153522,71567810,BP.SCYB.DP2,BP.SCYB.40.DP2,BP.SCYB..DP2,40,,SCYB,DP2,250.0,5.0-20.0Hz,5.0,20.0,679.8957980061074,1223.6493160833113,0.4955034347687069,-0.192,True
prospective_75153522_target_anchor_71567810,75153522,71567810,BP.SCYB.DP2,BP.SCYB.40.DP2,BP.SCYB..DP2,40,,SCYB,DP2,250.0,10.0-40.0Hz,10.0,40.0,234.3268483235229,533.8757249711488,0.4543771817743808,-0.2,True
prospective_75153522_target_anchor_71567810,75153522,71567810,BP.SCYB.DP2,BP.SCYB.40.DP2,BP.SCYB..DP2,40,,SCYB,DP2,250.0,2.0-40.0Hz,2.0,40.0,492.0129283234793,932.8068547863899,0.5055809233080745,-0.188,True
prospective_75153522_target_anchor_71567810,75153522,71567810,BP.SCYB.DP3,BP.SCYB.40.DP3,BP.SCYB..DP3,40,,SCYB,DP3,250.0,2.0-10.0Hz,2.0,10.0,609.6754570244709,632.6209373102877,0.6911582600833605,-0.176,True
prospective_75153522_target_anchor_71567810,75153522,71567810,BP.SCYB.DP3,BP.SCYB.40.DP3,BP.SCYB..DP3,40,,SCYB,DP3,250.0,5.0-20.0Hz,5.0,20.0,919.89462858584,741.6215300688774,0.6347490779615934,-0.18,True
prospective_75153522_target_anchor_71567810,75153522,71567810,BP.SCYB.DP3,BP.SCYB.40.DP3,BP.SCYB..DP3,40,,SCYB,DP3,250.0,10.0-40.0Hz,10.0,40.0,463.297086477724,447.87968669205935,0.5281246649326246,-0.184,True
prospective_75153522_target_anchor_71567810,75153522,71567810,BP.SCYB.DP3,BP.SCYB.40.DP3,BP.SCYB..DP3,40,,SCYB,DP3,250.0,2.0-40.0Hz,2.0,40.0,572.3378842496932,504.6692246677407,0.6342404101228495,-0.18,True
prospective_75153522_target_anchor_71567810,75153522,71567810,BP.SMNB.DP1,BP.SMNB.40.DP1,BP.SMNB.40.DP1,40,40,SMNB,DP1,250.0,2.0-10.0Hz,2.0,10.0,245.44630476257905,716.6425739890268,0.5723965764290209,-0.096,True
prospective_75153522_target_anchor_71567810,75153522,71567810,BP.SMNB.DP1,BP.SMNB.40.DP1,BP.SMNB.40.DP1,40,40,SMNB,DP1,250.0,5.0-20.0Hz,5.0,20.0,491.66864697292095,1202.3993798127144,0.3103457040673175,-0.092,True
prospective_75153522_target_anchor_71567810,75153522,71567810,BP.SMNB.DP1,BP.SMNB.40.DP1,BP.SMNB.40.DP1,40,40,SMNB,DP1,250.0,10.0-40.0Hz,10.0,40.0,579.2110347959699,1491.4532351999123,0.20780456840849623,0.016,True
prospective_75153522_target_anchor_71567810,75153522,71567810,BP.SMNB.DP1,BP.SMNB.40.DP1,BP.SMNB.40.DP1,40,40,SMNB,DP1,250.0,2.0-40.0Hz,2.0,40.0,348.9333080555032,1015.0800027229297,0.33145596862167315,-0.088,True
prospective_75153522_target_anchor_71567810,75153522,71567810,BP.SMNB.DP2,BP.SMNB.40.DP2,BP.SMNB.40.DP2,40,40,SMNB,DP2,250.0,2.0-10.0Hz,2.0,10.0,285.1903843730098,774.8368681610898,0.461667960889019,-0.096,True
prospective_75153522_target_anchor_71567810,75153522,71567810,BP.SMNB.DP2,BP.SMNB.40.DP2,BP.SMNB.40.DP2,40,40,SMNB,DP2,250.0,5.0-20.0Hz,5.0,20.0,554.4517639448566,1402.9400401938774,0.27885987314344357,0.28,True
prospective_75153522_target_anchor_71567810,75153522,71567810,BP.SMNB.DP2,BP.SMNB.40.DP2,BP.SMNB.40.DP2,40,40,SMNB,DP2,250.0,10.0-40.0Hz,10.0,40.0,608.0841166245423,1577.8530461479486,0.23211620507435005,0.024,True
prospective_75153522_target_anchor_71567810,75153522,71567810,BP.SMNB.DP2,BP.SMNB.40.DP2,BP.SMNB.40.DP2,40,40,SMNB,DP2,250.0,2.0-40.0Hz,2.0,40.0,391.01428751935873,1203.611443820404,0.22971291155506132,-0.08,True
prospective_75153522_target_anchor_71567810,75153522,71567810,BP.SMNB.DP3,BP.SMNB.40.DP3,BP.SMNB.40.DP3,40,40,SMNB,DP3,250.0,2.0-10.0Hz,2.0,10.0,237.11076236396852,683.131060875061,0.6272938250034071,-0.088,True
prospective_75153522_target_anchor_71567810,75153522,71567810,BP.SMNB.DP3,BP.SMNB.40.DP3,BP.SMNB.40.DP3,40,40,SMNB,DP3,250.0,5.0-20.0Hz,5.0,20.0,541.2127842025029,1161.3196554886742,0.2614988986985833,-0.088,True
prospective_75153522_target_anchor_71567810,75153522,71567810,BP.SMNB.DP3,BP.SMNB.40.DP3,BP.SMNB.40.DP3,40,40,SMNB,DP3,250.0,10.0-40.0Hz,10.0,40.0,685.4711145582421,1499.2779705569803,0.14832594052697787,-0.184,True
prospective_75153522_target_anchor_71567810,75153522,71567810,BP.SMNB.DP3,BP.SMNB.40.DP3,BP.SMNB.40.DP3,40,40,SMNB,DP3,250.0,2.0-40.0Hz,2.0,40.0,400.9212172873177,1149.5859515061043,0.23440454994508025,-0.092,True
prospective_75153522_target_anchor_71567810,75153522,71567810,NC.PSM.EHE,NC.PSM..EHE,NC.PSM..EHE,,,PSM,EHE,100.0,2.0-10.0Hz,2.0,10.0,0.9696746353733536,659.6921253895091,0.19080850766306065,0.49,False
prospective_75153522_target_anchor_71567810,75153522,71567810,NC.PSM.EHE,NC.PSM..EHE,NC.PSM..EHE,,,PSM,EHE,100.0,5.0-20.0Hz,5.0,20.0,0.9312949956425075,565.4561586141633,0.12299627435853307,-0.46,False
prospective_75153522_target_anchor_71567810,75153522,71567810,NC.PSM.EHE,NC.PSM..EHE,NC.PSM..EHE,,,PSM,EHE,100.0,10.0-40.0Hz,10.0,40.0,0.9686109564793793,106.13879260906954,0.06727965540045323,-0.1,False
prospective_75153522_target_anchor_71567810,75153522,71567810,NC.PSM.EHE,NC.PSM..EHE,NC.PSM..EHE,,,PSM,EHE,100.0,2.0-40.0Hz,2.0,40.0,0.9652769958171912,499.2988847155111,0.11172560336442622,0.5,False
prospective_75153522_target_anchor_71567810,75153522,71567810,NC.PSM.EHN,NC.PSM..EHN,NC.PSM..EHN,,,PSM,EHN,100.0,2.0-10.0Hz,2.0,10.0,442.5838038492121,786.6000799787593,0.8986177574583539,0.13,True
prospective_75153522_target_anchor_71567810,75153522,71567810,NC.PSM.EHN,NC.PSM..EHN,NC.PSM..EHN,,,PSM,EHN,100.0,5.0-20.0Hz,5.0,20.0,258.94860671563237,319.33819102020243,0.6374989840999692,0.14,True
prospective_75153522_target_anchor_71567810,75153522,71567810,NC.PSM.EHN,NC.PSM..EHN,NC.PSM..EHN,,,PSM,EHN,100.0,10.0-40.0Hz,10.0,40.0,52.03075772545351,89.98035262765198,0.34097554742750014,0.05,True
prospective_75153522_target_anchor_71567810,75153522,71567810,NC.PSM.EHN,NC.PSM..EHN,NC.PSM..EHN,,,PSM,EHN,100.0,2.0-40.0Hz,2.0,40.0,287.66431941312936,512.0174499485839,0.8824382475443904,0.13,True
prospective_75153522_target_anchor_71567810,75153522,71567810,NC.PSM.EHZ,NC.PSM..EHZ,NC.PSM..EHZ,,,PSM,EHZ,100.0,2.0-10.0Hz,2.0,10.0,345.06263007613865,609.9669156370992,0.7336423120450387,0.14,True
prospective_75153522_target_anchor_71567810,75153522,71567810,NC.PSM.EHZ,NC.PSM..EHZ,NC.PSM..EHZ,,,PSM,EHZ,100.0,5.0-20.0Hz,5.0,20.0,254.50324968591713,429.41735582683725,0.5297891292742255,0.14,True
prospective_75153522_target_anchor_71567810,75153522,71567810,NC.PSM.EHZ,NC.PSM..EHZ,NC.PSM..EHZ,,,PSM,EHZ,100.0,10.0-40.0Hz,10.0,40.0,61.81337981107511,111.7943952231144,0.4507476089824299,0.13,True
prospective_75153522_target_anchor_71567810,75153522,71567810,NC.PSM.EHZ,NC.PSM..EHZ,NC.PSM..EHZ,,,PSM,EHZ,100.0,2.0-40.0Hz,2.0,40.0,237.68348478320334,437.9641189999582,0.7158085410514637,0.14,True
prospective_75153522_target_anchor_71908906,75153522,71908906,BK.PKD.HHE,BK.PKD.00.HHE,BK.PKD.00.HHE,00,00,PKD,HHE,100.0,2.0-10.0Hz,2.0,10.0,46.38622257714025,63.27491120678386,0.3395693879526999,-0.19,True
prospective_75153522_target_anchor_71908906,75153522,71908906,BK.PKD.HHE,BK.PKD.00.HHE,BK.PKD.00.HHE,00,00,PKD,HHE,100.0,5.0-20.0Hz,5.0,20.0,77.44708197894509,74.81068027279335,0.2987333048954446,-0.19,True
prospective_75153522_target_anchor_71908906,75153522,71908906,BK.PKD.HHE,BK.PKD.00.HHE,BK.PKD.00.HHE,00,00,PKD,HHE,100.0,10.0-40.0Hz,10.0,40.0,29.684445678938236,60.68983868116381,0.2552131951253683,-0.03,True
prospective_75153522_target_anchor_71908906,75153522,71908906,BK.PKD.HHE,BK.PKD.00.HHE,BK.PKD.00.HHE,00,00,PKD,HHE,100.0,2.0-40.0Hz,2.0,40.0,44.303897219941554,63.393268555291144,0.2980538984075758,-0.19,True
prospective_75153522_target_anchor_71908906,75153522,71908906,BK.PKD.HHN,BK.PKD.00.HHN,BK.PKD.00.HHN,00,00,PKD,HHN,100.0,2.0-10.0Hz,2.0,10.0,43.788434038203434,47.7745763554742,0.36481088488809676,-0.19,True
prospective_75153522_target_anchor_71908906,75153522,71908906,BK.PKD.HHN,BK.PKD.00.HHN,BK.PKD.00.HHN,00,00,PKD,HHN,100.0,5.0-20.0Hz,5.0,20.0,83.72069060106622,62.44414088729069,0.3128919198846757,-0.03,True
prospective_75153522_target_anchor_71908906,75153522,71908906,BK.PKD.HHN,BK.PKD.00.HHN,BK.PKD.00.HHN,00,00,PKD,HHN,100.0,10.0-40.0Hz,10.0,40.0,43.354452880768704,56.36203900952732,0.36085295312939974,-0.09,True
prospective_75153522_target_anchor_71908906,75153522,71908906,BK.PKD.HHN,BK.PKD.00.HHN,BK.PKD.00.HHN,00,00,PKD,HHN,100.0,2.0-40.0Hz,2.0,40.0,46.42831089043836,51.95244543502027,0.25111302114220085,-0.18,True
prospective_75153522_target_anchor_71908906,75153522,71908906,BK.PKD.HHZ,BK.PKD.00.HHZ,BK.PKD.00.HHZ,00,00,PKD,HHZ,100.0,2.0-10.0Hz,2.0,10.0,57.4556340319374,55.72118817687291,0.3364700154856219,-0.1,True
prospective_75153522_target_anchor_71908906,75153522,71908906,BK.PKD.HHZ,BK.PKD.00.HHZ,BK.PKD.00.HHZ,00,00,PKD,HHZ,100.0,5.0-20.0Hz,5.0,20.0,89.13445045207345,85.59033042220672,0.4262324890067476,-0.09,True
prospective_75153522_target_anchor_71908906,75153522,71908906,BK.PKD.HHZ,BK.PKD.00.HHZ,BK.PKD.00.HHZ,00,00,PKD,HHZ,100.0,10.0-40.0Hz,10.0,40.0,84.0744551268653,99.63447318333363,0.44620397548588964,-0.09,True
prospective_75153522_target_anchor_71908906,75153522,71908906,BK.PKD.HHZ,BK.PKD.00.HHZ,BK.PKD.00.HHZ,00,00,PKD,HHZ,100.0,2.0-40.0Hz,2.0,40.0,69.15467470582291,72.03385223227681,0.4024475236084914,-0.09,True
prospective_75153522_target_anchor_71908906,75153522,71908906,BP.CCRB.DP1,BP.CCRB.40.DP1,BP.CCRB.40.DP1,40,40,CCRB,DP1,250.0,2.0-10.0Hz,2.0,10.0,38.409909229102276,268.7172239927994,0.571181283607412,-0.092,True
prospective_75153522_target_anchor_71908906,75153522,71908906,BP.CCRB.DP1,BP.CCRB.40.DP1,BP.CCRB.40.DP1,40,40,CCRB,DP1,250.0,5.0-20.0Hz,5.0,20.0,220.79846431514625,829.9912566237247,0.8230730851208731,-0.096,True
prospective_75153522_target_anchor_71908906,75153522,71908906,BP.CCRB.DP1,BP.CCRB.40.DP1,BP.CCRB.40.DP1,40,40,CCRB,DP1,250.0,10.0-40.0Hz,10.0,40.0,406.166220481448,1436.2994528659,0.8662549987400813,-0.096,True
prospective_75153522_target_anchor_71908906,75153522,71908906,BP.CCRB.DP1,BP.CCRB.40.DP1,BP.CCRB.40.DP1,40,40,CCRB,DP1,250.0,2.0-40.0Hz,2.0,40.0,118.23714851050774,824.5672759859264,0.8342760555376448,-0.096,True
prospective_75153522_target_anchor_71908906,75153522,71908906,BP.CCRB.DP2,BP.CCRB.40.DP2,BP.CCRB.40.DP2,40,40,CCRB,DP2,250.0,2.0-10.0Hz,2.0,10.0,48.627161600079994,216.12578842017584,0.4713522633139774,-0.184,True
prospective_75153522_target_anchor_71908906,75153522,71908906,BP.CCRB.DP2,BP.CCRB.40.DP2,BP.CCRB.40.DP2,40,40,CCRB,DP2,250.0,5.0-20.0Hz,5.0,20.0,109.56686123460094,383.19722899810256,0.3645245203507917,-0.172,True
prospective_75153522_target_anchor_71908906,75153522,71908906,BP.CCRB.DP2,BP.CCRB.40.DP2,BP.CCRB.40.DP2,40,40,CCRB,DP2,250.0,10.0-40.0Hz,10.0,40.0,147.67259433984847,515.8464050598706,0.442667256115837,-0.096,True
prospective_75153522_target_anchor_71908906,75153522,71908906,BP.CCRB.DP2,BP.CCRB.40.DP2,BP.CCRB.40.DP2,40,40,CCRB,DP2,250.0,2.0-40.0Hz,2.0,40.0,65.48682747664624,316.1094229892141,0.3108286785368958,-0.172,True
prospective_75153522_target_anchor_71908906,75153522,71908906,BP.CCRB.DP3,BP.CCRB.40.DP3,BP.CCRB.40.DP3,40,40,CCRB,DP3,250.0,2.0-10.0Hz,2.0,10.0,49.64728319987919,222.06980027566047,0.3191967405046856,-0.096,True
prospective_75153522_target_anchor_71908906,75153522,71908906,BP.CCRB.DP3,BP.CCRB.40.DP3,BP.CCRB.40.DP3,40,40,CCRB,DP3,250.0,5.0-20.0Hz,5.0,20.0,165.59908507907218,447.66553641859514,0.4868093751069958,-0.096,True
prospective_75153522_target_anchor_71908906,75153522,71908906,BP.CCRB.DP3,BP.CCRB.40.DP3,BP.CCRB.40.DP3,40,40,CCRB,DP3,250.0,10.0-40.0Hz,10.0,40.0,217.13307935338108,751.2338022338865,0.6878128435847308,-0.096,True
prospective_75153522_target_anchor_71908906,75153522,71908906,BP.CCRB.DP3,BP.CCRB.40.DP3,BP.CCRB.40.DP3,40,40,CCRB,DP3,250.0,2.0-40.0Hz,2.0,40.0,79.47853790307082,392.32875136131884,0.5303651507213841,-0.096,True
prospective_75153522_target_anchor_71908906,75153522,71908906,BP.EADB.DP1,BP.EADB.40.DP1,BP.EADB.40.DP1,40,40,EADB,DP1,250.0,2.0-10.0Hz,2.0,10.0,18.703093445060684,50.60871525301178,0.49748202156387766,-0.152,True
prospective_75153522_target_anchor_71908906,75153522,71908906,BP.EADB.DP1,BP.EADB.40.DP1,BP.EADB.40.DP1,40,40,EADB,DP1,250.0,5.0-20.0Hz,5.0,20.0,20.793304326443543,76.6745274161132,0.39307851191445387,0.196,True
prospective_75153522_target_anchor_71908906,75153522,71908906,BP.EADB.DP1,BP.EADB.40.DP1,BP.EADB.40.DP1,40,40,EADB,DP1,250.0,10.0-40.0Hz,10.0,40.0,13.721337693669971,42.508828602112985,0.3564787235062399,-0.108,True
prospective_75153522_target_anchor_71908906,75153522,71908906,BP.EADB.DP1,BP.EADB.40.DP1,BP.EADB.40.DP1,40,40,EADB,DP1,250.0,2.0-40.0Hz,2.0,40.0,17.94434174681031,53.2018789543812,0.43754048500407955,-0.156,True
prospective_75153522_target_anchor_71908906,75153522,71908906,BP.EADB.DP2,BP.EADB.40.DP2,BP.EADB.40.DP2,40,40,EADB,DP2,250.0,2.0-10.0Hz,2.0,10.0,44.999204770051826,70.70557931573286,0.7522793142245485,-0.164,True
prospective_75153522_target_anchor_71908906,75153522,71908906,BP.EADB.DP2,BP.EADB.40.DP2,BP.EADB.40.DP2,40,40,EADB,DP2,250.0,5.0-20.0Hz,5.0,20.0,15.524576673654382,77.21963357077568,0.4682540058324697,-0.34,True
prospective_75153522_target_anchor_71908906,75153522,71908906,BP.EADB.DP2,BP.EADB.40.DP2,BP.EADB.40.DP2,40,40,EADB,DP2,250.0,10.0-40.0Hz,10.0,40.0,5.440909420921906,36.09949020176985,0.36505255939147,-0.108,True
prospective_75153522_target_anchor_71908906,75153522,71908906,BP.EADB.DP2,BP.EADB.40.DP2,BP.EADB.40.DP2,40,40,EADB,DP2,250.0,2.0-40.0Hz,2.0,40.0,25.552772487255048,68.99663640499749,0.701510730360638,-0.164,True
prospective_75153522_target_anchor_71908906,75153522,71908906,BP.EADB.DP3,BP.EADB.40.DP3,BP.EADB.40.DP3,40,40,EADB,DP3,250.0,2.0-10.0Hz,2.0,10.0,44.67415457189191,11.713333467164267,0.760268933592681,-0.168,True
prospective_75153522_target_anchor_71908906,75153522,71908906,BP.EADB.DP3,BP.EADB.40.DP3,BP.EADB.40.DP3,40,40,EADB,DP3,250.0,5.0-20.0Hz,5.0,20.0,14.48262538703522,4.954682793222804,0.4141514532165136,-0.344,True
prospective_75153522_target_anchor_71908906,75153522,71908906,BP.EADB.DP3,BP.EADB.40.DP3,BP.EADB.40.DP3,40,40,EADB,DP3,250.0,10.0-40.0Hz,10.0,40.0,7.128104259855315,1.8167809963346264,0.2619724817685159,-0.1,False
prospective_75153522_target_anchor_71908906,75153522,71908906,BP.EADB.DP3,BP.EADB.40.DP3,BP.EADB.40.DP3,40,40,EADB,DP3,250.0,2.0-40.0Hz,2.0,40.0,32.59123815493523,5.282292958152193,0.6826085771375818,-0.168,True
prospective_75153522_target_anchor_71908906,75153522,71908906,BP.FROB.DP1,BP.FROB.40.DP1,BP.FROB.40.DP1,40,40,FROB,DP1,250.0,2.0-10.0Hz,2.0,10.0,7.91399984668251,16.803390270625755,0.3447945502347156,-0.168,True
prospective_75153522_target_anchor_71908906,75153522,71908906,BP.FROB.DP1,BP.FROB.40.DP1,BP.FROB.40.DP1,40,40,FROB,DP1,250.0,5.0-20.0Hz,5.0,20.0,13.747073237840448,16.174685206562007,0.30462711670699216,-0.168,True
prospective_75153522_target_anchor_71908906,75153522,71908906,BP.FROB.DP1,BP.FROB.40.DP1,BP.FROB.40.DP1,40,40,FROB,DP1,250.0,10.0-40.0Hz,10.0,40.0,13.65694765770038,12.3448654961627,0.21565397747389534,-0.1,True
prospective_75153522_target_anchor_71908906,75153522,71908906,BP.FROB.DP1,BP.FROB.40.DP1,BP.FROB.40.DP1,40,40,FROB,DP1,250.0,2.0-40.0Hz,2.0,40.0,10.923044903447382,13.55725293207204,0.25136290110021114,-0.172,True
prospective_75153522_target_anchor_71908906,75153522,71908906,BP.FROB.DP2,BP.FROB.40.DP2,BP.FROB.40.DP2,40,40,FROB,DP2,250.0,2.0-10.0Hz,2.0,10.0,7.5245490660295875,51.37809445556027,0.3639065416761936,-0.184,True
prospective_75153522_target_anchor_71908906,75153522,71908906,BP.FROB.DP2,BP.FROB.40.DP2,BP.FROB.40.DP2,40,40,FROB,DP2,250.0,5.0-20.0Hz,5.0,20.0,13.477460073012738,85.63085806105951,0.2382373499588494,-0.172,True
prospective_75153522_target_anchor_71908906,75153522,71908906,BP.FROB.DP2,BP.FROB.40.DP2,BP.FROB.40.DP2,40,40,FROB,DP2,250.0,10.0-40.0Hz,10.0,40.0,12.766414787862736,88.95500437506698,0.21323466088753606,-0.096,True
prospective_75153522_target_anchor_71908906,75153522,71908906,BP.FROB.DP2,BP.FROB.40.DP2,BP.FROB.40.DP2,40,40,FROB,DP2,250.0,2.0-40.0Hz,2.0,40.0,10.52497115507006,74.71068690970614,0.16139985787597055,-0.18,True
prospective_75153522_target_anchor_71908906,75153522,71908906,BP.FROB.DP3,BP.FROB.40.DP3,BP.FROB.40.DP3,40,40,FROB,DP3,250.0,2.0-10.0Hz,2.0,10.0,9.817376665828174,33.39777419458997,0.5241961666300241,-0.16,True
prospective_75153522_target_anchor_71908906,75153522,71908906,BP.FROB.DP3,BP.FROB.40.DP3,BP.FROB.40.DP3,40,40,FROB,DP3,250.0,5.0-20.0Hz,5.0,20.0,12.100351759630108,46.15864915982317,0.39262849984301296,-0.16,True
prospective_75153522_target_anchor_71908906,75153522,71908906,BP.FROB.DP3,BP.FROB.40.DP3,BP.FROB.40.DP3,40,40,FROB,DP3,250.0,10.0-40.0Hz,10.0,40.0,9.853618241711544,39.31622662867519,0.1482285501677376,0.332,True
prospective_75153522_target_anchor_71908906,75153522,71908906,BP.FROB.DP3,BP.FROB.40.DP3,BP.FROB.40.DP3,40,40,FROB,DP3,250.0,2.0-40.0Hz,2.0,40.0,9.992241052055737,35.59034927574807,0.3351878833137616,-0.16,True
prospective_75153522_target_anchor_71908906,75153522,71908906,BP.GHIB.DP1,BP.GHIB.40.DP1,BP.GHIB.40.DP1,40,40,GHIB,DP1,250.0,2.0-10.0Hz,2.0,10.0,6.010282345998465,7.290141215315016,0.3219639815105089,-0.076,True
prospective_75153522_target_anchor_71908906,75153522,71908906,BP.GHIB.DP1,BP.GHIB.40.DP1,BP.GHIB.40.DP1,40,40,GHIB,DP1,250.0,5.0-20.0Hz,5.0,20.0,7.112077770148491,10.315586612423735,0.2843532785158625,0.42,True
prospective_75153522_target_anchor_71908906,75153522,71908906,BP.GHIB.DP1,BP.GHIB.40.DP1,BP.GHIB.40.DP1,40,40,GHIB,DP1,250.0,10.0-40.0Hz,10.0,40.0,4.917519551125327,13.182036155961304,0.28992198141064235,0.036,True
prospective_75153522_target_anchor_71908906,75153522,71908906,BP.GHIB.DP1,BP.GHIB.40.DP1,BP.GHIB.40.DP1,40,40,GHIB,DP1,250.0,2.0-40.0Hz,2.0,40.0,5.77176128519032,8.481970626389726,0.2635471550470009,-0.328,True
prospective_75153522_target_anchor_71908906,75153522,71908906,BP.GHIB.DP3,BP.GHIB.40.DP3,BP.GHIB.40.DP3,40,40,GHIB,DP3,250.0,2.0-10.0Hz,2.0,10.0,1.1150692001528721,1.9012002170503755,0.16507557484974505,-0.288,False
prospective_75153522_target_anchor_71908906,75153522,71908906,BP.GHIB.DP3,BP.GHIB.40.DP3,BP.GHIB.40.DP3,40,40,GHIB,DP3,250.0,5.0-20.0Hz,5.0,20.0,1.2332964679749836,2.0776435309706045,0.1808337767561391,0.032,False
prospective_75153522_target_anchor_71908906,75153522,71908906,BP.GHIB.DP3,BP.GHIB.40.DP3,BP.GHIB.40.DP3,40,40,GHIB,DP3,250.0,10.0-40.0Hz,10.0,40.0,1.1242483173637872,2.167457280214142,0.16362691769907628,-0.144,False
prospective_75153522_target_anchor_71908906,75153522,71908906,BP.GHIB.DP3,BP.GHIB.40.DP3,BP.GHIB.40.DP3,40,40,GHIB,DP3,250.0,2.0-40.0Hz,2.0,40.0,1.1375042418919683,2.003318196129982,0.1291651565555927,-0.308,False
prospective_75153522_target_anchor_71908906,75153522,71908906,BP.JCNB.DP1,BP.JCNB.40.DP1,BP.JCNB.40.DP1,40,40,JCNB,DP1,250.0,2.0-10.0Hz,2.0,10.0,57.477451273071665,179.3318853747299,0.49156355208495794,-0.02,True
prospective_75153522_target_anchor_71908906,75153522,71908906,BP.JCNB.DP1,BP.JCNB.40.DP1,BP.JCNB.40.DP1,40,40,JCNB,DP1,250.0,5.0-20.0Hz,5.0,20.0,54.42374363588117,34.99047400357587,0.29507845986786885,-0.156,True
prospective_75153522_target_anchor_71908906,75153522,71908906,BP.JCNB.DP1,BP.JCNB.40.DP1,BP.JCNB.40.DP1,40,40,JCNB,DP1,250.0,10.0-40.0Hz,10.0,40.0,13.948760390904239,24.25888546228507,0.2419299273317562,-0.384,True
prospective_75153522_target_anchor_71908906,75153522,71908906,BP.JCNB.DP1,BP.JCNB.40.DP1,BP.JCNB.40.DP1,40,40,JCNB,DP1,250.0,2.0-40.0Hz,2.0,40.0,24.44756926769244,31.778246423956034,0.26603495327305954,-0.028,True
prospective_75153522_target_anchor_71908906,75153522,71908906,BP.JCNB.DP2,BP.JCNB.40.DP2,BP.JCNB.40.DP2,40,40,JCNB,DP2,250.0,2.0-10.0Hz,2.0,10.0,55.66570521266716,104.28631516837753,0.3506622203057593,-0.184,True
prospective_75153522_target_anchor_71908906,75153522,71908906,BP.JCNB.DP2,BP.JCNB.40.DP2,BP.JCNB.40.DP2,40,40,JCNB,DP2,250.0,5.0-20.0Hz,5.0,20.0,48.52899502448432,94.07565428080798,0.20171984862426168,-0.044,True
prospective_75153522_target_anchor_71908906,75153522,71908906,BP.JCNB.DP2,BP.JCNB.40.DP2,BP.JCNB.40.DP2,40,40,JCNB,DP2,250.0,10.0-40.0Hz,10.0,40.0,34.28222656367498,74.77000976537718,0.20223755909989918,-0.24,True
prospective_75153522_target_anchor_71908906,75153522,71908906,BP.JCNB.DP2,BP.JCNB.40.DP2,BP.JCNB.40.DP2,40,40,JCNB,DP2,250.0,2.0-40.0Hz,2.0,40.0,43.62952357243437,77.80753552832495,0.17793473099486848,-0.044,True
prospective_75153522_target_anchor_71908906,75153522,71908906,BP.JCNB.DP3,BP.JCNB.40.DP3,BP.JCNB.40.DP3,40,40,JCNB,DP3,250.0,2.0-10.0Hz,2.0,10.0,63.75832506427938,65.2839387045384,0.25526669654445694,-0.408,True
prospective_75153522_target_anchor_71908906,75153522,71908906,BP.JCNB.DP3,BP.JCNB.40.DP3,BP.JCNB.40.DP3,40,40,JCNB,DP3,250.0,5.0-20.0Hz,5.0,20.0,59.68061722609954,72.72401880810787,0.12192901671556293,-0.036,True
prospective_75153522_target_anchor_71908906,75153522,71908906,BP.JCNB.DP3,BP.JCNB.40.DP3,BP.JCNB.40.DP3,40,40,JCNB,DP3,250.0,10.0-40.0Hz,10.0,40.0,52.11916704715179,31.87504252324032,0.19316367695776562,-0.036,True
prospective_75153522_target_anchor_71908906,75153522,71908906,BP.JCNB.DP3,BP.JCNB.40.DP3,BP.JCNB.40.DP3,40,40,JCNB,DP3,250.0,2.0-40.0Hz,2.0,40.0,58.757283038519994,43.19837844145745,0.12186053785242026,-0.416,True
prospective_75153522_target_anchor_71908906,75153522,71908906,BP.JCSB.DP1,BP.JCSB.40.DP1,BP.JCSB.40.DP1,40,40,JCSB,DP1,250.0,2.0-10.0Hz,2.0,10.0,17.77472854201684,92.5952828267075,0.7977432336774956,-0.192,True
prospective_75153522_target_anchor_71908906,75153522,71908906,BP.JCSB.DP1,BP.JCSB.40.DP1,BP.JCSB.40.DP1,40,40,JCSB,DP1,250.0,5.0-20.0Hz,5.0,20.0,9.733408276564143,79.31301561363894,0.42720761388480505,-0.192,True
prospective_75153522_target_anchor_71908906,75153522,71908906,BP.JCSB.DP1,BP.JCSB.40.DP1,BP.JCSB.40.DP1,40,40,JCSB,DP1,250.0,10.0-40.0Hz,10.0,40.0,12.483854453552683,49.2741242090608,0.3920951325687378,-0.12,True
prospective_75153522_target_anchor_71908906,75153522,71908906,BP.JCSB.DP1,BP.JCSB.40.DP1,BP.JCSB.40.DP1,40,40,JCSB,DP1,250.0,2.0-40.0Hz,2.0,40.0,13.490833818334343,73.38374203735415,0.6231743435447812,-0.192,True
prospective_75153522_target_anchor_71908906,75153522,71908906,BP.JCSB.DP2,BP.JCSB.40.DP2,BP.JCSB.40.DP2,40,40,JCSB,DP2,250.0,2.0-10.0Hz,2.0,10.0,1.2793771645315422,1.4188224250848673,0.1281641169426561,-0.324,False
prospective_75153522_target_anchor_71908906,75153522,71908906,BP.JCSB.DP2,BP.JCSB.40.DP2,BP.JCSB.40.DP2,40,40,JCSB,DP2,250.0,5.0-20.0Hz,5.0,20.0,2.952704458089931,1.0654814768833234,0.10655337980183499,0.088,False
prospective_75153522_target_anchor_71908906,75153522,71908906,BP.JCSB.DP2,BP.JCSB.40.DP2,BP.JCSB.40.DP2,40,40,JCSB,DP2,250.0,10.0-40.0Hz,10.0,40.0,3.6613454487209376,1.0342693792324142,0.11047401596158765,0.336,False
prospective_75153522_target_anchor_71908906,75153522,71908906,BP.JCSB.DP2,BP.JCSB.40.DP2,BP.JCSB.40.DP2,40,40,JCSB,DP2,250.0,2.0-40.0Hz,2.0,40.0,2.398028323693038,1.3328383616402213,0.05068055225857383,-0.352,False
prospective_75153522_target_anchor_71908906,75153522,71908906,BP.JCSB.DP3,BP.JCSB.40.DP3,BP.JCSB.40.DP3,40,40,JCSB,DP3,250.0,2.0-10.0Hz,2.0,10.0,3.255436409084211,0.7987471003148984,0.03287305960865515,0.124,False
prospective_75153522_target_anchor_71908906,75153522,71908906,BP.JCSB.DP3,BP.JCSB.40.DP3,BP.JCSB.40.DP3,40,40,JCSB,DP3,250.0,5.0-20.0Hz,5.0,20.0,5.130252141904354,0.7947183209966747,0.01065222212155371,0.128,False
prospective_75153522_target_anchor_71908906,75153522,71908906,BP.JCSB.DP3,BP.JCSB.40.DP3,BP.JCSB.40.DP3,40,40,JCSB,DP3,250.0,10.0-40.0Hz,10.0,40.0,5.698772735976047,0.9913501680440678,0.005457941323759454,-0.424,False
prospective_75153522_target_anchor_71908906,75153522,71908906,BP.JCSB.DP3,BP.JCSB.40.DP3,BP.JCSB.40.DP3,40,40,JCSB,DP3,250.0,2.0-40.0Hz,2.0,40.0,4.6466510076774155,0.7947191735726994,0.012334849041530203,0.036,False
prospective_75153522_target_anchor_71908906,75153522,71908906,BP.LCCB.DP1,BP.LCCB.40.DP1,BP.LCCB.40.DP1,40,40,LCCB,DP1,250.0,2.0-10.0Hz,2.0,10.0,412.2847960287881,388.6230980745358,0.7528453038765681,-0.18,True
prospective_75153522_target_anchor_71908906,75153522,71908906,BP.LCCB.DP1,BP.LCCB.40.DP1,BP.LCCB.40.DP1,40,40,LCCB,DP1,250.0,5.0-20.0Hz,5.0,20.0,611.4410490270153,655.2146760035791,0.7173534117638264,-0.184,True
prospective_75153522_target_anchor_71908906,75153522,71908906,BP.LCCB.DP1,BP.LCCB.40.DP1,BP.LCCB.40.DP1,40,40,LCCB,DP1,250.0,10.0-40.0Hz,10.0,40.0,364.57418468858253,665.3380673771434,0.6221540747359482,-0.184,True
prospective_75153522_target_anchor_71908906,75153522,71908906,BP.LCCB.DP1,BP.LCCB.40.DP1,BP.LCCB.40.DP1,40,40,LCCB,DP1,250.0,2.0-40.0Hz,2.0,40.0,414.60859318024876,456.5823960969983,0.692700386546531,-0.184,True
prospective_75153522_target_anchor_71908906,75153522,71908906,BP.LCCB.DP2,BP.LCCB.40.DP2,BP.LCCB.40.DP2,40,40,LCCB,DP2,250.0,2.0-10.0Hz,2.0,10.0,89.11972577410475,370.25244285661216,0.8587401867213544,-0.196,True
prospective_75153522_target_anchor_71908906,75153522,71908906,BP.LCCB.DP2,BP.LCCB.40.DP2,BP.LCCB.40.DP2,40,40,LCCB,DP2,250.0,5.0-20.0Hz,5.0,20.0,110.03998202296259,337.05446507747877,0.5399628170201133,-0.184,True
prospective_75153522_target_anchor_71908906,75153522,71908906,BP.LCCB.DP2,BP.LCCB.40.DP2,BP.LCCB.40.DP2,40,40,LCCB,DP2,250.0,10.0-40.0Hz,10.0,40.0,69.27032139971409,209.63458291298872,0.35753061339197695,-0.108,True
prospective_75153522_target_anchor_71908906,75153522,71908906,BP.LCCB.DP2,BP.LCCB.40.DP2,BP.LCCB.40.DP2,40,40,LCCB,DP2,250.0,2.0-40.0Hz,2.0,40.0,78.24979443429474,252.40047063122205,0.43607123820433513,-0.184,True
prospective_75153522_target_anchor_71908906,75153522,71908906,BP.LCCB.DP3,BP.LCCB.40.DP3,BP.LCCB.40.DP3,40,40,LCCB,DP3,250.0,2.0-10.0Hz,2.0,10.0,413.6442288161517,383.39904025959527,0.6934222726573491,-0.176,True
prospective_75153522_target_anchor_71908906,75153522,71908906,BP.LCCB.DP3,BP.LCCB.40.DP3,BP.LCCB.40.DP3,40,40,LCCB,DP3,250.0,5.0-20.0Hz,5.0,20.0,604.2188948045488,534.0995998202474,0.5275899769875941,-0.184,True
prospective_75153522_target_anchor_71908906,75153522,71908906,BP.LCCB.DP3,BP.LCCB.40.DP3,BP.LCCB.40.DP3,40,40,LCCB,DP3,250.0,10.0-40.0Hz,10.0,40.0,328.48478943296,427.82652860976685,0.47319083196652195,-0.108,True
prospective_75153522_target_anchor_71908906,75153522,71908906,BP.LCCB.DP3,BP.LCCB.40.DP3,BP.LCCB.40.DP3,40,40,LCCB,DP3,250.0,2.0-40.0Hz,2.0,40.0,405.64735464030304,408.7900835376638,0.5766194206274916,-0.184,True
prospective_75153522_target_anchor_71908906,75153522,71908906,BP.MMNB.DP1,BP.MMNB.40.DP1,BP.MMNB.40.DP1,40,40,MMNB,DP1,250.0,2.0-10.0Hz,2.0,10.0,154.59364565667735,273.5856889250183,0.7152187513408255,-0.212,True
prospective_75153522_target_anchor_71908906,75153522,71908906,BP.MMNB.DP1,BP.MMNB.40.DP1,BP.MMNB.40.DP1,40,40,MMNB,DP1,250.0,5.0-20.0Hz,5.0,20.0,195.15026792589998,404.4541030243997,0.5990491611119636,-0.212,True
prospective_75153522_target_anchor_71908906,75153522,71908906,BP.MMNB.DP1,BP.MMNB.40.DP1,BP.MMNB.40.DP1,40,40,MMNB,DP1,250.0,10.0-40.0Hz,10.0,40.0,103.4354288389121,305.8036136760161,0.29044688137811375,-0.044,True
prospective_75153522_target_anchor_71908906,75153522,71908906,BP.MMNB.DP1,BP.MMNB.40.DP1,BP.MMNB.40.DP1,40,40,MMNB,DP1,250.0,2.0-40.0Hz,2.0,40.0,146.29408962315154,290.75465099748584,0.6172981471733106,-0.212,True
prospective_75153522_target_anchor_71908906,75153522,71908906,BP.MMNB.DP2,BP.MMNB.40.DP2,BP.MMNB.40.DP2,40,40,MMNB,DP2,250.0,2.0-10.0Hz,2.0,10.0,157.23263321830737,201.6483809082031,0.47896485549055395,-0.216,True
prospective_75153522_target_anchor_71908906,75153522,71908906,BP.MMNB.DP2,BP.MMNB.40.DP2,BP.MMNB.40.DP2,40,40,MMNB,DP2,250.0,5.0-20.0Hz,5.0,20.0,202.1193798281529,412.1440051018812,0.38652728397289793,-0.22,True
prospective_75153522_target_anchor_71908906,75153522,71908906,BP.MMNB.DP2,BP.MMNB.40.DP2,BP.MMNB.40.DP2,40,40,MMNB,DP2,250.0,10.0-40.0Hz,10.0,40.0,120.11096919598691,250.58337402843787,0.46618345181936843,-0.128,True
prospective_75153522_target_anchor_71908906,75153522,71908906,BP.MMNB.DP2,BP.MMNB.40.DP2,BP.MMNB.40.DP2,40,40,MMNB,DP2,250.0,2.0-40.0Hz,2.0,40.0,150.8630541350125,234.32330630076984,0.46452699996998514,-0.22,True
prospective_75153522_target_anchor_71908906,75153522,71908906,BP.MMNB.DP3,BP.MMNB.40.DP3,BP.MMNB.40.DP3,40,40,MMNB,DP3,250.0,2.0-10.0Hz,2.0,10.0,150.4108484801953,298.3604612906935,0.6579166758029437,-0.212,True
prospective_75153522_target_anchor_71908906,75153522,71908906,BP.MMNB.DP3,BP.MMNB.40.DP3,BP.MMNB.40.DP3,40,40,MMNB,DP3,250.0,5.0-20.0Hz,5.0,20.0,293.31707279631144,524.1423822912448,0.6348483621137896,-0.216,True
prospective_75153522_target_anchor_71908906,75153522,71908906,BP.MMNB.DP3,BP.MMNB.40.DP3,BP.MMNB.40.DP3,40,40,MMNB,DP3,250.0,10.0-40.0Hz,10.0,40.0,158.45225070179492,435.80131110191724,0.5439214770679159,-0.216,True
prospective_75153522_target_anchor_71908906,75153522,71908906,BP.MMNB.DP3,BP.MMNB.40.DP3,BP.MMNB.40.DP3,40,40,MMNB,DP3,250.0,2.0-40.0Hz,2.0,40.0,164.52645368653424,363.99500967387695,0.6201326387350438,-0.216,True
prospective_75153522_target_anchor_71908906,75153522,71908906,BP.SCYB.DP1,BP.SCYB.40.DP1,BP.SCYB.40.DP1,40,40,SCYB,DP1,250.0,2.0-10.0Hz,2.0,10.0,483.32887299266787,424.77326971623563,0.5044059769466275,-0.152,True
prospective_75153522_target_anchor_71908906,75153522,71908906,BP.SCYB.DP1,BP.SCYB.40.DP1,BP.SCYB.40.DP1,40,40,SCYB,DP1,250.0,5.0-20.0Hz,5.0,20.0,660.2873052614303,698.9145956646441,0.30257012853870635,-0.168,True
prospective_75153522_target_anchor_71908906,75153522,71908906,BP.SCYB.DP1,BP.SCYB.40.DP1,BP.SCYB.40.DP1,40,40,SCYB,DP1,250.0,10.0-40.0Hz,10.0,40.0,438.90522130047754,552.5651222182054,0.2681336027045342,-0.172,True
prospective_75153522_target_anchor_71908906,75153522,71908906,BP.SCYB.DP1,BP.SCYB.40.DP1,BP.SCYB.40.DP1,40,40,SCYB,DP1,250.0,2.0-40.0Hz,2.0,40.0,487.80496970966766,489.33150116705906,0.392540111794733,-0.164,True
prospective_75153522_target_anchor_71908906,75153522,71908906,BP.SCYB.DP2,BP.SCYB.40.DP2,BP.SCYB.40.DP2,40,40,SCYB,DP2,250.0,2.0-10.0Hz,2.0,10.0,571.4969362130662,492.4760993473577,0.558268551389999,-0.164,True
prospective_75153522_target_anchor_71908906,75153522,71908906,BP.SCYB.DP2,BP.SCYB.40.DP2,BP.SCYB.40.DP2,40,40,SCYB,DP2,250.0,5.0-20.0Hz,5.0,20.0,679.8957980061074,531.0463618609729,0.48758574674939564,-0.172,True
prospective_75153522_target_anchor_71908906,75153522,71908906,BP.SCYB.DP2,BP.SCYB.40.DP2,BP.SCYB.40.DP2,40,40,SCYB,DP2,250.0,10.0-40.0Hz,10.0,40.0,234.3268483235229,391.801906022864,0.4540454479582114,-0.18,True
prospective_75153522_target_anchor_71908906,75153522,71908906,BP.SCYB.DP2,BP.SCYB.40.DP2,BP.SCYB.40.DP2,40,40,SCYB,DP2,250.0,2.0-40.0Hz,2.0,40.0,492.0129283234793,480.4006635118822,0.49838057489107507,-0.168,True
prospective_75153522_target_anchor_71908906,75153522,71908906,BP.SCYB.DP3,BP.SCYB.40.DP3,BP.SCYB.40.DP3,40,40,SCYB,DP3,250.0,2.0-10.0Hz,2.0,10.0,609.6754570244709,376.9747811525326,0.6906837024374242,-0.16,True
prospective_75153522_target_anchor_71908906,75153522,71908906,BP.SCYB.DP3,BP.SCYB.40.DP3,BP.SCYB.40.DP3,40,40,SCYB,DP3,250.0,5.0-20.0Hz,5.0,20.0,919.89462858584,568.7048078389416,0.6317683528289433,-0.164,True
prospective_75153522_target_anchor_71908906,75153522,71908906,BP.SCYB.DP3,BP.SCYB.40.DP3,BP.SCYB.40.DP3,40,40,SCYB,DP3,250.0,10.0-40.0Hz,10.0,40.0,463.297086477724,364.306042693082,0.5133787374837764,-0.164,True
prospective_75153522_target_anchor_71908906,75153522,71908906,BP.SCYB.DP3,BP.SCYB.40.DP3,BP.SCYB.40.DP3,40,40,SCYB,DP3,250.0,2.0-40.0Hz,2.0,40.0,572.3378842496932,382.4723035116476,0.6313853333020057,-0.164,True
prospective_75153522_target_anchor_71908906,75153522,71908906,BP.SMNB.DP1,BP.SMNB.40.DP1,BP.SMNB.40.DP1,40,40,SMNB,DP1,250.0,2.0-10.0Hz,2.0,10.0,245.44630476257905,105.34028382348525,0.49344267402491765,-0.092,True
prospective_75153522_target_anchor_71908906,75153522,71908906,BP.SMNB.DP1,BP.SMNB.40.DP1,BP.SMNB.40.DP1,40,40,SMNB,DP1,250.0,5.0-20.0Hz,5.0,20.0,491.66864697292095,162.9353957636392,0.25853431222378015,-0.08,True
prospective_75153522_target_anchor_71908906,75153522,71908906,BP.SMNB.DP1,BP.SMNB.40.DP1,BP.SMNB.40.DP1,40,40,SMNB,DP1,250.0,10.0-40.0Hz,10.0,40.0,579.2110347959699,391.6775460224132,0.2053530256534822,0.024,True
prospective_75153522_target_anchor_71908906,75153522,71908906,BP.SMNB.DP1,BP.SMNB.40.DP1,BP.SMNB.40.DP1,40,40,SMNB,DP1,250.0,2.0-40.0Hz,2.0,40.0,348.9333080555032,169.77321474093586,0.2906392465417279,-0.076,True
prospective_75153522_target_anchor_71908906,75153522,71908906,BP.SMNB.DP2,BP.SMNB.40.DP2,BP.SMNB.40.DP2,40,40,SMNB,DP2,250.0,2.0-10.0Hz,2.0,10.0,285.1903843730098,243.03478847790504,0.4153948819075779,-0.088,True
prospective_75153522_target_anchor_71908906,75153522,71908906,BP.SMNB.DP2,BP.SMNB.40.DP2,BP.SMNB.40.DP2,40,40,SMNB,DP2,250.0,5.0-20.0Hz,5.0,20.0,554.4517639448566,340.5343749183016,0.26688613223699975,0.292,True
prospective_75153522_target_anchor_71908906,75153522,71908906,BP.SMNB.DP2,BP.SMNB.40.DP2,BP.SMNB.40.DP2,40,40,SMNB,DP2,250.0,10.0-40.0Hz,10.0,40.0,608.0841166245423,481.42502087639986,0.2320336589737968,0.032,True
prospective_75153522_target_anchor_71908906,75153522,71908906,BP.SMNB.DP2,BP.SMNB.40.DP2,BP.SMNB.40.DP2,40,40,SMNB,DP2,250.0,2.0-40.0Hz,2.0,40.0,391.01428751935873,364.11505856959803,0.21278233236377647,-0.068,True
prospective_75153522_target_anchor_71908906,75153522,71908906,BP.SMNB.DP3,BP.SMNB.40.DP3,BP.SMNB.40.DP3,40,40,SMNB,DP3,250.0,2.0-10.0Hz,2.0,10.0,237.11076236396852,275.86870322940007,0.6185938482515186,-0.08,True
prospective_75153522_target_anchor_71908906,75153522,71908906,BP.SMNB.DP3,BP.SMNB.40.DP3,BP.SMNB.40.DP3,40,40,SMNB,DP3,250.0,5.0-20.0Hz,5.0,20.0,541.2127842025029,485.1493650646095,0.21870626718176248,-0.084,True
prospective_75153522_target_anchor_71908906,75153522,71908906,BP.SMNB.DP3,BP.SMNB.40.DP3,BP.SMNB.40.DP3,40,40,SMNB,DP3,250.0,10.0-40.0Hz,10.0,40.0,685.4711145582421,833.9828321660225,0.1634942318519277,-0.132,True
prospective_75153522_target_anchor_71908906,75153522,71908906,BP.SMNB.DP3,BP.SMNB.40.DP3,BP.SMNB.40.DP3,40,40,SMNB,DP3,250.0,2.0-40.0Hz,2.0,40.0,400.9212172873177,533.6046788214626,0.21706395104636558,-0.084,True
prospective_75153522_target_anchor_71908906,75153522,71908906,NC.PSM.EHE,NC.PSM..EHE,NC.PSM..EHE,,,PSM,EHE,100.0,2.0-10.0Hz,2.0,10.0,0.9696746353733536,251.57587798609362,0.16610756817968508,0.5,False
prospective_75153522_target_anchor_71908906,75153522,71908906,NC.PSM.EHE,NC.PSM..EHE,NC.PSM..EHE,,,PSM,EHE,100.0,5.0-20.0Hz,5.0,20.0,0.9312949956425075,268.0700771061136,0.13418166629906997,-0.46,False
prospective_75153522_target_anchor_71908906,75153522,71908906,NC.PSM.EHE,NC.PSM..EHE,NC.PSM..EHE,,,PSM,EHE,100.0,10.0-40.0Hz,10.0,40.0,0.9686109564793793,57.170119769256274,0.11638519710847728,-0.1,False
prospective_75153522_target_anchor_71908906,75153522,71908906,NC.PSM.EHE,NC.PSM..EHE,NC.PSM..EHE,,,PSM,EHE,100.0,2.0-40.0Hz,2.0,40.0,0.9652769958171912,205.27363818220175,0.09754242791779205,0.5,False
prospective_75153522_target_anchor_71908906,75153522,71908906,NC.PSM.EHN,NC.PSM..EHN,NC.PSM..EHN,,,PSM,EHN,100.0,2.0-10.0Hz,2.0,10.0,442.5838038492121,331.28703737128865,0.8431097785523108,0.13,True
prospective_75153522_target_anchor_71908906,75153522,71908906,NC.PSM.EHN,NC.PSM..EHN,NC.PSM..EHN,,,PSM,EHN,100.0,5.0-20.0Hz,5.0,20.0,258.94860671563237,232.19793777907023,0.560619426231821,0.14,True
prospective_75153522_target_anchor_71908906,75153522,71908906,NC.PSM.EHN,NC.PSM..EHN,NC.PSM..EHN,,,PSM,EHN,100.0,10.0-40.0Hz,10.0,40.0,52.03075772545351,64.54766349419552,0.30680429452590713,0.05,True
prospective_75153522_target_anchor_71908906,75153522,71908906,NC.PSM.EHN,NC.PSM..EHN,NC.PSM..EHN,,,PSM,EHN,100.0,2.0-40.0Hz,2.0,40.0,287.66431941312936,252.6120612829873,0.8206213868338201,0.13,True
prospective_75153522_target_anchor_71908906,75153522,71908906,NC.PSM.EHZ,NC.PSM..EHZ,NC.PSM..EHZ,,,PSM,EHZ,100.0,2.0-10.0Hz,2.0,10.0,345.06263007613865,307.2606354011406,0.6769986288342783,0.14,True
prospective_75153522_target_anchor_71908906,75153522,71908906,NC.PSM.EHZ,NC.PSM..EHZ,NC.PSM..EHZ,,,PSM,EHZ,100.0,5.0-20.0Hz,5.0,20.0,254.50324968591713,262.2829261588481,0.4873183430514764,0.14,True
prospective_75153522_target_anchor_71908906,75153522,71908906,NC.PSM.EHZ,NC.PSM..EHZ,NC.PSM..EHZ,,,PSM,EHZ,100.0,10.0-40.0Hz,10.0,40.0,61.81337981107511,68.24036308896693,0.4862420966261164,0.14,True
prospective_75153522_target_anchor_71908906,75153522,71908906,NC.PSM.EHZ,NC.PSM..EHZ,NC.PSM..EHZ,,,PSM,EHZ,100.0,2.0-40.0Hz,2.0,40.0,237.68348478320334,230.90320134013052,0.6633784192547615,0.14,True
prospective_75153522_target_anchor_72154411,75153522,72154411,BK.PKD.HHE,BK.PKD.00.HHE,BK.PKD.00.HHE,00,00,PKD,HHE,100.0,2.0-10.0Hz,2.0,10.0,46.38622257714025,208.58278561501086,0.3359790896842297,-0.17,True
prospective_75153522_target_anchor_72154411,75153522,72154411,BK.PKD.HHE,BK.PKD.00.HHE,BK.PKD.00.HHE,00,00,PKD,HHE,100.0,5.0-20.0Hz,5.0,20.0,77.44708197894509,320.0887750958837,0.29377446293583914,-0.18,True
prospective_75153522_target_anchor_72154411,75153522,72154411,BK.PKD.HHE,BK.PKD.00.HHE,BK.PKD.00.HHE,00,00,PKD,HHE,100.0,10.0-40.0Hz,10.0,40.0,29.684445678938236,183.6041769524881,0.26834997158689294,-0.01,True
prospective_75153522_target_anchor_72154411,75153522,72154411,BK.PKD.HHE,BK.PKD.00.HHE,BK.PKD.00.HHE,00,00,PKD,HHE,100.0,2.0-40.0Hz,2.0,40.0,44.303897219941554,212.1055199270761,0.2823660782001368,-0.17,True
prospective_75153522_target_anchor_72154411,75153522,72154411,BK.PKD.HHN,BK.PKD.00.HHN,BK.PKD.00.HHN,00,00,PKD,HHN,100.0,2.0-10.0Hz,2.0,10.0,43.788434038203434,212.19936744317755,0.3645606992249502,-0.17,True
prospective_75153522_target_anchor_72154411,75153522,72154411,BK.PKD.HHN,BK.PKD.00.HHN,BK.PKD.00.HHN,00,00,PKD,HHN,100.0,5.0-20.0Hz,5.0,20.0,83.72069060106622,411.51266098775875,0.3107923979641143,-0.01,True
prospective_75153522_target_anchor_72154411,75153522,72154411,BK.PKD.HHN,BK.PKD.00.HHN,BK.PKD.00.HHN,00,00,PKD,HHN,100.0,10.0-40.0Hz,10.0,40.0,43.354452880768704,239.44507453566303,0.36443967747713363,-0.08,True
prospective_75153522_target_anchor_72154411,75153522,72154411,BK.PKD.HHN,BK.PKD.00.HHN,BK.PKD.00.HHN,00,00,PKD,HHN,100.0,2.0-40.0Hz,2.0,40.0,46.42831089043836,228.35762056134425,0.2527887901587604,-0.17,True
prospective_75153522_target_anchor_72154411,75153522,72154411,BK.PKD.HHZ,BK.PKD.00.HHZ,BK.PKD.00.HHZ,00,00,PKD,HHZ,100.0,2.0-10.0Hz,2.0,10.0,57.4556340319374,140.68613199531555,0.33672268822268,-0.08,True
prospective_75153522_target_anchor_72154411,75153522,72154411,BK.PKD.HHZ,BK.PKD.00.HHZ,BK.PKD.00.HHZ,00,00,PKD,HHZ,100.0,5.0-20.0Hz,5.0,20.0,89.13445045207345,326.6350922469997,0.45728284636594557,-0.08,True
prospective_75153522_target_anchor_72154411,75153522,72154411,BK.PKD.HHZ,BK.PKD.00.HHZ,BK.PKD.00.HHZ,00,00,PKD,HHZ,100.0,10.0-40.0Hz,10.0,40.0,84.0744551268653,325.0297196422904,0.46745452491980083,-0.08,True
prospective_75153522_target_anchor_72154411,75153522,72154411,BK.PKD.HHZ,BK.PKD.00.HHZ,BK.PKD.00.HHZ,00,00,PKD,HHZ,100.0,2.0-40.0Hz,2.0,40.0,69.15467470582291,205.9657628367687,0.4154286848776161,-0.08,True
prospective_75153522_target_anchor_72154411,75153522,72154411,BP.CCRB.DP1,BP.CCRB.40.DP1,BP.CCRB.40.DP1,40,40,CCRB,DP1,250.0,2.0-10.0Hz,2.0,10.0,38.409909229102276,572.4838204920397,0.572558119712863,-0.076,True
prospective_75153522_target_anchor_72154411,75153522,72154411,BP.CCRB.DP1,BP.CCRB.40.DP1,BP.CCRB.40.DP1,40,40,CCRB,DP1,250.0,5.0-20.0Hz,5.0,20.0,220.79846431514625,2112.5343031014104,0.8294130980065038,-0.08,True
prospective_75153522_target_anchor_72154411,75153522,72154411,BP.CCRB.DP1,BP.CCRB.40.DP1,BP.CCRB.40.DP1,40,40,CCRB,DP1,250.0,10.0-40.0Hz,10.0,40.0,406.166220481448,2960.226382861448,0.8573860047916017,-0.08,True
prospective_75153522_target_anchor_72154411,75153522,72154411,BP.CCRB.DP1,BP.CCRB.40.DP1,BP.CCRB.40.DP1,40,40,CCRB,DP1,250.0,2.0-40.0Hz,2.0,40.0,118.23714851050774,1773.4327290665647,0.8276608896231202,-0.08,True
prospective_75153522_target_anchor_72154411,75153522,72154411,BP.CCRB.DP2,BP.CCRB.40.DP2,BP.CCRB.40.DP2,40,40,CCRB,DP2,250.0,2.0-10.0Hz,2.0,10.0,48.627161600079994,498.6879717180122,0.47895244408757126,-0.168,True
prospective_75153522_target_anchor_72154411,75153522,72154411,BP.CCRB.DP2,BP.CCRB.40.DP2,BP.CCRB.40.DP2,40,40,CCRB,DP2,250.0,5.0-20.0Hz,5.0,20.0,109.56686123460094,1116.2469158304011,0.3732155058712033,-0.156,True
prospective_75153522_target_anchor_72154411,75153522,72154411,BP.CCRB.DP2,BP.CCRB.40.DP2,BP.CCRB.40.DP2,40,40,CCRB,DP2,250.0,10.0-40.0Hz,10.0,40.0,147.67259433984847,1019.2889769069969,0.43986661731985993,-0.08,True
prospective_75153522_target_anchor_72154411,75153522,72154411,BP.CCRB.DP2,BP.CCRB.40.DP2,BP.CCRB.40.DP2,40,40,CCRB,DP2,250.0,2.0-40.0Hz,2.0,40.0,65.48682747664624,718.1912335017189,0.31613379398487806,-0.156,True
prospective_75153522_target_anchor_72154411,75153522,72154411,BP.CCRB.DP3,BP.CCRB.40.DP3,BP.CCRB.40.DP3,40,40,CCRB,DP3,250.0,2.0-10.0Hz,2.0,10.0,49.64728319987919,659.4461359271244,0.31230273535313546,-0.08,True
prospective_75153522_target_anchor_72154411,75153522,72154411,BP.CCRB.DP3,BP.CCRB.40.DP3,BP.CCRB.40.DP3,40,40,CCRB,DP3,250.0,5.0-20.0Hz,5.0,20.0,165.59908507907218,1324.243259733028,0.4864731977286885,-0.08,True
prospective_75153522_target_anchor_72154411,75153522,72154411,BP.CCRB.DP3,BP.CCRB.40.DP3,BP.CCRB.40.DP3,40,40,CCRB,DP3,250.0,10.0-40.0Hz,10.0,40.0,217.13307935338108,1420.2795343342214,0.6852109372747693,-0.08,True
prospective_75153522_target_anchor_72154411,75153522,72154411,BP.CCRB.DP3,BP.CCRB.40.DP3,BP.CCRB.40.DP3,40,40,CCRB,DP3,250.0,2.0-40.0Hz,2.0,40.0,79.47853790307082,1043.156285384481,0.5255268980674949,-0.08,True
prospective_75153522_target_anchor_72154411,75153522,72154411,BP.EADB.DP1,BP.EADB.40.DP1,BP.EADB.40.DP1,40,40,EADB,DP1,250.0,2.0-10.0Hz,2.0,10.0,18.703093445060684,56.13218635261917,0.5091027407339601,-0.136,True
prospective_75153522_target_anchor_72154411,75153522,72154411,BP.EADB.DP1,BP.EADB.40.DP1,BP.EADB.40.DP1,40,40,EADB,DP1,250.0,5.0-20.0Hz,5.0,20.0,20.793304326443543,70.01757633861465,0.38990555100170277,0.212,True
prospective_75153522_target_anchor_72154411,75153522,72154411,BP.EADB.DP1,BP.EADB.40.DP1,BP.EADB.40.DP1,40,40,EADB,DP1,250.0,10.0-40.0Hz,10.0,40.0,13.721337693669971,36.46613454846028,0.36067535997945843,-0.092,True
prospective_75153522_target_anchor_72154411,75153522,72154411,BP.EADB.DP1,BP.EADB.40.DP1,BP.EADB.40.DP1,40,40,EADB,DP1,250.0,2.0-40.0Hz,2.0,40.0,17.94434174681031,55.856866592544534,0.42717892183175693,-0.14,True
prospective_75153522_target_anchor_72154411,75153522,72154411,BP.EADB.DP2,BP.EADB.40.DP2,BP.EADB.40.DP2,40,40,EADB,DP2,250.0,2.0-10.0Hz,2.0,10.0,44.999204770051826,97.47045891617876,0.7526356289550081,-0.148,True
prospective_75153522_target_anchor_72154411,75153522,72154411,BP.EADB.DP2,BP.EADB.40.DP2,BP.EADB.40.DP2,40,40,EADB,DP2,250.0,5.0-20.0Hz,5.0,20.0,15.524576673654382,63.54543843077083,0.4801175361973593,-0.324,True
prospective_75153522_target_anchor_72154411,75153522,72154411,BP.EADB.DP2,BP.EADB.40.DP2,BP.EADB.40.DP2,40,40,EADB,DP2,250.0,10.0-40.0Hz,10.0,40.0,5.440909420921906,27.076588856716825,0.3766893326305198,-0.096,True
prospective_75153522_target_anchor_72154411,75153522,72154411,BP.EADB.DP2,BP.EADB.40.DP2,BP.EADB.40.DP2,40,40,EADB,DP2,250.0,2.0-40.0Hz,2.0,40.0,25.552772487255048,77.95537933792461,0.6956150286441886,-0.148,True
prospective_75153522_target_anchor_72154411,75153522,72154411,BP.EADB.DP3,BP.EADB.40.DP3,BP.EADB.40.DP3,40,40,EADB,DP3,250.0,2.0-10.0Hz,2.0,10.0,44.67415457189191,5.084828999795116,0.7933985545558695,-0.148,True
prospective_75153522_target_anchor_72154411,75153522,72154411,BP.EADB.DP3,BP.EADB.40.DP3,BP.EADB.40.DP3,40,40,EADB,DP3,250.0,5.0-20.0Hz,5.0,20.0,14.48262538703522,1.9451008580469002,0.39055005509665897,-0.328,False
prospective_75153522_target_anchor_72154411,75153522,72154411,BP.EADB.DP3,BP.EADB.40.DP3,BP.EADB.40.DP3,40,40,EADB,DP3,250.0,10.0-40.0Hz,10.0,40.0,7.128104259855315,1.107160319548804,0.19612615421699903,-0.024,False
prospective_75153522_target_anchor_72154411,75153522,72154411,BP.EADB.DP3,BP.EADB.40.DP3,BP.EADB.40.DP3,40,40,EADB,DP3,250.0,2.0-40.0Hz,2.0,40.0,32.59123815493523,2.2072033626662217,0.6746798937892897,-0.148,False
prospective_75153522_target_anchor_72154411,75153522,72154411,BP.FROB.DP1,BP.FROB.40.DP1,BP.FROB.40.DP1,40,40,FROB,DP1,250.0,2.0-10.0Hz,2.0,10.0,7.91399984668251,5.722939461635899,0.3179600745113438,-0.152,True
prospective_75153522_target_anchor_72154411,75153522,72154411,BP.FROB.DP1,BP.FROB.40.DP1,BP.FROB.40.DP1,40,40,FROB,DP1,250.0,5.0-20.0Hz,5.0,20.0,13.747073237840448,7.272788809539268,0.29852026873727777,-0.156,True
prospective_75153522_target_anchor_72154411,75153522,72154411,BP.FROB.DP1,BP.FROB.40.DP1,BP.FROB.40.DP1,40,40,FROB,DP1,250.0,10.0-40.0Hz,10.0,40.0,13.65694765770038,8.177018143473815,0.21585322910313226,-0.088,True
prospective_75153522_target_anchor_72154411,75153522,72154411,BP.FROB.DP1,BP.FROB.40.DP1,BP.FROB.40.DP1,40,40,FROB,DP1,250.0,2.0-40.0Hz,2.0,40.0,10.923044903447382,7.155621378426047,0.24538990665220392,-0.156,True
prospective_75153522_target_anchor_72154411,75153522,72154411,BP.FROB.DP2,BP.FROB.40.DP2,BP.FROB.40.DP2,40,40,FROB,DP2,250.0,2.0-10.0Hz,2.0,10.0,7.5245490660295875,4.784844442391704,0.34838867770563614,-0.168,True
prospective_75153522_target_anchor_72154411,75153522,72154411,BP.FROB.DP2,BP.FROB.40.DP2,BP.FROB.40.DP2,40,40,FROB,DP2,250.0,5.0-20.0Hz,5.0,20.0,13.477460073012738,9.64473702316851,0.23243893288039885,-0.16,True
prospective_75153522_target_anchor_72154411,75153522,72154411,BP.FROB.DP2,BP.FROB.40.DP2,BP.FROB.40.DP2,40,40,FROB,DP2,250.0,10.0-40.0Hz,10.0,40.0,12.766414787862736,19.416849153359056,0.2158776088881347,-0.084,True
prospective_75153522_target_anchor_72154411,75153522,72154411,BP.FROB.DP2,BP.FROB.40.DP2,BP.FROB.40.DP2,40,40,FROB,DP2,250.0,2.0-40.0Hz,2.0,40.0,10.52497115507006,9.027749435886362,0.16255708389577075,-0.168,True
prospective_75153522_target_anchor_72154411,75153522,72154411,BP.FROB.DP3,BP.FROB.40.DP3,BP.FROB.40.DP3,40,40,FROB,DP3,250.0,2.0-10.0Hz,2.0,10.0,9.817376665828174,15.515613548469657,0.5228966179991605,-0.148,True
prospective_75153522_target_anchor_72154411,75153522,72154411,BP.FROB.DP3,BP.FROB.40.DP3,BP.FROB.40.DP3,40,40,FROB,DP3,250.0,5.0-20.0Hz,5.0,20.0,12.100351759630108,23.89901949930863,0.39628635813357316,-0.144,True
prospective_75153522_target_anchor_72154411,75153522,72154411,BP.FROB.DP3,BP.FROB.40.DP3,BP.FROB.40.DP3,40,40,FROB,DP3,250.0,10.0-40.0Hz,10.0,40.0,9.853618241711544,32.440560669324555,0.16052924242037162,0.344,True
prospective_75153522_target_anchor_72154411,75153522,72154411,BP.FROB.DP3,BP.FROB.40.DP3,BP.FROB.40.DP3,40,40,FROB,DP3,250.0,2.0-40.0Hz,2.0,40.0,9.992241052055737,19.345658422429747,0.3441041820916418,-0.148,True
prospective_75153522_target_anchor_72154411,75153522,72154411,BP.GHIB.DP1,BP.GHIB.40.DP1,BP.GHIB.40.DP1,40,40,GHIB,DP1,250.0,2.0-10.0Hz,2.0,10.0,6.010282345998465,9.884206680862867,0.3099043347189806,-0.06,True
prospective_75153522_target_anchor_72154411,75153522,72154411,BP.GHIB.DP1,BP.GHIB.40.DP1,BP.GHIB.40.DP1,40,40,GHIB,DP1,250.0,5.0-20.0Hz,5.0,20.0,7.112077770148491,20.883680646214852,0.28777587443689456,-0.316,True
prospective_75153522_target_anchor_72154411,75153522,72154411,BP.GHIB.DP1,BP.GHIB.40.DP1,BP.GHIB.40.DP1,40,40,GHIB,DP1,250.0,10.0-40.0Hz,10.0,40.0,4.917519551125327,15.47630969548618,0.29009609424609356,0.052,True
prospective_75153522_target_anchor_72154411,75153522,72154411,BP.GHIB.DP1,BP.GHIB.40.DP1,BP.GHIB.40.DP1,40,40,GHIB,DP1,250.0,2.0-40.0Hz,2.0,40.0,5.77176128519032,11.422631692014507,0.2607574020257862,-0.312,True
prospective_75153522_target_anchor_72154411,75153522,72154411,BP.GHIB.DP3,BP.GHIB.40.DP3,BP.GHIB.40.DP3,40,40,GHIB,DP3,250.0,2.0-10.0Hz,2.0,10.0,1.1150692001528721,5.771009144948756,0.2443815454745522,-0.076,False
prospective_75153522_target_anchor_72154411,75153522,72154411,BP.GHIB.DP3,BP.GHIB.40.DP3,BP.GHIB.40.DP3,40,40,GHIB,DP3,250.0,5.0-20.0Hz,5.0,20.0,1.2332964679749836,15.708621968240672,0.21572760605462052,0.044,False
prospective_75153522_target_anchor_72154411,75153522,72154411,BP.GHIB.DP3,BP.GHIB.40.DP3,BP.GHIB.40.DP3,40,40,GHIB,DP3,250.0,10.0-40.0Hz,10.0,40.0,1.1242483173637872,13.017977506841275,0.19020788131472557,-0.02,False
prospective_75153522_target_anchor_72154411,75153522,72154411,BP.GHIB.DP3,BP.GHIB.40.DP3,BP.GHIB.40.DP3,40,40,GHIB,DP3,250.0,2.0-40.0Hz,2.0,40.0,1.1375042418919683,6.691564756487841,0.18452515285602358,-0.08,False
prospective_75153522_target_anchor_72154411,75153522,72154411,BP.JCNB.DP1,BP.JCNB.40.DP1,BP.JCNB.40.DP1,40,40,JCNB,DP1,250.0,2.0-10.0Hz,2.0,10.0,57.477451273071665,152.0830760610662,0.7049597159884614,-0.184,True
prospective_75153522_target_anchor_72154411,75153522,72154411,BP.JCNB.DP1,BP.JCNB.40.DP1,BP.JCNB.40.DP1,40,40,JCNB,DP1,250.0,5.0-20.0Hz,5.0,20.0,54.42374363588117,157.35917582326263,0.4485338520279678,-0.18,True
prospective_75153522_target_anchor_72154411,75153522,72154411,BP.JCNB.DP1,BP.JCNB.40.DP1,BP.JCNB.40.DP1,40,40,JCNB,DP1,250.0,10.0-40.0Hz,10.0,40.0,13.948760390904239,40.68891121741949,0.3130563058181607,-0.088,True
prospective_75153522_target_anchor_72154411,75153522,72154411,BP.JCNB.DP1,BP.JCNB.40.DP1,BP.JCNB.40.DP1,40,40,JCNB,DP1,250.0,2.0-40.0Hz,2.0,40.0,24.44756926769244,67.72188848315149,0.43024969285633163,-0.18,True
prospective_75153522_target_anchor_72154411,75153522,72154411,BP.JCNB.DP2,BP.JCNB.40.DP2,BP.JCNB.40.DP2,40,40,JCNB,DP2,250.0,2.0-10.0Hz,2.0,10.0,55.66570521266716,147.65456971088813,0.3398339321472583,-0.176,True
prospective_75153522_target_anchor_72154411,75153522,72154411,BP.JCNB.DP2,BP.JCNB.40.DP2,BP.JCNB.40.DP2,40,40,JCNB,DP2,250.0,5.0-20.0Hz,5.0,20.0,48.52899502448432,132.41913818199663,0.14244949971504034,-0.024,True
prospective_75153522_target_anchor_72154411,75153522,72154411,BP.JCNB.DP2,BP.JCNB.40.DP2,BP.JCNB.40.DP2,40,40,JCNB,DP2,250.0,10.0-40.0Hz,10.0,40.0,34.28222656367498,121.92276518797607,0.14449785023969022,0.048,True
prospective_75153522_target_anchor_72154411,75153522,72154411,BP.JCNB.DP2,BP.JCNB.40.DP2,BP.JCNB.40.DP2,40,40,JCNB,DP2,250.0,2.0-40.0Hz,2.0,40.0,43.62952357243437,123.16290914334172,0.1349802792335281,-0.024,True
prospective_75153522_target_anchor_72154411,75153522,72154411,BP.JCNB.DP3,BP.JCNB.40.DP3,BP.JCNB.40.DP3,40,40,JCNB,DP3,250.0,2.0-10.0Hz,2.0,10.0,63.75832506427938,240.63459964136968,0.5775071524201604,-0.244,True
prospective_75153522_target_anchor_72154411,75153522,72154411,BP.JCNB.DP3,BP.JCNB.40.DP3,BP.JCNB.40.DP3,40,40,JCNB,DP3,250.0,5.0-20.0Hz,5.0,20.0,59.68061722609954,80.68623903451837,0.3307357269559739,-0.24,True
prospective_75153522_target_anchor_72154411,75153522,72154411,BP.JCNB.DP3,BP.JCNB.40.DP3,BP.JCNB.40.DP3,40,40,JCNB,DP3,250.0,10.0-40.0Hz,10.0,40.0,52.11916704715179,61.514196947894355,0.20176968056355526,-0.244,True
prospective_75153522_target_anchor_72154411,75153522,72154411,BP.JCNB.DP3,BP.JCNB.40.DP3,BP.JCNB.40.DP3,40,40,JCNB,DP3,250.0,2.0-40.0Hz,2.0,40.0,58.757283038519994,76.08224434430014,0.3245310525028822,-0.244,True
prospective_75153522_target_anchor_72154411,75153522,72154411,BP.JCSB.DP1,BP.JCSB.40.DP1,BP.JCSB.40.DP1,40,40,JCSB,DP1,250.0,2.0-10.0Hz,2.0,10.0,17.77472854201684,392.56419131178984,0.797696195928788,-0.168,True
prospective_75153522_target_anchor_72154411,75153522,72154411,BP.JCSB.DP1,BP.JCSB.40.DP1,BP.JCSB.40.DP1,40,40,JCSB,DP1,250.0,5.0-20.0Hz,5.0,20.0,9.733408276564143,428.6848147700607,0.43267035828908523,-0.168,True
prospective_75153522_target_anchor_72154411,75153522,72154411,BP.JCSB.DP1,BP.JCSB.40.DP1,BP.JCSB.40.DP1,40,40,JCSB,DP1,250.0,10.0-40.0Hz,10.0,40.0,12.483854453552683,251.10138972363671,0.39353934742634716,-0.096,True
prospective_75153522_target_anchor_72154411,75153522,72154411,BP.JCSB.DP1,BP.JCSB.40.DP1,BP.JCSB.40.DP1,40,40,JCSB,DP1,250.0,2.0-40.0Hz,2.0,40.0,13.490833818334343,352.0787489937156,0.629590566926912,-0.168,True
prospective_75153522_target_anchor_72154411,75153522,72154411,BP.JCSB.DP2,BP.JCSB.40.DP2,BP.JCSB.40.DP2,40,40,JCSB,DP2,250.0,2.0-10.0Hz,2.0,10.0,1.2793771645315422,5.335738275194829,0.42129700288851585,-0.172,False
prospective_75153522_target_anchor_72154411,75153522,72154411,BP.JCSB.DP2,BP.JCSB.40.DP2,BP.JCSB.40.DP2,40,40,JCSB,DP2,250.0,5.0-20.0Hz,5.0,20.0,2.952704458089931,10.84325234805489,0.3610181089682669,-0.1,False
prospective_75153522_target_anchor_72154411,75153522,72154411,BP.JCSB.DP2,BP.JCSB.40.DP2,BP.JCSB.40.DP2,40,40,JCSB,DP2,250.0,10.0-40.0Hz,10.0,40.0,3.6613454487209376,15.372505126087677,0.421638166810297,-0.092,True
prospective_75153522_target_anchor_72154411,75153522,72154411,BP.JCSB.DP2,BP.JCSB.40.DP2,BP.JCSB.40.DP2,40,40,JCSB,DP2,250.0,2.0-40.0Hz,2.0,40.0,2.398028323693038,11.560797834630742,0.32098972120691566,-0.092,False
prospective_75153522_target_anchor_72154411,75153522,72154411,BP.JCSB.DP3,BP.JCSB.40.DP3,BP.JCSB.40.DP3,40,40,JCSB,DP3,250.0,2.0-10.0Hz,2.0,10.0,3.255436409084211,1.0280680091228738,0.26071971659373294,-0.168,False
prospective_75153522_target_anchor_72154411,75153522,72154411,BP.JCSB.DP3,BP.JCSB.40.DP3,BP.JCSB.40.DP3,40,40,JCSB,DP3,250.0,5.0-20.0Hz,5.0,20.0,5.130252141904354,1.0878846870588845,0.2496523586155671,-0.04,False
prospective_75153522_target_anchor_72154411,75153522,72154411,BP.JCSB.DP3,BP.JCSB.40.DP3,BP.JCSB.40.DP3,40,40,JCSB,DP3,250.0,10.0-40.0Hz,10.0,40.0,5.698772735976047,1.121619390497884,0.2348071049452636,-0.096,False
prospective_75153522_target_anchor_72154411,75153522,72154411,BP.JCSB.DP3,BP.JCSB.40.DP3,BP.JCSB.40.DP3,40,40,JCSB,DP3,250.0,2.0-40.0Hz,2.0,40.0,4.6466510076774155,1.070950301412965,0.13804742895551614,-0.164,False
prospective_75153522_target_anchor_72154411,75153522,72154411,BP.LCCB.DP1,BP.LCCB.40.DP1,BP.LCCB.40.DP1,40,40,LCCB,DP1,250.0,2.0-10.0Hz,2.0,10.0,412.2847960287881,1001.8509223045113,0.7504311024452224,-0.168,True
prospective_75153522_target_anchor_72154411,75153522,72154411,BP.LCCB.DP1,BP.LCCB.40.DP1,BP.LCCB.40.DP1,40,40,LCCB,DP1,250.0,5.0-20.0Hz,5.0,20.0,611.4410490270153,1920.2355947395904,0.7141464202853316,-0.172,True
prospective_75153522_target_anchor_72154411,75153522,72154411,BP.LCCB.DP1,BP.LCCB.40.DP1,BP.LCCB.40.DP1,40,40,LCCB,DP1,250.0,10.0-40.0Hz,10.0,40.0,364.57418468858253,1447.3693267240874,0.6275917669769743,-0.172,True
prospective_75153522_target_anchor_72154411,75153522,72154411,BP.LCCB.DP1,BP.LCCB.40.DP1,BP.LCCB.40.DP1,40,40,LCCB,DP1,250.0,2.0-40.0Hz,2.0,40.0,414.60859318024876,1156.0263265459116,0.6896879724515855,-0.172,True
prospective_75153522_target_anchor_72154411,75153522,72154411,BP.LCCB.DP2,BP.LCCB.40.DP2,BP.LCCB.40.DP2,40,40,LCCB,DP2,250.0,2.0-10.0Hz,2.0,10.0,89.11972577410475,351.40914857732406,0.8559963623529738,-0.18,True
prospective_75153522_target_anchor_72154411,75153522,72154411,BP.LCCB.DP2,BP.LCCB.40.DP2,BP.LCCB.40.DP2,40,40,LCCB,DP2,250.0,5.0-20.0Hz,5.0,20.0,110.03998202296259,381.51275111797696,0.5539302882486117,-0.172,True
prospective_75153522_target_anchor_72154411,75153522,72154411,BP.LCCB.DP2,BP.LCCB.40.DP2,BP.LCCB.40.DP2,40,40,LCCB,DP2,250.0,10.0-40.0Hz,10.0,40.0,69.27032139971409,254.7227746665356,0.3566064084194513,-0.096,True
prospective_75153522_target_anchor_72154411,75153522,72154411,BP.LCCB.DP2,BP.LCCB.40.DP2,BP.LCCB.40.DP2,40,40,LCCB,DP2,250.0,2.0-40.0Hz,2.0,40.0,78.24979443429474,292.4412959480593,0.44643026477489833,-0.172,True
prospective_75153522_target_anchor_72154411,75153522,72154411,BP.LCCB.DP3,BP.LCCB.40.DP3,BP.LCCB.40.DP3,40,40,LCCB,DP3,250.0,2.0-10.0Hz,2.0,10.0,413.6442288161517,1050.0167572094294,0.6980112858614401,-0.164,True
prospective_75153522_target_anchor_72154411,75153522,72154411,BP.LCCB.DP3,BP.LCCB.40.DP3,BP.LCCB.40.DP3,40,40,LCCB,DP3,250.0,5.0-20.0Hz,5.0,20.0,604.2188948045488,1591.1669837538484,0.5290208929212272,-0.172,True
prospective_75153522_target_anchor_72154411,75153522,72154411,BP.LCCB.DP3,BP.LCCB.40.DP3,BP.LCCB.40.DP3,40,40,LCCB,DP3,250.0,10.0-40.0Hz,10.0,40.0,328.48478943296,1058.1156485381814,0.46819855556579815,-0.096,True
prospective_75153522_target_anchor_72154411,75153522,72154411,BP.LCCB.DP3,BP.LCCB.40.DP3,BP.LCCB.40.DP3,40,40,LCCB,DP3,250.0,2.0-40.0Hz,2.0,40.0,405.64735464030304,1086.271357564851,0.5748124845289871,-0.172,True
prospective_75153522_target_anchor_72154411,75153522,72154411,BP.MMNB.DP1,BP.MMNB.40.DP1,BP.MMNB.40.DP1,40,40,MMNB,DP1,250.0,2.0-10.0Hz,2.0,10.0,154.59364565667735,1.0837065105781203,0.1281363680431983,-0.332,False
prospective_75153522_target_anchor_72154411,75153522,72154411,BP.MMNB.DP1,BP.MMNB.40.DP1,BP.MMNB.40.DP1,40,40,MMNB,DP1,250.0,5.0-20.0Hz,5.0,20.0,195.15026792589998,1.1490525079631106,0.1231276401930171,-0.452,False
prospective_75153522_target_anchor_72154411,75153522,72154411,BP.MMNB.DP1,BP.MMNB.40.DP1,BP.MMNB.40.DP1,40,40,MMNB,DP1,250.0,10.0-40.0Hz,10.0,40.0,103.4354288389121,1.3996677891437284,0.1327923328091334,0.052,False
prospective_75153522_target_anchor_72154411,75153522,72154411,BP.MMNB.DP1,BP.MMNB.40.DP1,BP.MMNB.40.DP1,40,40,MMNB,DP1,250.0,2.0-40.0Hz,2.0,40.0,146.29408962315154,1.21333690359688,0.08610538677001385,0.404,False
prospective_75153522_target_anchor_72154411,75153522,72154411,BP.MMNB.DP2,BP.MMNB.40.DP2,BP.MMNB.40.DP2,40,40,MMNB,DP2,250.0,2.0-10.0Hz,2.0,10.0,157.23263321830737,0.9999268949775001,0.24753195789234325,-0.136,False
prospective_75153522_target_anchor_72154411,75153522,72154411,BP.MMNB.DP2,BP.MMNB.40.DP2,BP.MMNB.40.DP2,40,40,MMNB,DP2,250.0,5.0-20.0Hz,5.0,20.0,202.1193798281529,1.0348378357931176,0.11872378210618455,0.352,False
prospective_75153522_target_anchor_72154411,75153522,72154411,BP.MMNB.DP2,BP.MMNB.40.DP2,BP.MMNB.40.DP2,40,40,MMNB,DP2,250.0,10.0-40.0Hz,10.0,40.0,120.11096919598691,1.053948378206525,0.08229054926914398,0.272,False
prospective_75153522_target_anchor_72154411,75153522,72154411,BP.MMNB.DP2,BP.MMNB.40.DP2,BP.MMNB.40.DP2,40,40,MMNB,DP2,250.0,2.0-40.0Hz,2.0,40.0,150.8630541350125,1.0285680515376885,0.1398107124892117,-0.148,False
prospective_75153522_target_anchor_72154411,75153522,72154411,BP.MMNB.DP3,BP.MMNB.40.DP3,BP.MMNB.40.DP3,40,40,MMNB,DP3,250.0,2.0-10.0Hz,2.0,10.0,150.4108484801953,1.3891699919275298,0.25274911775195613,0.192,False
prospective_75153522_target_anchor_72154411,75153522,72154411,BP.MMNB.DP3,BP.MMNB.40.DP3,BP.MMNB.40.DP3,40,40,MMNB,DP3,250.0,5.0-20.0Hz,5.0,20.0,293.31707279631144,1.1363551317969338,0.17901466756079504,0.456,False
prospective_75153522_target_anchor_72154411,75153522,72154411,BP.MMNB.DP3,BP.MMNB.40.DP3,BP.MMNB.40.DP3,40,40,MMNB,DP3,250.0,10.0-40.0Hz,10.0,40.0,158.45225070179492,1.0494647662058922,0.09032876345869637,-0.14,False
prospective_75153522_target_anchor_72154411,75153522,72154411,BP.MMNB.DP3,BP.MMNB.40.DP3,BP.MMNB.40.DP3,40,40,MMNB,DP3,250.0,2.0-40.0Hz,2.0,40.0,164.52645368653424,1.2072884943296611,0.17164310265098562,0.188,False
prospective_75153522_target_anchor_72154411,75153522,72154411,BP.SCYB.DP1,BP.SCYB.40.DP1,BP.SCYB.40.DP1,40,40,SCYB,DP1,250.0,2.0-10.0Hz,2.0,10.0,483.32887299266787,1104.5922259362526,0.5019567900834069,-0.136,True
prospective_75153522_target_anchor_72154411,75153522,72154411,BP.SCYB.DP1,BP.SCYB.40.DP1,BP.SCYB.40.DP1,40,40,SCYB,DP1,250.0,5.0-20.0Hz,5.0,20.0,660.2873052614303,1268.1092329188448,0.29274735988378386,-0.156,True
prospective_75153522_target_anchor_72154411,75153522,72154411,BP.SCYB.DP1,BP.SCYB.40.DP1,BP.SCYB.40.DP1,40,40,SCYB,DP1,250.0,10.0-40.0Hz,10.0,40.0,438.90522130047754,759.9960738242416,0.26445682655770175,-0.156,True
prospective_75153522_target_anchor_72154411,75153522,72154411,BP.SCYB.DP1,BP.SCYB.40.DP1,BP.SCYB.40.DP1,40,40,SCYB,DP1,250.0,2.0-40.0Hz,2.0,40.0,487.80496970966766,985.6004335363821,0.38572322175344287,-0.152,True
prospective_75153522_target_anchor_72154411,75153522,72154411,BP.SCYB.DP2,BP.SCYB.40.DP2,BP.SCYB.40.DP2,40,40,SCYB,DP2,250.0,2.0-10.0Hz,2.0,10.0,571.4969362130662,1282.3505965211116,0.5588370096429155,-0.148,True
prospective_75153522_target_anchor_72154411,75153522,72154411,BP.SCYB.DP2,BP.SCYB.40.DP2,BP.SCYB.40.DP2,40,40,SCYB,DP2,250.0,5.0-20.0Hz,5.0,20.0,679.8957980061074,1175.326963720956,0.4839350134895479,-0.16,True
prospective_75153522_target_anchor_72154411,75153522,72154411,BP.SCYB.DP2,BP.SCYB.40.DP2,BP.SCYB.40.DP2,40,40,SCYB,DP2,250.0,10.0-40.0Hz,10.0,40.0,234.3268483235229,574.2576507674382,0.4608932826074881,-0.168,True
prospective_75153522_target_anchor_72154411,75153522,72154411,BP.SCYB.DP2,BP.SCYB.40.DP2,BP.SCYB.40.DP2,40,40,SCYB,DP2,250.0,2.0-40.0Hz,2.0,40.0,492.0129283234793,1005.8934331890839,0.4946699585187407,-0.156,True
prospective_75153522_target_anchor_72154411,75153522,72154411,BP.SCYB.DP3,BP.SCYB.40.DP3,BP.SCYB.40.DP3,40,40,SCYB,DP3,250.0,2.0-10.0Hz,2.0,10.0,609.6754570244709,710.9933052927175,0.6880051345417497,-0.144,True
prospective_75153522_target_anchor_72154411,75153522,72154411,BP.SCYB.DP3,BP.SCYB.40.DP3,BP.SCYB.40.DP3,40,40,SCYB,DP3,250.0,5.0-20.0Hz,5.0,20.0,919.89462858584,789.0754437271917,0.6257923247556307,-0.148,True
prospective_75153522_target_anchor_72154411,75153522,72154411,BP.SCYB.DP3,BP.SCYB.40.DP3,BP.SCYB.40.DP3,40,40,SCYB,DP3,250.0,10.0-40.0Hz,10.0,40.0,463.297086477724,469.3827190035841,0.5213796129661923,-0.152,True
prospective_75153522_target_anchor_72154411,75153522,72154411,BP.SCYB.DP3,BP.SCYB.40.DP3,BP.SCYB.40.DP3,40,40,SCYB,DP3,250.0,2.0-40.0Hz,2.0,40.0,572.3378842496932,608.7637256296907,0.6280608840574445,-0.148,True
prospective_75153522_target_anchor_72154411,75153522,72154411,BP.SMNB.DP1,BP.SMNB.40.DP1,BP.SMNB.40.DP1,40,40,SMNB,DP1,250.0,2.0-10.0Hz,2.0,10.0,245.44630476257905,68.62332683675605,0.48710348354538596,-0.076,True
prospective_75153522_target_anchor_72154411,75153522,72154411,BP.SMNB.DP1,BP.SMNB.40.DP1,BP.SMNB.40.DP1,40,40,SMNB,DP1,250.0,5.0-20.0Hz,5.0,20.0,491.66864697292095,89.11531127102327,0.25720799822252205,-0.068,True
prospective_75153522_target_anchor_72154411,75153522,72154411,BP.SMNB.DP1,BP.SMNB.40.DP1,BP.SMNB.40.DP1,40,40,SMNB,DP1,250.0,10.0-40.0Hz,10.0,40.0,579.2110347959699,208.61998687599936,0.2347036638451341,-0.5,True
prospective_75153522_target_anchor_72154411,75153522,72154411,BP.SMNB.DP1,BP.SMNB.40.DP1,BP.SMNB.40.DP1,40,40,SMNB,DP1,250.0,2.0-40.0Hz,2.0,40.0,348.9333080555032,104.17057027612898,0.2984514607810037,-0.064,True
prospective_75153522_target_anchor_72154411,75153522,72154411,BP.SMNB.DP2,BP.SMNB.40.DP2,BP.SMNB.40.DP2,40,40,SMNB,DP2,250.0,2.0-10.0Hz,2.0,10.0,285.1903843730098,406.1097781210042,0.40281266840001173,-0.072,True
prospective_75153522_target_anchor_72154411,75153522,72154411,BP.SMNB.DP2,BP.SMNB.40.DP2,BP.SMNB.40.DP2,40,40,SMNB,DP2,250.0,5.0-20.0Hz,5.0,20.0,554.4517639448566,488.6532143994568,0.2700683586560376,0.304,True
prospective_75153522_target_anchor_72154411,75153522,72154411,BP.SMNB.DP2,BP.SMNB.40.DP2,BP.SMNB.40.DP2,40,40,SMNB,DP2,250.0,10.0-40.0Hz,10.0,40.0,608.0841166245423,608.9318927285732,0.2263603807353014,0.048,True
prospective_75153522_target_anchor_72154411,75153522,72154411,BP.SMNB.DP2,BP.SMNB.40.DP2,BP.SMNB.40.DP2,40,40,SMNB,DP2,250.0,2.0-40.0Hz,2.0,40.0,391.01428751935873,530.0467639142867,0.21429884505480473,-0.056,True
prospective_75153522_target_anchor_72154411,75153522,72154411,BP.SMNB.DP3,BP.SMNB.40.DP3,BP.SMNB.40.DP3,40,40,SMNB,DP3,250.0,2.0-10.0Hz,2.0,10.0,237.11076236396852,654.9684404080119,0.6079532128504619,-0.068,True
prospective_75153522_target_anchor_72154411,75153522,72154411,BP.SMNB.DP3,BP.SMNB.40.DP3,BP.SMNB.40.DP3,40,40,SMNB,DP3,250.0,5.0-20.0Hz,5.0,20.0,541.2127842025029,1312.7215127997797,0.21912491099245737,-0.068,True
prospective_75153522_target_anchor_72154411,75153522,72154411,BP.SMNB.DP3,BP.SMNB.40.DP3,BP.SMNB.40.DP3,40,40,SMNB,DP3,250.0,10.0-40.0Hz,10.0,40.0,685.4711145582421,1958.2138634975715,0.15984842501725904,-0.12,True
prospective_75153522_target_anchor_72154411,75153522,72154411,BP.SMNB.DP3,BP.SMNB.40.DP3,BP.SMNB.40.DP3,40,40,SMNB,DP3,250.0,2.0-40.0Hz,2.0,40.0,400.9212172873177,1269.4387223722592,0.21610836380444529,-0.068,True
prospective_75153522_target_anchor_72359026,75153522,72359026,BK.PKD.HHE,BK.PKD.00.HHE,BK.PKD.00.HHE,00,00,PKD,HHE,100.0,2.0-10.0Hz,2.0,10.0,46.38622257714025,192.4207591221318,0.3383943804664755,-0.17,True
prospective_75153522_target_anchor_72359026,75153522,72359026,BK.PKD.HHE,BK.PKD.00.HHE,BK.PKD.00.HHE,00,00,PKD,HHE,100.0,5.0-20.0Hz,5.0,20.0,77.44708197894509,275.75133516506725,0.30836735765806783,-0.18,True
prospective_75153522_target_anchor_72359026,75153522,72359026,BK.PKD.HHE,BK.PKD.00.HHE,BK.PKD.00.HHE,00,00,PKD,HHE,100.0,10.0-40.0Hz,10.0,40.0,29.684445678938236,184.37663047345185,0.260447492114891,-0.01,True
prospective_75153522_target_anchor_72359026,75153522,72359026,BK.PKD.HHE,BK.PKD.00.HHE,BK.PKD.00.HHE,00,00,PKD,HHE,100.0,2.0-40.0Hz,2.0,40.0,44.303897219941554,195.93105064832088,0.29220713966651995,-0.17,True
prospective_75153522_target_anchor_72359026,75153522,72359026,BK.PKD.HHN,BK.PKD.00.HHN,BK.PKD.00.HHN,00,00,PKD,HHN,100.0,2.0-10.0Hz,2.0,10.0,43.788434038203434,204.7314316036659,0.36025520144161366,-0.17,True
prospective_75153522_target_anchor_72359026,75153522,72359026,BK.PKD.HHN,BK.PKD.00.HHN,BK.PKD.00.HHN,00,00,PKD,HHN,100.0,5.0-20.0Hz,5.0,20.0,83.72069060106622,350.2624804515207,0.29979279053916996,-0.01,True
prospective_75153522_target_anchor_72359026,75153522,72359026,BK.PKD.HHN,BK.PKD.00.HHN,BK.PKD.00.HHN,00,00,PKD,HHN,100.0,10.0-40.0Hz,10.0,40.0,43.354452880768704,276.20542658762366,0.3595223292651554,-0.08,True
prospective_75153522_target_anchor_72359026,75153522,72359026,BK.PKD.HHN,BK.PKD.00.HHN,BK.PKD.00.HHN,00,00,PKD,HHN,100.0,2.0-40.0Hz,2.0,40.0,46.42831089043836,231.65948448569662,0.25744521046643365,-0.17,True
prospective_75153522_target_anchor_72359026,75153522,72359026,BK.PKD.HHZ,BK.PKD.00.HHZ,BK.PKD.00.HHZ,00,00,PKD,HHZ,100.0,2.0-10.0Hz,2.0,10.0,57.4556340319374,129.91105695319186,0.3408109685062723,-0.08,True
prospective_75153522_target_anchor_72359026,75153522,72359026,BK.PKD.HHZ,BK.PKD.00.HHZ,BK.PKD.00.HHZ,00,00,PKD,HHZ,100.0,5.0-20.0Hz,5.0,20.0,89.13445045207345,265.3530077260987,0.4523050648848294,-0.08,True
prospective_75153522_target_anchor_72359026,75153522,72359026,BK.PKD.HHZ,BK.PKD.00.HHZ,BK.PKD.00.HHZ,00,00,PKD,HHZ,100.0,10.0-40.0Hz,10.0,40.0,84.0744551268653,382.35853872264903,0.46083762409153944,-0.08,True
prospective_75153522_target_anchor_72359026,75153522,72359026,BK.PKD.HHZ,BK.PKD.00.HHZ,BK.PKD.00.HHZ,00,00,PKD,HHZ,100.0,2.0-40.0Hz,2.0,40.0,69.15467470582291,192.59862522600173,0.4124265799132806,-0.08,True
prospective_75153522_target_anchor_72359026,75153522,72359026,BP.EADB.DP1,BP.EADB.40.DP1,BP.EADB.40.DP1,40,40,EADB,DP1,250.0,2.0-10.0Hz,2.0,10.0,18.703093445060684,90.67814701296416,0.5284494395369127,-0.152,True
prospective_75153522_target_anchor_72359026,75153522,72359026,BP.EADB.DP1,BP.EADB.40.DP1,BP.EADB.40.DP1,40,40,EADB,DP1,250.0,5.0-20.0Hz,5.0,20.0,20.793304326443543,91.01500436434874,0.40308049062079593,0.208,True
prospective_75153522_target_anchor_72359026,75153522,72359026,BP.EADB.DP1,BP.EADB.40.DP1,BP.EADB.40.DP1,40,40,EADB,DP1,250.0,10.0-40.0Hz,10.0,40.0,13.721337693669971,39.61153221277148,0.34674049429439435,-0.096,True
prospective_75153522_target_anchor_72359026,75153522,72359026,BP.EADB.DP1,BP.EADB.40.DP1,BP.EADB.40.DP1,40,40,EADB,DP1,250.0,2.0-40.0Hz,2.0,40.0,17.94434174681031,87.7531052339804,0.4776421738090231,-0.156,True
prospective_75153522_target_anchor_72359026,75153522,72359026,BP.EADB.DP2,BP.EADB.40.DP2,BP.EADB.40.DP2,40,40,EADB,DP2,250.0,2.0-10.0Hz,2.0,10.0,44.999204770051826,149.72073147230336,0.7913154227228416,-0.16,True
prospective_75153522_target_anchor_72359026,75153522,72359026,BP.EADB.DP2,BP.EADB.40.DP2,BP.EADB.40.DP2,40,40,EADB,DP2,250.0,5.0-20.0Hz,5.0,20.0,15.524576673654382,82.85757152588369,0.5215634209468677,-0.332,True
prospective_75153522_target_anchor_72359026,75153522,72359026,BP.EADB.DP2,BP.EADB.40.DP2,BP.EADB.40.DP2,40,40,EADB,DP2,250.0,10.0-40.0Hz,10.0,40.0,5.440909420921906,29.992114162029953,0.35816563412520125,-0.096,True
prospective_75153522_target_anchor_72359026,75153522,72359026,BP.EADB.DP2,BP.EADB.40.DP2,BP.EADB.40.DP2,40,40,EADB,DP2,250.0,2.0-40.0Hz,2.0,40.0,25.552772487255048,124.38734122133017,0.7584332660211469,-0.16,True
prospective_75153522_target_anchor_72359026,75153522,72359026,BP.EADB.DP3,BP.EADB.40.DP3,BP.EADB.40.DP3,40,40,EADB,DP3,250.0,2.0-10.0Hz,2.0,10.0,44.67415457189191,137.99096073923155,0.8449112147168274,-0.16,True
prospective_75153522_target_anchor_72359026,75153522,72359026,BP.EADB.DP3,BP.EADB.40.DP3,BP.EADB.40.DP3,40,40,EADB,DP3,250.0,5.0-20.0Hz,5.0,20.0,14.48262538703522,64.19963791286105,0.4423312083252662,-0.336,True
prospective_75153522_target_anchor_72359026,75153522,72359026,BP.EADB.DP3,BP.EADB.40.DP3,BP.EADB.40.DP3,40,40,EADB,DP3,250.0,10.0-40.0Hz,10.0,40.0,7.128104259855315,24.768960229981243,0.349321516907653,-0.092,True
prospective_75153522_target_anchor_72359026,75153522,72359026,BP.EADB.DP3,BP.EADB.40.DP3,BP.EADB.40.DP3,40,40,EADB,DP3,250.0,2.0-40.0Hz,2.0,40.0,32.59123815493523,107.22691813042348,0.8043226539974725,-0.16,True
prospective_75153522_target_anchor_72359026,75153522,72359026,BP.FROB.DP1,BP.FROB.40.DP1,BP.FROB.40.DP1,40,40,FROB,DP1,250.0,2.0-10.0Hz,2.0,10.0,7.91399984668251,4.260931377143971,0.3426599464737217,-0.152,True
prospective_75153522_target_anchor_72359026,75153522,72359026,BP.FROB.DP1,BP.FROB.40.DP1,BP.FROB.40.DP1,40,40,FROB,DP1,250.0,5.0-20.0Hz,5.0,20.0,13.747073237840448,10.037625294593584,0.2924604471010057,-0.156,True
prospective_75153522_target_anchor_72359026,75153522,72359026,BP.FROB.DP1,BP.FROB.40.DP1,BP.FROB.40.DP1,40,40,FROB,DP1,250.0,10.0-40.0Hz,10.0,40.0,13.65694765770038,21.754868243843195,0.23298746483548965,-0.084,True
prospective_75153522_target_anchor_72359026,75153522,72359026,BP.FROB.DP1,BP.FROB.40.DP1,BP.FROB.40.DP1,40,40,FROB,DP1,250.0,2.0-40.0Hz,2.0,40.0,10.923044903447382,6.715129024373578,0.25712977977036905,-0.156,True
prospective_75153522_target_anchor_72359026,75153522,72359026,BP.FROB.DP2,BP.FROB.40.DP2,BP.FROB.40.DP2,40,40,FROB,DP2,250.0,2.0-10.0Hz,2.0,10.0,7.5245490660295875,5.89799700710357,0.3975807404340376,-0.172,True
prospective_75153522_target_anchor_72359026,75153522,72359026,BP.FROB.DP2,BP.FROB.40.DP2,BP.FROB.40.DP2,40,40,FROB,DP2,250.0,5.0-20.0Hz,5.0,20.0,13.477460073012738,9.393229254127506,0.2236378071753708,-0.16,True
prospective_75153522_target_anchor_72359026,75153522,72359026,BP.FROB.DP2,BP.FROB.40.DP2,BP.FROB.40.DP2,40,40,FROB,DP2,250.0,10.0-40.0Hz,10.0,40.0,12.766414787862736,15.221083625156332,0.21544045906096979,-0.08,True
prospective_75153522_target_anchor_72359026,75153522,72359026,BP.FROB.DP2,BP.FROB.40.DP2,BP.FROB.40.DP2,40,40,FROB,DP2,250.0,2.0-40.0Hz,2.0,40.0,10.52497115507006,8.830351693514608,0.1997890951293159,-0.168,True
prospective_75153522_target_anchor_72359026,75153522,72359026,BP.FROB.DP3,BP.FROB.40.DP3,BP.FROB.40.DP3,40,40,FROB,DP3,250.0,2.0-10.0Hz,2.0,10.0,9.817376665828174,1.2538445064641657,0.3529155651483554,-0.152,False
prospective_75153522_target_anchor_72359026,75153522,72359026,BP.FROB.DP3,BP.FROB.40.DP3,BP.FROB.40.DP3,40,40,FROB,DP3,250.0,5.0-20.0Hz,5.0,20.0,12.100351759630108,1.7167857845902323,0.32962622511115947,-0.148,False
prospective_75153522_target_anchor_72359026,75153522,72359026,BP.FROB.DP3,BP.FROB.40.DP3,BP.FROB.40.DP3,40,40,FROB,DP3,250.0,10.0-40.0Hz,10.0,40.0,9.853618241711544,2.6635692194129974,0.14759964402763995,0.344,False
prospective_75153522_target_anchor_72359026,75153522,72359026,BP.FROB.DP3,BP.FROB.40.DP3,BP.FROB.40.DP3,40,40,FROB,DP3,250.0,2.0-40.0Hz,2.0,40.0,9.992241052055737,1.3402311057852834,0.2643665790591533,-0.148,False
prospective_75153522_target_anchor_72359026,75153522,72359026,BP.GHIB.DP1,BP.GHIB.40.DP1,BP.GHIB.40.DP1,40,40,GHIB,DP1,250.0,2.0-10.0Hz,2.0,10.0,6.010282345998465,11.65749527303428,0.29314251909222605,-0.072,True
prospective_75153522_target_anchor_72359026,75153522,72359026,BP.GHIB.DP1,BP.GHIB.40.DP1,BP.GHIB.40.DP1,40,40,GHIB,DP1,250.0,5.0-20.0Hz,5.0,20.0,7.112077770148491,17.52445251520764,0.2758874022917444,0.432,True
prospective_75153522_target_anchor_72359026,75153522,72359026,BP.GHIB.DP1,BP.GHIB.40.DP1,BP.GHIB.40.DP1,40,40,GHIB,DP1,250.0,10.0-40.0Hz,10.0,40.0,4.917519551125327,10.877763938786716,0.2838279666610076,0.052,True
prospective_75153522_target_anchor_72359026,75153522,72359026,BP.GHIB.DP1,BP.GHIB.40.DP1,BP.GHIB.40.DP1,40,40,GHIB,DP1,250.0,2.0-40.0Hz,2.0,40.0,5.77176128519032,11.813589689026871,0.2601270671656985,0.428,True
prospective_75153522_target_anchor_72359026,75153522,72359026,BP.GHIB.DP3,BP.GHIB.40.DP3,BP.GHIB.40.DP3,40,40,GHIB,DP3,250.0,2.0-10.0Hz,2.0,10.0,1.1150692001528721,6.838789843787416,0.24717001342638822,-0.084,False
prospective_75153522_target_anchor_72359026,75153522,72359026,BP.GHIB.DP3,BP.GHIB.40.DP3,BP.GHIB.40.DP3,40,40,GHIB,DP3,250.0,5.0-20.0Hz,5.0,20.0,1.2332964679749836,9.09040252007095,0.2075330060163802,0.044,False
prospective_75153522_target_anchor_72359026,75153522,72359026,BP.GHIB.DP3,BP.GHIB.40.DP3,BP.GHIB.40.DP3,40,40,GHIB,DP3,250.0,10.0-40.0Hz,10.0,40.0,1.1242483173637872,7.33521507272659,0.19140318968166037,0.04,False
prospective_75153522_target_anchor_72359026,75153522,72359026,BP.GHIB.DP3,BP.GHIB.40.DP3,BP.GHIB.40.DP3,40,40,GHIB,DP3,250.0,2.0-40.0Hz,2.0,40.0,1.1375042418919683,7.086713060661988,0.1932845944147586,-0.08,False
prospective_75153522_target_anchor_72359026,75153522,72359026,BP.JCNB.DP1,BP.JCNB.40.DP1,BP.JCNB.40.DP1,40,40,JCNB,DP1,250.0,2.0-10.0Hz,2.0,10.0,57.477451273071665,149.3727682786735,0.6851792409199512,-0.18,True
prospective_75153522_target_anchor_72359026,75153522,72359026,BP.JCNB.DP1,BP.JCNB.40.DP1,BP.JCNB.40.DP1,40,40,JCNB,DP1,250.0,5.0-20.0Hz,5.0,20.0,54.42374363588117,94.50869260095295,0.4230369623309606,-0.18,True
prospective_75153522_target_anchor_72359026,75153522,72359026,BP.JCNB.DP1,BP.JCNB.40.DP1,BP.JCNB.40.DP1,40,40,JCNB,DP1,250.0,10.0-40.0Hz,10.0,40.0,13.948760390904239,25.8627175884617,0.32616184474641563,-0.088,True
prospective_75153522_target_anchor_72359026,75153522,72359026,BP.JCNB.DP1,BP.JCNB.40.DP1,BP.JCNB.40.DP1,40,40,JCNB,DP1,250.0,2.0-40.0Hz,2.0,40.0,24.44756926769244,42.043288085758945,0.40928614639528044,-0.176,True
prospective_75153522_target_anchor_72359026,75153522,72359026,BP.JCNB.DP2,BP.JCNB.40.DP2,BP.JCNB.40.DP2,40,40,JCNB,DP2,250.0,2.0-10.0Hz,2.0,10.0,55.66570521266716,65.50774865675082,0.3380815640162858,-0.176,True
prospective_75153522_target_anchor_72359026,75153522,72359026,BP.JCNB.DP2,BP.JCNB.40.DP2,BP.JCNB.40.DP2,40,40,JCNB,DP2,250.0,5.0-20.0Hz,5.0,20.0,48.52899502448432,51.63284674842229,0.15629716455022113,-0.304,True
prospective_75153522_target_anchor_72359026,75153522,72359026,BP.JCNB.DP2,BP.JCNB.40.DP2,BP.JCNB.40.DP2,40,40,JCNB,DP2,250.0,10.0-40.0Hz,10.0,40.0,34.28222656367498,27.61982969658828,0.17917088293616537,-0.3,True
prospective_75153522_target_anchor_72359026,75153522,72359026,BP.JCNB.DP2,BP.JCNB.40.DP2,BP.JCNB.40.DP2,40,40,JCNB,DP2,250.0,2.0-40.0Hz,2.0,40.0,43.62952357243437,29.451966309170988,0.14200767762188543,-0.304,True
prospective_75153522_target_anchor_72359026,75153522,72359026,BP.JCNB.DP3,BP.JCNB.40.DP3,BP.JCNB.40.DP3,40,40,JCNB,DP3,250.0,2.0-10.0Hz,2.0,10.0,63.75832506427938,112.7899210450394,0.5851691215333269,-0.244,True
prospective_75153522_target_anchor_72359026,75153522,72359026,BP.JCNB.DP3,BP.JCNB.40.DP3,BP.JCNB.40.DP3,40,40,JCNB,DP3,250.0,5.0-20.0Hz,5.0,20.0,59.68061722609954,13.669644403763273,0.3748347045792124,-0.244,True
prospective_75153522_target_anchor_72359026,75153522,72359026,BP.JCNB.DP3,BP.JCNB.40.DP3,BP.JCNB.40.DP3,40,40,JCNB,DP3,250.0,10.0-40.0Hz,10.0,40.0,52.11916704715179,8.839330393997868,0.23706295694560917,-0.244,True
prospective_75153522_target_anchor_72359026,75153522,72359026,BP.JCNB.DP3,BP.JCNB.40.DP3,BP.JCNB.40.DP3,40,40,JCNB,DP3,250.0,2.0-40.0Hz,2.0,40.0,58.757283038519994,12.309421873547814,0.36436467880249546,-0.244,True
prospective_75153522_target_anchor_72359026,75153522,72359026,BP.JCSB.DP1,BP.JCSB.40.DP1,BP.JCSB.40.DP1,40,40,JCSB,DP1,250.0,2.0-10.0Hz,2.0,10.0,17.77472854201684,75.58369197964697,0.7990245764299815,-0.168,True
prospective_75153522_target_anchor_72359026,75153522,72359026,BP.JCSB.DP1,BP.JCSB.40.DP1,BP.JCSB.40.DP1,40,40,JCSB,DP1,250.0,5.0-20.0Hz,5.0,20.0,9.733408276564143,89.5760621716422,0.4322109723940351,-0.168,True
prospective_75153522_target_anchor_72359026,75153522,72359026,BP.JCSB.DP1,BP.JCSB.40.DP1,BP.JCSB.40.DP1,40,40,JCSB,DP1,250.0,10.0-40.0Hz,10.0,40.0,12.483854453552683,70.69944940611727,0.393241419190209,-0.1,True
prospective_75153522_target_anchor_72359026,75153522,72359026,BP.JCSB.DP1,BP.JCSB.40.DP1,BP.JCSB.40.DP1,40,40,JCSB,DP1,250.0,2.0-40.0Hz,2.0,40.0,13.490833818334343,75.80885356785106,0.6322187970404965,-0.168,True
prospective_75153522_target_anchor_72359026,75153522,72359026,BP.JCSB.DP2,BP.JCSB.40.DP2,BP.JCSB.40.DP2,40,40,JCSB,DP2,250.0,2.0-10.0Hz,2.0,10.0,1.2793771645315422,3.0311021738017234,0.38690578557430494,-0.172,False
prospective_75153522_target_anchor_72359026,75153522,72359026,BP.JCSB.DP2,BP.JCSB.40.DP2,BP.JCSB.40.DP2,40,40,JCSB,DP2,250.0,5.0-20.0Hz,5.0,20.0,2.952704458089931,6.095715747913825,0.33755999926679936,-0.1,False
prospective_75153522_target_anchor_72359026,75153522,72359026,BP.JCSB.DP2,BP.JCSB.40.DP2,BP.JCSB.40.DP2,40,40,JCSB,DP2,250.0,10.0-40.0Hz,10.0,40.0,3.6613454487209376,9.256395882270532,0.411062182857112,-0.092,True
prospective_75153522_target_anchor_72359026,75153522,72359026,BP.JCSB.DP2,BP.JCSB.40.DP2,BP.JCSB.40.DP2,40,40,JCSB,DP2,250.0,2.0-40.0Hz,2.0,40.0,2.398028323693038,6.460099770020142,0.306292477566279,-0.092,False
prospective_75153522_target_anchor_72359026,75153522,72359026,BP.JCSB.DP3,BP.JCSB.40.DP3,BP.JCSB.40.DP3,40,40,JCSB,DP3,250.0,2.0-10.0Hz,2.0,10.0,3.255436409084211,3.7620120729965407,0.580936006226512,-0.172,True
prospective_75153522_target_anchor_72359026,75153522,72359026,BP.JCSB.DP3,BP.JCSB.40.DP3,BP.JCSB.40.DP3,40,40,JCSB,DP3,250.0,5.0-20.0Hz,5.0,20.0,5.130252141904354,6.877861598646607,0.3700911765005902,-0.168,True
prospective_75153522_target_anchor_72359026,75153522,72359026,BP.JCSB.DP3,BP.JCSB.40.DP3,BP.JCSB.40.DP3,40,40,JCSB,DP3,250.0,10.0-40.0Hz,10.0,40.0,5.698772735976047,8.943002239525727,0.3636895868826558,-0.1,True
prospective_75153522_target_anchor_72359026,75153522,72359026,BP.JCSB.DP3,BP.JCSB.40.DP3,BP.JCSB.40.DP3,40,40,JCSB,DP3,250.0,2.0-40.0Hz,2.0,40.0,4.6466510076774155,6.478928469445922,0.25732516607303474,-0.044,True
prospective_75153522_target_anchor_72359026,75153522,72359026,BP.LCCB.DP1,BP.LCCB.40.DP1,BP.LCCB.40.DP1,40,40,LCCB,DP1,250.0,2.0-10.0Hz,2.0,10.0,412.2847960287881,144.30519939242015,0.7450873979663666,-0.172,True
prospective_75153522_target_anchor_72359026,75153522,72359026,BP.LCCB.DP1,BP.LCCB.40.DP1,BP.LCCB.40.DP1,40,40,LCCB,DP1,250.0,5.0-20.0Hz,5.0,20.0,611.4410490270153,116.79960642395586,0.7232924756097798,-0.176,True
prospective_75153522_target_anchor_72359026,75153522,72359026,BP.LCCB.DP1,BP.LCCB.40.DP1,BP.LCCB.40.DP1,40,40,LCCB,DP1,250.0,10.0-40.0Hz,10.0,40.0,364.57418468858253,48.054868990958056,0.636908717846503,-0.176,True
prospective_75153522_target_anchor_72359026,75153522,72359026,BP.LCCB.DP1,BP.LCCB.40.DP1,BP.LCCB.40.DP1,40,40,LCCB,DP1,250.0,2.0-40.0Hz,2.0,40.0,414.60859318024876,77.92925931112896,0.698173851454711,-0.176,True
prospective_75153522_target_anchor_72359026,75153522,72359026,BP.LCCB.DP2,BP.LCCB.40.DP2,BP.LCCB.40.DP2,40,40,LCCB,DP2,250.0,2.0-10.0Hz,2.0,10.0,89.11972577410475,18.039683385308233,0.8528809685388863,-0.18,True
prospective_75153522_target_anchor_72359026,75153522,72359026,BP.LCCB.DP2,BP.LCCB.40.DP2,BP.LCCB.40.DP2,40,40,LCCB,DP2,250.0,5.0-20.0Hz,5.0,20.0,110.03998202296259,16.284071843198152,0.5515227444211538,-0.172,True
prospective_75153522_target_anchor_72359026,75153522,72359026,BP.LCCB.DP2,BP.LCCB.40.DP2,BP.LCCB.40.DP2,40,40,LCCB,DP2,250.0,10.0-40.0Hz,10.0,40.0,69.27032139971409,9.502071401472138,0.34857568574680425,-0.096,True
prospective_75153522_target_anchor_72359026,75153522,72359026,BP.LCCB.DP2,BP.LCCB.40.DP2,BP.LCCB.40.DP2,40,40,LCCB,DP2,250.0,2.0-40.0Hz,2.0,40.0,78.24979443429474,11.627260615733112,0.4446316134423167,-0.172,True
prospective_75153522_target_anchor_72359026,75153522,72359026,BP.LCCB.DP3,BP.LCCB.40.DP3,BP.LCCB.40.DP3,40,40,LCCB,DP3,250.0,2.0-10.0Hz,2.0,10.0,413.6442288161517,139.73969410475817,0.7416993561479752,-0.172,True
prospective_75153522_target_anchor_72359026,75153522,72359026,BP.LCCB.DP3,BP.LCCB.40.DP3,BP.LCCB.40.DP3,40,40,LCCB,DP3,250.0,5.0-20.0Hz,5.0,20.0,604.2188948045488,91.96752254135689,0.5486871917210074,-0.176,True
prospective_75153522_target_anchor_72359026,75153522,72359026,BP.LCCB.DP3,BP.LCCB.40.DP3,BP.LCCB.40.DP3,40,40,LCCB,DP3,250.0,10.0-40.0Hz,10.0,40.0,328.48478943296,43.743895287550146,0.47669939048695364,-0.096,True
prospective_75153522_target_anchor_72359026,75153522,72359026,BP.LCCB.DP3,BP.LCCB.40.DP3,BP.LCCB.40.DP3,40,40,LCCB,DP3,250.0,2.0-40.0Hz,2.0,40.0,405.64735464030304,74.51334957861764,0.6445178023384823,-0.176,True
prospective_75153522_target_anchor_72359026,75153522,72359026,BP.SCYB.DP1,BP.SCYB.40.DP1,BP.SCYB.40.DP1,40,40,SCYB,DP1,250.0,2.0-10.0Hz,2.0,10.0,483.32887299266787,1172.4511618110148,0.5774468328693144,-0.148,True
prospective_75153522_target_anchor_72359026,75153522,72359026,BP.SCYB.DP1,BP.SCYB.40.DP1,BP.SCYB.40.DP1,40,40,SCYB,DP1,250.0,5.0-20.0Hz,5.0,20.0,660.2873052614303,1326.0586498136606,0.30778528066008853,-0.156,True
prospective_75153522_target_anchor_72359026,75153522,72359026,BP.SCYB.DP1,BP.SCYB.40.DP1,BP.SCYB.40.DP1,40,40,SCYB,DP1,250.0,10.0-40.0Hz,10.0,40.0,438.90522130047754,723.0585102047575,0.2679742688170571,-0.16,True
prospective_75153522_target_anchor_72359026,75153522,72359026,BP.SCYB.DP1,BP.SCYB.40.DP1,BP.SCYB.40.DP1,40,40,SCYB,DP1,250.0,2.0-40.0Hz,2.0,40.0,487.80496970966766,1042.0029576535512,0.4717941264166098,-0.156,True
prospective_75153522_target_anchor_72359026,75153522,72359026,BP.SCYB.DP2,BP.SCYB.40.DP2,BP.SCYB.40.DP2,40,40,SCYB,DP2,250.0,2.0-10.0Hz,2.0,10.0,571.4969362130662,1013.9208429116369,0.5576911517211341,-0.156,True
prospective_75153522_target_anchor_72359026,75153522,72359026,BP.SCYB.DP2,BP.SCYB.40.DP2,BP.SCYB.40.DP2,40,40,SCYB,DP2,250.0,5.0-20.0Hz,5.0,20.0,679.8957980061074,1151.9217487291608,0.5095262858316542,-0.164,True
prospective_75153522_target_anchor_72359026,75153522,72359026,BP.SCYB.DP2,BP.SCYB.40.DP2,BP.SCYB.40.DP2,40,40,SCYB,DP2,250.0,10.0-40.0Hz,10.0,40.0,234.3268483235229,492.541363288504,0.45855422359853404,-0.168,True
prospective_75153522_target_anchor_72359026,75153522,72359026,BP.SCYB.DP2,BP.SCYB.40.DP2,BP.SCYB.40.DP2,40,40,SCYB,DP2,250.0,2.0-40.0Hz,2.0,40.0,492.0129283234793,894.3301530408527,0.5288231151177475,-0.16,True
prospective_75153522_target_anchor_72359026,75153522,72359026,BP.SCYB.DP3,BP.SCYB.40.DP3,BP.SCYB.40.DP3,40,40,SCYB,DP3,250.0,2.0-10.0Hz,2.0,10.0,609.6754570244709,809.0954847376594,0.6809694709574622,-0.156,True
prospective_75153522_target_anchor_72359026,75153522,72359026,BP.SCYB.DP3,BP.SCYB.40.DP3,BP.SCYB.40.DP3,40,40,SCYB,DP3,250.0,5.0-20.0Hz,5.0,20.0,919.89462858584,1000.3592721639451,0.635516434118592,-0.152,True
prospective_75153522_target_anchor_72359026,75153522,72359026,BP.SCYB.DP3,BP.SCYB.40.DP3,BP.SCYB.40.DP3,40,40,SCYB,DP3,250.0,10.0-40.0Hz,10.0,40.0,463.297086477724,596.0420344216835,0.5262774373618945,-0.156,True
prospective_75153522_target_anchor_72359026,75153522,72359026,BP.SCYB.DP3,BP.SCYB.40.DP3,BP.SCYB.40.DP3,40,40,SCYB,DP3,250.0,2.0-40.0Hz,2.0,40.0,572.3378842496932,768.5881491464552,0.6380554263374101,-0.156,True
prospective_75153522_target_anchor_72359026,75153522,72359026,BP.SMNB.DP1,BP.SMNB.40.DP1,BP.SMNB.40.DP1,40,40,SMNB,DP1,250.0,2.0-10.0Hz,2.0,10.0,245.44630476257905,635.7735658292014,0.525939858458416,-0.084,True
prospective_75153522_target_anchor_72359026,75153522,72359026,BP.SMNB.DP1,BP.SMNB.40.DP1,BP.SMNB.40.DP1,40,40,SMNB,DP1,250.0,5.0-20.0Hz,5.0,20.0,491.66864697292095,927.7988674046223,0.24472929326583112,-0.072,True
prospective_75153522_target_anchor_72359026,75153522,72359026,BP.SMNB.DP1,BP.SMNB.40.DP1,BP.SMNB.40.DP1,40,40,SMNB,DP1,250.0,10.0-40.0Hz,10.0,40.0,579.2110347959699,1238.7070169387239,0.21793690511509425,-0.5,True
prospective_75153522_target_anchor_72359026,75153522,72359026,BP.SMNB.DP1,BP.SMNB.40.DP1,BP.SMNB.40.DP1,40,40,SMNB,DP1,250.0,2.0-40.0Hz,2.0,40.0,348.9333080555032,828.740453923952,0.30649325727468063,-0.068,True
prospective_75153522_target_anchor_72359026,75153522,72359026,BP.SMNB.DP2,BP.SMNB.40.DP2,BP.SMNB.40.DP2,40,40,SMNB,DP2,250.0,2.0-10.0Hz,2.0,10.0,285.1903843730098,593.5251517565778,0.4162997597383396,-0.084,True
prospective_75153522_target_anchor_72359026,75153522,72359026,BP.SMNB.DP2,BP.SMNB.40.DP2,BP.SMNB.40.DP2,40,40,SMNB,DP2,250.0,5.0-20.0Hz,5.0,20.0,554.4517639448566,1019.6485920212331,0.27025018457133665,0.3,True
prospective_75153522_target_anchor_72359026,75153522,72359026,BP.SMNB.DP2,BP.SMNB.40.DP2,BP.SMNB.40.DP2,40,40,SMNB,DP2,250.0,10.0-40.0Hz,10.0,40.0,608.0841166245423,1310.778168346684,0.22997055402530328,0.044,True
prospective_75153522_target_anchor_72359026,75153522,72359026,BP.SMNB.DP2,BP.SMNB.40.DP2,BP.SMNB.40.DP2,40,40,SMNB,DP2,250.0,2.0-40.0Hz,2.0,40.0,391.01428751935873,878.9241076417773,0.20718679174548282,-0.06,True
prospective_75153522_target_anchor_72359026,75153522,72359026,BP.SMNB.DP3,BP.SMNB.40.DP3,BP.SMNB.40.DP3,40,40,SMNB,DP3,250.0,2.0-10.0Hz,2.0,10.0,237.11076236396852,407.1264530290289,0.6582321501893788,-0.076,True
prospective_75153522_target_anchor_72359026,75153522,72359026,BP.SMNB.DP3,BP.SMNB.40.DP3,BP.SMNB.40.DP3,40,40,SMNB,DP3,250.0,5.0-20.0Hz,5.0,20.0,541.2127842025029,1015.3782140724481,0.23020563893654508,-0.072,True
prospective_75153522_target_anchor_72359026,75153522,72359026,BP.SMNB.DP3,BP.SMNB.40.DP3,BP.SMNB.40.DP3,40,40,SMNB,DP3,250.0,10.0-40.0Hz,10.0,40.0,685.4711145582421,1391.107539233404,0.15488946042413607,-0.12,True
prospective_75153522_target_anchor_72359026,75153522,72359026,BP.SMNB.DP3,BP.SMNB.40.DP3,BP.SMNB.40.DP3,40,40,SMNB,DP3,250.0,2.0-40.0Hz,2.0,40.0,400.9212172873177,720.2862647983266,0.2646631979343855,-0.076,True
prospective_75153522_target_anchor_72359026,75153522,72359026,NC.PSM.EHE,NC.PSM..EHE,NC.PSM..EHE,,,PSM,EHE,100.0,2.0-10.0Hz,2.0,10.0,0.9696746353733536,938.0532373096394,0.12656525179453113,0.5,False
prospective_75153522_target_anchor_72359026,75153522,72359026,NC.PSM.EHE,NC.PSM..EHE,NC.PSM..EHE,,,PSM,EHE,100.0,5.0-20.0Hz,5.0,20.0,0.9312949956425075,625.4970325449021,0.1264629120494474,-0.44,False
prospective_75153522_target_anchor_72359026,75153522,72359026,NC.PSM.EHE,NC.PSM..EHE,NC.PSM..EHE,,,PSM,EHE,100.0,10.0-40.0Hz,10.0,40.0,0.9686109564793793,81.01904800505557,0.09624170198234445,-0.08,False
prospective_75153522_target_anchor_72359026,75153522,72359026,NC.PSM.EHE,NC.PSM..EHE,NC.PSM..EHE,,,PSM,EHE,100.0,2.0-40.0Hz,2.0,40.0,0.9652769958171912,468.9834172904278,0.08007100296900563,-0.3,False
prospective_75153522_target_anchor_72359026,75153522,72359026,NC.PSM.EHN,NC.PSM..EHN,NC.PSM..EHN,,,PSM,EHN,100.0,2.0-10.0Hz,2.0,10.0,442.5838038492121,833.8990095929345,0.8240484080437377,0.15,True
prospective_75153522_target_anchor_72359026,75153522,72359026,NC.PSM.EHN,NC.PSM..EHN,NC.PSM..EHN,,,PSM,EHN,100.0,5.0-20.0Hz,5.0,20.0,258.94860671563237,417.70713752809814,0.5146578085259037,0.16,True
prospective_75153522_target_anchor_72359026,75153522,72359026,NC.PSM.EHN,NC.PSM..EHN,NC.PSM..EHN,,,PSM,EHN,100.0,10.0-40.0Hz,10.0,40.0,52.03075772545351,96.11115004760399,0.30615342586968974,0.07,True
prospective_75153522_target_anchor_72359026,75153522,72359026,NC.PSM.EHN,NC.PSM..EHN,NC.PSM..EHN,,,PSM,EHN,100.0,2.0-40.0Hz,2.0,40.0,287.66431941312936,478.42311558167444,0.8033290613751171,0.15,True
prospective_75153522_target_anchor_72359026,75153522,72359026,NC.PSM.EHZ,NC.PSM..EHZ,NC.PSM..EHZ,,,PSM,EHZ,100.0,2.0-10.0Hz,2.0,10.0,345.06263007613865,837.0842282814857,0.6484799346031412,0.15,True
prospective_75153522_target_anchor_72359026,75153522,72359026,NC.PSM.EHZ,NC.PSM..EHZ,NC.PSM..EHZ,,,PSM,EHZ,100.0,5.0-20.0Hz,5.0,20.0,254.50324968591713,585.1864103038785,0.45743960376668547,0.16,True
prospective_75153522_target_anchor_72359026,75153522,72359026,NC.PSM.EHZ,NC.PSM..EHZ,NC.PSM..EHZ,,,PSM,EHZ,100.0,10.0-40.0Hz,10.0,40.0,61.81337981107511,68.35409675968958,0.4204726087198271,0.16,True
prospective_75153522_target_anchor_72359026,75153522,72359026,NC.PSM.EHZ,NC.PSM..EHZ,NC.PSM..EHZ,,,PSM,EHZ,100.0,2.0-40.0Hz,2.0,40.0,237.68348478320334,335.43543603806137,0.6283904748478789,0.16,True
prospective_75162676_target_anchor_51214531,75162676,51214531,BP.CCRB.DP1,BP.CCRB.40.DP1,BP.CCRB..DP1,40,,CCRB,DP1,250.0,2.0-10.0Hz,2.0,10.0,301.91272117206313,118.79117905537943,0.6405665537904589,-0.008,True
prospective_75162676_target_anchor_51214531,75162676,51214531,BP.CCRB.DP1,BP.CCRB.40.DP1,BP.CCRB..DP1,40,,CCRB,DP1,250.0,5.0-20.0Hz,5.0,20.0,594.0187614863313,313.616315484446,0.7000998792740517,-0.02,True
prospective_75162676_target_anchor_51214531,75162676,51214531,BP.CCRB.DP1,BP.CCRB.40.DP1,BP.CCRB..DP1,40,,CCRB,DP1,250.0,10.0-40.0Hz,10.0,40.0,978.0562460440489,581.3656965493266,0.7533959882065274,-0.024,True
prospective_75162676_target_anchor_51214531,75162676,51214531,BP.CCRB.DP1,BP.CCRB.40.DP1,BP.CCRB..DP1,40,,CCRB,DP1,250.0,2.0-40.0Hz,2.0,40.0,607.4241710069349,327.62317104245875,0.7061575825395094,-0.02,True
prospective_75162676_target_anchor_51214531,75162676,51214531,BP.CCRB.DP2,BP.CCRB.40.DP2,BP.CCRB..DP2,40,,CCRB,DP2,250.0,2.0-10.0Hz,2.0,10.0,350.469189345581,90.21904482418113,0.613346132560819,0.004,True
prospective_75162676_target_anchor_51214531,75162676,51214531,BP.CCRB.DP2,BP.CCRB.40.DP2,BP.CCRB..DP2,40,,CCRB,DP2,250.0,5.0-20.0Hz,5.0,20.0,466.6715835367498,169.8874430739322,0.4750479434330762,-0.004,True
prospective_75162676_target_anchor_51214531,75162676,51214531,BP.CCRB.DP2,BP.CCRB.40.DP2,BP.CCRB..DP2,40,,CCRB,DP2,250.0,10.0-40.0Hz,10.0,40.0,438.08436668241615,222.8465286071905,0.47713185546060266,-0.012,True
prospective_75162676_target_anchor_51214531,75162676,51214531,BP.CCRB.DP2,BP.CCRB.40.DP2,BP.CCRB..DP2,40,,CCRB,DP2,250.0,2.0-40.0Hz,2.0,40.0,374.9217539195652,128.66859614792844,0.4721715293964315,-0.008,True
prospective_75162676_target_anchor_51214531,75162676,51214531,BP.CCRB.DP3,BP.CCRB.40.DP3,BP.CCRB..DP3,40,,CCRB,DP3,250.0,2.0-10.0Hz,2.0,10.0,284.69218309689177,0.914485140562439,0.2135206032995087,0.16,False
prospective_75162676_target_anchor_51214531,75162676,51214531,BP.CCRB.DP3,BP.CCRB.40.DP3,BP.CCRB..DP3,40,,CCRB,DP3,250.0,5.0-20.0Hz,5.0,20.0,445.7601824944484,1.0682325954944083,0.18963342359693267,0.004,False
prospective_75162676_target_anchor_51214531,75162676,51214531,BP.CCRB.DP3,BP.CCRB.40.DP3,BP.CCRB..DP3,40,,CCRB,DP3,250.0,10.0-40.0Hz,10.0,40.0,667.4012932257992,1.0898527451527722,0.1409305749804297,0.0,False
prospective_75162676_target_anchor_51214531,75162676,51214531,BP.CCRB.DP3,BP.CCRB.40.DP3,BP.CCRB..DP3,40,,CCRB,DP3,250.0,2.0-40.0Hz,2.0,40.0,386.670988049959,1.0391733321840135,0.13752308602124264,0.004,False
prospective_75162676_target_anchor_51214531,75162676,51214531,BP.EADB.DP1,BP.EADB.40.DP1,BP.EADB..DP1,40,,EADB,DP1,250.0,2.0-10.0Hz,2.0,10.0,57.00481785579136,55.3225379456065,0.8246795654034973,0.0,True
prospective_75162676_target_anchor_51214531,75162676,51214531,BP.EADB.DP1,BP.EADB.40.DP1,BP.EADB..DP1,40,,EADB,DP1,250.0,5.0-20.0Hz,5.0,20.0,66.91832102848406,49.23983759786967,0.6283005164223678,-0.008,True
prospective_75162676_target_anchor_51214531,75162676,51214531,BP.EADB.DP1,BP.EADB.40.DP1,BP.EADB..DP1,40,,EADB,DP1,250.0,10.0-40.0Hz,10.0,40.0,48.851340842771656,22.81690640706947,0.4487195667052722,-0.016,True
prospective_75162676_target_anchor_51214531,75162676,51214531,BP.EADB.DP1,BP.EADB.40.DP1,BP.EADB..DP1,40,,EADB,DP1,250.0,2.0-40.0Hz,2.0,40.0,57.24918057653739,47.72855654273528,0.7354889482764655,-0.004,True
prospective_75162676_target_anchor_51214531,75162676,51214531,BP.EADB.DP2,BP.EADB.40.DP2,BP.EADB..DP2,40,,EADB,DP2,250.0,2.0-10.0Hz,2.0,10.0,112.75467658991322,71.52809277891325,0.8889344508091379,0.004,True
prospective_75162676_target_anchor_51214531,75162676,51214531,BP.EADB.DP2,BP.EADB.40.DP2,BP.EADB..DP2,40,,EADB,DP2,250.0,5.0-20.0Hz,5.0,20.0,66.5330944850934,55.82815466044312,0.6181077703789731,-0.004,True
prospective_75162676_target_anchor_51214531,75162676,51214531,BP.EADB.DP2,BP.EADB.40.DP2,BP.EADB..DP2,40,,EADB,DP2,250.0,10.0-40.0Hz,10.0,40.0,44.46277757962682,26.050706530428297,0.5282099391780879,-0.016,True
prospective_75162676_target_anchor_51214531,75162676,51214531,BP.EADB.DP2,BP.EADB.40.DP2,BP.EADB..DP2,40,,EADB,DP2,250.0,2.0-40.0Hz,2.0,40.0,103.80462373785568,61.634001284173195,0.8212759574848533,0.004,True
prospective_75162676_target_anchor_51214531,75162676,51214531,BP.EADB.DP3,BP.EADB.40.DP3,BP.EADB..DP3,40,,EADB,DP3,250.0,2.0-10.0Hz,2.0,10.0,79.19550175308736,53.58546716213634,0.8836253317179245,0.008,True
prospective_75162676_target_anchor_51214531,75162676,51214531,BP.EADB.DP3,BP.EADB.40.DP3,BP.EADB..DP3,40,,EADB,DP3,250.0,5.0-20.0Hz,5.0,20.0,68.83118434508162,31.45918885892672,0.5722161334261513,-0.008,True
prospective_75162676_target_anchor_51214531,75162676,51214531,BP.EADB.DP3,BP.EADB.40.DP3,BP.EADB..DP3,40,,EADB,DP3,250.0,10.0-40.0Hz,10.0,40.0,42.48787339448238,13.397308551939556,0.44335309020727803,-0.016,True
prospective_75162676_target_anchor_51214531,75162676,51214531,BP.EADB.DP3,BP.EADB.40.DP3,BP.EADB..DP3,40,,EADB,DP3,250.0,2.0-40.0Hz,2.0,40.0,85.70434327806541,40.080114834370974,0.847868498382564,0.004,True
prospective_75162676_target_anchor_51214531,75162676,51214531,BP.FROB.DP1,BP.FROB.40.DP1,BP.FROB..DP1,40,,FROB,DP1,250.0,2.0-10.0Hz,2.0,10.0,19.94904510038278,33.13931186912395,0.5609953933133102,-0.016,True
prospective_75162676_target_anchor_51214531,75162676,51214531,BP.FROB.DP1,BP.FROB.40.DP1,BP.FROB..DP1,40,,FROB,DP1,250.0,5.0-20.0Hz,5.0,20.0,32.193854046424036,58.38411660886369,0.3912816258721324,-0.02,True
prospective_75162676_target_anchor_51214531,75162676,51214531,BP.FROB.DP1,BP.FROB.40.DP1,BP.FROB..DP1,40,,FROB,DP1,250.0,10.0-40.0Hz,10.0,40.0,32.64099813390236,73.89829832799535,0.24246879755306533,-0.016,True
prospective_75162676_target_anchor_51214531,75162676,51214531,BP.FROB.DP1,BP.FROB.40.DP1,BP.FROB..DP1,40,,FROB,DP1,250.0,2.0-40.0Hz,2.0,40.0,26.899169442106164,49.624911524861425,0.3385943949644963,-0.016,True
prospective_75162676_target_anchor_51214531,75162676,51214531,BP.FROB.DP2,BP.FROB.40.DP2,BP.FROB..DP2,40,,FROB,DP2,250.0,2.0-10.0Hz,2.0,10.0,22.5625557796754,32.552353277134266,0.666057573486544,-0.004,True
prospective_75162676_target_anchor_51214531,75162676,51214531,BP.FROB.DP2,BP.FROB.40.DP2,BP.FROB..DP2,40,,FROB,DP2,250.0,5.0-20.0Hz,5.0,20.0,35.4918173019049,38.40742077032753,0.29488937891553485,-0.008,True
prospective_75162676_target_anchor_51214531,75162676,51214531,BP.FROB.DP2,BP.FROB.40.DP2,BP.FROB..DP2,40,,FROB,DP2,250.0,10.0-40.0Hz,10.0,40.0,32.18125455909,42.45892225027907,0.17830537565084012,0.4,True
prospective_75162676_target_anchor_51214531,75162676,51214531,BP.FROB.DP2,BP.FROB.40.DP2,BP.FROB..DP2,40,,FROB,DP2,250.0,2.0-40.0Hz,2.0,40.0,28.532661524601508,39.54042744652757,0.31643196575532867,-0.012,True
prospective_75162676_target_anchor_51214531,75162676,51214531,BP.FROB.DP3,BP.FROB.40.DP3,BP.FROB..DP3,40,,FROB,DP3,250.0,2.0-10.0Hz,2.0,10.0,32.25857721614305,37.07352658324447,0.6064199862642168,-0.012,True
prospective_75162676_target_anchor_51214531,75162676,51214531,BP.FROB.DP3,BP.FROB.40.DP3,BP.FROB..DP3,40,,FROB,DP3,250.0,5.0-20.0Hz,5.0,20.0,33.532037897088934,45.36322220808987,0.404328414013916,-0.016,True
prospective_75162676_target_anchor_51214531,75162676,51214531,BP.FROB.DP3,BP.FROB.40.DP3,BP.FROB..DP3,40,,FROB,DP3,250.0,10.0-40.0Hz,10.0,40.0,23.08329990236022,51.07041741560048,0.1475759659928469,-0.02,True
prospective_75162676_target_anchor_51214531,75162676,51214531,BP.FROB.DP3,BP.FROB.40.DP3,BP.FROB..DP3,40,,FROB,DP3,250.0,2.0-40.0Hz,2.0,40.0,27.705229156270875,41.746527876974504,0.38828217465392795,-0.016,True
prospective_75162676_target_anchor_51214531,75162676,51214531,BP.GHIB.DP1,BP.GHIB.40.DP1,BP.GHIB..DP1,40,,GHIB,DP1,250.0,2.0-10.0Hz,2.0,10.0,13.303360384424293,1.6931163525484692,0.776257892599232,-0.016,False
prospective_75162676_target_anchor_51214531,75162676,51214531,BP.GHIB.DP1,BP.GHIB.40.DP1,BP.GHIB..DP1,40,,GHIB,DP1,250.0,5.0-20.0Hz,5.0,20.0,13.082771785420308,2.3962866887335705,0.5675633192010283,-0.02,False
prospective_75162676_target_anchor_51214531,75162676,51214531,BP.GHIB.DP1,BP.GHIB.40.DP1,BP.GHIB..DP1,40,,GHIB,DP1,250.0,10.0-40.0Hz,10.0,40.0,12.76515192063067,0.6811129585874992,0.592568251191245,-0.024,False
prospective_75162676_target_anchor_51214531,75162676,51214531,BP.GHIB.DP1,BP.GHIB.40.DP1,BP.GHIB..DP1,40,,GHIB,DP1,250.0,2.0-40.0Hz,2.0,40.0,13.368745217960555,1.1386605845591107,0.7106397188676651,-0.02,False
prospective_75162676_target_anchor_51214531,75162676,51214531,BP.GHIB.DP3,BP.GHIB.40.DP3,BP.GHIB..DP3,40,,GHIB,DP3,250.0,2.0-10.0Hz,2.0,10.0,3.1995172387773203,6.699780973955954,0.8055699144602946,-0.012,True
prospective_75162676_target_anchor_51214531,75162676,51214531,BP.GHIB.DP3,BP.GHIB.40.DP3,BP.GHIB..DP3,40,,GHIB,DP3,250.0,5.0-20.0Hz,5.0,20.0,3.094413768189499,9.029557060862325,0.5216485310807695,-0.02,True
prospective_75162676_target_anchor_51214531,75162676,51214531,BP.GHIB.DP3,BP.GHIB.40.DP3,BP.GHIB..DP3,40,,GHIB,DP3,250.0,10.0-40.0Hz,10.0,40.0,1.730076961246688,7.0787172932911755,0.31070844191405933,-0.024,False
prospective_75162676_target_anchor_51214531,75162676,51214531,BP.GHIB.DP3,BP.GHIB.40.DP3,BP.GHIB..DP3,40,,GHIB,DP3,250.0,2.0-40.0Hz,2.0,40.0,2.6835618004967583,7.057501522107244,0.6694434555841634,-0.02,False
prospective_75162676_target_anchor_51214531,75162676,51214531,BP.JCSB.DP1,BP.JCSB.40.DP1,BP.JCSB..DP1,40,,JCSB,DP1,250.0,2.0-10.0Hz,2.0,10.0,307.4287040029274,200.72198493799243,0.8405734660571326,-0.008,True
prospective_75162676_target_anchor_51214531,75162676,51214531,BP.JCSB.DP1,BP.JCSB.40.DP1,BP.JCSB..DP1,40,,JCSB,DP1,250.0,5.0-20.0Hz,5.0,20.0,244.46155991866885,233.38728867768125,0.6615393536032199,-0.016,True
prospective_75162676_target_anchor_51214531,75162676,51214531,BP.JCSB.DP1,BP.JCSB.40.DP1,BP.JCSB..DP1,40,,JCSB,DP1,250.0,10.0-40.0Hz,10.0,40.0,163.85048520342144,202.90688667496175,0.5872520286094902,-0.024,True
prospective_75162676_target_anchor_51214531,75162676,51214531,BP.JCSB.DP1,BP.JCSB.40.DP1,BP.JCSB..DP1,40,,JCSB,DP1,250.0,2.0-40.0Hz,2.0,40.0,241.55789341549237,206.18878309743977,0.7164042522894725,-0.016,True
prospective_75162676_target_anchor_51214531,75162676,51214531,BP.JCSB.DP2,BP.JCSB.40.DP2,BP.JCSB..DP2,40,,JCSB,DP2,250.0,2.0-10.0Hz,2.0,10.0,2.4566318128409033,8.062473712609913,0.2133101509611632,0.0,False
prospective_75162676_target_anchor_51214531,75162676,51214531,BP.JCSB.DP2,BP.JCSB.40.DP2,BP.JCSB..DP2,40,,JCSB,DP2,250.0,5.0-20.0Hz,5.0,20.0,5.9588437048904,6.255771928011976,0.5533909875791467,-0.016,True
prospective_75162676_target_anchor_51214531,75162676,51214531,BP.JCSB.DP2,BP.JCSB.40.DP2,BP.JCSB..DP2,40,,JCSB,DP2,250.0,10.0-40.0Hz,10.0,40.0,9.25434205138897,8.20395255156163,0.5763779852327662,-0.016,True
prospective_75162676_target_anchor_51214531,75162676,51214531,BP.JCSB.DP2,BP.JCSB.40.DP2,BP.JCSB..DP2,40,,JCSB,DP2,250.0,2.0-40.0Hz,2.0,40.0,5.979302471116382,7.98762608110911,0.38313317067287417,-0.016,True
prospective_75162676_target_anchor_51214531,75162676,51214531,BP.JCSB.DP3,BP.JCSB.40.DP3,BP.JCSB..DP3,40,,JCSB,DP3,250.0,2.0-10.0Hz,2.0,10.0,9.689688615862284,0.9953798428100272,0.17306685015989604,0.328,False
prospective_75162676_target_anchor_51214531,75162676,51214531,BP.JCSB.DP3,BP.JCSB.40.DP3,BP.JCSB..DP3,40,,JCSB,DP3,250.0,5.0-20.0Hz,5.0,20.0,15.27811814525994,1.0057189921744092,0.14273649073540867,-0.5,False
prospective_75162676_target_anchor_51214531,75162676,51214531,BP.JCSB.DP3,BP.JCSB.40.DP3,BP.JCSB..DP3,40,,JCSB,DP3,250.0,10.0-40.0Hz,10.0,40.0,15.236505303300502,1.0795684761271183,0.09112335541765941,-0.44,False
prospective_75162676_target_anchor_51214531,75162676,51214531,BP.JCSB.DP3,BP.JCSB.40.DP3,BP.JCSB..DP3,40,,JCSB,DP3,250.0,2.0-40.0Hz,2.0,40.0,13.6406943521969,1.0400833932061937,0.08240375897792566,0.452,False
prospective_75162676_target_anchor_51214531,75162676,51214531,BP.LCCB.DP1,BP.LCCB.40.DP1,BP.LCCB..DP1,40,,LCCB,DP1,250.0,2.0-10.0Hz,2.0,10.0,402.4307798841961,57.18499040453204,0.676281039743116,0.02,True
prospective_75162676_target_anchor_51214531,75162676,51214531,BP.LCCB.DP1,BP.LCCB.40.DP1,BP.LCCB..DP1,40,,LCCB,DP1,250.0,5.0-20.0Hz,5.0,20.0,592.5121389476163,65.02017320565218,0.5463179172249748,0.024,True
prospective_75162676_target_anchor_51214531,75162676,51214531,BP.LCCB.DP1,BP.LCCB.40.DP1,BP.LCCB..DP1,40,,LCCB,DP1,250.0,10.0-40.0Hz,10.0,40.0,561.4919022722461,45.74787659674204,0.39874947750938367,0.028,True
prospective_75162676_target_anchor_51214531,75162676,51214531,BP.LCCB.DP1,BP.LCCB.40.DP1,BP.LCCB..DP1,40,,LCCB,DP1,250.0,2.0-40.0Hz,2.0,40.0,442.98400332935375,51.13748371532447,0.5472837082378257,0.024,True
prospective_75162676_target_anchor_51214531,75162676,51214531,BP.LCCB.DP2,BP.LCCB.40.DP2,BP.LCCB..DP2,40,,LCCB,DP2,250.0,2.0-10.0Hz,2.0,10.0,217.61248764229558,339.07191327236086,0.8571201937014077,0.012,True
prospective_75162676_target_anchor_51214531,75162676,51214531,BP.LCCB.DP2,BP.LCCB.40.DP2,BP.LCCB..DP2,40,,LCCB,DP2,250.0,5.0-20.0Hz,5.0,20.0,288.6868371510941,380.79922745145615,0.582791921540005,0.016,True
prospective_75162676_target_anchor_51214531,75162676,51214531,BP.LCCB.DP2,BP.LCCB.40.DP2,BP.LCCB..DP2,40,,LCCB,DP2,250.0,10.0-40.0Hz,10.0,40.0,187.92434618222296,225.26153528557327,0.3049229782458406,0.02,True
prospective_75162676_target_anchor_51214531,75162676,51214531,BP.LCCB.DP2,BP.LCCB.40.DP2,BP.LCCB..DP2,40,,LCCB,DP2,250.0,2.0-40.0Hz,2.0,40.0,205.1574699765322,269.7435359163324,0.5298575194461503,0.02,True
prospective_75162676_target_anchor_51214531,75162676,51214531,BP.LCCB.DP3,BP.LCCB.40.DP3,BP.LCCB..DP3,40,,LCCB,DP3,250.0,2.0-10.0Hz,2.0,10.0,498.9166444659388,455.4043116511137,0.7755855166389185,0.024,True
prospective_75162676_target_anchor_51214531,75162676,51214531,BP.LCCB.DP3,BP.LCCB.40.DP3,BP.LCCB..DP3,40,,LCCB,DP3,250.0,5.0-20.0Hz,5.0,20.0,624.965654618135,611.6722687752268,0.5422709139420968,0.028,True
prospective_75162676_target_anchor_51214531,75162676,51214531,BP.LCCB.DP3,BP.LCCB.40.DP3,BP.LCCB..DP3,40,,LCCB,DP3,250.0,10.0-40.0Hz,10.0,40.0,564.8806158003958,480.70426262605315,0.352046277729773,0.032,True
prospective_75162676_target_anchor_51214531,75162676,51214531,BP.LCCB.DP3,BP.LCCB.40.DP3,BP.LCCB..DP3,40,,LCCB,DP3,250.0,2.0-40.0Hz,2.0,40.0,521.9539684586946,461.57774872518115,0.6109671168409421,0.028,True
prospective_75162676_target_anchor_51214531,75162676,51214531,BP.MMNB.DP1,BP.MMNB.40.DP1,BP.MMNB..DP1,40,,MMNB,DP1,250.0,2.0-10.0Hz,2.0,10.0,258.48323438450103,1.4744418828185892,0.16902345302354876,0.188,False
prospective_75162676_target_anchor_51214531,75162676,51214531,BP.MMNB.DP1,BP.MMNB.40.DP1,BP.MMNB..DP1,40,,MMNB,DP1,250.0,5.0-20.0Hz,5.0,20.0,405.87047879801344,1.3497729850336648,0.23633998929915087,-0.228,False
prospective_75162676_target_anchor_51214531,75162676,51214531,BP.MMNB.DP1,BP.MMNB.40.DP1,BP.MMNB..DP1,40,,MMNB,DP1,250.0,10.0-40.0Hz,10.0,40.0,232.63211641250865,1.406303627915425,0.19494336780654872,0.024,False
prospective_75162676_target_anchor_51214531,75162676,51214531,BP.MMNB.DP1,BP.MMNB.40.DP1,BP.MMNB..DP1,40,,MMNB,DP1,250.0,2.0-40.0Hz,2.0,40.0,267.78895411816666,1.4551490241947158,0.149018419929908,-0.224,False
prospective_75162676_target_anchor_51214531,75162676,51214531,BP.MMNB.DP2,BP.MMNB.40.DP2,BP.MMNB..DP2,40,,MMNB,DP2,250.0,2.0-10.0Hz,2.0,10.0,265.8232717045795,1.4230488454564196,0.17438363818815336,-0.356,False
prospective_75162676_target_anchor_51214531,75162676,51214531,BP.MMNB.DP2,BP.MMNB.40.DP2,BP.MMNB..DP2,40,,MMNB,DP2,250.0,5.0-20.0Hz,5.0,20.0,369.47386962936804,1.350124812238209,0.1691222709779213,0.02,False
prospective_75162676_target_anchor_51214531,75162676,51214531,BP.MMNB.DP2,BP.MMNB.40.DP2,BP.MMNB..DP2,40,,MMNB,DP2,250.0,10.0-40.0Hz,10.0,40.0,241.4044767643785,1.4232623354865148,0.17758606432606144,-0.16,False
prospective_75162676_target_anchor_51214531,75162676,51214531,BP.MMNB.DP2,BP.MMNB.40.DP2,BP.MMNB..DP2,40,,MMNB,DP2,250.0,2.0-40.0Hz,2.0,40.0,277.70780666412065,1.4194157303047599,0.14773124795594755,-0.348,False
prospective_75162676_target_anchor_51214531,75162676,51214531,BP.MMNB.DP3,BP.MMNB.40.DP3,BP.MMNB..DP3,40,,MMNB,DP3,250.0,2.0-10.0Hz,2.0,10.0,305.32013643149514,282.3426742836104,0.7175628248595506,0.012,True
prospective_75162676_target_anchor_51214531,75162676,51214531,BP.MMNB.DP3,BP.MMNB.40.DP3,BP.MMNB..DP3,40,,MMNB,DP3,250.0,5.0-20.0Hz,5.0,20.0,496.72792841539865,473.97752818355235,0.7397771839172863,0.004,True
prospective_75162676_target_anchor_51214531,75162676,51214531,BP.MMNB.DP3,BP.MMNB.40.DP3,BP.MMNB..DP3,40,,MMNB,DP3,250.0,10.0-40.0Hz,10.0,40.0,392.10854349985465,258.8886180931402,0.6681012095332548,0.0,True
prospective_75162676_target_anchor_51214531,75162676,51214531,BP.MMNB.DP3,BP.MMNB.40.DP3,BP.MMNB..DP3,40,,MMNB,DP3,250.0,2.0-40.0Hz,2.0,40.0,347.46602644648436,299.57820056206003,0.7052180318966643,0.004,True
prospective_75162676_target_anchor_51214531,75162676,51214531,BP.SCYB.DP1,BP.SCYB.40.DP1,BP.SCYB..DP1,40,,SCYB,DP1,250.0,2.0-10.0Hz,2.0,10.0,377.5358857724856,517.6734632416473,0.4113922103924828,0.032,True
prospective_75162676_target_anchor_51214531,75162676,51214531,BP.SCYB.DP1,BP.SCYB.40.DP1,BP.SCYB..DP1,40,,SCYB,DP1,250.0,5.0-20.0Hz,5.0,20.0,636.4602051035115,662.4152485290651,0.32653528125548115,-0.076,True
prospective_75162676_target_anchor_51214531,75162676,51214531,BP.SCYB.DP1,BP.SCYB.40.DP1,BP.SCYB..DP1,40,,SCYB,DP1,250.0,10.0-40.0Hz,10.0,40.0,560.6241453706614,414.79960168393836,0.36429715980582156,0.104,True
prospective_75162676_target_anchor_51214531,75162676,51214531,BP.SCYB.DP1,BP.SCYB.40.DP1,BP.SCYB..DP1,40,,SCYB,DP1,250.0,2.0-40.0Hz,2.0,40.0,421.09150067746106,491.82615972456796,0.3638668010557019,0.02,True
prospective_75162676_target_anchor_51214531,75162676,51214531,BP.SCYB.DP2,BP.SCYB.40.DP2,BP.SCYB..DP2,40,,SCYB,DP2,250.0,2.0-10.0Hz,2.0,10.0,356.9181034464445,562.5451857757329,0.6624657520608898,0.036,True
prospective_75162676_target_anchor_51214531,75162676,51214531,BP.SCYB.DP2,BP.SCYB.40.DP2,BP.SCYB..DP2,40,,SCYB,DP2,250.0,5.0-20.0Hz,5.0,20.0,574.4377792623999,631.6868184288742,0.44523615221960366,0.028,True
prospective_75162676_target_anchor_51214531,75162676,51214531,BP.SCYB.DP2,BP.SCYB.40.DP2,BP.SCYB..DP2,40,,SCYB,DP2,250.0,10.0-40.0Hz,10.0,40.0,366.65966162272923,311.81948288235327,0.4088735898255053,-0.064,True
prospective_75162676_target_anchor_51214531,75162676,51214531,BP.SCYB.DP2,BP.SCYB.40.DP2,BP.SCYB..DP2,40,,SCYB,DP2,250.0,2.0-40.0Hz,2.0,40.0,364.20229760497404,494.46348245811413,0.5923757925000683,0.032,True
prospective_75162676_target_anchor_51214531,75162676,51214531,BP.SCYB.DP3,BP.SCYB.40.DP3,BP.SCYB..DP3,40,,SCYB,DP3,250.0,2.0-10.0Hz,2.0,10.0,433.8665380276141,436.1924627352675,0.5425052525403452,0.036,True
prospective_75162676_target_anchor_51214531,75162676,51214531,BP.SCYB.DP3,BP.SCYB.40.DP3,BP.SCYB..DP3,40,,SCYB,DP3,250.0,5.0-20.0Hz,5.0,20.0,652.177002542663,587.3018560516831,0.34020755632750754,-0.36,True
prospective_75162676_target_anchor_51214531,75162676,51214531,BP.SCYB.DP3,BP.SCYB.40.DP3,BP.SCYB..DP3,40,,SCYB,DP3,250.0,10.0-40.0Hz,10.0,40.0,434.73226261493954,355.83878381349894,0.2805504992566824,-0.356,True
prospective_75162676_target_anchor_51214531,75162676,51214531,BP.SCYB.DP3,BP.SCYB.40.DP3,BP.SCYB..DP3,40,,SCYB,DP3,250.0,2.0-40.0Hz,2.0,40.0,445.82445155236326,417.95847696962505,0.4619347435025244,0.032,True
prospective_75162676_target_anchor_51214531,75162676,51214531,BP.SMNB.DP1,BP.SMNB.40.DP1,BP.SMNB..DP1,40,,SMNB,DP1,250.0,2.0-10.0Hz,2.0,10.0,362.0911290506253,343.1880201436833,0.6665205231422441,0.0,True
prospective_75162676_target_anchor_51214531,75162676,51214531,BP.SMNB.DP1,BP.SMNB.40.DP1,BP.SMNB..DP1,40,,SMNB,DP1,250.0,5.0-20.0Hz,5.0,20.0,355.5385338636308,560.9195675568909,0.3735742329209356,0.0,True
prospective_75162676_target_anchor_51214531,75162676,51214531,BP.SMNB.DP1,BP.SMNB.40.DP1,BP.SMNB..DP1,40,,SMNB,DP1,250.0,10.0-40.0Hz,10.0,40.0,415.3917037323956,731.3951097287741,0.16770844535216478,-0.428,True
prospective_75162676_target_anchor_51214531,75162676,51214531,BP.SMNB.DP1,BP.SMNB.40.DP1,BP.SMNB..DP1,40,,SMNB,DP1,250.0,2.0-40.0Hz,2.0,40.0,379.88138712688715,490.84063655956214,0.33082342999292413,-0.008,True
prospective_75162676_target_anchor_51214531,75162676,51214531,BP.SMNB.DP2,BP.SMNB.40.DP2,BP.SMNB..DP2,40,,SMNB,DP2,250.0,2.0-10.0Hz,2.0,10.0,341.3531695909278,278.46401456770406,0.6473084905642702,0.008,True
prospective_75162676_target_anchor_51214531,75162676,51214531,BP.SMNB.DP2,BP.SMNB.40.DP2,BP.SMNB..DP2,40,,SMNB,DP2,250.0,5.0-20.0Hz,5.0,20.0,346.40569537861614,433.51323418540613,0.31669239467902094,0.0,True
prospective_75162676_target_anchor_51214531,75162676,51214531,BP.SMNB.DP2,BP.SMNB.40.DP2,BP.SMNB..DP2,40,,SMNB,DP2,250.0,10.0-40.0Hz,10.0,40.0,430.81798537044386,690.5292701823103,0.17681497318233627,-0.008,True
prospective_75162676_target_anchor_51214531,75162676,51214531,BP.SMNB.DP2,BP.SMNB.40.DP2,BP.SMNB..DP2,40,,SMNB,DP2,250.0,2.0-40.0Hz,2.0,40.0,368.7202261144637,452.98726401797813,0.30858054071554697,-0.004,True
prospective_75162676_target_anchor_51214531,75162676,51214531,BP.SMNB.DP3,BP.SMNB.40.DP3,BP.SMNB..DP3,40,,SMNB,DP3,250.0,2.0-10.0Hz,2.0,10.0,278.69231130944246,249.39460950888613,0.6610917301813508,0.008,True
prospective_75162676_target_anchor_51214531,75162676,51214531,BP.SMNB.DP3,BP.SMNB.40.DP3,BP.SMNB..DP3,40,,SMNB,DP3,250.0,5.0-20.0Hz,5.0,20.0,411.7982161886857,413.79602623080893,0.3454762903587612,-0.012,True
prospective_75162676_target_anchor_51214531,75162676,51214531,BP.SMNB.DP3,BP.SMNB.40.DP3,BP.SMNB..DP3,40,,SMNB,DP3,250.0,10.0-40.0Hz,10.0,40.0,625.5838423645876,701.1240573262513,0.3119716513291302,-0.008,True
prospective_75162676_target_anchor_51214531,75162676,51214531,BP.SMNB.DP3,BP.SMNB.40.DP3,BP.SMNB..DP3,40,,SMNB,DP3,250.0,2.0-40.0Hz,2.0,40.0,395.0587067329079,460.9928249966998,0.36363388184517254,-0.008,True
prospective_75162676_target_anchor_51214531,75162676,51214531,BP.VARB.DP1,BP.VARB.40.DP1,BP.VARB..DP1,40,,VARB,DP1,250.0,2.0-10.0Hz,2.0,10.0,128.41078779083318,119.37434743067895,0.8252909701551628,-0.012,True
prospective_75162676_target_anchor_51214531,75162676,51214531,BP.VARB.DP1,BP.VARB.40.DP1,BP.VARB..DP1,40,,VARB,DP1,250.0,5.0-20.0Hz,5.0,20.0,137.29136796855022,106.71121645957443,0.7057940967719989,-0.012,True
prospective_75162676_target_anchor_51214531,75162676,51214531,BP.VARB.DP1,BP.VARB.40.DP1,BP.VARB..DP1,40,,VARB,DP1,250.0,10.0-40.0Hz,10.0,40.0,65.84465635759197,34.209630573881306,0.34433313842167546,-0.016,True
prospective_75162676_target_anchor_51214531,75162676,51214531,BP.VARB.DP1,BP.VARB.40.DP1,BP.VARB..DP1,40,,VARB,DP1,250.0,2.0-40.0Hz,2.0,40.0,106.17632346767766,75.86689680400274,0.7375252444053292,-0.012,True
prospective_75162676_target_anchor_51214531,75162676,51214531,BP.VARB.DP2,BP.VARB.40.DP2,BP.VARB..DP2,40,,VARB,DP2,250.0,2.0-10.0Hz,2.0,10.0,0.9287842595270394,102.3802579946358,0.19904118812046062,-0.332,False
prospective_75162676_target_anchor_51214531,75162676,51214531,BP.VARB.DP2,BP.VARB.40.DP2,BP.VARB..DP2,40,,VARB,DP2,250.0,5.0-20.0Hz,5.0,20.0,0.8301893733338731,105.75216892321703,0.13372128072485093,0.476,False
prospective_75162676_target_anchor_51214531,75162676,51214531,BP.VARB.DP2,BP.VARB.40.DP2,BP.VARB..DP2,40,,VARB,DP2,250.0,10.0-40.0Hz,10.0,40.0,0.9163386729936629,47.95957079464663,0.12602526718773677,0.012,False
prospective_75162676_target_anchor_51214531,75162676,51214531,BP.VARB.DP2,BP.VARB.40.DP2,BP.VARB..DP2,40,,VARB,DP2,250.0,2.0-40.0Hz,2.0,40.0,0.9152411836279046,77.49254579398308,0.1257901621669673,-0.336,False
prospective_75162676_target_anchor_51214531,75162676,51214531,BP.VARB.DP3,BP.VARB.40.DP3,BP.VARB..DP3,40,,VARB,DP3,250.0,2.0-10.0Hz,2.0,10.0,194.11853231917235,203.98833247140072,0.6567573662453025,0.0,True
prospective_75162676_target_anchor_51214531,75162676,51214531,BP.VARB.DP3,BP.VARB.40.DP3,BP.VARB..DP3,40,,VARB,DP3,250.0,5.0-20.0Hz,5.0,20.0,183.83378842532244,237.8696026375411,0.5093546701542534,-0.004,True
prospective_75162676_target_anchor_51214531,75162676,51214531,BP.VARB.DP3,BP.VARB.40.DP3,BP.VARB..DP3,40,,VARB,DP3,250.0,10.0-40.0Hz,10.0,40.0,70.98303147613986,92.17344700451943,0.3074222861950888,-0.012,True
prospective_75162676_target_anchor_51214531,75162676,51214531,BP.VARB.DP3,BP.VARB.40.DP3,BP.VARB..DP3,40,,VARB,DP3,250.0,2.0-40.0Hz,2.0,40.0,153.74742203302964,165.25674191280402,0.5914422460360034,-0.004,True
prospective_75162676_target_anchor_51214531,75162676,51214531,NC.PSM.EHE,NC.PSM..EHE,NC.PSM..EHE,,,PSM,EHE,100.0,2.0-10.0Hz,2.0,10.0,1.1393064431846116,390.9594468681369,0.14663798520161672,-0.23,False
prospective_75162676_target_anchor_51214531,75162676,51214531,NC.PSM.EHE,NC.PSM..EHE,NC.PSM..EHE,,,PSM,EHE,100.0,5.0-20.0Hz,5.0,20.0,1.074349396554206,433.3222950429251,0.13570059546729782,-0.24,False
prospective_75162676_target_anchor_51214531,75162676,51214531,NC.PSM.EHE,NC.PSM..EHE,NC.PSM..EHE,,,PSM,EHE,100.0,10.0-40.0Hz,10.0,40.0,1.000787992981925,90.32376400482401,0.0972389826684161,-0.07,False
prospective_75162676_target_anchor_51214531,75162676,51214531,NC.PSM.EHE,NC.PSM..EHE,NC.PSM..EHE,,,PSM,EHE,100.0,2.0-40.0Hz,2.0,40.0,1.0374065793293283,325.86819643485256,0.08758037547424877,-0.23,False
prospective_75162676_target_anchor_51214531,75162676,51214531,NC.PSM.EHN,NC.PSM..EHN,NC.PSM..EHN,,,PSM,EHN,100.0,2.0-10.0Hz,2.0,10.0,377.24860995562415,494.3037921622904,0.8302958737740447,-0.06,True
prospective_75162676_target_anchor_51214531,75162676,51214531,NC.PSM.EHN,NC.PSM..EHN,NC.PSM..EHN,,,PSM,EHN,100.0,5.0-20.0Hz,5.0,20.0,328.0420899801177,255.68561449214928,0.631951588451556,-0.06,True
prospective_75162676_target_anchor_51214531,75162676,51214531,NC.PSM.EHN,NC.PSM..EHN,NC.PSM..EHN,,,PSM,EHN,100.0,10.0-40.0Hz,10.0,40.0,82.73894635053394,80.25149208677485,0.43554256651953344,-0.04,True
prospective_75162676_target_anchor_51214531,75162676,51214531,NC.PSM.EHN,NC.PSM..EHN,NC.PSM..EHN,,,PSM,EHN,100.0,2.0-40.0Hz,2.0,40.0,287.4071776422571,352.73629224773254,0.7990270039274049,-0.06,True
prospective_75162676_target_anchor_51214531,75162676,51214531,NC.PSM.EHZ,NC.PSM..EHZ,NC.PSM..EHZ,,,PSM,EHZ,100.0,2.0-10.0Hz,2.0,10.0,550.6377117218252,376.12827159932255,0.8601480473755783,-0.05,True
prospective_75162676_target_anchor_51214531,75162676,51214531,NC.PSM.EHZ,NC.PSM..EHZ,NC.PSM..EHZ,,,PSM,EHZ,100.0,5.0-20.0Hz,5.0,20.0,510.19097607951335,323.9281508588862,0.8075715136213023,-0.05,True
prospective_75162676_target_anchor_51214531,75162676,51214531,NC.PSM.EHZ,NC.PSM..EHZ,NC.PSM..EHZ,,,PSM,EHZ,100.0,10.0-40.0Hz,10.0,40.0,78.87636952007017,79.53030582161814,0.4348850761360512,-0.04,True
prospective_75162676_target_anchor_51214531,75162676,51214531,NC.PSM.EHZ,NC.PSM..EHZ,NC.PSM..EHZ,,,PSM,EHZ,100.0,2.0-40.0Hz,2.0,40.0,321.924350157581,283.0698142538141,0.8311892686319959,-0.05,True
prospective_75162676_target_anchor_71325295,75162676,71325295,BP.CCRB.DP1,BP.CCRB.40.DP1,BP.CCRB..DP1,40,,CCRB,DP1,250.0,2.0-10.0Hz,2.0,10.0,301.91272117206313,449.6484609667283,0.6310776275611897,0.012,True
prospective_75162676_target_anchor_71325295,75162676,71325295,BP.CCRB.DP1,BP.CCRB.40.DP1,BP.CCRB..DP1,40,,CCRB,DP1,250.0,5.0-20.0Hz,5.0,20.0,594.0187614863313,1371.290865320116,0.6777305924790957,0.0,True
prospective_75162676_target_anchor_71325295,75162676,71325295,BP.CCRB.DP1,BP.CCRB.40.DP1,BP.CCRB..DP1,40,,CCRB,DP1,250.0,10.0-40.0Hz,10.0,40.0,978.0562460440489,1821.7903237665805,0.7672853529511412,-0.004,True
prospective_75162676_target_anchor_71325295,75162676,71325295,BP.CCRB.DP1,BP.CCRB.40.DP1,BP.CCRB..DP1,40,,CCRB,DP1,250.0,2.0-40.0Hz,2.0,40.0,607.4241710069349,1255.4311369105546,0.7165256959783909,-0.004,True
prospective_75162676_target_anchor_71325295,75162676,71325295,BP.CCRB.DP2,BP.CCRB.40.DP2,BP.CCRB..DP2,40,,CCRB,DP2,250.0,2.0-10.0Hz,2.0,10.0,350.469189345581,445.94646319818867,0.5999782909600281,0.012,True
prospective_75162676_target_anchor_71325295,75162676,71325295,BP.CCRB.DP2,BP.CCRB.40.DP2,BP.CCRB..DP2,40,,CCRB,DP2,250.0,5.0-20.0Hz,5.0,20.0,466.6715835367498,727.1530107480571,0.44871027562108545,0.008,True
prospective_75162676_target_anchor_71325295,75162676,71325295,BP.CCRB.DP2,BP.CCRB.40.DP2,BP.CCRB..DP2,40,,CCRB,DP2,250.0,10.0-40.0Hz,10.0,40.0,438.08436668241615,634.6406186971716,0.472565237960734,-0.004,True
prospective_75162676_target_anchor_71325295,75162676,71325295,BP.CCRB.DP2,BP.CCRB.40.DP2,BP.CCRB..DP2,40,,CCRB,DP2,250.0,2.0-40.0Hz,2.0,40.0,374.9217539195652,552.1731300911275,0.43881385181741495,0.0,True
prospective_75162676_target_anchor_71325295,75162676,71325295,BP.CCRB.DP3,BP.CCRB.40.DP3,BP.CCRB..DP3,40,,CCRB,DP3,250.0,2.0-10.0Hz,2.0,10.0,284.69218309689177,409.73164334186356,0.5446001056696341,0.008,True
prospective_75162676_target_anchor_71325295,75162676,71325295,BP.CCRB.DP3,BP.CCRB.40.DP3,BP.CCRB..DP3,40,,CCRB,DP3,250.0,5.0-20.0Hz,5.0,20.0,445.7601824944484,798.1618982538753,0.4302796401938882,0.0,True
prospective_75162676_target_anchor_71325295,75162676,71325295,BP.CCRB.DP3,BP.CCRB.40.DP3,BP.CCRB..DP3,40,,CCRB,DP3,250.0,10.0-40.0Hz,10.0,40.0,667.4012932257992,892.1746092152237,0.5058577315803895,-0.004,True
prospective_75162676_target_anchor_71325295,75162676,71325295,BP.CCRB.DP3,BP.CCRB.40.DP3,BP.CCRB..DP3,40,,CCRB,DP3,250.0,2.0-40.0Hz,2.0,40.0,386.670988049959,647.2913949068098,0.43702686966800114,-0.004,True
prospective_75162676_target_anchor_71325295,75162676,71325295,BP.EADB.DP1,BP.EADB.40.DP1,BP.EADB..DP1,40,,EADB,DP1,250.0,2.0-10.0Hz,2.0,10.0,57.00481785579136,87.84596471128526,0.8287560548722843,0.008,True
prospective_75162676_target_anchor_71325295,75162676,71325295,BP.EADB.DP1,BP.EADB.40.DP1,BP.EADB..DP1,40,,EADB,DP1,250.0,5.0-20.0Hz,5.0,20.0,66.91832102848406,81.12447627367874,0.6206223769262609,0.0,True
prospective_75162676_target_anchor_71325295,75162676,71325295,BP.EADB.DP1,BP.EADB.40.DP1,BP.EADB..DP1,40,,EADB,DP1,250.0,10.0-40.0Hz,10.0,40.0,48.851340842771656,34.251350881794494,0.44443897066396065,-0.012,True
prospective_75162676_target_anchor_71325295,75162676,71325295,BP.EADB.DP1,BP.EADB.40.DP1,BP.EADB..DP1,40,,EADB,DP1,250.0,2.0-40.0Hz,2.0,40.0,57.24918057653739,73.82759384958995,0.7357039130075673,0.004,True
prospective_75162676_target_anchor_71325295,75162676,71325295,BP.EADB.DP2,BP.EADB.40.DP2,BP.EADB..DP2,40,,EADB,DP2,250.0,2.0-10.0Hz,2.0,10.0,112.75467658991322,147.06876109255774,0.8838276844093022,0.012,True
prospective_75162676_target_anchor_71325295,75162676,71325295,BP.EADB.DP2,BP.EADB.40.DP2,BP.EADB..DP2,40,,EADB,DP2,250.0,5.0-20.0Hz,5.0,20.0,66.5330944850934,98.76288442923212,0.6154641935266699,0.0,True
prospective_75162676_target_anchor_71325295,75162676,71325295,BP.EADB.DP2,BP.EADB.40.DP2,BP.EADB..DP2,40,,EADB,DP2,250.0,10.0-40.0Hz,10.0,40.0,44.46277757962682,36.486782736956904,0.530842288456792,-0.012,True
prospective_75162676_target_anchor_71325295,75162676,71325295,BP.EADB.DP2,BP.EADB.40.DP2,BP.EADB..DP2,40,,EADB,DP2,250.0,2.0-40.0Hz,2.0,40.0,103.80462373785568,110.29151075153057,0.8044904263843661,0.008,True
prospective_75162676_target_anchor_71325295,75162676,71325295,BP.EADB.DP3,BP.EADB.40.DP3,BP.EADB..DP3,40,,EADB,DP3,250.0,2.0-10.0Hz,2.0,10.0,79.19550175308736,100.89409436979197,0.8836274575320693,0.012,True
prospective_75162676_target_anchor_71325295,75162676,71325295,BP.EADB.DP3,BP.EADB.40.DP3,BP.EADB..DP3,40,,EADB,DP3,250.0,5.0-20.0Hz,5.0,20.0,68.83118434508162,59.371449506542895,0.5745734240681255,0.0,True
prospective_75162676_target_anchor_71325295,75162676,71325295,BP.EADB.DP3,BP.EADB.40.DP3,BP.EADB..DP3,40,,EADB,DP3,250.0,10.0-40.0Hz,10.0,40.0,42.48787339448238,21.501028740813823,0.4432741346076819,-0.012,True
prospective_75162676_target_anchor_71325295,75162676,71325295,BP.EADB.DP3,BP.EADB.40.DP3,BP.EADB..DP3,40,,EADB,DP3,250.0,2.0-40.0Hz,2.0,40.0,85.70434327806541,69.88243515294619,0.845614590168179,0.012,True
prospective_75162676_target_anchor_71325295,75162676,71325295,BP.FROB.DP1,BP.FROB.40.DP1,BP.FROB..DP1,40,,FROB,DP1,250.0,2.0-10.0Hz,2.0,10.0,19.94904510038278,91.49948102736009,0.5610975267102611,-0.012,True
prospective_75162676_target_anchor_71325295,75162676,71325295,BP.FROB.DP1,BP.FROB.40.DP1,BP.FROB..DP1,40,,FROB,DP1,250.0,5.0-20.0Hz,5.0,20.0,32.193854046424036,166.04384042523523,0.3864398371573677,-0.012,True
prospective_75162676_target_anchor_71325295,75162676,71325295,BP.FROB.DP1,BP.FROB.40.DP1,BP.FROB..DP1,40,,FROB,DP1,250.0,10.0-40.0Hz,10.0,40.0,32.64099813390236,187.16216026017244,0.23703288917806148,-0.012,True
prospective_75162676_target_anchor_71325295,75162676,71325295,BP.FROB.DP1,BP.FROB.40.DP1,BP.FROB..DP1,40,,FROB,DP1,250.0,2.0-40.0Hz,2.0,40.0,26.899169442106164,137.1113623397362,0.33557758367129736,-0.012,True
prospective_75162676_target_anchor_71325295,75162676,71325295,BP.FROB.DP2,BP.FROB.40.DP2,BP.FROB..DP2,40,,FROB,DP2,250.0,2.0-10.0Hz,2.0,10.0,22.5625557796754,93.30964788728548,0.6674409699842375,0.004,True
prospective_75162676_target_anchor_71325295,75162676,71325295,BP.FROB.DP2,BP.FROB.40.DP2,BP.FROB..DP2,40,,FROB,DP2,250.0,5.0-20.0Hz,5.0,20.0,35.4918173019049,167.1983236464041,0.2932997901561404,0.0,True
prospective_75162676_target_anchor_71325295,75162676,71325295,BP.FROB.DP2,BP.FROB.40.DP2,BP.FROB..DP2,40,,FROB,DP2,250.0,10.0-40.0Hz,10.0,40.0,32.18125455909,182.85438564138207,0.17790967681573872,0.404,True
prospective_75162676_target_anchor_71325295,75162676,71325295,BP.FROB.DP2,BP.FROB.40.DP2,BP.FROB..DP2,40,,FROB,DP2,250.0,2.0-40.0Hz,2.0,40.0,28.532661524601508,140.66438848111468,0.31143836622887283,-0.004,True
prospective_75162676_target_anchor_71325295,75162676,71325295,BP.FROB.DP3,BP.FROB.40.DP3,BP.FROB..DP3,40,,FROB,DP3,250.0,2.0-10.0Hz,2.0,10.0,32.25857721614305,135.50397346412765,0.6020477981529587,-0.008,True
prospective_75162676_target_anchor_71325295,75162676,71325295,BP.FROB.DP3,BP.FROB.40.DP3,BP.FROB..DP3,40,,FROB,DP3,250.0,5.0-20.0Hz,5.0,20.0,33.532037897088934,167.24778509627473,0.40138973164493497,-0.008,True
prospective_75162676_target_anchor_71325295,75162676,71325295,BP.FROB.DP3,BP.FROB.40.DP3,BP.FROB..DP3,40,,FROB,DP3,250.0,10.0-40.0Hz,10.0,40.0,23.08329990236022,143.68231756290203,0.15537421493885517,-0.012,True
prospective_75162676_target_anchor_71325295,75162676,71325295,BP.FROB.DP3,BP.FROB.40.DP3,BP.FROB..DP3,40,,FROB,DP3,250.0,2.0-40.0Hz,2.0,40.0,27.705229156270875,140.97679046939325,0.38386781184072666,-0.008,True
prospective_75162676_target_anchor_71325295,75162676,71325295,BP.GHIB.DP1,BP.GHIB.40.DP1,BP.GHIB..DP1,40,,GHIB,DP1,250.0,2.0-10.0Hz,2.0,10.0,13.303360384424293,6.755865099159113,0.7673676027633671,-0.012,True
prospective_75162676_target_anchor_71325295,75162676,71325295,BP.GHIB.DP1,BP.GHIB.40.DP1,BP.GHIB..DP1,40,,GHIB,DP1,250.0,5.0-20.0Hz,5.0,20.0,13.082771785420308,10.578696864301103,0.5684180764443291,-0.016,True
prospective_75162676_target_anchor_71325295,75162676,71325295,BP.GHIB.DP1,BP.GHIB.40.DP1,BP.GHIB..DP1,40,,GHIB,DP1,250.0,10.0-40.0Hz,10.0,40.0,12.76515192063067,10.403315224714929,0.5796965546410022,-0.016,True
prospective_75162676_target_anchor_71325295,75162676,71325295,BP.GHIB.DP1,BP.GHIB.40.DP1,BP.GHIB..DP1,40,,GHIB,DP1,250.0,2.0-40.0Hz,2.0,40.0,13.368745217960555,7.607896516456593,0.7002323561928026,-0.016,True
prospective_75162676_target_anchor_71325295,75162676,71325295,BP.GHIB.DP3,BP.GHIB.40.DP3,BP.GHIB..DP3,40,,GHIB,DP3,250.0,2.0-10.0Hz,2.0,10.0,3.1995172387773203,7.978437607412731,0.822302441778971,-0.004,True
prospective_75162676_target_anchor_71325295,75162676,71325295,BP.GHIB.DP3,BP.GHIB.40.DP3,BP.GHIB..DP3,40,,GHIB,DP3,250.0,5.0-20.0Hz,5.0,20.0,3.094413768189499,10.207106427301083,0.49437661640279695,-0.012,True
prospective_75162676_target_anchor_71325295,75162676,71325295,BP.GHIB.DP3,BP.GHIB.40.DP3,BP.GHIB..DP3,40,,GHIB,DP3,250.0,10.0-40.0Hz,10.0,40.0,1.730076961246688,8.357909346556536,0.29867680666454954,-0.02,False
prospective_75162676_target_anchor_71325295,75162676,71325295,BP.GHIB.DP3,BP.GHIB.40.DP3,BP.GHIB..DP3,40,,GHIB,DP3,250.0,2.0-40.0Hz,2.0,40.0,2.6835618004967583,8.313309855546727,0.6809276343831767,-0.012,False
prospective_75162676_target_anchor_71325295,75162676,71325295,BP.JCSB.DP1,BP.JCSB.40.DP1,BP.JCSB..DP1,40,,JCSB,DP1,250.0,2.0-10.0Hz,2.0,10.0,307.4287040029274,399.29429828758606,0.8412567312694315,0.0,True
prospective_75162676_target_anchor_71325295,75162676,71325295,BP.JCSB.DP1,BP.JCSB.40.DP1,BP.JCSB..DP1,40,,JCSB,DP1,250.0,5.0-20.0Hz,5.0,20.0,244.46155991866885,353.2275084601719,0.6580272572592231,-0.012,True
prospective_75162676_target_anchor_71325295,75162676,71325295,BP.JCSB.DP1,BP.JCSB.40.DP1,BP.JCSB..DP1,40,,JCSB,DP1,250.0,10.0-40.0Hz,10.0,40.0,163.85048520342144,240.22588451531385,0.5928881247018895,-0.016,True
prospective_75162676_target_anchor_71325295,75162676,71325295,BP.JCSB.DP1,BP.JCSB.40.DP1,BP.JCSB..DP1,40,,JCSB,DP1,250.0,2.0-40.0Hz,2.0,40.0,241.55789341549237,335.92085581488556,0.7100320393755178,-0.008,True
prospective_75162676_target_anchor_71325295,75162676,71325295,BP.JCSB.DP2,BP.JCSB.40.DP2,BP.JCSB..DP2,40,,JCSB,DP2,250.0,2.0-10.0Hz,2.0,10.0,2.4566318128409033,3.8892783507216553,0.6593958792947036,0.008,False
prospective_75162676_target_anchor_71325295,75162676,71325295,BP.JCSB.DP2,BP.JCSB.40.DP2,BP.JCSB..DP2,40,,JCSB,DP2,250.0,5.0-20.0Hz,5.0,20.0,5.9588437048904,7.234637266020574,0.6085581034684969,-0.008,True
prospective_75162676_target_anchor_71325295,75162676,71325295,BP.JCSB.DP2,BP.JCSB.40.DP2,BP.JCSB..DP2,40,,JCSB,DP2,250.0,10.0-40.0Hz,10.0,40.0,9.25434205138897,9.452578342600251,0.5902839581549614,-0.008,True
prospective_75162676_target_anchor_71325295,75162676,71325295,BP.JCSB.DP2,BP.JCSB.40.DP2,BP.JCSB..DP2,40,,JCSB,DP2,250.0,2.0-40.0Hz,2.0,40.0,5.979302471116382,7.770828594286557,0.5812031063208285,-0.008,True
prospective_75162676_target_anchor_71325295,75162676,71325295,BP.JCSB.DP3,BP.JCSB.40.DP3,BP.JCSB..DP3,40,,JCSB,DP3,250.0,2.0-10.0Hz,2.0,10.0,9.689688615862284,10.051095275763648,0.7289732052352661,0.004,True
prospective_75162676_target_anchor_71325295,75162676,71325295,BP.JCSB.DP3,BP.JCSB.40.DP3,BP.JCSB..DP3,40,,JCSB,DP3,250.0,5.0-20.0Hz,5.0,20.0,15.27811814525994,15.46511122368312,0.6261886050855769,-0.008,True
prospective_75162676_target_anchor_71325295,75162676,71325295,BP.JCSB.DP3,BP.JCSB.40.DP3,BP.JCSB..DP3,40,,JCSB,DP3,250.0,10.0-40.0Hz,10.0,40.0,15.236505303300502,15.789308103469992,0.5694597856788169,-0.008,True
prospective_75162676_target_anchor_71325295,75162676,71325295,BP.JCSB.DP3,BP.JCSB.40.DP3,BP.JCSB..DP3,40,,JCSB,DP3,250.0,2.0-40.0Hz,2.0,40.0,13.6406943521969,14.190967096525261,0.5858721276733178,-0.008,True
prospective_75162676_target_anchor_71325295,75162676,71325295,BP.LCCB.DP1,BP.LCCB.40.DP1,BP.LCCB..DP1,40,,LCCB,DP1,250.0,2.0-10.0Hz,2.0,10.0,402.4307798841961,537.2039509573764,0.6946750117729729,0.024,True
prospective_75162676_target_anchor_71325295,75162676,71325295,BP.LCCB.DP1,BP.LCCB.40.DP1,BP.LCCB..DP1,40,,LCCB,DP1,250.0,5.0-20.0Hz,5.0,20.0,592.5121389476163,868.9542497427905,0.551280898167964,0.028,True
prospective_75162676_target_anchor_71325295,75162676,71325295,BP.LCCB.DP1,BP.LCCB.40.DP1,BP.LCCB..DP1,40,,LCCB,DP1,250.0,10.0-40.0Hz,10.0,40.0,561.4919022722461,795.5449099077885,0.39763704195353544,0.036,True
prospective_75162676_target_anchor_71325295,75162676,71325295,BP.LCCB.DP1,BP.LCCB.40.DP1,BP.LCCB..DP1,40,,LCCB,DP1,250.0,2.0-40.0Hz,2.0,40.0,442.98400332935375,617.4389858378024,0.5556689470970919,0.028,True
prospective_75162676_target_anchor_71325295,75162676,71325295,BP.LCCB.DP2,BP.LCCB.40.DP2,BP.LCCB..DP2,40,,LCCB,DP2,250.0,2.0-10.0Hz,2.0,10.0,217.61248764229558,323.7402669301556,0.861901261979024,0.02,True
prospective_75162676_target_anchor_71325295,75162676,71325295,BP.LCCB.DP2,BP.LCCB.40.DP2,BP.LCCB..DP2,40,,LCCB,DP2,250.0,5.0-20.0Hz,5.0,20.0,288.6868371510941,341.6027698766219,0.5849625117198377,0.024,True
prospective_75162676_target_anchor_71325295,75162676,71325295,BP.LCCB.DP2,BP.LCCB.40.DP2,BP.LCCB..DP2,40,,LCCB,DP2,250.0,10.0-40.0Hz,10.0,40.0,187.92434618222296,222.41161165053344,0.3087179368945634,0.028,True
prospective_75162676_target_anchor_71325295,75162676,71325295,BP.LCCB.DP2,BP.LCCB.40.DP2,BP.LCCB..DP2,40,,LCCB,DP2,250.0,2.0-40.0Hz,2.0,40.0,205.1574699765322,261.26930779103395,0.526665058224268,0.028,True
prospective_75162676_target_anchor_71325295,75162676,71325295,BP.LCCB.DP3,BP.LCCB.40.DP3,BP.LCCB..DP3,40,,LCCB,DP3,250.0,2.0-10.0Hz,2.0,10.0,498.9166444659388,609.9871443796446,0.7743662894360032,0.028,True
prospective_75162676_target_anchor_71325295,75162676,71325295,BP.LCCB.DP3,BP.LCCB.40.DP3,BP.LCCB..DP3,40,,LCCB,DP3,250.0,5.0-20.0Hz,5.0,20.0,624.965654618135,853.1712166217225,0.5345620161749182,0.036,True
prospective_75162676_target_anchor_71325295,75162676,71325295,BP.LCCB.DP3,BP.LCCB.40.DP3,BP.LCCB..DP3,40,,LCCB,DP3,250.0,10.0-40.0Hz,10.0,40.0,564.8806158003958,677.6028408113793,0.35085521322480817,0.04,True
prospective_75162676_target_anchor_71325295,75162676,71325295,BP.LCCB.DP3,BP.LCCB.40.DP3,BP.LCCB..DP3,40,,LCCB,DP3,250.0,2.0-40.0Hz,2.0,40.0,521.9539684586946,652.1045209702198,0.6050032634007796,0.032,True
prospective_75162676_target_anchor_71325295,75162676,71325295,BP.MMNB.DP1,BP.MMNB.40.DP1,BP.MMNB..DP1,40,,MMNB,DP1,250.0,2.0-10.0Hz,2.0,10.0,258.48323438450103,1.1900557817948134,0.0829245513574873,0.248,False
prospective_75162676_target_anchor_71325295,75162676,71325295,BP.MMNB.DP1,BP.MMNB.40.DP1,BP.MMNB..DP1,40,,MMNB,DP1,250.0,5.0-20.0Hz,5.0,20.0,405.87047879801344,1.1175572991879594,0.11583851224785166,0.488,False
prospective_75162676_target_anchor_71325295,75162676,71325295,BP.MMNB.DP1,BP.MMNB.40.DP1,BP.MMNB..DP1,40,,MMNB,DP1,250.0,10.0-40.0Hz,10.0,40.0,232.63211641250865,1.03219761170779,0.05673741876082276,0.232,False
prospective_75162676_target_anchor_71325295,75162676,71325295,BP.MMNB.DP1,BP.MMNB.40.DP1,BP.MMNB..DP1,40,,MMNB,DP1,250.0,2.0-40.0Hz,2.0,40.0,267.78895411816666,1.1000019297259143,0.05241256273937802,0.236,False
prospective_75162676_target_anchor_71325295,75162676,71325295,BP.MMNB.DP2,BP.MMNB.40.DP2,BP.MMNB..DP2,40,,MMNB,DP2,250.0,2.0-10.0Hz,2.0,10.0,265.8232717045795,0.7710841612594234,0.11511033108436995,0.008,False
prospective_75162676_target_anchor_71325295,75162676,71325295,BP.MMNB.DP2,BP.MMNB.40.DP2,BP.MMNB..DP2,40,,MMNB,DP2,250.0,5.0-20.0Hz,5.0,20.0,369.47386962936804,0.9215878350336122,0.12058513610490579,0.008,False
prospective_75162676_target_anchor_71325295,75162676,71325295,BP.MMNB.DP2,BP.MMNB.40.DP2,BP.MMNB..DP2,40,,MMNB,DP2,250.0,10.0-40.0Hz,10.0,40.0,241.4044767643785,1.0009103200922262,0.07329536629674063,-0.472,False
prospective_75162676_target_anchor_71325295,75162676,71325295,BP.MMNB.DP2,BP.MMNB.40.DP2,BP.MMNB..DP2,40,,MMNB,DP2,250.0,2.0-40.0Hz,2.0,40.0,277.70780666412065,0.8082037091272039,0.0765127489714648,0.008,False
prospective_75162676_target_anchor_71325295,75162676,71325295,BP.MMNB.DP3,BP.MMNB.40.DP3,BP.MMNB..DP3,40,,MMNB,DP3,250.0,2.0-10.0Hz,2.0,10.0,305.32013643149514,0.6593401479807772,0.1343640544565167,0.4,False
prospective_75162676_target_anchor_71325295,75162676,71325295,BP.MMNB.DP3,BP.MMNB.40.DP3,BP.MMNB..DP3,40,,MMNB,DP3,250.0,5.0-20.0Hz,5.0,20.0,496.72792841539865,0.8898043137841036,0.11484042070534115,0.412,False
prospective_75162676_target_anchor_71325295,75162676,71325295,BP.MMNB.DP3,BP.MMNB.40.DP3,BP.MMNB..DP3,40,,MMNB,DP3,250.0,10.0-40.0Hz,10.0,40.0,392.10854349985465,1.041314192715503,0.07582856334171782,-0.408,False
prospective_75162676_target_anchor_71325295,75162676,71325295,BP.MMNB.DP3,BP.MMNB.40.DP3,BP.MMNB..DP3,40,,MMNB,DP3,250.0,2.0-40.0Hz,2.0,40.0,347.46602644648436,0.8531828888112479,0.08851708898340453,0.412,False
prospective_75162676_target_anchor_71325295,75162676,71325295,BP.SCYB.DP1,BP.SCYB.40.DP1,BP.SCYB..DP1,40,,SCYB,DP1,250.0,2.0-10.0Hz,2.0,10.0,377.5358857724856,666.9106970418773,0.4099355798987801,0.036,True
prospective_75162676_target_anchor_71325295,75162676,71325295,BP.SCYB.DP1,BP.SCYB.40.DP1,BP.SCYB..DP1,40,,SCYB,DP1,250.0,5.0-20.0Hz,5.0,20.0,636.4602051035115,761.0777521662202,0.3274455136159037,-0.072,True
prospective_75162676_target_anchor_71325295,75162676,71325295,BP.SCYB.DP1,BP.SCYB.40.DP1,BP.SCYB..DP1,40,,SCYB,DP1,250.0,10.0-40.0Hz,10.0,40.0,560.6241453706614,458.59070278783304,0.3588256179823623,0.108,True
prospective_75162676_target_anchor_71325295,75162676,71325295,BP.SCYB.DP1,BP.SCYB.40.DP1,BP.SCYB..DP1,40,,SCYB,DP1,250.0,2.0-40.0Hz,2.0,40.0,421.09150067746106,589.9714142302165,0.359455816471775,0.028,True
prospective_75162676_target_anchor_71325295,75162676,71325295,BP.SCYB.DP2,BP.SCYB.40.DP2,BP.SCYB..DP2,40,,SCYB,DP2,250.0,2.0-10.0Hz,2.0,10.0,356.9181034464445,682.1958923661084,0.6631084103619751,0.04,True
prospective_75162676_target_anchor_71325295,75162676,71325295,BP.SCYB.DP2,BP.SCYB.40.DP2,BP.SCYB..DP2,40,,SCYB,DP2,250.0,5.0-20.0Hz,5.0,20.0,574.4377792623999,690.3561888224922,0.4420370629806167,0.036,True
prospective_75162676_target_anchor_71325295,75162676,71325295,BP.SCYB.DP2,BP.SCYB.40.DP2,BP.SCYB..DP2,40,,SCYB,DP2,250.0,10.0-40.0Hz,10.0,40.0,366.65966162272923,356.4670471709524,0.4077289779684804,-0.056,True
prospective_75162676_target_anchor_71325295,75162676,71325295,BP.SCYB.DP2,BP.SCYB.40.DP2,BP.SCYB..DP2,40,,SCYB,DP2,250.0,2.0-40.0Hz,2.0,40.0,364.20229760497404,524.3527407087028,0.5901596590429148,0.036,True
prospective_75162676_target_anchor_71325295,75162676,71325295,BP.SCYB.DP3,BP.SCYB.40.DP3,BP.SCYB..DP3,40,,SCYB,DP3,250.0,2.0-10.0Hz,2.0,10.0,433.8665380276141,370.7526905079964,0.542965588571495,0.044,True
prospective_75162676_target_anchor_71325295,75162676,71325295,BP.SCYB.DP3,BP.SCYB.40.DP3,BP.SCYB..DP3,40,,SCYB,DP3,250.0,5.0-20.0Hz,5.0,20.0,652.177002542663,501.4014262245506,0.33797655144660826,-0.356,True
prospective_75162676_target_anchor_71325295,75162676,71325295,BP.SCYB.DP3,BP.SCYB.40.DP3,BP.SCYB..DP3,40,,SCYB,DP3,250.0,10.0-40.0Hz,10.0,40.0,434.73226261493954,326.6778930079351,0.2779766052387641,-0.348,True
prospective_75162676_target_anchor_71325295,75162676,71325295,BP.SCYB.DP3,BP.SCYB.40.DP3,BP.SCYB..DP3,40,,SCYB,DP3,250.0,2.0-40.0Hz,2.0,40.0,445.82445155236326,340.8126293784778,0.46172876744684455,0.04,True
prospective_75162676_target_anchor_71325295,75162676,71325295,BP.SMNB.DP1,BP.SMNB.40.DP1,BP.SMNB..DP1,40,,SMNB,DP1,250.0,2.0-10.0Hz,2.0,10.0,362.0911290506253,591.0472670100794,0.6727309060060417,0.008,True
prospective_75162676_target_anchor_71325295,75162676,71325295,BP.SMNB.DP1,BP.SMNB.40.DP1,BP.SMNB..DP1,40,,SMNB,DP1,250.0,5.0-20.0Hz,5.0,20.0,355.5385338636308,971.4048280608733,0.3714115513728406,0.004,True
prospective_75162676_target_anchor_71325295,75162676,71325295,BP.SMNB.DP1,BP.SMNB.40.DP1,BP.SMNB..DP1,40,,SMNB,DP1,250.0,10.0-40.0Hz,10.0,40.0,415.3917037323956,1145.781674770525,0.17203882304219847,-0.424,True
prospective_75162676_target_anchor_71325295,75162676,71325295,BP.SMNB.DP1,BP.SMNB.40.DP1,BP.SMNB..DP1,40,,SMNB,DP1,250.0,2.0-40.0Hz,2.0,40.0,379.88138712688715,827.9659106417006,0.32402116086030447,-0.004,True
prospective_75162676_target_anchor_71325295,75162676,71325295,BP.SMNB.DP2,BP.SMNB.40.DP2,BP.SMNB..DP2,40,,SMNB,DP2,250.0,2.0-10.0Hz,2.0,10.0,341.3531695909278,481.4684306995668,0.6466268304543731,0.016,True
prospective_75162676_target_anchor_71325295,75162676,71325295,BP.SMNB.DP2,BP.SMNB.40.DP2,BP.SMNB..DP2,40,,SMNB,DP2,250.0,5.0-20.0Hz,5.0,20.0,346.40569537861614,1083.1769800696034,0.3248443043884631,0.008,True
prospective_75162676_target_anchor_71325295,75162676,71325295,BP.SMNB.DP2,BP.SMNB.40.DP2,BP.SMNB..DP2,40,,SMNB,DP2,250.0,10.0-40.0Hz,10.0,40.0,430.81798537044386,1332.9721567957424,0.1819551881950353,0.0,True
prospective_75162676_target_anchor_71325295,75162676,71325295,BP.SMNB.DP2,BP.SMNB.40.DP2,BP.SMNB..DP2,40,,SMNB,DP2,250.0,2.0-40.0Hz,2.0,40.0,368.7202261144637,840.0210950137747,0.3083504095373692,0.004,True
prospective_75162676_target_anchor_71325295,75162676,71325295,BP.SMNB.DP3,BP.SMNB.40.DP3,BP.SMNB..DP3,40,,SMNB,DP3,250.0,2.0-10.0Hz,2.0,10.0,278.69231130944246,462.167197862632,0.6473561735205886,0.012,True
prospective_75162676_target_anchor_71325295,75162676,71325295,BP.SMNB.DP3,BP.SMNB.40.DP3,BP.SMNB..DP3,40,,SMNB,DP3,250.0,5.0-20.0Hz,5.0,20.0,411.7982161886857,948.4858652633109,0.3338467098237412,-0.004,True
prospective_75162676_target_anchor_71325295,75162676,71325295,BP.SMNB.DP3,BP.SMNB.40.DP3,BP.SMNB..DP3,40,,SMNB,DP3,250.0,10.0-40.0Hz,10.0,40.0,625.5838423645876,1248.1528115035235,0.30317859365072986,-0.004,True
prospective_75162676_target_anchor_71325295,75162676,71325295,BP.SMNB.DP3,BP.SMNB.40.DP3,BP.SMNB..DP3,40,,SMNB,DP3,250.0,2.0-40.0Hz,2.0,40.0,395.0587067329079,876.4096111143489,0.3503681988472731,0.0,True
prospective_75162676_target_anchor_71325295,75162676,71325295,BP.VARB.DP1,BP.VARB.40.DP1,BP.VARB..DP1,40,,VARB,DP1,250.0,2.0-10.0Hz,2.0,10.0,128.41078779083318,114.66184734729708,0.8236712957169693,-0.004,True
prospective_75162676_target_anchor_71325295,75162676,71325295,BP.VARB.DP1,BP.VARB.40.DP1,BP.VARB..DP1,40,,VARB,DP1,250.0,5.0-20.0Hz,5.0,20.0,137.29136796855022,119.13616986939176,0.6966699847900598,-0.004,True
prospective_75162676_target_anchor_71325295,75162676,71325295,BP.VARB.DP1,BP.VARB.40.DP1,BP.VARB..DP1,40,,VARB,DP1,250.0,10.0-40.0Hz,10.0,40.0,65.84465635759197,44.09734529630346,0.34243083175713857,-0.008,True
prospective_75162676_target_anchor_71325295,75162676,71325295,BP.VARB.DP1,BP.VARB.40.DP1,BP.VARB..DP1,40,,VARB,DP1,250.0,2.0-40.0Hz,2.0,40.0,106.17632346767766,84.47768965457523,0.7293820783592535,-0.004,True
prospective_75162676_target_anchor_71325295,75162676,71325295,BP.VARB.DP2,BP.VARB.40.DP2,BP.VARB..DP2,40,,VARB,DP2,250.0,2.0-10.0Hz,2.0,10.0,0.9287842595270394,107.88215931657619,0.1975069951669481,-0.324,False
prospective_75162676_target_anchor_71325295,75162676,71325295,BP.VARB.DP2,BP.VARB.40.DP2,BP.VARB..DP2,40,,VARB,DP2,250.0,5.0-20.0Hz,5.0,20.0,0.8301893733338731,114.60304292512143,0.13784801565958177,0.484,False
prospective_75162676_target_anchor_71325295,75162676,71325295,BP.VARB.DP2,BP.VARB.40.DP2,BP.VARB..DP2,40,,VARB,DP2,250.0,10.0-40.0Hz,10.0,40.0,0.9163386729936629,53.5809452715427,0.12539403938279903,0.02,False
prospective_75162676_target_anchor_71325295,75162676,71325295,BP.VARB.DP2,BP.VARB.40.DP2,BP.VARB..DP2,40,,VARB,DP2,250.0,2.0-40.0Hz,2.0,40.0,0.9152411836279046,83.28642221380949,0.12284511637292737,-0.324,False
prospective_75162676_target_anchor_71325295,75162676,71325295,BP.VARB.DP3,BP.VARB.40.DP3,BP.VARB..DP3,40,,VARB,DP3,250.0,2.0-10.0Hz,2.0,10.0,194.11853231917235,261.9734811561392,0.6568324462877316,0.004,True
prospective_75162676_target_anchor_71325295,75162676,71325295,BP.VARB.DP3,BP.VARB.40.DP3,BP.VARB..DP3,40,,VARB,DP3,250.0,5.0-20.0Hz,5.0,20.0,183.83378842532244,238.8404732118972,0.5094513096633033,0.0,True
prospective_75162676_target_anchor_71325295,75162676,71325295,BP.VARB.DP3,BP.VARB.40.DP3,BP.VARB..DP3,40,,VARB,DP3,250.0,10.0-40.0Hz,10.0,40.0,70.98303147613986,92.17763582872028,0.3002783715716301,-0.008,True
prospective_75162676_target_anchor_71325295,75162676,71325295,BP.VARB.DP3,BP.VARB.40.DP3,BP.VARB..DP3,40,,VARB,DP3,250.0,2.0-40.0Hz,2.0,40.0,153.74742203302964,180.3536560911516,0.5880981390201293,0.004,True
prospective_75162676_target_anchor_71325295,75162676,71325295,NC.PSM.EHE,NC.PSM..EHE,NC.PSM..EHE,,,PSM,EHE,100.0,2.0-10.0Hz,2.0,10.0,1.1393064431846116,397.6430352101781,0.13632736015271568,-0.23,False
prospective_75162676_target_anchor_71325295,75162676,71325295,NC.PSM.EHE,NC.PSM..EHE,NC.PSM..EHE,,,PSM,EHE,100.0,5.0-20.0Hz,5.0,20.0,1.074349396554206,327.95006926181384,0.1344844856635597,-0.23,False
prospective_75162676_target_anchor_71325295,75162676,71325295,NC.PSM.EHE,NC.PSM..EHE,NC.PSM..EHE,,,PSM,EHE,100.0,10.0-40.0Hz,10.0,40.0,1.000787992981925,55.53889077783409,0.09902301546706453,-0.41,False
prospective_75162676_target_anchor_71325295,75162676,71325295,NC.PSM.EHE,NC.PSM..EHE,NC.PSM..EHE,,,PSM,EHE,100.0,2.0-40.0Hz,2.0,40.0,1.0374065793293283,262.82521059536055,0.08557678349405624,-0.22,False
prospective_75162676_target_anchor_71325295,75162676,71325295,NC.PSM.EHN,NC.PSM..EHN,NC.PSM..EHN,,,PSM,EHN,100.0,2.0-10.0Hz,2.0,10.0,377.24860995562415,447.9409154918301,0.8393631267873605,-0.05,True
prospective_75162676_target_anchor_71325295,75162676,71325295,NC.PSM.EHN,NC.PSM..EHN,NC.PSM..EHN,,,PSM,EHN,100.0,5.0-20.0Hz,5.0,20.0,328.0420899801177,194.68348573797067,0.6518255088425312,-0.05,True
prospective_75162676_target_anchor_71325295,75162676,71325295,NC.PSM.EHN,NC.PSM..EHN,NC.PSM..EHN,,,PSM,EHN,100.0,10.0-40.0Hz,10.0,40.0,82.73894635053394,51.362136381335105,0.4249954187762626,-0.04,True
prospective_75162676_target_anchor_71325295,75162676,71325295,NC.PSM.EHN,NC.PSM..EHN,NC.PSM..EHN,,,PSM,EHN,100.0,2.0-40.0Hz,2.0,40.0,287.4071776422571,264.38857497625435,0.8121806693949062,-0.05,True
prospective_75162676_target_anchor_71325295,75162676,71325295,NC.PSM.EHZ,NC.PSM..EHZ,NC.PSM..EHZ,,,PSM,EHZ,100.0,2.0-10.0Hz,2.0,10.0,550.6377117218252,383.5466359177981,0.8737673464354325,-0.05,True
prospective_75162676_target_anchor_71325295,75162676,71325295,NC.PSM.EHZ,NC.PSM..EHZ,NC.PSM..EHZ,,,PSM,EHZ,100.0,5.0-20.0Hz,5.0,20.0,510.19097607951335,270.9303823760277,0.8174164054839166,-0.04,True
prospective_75162676_target_anchor_71325295,75162676,71325295,NC.PSM.EHZ,NC.PSM..EHZ,NC.PSM..EHZ,,,PSM,EHZ,100.0,10.0-40.0Hz,10.0,40.0,78.87636952007017,65.68020722853491,0.46645410434939444,-0.04,True
prospective_75162676_target_anchor_71325295,75162676,71325295,NC.PSM.EHZ,NC.PSM..EHZ,NC.PSM..EHZ,,,PSM,EHZ,100.0,2.0-40.0Hz,2.0,40.0,321.924350157581,255.94236699498913,0.8382335728976551,-0.05,True
prospective_75162676_target_anchor_71567810,75162676,71567810,BK.PKD.HHE,BK.PKD.00.HHE,BK.PKD.00.HHE,00,00,PKD,HHE,100.0,2.0-10.0Hz,2.0,10.0,127.97248127740053,183.23152793089915,0.6009960096354503,0.02,True
prospective_75162676_target_anchor_71567810,75162676,71567810,BK.PKD.HHE,BK.PKD.00.HHE,BK.PKD.00.HHE,00,00,PKD,HHE,100.0,5.0-20.0Hz,5.0,20.0,122.15028082208464,216.58183110703877,0.4380945909838382,0.01,True
prospective_75162676_target_anchor_71567810,75162676,71567810,BK.PKD.HHE,BK.PKD.00.HHE,BK.PKD.00.HHE,00,00,PKD,HHE,100.0,10.0-40.0Hz,10.0,40.0,65.72263294446648,175.61109860592774,0.24281002136830315,0.01,True
prospective_75162676_target_anchor_71567810,75162676,71567810,BK.PKD.HHE,BK.PKD.00.HHE,BK.PKD.00.HHE,00,00,PKD,HHE,100.0,2.0-40.0Hz,2.0,40.0,107.44752682273328,184.4650390175051,0.5121328613637162,0.01,True
prospective_75162676_target_anchor_71567810,75162676,71567810,BK.PKD.HHN,BK.PKD.00.HHN,BK.PKD.00.HHN,00,00,PKD,HHN,100.0,2.0-10.0Hz,2.0,10.0,132.68769908894228,203.40469280101485,0.5577550380187675,0.03,True
prospective_75162676_target_anchor_71567810,75162676,71567810,BK.PKD.HHN,BK.PKD.00.HHN,BK.PKD.00.HHN,00,00,PKD,HHN,100.0,5.0-20.0Hz,5.0,20.0,152.8539611324188,279.2560984161311,0.4234700006289767,0.01,True
prospective_75162676_target_anchor_71567810,75162676,71567810,BK.PKD.HHN,BK.PKD.00.HHN,BK.PKD.00.HHN,00,00,PKD,HHN,100.0,10.0-40.0Hz,10.0,40.0,89.40103741110983,223.01693639366798,0.403516374846387,0.01,True
prospective_75162676_target_anchor_71567810,75162676,71567810,BK.PKD.HHN,BK.PKD.00.HHN,BK.PKD.00.HHN,00,00,PKD,HHN,100.0,2.0-40.0Hz,2.0,40.0,119.85209132840174,213.5792994742703,0.4699053481259096,0.01,True
prospective_75162676_target_anchor_71567810,75162676,71567810,BK.PKD.HHZ,BK.PKD.00.HHZ,BK.PKD.00.HHZ,00,00,PKD,HHZ,100.0,2.0-10.0Hz,2.0,10.0,132.06901246624258,189.950128600951,0.7871520894673932,0.01,True
prospective_75162676_target_anchor_71567810,75162676,71567810,BK.PKD.HHZ,BK.PKD.00.HHZ,BK.PKD.00.HHZ,00,00,PKD,HHZ,100.0,5.0-20.0Hz,5.0,20.0,117.6408831300506,281.70181178576394,0.580697943553058,0.01,True
prospective_75162676_target_anchor_71567810,75162676,71567810,BK.PKD.HHZ,BK.PKD.00.HHZ,BK.PKD.00.HHZ,00,00,PKD,HHZ,100.0,10.0-40.0Hz,10.0,40.0,105.81500021506741,315.0128872653531,0.5008262312655082,0.01,True
prospective_75162676_target_anchor_71567810,75162676,71567810,BK.PKD.HHZ,BK.PKD.00.HHZ,BK.PKD.00.HHZ,00,00,PKD,HHZ,100.0,2.0-40.0Hz,2.0,40.0,116.06880922239898,235.23802477242032,0.6357901919871638,0.01,True
prospective_75162676_target_anchor_71567810,75162676,71567810,BP.CCRB.DP1,BP.CCRB.40.DP1,BP.CCRB..DP1,40,,CCRB,DP1,250.0,2.0-10.0Hz,2.0,10.0,301.91272117206313,646.726416090609,0.6374595899813172,0.02,True
prospective_75162676_target_anchor_71567810,75162676,71567810,BP.CCRB.DP1,BP.CCRB.40.DP1,BP.CCRB..DP1,40,,CCRB,DP1,250.0,5.0-20.0Hz,5.0,20.0,594.0187614863313,1828.2910056065841,0.6878037681240874,0.008,True
prospective_75162676_target_anchor_71567810,75162676,71567810,BP.CCRB.DP1,BP.CCRB.40.DP1,BP.CCRB..DP1,40,,CCRB,DP1,250.0,10.0-40.0Hz,10.0,40.0,978.0562460440489,2458.527073232072,0.7689516045939684,0.004,True
prospective_75162676_target_anchor_71567810,75162676,71567810,BP.CCRB.DP1,BP.CCRB.40.DP1,BP.CCRB..DP1,40,,CCRB,DP1,250.0,2.0-40.0Hz,2.0,40.0,607.4241710069349,1737.3822882267577,0.7183333400423512,0.004,True
prospective_75162676_target_anchor_71567810,75162676,71567810,BP.CCRB.DP2,BP.CCRB.40.DP2,BP.CCRB..DP2,40,,CCRB,DP2,250.0,2.0-10.0Hz,2.0,10.0,350.469189345581,581.6587016407672,0.6020723050273963,0.02,True
prospective_75162676_target_anchor_71567810,75162676,71567810,BP.CCRB.DP2,BP.CCRB.40.DP2,BP.CCRB..DP2,40,,CCRB,DP2,250.0,5.0-20.0Hz,5.0,20.0,466.6715835367498,953.1722936938463,0.46600040524045216,0.012,True
prospective_75162676_target_anchor_71567810,75162676,71567810,BP.CCRB.DP2,BP.CCRB.40.DP2,BP.CCRB..DP2,40,,CCRB,DP2,250.0,10.0-40.0Hz,10.0,40.0,438.08436668241615,836.0753791704316,0.48860666876444553,0.004,True
prospective_75162676_target_anchor_71567810,75162676,71567810,BP.CCRB.DP2,BP.CCRB.40.DP2,BP.CCRB..DP2,40,,CCRB,DP2,250.0,2.0-40.0Hz,2.0,40.0,374.9217539195652,732.5290682689607,0.4580306813987281,0.008,True
prospective_75162676_target_anchor_71567810,75162676,71567810,BP.CCRB.DP3,BP.CCRB.40.DP3,BP.CCRB..DP3,40,,CCRB,DP3,250.0,2.0-10.0Hz,2.0,10.0,284.69218309689177,677.8923893034902,0.5571708204707827,0.02,True
prospective_75162676_target_anchor_71567810,75162676,71567810,BP.CCRB.DP3,BP.CCRB.40.DP3,BP.CCRB..DP3,40,,CCRB,DP3,250.0,5.0-20.0Hz,5.0,20.0,445.7601824944484,1314.830940554811,0.43627121840150856,0.012,True
prospective_75162676_target_anchor_71567810,75162676,71567810,BP.CCRB.DP3,BP.CCRB.40.DP3,BP.CCRB..DP3,40,,CCRB,DP3,250.0,10.0-40.0Hz,10.0,40.0,667.4012932257992,1204.7795488657446,0.5059834159495477,0.004,True
prospective_75162676_target_anchor_71567810,75162676,71567810,BP.CCRB.DP3,BP.CCRB.40.DP3,BP.CCRB..DP3,40,,CCRB,DP3,250.0,2.0-40.0Hz,2.0,40.0,386.670988049959,985.2907495508048,0.44942743108855493,0.008,True
prospective_75162676_target_anchor_71567810,75162676,71567810,BP.EADB.DP1,BP.EADB.40.DP1,BP.EADB..DP1,40,,EADB,DP1,250.0,2.0-10.0Hz,2.0,10.0,57.00481785579136,103.40502319248652,0.8295588929950014,0.016,True
prospective_75162676_target_anchor_71567810,75162676,71567810,BP.EADB.DP1,BP.EADB.40.DP1,BP.EADB..DP1,40,,EADB,DP1,250.0,5.0-20.0Hz,5.0,20.0,66.91832102848406,112.20382110299953,0.6052985155301935,0.008,True
prospective_75162676_target_anchor_71567810,75162676,71567810,BP.EADB.DP1,BP.EADB.40.DP1,BP.EADB..DP1,40,,EADB,DP1,250.0,10.0-40.0Hz,10.0,40.0,48.851340842771656,45.23362873831021,0.433126676627105,-0.004,True
prospective_75162676_target_anchor_71567810,75162676,71567810,BP.EADB.DP1,BP.EADB.40.DP1,BP.EADB..DP1,40,,EADB,DP1,250.0,2.0-40.0Hz,2.0,40.0,57.24918057653739,92.49663726523961,0.7386665246639254,0.012,True
prospective_75162676_target_anchor_71567810,75162676,71567810,BP.EADB.DP2,BP.EADB.40.DP2,BP.EADB..DP2,40,,EADB,DP2,250.0,2.0-10.0Hz,2.0,10.0,112.75467658991322,161.25480531534598,0.8770560705034612,0.02,True
prospective_75162676_target_anchor_71567810,75162676,71567810,BP.EADB.DP2,BP.EADB.40.DP2,BP.EADB..DP2,40,,EADB,DP2,250.0,5.0-20.0Hz,5.0,20.0,66.5330944850934,111.90496762765977,0.6061830209293881,0.008,True
prospective_75162676_target_anchor_71567810,75162676,71567810,BP.EADB.DP2,BP.EADB.40.DP2,BP.EADB..DP2,40,,EADB,DP2,250.0,10.0-40.0Hz,10.0,40.0,44.46277757962682,45.01090781349696,0.5125399710955576,-0.004,True
prospective_75162676_target_anchor_71567810,75162676,71567810,BP.EADB.DP2,BP.EADB.40.DP2,BP.EADB..DP2,40,,EADB,DP2,250.0,2.0-40.0Hz,2.0,40.0,103.80462373785568,129.14870242901515,0.7925971743086784,0.016,True
prospective_75162676_target_anchor_71567810,75162676,71567810,BP.EADB.DP3,BP.EADB.40.DP3,BP.EADB..DP3,40,,EADB,DP3,250.0,2.0-10.0Hz,2.0,10.0,79.19550175308736,116.75719548745721,0.8828135647642016,0.02,True
prospective_75162676_target_anchor_71567810,75162676,71567810,BP.EADB.DP3,BP.EADB.40.DP3,BP.EADB..DP3,40,,EADB,DP3,250.0,5.0-20.0Hz,5.0,20.0,68.83118434508162,82.03968917499697,0.5657977294178396,0.008,True
prospective_75162676_target_anchor_71567810,75162676,71567810,BP.EADB.DP3,BP.EADB.40.DP3,BP.EADB..DP3,40,,EADB,DP3,250.0,10.0-40.0Hz,10.0,40.0,42.48787339448238,29.911632593711875,0.4448985663361943,-0.004,True
prospective_75162676_target_anchor_71567810,75162676,71567810,BP.EADB.DP3,BP.EADB.40.DP3,BP.EADB..DP3,40,,EADB,DP3,250.0,2.0-40.0Hz,2.0,40.0,85.70434327806541,88.5332158591796,0.8388964072664115,0.02,True
prospective_75162676_target_anchor_71567810,75162676,71567810,BP.FROB.DP1,BP.FROB.40.DP1,BP.FROB.40.DP1,40,40,FROB,DP1,250.0,2.0-10.0Hz,2.0,10.0,19.94904510038278,44.4044587519769,0.5738122115432632,0.008,True
prospective_75162676_target_anchor_71567810,75162676,71567810,BP.FROB.DP1,BP.FROB.40.DP1,BP.FROB.40.DP1,40,40,FROB,DP1,250.0,5.0-20.0Hz,5.0,20.0,32.193854046424036,66.20394880337346,0.3983371442817482,0.004,True
prospective_75162676_target_anchor_71567810,75162676,71567810,BP.FROB.DP1,BP.FROB.40.DP1,BP.FROB.40.DP1,40,40,FROB,DP1,250.0,10.0-40.0Hz,10.0,40.0,32.64099813390236,70.82524076108733,0.23487590886839127,0.008,True
prospective_75162676_target_anchor_71567810,75162676,71567810,BP.FROB.DP1,BP.FROB.40.DP1,BP.FROB.40.DP1,40,40,FROB,DP1,250.0,2.0-40.0Hz,2.0,40.0,26.899169442106164,56.74393835358727,0.34332139452808713,0.004,True
prospective_75162676_target_anchor_71567810,75162676,71567810,BP.FROB.DP2,BP.FROB.40.DP2,BP.FROB.40.DP2,40,40,FROB,DP2,250.0,2.0-10.0Hz,2.0,10.0,22.5625557796754,111.41921260108379,0.21115005676832255,-0.044,True
prospective_75162676_target_anchor_71567810,75162676,71567810,BP.FROB.DP2,BP.FROB.40.DP2,BP.FROB.40.DP2,40,40,FROB,DP2,250.0,5.0-20.0Hz,5.0,20.0,35.4918173019049,148.16197260185513,0.22817511763923984,-0.04,True
prospective_75162676_target_anchor_71567810,75162676,71567810,BP.FROB.DP2,BP.FROB.40.DP2,BP.FROB.40.DP2,40,40,FROB,DP2,250.0,10.0-40.0Hz,10.0,40.0,32.18125455909,163.2722519010905,0.1051282423577146,-0.056,True
prospective_75162676_target_anchor_71567810,75162676,71567810,BP.FROB.DP2,BP.FROB.40.DP2,BP.FROB.40.DP2,40,40,FROB,DP2,250.0,2.0-40.0Hz,2.0,40.0,28.532661524601508,132.15472838233725,0.14522273782042663,-0.048,True
prospective_75162676_target_anchor_71567810,75162676,71567810,BP.FROB.DP3,BP.FROB.40.DP3,BP.FROB.40.DP3,40,40,FROB,DP3,250.0,2.0-10.0Hz,2.0,10.0,32.25857721614305,111.88403767745794,0.5846992071014483,0.008,True
prospective_75162676_target_anchor_71567810,75162676,71567810,BP.FROB.DP3,BP.FROB.40.DP3,BP.FROB.40.DP3,40,40,FROB,DP3,250.0,5.0-20.0Hz,5.0,20.0,33.532037897088934,148.46154436171693,0.3652222110890793,0.152,True
prospective_75162676_target_anchor_71567810,75162676,71567810,BP.FROB.DP3,BP.FROB.40.DP3,BP.FROB.40.DP3,40,40,FROB,DP3,250.0,10.0-40.0Hz,10.0,40.0,23.08329990236022,163.8740499131067,0.13833851719117016,-0.16,True
prospective_75162676_target_anchor_71567810,75162676,71567810,BP.FROB.DP3,BP.FROB.40.DP3,BP.FROB.40.DP3,40,40,FROB,DP3,250.0,2.0-40.0Hz,2.0,40.0,27.705229156270875,132.70799699721857,0.35207030318793936,0.008,True
prospective_75162676_target_anchor_71567810,75162676,71567810,BP.GHIB.DP1,BP.GHIB.40.DP1,BP.GHIB..DP1,40,,GHIB,DP1,250.0,2.0-10.0Hz,2.0,10.0,13.303360384424293,13.095918955247214,0.7715158623370736,-0.004,True
prospective_75162676_target_anchor_71567810,75162676,71567810,BP.GHIB.DP1,BP.GHIB.40.DP1,BP.GHIB..DP1,40,,GHIB,DP1,250.0,5.0-20.0Hz,5.0,20.0,13.082771785420308,18.65717505178021,0.5904962126975963,-0.008,True
prospective_75162676_target_anchor_71567810,75162676,71567810,BP.GHIB.DP1,BP.GHIB.40.DP1,BP.GHIB..DP1,40,,GHIB,DP1,250.0,10.0-40.0Hz,10.0,40.0,12.76515192063067,13.638998547570193,0.6058581789652542,-0.008,True
prospective_75162676_target_anchor_71567810,75162676,71567810,BP.GHIB.DP1,BP.GHIB.40.DP1,BP.GHIB..DP1,40,,GHIB,DP1,250.0,2.0-40.0Hz,2.0,40.0,13.368745217960555,13.597781573589126,0.7128547911252853,-0.008,True
prospective_75162676_target_anchor_71567810,75162676,71567810,BP.GHIB.DP3,BP.GHIB.40.DP3,BP.GHIB..DP3,40,,GHIB,DP3,250.0,2.0-10.0Hz,2.0,10.0,3.1995172387773203,14.41903900372476,0.8362259192742737,0.0,True
prospective_75162676_target_anchor_71567810,75162676,71567810,BP.GHIB.DP3,BP.GHIB.40.DP3,BP.GHIB..DP3,40,,GHIB,DP3,250.0,5.0-20.0Hz,5.0,20.0,3.094413768189499,14.986626494588391,0.5201886279892121,-0.004,True
prospective_75162676_target_anchor_71567810,75162676,71567810,BP.GHIB.DP3,BP.GHIB.40.DP3,BP.GHIB..DP3,40,,GHIB,DP3,250.0,10.0-40.0Hz,10.0,40.0,1.730076961246688,10.913078210637767,0.3077498514972765,-0.012,False
prospective_75162676_target_anchor_71567810,75162676,71567810,BP.GHIB.DP3,BP.GHIB.40.DP3,BP.GHIB..DP3,40,,GHIB,DP3,250.0,2.0-40.0Hz,2.0,40.0,2.6835618004967583,13.904322214726994,0.70276973765767,-0.004,False
prospective_75162676_target_anchor_71567810,75162676,71567810,BP.JCSB.DP1,BP.JCSB.40.DP1,BP.JCSB.40.DP1,40,40,JCSB,DP1,250.0,2.0-10.0Hz,2.0,10.0,307.4287040029274,416.00613492275653,0.8247339787121045,0.016,True
prospective_75162676_target_anchor_71567810,75162676,71567810,BP.JCSB.DP1,BP.JCSB.40.DP1,BP.JCSB.40.DP1,40,40,JCSB,DP1,250.0,5.0-20.0Hz,5.0,20.0,244.46155991866885,395.98708468626955,0.6347367701615929,0.004,True
prospective_75162676_target_anchor_71567810,75162676,71567810,BP.JCSB.DP1,BP.JCSB.40.DP1,BP.JCSB.40.DP1,40,40,JCSB,DP1,250.0,10.0-40.0Hz,10.0,40.0,163.85048520342144,289.8622077370236,0.5768176176595012,0.0,True
prospective_75162676_target_anchor_71567810,75162676,71567810,BP.JCSB.DP1,BP.JCSB.40.DP1,BP.JCSB.40.DP1,40,40,JCSB,DP1,250.0,2.0-40.0Hz,2.0,40.0,241.55789341549237,374.37921422800355,0.7009915918501234,0.004,True
prospective_75162676_target_anchor_71567810,75162676,71567810,BP.JCSB.DP2,BP.JCSB.40.DP2,BP.JCSB.40.DP2,40,40,JCSB,DP2,250.0,2.0-10.0Hz,2.0,10.0,2.4566318128409033,1.2638171561661922,0.31924367830811545,0.028,False
prospective_75162676_target_anchor_71567810,75162676,71567810,BP.JCSB.DP2,BP.JCSB.40.DP2,BP.JCSB.40.DP2,40,40,JCSB,DP2,250.0,5.0-20.0Hz,5.0,20.0,5.9588437048904,1.4942262698407272,0.4718309661327796,0.008,False
prospective_75162676_target_anchor_71567810,75162676,71567810,BP.JCSB.DP2,BP.JCSB.40.DP2,BP.JCSB.40.DP2,40,40,JCSB,DP2,250.0,10.0-40.0Hz,10.0,40.0,9.25434205138897,2.023035764272736,0.512485418727725,0.008,False
prospective_75162676_target_anchor_71567810,75162676,71567810,BP.JCSB.DP2,BP.JCSB.40.DP2,BP.JCSB.40.DP2,40,40,JCSB,DP2,250.0,2.0-40.0Hz,2.0,40.0,5.979302471116382,1.6953309964226497,0.44579692377165697,0.008,False
prospective_75162676_target_anchor_71567810,75162676,71567810,BP.JCSB.DP3,BP.JCSB.40.DP3,BP.JCSB.40.DP3,40,40,JCSB,DP3,250.0,2.0-10.0Hz,2.0,10.0,9.689688615862284,1.3926045325519425,0.486925747291403,0.016,False
prospective_75162676_target_anchor_71567810,75162676,71567810,BP.JCSB.DP3,BP.JCSB.40.DP3,BP.JCSB.40.DP3,40,40,JCSB,DP3,250.0,5.0-20.0Hz,5.0,20.0,15.27811814525994,1.662465676322875,0.5498822610349399,0.008,False
prospective_75162676_target_anchor_71567810,75162676,71567810,BP.JCSB.DP3,BP.JCSB.40.DP3,BP.JCSB.40.DP3,40,40,JCSB,DP3,250.0,10.0-40.0Hz,10.0,40.0,15.236505303300502,2.092696433819361,0.5244993670075425,0.008,False
prospective_75162676_target_anchor_71567810,75162676,71567810,BP.JCSB.DP3,BP.JCSB.40.DP3,BP.JCSB.40.DP3,40,40,JCSB,DP3,250.0,2.0-40.0Hz,2.0,40.0,13.6406943521969,1.8051908867463227,0.5085751232514614,0.008,False
prospective_75162676_target_anchor_71567810,75162676,71567810,BP.LCCB.DP1,BP.LCCB.40.DP1,BP.LCCB..DP1,40,,LCCB,DP1,250.0,2.0-10.0Hz,2.0,10.0,402.4307798841961,890.2743871429769,0.7168441008595104,0.032,True
prospective_75162676_target_anchor_71567810,75162676,71567810,BP.LCCB.DP1,BP.LCCB.40.DP1,BP.LCCB..DP1,40,,LCCB,DP1,250.0,5.0-20.0Hz,5.0,20.0,592.5121389476163,1666.5147073142475,0.5656563481888944,0.036,True
prospective_75162676_target_anchor_71567810,75162676,71567810,BP.LCCB.DP1,BP.LCCB.40.DP1,BP.LCCB..DP1,40,,LCCB,DP1,250.0,10.0-40.0Hz,10.0,40.0,561.4919022722461,1076.0726955331595,0.3879559672150741,0.044,True
prospective_75162676_target_anchor_71567810,75162676,71567810,BP.LCCB.DP1,BP.LCCB.40.DP1,BP.LCCB..DP1,40,,LCCB,DP1,250.0,2.0-40.0Hz,2.0,40.0,442.98400332935375,978.1363203773686,0.5743743334824692,0.04,True
prospective_75162676_target_anchor_71567810,75162676,71567810,BP.LCCB.DP2,BP.LCCB.40.DP2,BP.LCCB..DP2,40,,LCCB,DP2,250.0,2.0-10.0Hz,2.0,10.0,217.61248764229558,395.44351475086626,0.861185300677255,0.028,True
prospective_75162676_target_anchor_71567810,75162676,71567810,BP.LCCB.DP2,BP.LCCB.40.DP2,BP.LCCB..DP2,40,,LCCB,DP2,250.0,5.0-20.0Hz,5.0,20.0,288.6868371510941,422.4333463753459,0.5821590343911115,0.036,True
prospective_75162676_target_anchor_71567810,75162676,71567810,BP.LCCB.DP2,BP.LCCB.40.DP2,BP.LCCB..DP2,40,,LCCB,DP2,250.0,10.0-40.0Hz,10.0,40.0,187.92434618222296,276.66969160396866,0.30886874103453904,0.04,True
prospective_75162676_target_anchor_71567810,75162676,71567810,BP.LCCB.DP2,BP.LCCB.40.DP2,BP.LCCB..DP2,40,,LCCB,DP2,250.0,2.0-40.0Hz,2.0,40.0,205.1574699765322,304.8351185955109,0.5267329701086683,0.036,True
prospective_75162676_target_anchor_71567810,75162676,71567810,BP.LCCB.DP3,BP.LCCB.40.DP3,BP.LCCB..DP3,40,,LCCB,DP3,250.0,2.0-10.0Hz,2.0,10.0,498.9166444659388,901.0491391067158,0.7825445540246179,0.04,True
prospective_75162676_target_anchor_71567810,75162676,71567810,BP.LCCB.DP3,BP.LCCB.40.DP3,BP.LCCB..DP3,40,,LCCB,DP3,250.0,5.0-20.0Hz,5.0,20.0,624.965654618135,1167.8812129353505,0.5285514774201616,0.044,True
prospective_75162676_target_anchor_71567810,75162676,71567810,BP.LCCB.DP3,BP.LCCB.40.DP3,BP.LCCB..DP3,40,,LCCB,DP3,250.0,10.0-40.0Hz,10.0,40.0,564.8806158003958,864.2881316830668,0.35267084495730344,0.048,True
prospective_75162676_target_anchor_71567810,75162676,71567810,BP.LCCB.DP3,BP.LCCB.40.DP3,BP.LCCB..DP3,40,,LCCB,DP3,250.0,2.0-40.0Hz,2.0,40.0,521.9539684586946,897.5263071583724,0.61103961057401,0.044,True
prospective_75162676_target_anchor_71567810,75162676,71567810,BP.MMNB.DP1,BP.MMNB.40.DP1,BP.MMNB.40.DP1,40,40,MMNB,DP1,250.0,2.0-10.0Hz,2.0,10.0,258.48323438450103,517.5923666508165,0.7599881482610831,0.036,True
prospective_75162676_target_anchor_71567810,75162676,71567810,BP.MMNB.DP1,BP.MMNB.40.DP1,BP.MMNB.40.DP1,40,40,MMNB,DP1,250.0,5.0-20.0Hz,5.0,20.0,405.87047879801344,704.1034560734225,0.6761269162365336,0.032,True
prospective_75162676_target_anchor_71567810,75162676,71567810,BP.MMNB.DP1,BP.MMNB.40.DP1,BP.MMNB.40.DP1,40,40,MMNB,DP1,250.0,10.0-40.0Hz,10.0,40.0,232.63211641250865,325.95728195586054,0.44134223884154783,0.028,True
prospective_75162676_target_anchor_71567810,75162676,71567810,BP.MMNB.DP1,BP.MMNB.40.DP1,BP.MMNB.40.DP1,40,40,MMNB,DP1,250.0,2.0-40.0Hz,2.0,40.0,267.78895411816666,467.2200825503769,0.6859293880452256,0.032,True
prospective_75162676_target_anchor_71567810,75162676,71567810,BP.MMNB.DP2,BP.MMNB.40.DP2,BP.MMNB.40.DP2,40,40,MMNB,DP2,250.0,2.0-10.0Hz,2.0,10.0,265.8232717045795,499.94637223535483,0.789523903844988,0.024,True
prospective_75162676_target_anchor_71567810,75162676,71567810,BP.MMNB.DP2,BP.MMNB.40.DP2,BP.MMNB.40.DP2,40,40,MMNB,DP2,250.0,5.0-20.0Hz,5.0,20.0,369.47386962936804,678.1862718906626,0.6763328316599363,0.02,True
prospective_75162676_target_anchor_71567810,75162676,71567810,BP.MMNB.DP2,BP.MMNB.40.DP2,BP.MMNB.40.DP2,40,40,MMNB,DP2,250.0,10.0-40.0Hz,10.0,40.0,241.4044767643785,296.1719108145358,0.3979152023185263,-0.172,True
prospective_75162676_target_anchor_71567810,75162676,71567810,BP.MMNB.DP2,BP.MMNB.40.DP2,BP.MMNB.40.DP2,40,40,MMNB,DP2,250.0,2.0-40.0Hz,2.0,40.0,277.70780666412065,437.6799654082157,0.6867233695650533,0.02,True
prospective_75162676_target_anchor_71567810,75162676,71567810,BP.MMNB.DP3,BP.MMNB.40.DP3,BP.MMNB.40.DP3,40,40,MMNB,DP3,250.0,2.0-10.0Hz,2.0,10.0,305.32013643149514,579.3087498875539,0.7180399213767092,0.032,True
prospective_75162676_target_anchor_71567810,75162676,71567810,BP.MMNB.DP3,BP.MMNB.40.DP3,BP.MMNB.40.DP3,40,40,MMNB,DP3,250.0,5.0-20.0Hz,5.0,20.0,496.72792841539865,737.6866007085637,0.7371878061738462,0.024,True
prospective_75162676_target_anchor_71567810,75162676,71567810,BP.MMNB.DP3,BP.MMNB.40.DP3,BP.MMNB.40.DP3,40,40,MMNB,DP3,250.0,10.0-40.0Hz,10.0,40.0,392.10854349985465,382.79077076872795,0.666976256409088,0.024,True
prospective_75162676_target_anchor_71567810,75162676,71567810,BP.MMNB.DP3,BP.MMNB.40.DP3,BP.MMNB.40.DP3,40,40,MMNB,DP3,250.0,2.0-40.0Hz,2.0,40.0,347.46602644648436,521.0851752934398,0.7021327828651437,0.024,True
prospective_75162676_target_anchor_71567810,75162676,71567810,BP.SCYB.DP1,BP.SCYB.40.DP1,BP.SCYB..DP1,40,,SCYB,DP1,250.0,2.0-10.0Hz,2.0,10.0,377.5358857724856,880.7835451147147,0.41256916203170235,0.044,True
prospective_75162676_target_anchor_71567810,75162676,71567810,BP.SCYB.DP1,BP.SCYB.40.DP1,BP.SCYB..DP1,40,,SCYB,DP1,250.0,5.0-20.0Hz,5.0,20.0,636.4602051035115,1103.7736792366684,0.3314371804954899,-0.064,True
prospective_75162676_target_anchor_71567810,75162676,71567810,BP.SCYB.DP1,BP.SCYB.40.DP1,BP.SCYB..DP1,40,,SCYB,DP1,250.0,10.0-40.0Hz,10.0,40.0,560.6241453706614,684.5288848609263,0.35853317323361206,0.12,True
prospective_75162676_target_anchor_71567810,75162676,71567810,BP.SCYB.DP1,BP.SCYB.40.DP1,BP.SCYB..DP1,40,,SCYB,DP1,250.0,2.0-40.0Hz,2.0,40.0,421.09150067746106,803.6924045744108,0.36038548123257236,0.036,True
prospective_75162676_target_anchor_71567810,75162676,71567810,BP.SCYB.DP2,BP.SCYB.40.DP2,BP.SCYB..DP2,40,,SCYB,DP2,250.0,2.0-10.0Hz,2.0,10.0,356.9181034464445,1185.6383764192358,0.6700817590990311,0.048,True
prospective_75162676_target_anchor_71567810,75162676,71567810,BP.SCYB.DP2,BP.SCYB.40.DP2,BP.SCYB..DP2,40,,SCYB,DP2,250.0,5.0-20.0Hz,5.0,20.0,574.4377792623999,1223.6493160833113,0.4408544203191178,0.044,True
prospective_75162676_target_anchor_71567810,75162676,71567810,BP.SCYB.DP2,BP.SCYB.40.DP2,BP.SCYB..DP2,40,,SCYB,DP2,250.0,10.0-40.0Hz,10.0,40.0,366.65966162272923,533.8757249711488,0.41457851851665384,-0.048,True
prospective_75162676_target_anchor_71567810,75162676,71567810,BP.SCYB.DP2,BP.SCYB.40.DP2,BP.SCYB..DP2,40,,SCYB,DP2,250.0,2.0-40.0Hz,2.0,40.0,364.20229760497404,932.8068547863899,0.5967820847940396,0.044,True
prospective_75162676_target_anchor_71567810,75162676,71567810,BP.SCYB.DP3,BP.SCYB.40.DP3,BP.SCYB..DP3,40,,SCYB,DP3,250.0,2.0-10.0Hz,2.0,10.0,433.8665380276141,632.6209373102877,0.5415984969439166,0.052,True
prospective_75162676_target_anchor_71567810,75162676,71567810,BP.SCYB.DP3,BP.SCYB.40.DP3,BP.SCYB..DP3,40,,SCYB,DP3,250.0,5.0-20.0Hz,5.0,20.0,652.177002542663,741.6215300688774,0.32666388727177353,-0.348,True
prospective_75162676_target_anchor_71567810,75162676,71567810,BP.SCYB.DP3,BP.SCYB.40.DP3,BP.SCYB..DP3,40,,SCYB,DP3,250.0,10.0-40.0Hz,10.0,40.0,434.73226261493954,447.87968669205935,0.292383317022923,-0.5,True
prospective_75162676_target_anchor_71567810,75162676,71567810,BP.SCYB.DP3,BP.SCYB.40.DP3,BP.SCYB..DP3,40,,SCYB,DP3,250.0,2.0-40.0Hz,2.0,40.0,445.82445155236326,504.6692246677407,0.4627233599091878,0.048,True
prospective_75162676_target_anchor_71567810,75162676,71567810,BP.SMNB.DP1,BP.SMNB.40.DP1,BP.SMNB.40.DP1,40,40,SMNB,DP1,250.0,2.0-10.0Hz,2.0,10.0,362.0911290506253,716.6425739890268,0.6955054825525733,0.024,True
prospective_75162676_target_anchor_71567810,75162676,71567810,BP.SMNB.DP1,BP.SMNB.40.DP1,BP.SMNB.40.DP1,40,40,SMNB,DP1,250.0,5.0-20.0Hz,5.0,20.0,355.5385338636308,1202.3993798127144,0.3751591574619521,0.02,True
prospective_75162676_target_anchor_71567810,75162676,71567810,BP.SMNB.DP1,BP.SMNB.40.DP1,BP.SMNB.40.DP1,40,40,SMNB,DP1,250.0,10.0-40.0Hz,10.0,40.0,415.3917037323956,1491.4532351999123,0.17819276542900275,-0.408,True
prospective_75162676_target_anchor_71567810,75162676,71567810,BP.SMNB.DP1,BP.SMNB.40.DP1,BP.SMNB.40.DP1,40,40,SMNB,DP1,250.0,2.0-40.0Hz,2.0,40.0,379.88138712688715,1015.0800027229297,0.3186904508073208,0.012,True
prospective_75162676_target_anchor_71567810,75162676,71567810,BP.SMNB.DP2,BP.SMNB.40.DP2,BP.SMNB.40.DP2,40,40,SMNB,DP2,250.0,2.0-10.0Hz,2.0,10.0,341.3531695909278,774.8368681610898,0.6883282917633965,0.036,True
prospective_75162676_target_anchor_71567810,75162676,71567810,BP.SMNB.DP2,BP.SMNB.40.DP2,BP.SMNB.40.DP2,40,40,SMNB,DP2,250.0,5.0-20.0Hz,5.0,20.0,346.40569537861614,1402.9400401938774,0.3259048632896179,0.024,True
prospective_75162676_target_anchor_71567810,75162676,71567810,BP.SMNB.DP2,BP.SMNB.40.DP2,BP.SMNB.40.DP2,40,40,SMNB,DP2,250.0,10.0-40.0Hz,10.0,40.0,430.81798537044386,1577.8530461479486,0.1875371360318245,0.284,True
prospective_75162676_target_anchor_71567810,75162676,71567810,BP.SMNB.DP2,BP.SMNB.40.DP2,BP.SMNB.40.DP2,40,40,SMNB,DP2,250.0,2.0-40.0Hz,2.0,40.0,368.7202261144637,1203.611443820404,0.3062927635636314,0.02,True
prospective_75162676_target_anchor_71567810,75162676,71567810,BP.SMNB.DP3,BP.SMNB.40.DP3,BP.SMNB.40.DP3,40,40,SMNB,DP3,250.0,2.0-10.0Hz,2.0,10.0,278.69231130944246,683.131060875061,0.6713157056471301,0.032,True
prospective_75162676_target_anchor_71567810,75162676,71567810,BP.SMNB.DP3,BP.SMNB.40.DP3,BP.SMNB.40.DP3,40,40,SMNB,DP3,250.0,5.0-20.0Hz,5.0,20.0,411.7982161886857,1161.3196554886742,0.30763425615982004,0.012,True
prospective_75162676_target_anchor_71567810,75162676,71567810,BP.SMNB.DP3,BP.SMNB.40.DP3,BP.SMNB.40.DP3,40,40,SMNB,DP3,250.0,10.0-40.0Hz,10.0,40.0,625.5838423645876,1499.2779705569803,0.28764499608570393,0.012,True
prospective_75162676_target_anchor_71567810,75162676,71567810,BP.SMNB.DP3,BP.SMNB.40.DP3,BP.SMNB.40.DP3,40,40,SMNB,DP3,250.0,2.0-40.0Hz,2.0,40.0,395.0587067329079,1149.5859515061043,0.34942204907600055,0.016,True
prospective_75162676_target_anchor_71567810,75162676,71567810,NC.PSM.EHE,NC.PSM..EHE,NC.PSM..EHE,,,PSM,EHE,100.0,2.0-10.0Hz,2.0,10.0,1.1393064431846116,659.6921253895091,0.13366883686129188,-0.38,False
prospective_75162676_target_anchor_71567810,75162676,71567810,NC.PSM.EHE,NC.PSM..EHE,NC.PSM..EHE,,,PSM,EHE,100.0,5.0-20.0Hz,5.0,20.0,1.074349396554206,565.4561586141633,0.12278907433879249,-0.21,False
prospective_75162676_target_anchor_71567810,75162676,71567810,NC.PSM.EHE,NC.PSM..EHE,NC.PSM..EHE,,,PSM,EHE,100.0,10.0-40.0Hz,10.0,40.0,1.000787992981925,106.13879260906954,0.09551981244677173,-0.13,False
prospective_75162676_target_anchor_71567810,75162676,71567810,NC.PSM.EHE,NC.PSM..EHE,NC.PSM..EHE,,,PSM,EHE,100.0,2.0-40.0Hz,2.0,40.0,1.0374065793293283,499.2988847155111,0.07684352694720144,-0.39,False
prospective_75162676_target_anchor_71567810,75162676,71567810,NC.PSM.EHN,NC.PSM..EHN,NC.PSM..EHN,,,PSM,EHN,100.0,2.0-10.0Hz,2.0,10.0,377.24860995562415,786.6000799787593,0.8976985734393129,-0.04,True
prospective_75162676_target_anchor_71567810,75162676,71567810,NC.PSM.EHN,NC.PSM..EHN,NC.PSM..EHN,,,PSM,EHN,100.0,5.0-20.0Hz,5.0,20.0,328.0420899801177,319.33819102020243,0.7393350988475392,-0.04,True
prospective_75162676_target_anchor_71567810,75162676,71567810,NC.PSM.EHN,NC.PSM..EHN,NC.PSM..EHN,,,PSM,EHN,100.0,10.0-40.0Hz,10.0,40.0,82.73894635053394,89.98035262765198,0.39910949014601727,-0.03,True
prospective_75162676_target_anchor_71567810,75162676,71567810,NC.PSM.EHN,NC.PSM..EHN,NC.PSM..EHN,,,PSM,EHN,100.0,2.0-40.0Hz,2.0,40.0,287.4071776422571,512.0174499485839,0.8730259065783199,-0.04,True
prospective_75162676_target_anchor_71567810,75162676,71567810,NC.PSM.EHZ,NC.PSM..EHZ,NC.PSM..EHZ,,,PSM,EHZ,100.0,2.0-10.0Hz,2.0,10.0,550.6377117218252,609.9669156370992,0.9067556359811488,-0.04,True
prospective_75162676_target_anchor_71567810,75162676,71567810,NC.PSM.EHZ,NC.PSM..EHZ,NC.PSM..EHZ,,,PSM,EHZ,100.0,5.0-20.0Hz,5.0,20.0,510.19097607951335,429.41735582683725,0.8338676616356001,-0.04,True
prospective_75162676_target_anchor_71567810,75162676,71567810,NC.PSM.EHZ,NC.PSM..EHZ,NC.PSM..EHZ,,,PSM,EHZ,100.0,10.0-40.0Hz,10.0,40.0,78.87636952007017,111.7943952231144,0.48106536051965315,-0.03,True
prospective_75162676_target_anchor_71567810,75162676,71567810,NC.PSM.EHZ,NC.PSM..EHZ,NC.PSM..EHZ,,,PSM,EHZ,100.0,2.0-40.0Hz,2.0,40.0,321.924350157581,437.9641189999582,0.875504913495072,-0.04,True
prospective_75162676_target_anchor_71908906,75162676,71908906,BK.PKD.HHE,BK.PKD.00.HHE,BK.PKD.00.HHE,00,00,PKD,HHE,100.0,2.0-10.0Hz,2.0,10.0,127.97248127740053,63.27491120678386,0.5764284958747871,0.03,True
prospective_75162676_target_anchor_71908906,75162676,71908906,BK.PKD.HHE,BK.PKD.00.HHE,BK.PKD.00.HHE,00,00,PKD,HHE,100.0,5.0-20.0Hz,5.0,20.0,122.15028082208464,74.81068027279335,0.4556736813689867,0.02,True
prospective_75162676_target_anchor_71908906,75162676,71908906,BK.PKD.HHE,BK.PKD.00.HHE,BK.PKD.00.HHE,00,00,PKD,HHE,100.0,10.0-40.0Hz,10.0,40.0,65.72263294446648,60.68983868116381,0.3288705780722445,0.02,True
prospective_75162676_target_anchor_71908906,75162676,71908906,BK.PKD.HHE,BK.PKD.00.HHE,BK.PKD.00.HHE,00,00,PKD,HHE,100.0,2.0-40.0Hz,2.0,40.0,107.44752682273328,63.393268555291144,0.5219083204521621,0.02,True
prospective_75162676_target_anchor_71908906,75162676,71908906,BK.PKD.HHN,BK.PKD.00.HHN,BK.PKD.00.HHN,00,00,PKD,HHN,100.0,2.0-10.0Hz,2.0,10.0,132.68769908894228,47.7745763554742,0.5452677935477878,0.04,True
prospective_75162676_target_anchor_71908906,75162676,71908906,BK.PKD.HHN,BK.PKD.00.HHN,BK.PKD.00.HHN,00,00,PKD,HHN,100.0,5.0-20.0Hz,5.0,20.0,152.8539611324188,62.44414088729069,0.416795210717601,0.02,True
prospective_75162676_target_anchor_71908906,75162676,71908906,BK.PKD.HHN,BK.PKD.00.HHN,BK.PKD.00.HHN,00,00,PKD,HHN,100.0,10.0-40.0Hz,10.0,40.0,89.40103741110983,56.36203900952732,0.4171696920951709,0.02,True
prospective_75162676_target_anchor_71908906,75162676,71908906,BK.PKD.HHN,BK.PKD.00.HHN,BK.PKD.00.HHN,00,00,PKD,HHN,100.0,2.0-40.0Hz,2.0,40.0,119.85209132840174,51.95244543502027,0.45893320093702017,0.02,True
prospective_75162676_target_anchor_71908906,75162676,71908906,BK.PKD.HHZ,BK.PKD.00.HHZ,BK.PKD.00.HHZ,00,00,PKD,HHZ,100.0,2.0-10.0Hz,2.0,10.0,132.06901246624258,55.72118817687291,0.7832244673756164,0.02,True
prospective_75162676_target_anchor_71908906,75162676,71908906,BK.PKD.HHZ,BK.PKD.00.HHZ,BK.PKD.00.HHZ,00,00,PKD,HHZ,100.0,5.0-20.0Hz,5.0,20.0,117.6408831300506,85.59033042220672,0.46548650862043456,0.02,True
prospective_75162676_target_anchor_71908906,75162676,71908906,BK.PKD.HHZ,BK.PKD.00.HHZ,BK.PKD.00.HHZ,00,00,PKD,HHZ,100.0,10.0-40.0Hz,10.0,40.0,105.81500021506741,99.63447318333363,0.3355487376672312,0.02,True
prospective_75162676_target_anchor_71908906,75162676,71908906,BK.PKD.HHZ,BK.PKD.00.HHZ,BK.PKD.00.HHZ,00,00,PKD,HHZ,100.0,2.0-40.0Hz,2.0,40.0,116.06880922239898,72.03385223227681,0.5342856381322297,0.02,True
prospective_75162676_target_anchor_71908906,75162676,71908906,BP.CCRB.DP1,BP.CCRB.40.DP1,BP.CCRB.40.DP1,40,40,CCRB,DP1,250.0,2.0-10.0Hz,2.0,10.0,301.91272117206313,268.7172239927994,0.6315608236675556,0.032,True
prospective_75162676_target_anchor_71908906,75162676,71908906,BP.CCRB.DP1,BP.CCRB.40.DP1,BP.CCRB.40.DP1,40,40,CCRB,DP1,250.0,5.0-20.0Hz,5.0,20.0,594.0187614863313,829.9912566237247,0.6901717766162615,0.02,True
prospective_75162676_target_anchor_71908906,75162676,71908906,BP.CCRB.DP1,BP.CCRB.40.DP1,BP.CCRB.40.DP1,40,40,CCRB,DP1,250.0,10.0-40.0Hz,10.0,40.0,978.0562460440489,1436.2994528659,0.7582289550843776,0.02,True
prospective_75162676_target_anchor_71908906,75162676,71908906,BP.CCRB.DP1,BP.CCRB.40.DP1,BP.CCRB.40.DP1,40,40,CCRB,DP1,250.0,2.0-40.0Hz,2.0,40.0,607.4241710069349,824.5672759859264,0.7126310776672599,0.02,True
prospective_75162676_target_anchor_71908906,75162676,71908906,BP.CCRB.DP2,BP.CCRB.40.DP2,BP.CCRB.40.DP2,40,40,CCRB,DP2,250.0,2.0-10.0Hz,2.0,10.0,350.469189345581,216.12578842017584,0.5976512390983951,0.036,True
prospective_75162676_target_anchor_71908906,75162676,71908906,BP.CCRB.DP2,BP.CCRB.40.DP2,BP.CCRB.40.DP2,40,40,CCRB,DP2,250.0,5.0-20.0Hz,5.0,20.0,466.6715835367498,383.19722899810256,0.4531865941375534,0.028,True
prospective_75162676_target_anchor_71908906,75162676,71908906,BP.CCRB.DP2,BP.CCRB.40.DP2,BP.CCRB.40.DP2,40,40,CCRB,DP2,250.0,10.0-40.0Hz,10.0,40.0,438.08436668241615,515.8464050598706,0.48556106480737904,0.02,True
prospective_75162676_target_anchor_71908906,75162676,71908906,BP.CCRB.DP2,BP.CCRB.40.DP2,BP.CCRB.40.DP2,40,40,CCRB,DP2,250.0,2.0-40.0Hz,2.0,40.0,374.9217539195652,316.1094229892141,0.4416960091452526,0.024,True
prospective_75162676_target_anchor_71908906,75162676,71908906,BP.CCRB.DP3,BP.CCRB.40.DP3,BP.CCRB.40.DP3,40,40,CCRB,DP3,250.0,2.0-10.0Hz,2.0,10.0,284.69218309689177,222.06980027566047,0.5475781608953468,0.032,True
prospective_75162676_target_anchor_71908906,75162676,71908906,BP.CCRB.DP3,BP.CCRB.40.DP3,BP.CCRB.40.DP3,40,40,CCRB,DP3,250.0,5.0-20.0Hz,5.0,20.0,445.7601824944484,447.66553641859514,0.4357502636694216,0.024,True
prospective_75162676_target_anchor_71908906,75162676,71908906,BP.CCRB.DP3,BP.CCRB.40.DP3,BP.CCRB.40.DP3,40,40,CCRB,DP3,250.0,10.0-40.0Hz,10.0,40.0,667.4012932257992,751.2338022338865,0.5120077128793807,0.02,True
prospective_75162676_target_anchor_71908906,75162676,71908906,BP.CCRB.DP3,BP.CCRB.40.DP3,BP.CCRB.40.DP3,40,40,CCRB,DP3,250.0,2.0-40.0Hz,2.0,40.0,386.670988049959,392.32875136131884,0.44845099460965504,0.02,True
prospective_75162676_target_anchor_71908906,75162676,71908906,BP.EADB.DP1,BP.EADB.40.DP1,BP.EADB.40.DP1,40,40,EADB,DP1,250.0,2.0-10.0Hz,2.0,10.0,57.00481785579136,50.60871525301178,0.8279157436272178,0.032,True
prospective_75162676_target_anchor_71908906,75162676,71908906,BP.EADB.DP1,BP.EADB.40.DP1,BP.EADB.40.DP1,40,40,EADB,DP1,250.0,5.0-20.0Hz,5.0,20.0,66.91832102848406,76.6745274161132,0.6198828277390727,0.02,True
prospective_75162676_target_anchor_71908906,75162676,71908906,BP.EADB.DP1,BP.EADB.40.DP1,BP.EADB.40.DP1,40,40,EADB,DP1,250.0,10.0-40.0Hz,10.0,40.0,48.851340842771656,42.508828602112985,0.4411250540999612,0.012,True
prospective_75162676_target_anchor_71908906,75162676,71908906,BP.EADB.DP1,BP.EADB.40.DP1,BP.EADB.40.DP1,40,40,EADB,DP1,250.0,2.0-40.0Hz,2.0,40.0,57.24918057653739,53.2018789543812,0.7395454844022734,0.024,True
prospective_75162676_target_anchor_71908906,75162676,71908906,BP.EADB.DP2,BP.EADB.40.DP2,BP.EADB.40.DP2,40,40,EADB,DP2,250.0,2.0-10.0Hz,2.0,10.0,112.75467658991322,70.70557931573286,0.8757694990236886,0.036,True
prospective_75162676_target_anchor_71908906,75162676,71908906,BP.EADB.DP2,BP.EADB.40.DP2,BP.EADB.40.DP2,40,40,EADB,DP2,250.0,5.0-20.0Hz,5.0,20.0,66.5330944850934,77.21963357077568,0.6152000800803782,0.024,True
prospective_75162676_target_anchor_71908906,75162676,71908906,BP.EADB.DP2,BP.EADB.40.DP2,BP.EADB.40.DP2,40,40,EADB,DP2,250.0,10.0-40.0Hz,10.0,40.0,44.46277757962682,36.09949020176985,0.5271884024290293,0.012,True
prospective_75162676_target_anchor_71908906,75162676,71908906,BP.EADB.DP2,BP.EADB.40.DP2,BP.EADB.40.DP2,40,40,EADB,DP2,250.0,2.0-40.0Hz,2.0,40.0,103.80462373785568,68.99663640499749,0.7860978058957082,0.032,True
prospective_75162676_target_anchor_71908906,75162676,71908906,BP.EADB.DP3,BP.EADB.40.DP3,BP.EADB.40.DP3,40,40,EADB,DP3,250.0,2.0-10.0Hz,2.0,10.0,79.19550175308736,11.713333467164267,0.8755368285050552,0.036,True
prospective_75162676_target_anchor_71908906,75162676,71908906,BP.EADB.DP3,BP.EADB.40.DP3,BP.EADB.40.DP3,40,40,EADB,DP3,250.0,5.0-20.0Hz,5.0,20.0,68.83118434508162,4.954682793222804,0.5551250890103211,0.024,True
prospective_75162676_target_anchor_71908906,75162676,71908906,BP.EADB.DP3,BP.EADB.40.DP3,BP.EADB.40.DP3,40,40,EADB,DP3,250.0,10.0-40.0Hz,10.0,40.0,42.48787339448238,1.8167809963346264,0.3379218317025791,0.012,False
prospective_75162676_target_anchor_71908906,75162676,71908906,BP.EADB.DP3,BP.EADB.40.DP3,BP.EADB.40.DP3,40,40,EADB,DP3,250.0,2.0-40.0Hz,2.0,40.0,85.70434327806541,5.282292958152193,0.7930781829393828,0.036,True
prospective_75162676_target_anchor_71908906,75162676,71908906,BP.FROB.DP1,BP.FROB.40.DP1,BP.FROB.40.DP1,40,40,FROB,DP1,250.0,2.0-10.0Hz,2.0,10.0,19.94904510038278,16.803390270625755,0.566821851605238,0.012,True
prospective_75162676_target_anchor_71908906,75162676,71908906,BP.FROB.DP1,BP.FROB.40.DP1,BP.FROB.40.DP1,40,40,FROB,DP1,250.0,5.0-20.0Hz,5.0,20.0,32.193854046424036,16.174685206562007,0.3902333409981962,0.008,True
prospective_75162676_target_anchor_71908906,75162676,71908906,BP.FROB.DP1,BP.FROB.40.DP1,BP.FROB.40.DP1,40,40,FROB,DP1,250.0,10.0-40.0Hz,10.0,40.0,32.64099813390236,12.3448654961627,0.23671631744469496,0.012,True
prospective_75162676_target_anchor_71908906,75162676,71908906,BP.FROB.DP1,BP.FROB.40.DP1,BP.FROB.40.DP1,40,40,FROB,DP1,250.0,2.0-40.0Hz,2.0,40.0,26.899169442106164,13.55725293207204,0.3404488906659207,0.012,True
prospective_75162676_target_anchor_71908906,75162676,71908906,BP.FROB.DP2,BP.FROB.40.DP2,BP.FROB.40.DP2,40,40,FROB,DP2,250.0,2.0-10.0Hz,2.0,10.0,22.5625557796754,51.37809445556027,0.6546655654679511,0.028,True
prospective_75162676_target_anchor_71908906,75162676,71908906,BP.FROB.DP2,BP.FROB.40.DP2,BP.FROB.40.DP2,40,40,FROB,DP2,250.0,5.0-20.0Hz,5.0,20.0,35.4918173019049,85.63085806105951,0.28249277800291583,0.024,True
prospective_75162676_target_anchor_71908906,75162676,71908906,BP.FROB.DP2,BP.FROB.40.DP2,BP.FROB.40.DP2,40,40,FROB,DP2,250.0,10.0-40.0Hz,10.0,40.0,32.18125455909,88.95500437506698,0.17038531889190037,0.428,True
prospective_75162676_target_anchor_71908906,75162676,71908906,BP.FROB.DP2,BP.FROB.40.DP2,BP.FROB.40.DP2,40,40,FROB,DP2,250.0,2.0-40.0Hz,2.0,40.0,28.532661524601508,74.71068690970614,0.28690246265899655,0.02,True
prospective_75162676_target_anchor_71908906,75162676,71908906,BP.FROB.DP3,BP.FROB.40.DP3,BP.FROB.40.DP3,40,40,FROB,DP3,250.0,2.0-10.0Hz,2.0,10.0,32.25857721614305,33.39777419458997,0.6172123163135513,0.012,True
prospective_75162676_target_anchor_71908906,75162676,71908906,BP.FROB.DP3,BP.FROB.40.DP3,BP.FROB.40.DP3,40,40,FROB,DP3,250.0,5.0-20.0Hz,5.0,20.0,33.532037897088934,46.15864915982317,0.4062534363080179,0.012,True
prospective_75162676_target_anchor_71908906,75162676,71908906,BP.FROB.DP3,BP.FROB.40.DP3,BP.FROB.40.DP3,40,40,FROB,DP3,250.0,10.0-40.0Hz,10.0,40.0,23.08329990236022,39.31622662867519,0.16615259343291405,0.012,True
prospective_75162676_target_anchor_71908906,75162676,71908906,BP.FROB.DP3,BP.FROB.40.DP3,BP.FROB.40.DP3,40,40,FROB,DP3,250.0,2.0-40.0Hz,2.0,40.0,27.705229156270875,35.59034927574807,0.4117260264576594,0.012,True
prospective_75162676_target_anchor_71908906,75162676,71908906,BP.GHIB.DP1,BP.GHIB.40.DP1,BP.GHIB.40.DP1,40,40,GHIB,DP1,250.0,2.0-10.0Hz,2.0,10.0,13.303360384424293,7.290141215315016,0.7580873010049486,0.012,True
prospective_75162676_target_anchor_71908906,75162676,71908906,BP.GHIB.DP1,BP.GHIB.40.DP1,BP.GHIB.40.DP1,40,40,GHIB,DP1,250.0,5.0-20.0Hz,5.0,20.0,13.082771785420308,10.315586612423735,0.56111121041774,0.008,True
prospective_75162676_target_anchor_71908906,75162676,71908906,BP.GHIB.DP1,BP.GHIB.40.DP1,BP.GHIB.40.DP1,40,40,GHIB,DP1,250.0,10.0-40.0Hz,10.0,40.0,12.76515192063067,13.182036155961304,0.5730527272923918,0.004,True
prospective_75162676_target_anchor_71908906,75162676,71908906,BP.GHIB.DP1,BP.GHIB.40.DP1,BP.GHIB.40.DP1,40,40,GHIB,DP1,250.0,2.0-40.0Hz,2.0,40.0,13.368745217960555,8.481970626389726,0.6860834768817606,0.008,True
prospective_75162676_target_anchor_71908906,75162676,71908906,BP.GHIB.DP3,BP.GHIB.40.DP3,BP.GHIB.40.DP3,40,40,GHIB,DP3,250.0,2.0-10.0Hz,2.0,10.0,3.1995172387773203,1.9012002170503755,0.6660452024949413,0.02,False
prospective_75162676_target_anchor_71908906,75162676,71908906,BP.GHIB.DP3,BP.GHIB.40.DP3,BP.GHIB.40.DP3,40,40,GHIB,DP3,250.0,5.0-20.0Hz,5.0,20.0,3.094413768189499,2.0776435309706045,0.4081076214934826,0.008,False
prospective_75162676_target_anchor_71908906,75162676,71908906,BP.GHIB.DP3,BP.GHIB.40.DP3,BP.GHIB.40.DP3,40,40,GHIB,DP3,250.0,10.0-40.0Hz,10.0,40.0,1.730076961246688,2.167457280214142,0.26493760961812685,0.004,False
prospective_75162676_target_anchor_71908906,75162676,71908906,BP.GHIB.DP3,BP.GHIB.40.DP3,BP.GHIB.40.DP3,40,40,GHIB,DP3,250.0,2.0-40.0Hz,2.0,40.0,2.6835618004967583,2.003318196129982,0.5633849278020036,0.012,False
prospective_75162676_target_anchor_71908906,75162676,71908906,BP.JCNB.DP1,BP.JCNB.40.DP1,BP.JCNB.40.DP1,40,40,JCNB,DP1,250.0,2.0-10.0Hz,2.0,10.0,72.83828589921869,179.3318853747299,0.5645065757765187,0.388,True
prospective_75162676_target_anchor_71908906,75162676,71908906,BP.JCNB.DP1,BP.JCNB.40.DP1,BP.JCNB.40.DP1,40,40,JCNB,DP1,250.0,5.0-20.0Hz,5.0,20.0,76.05023390921728,34.99047400357587,0.3637141294325111,0.384,True
prospective_75162676_target_anchor_71908906,75162676,71908906,BP.JCNB.DP1,BP.JCNB.40.DP1,BP.JCNB.40.DP1,40,40,JCNB,DP1,250.0,10.0-40.0Hz,10.0,40.0,32.82514140701874,24.25888546228507,0.27649318541974927,0.212,True
prospective_75162676_target_anchor_71908906,75162676,71908906,BP.JCNB.DP1,BP.JCNB.40.DP1,BP.JCNB.40.DP1,40,40,JCNB,DP1,250.0,2.0-40.0Hz,2.0,40.0,48.879799609862204,31.778246423956034,0.34333114670714077,0.384,True
prospective_75162676_target_anchor_71908906,75162676,71908906,BP.JCNB.DP2,BP.JCNB.40.DP2,BP.JCNB.40.DP2,40,40,JCNB,DP2,250.0,2.0-10.0Hz,2.0,10.0,82.24490228289466,104.28631516837753,0.41355323416117157,0.384,True
prospective_75162676_target_anchor_71908906,75162676,71908906,BP.JCNB.DP2,BP.JCNB.40.DP2,BP.JCNB.40.DP2,40,40,JCNB,DP2,250.0,5.0-20.0Hz,5.0,20.0,53.92450992980082,94.07565428080798,0.19635555515694578,0.404,True
prospective_75162676_target_anchor_71908906,75162676,71908906,BP.JCNB.DP2,BP.JCNB.40.DP2,BP.JCNB.40.DP2,40,40,JCNB,DP2,250.0,10.0-40.0Hz,10.0,40.0,34.89314664250108,74.77000976537718,0.15338620879625617,0.404,True
prospective_75162676_target_anchor_71908906,75162676,71908906,BP.JCNB.DP2,BP.JCNB.40.DP2,BP.JCNB.40.DP2,40,40,JCNB,DP2,250.0,2.0-40.0Hz,2.0,40.0,43.3790813566899,77.80753552832495,0.18249750855581717,0.404,True
prospective_75162676_target_anchor_71908906,75162676,71908906,BP.JCNB.DP3,BP.JCNB.40.DP3,BP.JCNB.40.DP3,40,40,JCNB,DP3,250.0,2.0-10.0Hz,2.0,10.0,120.04002339899577,65.2839387045384,0.3177165707058086,-0.192,True
prospective_75162676_target_anchor_71908906,75162676,71908906,BP.JCNB.DP3,BP.JCNB.40.DP3,BP.JCNB.40.DP3,40,40,JCNB,DP3,250.0,5.0-20.0Hz,5.0,20.0,74.85490247260772,72.72401880810787,0.23133037895740077,-0.196,True
prospective_75162676_target_anchor_71908906,75162676,71908906,BP.JCNB.DP3,BP.JCNB.40.DP3,BP.JCNB.40.DP3,40,40,JCNB,DP3,250.0,10.0-40.0Hz,10.0,40.0,59.636067767689894,31.87504252324032,0.18425530513227364,0.084,True
prospective_75162676_target_anchor_71908906,75162676,71908906,BP.JCNB.DP3,BP.JCNB.40.DP3,BP.JCNB.40.DP3,40,40,JCNB,DP3,250.0,2.0-40.0Hz,2.0,40.0,69.80037267788943,43.19837844145745,0.22028512640662629,-0.196,True
prospective_75162676_target_anchor_71908906,75162676,71908906,BP.JCSB.DP1,BP.JCSB.40.DP1,BP.JCSB.40.DP1,40,40,JCSB,DP1,250.0,2.0-10.0Hz,2.0,10.0,307.4287040029274,92.5952828267075,0.8431277962593763,0.024,True
prospective_75162676_target_anchor_71908906,75162676,71908906,BP.JCSB.DP1,BP.JCSB.40.DP1,BP.JCSB.40.DP1,40,40,JCSB,DP1,250.0,5.0-20.0Hz,5.0,20.0,244.46155991866885,79.31301561363894,0.6647466280802307,0.012,True
prospective_75162676_target_anchor_71908906,75162676,71908906,BP.JCSB.DP1,BP.JCSB.40.DP1,BP.JCSB.40.DP1,40,40,JCSB,DP1,250.0,10.0-40.0Hz,10.0,40.0,163.85048520342144,49.2741242090608,0.5958724218788485,0.008,True
prospective_75162676_target_anchor_71908906,75162676,71908906,BP.JCSB.DP1,BP.JCSB.40.DP1,BP.JCSB.40.DP1,40,40,JCSB,DP1,250.0,2.0-40.0Hz,2.0,40.0,241.55789341549237,73.38374203735415,0.7148866132612465,0.016,True
prospective_75162676_target_anchor_71908906,75162676,71908906,BP.JCSB.DP2,BP.JCSB.40.DP2,BP.JCSB.40.DP2,40,40,JCSB,DP2,250.0,2.0-10.0Hz,2.0,10.0,2.4566318128409033,1.4188224250848673,0.08178149088308707,0.416,False
prospective_75162676_target_anchor_71908906,75162676,71908906,BP.JCSB.DP2,BP.JCSB.40.DP2,BP.JCSB.40.DP2,40,40,JCSB,DP2,250.0,5.0-20.0Hz,5.0,20.0,5.9588437048904,1.0654814768833234,0.15016359450726532,0.124,False
prospective_75162676_target_anchor_71908906,75162676,71908906,BP.JCSB.DP2,BP.JCSB.40.DP2,BP.JCSB.40.DP2,40,40,JCSB,DP2,250.0,10.0-40.0Hz,10.0,40.0,9.25434205138897,1.0342693792324142,0.14773529261482285,0.128,False
prospective_75162676_target_anchor_71908906,75162676,71908906,BP.JCSB.DP2,BP.JCSB.40.DP2,BP.JCSB.40.DP2,40,40,JCSB,DP2,250.0,2.0-40.0Hz,2.0,40.0,5.979302471116382,1.3328383616402213,0.05551292281260976,-0.316,False
prospective_75162676_target_anchor_71908906,75162676,71908906,BP.JCSB.DP3,BP.JCSB.40.DP3,BP.JCSB.40.DP3,40,40,JCSB,DP3,250.0,2.0-10.0Hz,2.0,10.0,9.689688615862284,0.7987471003148984,0.010350399243621895,-0.432,False
prospective_75162676_target_anchor_71908906,75162676,71908906,BP.JCSB.DP3,BP.JCSB.40.DP3,BP.JCSB.40.DP3,40,40,JCSB,DP3,250.0,5.0-20.0Hz,5.0,20.0,15.27811814525994,0.7947183209966747,0.006136581675228856,0.0,False
prospective_75162676_target_anchor_71908906,75162676,71908906,BP.JCSB.DP3,BP.JCSB.40.DP3,BP.JCSB.40.DP3,40,40,JCSB,DP3,250.0,10.0-40.0Hz,10.0,40.0,15.236505303300502,0.9913501680440678,0.003191382617566372,-0.26,False
prospective_75162676_target_anchor_71908906,75162676,71908906,BP.JCSB.DP3,BP.JCSB.40.DP3,BP.JCSB.40.DP3,40,40,JCSB,DP3,250.0,2.0-40.0Hz,2.0,40.0,13.6406943521969,0.7947191735726994,0.007299783618189289,0.004,False
prospective_75162676_target_anchor_71908906,75162676,71908906,BP.LCCB.DP1,BP.LCCB.40.DP1,BP.LCCB.40.DP1,40,40,LCCB,DP1,250.0,2.0-10.0Hz,2.0,10.0,402.4307798841961,388.6230980745358,0.6777419216532014,0.048,True
prospective_75162676_target_anchor_71908906,75162676,71908906,BP.LCCB.DP1,BP.LCCB.40.DP1,BP.LCCB.40.DP1,40,40,LCCB,DP1,250.0,5.0-20.0Hz,5.0,20.0,592.5121389476163,655.2146760035791,0.5412042034222304,0.056,True
prospective_75162676_target_anchor_71908906,75162676,71908906,BP.LCCB.DP1,BP.LCCB.40.DP1,BP.LCCB.40.DP1,40,40,LCCB,DP1,250.0,10.0-40.0Hz,10.0,40.0,561.4919022722461,665.3380673771434,0.3920249703498888,0.064,True
prospective_75162676_target_anchor_71908906,75162676,71908906,BP.LCCB.DP1,BP.LCCB.40.DP1,BP.LCCB.40.DP1,40,40,LCCB,DP1,250.0,2.0-40.0Hz,2.0,40.0,442.98400332935375,456.5823960969983,0.5442023392123123,0.056,True
prospective_75162676_target_anchor_71908906,75162676,71908906,BP.LCCB.DP2,BP.LCCB.40.DP2,BP.LCCB.40.DP2,40,40,LCCB,DP2,250.0,2.0-10.0Hz,2.0,10.0,217.61248764229558,370.25244285661216,0.8547823698853119,0.048,True
prospective_75162676_target_anchor_71908906,75162676,71908906,BP.LCCB.DP2,BP.LCCB.40.DP2,BP.LCCB.40.DP2,40,40,LCCB,DP2,250.0,5.0-20.0Hz,5.0,20.0,288.6868371510941,337.05446507747877,0.5756103384191561,0.052,True
prospective_75162676_target_anchor_71908906,75162676,71908906,BP.LCCB.DP2,BP.LCCB.40.DP2,BP.LCCB.40.DP2,40,40,LCCB,DP2,250.0,10.0-40.0Hz,10.0,40.0,187.92434618222296,209.63458291298872,0.29479609219707903,0.056,True
prospective_75162676_target_anchor_71908906,75162676,71908906,BP.LCCB.DP2,BP.LCCB.40.DP2,BP.LCCB.40.DP2,40,40,LCCB,DP2,250.0,2.0-40.0Hz,2.0,40.0,205.1574699765322,252.40047063122205,0.512644412172486,0.052,True
prospective_75162676_target_anchor_71908906,75162676,71908906,BP.LCCB.DP3,BP.LCCB.40.DP3,BP.LCCB.40.DP3,40,40,LCCB,DP3,250.0,2.0-10.0Hz,2.0,10.0,498.9166444659388,383.39904025959527,0.7735636432985324,0.056,True
prospective_75162676_target_anchor_71908906,75162676,71908906,BP.LCCB.DP3,BP.LCCB.40.DP3,BP.LCCB.40.DP3,40,40,LCCB,DP3,250.0,5.0-20.0Hz,5.0,20.0,624.965654618135,534.0995998202474,0.5387608069422039,0.06,True
prospective_75162676_target_anchor_71908906,75162676,71908906,BP.LCCB.DP3,BP.LCCB.40.DP3,BP.LCCB.40.DP3,40,40,LCCB,DP3,250.0,10.0-40.0Hz,10.0,40.0,564.8806158003958,427.82652860976685,0.34911626300617665,0.064,True
prospective_75162676_target_anchor_71908906,75162676,71908906,BP.LCCB.DP3,BP.LCCB.40.DP3,BP.LCCB.40.DP3,40,40,LCCB,DP3,250.0,2.0-40.0Hz,2.0,40.0,521.9539684586946,408.7900835376638,0.6082536027696344,0.06,True
prospective_75162676_target_anchor_71908906,75162676,71908906,BP.MMNB.DP1,BP.MMNB.40.DP1,BP.MMNB.40.DP1,40,40,MMNB,DP1,250.0,2.0-10.0Hz,2.0,10.0,258.48323438450103,273.5856889250183,0.753345180812498,0.048,True
prospective_75162676_target_anchor_71908906,75162676,71908906,BP.MMNB.DP1,BP.MMNB.40.DP1,BP.MMNB.40.DP1,40,40,MMNB,DP1,250.0,5.0-20.0Hz,5.0,20.0,405.87047879801344,404.4541030243997,0.6614485873364119,0.044,True
prospective_75162676_target_anchor_71908906,75162676,71908906,BP.MMNB.DP1,BP.MMNB.40.DP1,BP.MMNB.40.DP1,40,40,MMNB,DP1,250.0,10.0-40.0Hz,10.0,40.0,232.63211641250865,305.8036136760161,0.4225848813963175,0.04,True
prospective_75162676_target_anchor_71908906,75162676,71908906,BP.MMNB.DP1,BP.MMNB.40.DP1,BP.MMNB.40.DP1,40,40,MMNB,DP1,250.0,2.0-40.0Hz,2.0,40.0,267.78895411816666,290.75465099748584,0.6766972775028117,0.044,True
prospective_75162676_target_anchor_71908906,75162676,71908906,BP.MMNB.DP2,BP.MMNB.40.DP2,BP.MMNB.40.DP2,40,40,MMNB,DP2,250.0,2.0-10.0Hz,2.0,10.0,265.8232717045795,201.6483809082031,0.7920860796748287,0.032,True
prospective_75162676_target_anchor_71908906,75162676,71908906,BP.MMNB.DP2,BP.MMNB.40.DP2,BP.MMNB.40.DP2,40,40,MMNB,DP2,250.0,5.0-20.0Hz,5.0,20.0,369.47386962936804,412.1440051018812,0.6757401623026768,0.028,True
prospective_75162676_target_anchor_71908906,75162676,71908906,BP.MMNB.DP2,BP.MMNB.40.DP2,BP.MMNB.40.DP2,40,40,MMNB,DP2,250.0,10.0-40.0Hz,10.0,40.0,241.4044767643785,250.58337402843787,0.3952779467916241,-0.164,True
prospective_75162676_target_anchor_71908906,75162676,71908906,BP.MMNB.DP2,BP.MMNB.40.DP2,BP.MMNB.40.DP2,40,40,MMNB,DP2,250.0,2.0-40.0Hz,2.0,40.0,277.70780666412065,234.32330630076984,0.6855428248920847,0.028,True
prospective_75162676_target_anchor_71908906,75162676,71908906,BP.MMNB.DP3,BP.MMNB.40.DP3,BP.MMNB.40.DP3,40,40,MMNB,DP3,250.0,2.0-10.0Hz,2.0,10.0,305.32013643149514,298.3604612906935,0.7179128852799216,0.04,True
prospective_75162676_target_anchor_71908906,75162676,71908906,BP.MMNB.DP3,BP.MMNB.40.DP3,BP.MMNB.40.DP3,40,40,MMNB,DP3,250.0,5.0-20.0Hz,5.0,20.0,496.72792841539865,524.1423822912448,0.7346926216941255,0.036,True
prospective_75162676_target_anchor_71908906,75162676,71908906,BP.MMNB.DP3,BP.MMNB.40.DP3,BP.MMNB.40.DP3,40,40,MMNB,DP3,250.0,10.0-40.0Hz,10.0,40.0,392.10854349985465,435.80131110191724,0.6687018203755108,0.032,True
prospective_75162676_target_anchor_71908906,75162676,71908906,BP.MMNB.DP3,BP.MMNB.40.DP3,BP.MMNB.40.DP3,40,40,MMNB,DP3,250.0,2.0-40.0Hz,2.0,40.0,347.46602644648436,363.99500967387695,0.7016466228240652,0.036,True
prospective_75162676_target_anchor_71908906,75162676,71908906,BP.SCYB.DP1,BP.SCYB.40.DP1,BP.SCYB.40.DP1,40,40,SCYB,DP1,250.0,2.0-10.0Hz,2.0,10.0,377.5358857724856,424.77326971623563,0.41093224451986127,0.064,True
prospective_75162676_target_anchor_71908906,75162676,71908906,BP.SCYB.DP1,BP.SCYB.40.DP1,BP.SCYB.40.DP1,40,40,SCYB,DP1,250.0,5.0-20.0Hz,5.0,20.0,636.4602051035115,698.9145956646441,0.3277151740109128,-0.044,True
prospective_75162676_target_anchor_71908906,75162676,71908906,BP.SCYB.DP1,BP.SCYB.40.DP1,BP.SCYB.40.DP1,40,40,SCYB,DP1,250.0,10.0-40.0Hz,10.0,40.0,560.6241453706614,552.5651222182054,0.36230064692028097,0.136,True
prospective_75162676_target_anchor_71908906,75162676,71908906,BP.SCYB.DP1,BP.SCYB.40.DP1,BP.SCYB.40.DP1,40,40,SCYB,DP1,250.0,2.0-40.0Hz,2.0,40.0,421.09150067746106,489.33150116705906,0.3607246449415704,0.052,True
prospective_75162676_target_anchor_71908906,75162676,71908906,BP.SCYB.DP2,BP.SCYB.40.DP2,BP.SCYB.40.DP2,40,40,SCYB,DP2,250.0,2.0-10.0Hz,2.0,10.0,356.9181034464445,492.4760993473577,0.6626807958121715,0.068,True
prospective_75162676_target_anchor_71908906,75162676,71908906,BP.SCYB.DP2,BP.SCYB.40.DP2,BP.SCYB.40.DP2,40,40,SCYB,DP2,250.0,5.0-20.0Hz,5.0,20.0,574.4377792623999,531.0463618609729,0.4399531997827298,0.06,True
prospective_75162676_target_anchor_71908906,75162676,71908906,BP.SCYB.DP2,BP.SCYB.40.DP2,BP.SCYB.40.DP2,40,40,SCYB,DP2,250.0,10.0-40.0Hz,10.0,40.0,366.65966162272923,391.801906022864,0.40596866500753903,-0.032,True
prospective_75162676_target_anchor_71908906,75162676,71908906,BP.SCYB.DP2,BP.SCYB.40.DP2,BP.SCYB.40.DP2,40,40,SCYB,DP2,250.0,2.0-40.0Hz,2.0,40.0,364.20229760497404,480.4006635118822,0.5905864112655624,0.064,True
prospective_75162676_target_anchor_71908906,75162676,71908906,BP.SCYB.DP3,BP.SCYB.40.DP3,BP.SCYB.40.DP3,40,40,SCYB,DP3,250.0,2.0-10.0Hz,2.0,10.0,433.8665380276141,376.9747811525326,0.5437272169581326,0.068,True
prospective_75162676_target_anchor_71908906,75162676,71908906,BP.SCYB.DP3,BP.SCYB.40.DP3,BP.SCYB.40.DP3,40,40,SCYB,DP3,250.0,5.0-20.0Hz,5.0,20.0,652.177002542663,568.7048078389416,0.34157417170598003,-0.328,True
prospective_75162676_target_anchor_71908906,75162676,71908906,BP.SCYB.DP3,BP.SCYB.40.DP3,BP.SCYB.40.DP3,40,40,SCYB,DP3,250.0,10.0-40.0Hz,10.0,40.0,434.73226261493954,364.306042693082,0.282953747740581,-0.324,True
prospective_75162676_target_anchor_71908906,75162676,71908906,BP.SCYB.DP3,BP.SCYB.40.DP3,BP.SCYB.40.DP3,40,40,SCYB,DP3,250.0,2.0-40.0Hz,2.0,40.0,445.82445155236326,382.4723035116476,0.4621067951141118,0.064,True
prospective_75162676_target_anchor_71908906,75162676,71908906,BP.SMNB.DP1,BP.SMNB.40.DP1,BP.SMNB.40.DP1,40,40,SMNB,DP1,250.0,2.0-10.0Hz,2.0,10.0,362.0911290506253,105.34028382348525,0.6697857157252987,0.032,True
prospective_75162676_target_anchor_71908906,75162676,71908906,BP.SMNB.DP1,BP.SMNB.40.DP1,BP.SMNB.40.DP1,40,40,SMNB,DP1,250.0,5.0-20.0Hz,5.0,20.0,355.5385338636308,162.9353957636392,0.36927815363139954,0.028,True
prospective_75162676_target_anchor_71908906,75162676,71908906,BP.SMNB.DP1,BP.SMNB.40.DP1,BP.SMNB.40.DP1,40,40,SMNB,DP1,250.0,10.0-40.0Hz,10.0,40.0,415.3917037323956,391.6775460224132,0.166280399882034,-0.396,True
prospective_75162676_target_anchor_71908906,75162676,71908906,BP.SMNB.DP1,BP.SMNB.40.DP1,BP.SMNB.40.DP1,40,40,SMNB,DP1,250.0,2.0-40.0Hz,2.0,40.0,379.88138712688715,169.77321474093586,0.3263727065720478,0.024,True
prospective_75162676_target_anchor_71908906,75162676,71908906,BP.SMNB.DP2,BP.SMNB.40.DP2,BP.SMNB.40.DP2,40,40,SMNB,DP2,250.0,2.0-10.0Hz,2.0,10.0,341.3531695909278,243.03478847790504,0.649248333752234,0.04,True
prospective_75162676_target_anchor_71908906,75162676,71908906,BP.SMNB.DP2,BP.SMNB.40.DP2,BP.SMNB.40.DP2,40,40,SMNB,DP2,250.0,5.0-20.0Hz,5.0,20.0,346.40569537861614,340.5343749183016,0.3177967582056937,0.032,True
prospective_75162676_target_anchor_71908906,75162676,71908906,BP.SMNB.DP2,BP.SMNB.40.DP2,BP.SMNB.40.DP2,40,40,SMNB,DP2,250.0,10.0-40.0Hz,10.0,40.0,430.81798537044386,481.42502087639986,0.17973967880178324,0.024,True
prospective_75162676_target_anchor_71908906,75162676,71908906,BP.SMNB.DP2,BP.SMNB.40.DP2,BP.SMNB.40.DP2,40,40,SMNB,DP2,250.0,2.0-40.0Hz,2.0,40.0,368.7202261144637,364.11505856959803,0.3049545919082522,0.028,True
prospective_75162676_target_anchor_71908906,75162676,71908906,BP.SMNB.DP3,BP.SMNB.40.DP3,BP.SMNB.40.DP3,40,40,SMNB,DP3,250.0,2.0-10.0Hz,2.0,10.0,278.69231130944246,275.86870322940007,0.6562512156155675,0.04,True
prospective_75162676_target_anchor_71908906,75162676,71908906,BP.SMNB.DP3,BP.SMNB.40.DP3,BP.SMNB.40.DP3,40,40,SMNB,DP3,250.0,5.0-20.0Hz,5.0,20.0,411.7982161886857,485.1493650646095,0.33759919399150273,0.02,True
prospective_75162676_target_anchor_71908906,75162676,71908906,BP.SMNB.DP3,BP.SMNB.40.DP3,BP.SMNB.40.DP3,40,40,SMNB,DP3,250.0,10.0-40.0Hz,10.0,40.0,625.5838423645876,833.9828321660225,0.30261227116132555,0.024,True
prospective_75162676_target_anchor_71908906,75162676,71908906,BP.SMNB.DP3,BP.SMNB.40.DP3,BP.SMNB.40.DP3,40,40,SMNB,DP3,250.0,2.0-40.0Hz,2.0,40.0,395.0587067329079,533.6046788214626,0.3555159865227475,0.024,True
prospective_75162676_target_anchor_71908906,75162676,71908906,BP.VARB.DP1,BP.VARB.40.DP1,BP.VARB.40.DP1,40,40,VARB,DP1,250.0,2.0-10.0Hz,2.0,10.0,128.41078779083318,98.48403114243332,0.8237413780388222,0.02,True
prospective_75162676_target_anchor_71908906,75162676,71908906,BP.VARB.DP1,BP.VARB.40.DP1,BP.VARB.40.DP1,40,40,VARB,DP1,250.0,5.0-20.0Hz,5.0,20.0,137.29136796855022,62.16092451175098,0.6990207420481642,0.02,True
prospective_75162676_target_anchor_71908906,75162676,71908906,BP.VARB.DP1,BP.VARB.40.DP1,BP.VARB.40.DP1,40,40,VARB,DP1,250.0,10.0-40.0Hz,10.0,40.0,65.84465635759197,39.68791907788671,0.34858019257205014,0.016,True
prospective_75162676_target_anchor_71908906,75162676,71908906,BP.VARB.DP1,BP.VARB.40.DP1,BP.VARB.40.DP1,40,40,VARB,DP1,250.0,2.0-40.0Hz,2.0,40.0,106.17632346767766,71.14531877295983,0.7306849008848687,0.02,True
prospective_75162676_target_anchor_71908906,75162676,71908906,BP.VARB.DP2,BP.VARB.40.DP2,BP.VARB.40.DP2,40,40,VARB,DP2,250.0,2.0-10.0Hz,2.0,10.0,0.9287842595270394,47.988367806134995,0.12575096163282304,-0.084,False
prospective_75162676_target_anchor_71908906,75162676,71908906,BP.VARB.DP2,BP.VARB.40.DP2,BP.VARB.40.DP2,40,40,VARB,DP2,250.0,5.0-20.0Hz,5.0,20.0,0.8301893733338731,29.941029474321827,0.10799468003438543,0.336,False
prospective_75162676_target_anchor_71908906,75162676,71908906,BP.VARB.DP2,BP.VARB.40.DP2,BP.VARB.40.DP2,40,40,VARB,DP2,250.0,10.0-40.0Hz,10.0,40.0,0.9163386729936629,23.866638915919804,0.10670803780521763,0.056,False
prospective_75162676_target_anchor_71908906,75162676,71908906,BP.VARB.DP2,BP.VARB.40.DP2,BP.VARB.40.DP2,40,40,VARB,DP2,250.0,2.0-40.0Hz,2.0,40.0,0.9152411836279046,26.0806686704681,0.0833892070203796,0.152,False
prospective_75162676_target_anchor_71908906,75162676,71908906,BP.VARB.DP3,BP.VARB.40.DP3,BP.VARB.40.DP3,40,40,VARB,DP3,250.0,2.0-10.0Hz,2.0,10.0,194.11853231917235,105.45798373683604,0.6549277525640763,0.028,True
prospective_75162676_target_anchor_71908906,75162676,71908906,BP.VARB.DP3,BP.VARB.40.DP3,BP.VARB.40.DP3,40,40,VARB,DP3,250.0,5.0-20.0Hz,5.0,20.0,183.83378842532244,67.88680895048597,0.508105628208262,0.024,True
prospective_75162676_target_anchor_71908906,75162676,71908906,BP.VARB.DP3,BP.VARB.40.DP3,BP.VARB.40.DP3,40,40,VARB,DP3,250.0,10.0-40.0Hz,10.0,40.0,70.98303147613986,39.50469896343013,0.306519961082241,0.016,True
prospective_75162676_target_anchor_71908906,75162676,71908906,BP.VARB.DP3,BP.VARB.40.DP3,BP.VARB.40.DP3,40,40,VARB,DP3,250.0,2.0-40.0Hz,2.0,40.0,153.74742203302964,73.11025545514582,0.5847818024185292,0.028,True
prospective_75162676_target_anchor_71908906,75162676,71908906,NC.PSM.EHE,NC.PSM..EHE,NC.PSM..EHE,,,PSM,EHE,100.0,2.0-10.0Hz,2.0,10.0,1.1393064431846116,251.57587798609362,0.1494019916539255,-0.21,False
prospective_75162676_target_anchor_71908906,75162676,71908906,NC.PSM.EHE,NC.PSM..EHE,NC.PSM..EHE,,,PSM,EHE,100.0,5.0-20.0Hz,5.0,20.0,1.074349396554206,268.0700771061136,0.1375252763522681,-0.21,False
prospective_75162676_target_anchor_71908906,75162676,71908906,NC.PSM.EHE,NC.PSM..EHE,NC.PSM..EHE,,,PSM,EHE,100.0,10.0-40.0Hz,10.0,40.0,1.000787992981925,57.170119769256274,0.09216926185192707,-0.04,False
prospective_75162676_target_anchor_71908906,75162676,71908906,NC.PSM.EHE,NC.PSM..EHE,NC.PSM..EHE,,,PSM,EHE,100.0,2.0-40.0Hz,2.0,40.0,1.0374065793293283,205.27363818220175,0.09058983337215756,-0.21,False
prospective_75162676_target_anchor_71908906,75162676,71908906,NC.PSM.EHN,NC.PSM..EHN,NC.PSM..EHN,,,PSM,EHN,100.0,2.0-10.0Hz,2.0,10.0,377.24860995562415,331.28703737128865,0.831524709865582,-0.04,True
prospective_75162676_target_anchor_71908906,75162676,71908906,NC.PSM.EHN,NC.PSM..EHN,NC.PSM..EHN,,,PSM,EHN,100.0,5.0-20.0Hz,5.0,20.0,328.0420899801177,232.19793777907023,0.619857353039504,-0.04,True
prospective_75162676_target_anchor_71908906,75162676,71908906,NC.PSM.EHN,NC.PSM..EHN,NC.PSM..EHN,,,PSM,EHN,100.0,10.0-40.0Hz,10.0,40.0,82.73894635053394,64.54766349419552,0.4463462975260571,-0.02,True
prospective_75162676_target_anchor_71908906,75162676,71908906,NC.PSM.EHN,NC.PSM..EHN,NC.PSM..EHN,,,PSM,EHN,100.0,2.0-40.0Hz,2.0,40.0,287.4071776422571,252.6120612829873,0.7964682833794862,-0.04,True
prospective_75162676_target_anchor_71908906,75162676,71908906,NC.PSM.EHZ,NC.PSM..EHZ,NC.PSM..EHZ,,,PSM,EHZ,100.0,2.0-10.0Hz,2.0,10.0,550.6377117218252,307.2606354011406,0.8686800920063182,-0.03,True
prospective_75162676_target_anchor_71908906,75162676,71908906,NC.PSM.EHZ,NC.PSM..EHZ,NC.PSM..EHZ,,,PSM,EHZ,100.0,5.0-20.0Hz,5.0,20.0,510.19097607951335,262.2829261588481,0.8107007717547435,-0.03,True
prospective_75162676_target_anchor_71908906,75162676,71908906,NC.PSM.EHZ,NC.PSM..EHZ,NC.PSM..EHZ,,,PSM,EHZ,100.0,10.0-40.0Hz,10.0,40.0,78.87636952007017,68.24036308896693,0.46220385863781127,-0.02,True
prospective_75162676_target_anchor_71908906,75162676,71908906,NC.PSM.EHZ,NC.PSM..EHZ,NC.PSM..EHZ,,,PSM,EHZ,100.0,2.0-40.0Hz,2.0,40.0,321.924350157581,230.90320134013052,0.8370218168459214,-0.03,True
prospective_75162676_target_anchor_72154411,75162676,72154411,BK.PKD.HHE,BK.PKD.00.HHE,BK.PKD.00.HHE,00,00,PKD,HHE,100.0,2.0-10.0Hz,2.0,10.0,127.97248127740053,208.58278561501086,0.5725239542419217,0.04,True
prospective_75162676_target_anchor_72154411,75162676,72154411,BK.PKD.HHE,BK.PKD.00.HHE,BK.PKD.00.HHE,00,00,PKD,HHE,100.0,5.0-20.0Hz,5.0,20.0,122.15028082208464,320.0887750958837,0.43934291260235264,0.04,True
prospective_75162676_target_anchor_72154411,75162676,72154411,BK.PKD.HHE,BK.PKD.00.HHE,BK.PKD.00.HHE,00,00,PKD,HHE,100.0,10.0-40.0Hz,10.0,40.0,65.72263294446648,183.6041769524881,0.32349403465131815,0.04,True
prospective_75162676_target_anchor_72154411,75162676,72154411,BK.PKD.HHE,BK.PKD.00.HHE,BK.PKD.00.HHE,00,00,PKD,HHE,100.0,2.0-40.0Hz,2.0,40.0,107.44752682273328,212.1055199270761,0.5108724695201708,0.04,True
prospective_75162676_target_anchor_72154411,75162676,72154411,BK.PKD.HHN,BK.PKD.00.HHN,BK.PKD.00.HHN,00,00,PKD,HHN,100.0,2.0-10.0Hz,2.0,10.0,132.68769908894228,212.19936744317755,0.533372878868836,0.05,True
prospective_75162676_target_anchor_72154411,75162676,72154411,BK.PKD.HHN,BK.PKD.00.HHN,BK.PKD.00.HHN,00,00,PKD,HHN,100.0,5.0-20.0Hz,5.0,20.0,152.8539611324188,411.51266098775875,0.3781097246375415,0.04,True
prospective_75162676_target_anchor_72154411,75162676,72154411,BK.PKD.HHN,BK.PKD.00.HHN,BK.PKD.00.HHN,00,00,PKD,HHN,100.0,10.0-40.0Hz,10.0,40.0,89.40103741110983,239.44507453566303,0.3355252939891064,0.03,True
prospective_75162676_target_anchor_72154411,75162676,72154411,BK.PKD.HHN,BK.PKD.00.HHN,BK.PKD.00.HHN,00,00,PKD,HHN,100.0,2.0-40.0Hz,2.0,40.0,119.85209132840174,228.35762056134425,0.42814571513686434,0.04,True
prospective_75162676_target_anchor_72154411,75162676,72154411,BK.PKD.HHZ,BK.PKD.00.HHZ,BK.PKD.00.HHZ,00,00,PKD,HHZ,100.0,2.0-10.0Hz,2.0,10.0,132.06901246624258,140.68613199531555,0.7665010773064983,0.04,True
prospective_75162676_target_anchor_72154411,75162676,72154411,BK.PKD.HHZ,BK.PKD.00.HHZ,BK.PKD.00.HHZ,00,00,PKD,HHZ,100.0,5.0-20.0Hz,5.0,20.0,117.6408831300506,326.6350922469997,0.47529784891016524,0.03,True
prospective_75162676_target_anchor_72154411,75162676,72154411,BK.PKD.HHZ,BK.PKD.00.HHZ,BK.PKD.00.HHZ,00,00,PKD,HHZ,100.0,10.0-40.0Hz,10.0,40.0,105.81500021506741,325.0297196422904,0.38983273155317794,0.03,True
prospective_75162676_target_anchor_72154411,75162676,72154411,BK.PKD.HHZ,BK.PKD.00.HHZ,BK.PKD.00.HHZ,00,00,PKD,HHZ,100.0,2.0-40.0Hz,2.0,40.0,116.06880922239898,205.9657628367687,0.5441728083936778,0.03,True
prospective_75162676_target_anchor_72154411,75162676,72154411,BP.CCRB.DP1,BP.CCRB.40.DP1,BP.CCRB.40.DP1,40,40,CCRB,DP1,250.0,2.0-10.0Hz,2.0,10.0,301.91272117206313,572.4838204920397,0.6258657657118135,0.048,True
prospective_75162676_target_anchor_72154411,75162676,72154411,BP.CCRB.DP1,BP.CCRB.40.DP1,BP.CCRB.40.DP1,40,40,CCRB,DP1,250.0,5.0-20.0Hz,5.0,20.0,594.0187614863313,2112.5343031014104,0.6842994300267058,0.036,True
prospective_75162676_target_anchor_72154411,75162676,72154411,BP.CCRB.DP1,BP.CCRB.40.DP1,BP.CCRB.40.DP1,40,40,CCRB,DP1,250.0,10.0-40.0Hz,10.0,40.0,978.0562460440489,2960.226382861448,0.755504004011032,0.032,True
prospective_75162676_target_anchor_72154411,75162676,72154411,BP.CCRB.DP1,BP.CCRB.40.DP1,BP.CCRB.40.DP1,40,40,CCRB,DP1,250.0,2.0-40.0Hz,2.0,40.0,607.4241710069349,1773.4327290665647,0.7017075059449555,0.032,True
prospective_75162676_target_anchor_72154411,75162676,72154411,BP.CCRB.DP2,BP.CCRB.40.DP2,BP.CCRB.40.DP2,40,40,CCRB,DP2,250.0,2.0-10.0Hz,2.0,10.0,350.469189345581,498.6879717180122,0.5922521183191104,0.052,True
prospective_75162676_target_anchor_72154411,75162676,72154411,BP.CCRB.DP2,BP.CCRB.40.DP2,BP.CCRB.40.DP2,40,40,CCRB,DP2,250.0,5.0-20.0Hz,5.0,20.0,466.6715835367498,1116.2469158304011,0.43980588022627587,0.044,True
prospective_75162676_target_anchor_72154411,75162676,72154411,BP.CCRB.DP2,BP.CCRB.40.DP2,BP.CCRB.40.DP2,40,40,CCRB,DP2,250.0,10.0-40.0Hz,10.0,40.0,438.08436668241615,1019.2889769069969,0.4674747075926616,0.036,True
prospective_75162676_target_anchor_72154411,75162676,72154411,BP.CCRB.DP2,BP.CCRB.40.DP2,BP.CCRB.40.DP2,40,40,CCRB,DP2,250.0,2.0-40.0Hz,2.0,40.0,374.9217539195652,718.1912335017189,0.42728567611823387,0.036,True
prospective_75162676_target_anchor_72154411,75162676,72154411,BP.CCRB.DP3,BP.CCRB.40.DP3,BP.CCRB.40.DP3,40,40,CCRB,DP3,250.0,2.0-10.0Hz,2.0,10.0,284.69218309689177,659.4461359271244,0.538912424649742,0.048,True
prospective_75162676_target_anchor_72154411,75162676,72154411,BP.CCRB.DP3,BP.CCRB.40.DP3,BP.CCRB.40.DP3,40,40,CCRB,DP3,250.0,5.0-20.0Hz,5.0,20.0,445.7601824944484,1324.243259733028,0.42969344429818207,0.04,True
prospective_75162676_target_anchor_72154411,75162676,72154411,BP.CCRB.DP3,BP.CCRB.40.DP3,BP.CCRB.40.DP3,40,40,CCRB,DP3,250.0,10.0-40.0Hz,10.0,40.0,667.4012932257992,1420.2795343342214,0.5016182157838812,0.036,True
prospective_75162676_target_anchor_72154411,75162676,72154411,BP.CCRB.DP3,BP.CCRB.40.DP3,BP.CCRB.40.DP3,40,40,CCRB,DP3,250.0,2.0-40.0Hz,2.0,40.0,386.670988049959,1043.156285384481,0.4446040482936479,0.036,True
prospective_75162676_target_anchor_72154411,75162676,72154411,BP.EADB.DP1,BP.EADB.40.DP1,BP.EADB.40.DP1,40,40,EADB,DP1,250.0,2.0-10.0Hz,2.0,10.0,57.00481785579136,56.13218635261917,0.8260828627994283,0.044,True
prospective_75162676_target_anchor_72154411,75162676,72154411,BP.EADB.DP1,BP.EADB.40.DP1,BP.EADB.40.DP1,40,40,EADB,DP1,250.0,5.0-20.0Hz,5.0,20.0,66.91832102848406,70.01757633861465,0.6196263879717953,0.036,True
prospective_75162676_target_anchor_72154411,75162676,72154411,BP.EADB.DP1,BP.EADB.40.DP1,BP.EADB.40.DP1,40,40,EADB,DP1,250.0,10.0-40.0Hz,10.0,40.0,48.851340842771656,36.46613454846028,0.4383699268931017,0.024,True
prospective_75162676_target_anchor_72154411,75162676,72154411,BP.EADB.DP1,BP.EADB.40.DP1,BP.EADB.40.DP1,40,40,EADB,DP1,250.0,2.0-40.0Hz,2.0,40.0,57.24918057653739,55.856866592544534,0.7441183494706286,0.04,True
prospective_75162676_target_anchor_72154411,75162676,72154411,BP.EADB.DP2,BP.EADB.40.DP2,BP.EADB.40.DP2,40,40,EADB,DP2,250.0,2.0-10.0Hz,2.0,10.0,112.75467658991322,97.47045891617876,0.8722228362275121,0.052,True
prospective_75162676_target_anchor_72154411,75162676,72154411,BP.EADB.DP2,BP.EADB.40.DP2,BP.EADB.40.DP2,40,40,EADB,DP2,250.0,5.0-20.0Hz,5.0,20.0,66.5330944850934,63.54543843077083,0.6058116334667362,0.04,True
prospective_75162676_target_anchor_72154411,75162676,72154411,BP.EADB.DP2,BP.EADB.40.DP2,BP.EADB.40.DP2,40,40,EADB,DP2,250.0,10.0-40.0Hz,10.0,40.0,44.46277757962682,27.076588856716825,0.529713906332855,0.028,True
prospective_75162676_target_anchor_72154411,75162676,72154411,BP.EADB.DP2,BP.EADB.40.DP2,BP.EADB.40.DP2,40,40,EADB,DP2,250.0,2.0-40.0Hz,2.0,40.0,103.80462373785568,77.95537933792461,0.7831872427652139,0.048,True
prospective_75162676_target_anchor_72154411,75162676,72154411,BP.EADB.DP3,BP.EADB.40.DP3,BP.EADB.40.DP3,40,40,EADB,DP3,250.0,2.0-10.0Hz,2.0,10.0,79.19550175308736,5.084828999795116,0.8407199117292413,0.052,True
prospective_75162676_target_anchor_72154411,75162676,72154411,BP.EADB.DP3,BP.EADB.40.DP3,BP.EADB.40.DP3,40,40,EADB,DP3,250.0,5.0-20.0Hz,5.0,20.0,68.83118434508162,1.9451008580469002,0.46364104010899126,0.036,False
prospective_75162676_target_anchor_72154411,75162676,72154411,BP.EADB.DP3,BP.EADB.40.DP3,BP.EADB.40.DP3,40,40,EADB,DP3,250.0,10.0-40.0Hz,10.0,40.0,42.48787339448238,1.107160319548804,0.24565284694302608,0.024,False
prospective_75162676_target_anchor_72154411,75162676,72154411,BP.EADB.DP3,BP.EADB.40.DP3,BP.EADB.40.DP3,40,40,EADB,DP3,250.0,2.0-40.0Hz,2.0,40.0,85.70434327806541,2.2072033626662217,0.669249741536665,0.056,False
prospective_75162676_target_anchor_72154411,75162676,72154411,BP.FROB.DP1,BP.FROB.40.DP1,BP.FROB.40.DP1,40,40,FROB,DP1,250.0,2.0-10.0Hz,2.0,10.0,19.94904510038278,5.722939461635899,0.5485733420684855,0.028,True
prospective_75162676_target_anchor_72154411,75162676,72154411,BP.FROB.DP1,BP.FROB.40.DP1,BP.FROB.40.DP1,40,40,FROB,DP1,250.0,5.0-20.0Hz,5.0,20.0,32.193854046424036,7.272788809539268,0.3765340183754724,0.024,True
prospective_75162676_target_anchor_72154411,75162676,72154411,BP.FROB.DP1,BP.FROB.40.DP1,BP.FROB.40.DP1,40,40,FROB,DP1,250.0,10.0-40.0Hz,10.0,40.0,32.64099813390236,8.177018143473815,0.2210643658437001,0.028,True
prospective_75162676_target_anchor_72154411,75162676,72154411,BP.FROB.DP1,BP.FROB.40.DP1,BP.FROB.40.DP1,40,40,FROB,DP1,250.0,2.0-40.0Hz,2.0,40.0,26.899169442106164,7.155621378426047,0.3275010226069587,0.024,True
prospective_75162676_target_anchor_72154411,75162676,72154411,BP.FROB.DP2,BP.FROB.40.DP2,BP.FROB.40.DP2,40,40,FROB,DP2,250.0,2.0-10.0Hz,2.0,10.0,22.5625557796754,4.784844442391704,0.653874131400458,0.044,True
prospective_75162676_target_anchor_72154411,75162676,72154411,BP.FROB.DP2,BP.FROB.40.DP2,BP.FROB.40.DP2,40,40,FROB,DP2,250.0,5.0-20.0Hz,5.0,20.0,35.4918173019049,9.64473702316851,0.28674286951784195,0.04,True
prospective_75162676_target_anchor_72154411,75162676,72154411,BP.FROB.DP2,BP.FROB.40.DP2,BP.FROB.40.DP2,40,40,FROB,DP2,250.0,10.0-40.0Hz,10.0,40.0,32.18125455909,19.416849153359056,0.16271399256261582,0.444,True
prospective_75162676_target_anchor_72154411,75162676,72154411,BP.FROB.DP2,BP.FROB.40.DP2,BP.FROB.40.DP2,40,40,FROB,DP2,250.0,2.0-40.0Hz,2.0,40.0,28.532661524601508,9.027749435886362,0.2859129783850945,0.032,True
prospective_75162676_target_anchor_72154411,75162676,72154411,BP.FROB.DP3,BP.FROB.40.DP3,BP.FROB.40.DP3,40,40,FROB,DP3,250.0,2.0-10.0Hz,2.0,10.0,32.25857721614305,15.515613548469657,0.6046884522500798,0.028,True
prospective_75162676_target_anchor_72154411,75162676,72154411,BP.FROB.DP3,BP.FROB.40.DP3,BP.FROB.40.DP3,40,40,FROB,DP3,250.0,5.0-20.0Hz,5.0,20.0,33.532037897088934,23.89901949930863,0.3984662383138559,0.028,True
prospective_75162676_target_anchor_72154411,75162676,72154411,BP.FROB.DP3,BP.FROB.40.DP3,BP.FROB.40.DP3,40,40,FROB,DP3,250.0,10.0-40.0Hz,10.0,40.0,23.08329990236022,32.440560669324555,0.166715948744654,0.024,True
prospective_75162676_target_anchor_72154411,75162676,72154411,BP.FROB.DP3,BP.FROB.40.DP3,BP.FROB.40.DP3,40,40,FROB,DP3,250.0,2.0-40.0Hz,2.0,40.0,27.705229156270875,19.345658422429747,0.4048180258618088,0.028,True
prospective_75162676_target_anchor_72154411,75162676,72154411,BP.GHIB.DP1,BP.GHIB.40.DP1,BP.GHIB.40.DP1,40,40,GHIB,DP1,250.0,2.0-10.0Hz,2.0,10.0,13.303360384424293,9.884206680862867,0.7494561589694897,0.028,True
prospective_75162676_target_anchor_72154411,75162676,72154411,BP.GHIB.DP1,BP.GHIB.40.DP1,BP.GHIB.40.DP1,40,40,GHIB,DP1,250.0,5.0-20.0Hz,5.0,20.0,13.082771785420308,20.883680646214852,0.556193977118372,0.024,True
prospective_75162676_target_anchor_72154411,75162676,72154411,BP.GHIB.DP1,BP.GHIB.40.DP1,BP.GHIB.40.DP1,40,40,GHIB,DP1,250.0,10.0-40.0Hz,10.0,40.0,12.76515192063067,15.47630969548618,0.5720220951213706,0.02,True
prospective_75162676_target_anchor_72154411,75162676,72154411,BP.GHIB.DP1,BP.GHIB.40.DP1,BP.GHIB.40.DP1,40,40,GHIB,DP1,250.0,2.0-40.0Hz,2.0,40.0,13.368745217960555,11.422631692014507,0.6820273920734057,0.024,True
prospective_75162676_target_anchor_72154411,75162676,72154411,BP.GHIB.DP3,BP.GHIB.40.DP3,BP.GHIB.40.DP3,40,40,GHIB,DP3,250.0,2.0-10.0Hz,2.0,10.0,3.1995172387773203,5.771009144948756,0.825374034080238,0.032,True
prospective_75162676_target_anchor_72154411,75162676,72154411,BP.GHIB.DP3,BP.GHIB.40.DP3,BP.GHIB.40.DP3,40,40,GHIB,DP3,250.0,5.0-20.0Hz,5.0,20.0,3.094413768189499,15.708621968240672,0.5095588972536247,0.024,True
prospective_75162676_target_anchor_72154411,75162676,72154411,BP.GHIB.DP3,BP.GHIB.40.DP3,BP.GHIB.40.DP3,40,40,GHIB,DP3,250.0,10.0-40.0Hz,10.0,40.0,1.730076961246688,13.017977506841275,0.30029982641501163,0.02,False
prospective_75162676_target_anchor_72154411,75162676,72154411,BP.GHIB.DP3,BP.GHIB.40.DP3,BP.GHIB.40.DP3,40,40,GHIB,DP3,250.0,2.0-40.0Hz,2.0,40.0,2.6835618004967583,6.691564756487841,0.677467619672029,0.028,False
prospective_75162676_target_anchor_72154411,75162676,72154411,BP.JCNB.DP1,BP.JCNB.40.DP1,BP.JCNB.40.DP1,40,40,JCNB,DP1,250.0,2.0-10.0Hz,2.0,10.0,72.83828589921869,152.0830760610662,0.5503730202874936,-0.104,True
prospective_75162676_target_anchor_72154411,75162676,72154411,BP.JCNB.DP1,BP.JCNB.40.DP1,BP.JCNB.40.DP1,40,40,JCNB,DP1,250.0,5.0-20.0Hz,5.0,20.0,76.05023390921728,157.35917582326263,0.4534798381129497,0.028,True
prospective_75162676_target_anchor_72154411,75162676,72154411,BP.JCNB.DP1,BP.JCNB.40.DP1,BP.JCNB.40.DP1,40,40,JCNB,DP1,250.0,10.0-40.0Hz,10.0,40.0,32.82514140701874,40.68891121741949,0.30857503925328306,0.032,True
prospective_75162676_target_anchor_72154411,75162676,72154411,BP.JCNB.DP1,BP.JCNB.40.DP1,BP.JCNB.40.DP1,40,40,JCNB,DP1,250.0,2.0-40.0Hz,2.0,40.0,48.879799609862204,67.72188848315149,0.45396951950810355,0.028,True
prospective_75162676_target_anchor_72154411,75162676,72154411,BP.JCNB.DP2,BP.JCNB.40.DP2,BP.JCNB.40.DP2,40,40,JCNB,DP2,250.0,2.0-10.0Hz,2.0,10.0,82.24490228289466,147.65456971088813,0.41035004112316753,0.396,True
prospective_75162676_target_anchor_72154411,75162676,72154411,BP.JCNB.DP2,BP.JCNB.40.DP2,BP.JCNB.40.DP2,40,40,JCNB,DP2,250.0,5.0-20.0Hz,5.0,20.0,53.92450992980082,132.41913818199663,0.1347303827546655,0.5,True
prospective_75162676_target_anchor_72154411,75162676,72154411,BP.JCNB.DP2,BP.JCNB.40.DP2,BP.JCNB.40.DP2,40,40,JCNB,DP2,250.0,10.0-40.0Hz,10.0,40.0,34.89314664250108,121.92276518797607,0.11723748112221415,0.08,True
prospective_75162676_target_anchor_72154411,75162676,72154411,BP.JCNB.DP2,BP.JCNB.40.DP2,BP.JCNB.40.DP2,40,40,JCNB,DP2,250.0,2.0-40.0Hz,2.0,40.0,43.3790813566899,123.16290914334172,0.11488606048598103,0.5,True
prospective_75162676_target_anchor_72154411,75162676,72154411,BP.JCNB.DP3,BP.JCNB.40.DP3,BP.JCNB.40.DP3,40,40,JCNB,DP3,250.0,2.0-10.0Hz,2.0,10.0,120.04002339899577,240.63459964136968,0.4807831056542125,-0.032,True
prospective_75162676_target_anchor_72154411,75162676,72154411,BP.JCNB.DP3,BP.JCNB.40.DP3,BP.JCNB.40.DP3,40,40,JCNB,DP3,250.0,5.0-20.0Hz,5.0,20.0,74.85490247260772,80.68623903451837,0.2626368294362839,0.276,True
prospective_75162676_target_anchor_72154411,75162676,72154411,BP.JCNB.DP3,BP.JCNB.40.DP3,BP.JCNB.40.DP3,40,40,JCNB,DP3,250.0,10.0-40.0Hz,10.0,40.0,59.636067767689894,61.514196947894355,0.27562978603586713,0.36,True
prospective_75162676_target_anchor_72154411,75162676,72154411,BP.JCNB.DP3,BP.JCNB.40.DP3,BP.JCNB.40.DP3,40,40,JCNB,DP3,250.0,2.0-40.0Hz,2.0,40.0,69.80037267788943,76.08224434430014,0.23091292005833572,0.28,True
prospective_75162676_target_anchor_72154411,75162676,72154411,BP.JCSB.DP1,BP.JCSB.40.DP1,BP.JCSB.40.DP1,40,40,JCSB,DP1,250.0,2.0-10.0Hz,2.0,10.0,307.4287040029274,392.56419131178984,0.8388542071758096,0.048,True
prospective_75162676_target_anchor_72154411,75162676,72154411,BP.JCSB.DP1,BP.JCSB.40.DP1,BP.JCSB.40.DP1,40,40,JCSB,DP1,250.0,5.0-20.0Hz,5.0,20.0,244.46155991866885,428.6848147700607,0.6592529567069914,0.036,True
prospective_75162676_target_anchor_72154411,75162676,72154411,BP.JCSB.DP1,BP.JCSB.40.DP1,BP.JCSB.40.DP1,40,40,JCSB,DP1,250.0,10.0-40.0Hz,10.0,40.0,163.85048520342144,251.10138972363671,0.5948206253556406,0.032,True
prospective_75162676_target_anchor_72154411,75162676,72154411,BP.JCSB.DP1,BP.JCSB.40.DP1,BP.JCSB.40.DP1,40,40,JCSB,DP1,250.0,2.0-40.0Hz,2.0,40.0,241.55789341549237,352.0787489937156,0.7071376720365509,0.04,True
prospective_75162676_target_anchor_72154411,75162676,72154411,BP.JCSB.DP2,BP.JCSB.40.DP2,BP.JCSB.40.DP2,40,40,JCSB,DP2,250.0,2.0-10.0Hz,2.0,10.0,2.4566318128409033,5.335738275194829,0.6667339661661517,0.044,False
prospective_75162676_target_anchor_72154411,75162676,72154411,BP.JCSB.DP2,BP.JCSB.40.DP2,BP.JCSB.40.DP2,40,40,JCSB,DP2,250.0,5.0-20.0Hz,5.0,20.0,5.9588437048904,10.84325234805489,0.6035573453953061,0.028,True
prospective_75162676_target_anchor_72154411,75162676,72154411,BP.JCSB.DP2,BP.JCSB.40.DP2,BP.JCSB.40.DP2,40,40,JCSB,DP2,250.0,10.0-40.0Hz,10.0,40.0,9.25434205138897,15.372505126087677,0.5821402244651059,0.028,True
prospective_75162676_target_anchor_72154411,75162676,72154411,BP.JCSB.DP2,BP.JCSB.40.DP2,BP.JCSB.40.DP2,40,40,JCSB,DP2,250.0,2.0-40.0Hz,2.0,40.0,5.979302471116382,11.560797834630742,0.5708034651012378,0.028,True
prospective_75162676_target_anchor_72154411,75162676,72154411,BP.JCSB.DP3,BP.JCSB.40.DP3,BP.JCSB.40.DP3,40,40,JCSB,DP3,250.0,2.0-10.0Hz,2.0,10.0,9.689688615862284,1.0280680091228738,0.27053862616038016,0.04,False
prospective_75162676_target_anchor_72154411,75162676,72154411,BP.JCSB.DP3,BP.JCSB.40.DP3,BP.JCSB.40.DP3,40,40,JCSB,DP3,250.0,5.0-20.0Hz,5.0,20.0,15.27811814525994,1.0878846870588845,0.44189990320620676,0.028,False
prospective_75162676_target_anchor_72154411,75162676,72154411,BP.JCSB.DP3,BP.JCSB.40.DP3,BP.JCSB.40.DP3,40,40,JCSB,DP3,250.0,10.0-40.0Hz,10.0,40.0,15.236505303300502,1.121619390497884,0.36659687761678406,0.032,False
prospective_75162676_target_anchor_72154411,75162676,72154411,BP.JCSB.DP3,BP.JCSB.40.DP3,BP.JCSB.40.DP3,40,40,JCSB,DP3,250.0,2.0-40.0Hz,2.0,40.0,13.6406943521969,1.070950301412965,0.3277423249136296,0.032,False
prospective_75162676_target_anchor_72154411,75162676,72154411,BP.LCCB.DP1,BP.LCCB.40.DP1,BP.LCCB.40.DP1,40,40,LCCB,DP1,250.0,2.0-10.0Hz,2.0,10.0,402.4307798841961,1001.8509223045113,0.6728765671299802,0.06,True
prospective_75162676_target_anchor_72154411,75162676,72154411,BP.LCCB.DP1,BP.LCCB.40.DP1,BP.LCCB.40.DP1,40,40,LCCB,DP1,250.0,5.0-20.0Hz,5.0,20.0,592.5121389476163,1920.2355947395904,0.5346575398989285,0.068,True
prospective_75162676_target_anchor_72154411,75162676,72154411,BP.LCCB.DP1,BP.LCCB.40.DP1,BP.LCCB.40.DP1,40,40,LCCB,DP1,250.0,10.0-40.0Hz,10.0,40.0,561.4919022722461,1447.3693267240874,0.39365576882460257,0.076,True
prospective_75162676_target_anchor_72154411,75162676,72154411,BP.LCCB.DP1,BP.LCCB.40.DP1,BP.LCCB.40.DP1,40,40,LCCB,DP1,250.0,2.0-40.0Hz,2.0,40.0,442.98400332935375,1156.0263265459116,0.5378042531034731,0.068,True
prospective_75162676_target_anchor_72154411,75162676,72154411,BP.LCCB.DP2,BP.LCCB.40.DP2,BP.LCCB.40.DP2,40,40,LCCB,DP2,250.0,2.0-10.0Hz,2.0,10.0,217.61248764229558,351.40914857732406,0.8597273806388646,0.06,True
prospective_75162676_target_anchor_72154411,75162676,72154411,BP.LCCB.DP2,BP.LCCB.40.DP2,BP.LCCB.40.DP2,40,40,LCCB,DP2,250.0,5.0-20.0Hz,5.0,20.0,288.6868371510941,381.51275111797696,0.5872058279520221,0.064,True
prospective_75162676_target_anchor_72154411,75162676,72154411,BP.LCCB.DP2,BP.LCCB.40.DP2,BP.LCCB.40.DP2,40,40,LCCB,DP2,250.0,10.0-40.0Hz,10.0,40.0,187.92434618222296,254.7227746665356,0.29929504011638197,0.068,True
prospective_75162676_target_anchor_72154411,75162676,72154411,BP.LCCB.DP2,BP.LCCB.40.DP2,BP.LCCB.40.DP2,40,40,LCCB,DP2,250.0,2.0-40.0Hz,2.0,40.0,205.1574699765322,292.4412959480593,0.5212670462065048,0.064,True
prospective_75162676_target_anchor_72154411,75162676,72154411,BP.LCCB.DP3,BP.LCCB.40.DP3,BP.LCCB.40.DP3,40,40,LCCB,DP3,250.0,2.0-10.0Hz,2.0,10.0,498.9166444659388,1050.0167572094294,0.7716805388070661,0.068,True
prospective_75162676_target_anchor_72154411,75162676,72154411,BP.LCCB.DP3,BP.LCCB.40.DP3,BP.LCCB.40.DP3,40,40,LCCB,DP3,250.0,5.0-20.0Hz,5.0,20.0,624.965654618135,1591.1669837538484,0.5395452123894491,0.072,True
prospective_75162676_target_anchor_72154411,75162676,72154411,BP.LCCB.DP3,BP.LCCB.40.DP3,BP.LCCB.40.DP3,40,40,LCCB,DP3,250.0,10.0-40.0Hz,10.0,40.0,564.8806158003958,1058.1156485381814,0.34742947890420467,0.076,True
prospective_75162676_target_anchor_72154411,75162676,72154411,BP.LCCB.DP3,BP.LCCB.40.DP3,BP.LCCB.40.DP3,40,40,LCCB,DP3,250.0,2.0-40.0Hz,2.0,40.0,521.9539684586946,1086.271357564851,0.6073722434342637,0.072,True
prospective_75162676_target_anchor_72154411,75162676,72154411,BP.MMNB.DP1,BP.MMNB.40.DP1,BP.MMNB.40.DP1,40,40,MMNB,DP1,250.0,2.0-10.0Hz,2.0,10.0,258.48323438450103,1.0837065105781203,0.13292193737762512,-0.22,False
prospective_75162676_target_anchor_72154411,75162676,72154411,BP.MMNB.DP1,BP.MMNB.40.DP1,BP.MMNB.40.DP1,40,40,MMNB,DP1,250.0,5.0-20.0Hz,5.0,20.0,405.87047879801344,1.1490525079631106,0.11362799904344574,-0.084,False
prospective_75162676_target_anchor_72154411,75162676,72154411,BP.MMNB.DP1,BP.MMNB.40.DP1,BP.MMNB.40.DP1,40,40,MMNB,DP1,250.0,10.0-40.0Hz,10.0,40.0,232.63211641250865,1.3996677891437284,0.07634280052362473,-0.368,False
prospective_75162676_target_anchor_72154411,75162676,72154411,BP.MMNB.DP1,BP.MMNB.40.DP1,BP.MMNB.40.DP1,40,40,MMNB,DP1,250.0,2.0-40.0Hz,2.0,40.0,267.78895411816666,1.21333690359688,0.07946663528648228,-0.22,False
prospective_75162676_target_anchor_72154411,75162676,72154411,BP.MMNB.DP2,BP.MMNB.40.DP2,BP.MMNB.40.DP2,40,40,MMNB,DP2,250.0,2.0-10.0Hz,2.0,10.0,265.8232717045795,0.9999268949775001,0.18811230085103173,0.128,False
prospective_75162676_target_anchor_72154411,75162676,72154411,BP.MMNB.DP2,BP.MMNB.40.DP2,BP.MMNB.40.DP2,40,40,MMNB,DP2,250.0,5.0-20.0Hz,5.0,20.0,369.47386962936804,1.0348378357931176,0.11609123957045947,-0.084,False
prospective_75162676_target_anchor_72154411,75162676,72154411,BP.MMNB.DP2,BP.MMNB.40.DP2,BP.MMNB.40.DP2,40,40,MMNB,DP2,250.0,10.0-40.0Hz,10.0,40.0,241.4044767643785,1.053948378206525,0.12792858253270611,-0.5,False
prospective_75162676_target_anchor_72154411,75162676,72154411,BP.MMNB.DP2,BP.MMNB.40.DP2,BP.MMNB.40.DP2,40,40,MMNB,DP2,250.0,2.0-40.0Hz,2.0,40.0,277.70780666412065,1.0285680515376885,0.09715833730751414,0.14,False
prospective_75162676_target_anchor_72154411,75162676,72154411,BP.MMNB.DP3,BP.MMNB.40.DP3,BP.MMNB.40.DP3,40,40,MMNB,DP3,250.0,2.0-10.0Hz,2.0,10.0,305.32013643149514,1.3891699919275298,0.2521708037814505,0.46,False
prospective_75162676_target_anchor_72154411,75162676,72154411,BP.MMNB.DP3,BP.MMNB.40.DP3,BP.MMNB.40.DP3,40,40,MMNB,DP3,250.0,5.0-20.0Hz,5.0,20.0,496.72792841539865,1.1363551317969338,0.16491742153215777,0.24,False
prospective_75162676_target_anchor_72154411,75162676,72154411,BP.MMNB.DP3,BP.MMNB.40.DP3,BP.MMNB.40.DP3,40,40,MMNB,DP3,250.0,10.0-40.0Hz,10.0,40.0,392.10854349985465,1.0494647662058922,0.09650240045829381,-0.48,False
prospective_75162676_target_anchor_72154411,75162676,72154411,BP.MMNB.DP3,BP.MMNB.40.DP3,BP.MMNB.40.DP3,40,40,MMNB,DP3,250.0,2.0-40.0Hz,2.0,40.0,347.46602644648436,1.2072884943296611,0.13544871550936846,0.468,False
prospective_75162676_target_anchor_72154411,75162676,72154411,BP.SCYB.DP1,BP.SCYB.40.DP1,BP.SCYB.40.DP1,40,40,SCYB,DP1,250.0,2.0-10.0Hz,2.0,10.0,377.5358857724856,1104.5922259362526,0.4085075777800521,0.076,True
prospective_75162676_target_anchor_72154411,75162676,72154411,BP.SCYB.DP1,BP.SCYB.40.DP1,BP.SCYB.40.DP1,40,40,SCYB,DP1,250.0,5.0-20.0Hz,5.0,20.0,636.4602051035115,1268.1092329188448,0.326451203146013,-0.032,True
prospective_75162676_target_anchor_72154411,75162676,72154411,BP.SCYB.DP1,BP.SCYB.40.DP1,BP.SCYB.40.DP1,40,40,SCYB,DP1,250.0,10.0-40.0Hz,10.0,40.0,560.6241453706614,759.9960738242416,0.36068545621604065,0.148,True
prospective_75162676_target_anchor_72154411,75162676,72154411,BP.SCYB.DP1,BP.SCYB.40.DP1,BP.SCYB.40.DP1,40,40,SCYB,DP1,250.0,2.0-40.0Hz,2.0,40.0,421.09150067746106,985.6004335363821,0.356082712718554,0.068,True
prospective_75162676_target_anchor_72154411,75162676,72154411,BP.SCYB.DP2,BP.SCYB.40.DP2,BP.SCYB.40.DP2,40,40,SCYB,DP2,250.0,2.0-10.0Hz,2.0,10.0,356.9181034464445,1282.3505965211116,0.6541863299344852,0.08,True
prospective_75162676_target_anchor_72154411,75162676,72154411,BP.SCYB.DP2,BP.SCYB.40.DP2,BP.SCYB.40.DP2,40,40,SCYB,DP2,250.0,5.0-20.0Hz,5.0,20.0,574.4377792623999,1175.326963720956,0.4280609102111448,0.072,True
prospective_75162676_target_anchor_72154411,75162676,72154411,BP.SCYB.DP2,BP.SCYB.40.DP2,BP.SCYB.40.DP2,40,40,SCYB,DP2,250.0,10.0-40.0Hz,10.0,40.0,366.65966162272923,574.2576507674382,0.3982028850271631,-0.016,True
prospective_75162676_target_anchor_72154411,75162676,72154411,BP.SCYB.DP2,BP.SCYB.40.DP2,BP.SCYB.40.DP2,40,40,SCYB,DP2,250.0,2.0-40.0Hz,2.0,40.0,364.20229760497404,1005.8934331890839,0.5803754783526608,0.076,True
prospective_75162676_target_anchor_72154411,75162676,72154411,BP.SCYB.DP3,BP.SCYB.40.DP3,BP.SCYB.40.DP3,40,40,SCYB,DP3,250.0,2.0-10.0Hz,2.0,10.0,433.8665380276141,710.9933052927175,0.5348265866900155,0.084,True
prospective_75162676_target_anchor_72154411,75162676,72154411,BP.SCYB.DP3,BP.SCYB.40.DP3,BP.SCYB.40.DP3,40,40,SCYB,DP3,250.0,5.0-20.0Hz,5.0,20.0,652.177002542663,789.0754437271917,0.3438526380840357,-0.316,True
prospective_75162676_target_anchor_72154411,75162676,72154411,BP.SCYB.DP3,BP.SCYB.40.DP3,BP.SCYB.40.DP3,40,40,SCYB,DP3,250.0,10.0-40.0Hz,10.0,40.0,434.73226261493954,469.3827190035841,0.2826163246782368,-0.308,True
prospective_75162676_target_anchor_72154411,75162676,72154411,BP.SCYB.DP3,BP.SCYB.40.DP3,BP.SCYB.40.DP3,40,40,SCYB,DP3,250.0,2.0-40.0Hz,2.0,40.0,445.82445155236326,608.7637256296907,0.45484217326567705,0.08,True
prospective_75162676_target_anchor_72154411,75162676,72154411,BP.SMNB.DP1,BP.SMNB.40.DP1,BP.SMNB.40.DP1,40,40,SMNB,DP1,250.0,2.0-10.0Hz,2.0,10.0,362.0911290506253,68.62332683675605,0.6493001333881528,0.048,True
prospective_75162676_target_anchor_72154411,75162676,72154411,BP.SMNB.DP1,BP.SMNB.40.DP1,BP.SMNB.40.DP1,40,40,SMNB,DP1,250.0,5.0-20.0Hz,5.0,20.0,355.5385338636308,89.11531127102327,0.36354132106213405,0.044,True
prospective_75162676_target_anchor_72154411,75162676,72154411,BP.SMNB.DP1,BP.SMNB.40.DP1,BP.SMNB.40.DP1,40,40,SMNB,DP1,250.0,10.0-40.0Hz,10.0,40.0,415.3917037323956,208.61998687599936,0.16439724146853016,-0.448,True
prospective_75162676_target_anchor_72154411,75162676,72154411,BP.SMNB.DP1,BP.SMNB.40.DP1,BP.SMNB.40.DP1,40,40,SMNB,DP1,250.0,2.0-40.0Hz,2.0,40.0,379.88138712688715,104.17057027612898,0.3156316068048027,0.036,True
prospective_75162676_target_anchor_72154411,75162676,72154411,BP.SMNB.DP2,BP.SMNB.40.DP2,BP.SMNB.40.DP2,40,40,SMNB,DP2,250.0,2.0-10.0Hz,2.0,10.0,341.3531695909278,406.1097781210042,0.6340590896168617,0.056,True
prospective_75162676_target_anchor_72154411,75162676,72154411,BP.SMNB.DP2,BP.SMNB.40.DP2,BP.SMNB.40.DP2,40,40,SMNB,DP2,250.0,5.0-20.0Hz,5.0,20.0,346.40569537861614,488.6532143994568,0.306281119630361,0.048,True
prospective_75162676_target_anchor_72154411,75162676,72154411,BP.SMNB.DP2,BP.SMNB.40.DP2,BP.SMNB.40.DP2,40,40,SMNB,DP2,250.0,10.0-40.0Hz,10.0,40.0,430.81798537044386,608.9318927285732,0.17679919127404567,0.04,True
prospective_75162676_target_anchor_72154411,75162676,72154411,BP.SMNB.DP2,BP.SMNB.40.DP2,BP.SMNB.40.DP2,40,40,SMNB,DP2,250.0,2.0-40.0Hz,2.0,40.0,368.7202261144637,530.0467639142867,0.2985577847083288,0.04,True
prospective_75162676_target_anchor_72154411,75162676,72154411,BP.SMNB.DP3,BP.SMNB.40.DP3,BP.SMNB.40.DP3,40,40,SMNB,DP3,250.0,2.0-10.0Hz,2.0,10.0,278.69231130944246,654.9684404080119,0.6565182559630629,0.052,True
prospective_75162676_target_anchor_72154411,75162676,72154411,BP.SMNB.DP3,BP.SMNB.40.DP3,BP.SMNB.40.DP3,40,40,SMNB,DP3,250.0,5.0-20.0Hz,5.0,20.0,411.7982161886857,1312.7215127997797,0.3375755517821871,0.036,True
prospective_75162676_target_anchor_72154411,75162676,72154411,BP.SMNB.DP3,BP.SMNB.40.DP3,BP.SMNB.40.DP3,40,40,SMNB,DP3,250.0,10.0-40.0Hz,10.0,40.0,625.5838423645876,1958.2138634975715,0.30745956643021644,0.036,True
prospective_75162676_target_anchor_72154411,75162676,72154411,BP.SMNB.DP3,BP.SMNB.40.DP3,BP.SMNB.40.DP3,40,40,SMNB,DP3,250.0,2.0-40.0Hz,2.0,40.0,395.0587067329079,1269.4387223722592,0.35270212551557345,0.036,True
prospective_75162676_target_anchor_72154411,75162676,72154411,BP.VARB.DP1,BP.VARB.40.DP1,BP.VARB.40.DP1,40,40,VARB,DP1,250.0,2.0-10.0Hz,2.0,10.0,128.41078779083318,214.0029825116849,0.8136824017769883,0.036,True
prospective_75162676_target_anchor_72154411,75162676,72154411,BP.VARB.DP1,BP.VARB.40.DP1,BP.VARB.40.DP1,40,40,VARB,DP1,250.0,5.0-20.0Hz,5.0,20.0,137.29136796855022,236.55549350443363,0.6951883217649069,0.032,True
prospective_75162676_target_anchor_72154411,75162676,72154411,BP.VARB.DP1,BP.VARB.40.DP1,BP.VARB.40.DP1,40,40,VARB,DP1,250.0,10.0-40.0Hz,10.0,40.0,65.84465635759197,120.56968034499646,0.34936997136484904,0.028,True
prospective_75162676_target_anchor_72154411,75162676,72154411,BP.VARB.DP1,BP.VARB.40.DP1,BP.VARB.40.DP1,40,40,VARB,DP1,250.0,2.0-40.0Hz,2.0,40.0,106.17632346767766,193.519676469243,0.7227683125438349,0.032,True
prospective_75162676_target_anchor_72154411,75162676,72154411,BP.VARB.DP2,BP.VARB.40.DP2,BP.VARB.40.DP2,40,40,VARB,DP2,250.0,2.0-10.0Hz,2.0,10.0,0.9287842595270394,157.98222129372084,0.1387037288758887,-0.268,False
prospective_75162676_target_anchor_72154411,75162676,72154411,BP.VARB.DP2,BP.VARB.40.DP2,BP.VARB.40.DP2,40,40,VARB,DP2,250.0,5.0-20.0Hz,5.0,20.0,0.8301893733338731,193.3084937874295,0.12904614980826318,0.332,False
prospective_75162676_target_anchor_72154411,75162676,72154411,BP.VARB.DP2,BP.VARB.40.DP2,BP.VARB.40.DP2,40,40,VARB,DP2,250.0,10.0-40.0Hz,10.0,40.0,0.9163386729936629,117.2147101385999,0.12542289923657307,0.064,False
prospective_75162676_target_anchor_72154411,75162676,72154411,BP.VARB.DP2,BP.VARB.40.DP2,BP.VARB.40.DP2,40,40,VARB,DP2,250.0,2.0-40.0Hz,2.0,40.0,0.9152411836279046,138.03415443091956,0.09699278538672183,0.336,False
prospective_75162676_target_anchor_72154411,75162676,72154411,BP.VARB.DP3,BP.VARB.40.DP3,BP.VARB.40.DP3,40,40,VARB,DP3,250.0,2.0-10.0Hz,2.0,10.0,194.11853231917235,308.71769437550427,0.6617498289880624,0.04,True
prospective_75162676_target_anchor_72154411,75162676,72154411,BP.VARB.DP3,BP.VARB.40.DP3,BP.VARB.40.DP3,40,40,VARB,DP3,250.0,5.0-20.0Hz,5.0,20.0,183.83378842532244,377.802050323384,0.5162381924815101,0.036,True
prospective_75162676_target_anchor_72154411,75162676,72154411,BP.VARB.DP3,BP.VARB.40.DP3,BP.VARB.40.DP3,40,40,VARB,DP3,250.0,10.0-40.0Hz,10.0,40.0,70.98303147613986,153.93298158290187,0.30727479568910665,0.028,True
prospective_75162676_target_anchor_72154411,75162676,72154411,BP.VARB.DP3,BP.VARB.40.DP3,BP.VARB.40.DP3,40,40,VARB,DP3,250.0,2.0-40.0Hz,2.0,40.0,153.74742203302964,257.31999553358054,0.5926082140491005,0.04,True
prospective_75162676_target_anchor_72359026,75162676,72359026,BK.PKD.HHE,BK.PKD.00.HHE,BK.PKD.00.HHE,00,00,PKD,HHE,100.0,2.0-10.0Hz,2.0,10.0,127.97248127740053,192.4207591221318,0.5686040386314698,0.04,True
prospective_75162676_target_anchor_72359026,75162676,72359026,BK.PKD.HHE,BK.PKD.00.HHE,BK.PKD.00.HHE,00,00,PKD,HHE,100.0,5.0-20.0Hz,5.0,20.0,122.15028082208464,275.75133516506725,0.4387401773877809,0.04,True
prospective_75162676_target_anchor_72359026,75162676,72359026,BK.PKD.HHE,BK.PKD.00.HHE,BK.PKD.00.HHE,00,00,PKD,HHE,100.0,10.0-40.0Hz,10.0,40.0,65.72263294446648,184.37663047345185,0.30824642082781034,0.04,True
prospective_75162676_target_anchor_72359026,75162676,72359026,BK.PKD.HHE,BK.PKD.00.HHE,BK.PKD.00.HHE,00,00,PKD,HHE,100.0,2.0-40.0Hz,2.0,40.0,107.44752682273328,195.93105064832088,0.5088552499446242,0.04,True
prospective_75162676_target_anchor_72359026,75162676,72359026,BK.PKD.HHN,BK.PKD.00.HHN,BK.PKD.00.HHN,00,00,PKD,HHN,100.0,2.0-10.0Hz,2.0,10.0,132.68769908894228,204.7314316036659,0.5215832244924048,0.05,True
prospective_75162676_target_anchor_72359026,75162676,72359026,BK.PKD.HHN,BK.PKD.00.HHN,BK.PKD.00.HHN,00,00,PKD,HHN,100.0,5.0-20.0Hz,5.0,20.0,152.8539611324188,350.2624804515207,0.3709401143744169,0.04,True
prospective_75162676_target_anchor_72359026,75162676,72359026,BK.PKD.HHN,BK.PKD.00.HHN,BK.PKD.00.HHN,00,00,PKD,HHN,100.0,10.0-40.0Hz,10.0,40.0,89.40103741110983,276.20542658762366,0.33224991940967097,0.04,True
prospective_75162676_target_anchor_72359026,75162676,72359026,BK.PKD.HHN,BK.PKD.00.HHN,BK.PKD.00.HHN,00,00,PKD,HHN,100.0,2.0-40.0Hz,2.0,40.0,119.85209132840174,231.65948448569662,0.4245847295652383,0.04,True
prospective_75162676_target_anchor_72359026,75162676,72359026,BK.PKD.HHZ,BK.PKD.00.HHZ,BK.PKD.00.HHZ,00,00,PKD,HHZ,100.0,2.0-10.0Hz,2.0,10.0,132.06901246624258,129.91105695319186,0.7635022471396127,0.04,True
prospective_75162676_target_anchor_72359026,75162676,72359026,BK.PKD.HHZ,BK.PKD.00.HHZ,BK.PKD.00.HHZ,00,00,PKD,HHZ,100.0,5.0-20.0Hz,5.0,20.0,117.6408831300506,265.3530077260987,0.47857387158329745,0.03,True
prospective_75162676_target_anchor_72359026,75162676,72359026,BK.PKD.HHZ,BK.PKD.00.HHZ,BK.PKD.00.HHZ,00,00,PKD,HHZ,100.0,10.0-40.0Hz,10.0,40.0,105.81500021506741,382.35853872264903,0.39879347738843546,0.03,True
prospective_75162676_target_anchor_72359026,75162676,72359026,BK.PKD.HHZ,BK.PKD.00.HHZ,BK.PKD.00.HHZ,00,00,PKD,HHZ,100.0,2.0-40.0Hz,2.0,40.0,116.06880922239898,192.59862522600173,0.549443933978955,0.03,True
prospective_75162676_target_anchor_72359026,75162676,72359026,BP.EADB.DP1,BP.EADB.40.DP1,BP.EADB.40.DP1,40,40,EADB,DP1,250.0,2.0-10.0Hz,2.0,10.0,57.00481785579136,90.67814701296416,0.8664808739893509,0.036,True
prospective_75162676_target_anchor_72359026,75162676,72359026,BP.EADB.DP1,BP.EADB.40.DP1,BP.EADB.40.DP1,40,40,EADB,DP1,250.0,5.0-20.0Hz,5.0,20.0,66.91832102848406,91.01500436434874,0.653368396671502,0.032,True
prospective_75162676_target_anchor_72359026,75162676,72359026,BP.EADB.DP1,BP.EADB.40.DP1,BP.EADB.40.DP1,40,40,EADB,DP1,250.0,10.0-40.0Hz,10.0,40.0,48.851340842771656,39.61153221277148,0.44023126456189193,0.024,True
prospective_75162676_target_anchor_72359026,75162676,72359026,BP.EADB.DP1,BP.EADB.40.DP1,BP.EADB.40.DP1,40,40,EADB,DP1,250.0,2.0-40.0Hz,2.0,40.0,57.24918057653739,87.7531052339804,0.8045447879370285,0.032,True
prospective_75162676_target_anchor_72359026,75162676,72359026,BP.EADB.DP2,BP.EADB.40.DP2,BP.EADB.40.DP2,40,40,EADB,DP2,250.0,2.0-10.0Hz,2.0,10.0,112.75467658991322,149.72073147230336,0.919103706635321,0.04,True
prospective_75162676_target_anchor_72359026,75162676,72359026,BP.EADB.DP2,BP.EADB.40.DP2,BP.EADB.40.DP2,40,40,EADB,DP2,250.0,5.0-20.0Hz,5.0,20.0,66.5330944850934,82.85757152588369,0.6604812480983043,0.032,True
prospective_75162676_target_anchor_72359026,75162676,72359026,BP.EADB.DP2,BP.EADB.40.DP2,BP.EADB.40.DP2,40,40,EADB,DP2,250.0,10.0-40.0Hz,10.0,40.0,44.46277757962682,29.992114162029953,0.5231377306113469,0.024,True
prospective_75162676_target_anchor_72359026,75162676,72359026,BP.EADB.DP2,BP.EADB.40.DP2,BP.EADB.40.DP2,40,40,EADB,DP2,250.0,2.0-40.0Hz,2.0,40.0,103.80462373785568,124.38734122133017,0.8566361861491174,0.04,True
prospective_75162676_target_anchor_72359026,75162676,72359026,BP.EADB.DP3,BP.EADB.40.DP3,BP.EADB.40.DP3,40,40,EADB,DP3,250.0,2.0-10.0Hz,2.0,10.0,79.19550175308736,137.99096073923155,0.9221302108916581,0.044,True
prospective_75162676_target_anchor_72359026,75162676,72359026,BP.EADB.DP3,BP.EADB.40.DP3,BP.EADB.40.DP3,40,40,EADB,DP3,250.0,5.0-20.0Hz,5.0,20.0,68.83118434508162,64.19963791286105,0.6263093727863334,0.032,True
prospective_75162676_target_anchor_72359026,75162676,72359026,BP.EADB.DP3,BP.EADB.40.DP3,BP.EADB.40.DP3,40,40,EADB,DP3,250.0,10.0-40.0Hz,10.0,40.0,42.48787339448238,24.768960229981243,0.4528312483769033,0.024,True
prospective_75162676_target_anchor_72359026,75162676,72359026,BP.EADB.DP3,BP.EADB.40.DP3,BP.EADB.40.DP3,40,40,EADB,DP3,250.0,2.0-40.0Hz,2.0,40.0,85.70434327806541,107.22691813042348,0.882182409545715,0.044,True
prospective_75162676_target_anchor_72359026,75162676,72359026,BP.FROB.DP1,BP.FROB.40.DP1,BP.FROB.40.DP1,40,40,FROB,DP1,250.0,2.0-10.0Hz,2.0,10.0,19.94904510038278,4.260931377143971,0.5696182500110796,0.028,True
prospective_75162676_target_anchor_72359026,75162676,72359026,BP.FROB.DP1,BP.FROB.40.DP1,BP.FROB.40.DP1,40,40,FROB,DP1,250.0,5.0-20.0Hz,5.0,20.0,32.193854046424036,10.037625294593584,0.4074322091050103,0.024,True
prospective_75162676_target_anchor_72359026,75162676,72359026,BP.FROB.DP1,BP.FROB.40.DP1,BP.FROB.40.DP1,40,40,FROB,DP1,250.0,10.0-40.0Hz,10.0,40.0,32.64099813390236,21.754868243843195,0.23019479863933925,0.028,True
prospective_75162676_target_anchor_72359026,75162676,72359026,BP.FROB.DP1,BP.FROB.40.DP1,BP.FROB.40.DP1,40,40,FROB,DP1,250.0,2.0-40.0Hz,2.0,40.0,26.899169442106164,6.715129024373578,0.35422364480569457,0.028,True
prospective_75162676_target_anchor_72359026,75162676,72359026,BP.FROB.DP2,BP.FROB.40.DP2,BP.FROB.40.DP2,40,40,FROB,DP2,250.0,2.0-10.0Hz,2.0,10.0,22.5625557796754,5.89799700710357,0.6717835312440016,0.036,True
prospective_75162676_target_anchor_72359026,75162676,72359026,BP.FROB.DP2,BP.FROB.40.DP2,BP.FROB.40.DP2,40,40,FROB,DP2,250.0,5.0-20.0Hz,5.0,20.0,35.4918173019049,9.393229254127506,0.2974630135309404,0.036,True
prospective_75162676_target_anchor_72359026,75162676,72359026,BP.FROB.DP2,BP.FROB.40.DP2,BP.FROB.40.DP2,40,40,FROB,DP2,250.0,10.0-40.0Hz,10.0,40.0,32.18125455909,15.221083625156332,0.1713021966418067,0.444,True
prospective_75162676_target_anchor_72359026,75162676,72359026,BP.FROB.DP2,BP.FROB.40.DP2,BP.FROB.40.DP2,40,40,FROB,DP2,250.0,2.0-40.0Hz,2.0,40.0,28.532661524601508,8.830351693514608,0.33708140332821124,0.032,True
prospective_75162676_target_anchor_72359026,75162676,72359026,BP.FROB.DP3,BP.FROB.40.DP3,BP.FROB.40.DP3,40,40,FROB,DP3,250.0,2.0-10.0Hz,2.0,10.0,32.25857721614305,1.2538445064641657,0.43876201486732386,0.02,False
prospective_75162676_target_anchor_72359026,75162676,72359026,BP.FROB.DP3,BP.FROB.40.DP3,BP.FROB.40.DP3,40,40,FROB,DP3,250.0,5.0-20.0Hz,5.0,20.0,33.532037897088934,1.7167857845902323,0.3680740489307048,0.024,False
prospective_75162676_target_anchor_72359026,75162676,72359026,BP.FROB.DP3,BP.FROB.40.DP3,BP.FROB.40.DP3,40,40,FROB,DP3,250.0,10.0-40.0Hz,10.0,40.0,23.08329990236022,2.6635692194129974,0.15741551555036087,0.472,False
prospective_75162676_target_anchor_72359026,75162676,72359026,BP.FROB.DP3,BP.FROB.40.DP3,BP.FROB.40.DP3,40,40,FROB,DP3,250.0,2.0-40.0Hz,2.0,40.0,27.705229156270875,1.3402311057852834,0.33776453454527283,0.024,False
prospective_75162676_target_anchor_72359026,75162676,72359026,BP.GHIB.DP1,BP.GHIB.40.DP1,BP.GHIB.40.DP1,40,40,GHIB,DP1,250.0,2.0-10.0Hz,2.0,10.0,13.303360384424293,11.65749527303428,0.791011905909017,0.016,True
prospective_75162676_target_anchor_72359026,75162676,72359026,BP.GHIB.DP1,BP.GHIB.40.DP1,BP.GHIB.40.DP1,40,40,GHIB,DP1,250.0,5.0-20.0Hz,5.0,20.0,13.082771785420308,17.52445251520764,0.568819385617752,0.02,True
prospective_75162676_target_anchor_72359026,75162676,72359026,BP.GHIB.DP1,BP.GHIB.40.DP1,BP.GHIB.40.DP1,40,40,GHIB,DP1,250.0,10.0-40.0Hz,10.0,40.0,12.76515192063067,10.877763938786716,0.5762809820813819,0.02,True
prospective_75162676_target_anchor_72359026,75162676,72359026,BP.GHIB.DP1,BP.GHIB.40.DP1,BP.GHIB.40.DP1,40,40,GHIB,DP1,250.0,2.0-40.0Hz,2.0,40.0,13.368745217960555,11.813589689026871,0.7301913401384673,0.02,True
prospective_75162676_target_anchor_72359026,75162676,72359026,BP.GHIB.DP3,BP.GHIB.40.DP3,BP.GHIB.40.DP3,40,40,GHIB,DP3,250.0,2.0-10.0Hz,2.0,10.0,3.1995172387773203,6.838789843787416,0.843733629775886,0.024,True
prospective_75162676_target_anchor_72359026,75162676,72359026,BP.GHIB.DP3,BP.GHIB.40.DP3,BP.GHIB.40.DP3,40,40,GHIB,DP3,250.0,5.0-20.0Hz,5.0,20.0,3.094413768189499,9.09040252007095,0.5322581095010666,0.02,True
prospective_75162676_target_anchor_72359026,75162676,72359026,BP.GHIB.DP3,BP.GHIB.40.DP3,BP.GHIB.40.DP3,40,40,GHIB,DP3,250.0,10.0-40.0Hz,10.0,40.0,1.730076961246688,7.33521507272659,0.29302104131870355,0.02,False
prospective_75162676_target_anchor_72359026,75162676,72359026,BP.GHIB.DP3,BP.GHIB.40.DP3,BP.GHIB.40.DP3,40,40,GHIB,DP3,250.0,2.0-40.0Hz,2.0,40.0,2.6835618004967583,7.086713060661988,0.7281872838540058,0.02,False
prospective_75162676_target_anchor_72359026,75162676,72359026,BP.JCNB.DP1,BP.JCNB.40.DP1,BP.JCNB.40.DP1,40,40,JCNB,DP1,250.0,2.0-10.0Hz,2.0,10.0,72.83828589921869,149.3727682786735,0.5573765055958864,-0.104,True
prospective_75162676_target_anchor_72359026,75162676,72359026,BP.JCNB.DP1,BP.JCNB.40.DP1,BP.JCNB.40.DP1,40,40,JCNB,DP1,250.0,5.0-20.0Hz,5.0,20.0,76.05023390921728,94.50869260095295,0.4513526407270413,0.028,True
prospective_75162676_target_anchor_72359026,75162676,72359026,BP.JCNB.DP1,BP.JCNB.40.DP1,BP.JCNB.40.DP1,40,40,JCNB,DP1,250.0,10.0-40.0Hz,10.0,40.0,32.82514140701874,25.8627175884617,0.3085411524298273,0.032,True
prospective_75162676_target_anchor_72359026,75162676,72359026,BP.JCNB.DP1,BP.JCNB.40.DP1,BP.JCNB.40.DP1,40,40,JCNB,DP1,250.0,2.0-40.0Hz,2.0,40.0,48.879799609862204,42.043288085758945,0.4519381302310068,0.028,True
prospective_75162676_target_anchor_72359026,75162676,72359026,BP.JCNB.DP2,BP.JCNB.40.DP2,BP.JCNB.40.DP2,40,40,JCNB,DP2,250.0,2.0-10.0Hz,2.0,10.0,82.24490228289466,65.50774865675082,0.4049448697381941,0.396,True
prospective_75162676_target_anchor_72359026,75162676,72359026,BP.JCNB.DP2,BP.JCNB.40.DP2,BP.JCNB.40.DP2,40,40,JCNB,DP2,250.0,5.0-20.0Hz,5.0,20.0,53.92450992980082,51.63284674842229,0.16656037076425986,0.408,True
prospective_75162676_target_anchor_72359026,75162676,72359026,BP.JCNB.DP2,BP.JCNB.40.DP2,BP.JCNB.40.DP2,40,40,JCNB,DP2,250.0,10.0-40.0Hz,10.0,40.0,34.89314664250108,27.61982969658828,0.11113176744991603,0.408,True
prospective_75162676_target_anchor_72359026,75162676,72359026,BP.JCNB.DP2,BP.JCNB.40.DP2,BP.JCNB.40.DP2,40,40,JCNB,DP2,250.0,2.0-40.0Hz,2.0,40.0,43.3790813566899,29.451966309170988,0.1607818705418251,0.408,True
prospective_75162676_target_anchor_72359026,75162676,72359026,BP.JCNB.DP3,BP.JCNB.40.DP3,BP.JCNB.40.DP3,40,40,JCNB,DP3,250.0,2.0-10.0Hz,2.0,10.0,120.04002339899577,112.7899210450394,0.4804428994374985,-0.032,True
prospective_75162676_target_anchor_72359026,75162676,72359026,BP.JCNB.DP3,BP.JCNB.40.DP3,BP.JCNB.40.DP3,40,40,JCNB,DP3,250.0,5.0-20.0Hz,5.0,20.0,74.85490247260772,13.669644403763273,0.3096553640681079,0.28,True
prospective_75162676_target_anchor_72359026,75162676,72359026,BP.JCNB.DP3,BP.JCNB.40.DP3,BP.JCNB.40.DP3,40,40,JCNB,DP3,250.0,10.0-40.0Hz,10.0,40.0,59.636067767689894,8.839330393997868,0.3403047614322181,0.36,True
prospective_75162676_target_anchor_72359026,75162676,72359026,BP.JCNB.DP3,BP.JCNB.40.DP3,BP.JCNB.40.DP3,40,40,JCNB,DP3,250.0,2.0-40.0Hz,2.0,40.0,69.80037267788943,12.309421873547814,0.2713239537480831,0.28,True
prospective_75162676_target_anchor_72359026,75162676,72359026,BP.JCSB.DP1,BP.JCSB.40.DP1,BP.JCSB.40.DP1,40,40,JCSB,DP1,250.0,2.0-10.0Hz,2.0,10.0,307.4287040029274,75.58369197964697,0.8404105312060464,0.048,True
prospective_75162676_target_anchor_72359026,75162676,72359026,BP.JCSB.DP1,BP.JCSB.40.DP1,BP.JCSB.40.DP1,40,40,JCSB,DP1,250.0,5.0-20.0Hz,5.0,20.0,244.46155991866885,89.5760621716422,0.6627303207797282,0.036,True
prospective_75162676_target_anchor_72359026,75162676,72359026,BP.JCSB.DP1,BP.JCSB.40.DP1,BP.JCSB.40.DP1,40,40,JCSB,DP1,250.0,10.0-40.0Hz,10.0,40.0,163.85048520342144,70.69944940611727,0.5936407860074018,0.032,True
prospective_75162676_target_anchor_72359026,75162676,72359026,BP.JCSB.DP1,BP.JCSB.40.DP1,BP.JCSB.40.DP1,40,40,JCSB,DP1,250.0,2.0-40.0Hz,2.0,40.0,241.55789341549237,75.80885356785106,0.7123147756420021,0.036,True
prospective_75162676_target_anchor_72359026,75162676,72359026,BP.JCSB.DP2,BP.JCSB.40.DP2,BP.JCSB.40.DP2,40,40,JCSB,DP2,250.0,2.0-10.0Hz,2.0,10.0,2.4566318128409033,3.0311021738017234,0.622481204960175,0.044,False
prospective_75162676_target_anchor_72359026,75162676,72359026,BP.JCSB.DP2,BP.JCSB.40.DP2,BP.JCSB.40.DP2,40,40,JCSB,DP2,250.0,5.0-20.0Hz,5.0,20.0,5.9588437048904,6.095715747913825,0.5901091817324398,0.028,True
prospective_75162676_target_anchor_72359026,75162676,72359026,BP.JCSB.DP2,BP.JCSB.40.DP2,BP.JCSB.40.DP2,40,40,JCSB,DP2,250.0,10.0-40.0Hz,10.0,40.0,9.25434205138897,9.256395882270532,0.5839481809139387,0.028,True
prospective_75162676_target_anchor_72359026,75162676,72359026,BP.JCSB.DP2,BP.JCSB.40.DP2,BP.JCSB.40.DP2,40,40,JCSB,DP2,250.0,2.0-40.0Hz,2.0,40.0,5.979302471116382,6.460099770020142,0.5687116891203557,0.028,True
prospective_75162676_target_anchor_72359026,75162676,72359026,BP.JCSB.DP3,BP.JCSB.40.DP3,BP.JCSB.40.DP3,40,40,JCSB,DP3,250.0,2.0-10.0Hz,2.0,10.0,9.689688615862284,3.7620120729965407,0.6989224912058889,0.04,True
prospective_75162676_target_anchor_72359026,75162676,72359026,BP.JCSB.DP3,BP.JCSB.40.DP3,BP.JCSB.40.DP3,40,40,JCSB,DP3,250.0,5.0-20.0Hz,5.0,20.0,15.27811814525994,6.877861598646607,0.6059450747940279,0.028,True
prospective_75162676_target_anchor_72359026,75162676,72359026,BP.JCSB.DP3,BP.JCSB.40.DP3,BP.JCSB.40.DP3,40,40,JCSB,DP3,250.0,10.0-40.0Hz,10.0,40.0,15.236505303300502,8.943002239525727,0.5634212586662278,0.028,True
prospective_75162676_target_anchor_72359026,75162676,72359026,BP.JCSB.DP3,BP.JCSB.40.DP3,BP.JCSB.40.DP3,40,40,JCSB,DP3,250.0,2.0-40.0Hz,2.0,40.0,13.6406943521969,6.478928469445922,0.5734719339278412,0.028,True
prospective_75162676_target_anchor_72359026,75162676,72359026,BP.LCCB.DP1,BP.LCCB.40.DP1,BP.LCCB.40.DP1,40,40,LCCB,DP1,250.0,2.0-10.0Hz,2.0,10.0,402.4307798841961,144.30519939242015,0.6834778941635179,0.056,True
prospective_75162676_target_anchor_72359026,75162676,72359026,BP.LCCB.DP1,BP.LCCB.40.DP1,BP.LCCB.40.DP1,40,40,LCCB,DP1,250.0,5.0-20.0Hz,5.0,20.0,592.5121389476163,116.79960642395586,0.5273023206775559,0.064,True
prospective_75162676_target_anchor_72359026,75162676,72359026,BP.LCCB.DP1,BP.LCCB.40.DP1,BP.LCCB.40.DP1,40,40,LCCB,DP1,250.0,10.0-40.0Hz,10.0,40.0,561.4919022722461,48.054868990958056,0.3868723312368794,0.072,True
prospective_75162676_target_anchor_72359026,75162676,72359026,BP.LCCB.DP1,BP.LCCB.40.DP1,BP.LCCB.40.DP1,40,40,LCCB,DP1,250.0,2.0-40.0Hz,2.0,40.0,442.98400332935375,77.92925931112896,0.5307830227781609,0.064,True
prospective_75162676_target_anchor_72359026,75162676,72359026,BP.LCCB.DP2,BP.LCCB.40.DP2,BP.LCCB.40.DP2,40,40,LCCB,DP2,250.0,2.0-10.0Hz,2.0,10.0,217.61248764229558,18.039683385308233,0.8571295471795164,0.06,True
prospective_75162676_target_anchor_72359026,75162676,72359026,BP.LCCB.DP2,BP.LCCB.40.DP2,BP.LCCB.40.DP2,40,40,LCCB,DP2,250.0,5.0-20.0Hz,5.0,20.0,288.6868371510941,16.284071843198152,0.5880918594161463,0.064,True
prospective_75162676_target_anchor_72359026,75162676,72359026,BP.LCCB.DP2,BP.LCCB.40.DP2,BP.LCCB.40.DP2,40,40,LCCB,DP2,250.0,10.0-40.0Hz,10.0,40.0,187.92434618222296,9.502071401472138,0.30039103702827946,0.068,True
prospective_75162676_target_anchor_72359026,75162676,72359026,BP.LCCB.DP2,BP.LCCB.40.DP2,BP.LCCB.40.DP2,40,40,LCCB,DP2,250.0,2.0-40.0Hz,2.0,40.0,205.1574699765322,11.627260615733112,0.5213288437415248,0.064,True
prospective_75162676_target_anchor_72359026,75162676,72359026,BP.LCCB.DP3,BP.LCCB.40.DP3,BP.LCCB.40.DP3,40,40,LCCB,DP3,250.0,2.0-10.0Hz,2.0,10.0,498.9166444659388,139.73969410475817,0.7796361988727548,0.06,True
prospective_75162676_target_anchor_72359026,75162676,72359026,BP.LCCB.DP3,BP.LCCB.40.DP3,BP.LCCB.40.DP3,40,40,LCCB,DP3,250.0,5.0-20.0Hz,5.0,20.0,624.965654618135,91.96752254135689,0.536311710547999,0.068,True
prospective_75162676_target_anchor_72359026,75162676,72359026,BP.LCCB.DP3,BP.LCCB.40.DP3,BP.LCCB.40.DP3,40,40,LCCB,DP3,250.0,10.0-40.0Hz,10.0,40.0,564.8806158003958,43.743895287550146,0.35009983538861317,0.076,True
prospective_75162676_target_anchor_72359026,75162676,72359026,BP.LCCB.DP3,BP.LCCB.40.DP3,BP.LCCB.40.DP3,40,40,LCCB,DP3,250.0,2.0-40.0Hz,2.0,40.0,521.9539684586946,74.51334957861764,0.6279673882870573,0.068,True
prospective_75162676_target_anchor_72359026,75162676,72359026,BP.SCYB.DP1,BP.SCYB.40.DP1,BP.SCYB.40.DP1,40,40,SCYB,DP1,250.0,2.0-10.0Hz,2.0,10.0,377.5358857724856,1172.4511618110148,0.49006955881122666,0.068,True
prospective_75162676_target_anchor_72359026,75162676,72359026,BP.SCYB.DP1,BP.SCYB.40.DP1,BP.SCYB.40.DP1,40,40,SCYB,DP1,250.0,5.0-20.0Hz,5.0,20.0,636.4602051035115,1326.0586498136606,0.30433790364957225,-0.036,True
prospective_75162676_target_anchor_72359026,75162676,72359026,BP.SCYB.DP1,BP.SCYB.40.DP1,BP.SCYB.40.DP1,40,40,SCYB,DP1,250.0,10.0-40.0Hz,10.0,40.0,560.6241453706614,723.0585102047575,0.37133226058993074,0.148,True
prospective_75162676_target_anchor_72359026,75162676,72359026,BP.SCYB.DP1,BP.SCYB.40.DP1,BP.SCYB.40.DP1,40,40,SCYB,DP1,250.0,2.0-40.0Hz,2.0,40.0,421.09150067746106,1042.0029576535512,0.431174701544617,0.06,True
prospective_75162676_target_anchor_72359026,75162676,72359026,BP.SCYB.DP2,BP.SCYB.40.DP2,BP.SCYB.40.DP2,40,40,SCYB,DP2,250.0,2.0-10.0Hz,2.0,10.0,356.9181034464445,1013.9208429116369,0.7027085258614383,0.072,True
prospective_75162676_target_anchor_72359026,75162676,72359026,BP.SCYB.DP2,BP.SCYB.40.DP2,BP.SCYB.40.DP2,40,40,SCYB,DP2,250.0,5.0-20.0Hz,5.0,20.0,574.4377792623999,1151.9217487291608,0.4451695732802018,0.068,True
prospective_75162676_target_anchor_72359026,75162676,72359026,BP.SCYB.DP2,BP.SCYB.40.DP2,BP.SCYB.40.DP2,40,40,SCYB,DP2,250.0,10.0-40.0Hz,10.0,40.0,366.65966162272923,492.541363288504,0.4096501642014902,-0.02,True
prospective_75162676_target_anchor_72359026,75162676,72359026,BP.SCYB.DP2,BP.SCYB.40.DP2,BP.SCYB.40.DP2,40,40,SCYB,DP2,250.0,2.0-40.0Hz,2.0,40.0,364.20229760497404,894.3301530408527,0.6442554619952224,0.068,True
prospective_75162676_target_anchor_72359026,75162676,72359026,BP.SCYB.DP3,BP.SCYB.40.DP3,BP.SCYB.40.DP3,40,40,SCYB,DP3,250.0,2.0-10.0Hz,2.0,10.0,433.8665380276141,809.0954847376594,0.572055698405624,0.072,True
prospective_75162676_target_anchor_72359026,75162676,72359026,BP.SCYB.DP3,BP.SCYB.40.DP3,BP.SCYB.40.DP3,40,40,SCYB,DP3,250.0,5.0-20.0Hz,5.0,20.0,652.177002542663,1000.3592721639451,0.34960555392611503,-0.192,True
prospective_75162676_target_anchor_72359026,75162676,72359026,BP.SCYB.DP3,BP.SCYB.40.DP3,BP.SCYB.40.DP3,40,40,SCYB,DP3,250.0,10.0-40.0Hz,10.0,40.0,434.73226261493954,596.0420344216835,0.2973132147987158,-0.312,True
prospective_75162676_target_anchor_72359026,75162676,72359026,BP.SCYB.DP3,BP.SCYB.40.DP3,BP.SCYB.40.DP3,40,40,SCYB,DP3,250.0,2.0-40.0Hz,2.0,40.0,445.82445155236326,768.5881491464552,0.5113717572375123,0.072,True
prospective_75162676_target_anchor_72359026,75162676,72359026,BP.SMNB.DP1,BP.SMNB.40.DP1,BP.SMNB.40.DP1,40,40,SMNB,DP1,250.0,2.0-10.0Hz,2.0,10.0,362.0911290506253,635.7735658292014,0.6742757337750626,0.04,True
prospective_75162676_target_anchor_72359026,75162676,72359026,BP.SMNB.DP1,BP.SMNB.40.DP1,BP.SMNB.40.DP1,40,40,SMNB,DP1,250.0,5.0-20.0Hz,5.0,20.0,355.5385338636308,927.7988674046223,0.37726976122435435,0.036,True
prospective_75162676_target_anchor_72359026,75162676,72359026,BP.SMNB.DP1,BP.SMNB.40.DP1,BP.SMNB.40.DP1,40,40,SMNB,DP1,250.0,10.0-40.0Hz,10.0,40.0,415.3917037323956,1238.7070169387239,0.157622634044908,0.032,True
prospective_75162676_target_anchor_72359026,75162676,72359026,BP.SMNB.DP1,BP.SMNB.40.DP1,BP.SMNB.40.DP1,40,40,SMNB,DP1,250.0,2.0-40.0Hz,2.0,40.0,379.88138712688715,828.740453923952,0.3732593536198741,0.032,True
prospective_75162676_target_anchor_72359026,75162676,72359026,BP.SMNB.DP2,BP.SMNB.40.DP2,BP.SMNB.40.DP2,40,40,SMNB,DP2,250.0,2.0-10.0Hz,2.0,10.0,341.3531695909278,593.5251517565778,0.6760125873928468,0.048,True
prospective_75162676_target_anchor_72359026,75162676,72359026,BP.SMNB.DP2,BP.SMNB.40.DP2,BP.SMNB.40.DP2,40,40,SMNB,DP2,250.0,5.0-20.0Hz,5.0,20.0,346.40569537861614,1019.6485920212331,0.32374639736284805,0.04,True
prospective_75162676_target_anchor_72359026,75162676,72359026,BP.SMNB.DP2,BP.SMNB.40.DP2,BP.SMNB.40.DP2,40,40,SMNB,DP2,250.0,10.0-40.0Hz,10.0,40.0,430.81798537044386,1310.778168346684,0.18780056934882589,0.036,True
prospective_75162676_target_anchor_72359026,75162676,72359026,BP.SMNB.DP2,BP.SMNB.40.DP2,BP.SMNB.40.DP2,40,40,SMNB,DP2,250.0,2.0-40.0Hz,2.0,40.0,368.7202261144637,878.9241076417773,0.36196051722813977,0.036,True
prospective_75162676_target_anchor_72359026,75162676,72359026,BP.SMNB.DP3,BP.SMNB.40.DP3,BP.SMNB.40.DP3,40,40,SMNB,DP3,250.0,2.0-10.0Hz,2.0,10.0,278.69231130944246,407.1264530290289,0.7290577158430889,0.044,True
prospective_75162676_target_anchor_72359026,75162676,72359026,BP.SMNB.DP3,BP.SMNB.40.DP3,BP.SMNB.40.DP3,40,40,SMNB,DP3,250.0,5.0-20.0Hz,5.0,20.0,411.7982161886857,1015.3782140724481,0.3572316958229894,0.028,True
prospective_75162676_target_anchor_72359026,75162676,72359026,BP.SMNB.DP3,BP.SMNB.40.DP3,BP.SMNB.40.DP3,40,40,SMNB,DP3,250.0,10.0-40.0Hz,10.0,40.0,625.5838423645876,1391.107539233404,0.30082131984535715,0.032,True
prospective_75162676_target_anchor_72359026,75162676,72359026,BP.SMNB.DP3,BP.SMNB.40.DP3,BP.SMNB.40.DP3,40,40,SMNB,DP3,250.0,2.0-40.0Hz,2.0,40.0,395.0587067329079,720.2862647983266,0.4061045672980285,0.032,True
prospective_75162676_target_anchor_72359026,75162676,72359026,BP.VARB.DP1,BP.VARB.40.DP1,BP.VARB.40.DP1,40,40,VARB,DP1,250.0,2.0-10.0Hz,2.0,10.0,128.41078779083318,107.52009732472702,0.8061351046017089,0.036,True
prospective_75162676_target_anchor_72359026,75162676,72359026,BP.VARB.DP1,BP.VARB.40.DP1,BP.VARB.40.DP1,40,40,VARB,DP1,250.0,5.0-20.0Hz,5.0,20.0,137.29136796855022,107.67020659202248,0.6914495859127596,0.032,True
prospective_75162676_target_anchor_72359026,75162676,72359026,BP.VARB.DP1,BP.VARB.40.DP1,BP.VARB.40.DP1,40,40,VARB,DP1,250.0,10.0-40.0Hz,10.0,40.0,65.84465635759197,57.500868731541075,0.3595615213301514,0.028,True
prospective_75162676_target_anchor_72359026,75162676,72359026,BP.VARB.DP1,BP.VARB.40.DP1,BP.VARB.40.DP1,40,40,VARB,DP1,250.0,2.0-40.0Hz,2.0,40.0,106.17632346767766,93.55139329986763,0.7165231580259315,0.032,True
prospective_75162676_target_anchor_72359026,75162676,72359026,BP.VARB.DP2,BP.VARB.40.DP2,BP.VARB.40.DP2,40,40,VARB,DP2,250.0,2.0-10.0Hz,2.0,10.0,0.9287842595270394,2.4257025399223786,0.20062203019406932,-0.26,False
prospective_75162676_target_anchor_72359026,75162676,72359026,BP.VARB.DP2,BP.VARB.40.DP2,BP.VARB.40.DP2,40,40,VARB,DP2,250.0,5.0-20.0Hz,5.0,20.0,0.8301893733338731,4.178649772736866,0.10070144628047961,0.256,False
prospective_75162676_target_anchor_72359026,75162676,72359026,BP.VARB.DP2,BP.VARB.40.DP2,BP.VARB.40.DP2,40,40,VARB,DP2,250.0,10.0-40.0Hz,10.0,40.0,0.9163386729936629,4.198143904832642,0.10512930125430765,0.18,False
prospective_75162676_target_anchor_72359026,75162676,72359026,BP.VARB.DP2,BP.VARB.40.DP2,BP.VARB.40.DP2,40,40,VARB,DP2,250.0,2.0-40.0Hz,2.0,40.0,0.9152411836279046,3.661228079640101,0.07565446536776066,-0.256,False
prospective_75162676_target_anchor_72359026,75162676,72359026,BP.VARB.DP3,BP.VARB.40.DP3,BP.VARB.40.DP3,40,40,VARB,DP3,250.0,2.0-10.0Hz,2.0,10.0,194.11853231917235,232.12306613842853,0.667805081448333,0.04,True
prospective_75162676_target_anchor_72359026,75162676,72359026,BP.VARB.DP3,BP.VARB.40.DP3,BP.VARB.40.DP3,40,40,VARB,DP3,250.0,5.0-20.0Hz,5.0,20.0,183.83378842532244,227.63195123582778,0.5233955765897256,0.036,True
prospective_75162676_target_anchor_72359026,75162676,72359026,BP.VARB.DP3,BP.VARB.40.DP3,BP.VARB.40.DP3,40,40,VARB,DP3,250.0,10.0-40.0Hz,10.0,40.0,70.98303147613986,91.03207789312322,0.30464935936133947,0.028,True
prospective_75162676_target_anchor_72359026,75162676,72359026,BP.VARB.DP3,BP.VARB.40.DP3,BP.VARB.40.DP3,40,40,VARB,DP3,250.0,2.0-40.0Hz,2.0,40.0,153.74742203302964,176.98037579465463,0.5987978077061105,0.04,True
prospective_75162676_target_anchor_72359026,75162676,72359026,NC.PSM.EHE,NC.PSM..EHE,NC.PSM..EHE,,,PSM,EHE,100.0,2.0-10.0Hz,2.0,10.0,1.1393064431846116,938.0532373096394,0.1434072177405015,-0.2,False
prospective_75162676_target_anchor_72359026,75162676,72359026,NC.PSM.EHE,NC.PSM..EHE,NC.PSM..EHE,,,PSM,EHE,100.0,5.0-20.0Hz,5.0,20.0,1.074349396554206,625.4970325449021,0.12791188356982516,-0.2,False
prospective_75162676_target_anchor_72359026,75162676,72359026,NC.PSM.EHE,NC.PSM..EHE,NC.PSM..EHE,,,PSM,EHE,100.0,10.0-40.0Hz,10.0,40.0,1.000787992981925,81.01904800505557,0.08961986975587691,-0.37,False
prospective_75162676_target_anchor_72359026,75162676,72359026,NC.PSM.EHE,NC.PSM..EHE,NC.PSM..EHE,,,PSM,EHE,100.0,2.0-40.0Hz,2.0,40.0,1.0374065793293283,468.9834172904278,0.08574275693106607,-0.2,False
prospective_75162676_target_anchor_72359026,75162676,72359026,NC.PSM.EHN,NC.PSM..EHN,NC.PSM..EHN,,,PSM,EHN,100.0,2.0-10.0Hz,2.0,10.0,377.24860995562415,833.8990095929345,0.8334479706263642,-0.02,True
prospective_75162676_target_anchor_72359026,75162676,72359026,NC.PSM.EHN,NC.PSM..EHN,NC.PSM..EHN,,,PSM,EHN,100.0,5.0-20.0Hz,5.0,20.0,328.0420899801177,417.70713752809814,0.6404132521819077,-0.02,True
prospective_75162676_target_anchor_72359026,75162676,72359026,NC.PSM.EHN,NC.PSM..EHN,NC.PSM..EHN,,,PSM,EHN,100.0,10.0-40.0Hz,10.0,40.0,82.73894635053394,96.11115004760399,0.3783849449311649,-0.01,True
prospective_75162676_target_anchor_72359026,75162676,72359026,NC.PSM.EHN,NC.PSM..EHN,NC.PSM..EHN,,,PSM,EHN,100.0,2.0-40.0Hz,2.0,40.0,287.4071776422571,478.42311558167444,0.8043250204703176,-0.02,True
prospective_75162676_target_anchor_72359026,75162676,72359026,NC.PSM.EHZ,NC.PSM..EHZ,NC.PSM..EHZ,,,PSM,EHZ,100.0,2.0-10.0Hz,2.0,10.0,550.6377117218252,837.0842282814857,0.8555353252745302,-0.01,True
prospective_75162676_target_anchor_72359026,75162676,72359026,NC.PSM.EHZ,NC.PSM..EHZ,NC.PSM..EHZ,,,PSM,EHZ,100.0,5.0-20.0Hz,5.0,20.0,510.19097607951335,585.1864103038785,0.8154321890260559,-0.01,True
prospective_75162676_target_anchor_72359026,75162676,72359026,NC.PSM.EHZ,NC.PSM..EHZ,NC.PSM..EHZ,,,PSM,EHZ,100.0,10.0-40.0Hz,10.0,40.0,78.87636952007017,68.35409675968958,0.4110837088274016,-0.01,True
prospective_75162676_target_anchor_72359026,75162676,72359026,NC.PSM.EHZ,NC.PSM..EHZ,NC.PSM..EHZ,,,PSM,EHZ,100.0,2.0-40.0Hz,2.0,40.0,321.924350157581,335.43543603806137,0.8276573812849752,-0.01,True
