trigger_time,coincidence_score,threshold
2025-01-20T04:55:00.000Z,1.059981107711792,1.5937319993972778
2025-01-20T04:55:00.500Z,1.092033863067627,1.5937319993972778
2025-01-20T04:55:01.000Z,1.0355627536773682,1.5937319993972778
2025-01-20T04:55:01.500Z,0.9648191928863525,1.5937319993972778
2025-01-20T04:55:02.000Z,1.0742524862289429,1.5937319993972778
2025-01-20T04:55:02.500Z,1.0008691549301147,1.5937319993972778
2025-01-20T04:55:03.000Z,1.011094331741333,1.5937319993972778
2025-01-20T04:55:03.500Z,1.0183442831039429,1.5937319993972778
2025-01-20T04:55:04.000Z,0.9884690642356873,1.5937319993972778
2025-01-20T04:55:04.500Z,1.052088737487793,1.5937319993972778
2025-01-20T04:55:05.000Z,0.9708781838417053,1.5937319993972778
2025-01-20T04:55:05.500Z,0.970700740814209,1.5937319993972778
2025-01-20T04:55:06.000Z,0.9699605703353882,1.5937319993972778
2025-01-20T04:55:06.500Z,1.0462698936462402,1.5937319993972778
2025-01-20T04:55:07.000Z,1.0337361097335815,1.5937319993972778
2025-01-20T04:55:07.500Z,1.024989128112793,1.5937319993972778
2025-01-20T04:55:08.000Z,1.0038164854049683,1.5937319993972778
2025-01-20T04:55:08.500Z,0.9922834634780884,1.5937319993972778
2025-01-20T04:55:09.000Z,1.0791058540344238,1.5937319993972778
2025-01-20T04:55:09.500Z,0.9385374188423157,1.5937319993972778
2025-01-20T04:55:10.000Z,1.0283268690109253,1.5937319993972778
2025-01-20T04:55:10.500Z,1.0050382614135742,1.5937319993972778
2025-01-20T04:55:11.000Z,1.0247178077697754,1.5937319993972778
2025-01-20T04:55:11.500Z,0.9974402785301208,1.5937319993972778
2025-01-20T04:55:12.000Z,1.0622292757034302,1.5937319993972778
2025-01-20T04:55:12.500Z,1.0067944526672363,1.5937319993972778
2025-01-20T04:55:13.000Z,1.0462558269500732,1.5937319993972778
2025-01-20T04:55:13.500Z,1.0785247087478638,1.5937319993972778
2025-01-20T04:55:14.000Z,1.0020716190338135,1.5937319993972778
2025-01-20T04:55:14.500Z,1.0137097835540771,1.5937319993972778
2025-01-20T04:55:15.000Z,1.144317626953125,1.5937319993972778
2025-01-20T04:55:15.500Z,1.0008794069290161,1.5937319993972778
2025-01-20T04:55:16.000Z,0.9725247621536255,1.5937319993972778
2025-01-20T04:55:16.500Z,1.0990053415298462,1.5937319993972778
2025-01-20T04:55:17.000Z,1.0389353036880493,1.5937319993972778
2025-01-20T04:55:17.500Z,1.0180127620697021,1.5937319993972778
2025-01-20T04:55:18.000Z,1.0705565214157104,1.5937319993972778
2025-01-20T04:55:18.500Z,1.1371347904205322,1.5937319993972778
2025-01-20T04:55:19.000Z,1.071237325668335,1.5937319993972778
2025-01-20T04:55:19.500Z,1.0518654584884644,1.5937319993972778
2025-01-20T04:55:20.000Z,1.0270639657974243,1.5937319993972778
2025-01-20T04:55:20.500Z,0.9601354598999023,1.5937319993972778
2025-01-20T04:55:21.000Z,1.0081981420516968,1.5937319993972778
2025-01-20T04:55:21.500Z,0.9304215908050537,1.5937319993972778
2025-01-20T04:55:22.000Z,0.9798650145530701,1.5937319993972778
2025-01-20T04:55:22.500Z,1.071867823600769,1.5937319993972778
2025-01-20T04:55:23.000Z,1.0746959447860718,1.5937319993972778
2025-01-20T04:55:23.500Z,0.9737133383750916,1.5937319993972778
2025-01-20T04:55:24.000Z,0.9493131041526794,1.5937319993972778
2025-01-20T04:55:24.500Z,0.9726659059524536,1.5937319993972778
2025-01-20T04:55:25.000Z,0.9084952473640442,1.5937319993972778
2025-01-20T04:55:25.500Z,1.0001531839370728,1.5937319993972778
2025-01-20T04:55:26.000Z,1.0266531705856323,1.5937319993972778
2025-01-20T04:55:26.500Z,0.9262592792510986,1.5937319993972778
2025-01-20T04:55:27.000Z,1.026671290397644,1.5937319993972778
2025-01-20T04:55:27.500Z,1.0494078397750854,1.5937319993972778
2025-01-20T04:55:28.000Z,1.0179381370544434,1.5937319993972778
2025-01-20T04:55:28.500Z,1.0629833936691284,1.5937319993972778
2025-01-20T04:55:29.000Z,0.9798867106437683,1.5937319993972778
2025-01-20T04:55:29.500Z,0.9987959861755371,1.5937319993972778
2025-01-20T04:55:30.000Z,1.1336195468902588,1.5937319993972778
2025-01-20T04:55:30.500Z,1.0277066230773926,1.5937319993972778
2025-01-20T04:55:31.000Z,0.9836292862892151,1.5937319993972778
2025-01-20T04:55:31.500Z,0.9870926737785339,1.5937319993972778
2025-01-20T04:55:32.000Z,1.061205267906189,1.5937319993972778
2025-01-20T04:55:32.500Z,1.1535990238189697,1.5937319993972778
2025-01-20T04:55:33.000Z,1.0623730421066284,1.5937319993972778
2025-01-20T04:55:33.500Z,1.066354513168335,1.5937319993972778
2025-01-20T04:55:34.000Z,0.9583297371864319,1.5937319993972778
2025-01-20T04:55:34.500Z,0.9325089454650879,1.5937319993972778
2025-01-20T04:55:35.000Z,1.0514130592346191,1.5937319993972778
2025-01-20T04:55:35.500Z,1.0605698823928833,1.5937319993972778
2025-01-20T04:55:36.000Z,0.962733268737793,1.5937319993972778
2025-01-20T04:55:36.500Z,1.0270589590072632,1.5937319993972778
2025-01-20T04:55:37.000Z,0.9864886403083801,1.5937319993972778
2025-01-20T04:55:37.500Z,1.0936753749847412,1.5937319993972778
2025-01-20T04:55:38.000Z,0.9697951078414917,1.5937319993972778
2025-01-20T04:55:38.500Z,1.1184242963790894,1.5937319993972778
2025-01-20T04:55:39.000Z,1.025582194328308,1.5937319993972778
2025-01-20T04:55:39.500Z,1.091949462890625,1.5937319993972778
2025-01-20T04:55:40.000Z,1.027381181716919,1.5937319993972778
2025-01-20T04:55:40.500Z,0.9485862255096436,1.5937319993972778
2025-01-20T04:55:41.000Z,1.0314122438430786,1.5937319993972778
2025-01-20T04:55:41.500Z,0.9379913806915283,1.5937319993972778
2025-01-20T04:55:42.000Z,0.9632527232170105,1.5937319993972778
2025-01-20T04:55:42.500Z,1.0533357858657837,1.5937319993972778
2025-01-20T04:55:43.000Z,1.0296046733856201,1.5937319993972778
2025-01-20T04:55:43.500Z,1.0915452241897583,1.5937319993972778
2025-01-20T04:55:44.000Z,1.093039870262146,1.5937319993972778
2025-01-20T04:55:44.500Z,1.0575385093688965,1.5937319993972778
2025-01-20T04:55:45.000Z,1.1582984924316406,1.5937319993972778
2025-01-20T04:55:45.500Z,0.9733498692512512,1.5937319993972778
2025-01-20T04:55:46.000Z,1.015302300453186,1.5937319993972778
2025-01-20T04:55:46.500Z,0.9580710530281067,1.5937319993972778
2025-01-20T04:55:47.000Z,1.1005377769470215,1.5937319993972778
2025-01-20T04:55:47.500Z,0.9797894358634949,1.5937319993972778
2025-01-20T04:55:48.000Z,1.0093306303024292,1.5937319993972778
2025-01-20T04:55:48.500Z,1.0849798917770386,1.5937319993972778
2025-01-20T04:55:49.000Z,1.0363121032714844,1.5937319993972778
2025-01-20T04:55:49.500Z,1.0339245796203613,1.5937319993972778
2025-01-20T04:55:50.000Z,1.060163974761963,1.5937319993972778
2025-01-20T04:55:50.500Z,0.9685046672821045,1.5937319993972778
2025-01-20T04:55:51.000Z,0.9517499208450317,1.5937319993972778
2025-01-20T04:55:51.500Z,1.0484849214553833,1.5937319993972778
2025-01-20T04:55:52.000Z,1.0894159078598022,1.5937319993972778
2025-01-20T04:55:52.500Z,1.1609939336776733,1.5937319993972778
2025-01-20T04:55:53.000Z,0.959716260433197,1.5937319993972778
2025-01-20T04:55:53.500Z,1.023447871208191,1.5937319993972778
2025-01-20T04:55:54.000Z,1.1108572483062744,1.5937319993972778
2025-01-20T04:55:54.500Z,1.0977998971939087,1.5937319993972778
2025-01-20T04:55:55.000Z,0.9346199035644531,1.5937319993972778
2025-01-20T04:55:55.500Z,1.013713002204895,1.5937319993972778
2025-01-20T04:55:56.000Z,1.0604065656661987,1.5937319993972778
2025-01-20T04:55:56.500Z,0.9949279427528381,1.5937319993972778
2025-01-20T04:55:57.000Z,0.9729201793670654,1.5937319993972778
2025-01-20T04:55:57.500Z,1.0542207956314087,1.5937319993972778
2025-01-20T04:55:58.000Z,0.9134863018989563,1.5937319993972778
2025-01-20T04:55:58.500Z,1.0306934118270874,1.5937319993972778
2025-01-20T04:55:59.000Z,1.0227046012878418,1.5937319993972778
2025-01-20T04:55:59.500Z,1.1234164237976074,1.5937319993972778
2025-01-20T04:56:00.000Z,1.0290132761001587,1.5937319993972778
2025-01-20T04:56:00.500Z,1.0056135654449463,1.5937319993972778
2025-01-20T04:56:01.000Z,0.8769981861114502,1.5937319993972778
2025-01-20T04:56:01.500Z,0.9241369366645813,1.5937319993972778
2025-01-20T04:56:02.000Z,1.0541443824768066,1.5937319993972778
2025-01-20T04:56:02.500Z,1.0668509006500244,1.5937319993972778
2025-01-20T04:56:03.000Z,0.9767366051673889,1.5937319993972778
2025-01-20T04:56:03.500Z,0.9815301299095154,1.5937319993972778
2025-01-20T04:56:04.000Z,1.0100406408309937,1.5937319993972778
2025-01-20T04:56:04.500Z,1.0926659107208252,1.5937319993972778
2025-01-20T04:56:05.000Z,1.0384407043457031,1.5937319993972778
2025-01-20T04:56:05.500Z,1.0015796422958374,1.5937319993972778
2025-01-20T04:56:06.000Z,1.0535879135131836,1.5937319993972778
2025-01-20T04:56:06.500Z,1.0169676542282104,1.5937319993972778
2025-01-20T04:56:07.000Z,1.0228224992752075,1.5937319993972778
2025-01-20T04:56:07.500Z,0.9808218479156494,1.5937319993972778
2025-01-20T04:56:08.000Z,0.9904322028160095,1.5937319993972778
2025-01-20T04:56:08.500Z,1.03964102268219,1.5937319993972778
2025-01-20T04:56:09.000Z,1.0092840194702148,1.5937319993972778
2025-01-20T04:56:09.500Z,1.0921396017074585,1.5937319993972778
2025-01-20T04:56:10.000Z,1.0274585485458374,1.5937319993972778
2025-01-20T04:56:10.500Z,1.0435779094696045,1.5937319993972778
2025-01-20T04:56:11.000Z,1.1261698007583618,1.5937319993972778
2025-01-20T04:56:11.500Z,0.9571194648742676,1.5937319993972778
2025-01-20T04:56:12.000Z,0.9925767779350281,1.5937319993972778
2025-01-20T04:56:12.500Z,1.0409998893737793,1.5937319993972778
2025-01-20T04:56:13.000Z,1.1148946285247803,1.5937319993972778
2025-01-20T04:56:13.500Z,1.0185322761535645,1.5937319993972778
2025-01-20T04:56:14.000Z,1.0333409309387207,1.5937319993972778
2025-01-20T04:56:14.500Z,1.0374201536178589,1.5937319993972778
2025-01-20T04:56:15.000Z,1.0888848304748535,1.5937319993972778
2025-01-20T04:56:15.500Z,0.9562180638313293,1.5937319993972778
2025-01-20T04:56:16.000Z,1.0689319372177124,1.5937319993972778
2025-01-20T04:56:16.500Z,1.0596011877059937,1.5937319993972778
2025-01-20T04:56:17.000Z,0.9362404346466064,1.5937319993972778
2025-01-20T04:56:17.500Z,0.9373985528945923,1.5937319993972778
2025-01-20T04:56:18.000Z,1.0069674253463745,1.5937319993972778
2025-01-20T04:56:18.500Z,0.9639056921005249,1.5937319993972778
2025-01-20T04:56:19.000Z,1.0004501342773438,1.5937319993972778
2025-01-20T04:56:19.500Z,0.9860547184944153,1.5937319993972778
2025-01-20T04:56:20.000Z,1.0437192916870117,1.5937319993972778
2025-01-20T04:56:20.500Z,1.045361876487732,1.5937319993972778
2025-01-20T04:56:21.000Z,1.0727465152740479,1.5937319993972778
2025-01-20T04:56:21.500Z,1.014566421508789,1.5937319993972778
2025-01-20T04:56:22.000Z,1.0321580171585083,1.5937319993972778
2025-01-20T04:56:22.500Z,1.0176966190338135,1.5937319993972778
2025-01-20T04:56:23.000Z,0.9995893239974976,1.5937319993972778
2025-01-20T04:56:23.500Z,1.145728349685669,1.5937319993972778
2025-01-20T04:56:24.000Z,1.0699775218963623,1.5937319993972778
2025-01-20T04:56:24.500Z,0.9784416556358337,1.5937319993972778
2025-01-20T04:56:25.000Z,1.098665714263916,1.5937319993972778
2025-01-20T04:56:25.500Z,0.938788115978241,1.5937319993972778
2025-01-20T04:56:26.000Z,1.0218638181686401,1.5937319993972778
2025-01-20T04:56:26.500Z,1.0369700193405151,1.5937319993972778
2025-01-20T04:56:27.000Z,0.9558259844779968,1.5937319993972778
2025-01-20T04:56:27.500Z,1.0379358530044556,1.5937319993972778
2025-01-20T04:56:28.000Z,0.9421775937080383,1.5937319993972778
2025-01-20T04:56:28.500Z,1.0550528764724731,1.5937319993972778
2025-01-20T04:56:29.000Z,1.099364995956421,1.5937319993972778
2025-01-20T04:56:29.500Z,1.0319209098815918,1.5937319993972778
2025-01-20T04:56:30.000Z,1.1230765581130981,1.5937319993972778
2025-01-20T04:56:30.500Z,0.9558709263801575,1.5937319993972778
2025-01-20T04:56:31.000Z,1.0053596496582031,1.5937319993972778
2025-01-20T04:56:31.500Z,0.944617509841919,1.5937319993972778
2025-01-20T04:56:32.000Z,0.9586823582649231,1.5937319993972778
2025-01-20T04:56:32.500Z,1.030929446220398,1.5937319993972778
2025-01-20T04:56:33.000Z,1.027714490890503,1.5937319993972778
2025-01-20T04:56:33.500Z,0.9353001117706299,1.5937319993972778
2025-01-20T04:56:34.000Z,0.9649409651756287,1.5937319993972778
2025-01-20T04:56:34.500Z,1.0492721796035767,1.5937319993972778
2025-01-20T04:56:35.000Z,1.012933611869812,1.5937319993972778
2025-01-20T04:56:35.500Z,1.0041972398757935,1.5937319993972778
2025-01-20T04:56:36.000Z,0.8844422698020935,1.5937319993972778
2025-01-20T04:56:36.500Z,1.1560481786727905,1.5937319993972778
2025-01-20T04:56:37.000Z,1.0331203937530518,1.5937319993972778
2025-01-20T04:56:37.500Z,1.0561226606369019,1.5937319993972778
2025-01-20T04:56:38.000Z,1.0270837545394897,1.5937319993972778
2025-01-20T04:56:38.500Z,1.0666788816452026,1.5937319993972778
2025-01-20T04:56:39.000Z,0.9715561866760254,1.5937319993972778
2025-01-20T04:56:39.500Z,1.050489068031311,1.5937319993972778
2025-01-20T04:56:40.000Z,1.1000536680221558,1.5937319993972778
2025-01-20T04:56:40.500Z,1.2028017044067383,1.5937319993972778
2025-01-20T04:56:41.000Z,1.100913166999817,1.5937319993972778
2025-01-20T04:56:41.500Z,1.0105020999908447,1.5937319993972778
2025-01-20T04:56:42.000Z,0.8847291469573975,1.5937319993972778
2025-01-20T04:56:42.500Z,0.9320364594459534,1.5937319993972778
2025-01-20T04:56:43.000Z,0.981968879699707,1.5937319993972778
2025-01-20T04:56:43.500Z,1.1485458612442017,1.5937319993972778
2025-01-20T04:56:44.000Z,0.8447682857513428,1.5937319993972778
2025-01-20T04:56:44.500Z,1.0323847532272339,1.5937319993972778
2025-01-20T04:56:45.000Z,0.9060055613517761,1.5937319993972778
2025-01-20T04:56:45.500Z,0.9671726226806641,1.5937319993972778
2025-01-20T04:56:46.000Z,1.0264564752578735,1.5937319993972778
2025-01-20T04:56:46.500Z,1.0004631280899048,1.5937319993972778
2025-01-20T04:56:47.000Z,0.9668787717819214,1.5937319993972778
2025-01-20T04:56:47.500Z,1.0472524166107178,1.5937319993972778
2025-01-20T04:56:48.000Z,0.9576886296272278,1.5937319993972778
2025-01-20T04:56:48.500Z,0.9820892810821533,1.5937319993972778
2025-01-20T04:56:49.000Z,0.9665950536727905,1.5937319993972778
2025-01-20T04:56:49.500Z,0.8454238176345825,1.5937319993972778
2025-01-20T04:56:50.000Z,0.9802516102790833,1.5937319993972778
2025-01-20T04:56:50.500Z,1.0464472770690918,1.5937319993972778
2025-01-20T04:56:51.000Z,0.9790487885475159,1.5937319993972778
2025-01-20T04:56:51.500Z,1.1588835716247559,1.5937319993972778
2025-01-20T04:56:52.000Z,1.0701014995574951,1.5937319993972778
2025-01-20T04:56:52.500Z,1.0745168924331665,1.5937319993972778
2025-01-20T04:56:53.000Z,0.9702152013778687,1.5937319993972778
2025-01-20T04:56:53.500Z,1.078590989112854,1.5937319993972778
2025-01-20T04:56:54.000Z,1.1288713216781616,1.5937319993972778
2025-01-20T04:56:54.500Z,1.1520960330963135,1.5937319993972778
2025-01-20T04:56:55.000Z,1.0864033699035645,1.5937319993972778
2025-01-20T04:56:55.500Z,1.0823832750320435,1.5937319993972778
2025-01-20T04:56:56.000Z,1.0081384181976318,1.5937319993972778
2025-01-20T04:56:56.500Z,0.9044049382209778,1.5937319993972778
2025-01-20T04:56:57.000Z,0.9922375082969666,1.5937319993972778
2025-01-20T04:56:57.500Z,1.081222414970398,1.5937319993972778
2025-01-20T04:56:58.000Z,1.0083744525909424,1.5937319993972778
2025-01-20T04:56:58.500Z,1.043514609336853,1.5937319993972778
2025-01-20T04:56:59.000Z,1.0115870237350464,1.5937319993972778
2025-01-20T04:56:59.500Z,1.0158442258834839,1.5937319993972778
2025-01-20T04:57:00.000Z,1.0039052963256836,1.5937319993972778
2025-01-20T04:57:00.500Z,0.9624776840209961,1.5937319993972778
2025-01-20T04:57:01.000Z,1.0822447538375854,1.5937319993972778
2025-01-20T04:57:01.500Z,1.0242847204208374,1.5937319993972778
2025-01-20T04:57:02.000Z,1.0599117279052734,1.5937319993972778
2025-01-20T04:57:02.500Z,0.9645867943763733,1.5937319993972778
2025-01-20T04:57:03.000Z,0.9913839101791382,1.5937319993972778
2025-01-20T04:57:03.500Z,0.9746045470237732,1.5937319993972778
2025-01-20T04:57:04.000Z,0.8957114219665527,1.5937319993972778
2025-01-20T04:57:04.500Z,1.0029000043869019,1.5937319993972778
2025-01-20T04:57:05.000Z,0.9809477925300598,1.5937319993972778
2025-01-20T04:57:05.500Z,0.9476723074913025,1.5937319993972778
2025-01-20T04:57:06.000Z,1.0774765014648438,1.5937319993972778
2025-01-20T04:57:06.500Z,1.059141755104065,1.5937319993972778
2025-01-20T04:57:07.000Z,1.0479193925857544,1.5937319993972778
2025-01-20T04:57:07.500Z,1.0476865768432617,1.5937319993972778
2025-01-20T04:57:08.000Z,1.0030850172042847,1.5937319993972778
2025-01-20T04:57:08.500Z,1.117845892906189,1.5937319993972778
2025-01-20T04:57:09.000Z,0.9952712059020996,1.5937319993972778
2025-01-20T04:57:09.500Z,1.0105260610580444,1.5937319993972778
2025-01-20T04:57:10.000Z,1.0925847291946411,1.5937319993972778
2025-01-20T04:57:10.500Z,1.0553717613220215,1.5937319993972778
2025-01-20T04:57:11.000Z,1.060699224472046,1.5937319993972778
2025-01-20T04:57:11.500Z,1.0435417890548706,1.5937319993972778
2025-01-20T04:57:12.000Z,1.0774452686309814,1.5937319993972778
2025-01-20T04:57:12.500Z,0.9856483936309814,1.5937319993972778
2025-01-20T04:57:13.000Z,1.0664587020874023,1.5937319993972778
2025-01-20T04:57:13.500Z,0.9754773378372192,1.5937319993972778
2025-01-20T04:57:14.000Z,0.9560533761978149,1.5937319993972778
2025-01-20T04:57:14.500Z,0.9650850892066956,1.5937319993972778
2025-01-20T04:57:15.000Z,0.997032105922699,1.5937319993972778
2025-01-20T04:57:15.500Z,0.9677493572235107,1.5937319993972778
2025-01-20T04:57:16.000Z,1.0417064428329468,1.5937319993972778
2025-01-20T04:57:16.500Z,0.9457474946975708,1.5937319993972778
2025-01-20T04:57:17.000Z,1.0293526649475098,1.5937319993972778
2025-01-20T04:57:17.500Z,1.1133747100830078,1.5937319993972778
2025-01-20T04:57:18.000Z,0.9991891384124756,1.5937319993972778
2025-01-20T04:57:18.500Z,0.9266074299812317,1.5937319993972778
2025-01-20T04:57:19.000Z,0.9367598295211792,1.5937319993972778
2025-01-20T04:57:19.500Z,1.0076687335968018,1.5937319993972778
2025-01-20T04:57:20.000Z,1.0210540294647217,1.5937319993972778
2025-01-20T04:57:20.500Z,1.1905006170272827,1.5937319993972778
2025-01-20T04:57:21.000Z,1.0440460443496704,1.5937319993972778
2025-01-20T04:57:21.500Z,1.0527271032333374,1.5937319993972778
2025-01-20T04:57:22.000Z,1.0986624956130981,1.5937319993972778
2025-01-20T04:57:22.500Z,1.0749644041061401,1.5937319993972778
2025-01-20T04:57:23.000Z,0.921845555305481,1.5937319993972778
2025-01-20T04:57:23.500Z,1.1154677867889404,1.5937319993972778
2025-01-20T04:57:24.000Z,0.9948868155479431,1.5937319993972778
2025-01-20T04:57:24.500Z,1.0432747602462769,1.5937319993972778
2025-01-20T04:57:25.000Z,1.026246190071106,1.5937319993972778
2025-01-20T04:57:25.500Z,1.0276224613189697,1.5937319993972778
2025-01-20T04:57:26.000Z,1.0371743440628052,1.5937319993972778
2025-01-20T04:57:26.500Z,0.9216369390487671,1.5937319993972778
2025-01-20T04:57:27.000Z,1.048277735710144,1.5937319993972778
2025-01-20T04:57:27.500Z,0.9130297303199768,1.5937319993972778
2025-01-20T04:57:28.000Z,0.9812139868736267,1.5937319993972778
2025-01-20T04:57:28.500Z,0.9096651077270508,1.5937319993972778
2025-01-20T04:57:29.000Z,0.9309713244438171,1.5937319993972778
2025-01-20T04:57:29.500Z,1.0318448543548584,1.5937319993972778
2025-01-20T04:57:30.000Z,0.9340517520904541,1.5937319993972778
2025-01-20T04:57:30.500Z,1.062412142753601,1.5937319993972778
2025-01-20T04:57:31.000Z,0.9814746975898743,1.5937319993972778
2025-01-20T04:57:31.500Z,0.9780110716819763,1.5937319993972778
2025-01-20T04:57:32.000Z,1.0070282220840454,1.5937319993972778
2025-01-20T04:57:32.500Z,0.9427035450935364,1.5937319993972778
2025-01-20T04:57:33.000Z,0.975273609161377,1.5937319993972778
2025-01-20T04:57:33.500Z,1.1553890705108643,1.5937319993972778
2025-01-20T04:57:34.000Z,1.0499889850616455,1.5937319993972778
2025-01-20T04:57:34.500Z,1.2066874504089355,1.5937319993972778
2025-01-20T04:57:35.000Z,0.9816786646842957,1.5937319993972778
2025-01-20T04:57:35.500Z,1.05789053440094,1.5937319993972778
2025-01-20T04:57:36.000Z,0.9581068754196167,1.5937319993972778
2025-01-20T04:57:36.500Z,1.028056263923645,1.5937319993972778
2025-01-20T04:57:37.000Z,1.0254424810409546,1.5937319993972778
2025-01-20T04:57:37.500Z,1.0019017457962036,1.5937319993972778
2025-01-20T04:57:38.000Z,0.9717870950698853,1.5937319993972778
2025-01-20T04:57:38.500Z,0.9783790111541748,1.5937319993972778
2025-01-20T04:57:39.000Z,1.0133166313171387,1.5937319993972778
2025-01-20T04:57:39.500Z,0.997958779335022,1.5937319993972778
2025-01-20T04:57:40.000Z,0.9563543200492859,1.5937319993972778
2025-01-20T04:57:40.500Z,0.9550192356109619,1.5937319993972778
2025-01-20T04:57:41.000Z,1.00334632396698,1.5937319993972778
2025-01-20T04:57:41.500Z,0.9748774170875549,1.5937319993972778
2025-01-20T04:57:42.000Z,0.9853201508522034,1.5937319993972778
2025-01-20T04:57:42.500Z,0.9526988863945007,1.5937319993972778
2025-01-20T04:57:43.000Z,0.9658241271972656,1.5937319993972778
2025-01-20T04:57:43.500Z,1.0141658782958984,1.5937319993972778
2025-01-20T04:57:44.000Z,1.0675503015518188,1.5937319993972778
2025-01-20T04:57:44.500Z,1.1267176866531372,1.5937319993972778
2025-01-20T04:57:45.000Z,1.0369521379470825,1.5937319993972778
2025-01-20T04:57:45.500Z,0.9264541864395142,1.5937319993972778
2025-01-20T04:57:46.000Z,0.9451388120651245,1.5937319993972778
2025-01-20T04:57:46.500Z,1.0697147846221924,1.5937319993972778
2025-01-20T04:57:47.000Z,0.9554756283760071,1.5937319993972778
2025-01-20T04:57:47.500Z,1.155677080154419,1.5937319993972778
2025-01-20T04:57:48.000Z,1.0376079082489014,1.5937319993972778
2025-01-20T04:57:48.500Z,1.100921392440796,1.5937319993972778
2025-01-20T04:57:49.000Z,0.9661771059036255,1.5937319993972778
2025-01-20T04:57:49.500Z,1.0203051567077637,1.5937319993972778
2025-01-20T04:57:50.000Z,1.0608566999435425,1.5937319993972778
2025-01-20T04:57:50.500Z,0.9917204976081848,1.5937319993972778
2025-01-20T04:57:51.000Z,1.124251365661621,1.5937319993972778
2025-01-20T04:57:51.500Z,1.093853235244751,1.5937319993972778
2025-01-20T04:57:52.000Z,1.1150065660476685,1.5937319993972778
2025-01-20T04:57:52.500Z,0.989556610584259,1.5937319993972778
2025-01-20T04:57:53.000Z,0.9978825449943542,1.5937319993972778
2025-01-20T04:57:53.500Z,0.9952223896980286,1.5937319993972778
2025-01-20T04:57:54.000Z,0.9800795912742615,1.5937319993972778
2025-01-20T04:57:54.500Z,1.0639021396636963,1.5937319993972778
2025-01-20T04:57:55.000Z,1.0427255630493164,1.5937319993972778
2025-01-20T04:57:55.500Z,1.0149612426757812,1.5937319993972778
2025-01-20T04:57:56.000Z,0.9598620533943176,1.5937319993972778
2025-01-20T04:57:56.500Z,1.0475842952728271,1.5937319993972778
2025-01-20T04:57:57.000Z,1.0072600841522217,1.5937319993972778
2025-01-20T04:57:57.500Z,0.8748435974121094,1.5937319993972778
2025-01-20T04:57:58.000Z,0.9566041827201843,1.5937319993972778
2025-01-20T04:57:58.500Z,1.0011348724365234,1.5937319993972778
2025-01-20T04:57:59.000Z,0.919489324092865,1.5937319993972778
2025-01-20T04:57:59.500Z,0.9982373714447021,1.5937319993972778
2025-01-20T04:58:00.000Z,0.9362585544586182,1.5937319993972778
2025-01-20T04:58:00.500Z,0.9994924664497375,1.5937319993972778
2025-01-20T04:58:01.000Z,0.9113691449165344,1.5937319993972778
2025-01-20T04:58:01.500Z,0.944399893283844,1.5937319993972778
2025-01-20T04:58:02.000Z,1.041867971420288,1.5937319993972778
2025-01-20T04:58:02.500Z,1.0496928691864014,1.5937319993972778
2025-01-20T04:58:03.000Z,1.018263578414917,1.5937319993972778
2025-01-20T04:58:03.500Z,1.0424681901931763,1.5937319993972778
2025-01-20T04:58:04.000Z,1.0904220342636108,1.5937319993972778
2025-01-20T04:58:04.500Z,1.017472743988037,1.5937319993972778
2025-01-20T04:58:05.000Z,1.0464290380477905,1.5937319993972778
2025-01-20T04:58:05.500Z,0.9739398956298828,1.5937319993972778
2025-01-20T04:58:06.000Z,1.1221421957015991,1.5937319993972778
2025-01-20T04:58:06.500Z,0.9644560813903809,1.5937319993972778
2025-01-20T04:58:07.000Z,1.032718539237976,1.5937319993972778
2025-01-20T04:58:07.500Z,1.0226765871047974,1.5937319993972778
2025-01-20T04:58:08.000Z,1.0409753322601318,1.5937319993972778
2025-01-20T04:58:08.500Z,1.090547800064087,1.5937319993972778
2025-01-20T04:58:09.000Z,1.0185946226119995,1.5937319993972778
2025-01-20T04:58:09.500Z,0.9598685503005981,1.5937319993972778
2025-01-20T04:58:10.000Z,0.9585605263710022,1.5937319993972778
2025-01-20T04:58:10.500Z,1.0888886451721191,1.5937319993972778
2025-01-20T04:58:11.000Z,0.9947801232337952,1.5937319993972778
2025-01-20T04:58:11.500Z,1.0874658823013306,1.5937319993972778
2025-01-20T04:58:12.000Z,1.1895356178283691,1.5937319993972778
2025-01-20T04:58:12.500Z,1.0520777702331543,1.5937319993972778
2025-01-20T04:58:13.000Z,1.0928030014038086,1.5937319993972778
2025-01-20T04:58:13.500Z,1.0823662281036377,1.5937319993972778
2025-01-20T04:58:14.000Z,1.0181795358657837,1.5937319993972778
2025-01-20T04:58:14.500Z,0.9225183129310608,1.5937319993972778
2025-01-20T04:58:15.000Z,0.9179069399833679,1.5937319993972778
2025-01-20T04:58:15.500Z,1.0104703903198242,1.5937319993972778
2025-01-20T04:58:16.000Z,1.0445797443389893,1.5937319993972778
2025-01-20T04:58:16.500Z,1.0956999063491821,1.5937319993972778
2025-01-20T04:58:17.000Z,1.0338162183761597,1.5937319993972778
2025-01-20T04:58:17.500Z,1.0035722255706787,1.5937319993972778
2025-01-20T04:58:18.000Z,0.9589096903800964,1.5937319993972778
2025-01-20T04:58:18.500Z,1.0002166032791138,1.5937319993972778
2025-01-20T04:58:19.000Z,0.9860574007034302,1.5937319993972778
2025-01-20T04:58:19.500Z,0.8877376317977905,1.5937319993972778
2025-01-20T04:58:20.000Z,1.035514235496521,1.5937319993972778
2025-01-20T04:58:20.500Z,1.0118160247802734,1.5937319993972778
2025-01-20T04:58:21.000Z,1.0805530548095703,1.5937319993972778
2025-01-20T04:58:21.500Z,1.0321941375732422,1.5937319993972778
2025-01-20T04:58:22.000Z,0.9696211218833923,1.5937319993972778
2025-01-20T04:58:22.500Z,1.1228212118148804,1.5937319993972778
2025-01-20T04:58:23.000Z,1.0720688104629517,1.5937319993972778
2025-01-20T04:58:23.500Z,1.0733026266098022,1.5937319993972778
2025-01-20T04:58:24.000Z,1.0521687269210815,1.5937319993972778
2025-01-20T04:58:24.500Z,1.0836564302444458,1.5937319993972778
2025-01-20T04:58:25.000Z,1.014577865600586,1.5937319993972778
2025-01-20T04:58:25.500Z,0.9500852823257446,1.5937319993972778
2025-01-20T04:58:26.000Z,1.0698589086532593,1.5937319993972778
2025-01-20T04:58:26.500Z,0.8609985709190369,1.5937319993972778
2025-01-20T04:58:27.000Z,0.9657577872276306,1.5937319993972778
2025-01-20T04:58:27.500Z,0.9546253681182861,1.5937319993972778
2025-01-20T04:58:28.000Z,1.0379228591918945,1.5937319993972778
2025-01-20T04:58:28.500Z,1.0094728469848633,1.5937319993972778
2025-01-20T04:58:29.000Z,1.0107985734939575,1.5937319993972778
2025-01-20T04:58:29.500Z,0.9418343901634216,1.5937319993972778
2025-01-20T04:58:30.000Z,0.943183958530426,1.5937319993972778
2025-01-20T04:58:30.500Z,1.0338958501815796,1.5937319993972778
2025-01-20T04:58:31.000Z,1.0458190441131592,1.5937319993972778
2025-01-20T04:58:31.500Z,0.9631393551826477,1.5937319993972778
2025-01-20T04:58:32.000Z,0.9904659390449524,1.5937319993972778
2025-01-20T04:58:32.500Z,1.1375969648361206,1.5937319993972778
2025-01-20T04:58:33.000Z,0.9838161468505859,1.5937319993972778
2025-01-20T04:58:33.500Z,1.0935897827148438,1.5937319993972778
2025-01-20T04:58:34.000Z,1.01093327999115,1.5937319993972778
2025-01-20T04:58:34.500Z,1.0965499877929688,1.5937319993972778
2025-01-20T04:58:35.000Z,1.0926904678344727,1.5937319993972778
2025-01-20T04:58:35.500Z,0.9805989861488342,1.5937319993972778
2025-01-20T04:58:36.000Z,1.0800284147262573,1.5937319993972778
2025-01-20T04:58:36.500Z,1.0010584592819214,1.5937319993972778
2025-01-20T04:58:37.000Z,1.0715670585632324,1.5937319993972778
2025-01-20T04:58:37.500Z,1.0748122930526733,1.5937319993972778
2025-01-20T04:58:38.000Z,1.0839250087738037,1.5937319993972778
2025-01-20T04:58:38.500Z,1.0231879949569702,1.5937319993972778
2025-01-20T04:58:39.000Z,1.0135560035705566,1.5937319993972778
2025-01-20T04:58:39.500Z,0.9763216376304626,1.5937319993972778
2025-01-20T04:58:40.000Z,1.044295072555542,1.5937319993972778
2025-01-20T04:58:40.500Z,1.1210370063781738,1.5937319993972778
2025-01-20T04:58:41.000Z,0.9366389513015747,1.5937319993972778
2025-01-20T04:58:41.500Z,0.9581020474433899,1.5937319993972778
2025-01-20T04:58:42.000Z,1.0732808113098145,1.5937319993972778
2025-01-20T04:58:42.500Z,0.9087204337120056,1.5937319993972778
2025-01-20T04:58:43.000Z,1.0616403818130493,1.5937319993972778
2025-01-20T04:58:43.500Z,0.9657875299453735,1.5937319993972778
2025-01-20T04:58:44.000Z,0.9248526096343994,1.5937319993972778
2025-01-20T04:58:44.500Z,1.0750970840454102,1.5937319993972778
2025-01-20T04:58:45.000Z,0.97370845079422,1.5937319993972778
2025-01-20T04:58:45.500Z,1.025492548942566,1.5937319993972778
2025-01-20T04:58:46.000Z,0.9903774261474609,1.5937319993972778
2025-01-20T04:58:46.500Z,1.0636794567108154,1.5937319993972778
2025-01-20T04:58:47.000Z,1.08077073097229,1.5937319993972778
2025-01-20T04:58:47.500Z,1.189070224761963,1.5937319993972778
2025-01-20T04:58:48.000Z,1.047803521156311,1.5937319993972778
2025-01-20T04:58:48.500Z,1.1902844905853271,1.5937319993972778
2025-01-20T04:58:49.000Z,0.9145406484603882,1.5937319993972778
2025-01-20T04:58:49.500Z,0.9368483424186707,1.5937319993972778
2025-01-20T04:58:50.000Z,0.986562967300415,1.5937319993972778
2025-01-20T04:58:50.500Z,0.9852538108825684,1.5937319993972778
2025-01-20T04:58:51.000Z,1.0385578870773315,1.5937319993972778
2025-01-20T04:58:51.500Z,1.0183664560317993,1.5937319993972778
2025-01-20T04:58:52.000Z,1.02306067943573,1.5937319993972778
2025-01-20T04:58:52.500Z,1.0463016033172607,1.5937319993972778
2025-01-20T04:58:53.000Z,0.9955240488052368,1.5937319993972778
2025-01-20T04:58:53.500Z,1.1513946056365967,1.5937319993972778
2025-01-20T04:58:54.000Z,0.9499344825744629,1.5937319993972778
2025-01-20T04:58:54.500Z,1.0549155473709106,1.5937319993972778
2025-01-20T04:58:55.000Z,0.973434567451477,1.5937319993972778
2025-01-20T04:58:55.500Z,0.9739689826965332,1.5937319993972778
2025-01-20T04:58:56.000Z,0.996174693107605,1.5937319993972778
2025-01-20T04:58:56.500Z,1.0782136917114258,1.5937319993972778
2025-01-20T04:58:57.000Z,0.9534269571304321,1.5937319993972778
2025-01-20T04:58:57.500Z,1.0971404314041138,1.5937319993972778
2025-01-20T04:58:58.000Z,0.9406435489654541,1.5937319993972778
2025-01-20T04:58:58.500Z,1.0176039934158325,1.5937319993972778
2025-01-20T04:58:59.000Z,0.9580940008163452,1.5937319993972778
2025-01-20T04:58:59.500Z,0.9974985718727112,1.5937319993972778
2025-01-20T04:59:00.000Z,0.9299729466438293,1.5937319993972778
2025-01-20T04:59:00.500Z,1.0617924928665161,1.5937319993972778
2025-01-20T04:59:01.000Z,1.156650424003601,1.5937319993972778
2025-01-20T04:59:01.500Z,1.0880327224731445,1.5937319993972778
2025-01-20T04:59:02.000Z,1.0737783908843994,1.5937319993972778
2025-01-20T04:59:02.500Z,1.1125634908676147,1.5937319993972778
2025-01-20T04:59:03.000Z,0.9368489980697632,1.5937319993972778
2025-01-20T04:59:03.500Z,1.072629451751709,1.5937319993972778
2025-01-20T04:59:04.000Z,1.0427379608154297,1.5937319993972778
2025-01-20T04:59:04.500Z,1.0624148845672607,1.5937319993972778
2025-01-20T04:59:05.000Z,0.9601973295211792,1.5937319993972778
2025-01-20T04:59:05.500Z,1.0536892414093018,1.5937319993972778
2025-01-20T04:59:06.000Z,1.0316187143325806,1.5937319993972778
2025-01-20T04:59:06.500Z,1.019168734550476,1.5937319993972778
2025-01-20T04:59:07.000Z,1.0155901908874512,1.5937319993972778
2025-01-20T04:59:07.500Z,1.0397008657455444,1.5937319993972778
2025-01-20T04:59:08.000Z,0.971494197845459,1.5937319993972778
2025-01-20T04:59:08.500Z,1.084636926651001,1.5937319993972778
2025-01-20T04:59:09.000Z,1.068764090538025,1.5937319993972778
2025-01-20T04:59:09.500Z,1.0149250030517578,1.5937319993972778
2025-01-20T04:59:10.000Z,0.9928306341171265,1.5937319993972778
2025-01-20T04:59:10.500Z,0.9587834477424622,1.5937319993972778
2025-01-20T04:59:11.000Z,1.0402957201004028,1.5937319993972778
2025-01-20T04:59:11.500Z,0.9937959313392639,1.5937319993972778
2025-01-20T04:59:12.000Z,1.0279412269592285,1.5937319993972778
2025-01-20T04:59:12.500Z,0.9908077120780945,1.5937319993972778
2025-01-20T04:59:13.000Z,1.1094732284545898,1.5937319993972778
2025-01-20T04:59:13.500Z,1.0850156545639038,1.5937319993972778
2025-01-20T04:59:14.000Z,1.168680191040039,1.5937319993972778
2025-01-20T04:59:14.500Z,1.056230068206787,1.5937319993972778
2025-01-20T04:59:15.000Z,1.0533204078674316,1.5937319993972778
2025-01-20T04:59:15.500Z,0.9387283325195312,1.5937319993972778
2025-01-20T04:59:16.000Z,1.0486429929733276,1.5937319993972778
2025-01-20T04:59:16.500Z,1.0326083898544312,1.5937319993972778
2025-01-20T04:59:17.000Z,1.052475929260254,1.5937319993972778
2025-01-20T04:59:17.500Z,1.008192777633667,1.5937319993972778
2025-01-20T04:59:18.000Z,1.0657531023025513,1.5937319993972778
2025-01-20T04:59:18.500Z,0.9225035309791565,1.5937319993972778
2025-01-20T04:59:19.000Z,0.988311767578125,1.5937319993972778
2025-01-20T04:59:19.500Z,1.0301694869995117,1.5937319993972778
2025-01-20T04:59:20.000Z,1.0058258771896362,1.5937319993972778
2025-01-20T04:59:20.500Z,1.0322421789169312,1.5937319993972778
2025-01-20T04:59:21.000Z,1.0009267330169678,1.5937319993972778
2025-01-20T04:59:21.500Z,1.082653522491455,1.5937319993972778
2025-01-20T04:59:22.000Z,1.0783523321151733,1.5937319993972778
2025-01-20T04:59:22.500Z,0.9653761386871338,1.5937319993972778
2025-01-20T04:59:23.000Z,1.1474865674972534,1.5937319993972778
2025-01-20T04:59:23.500Z,1.0704039335250854,1.5937319993972778
2025-01-20T04:59:24.000Z,1.0803143978118896,1.5937319993972778
2025-01-20T04:59:24.500Z,1.031116008758545,1.5937319993972778
2025-01-20T04:59:25.000Z,1.093176007270813,1.5937319993972778
2025-01-20T04:59:25.500Z,1.0578207969665527,1.5937319993972778
2025-01-20T04:59:26.000Z,0.9273777604103088,1.5937319993972778
2025-01-20T04:59:26.500Z,0.9317426085472107,1.5937319993972778
2025-01-20T04:59:27.000Z,1.0516424179077148,1.5937319993972778
2025-01-20T04:59:27.500Z,1.1138662099838257,1.5937319993972778
2025-01-20T04:59:28.000Z,0.9847118854522705,1.5937319993972778
2025-01-20T04:59:28.500Z,1.1088429689407349,1.5937319993972778
2025-01-20T04:59:29.000Z,1.0183368921279907,1.5937319993972778
2025-01-20T04:59:29.500Z,0.9843441247940063,1.5937319993972778
2025-01-20T04:59:30.000Z,1.105474591255188,1.5937319993972778
2025-01-20T04:59:30.500Z,0.993935227394104,1.5937319993972778
2025-01-20T04:59:31.000Z,0.9517079591751099,1.5937319993972778
2025-01-20T04:59:31.500Z,0.9253467917442322,1.5937319993972778
2025-01-20T04:59:32.000Z,1.1346876621246338,1.5937319993972778
2025-01-20T04:59:32.500Z,1.0969281196594238,1.5937319993972778
2025-01-20T04:59:33.000Z,0.9854457378387451,1.5937319993972778
2025-01-20T04:59:33.500Z,1.0321675539016724,1.5937319993972778
2025-01-20T04:59:34.000Z,1.0346425771713257,1.5937319993972778
2025-01-20T04:59:34.500Z,0.9152219295501709,1.5937319993972778
2025-01-20T04:59:35.000Z,1.046415090560913,1.5937319993972778
2025-01-20T04:59:35.500Z,0.9342983961105347,1.5937319993972778
2025-01-20T04:59:36.000Z,0.979363203048706,1.5937319993972778
2025-01-20T04:59:36.500Z,0.9944286942481995,1.5937319993972778
2025-01-20T04:59:37.000Z,0.9311543703079224,1.5937319993972778
2025-01-20T04:59:37.500Z,0.9837049245834351,1.5937319993972778
2025-01-20T04:59:38.000Z,1.053767442703247,1.5937319993972778
2025-01-20T04:59:38.500Z,1.0637911558151245,1.5937319993972778
2025-01-20T04:59:39.000Z,1.0788453817367554,1.5937319993972778
2025-01-20T04:59:39.500Z,1.0336065292358398,1.5937319993972778
2025-01-20T04:59:40.000Z,1.0429216623306274,1.5937319993972778
2025-01-20T04:59:40.500Z,1.0351486206054688,1.5937319993972778
2025-01-20T04:59:41.000Z,1.0144152641296387,1.5937319993972778
2025-01-20T04:59:41.500Z,1.0352089405059814,1.5937319993972778
2025-01-20T04:59:42.000Z,1.0307878255844116,1.5937319993972778
2025-01-20T04:59:42.500Z,1.0132710933685303,1.5937319993972778
2025-01-20T04:59:43.000Z,1.0999946594238281,1.5937319993972778
2025-01-20T04:59:43.500Z,1.0642621517181396,1.5937319993972778
2025-01-20T04:59:44.000Z,1.0079349279403687,1.5937319993972778
2025-01-20T04:59:44.500Z,0.9721373915672302,1.5937319993972778
2025-01-20T04:59:45.000Z,0.9608756899833679,1.5937319993972778
2025-01-20T04:59:45.500Z,1.0775630474090576,1.5937319993972778
2025-01-20T04:59:46.000Z,1.070116639137268,1.5937319993972778
2025-01-20T04:59:46.500Z,0.9901862144470215,1.5937319993972778
2025-01-20T04:59:47.000Z,0.9888736605644226,1.5937319993972778
2025-01-20T04:59:47.500Z,0.9502996802330017,1.5937319993972778
2025-01-20T04:59:48.000Z,0.9067634344100952,1.5937319993972778
2025-01-20T04:59:48.500Z,1.0286201238632202,1.5937319993972778
2025-01-20T04:59:49.000Z,0.9837529063224792,1.5937319993972778
2025-01-20T04:59:49.500Z,1.0021588802337646,1.5937319993972778
2025-01-20T04:59:50.000Z,1.0522929430007935,1.5937319993972778
2025-01-20T04:59:50.500Z,1.0046625137329102,1.5937319993972778
2025-01-20T04:59:51.000Z,0.9911827445030212,1.5937319993972778
2025-01-20T04:59:51.500Z,1.0273991823196411,1.5937319993972778
2025-01-20T04:59:52.000Z,1.0735057592391968,1.5937319993972778
2025-01-20T04:59:52.500Z,0.9250121116638184,1.5937319993972778
2025-01-20T04:59:53.000Z,1.0615314245224,1.5937319993972778
2025-01-20T04:59:53.500Z,1.0882670879364014,1.5937319993972778
2025-01-20T04:59:54.000Z,1.0491091012954712,1.5937319993972778
2025-01-20T04:59:54.500Z,0.9621169567108154,1.5937319993972778
2025-01-20T04:59:55.000Z,0.9203932285308838,1.5937319993972778
2025-01-20T04:59:55.500Z,0.9927088618278503,1.5937319993972778
2025-01-20T04:59:56.000Z,1.016393780708313,1.5937319993972778
2025-01-20T04:59:56.500Z,1.1669228076934814,1.5937319993972778
2025-01-20T04:59:57.000Z,1.0159683227539062,1.5937319993972778
2025-01-20T04:59:57.500Z,1.0417683124542236,1.5937319993972778
2025-01-20T04:59:58.000Z,0.9925388097763062,1.5937319993972778
2025-01-20T04:59:58.500Z,0.9996095299720764,1.5937319993972778
2025-01-20T04:59:59.000Z,0.9775543808937073,1.5937319993972778
2025-01-20T04:59:59.500Z,1.0142738819122314,1.5937319993972778
2025-01-20T05:00:00.000Z,0.9938755631446838,1.5937319993972778
2025-01-20T05:00:00.500Z,1.0480343103408813,1.5937319993972778
2025-01-20T05:00:01.000Z,0.9427269697189331,1.5937319993972778
2025-01-20T05:00:01.500Z,0.9631041884422302,1.5937319993972778
2025-01-20T05:00:02.000Z,0.9959339499473572,1.5937319993972778
2025-01-20T05:00:02.500Z,0.9930112957954407,1.5937319993972778
2025-01-20T05:00:03.000Z,1.0866495370864868,1.5937319993972778
2025-01-20T05:00:03.500Z,1.0492647886276245,1.5937319993972778
2025-01-20T05:00:04.000Z,1.071531057357788,1.5937319993972778
2025-01-20T05:00:04.500Z,1.0357115268707275,1.5937319993972778
2025-01-20T05:00:05.000Z,1.0196982622146606,1.5937319993972778
2025-01-20T05:00:05.500Z,1.0246773958206177,1.5937319993972778
2025-01-20T05:00:06.000Z,1.1015477180480957,1.5937319993972778
2025-01-20T05:00:06.500Z,1.0914463996887207,1.5937319993972778
2025-01-20T05:00:07.000Z,1.0283647775650024,1.5937319993972778
2025-01-20T05:00:07.500Z,0.896209716796875,1.5937319993972778
2025-01-20T05:00:08.000Z,0.9190428256988525,1.5937319993972778
2025-01-20T05:00:08.500Z,0.8649670481681824,1.5937319993972778
2025-01-20T05:00:09.000Z,0.9816897511482239,1.5937319993972778
2025-01-20T05:00:09.500Z,1.0757827758789062,1.5937319993972778
2025-01-20T05:00:10.000Z,1.0418245792388916,1.5937319993972778
2025-01-20T05:00:10.500Z,1.1308871507644653,1.5937319993972778
2025-01-20T05:00:11.000Z,1.0026371479034424,1.5937319993972778
2025-01-20T05:00:11.500Z,0.9420499801635742,1.5937319993972778
2025-01-20T05:00:12.000Z,0.971306562423706,1.5937319993972778
2025-01-20T05:00:12.500Z,0.9007337689399719,1.5937319993972778
2025-01-20T05:00:13.000Z,0.9235672950744629,1.5937319993972778
2025-01-20T05:00:13.500Z,0.9456285834312439,1.5937319993972778
2025-01-20T05:00:14.000Z,0.9401282072067261,1.5937319993972778
2025-01-20T05:00:14.500Z,0.9337711334228516,1.5937319993972778
2025-01-20T05:00:15.000Z,0.999871015548706,1.5937319993972778
2025-01-20T05:00:15.500Z,1.0157525539398193,1.5937319993972778
2025-01-20T05:00:16.000Z,1.1206214427947998,1.5937319993972778
2025-01-20T05:00:16.500Z,1.103885531425476,1.5937319993972778
2025-01-20T05:00:17.000Z,1.0756561756134033,1.5937319993972778
2025-01-20T05:00:17.500Z,1.0140714645385742,1.5937319993972778
2025-01-20T05:00:18.000Z,0.9415492415428162,1.5937319993972778
2025-01-20T05:00:18.500Z,1.0812015533447266,1.5937319993972778
2025-01-20T05:00:19.000Z,0.9857122302055359,1.5937319993972778
2025-01-20T05:00:19.500Z,0.9764647483825684,1.5937319993972778
2025-01-20T05:00:20.000Z,0.9684889316558838,1.5937319993972778
2025-01-20T05:00:20.500Z,1.0403473377227783,1.5937319993972778
2025-01-20T05:00:21.000Z,0.9600220918655396,1.5937319993972778
2025-01-20T05:00:21.500Z,1.10657799243927,1.5937319993972778
2025-01-20T05:00:22.000Z,0.9472829103469849,1.5937319993972778
2025-01-20T05:00:22.500Z,1.0495285987854004,1.5937319993972778
2025-01-20T05:00:23.000Z,0.9699322581291199,1.5937319993972778
2025-01-20T05:00:23.500Z,1.10760498046875,1.5937319993972778
2025-01-20T05:00:24.000Z,1.1847765445709229,1.5937319993972778
2025-01-20T05:00:24.500Z,1.0264933109283447,1.5937319993972778
2025-01-20T05:00:25.000Z,1.058647871017456,1.5937319993972778
2025-01-20T05:00:25.500Z,1.1252907514572144,1.5937319993972778
2025-01-20T05:00:26.000Z,1.098473310470581,1.5937319993972778
2025-01-20T05:00:26.500Z,0.9633098244667053,1.5937319993972778
2025-01-20T05:00:27.000Z,1.199957251548767,1.5937319993972778
2025-01-20T05:00:27.500Z,1.0292736291885376,1.5937319993972778
2025-01-20T05:00:28.000Z,1.0320690870285034,1.5937319993972778
2025-01-20T05:00:28.500Z,0.963828444480896,1.5937319993972778
2025-01-20T05:00:29.000Z,1.0550670623779297,1.5937319993972778
2025-01-20T05:00:29.500Z,1.0050688982009888,1.5937319993972778
2025-01-20T05:00:30.000Z,0.9481983184814453,1.5937319993972778
2025-01-20T05:00:30.500Z,1.0875153541564941,1.5937319993972778
2025-01-20T05:00:31.000Z,1.0180916786193848,1.5937319993972778
2025-01-20T05:00:31.500Z,1.079613447189331,1.5937319993972778
2025-01-20T05:00:32.000Z,1.0118623971939087,1.5937319993972778
2025-01-20T05:00:32.500Z,0.9781811833381653,1.5937319993972778
2025-01-20T05:00:33.000Z,1.0289456844329834,1.5937319993972778
2025-01-20T05:00:33.500Z,1.0695446729660034,1.5937319993972778
2025-01-20T05:00:34.000Z,0.9796790480613708,1.5937319993972778
2025-01-20T05:00:34.500Z,0.9696729779243469,1.5937319993972778
2025-01-20T05:00:35.000Z,1.0526312589645386,1.5937319993972778
2025-01-20T05:00:35.500Z,1.1133713722229004,1.5937319993972778
2025-01-20T05:00:36.000Z,1.0328106880187988,1.5937319993972778
2025-01-20T05:00:36.500Z,1.1149120330810547,1.5937319993972778
2025-01-20T05:00:37.000Z,1.1183782815933228,1.5937319993972778
2025-01-20T05:00:37.500Z,1.1638388633728027,1.5937319993972778
2025-01-20T05:00:38.000Z,1.0817241668701172,1.5937319993972778
2025-01-20T05:00:38.500Z,1.1055294275283813,1.5937319993972778
2025-01-20T05:00:39.000Z,1.0785858631134033,1.5937319993972778
2025-01-20T05:00:39.500Z,0.972835123538971,1.5937319993972778
2025-01-20T05:00:40.000Z,1.043183445930481,1.5937319993972778
2025-01-20T05:00:40.500Z,0.980451226234436,1.5937319993972778
2025-01-20T05:00:41.000Z,1.0295313596725464,1.5937319993972778
2025-01-20T05:00:41.500Z,1.1686515808105469,1.5937319993972778
2025-01-20T05:00:42.000Z,1.0853608846664429,1.5937319993972778
2025-01-20T05:00:42.500Z,1.047635555267334,1.5937319993972778
2025-01-20T05:00:43.000Z,1.0382213592529297,1.5937319993972778
2025-01-20T05:00:43.500Z,1.048545241355896,1.5937319993972778
2025-01-20T05:00:44.000Z,1.0543832778930664,1.5937319993972778
2025-01-20T05:00:44.500Z,0.9659979939460754,1.5937319993972778
2025-01-20T05:00:45.000Z,1.061812162399292,1.5937319993972778
2025-01-20T05:00:45.500Z,1.0086325407028198,1.5937319993972778
2025-01-20T05:00:46.000Z,1.0184887647628784,1.5937319993972778
2025-01-20T05:00:46.500Z,1.1160956621170044,1.5937319993972778
2025-01-20T05:00:47.000Z,0.9578366279602051,1.5937319993972778
2025-01-20T05:00:47.500Z,1.1089390516281128,1.5937319993972778
2025-01-20T05:00:48.000Z,0.8792909979820251,1.5937319993972778
2025-01-20T05:00:48.500Z,1.0526022911071777,1.5937319993972778
2025-01-20T05:00:49.000Z,1.0596343278884888,1.5937319993972778
2025-01-20T05:00:49.500Z,1.0835200548171997,1.5937319993972778
2025-01-20T05:00:50.000Z,1.0257045030593872,1.5937319993972778
2025-01-20T05:00:50.500Z,1.0505375862121582,1.5937319993972778
2025-01-20T05:00:51.000Z,0.9117939472198486,1.5937319993972778
2025-01-20T05:00:51.500Z,1.062878966331482,1.5937319993972778
2025-01-20T05:00:52.000Z,0.8892803192138672,1.5937319993972778
2025-01-20T05:00:52.500Z,1.018935203552246,1.5937319993972778
2025-01-20T05:00:53.000Z,0.9428505301475525,1.5937319993972778
2025-01-20T05:00:53.500Z,0.9822189211845398,1.5937319993972778
2025-01-20T05:00:54.000Z,0.9884164929389954,1.5937319993972778
2025-01-20T05:00:54.500Z,1.0102308988571167,1.5937319993972778
2025-01-20T05:00:55.000Z,0.9427928924560547,1.5937319993972778
2025-01-20T05:00:55.500Z,0.934635579586029,1.5937319993972778
2025-01-20T05:00:56.000Z,0.9870883226394653,1.5937319993972778
2025-01-20T05:00:56.500Z,0.9744105339050293,1.5937319993972778
2025-01-20T05:00:57.000Z,1.050624132156372,1.5937319993972778
2025-01-20T05:00:57.500Z,1.0148648023605347,1.5937319993972778
2025-01-20T05:00:58.000Z,0.9796822667121887,1.5937319993972778
2025-01-20T05:00:58.500Z,1.1395697593688965,1.5937319993972778
2025-01-20T05:00:59.000Z,1.0272924900054932,1.5937319993972778
2025-01-20T05:00:59.500Z,1.0450465679168701,1.5937319993972778
2025-01-20T05:01:00.000Z,1.0283560752868652,1.5937319993972778
2025-01-20T05:01:00.500Z,0.9948400259017944,1.5937319993972778
2025-01-20T05:01:01.000Z,1.0609906911849976,1.5937319993972778
2025-01-20T05:01:01.500Z,1.0092017650604248,1.5937319993972778
2025-01-20T05:01:02.000Z,1.0703281164169312,1.5937319993972778
2025-01-20T05:01:02.500Z,1.0303024053573608,1.5937319993972778
2025-01-20T05:01:03.000Z,1.1142364740371704,1.5937319993972778
2025-01-20T05:01:03.500Z,1.0553836822509766,1.5937319993972778
2025-01-20T05:01:04.000Z,1.0423026084899902,1.5937319993972778
2025-01-20T05:01:04.500Z,1.0890902280807495,1.5937319993972778
2025-01-20T05:01:05.000Z,1.0500444173812866,1.5937319993972778
2025-01-20T05:01:05.500Z,0.9700363278388977,1.5937319993972778
2025-01-20T05:01:06.000Z,0.9778241515159607,1.5937319993972778
2025-01-20T05:01:06.500Z,1.0478812456130981,1.5937319993972778
2025-01-20T05:01:07.000Z,1.0136003494262695,1.5937319993972778
2025-01-20T05:01:07.500Z,1.1096673011779785,1.5937319993972778
2025-01-20T05:01:08.000Z,1.0976756811141968,1.5937319993972778
2025-01-20T05:01:08.500Z,0.9724704027175903,1.5937319993972778
2025-01-20T05:01:09.000Z,0.9099500179290771,1.5937319993972778
2025-01-20T05:01:09.500Z,1.012449860572815,1.5937319993972778
2025-01-20T05:01:10.000Z,1.0000544786453247,1.5937319993972778
2025-01-20T05:01:10.500Z,1.059439778327942,1.5937319993972778
2025-01-20T05:01:11.000Z,1.0720634460449219,1.5937319993972778
2025-01-20T05:01:11.500Z,0.9715469479560852,1.5937319993972778
2025-01-20T05:01:12.000Z,1.1288913488388062,1.5937319993972778
2025-01-20T05:01:12.500Z,1.0202969312667847,1.5937319993972778
2025-01-20T05:01:13.000Z,1.0562427043914795,1.5937319993972778
2025-01-20T05:01:13.500Z,0.9636257290840149,1.5937319993972778
2025-01-20T05:01:14.000Z,0.9336214065551758,1.5937319993972778
2025-01-20T05:01:14.500Z,1.041242241859436,1.5937319993972778
2025-01-20T05:01:15.000Z,1.0990381240844727,1.5937319993972778
2025-01-20T05:01:15.500Z,1.0140522718429565,1.5937319993972778
2025-01-20T05:01:16.000Z,0.9385063052177429,1.5937319993972778
2025-01-20T05:01:16.500Z,0.9325642585754395,1.5937319993972778
2025-01-20T05:01:17.000Z,1.0253514051437378,1.5937319993972778
2025-01-20T05:01:17.500Z,0.9189223647117615,1.5937319993972778
2025-01-20T05:01:18.000Z,1.0677456855773926,1.5937319993972778
2025-01-20T05:01:18.500Z,1.1670433282852173,1.5937319993972778
2025-01-20T05:01:19.000Z,0.9287534952163696,1.5937319993972778
2025-01-20T05:01:19.500Z,1.0368196964263916,1.5937319993972778
2025-01-20T05:01:20.000Z,1.0237884521484375,1.5937319993972778
2025-01-20T05:01:20.500Z,0.997776985168457,1.5937319993972778
2025-01-20T05:01:21.000Z,1.0874505043029785,1.5937319993972778
2025-01-20T05:01:21.500Z,1.0442880392074585,1.5937319993972778
2025-01-20T05:01:22.000Z,1.0449461936950684,1.5937319993972778
2025-01-20T05:01:22.500Z,1.0054594278335571,1.5937319993972778
2025-01-20T05:01:23.000Z,1.064347505569458,1.5937319993972778
2025-01-20T05:01:23.500Z,1.024048924446106,1.5937319993972778
2025-01-20T05:01:24.000Z,0.9788426160812378,1.5937319993972778
2025-01-20T05:01:24.500Z,0.9505260586738586,1.5937319993972778
2025-01-20T05:01:25.000Z,1.0562187433242798,1.5937319993972778
2025-01-20T05:01:25.500Z,1.086463451385498,1.5937319993972778
2025-01-20T05:01:26.000Z,1.1440359354019165,1.5937319993972778
2025-01-20T05:01:26.500Z,1.072196125984192,1.5937319993972778
2025-01-20T05:01:27.000Z,1.0705803632736206,1.5937319993972778
2025-01-20T05:01:27.500Z,1.0740675926208496,1.5937319993972778
2025-01-20T05:01:28.000Z,1.0593719482421875,1.5937319993972778
2025-01-20T05:01:28.500Z,0.9787744879722595,1.5937319993972778
2025-01-20T05:01:29.000Z,1.0261424779891968,1.5937319993972778
2025-01-20T05:01:29.500Z,0.9781439900398254,1.5937319993972778
2025-01-20T05:01:30.000Z,0.9959092140197754,1.5937319993972778
2025-01-20T05:01:30.500Z,0.9926356673240662,1.5937319993972778
2025-01-20T05:01:31.000Z,0.9941125512123108,1.5937319993972778
2025-01-20T05:01:31.500Z,0.8553289175033569,1.5937319993972778
2025-01-20T05:01:32.000Z,0.9897194504737854,1.5937319993972778
2025-01-20T05:01:32.500Z,0.8966429829597473,1.5937319993972778
2025-01-20T05:01:33.000Z,0.9868324995040894,1.5937319993972778
2025-01-20T05:01:33.500Z,0.9424389600753784,1.5937319993972778
2025-01-20T05:01:34.000Z,1.0892304182052612,1.5937319993972778
2025-01-20T05:01:34.500Z,1.0390006303787231,1.5937319993972778
2025-01-20T05:01:35.000Z,0.9845588803291321,1.5937319993972778
2025-01-20T05:01:35.500Z,0.9671759605407715,1.5937319993972778
2025-01-20T05:01:36.000Z,1.015687346458435,1.5937319993972778
2025-01-20T05:01:36.500Z,0.9614737033843994,1.5937319993972778
2025-01-20T05:01:37.000Z,0.9995653629302979,1.5937319993972778
2025-01-20T05:01:37.500Z,1.1010396480560303,1.5937319993972778
2025-01-20T05:01:38.000Z,0.9916495084762573,1.5937319993972778
2025-01-20T05:01:38.500Z,1.0689749717712402,1.5937319993972778
2025-01-20T05:01:39.000Z,0.9570755958557129,1.5937319993972778
2025-01-20T05:01:39.500Z,1.0493696928024292,1.5937319993972778
2025-01-20T05:01:40.000Z,0.9841487407684326,1.5937319993972778
2025-01-20T05:01:40.500Z,0.9433718919754028,1.5937319993972778
2025-01-20T05:01:41.000Z,0.9585686326026917,1.5937319993972778
2025-01-20T05:01:41.500Z,1.057632565498352,1.5937319993972778
2025-01-20T05:01:42.000Z,0.9691817760467529,1.5937319993972778
2025-01-20T05:01:42.500Z,0.9544059634208679,1.5937319993972778
2025-01-20T05:01:43.000Z,1.0210493803024292,1.5937319993972778
2025-01-20T05:01:43.500Z,0.8940380215644836,1.5937319993972778
2025-01-20T05:01:44.000Z,1.1155173778533936,1.5937319993972778
2025-01-20T05:01:44.500Z,1.0184746980667114,1.5937319993972778
2025-01-20T05:01:45.000Z,1.1084976196289062,1.5937319993972778
2025-01-20T05:01:45.500Z,0.9788949489593506,1.5937319993972778
2025-01-20T05:01:46.000Z,1.0036683082580566,1.5937319993972778
2025-01-20T05:01:46.500Z,1.032322883605957,1.5937319993972778
2025-01-20T05:01:47.000Z,0.9748256802558899,1.5937319993972778
2025-01-20T05:01:47.500Z,1.0438997745513916,1.5937319993972778
2025-01-20T05:01:48.000Z,1.0628809928894043,1.5937319993972778
2025-01-20T05:01:48.500Z,0.9897964000701904,1.5937319993972778
2025-01-20T05:01:49.000Z,1.0762584209442139,1.5937319993972778
2025-01-20T05:01:49.500Z,0.9900221228599548,1.5937319993972778
2025-01-20T05:01:50.000Z,1.1182242631912231,1.5937319993972778
2025-01-20T05:01:50.500Z,1.0376789569854736,1.5937319993972778
2025-01-20T05:01:51.000Z,1.1151249408721924,1.5937319993972778
2025-01-20T05:01:51.500Z,0.9814366102218628,1.5937319993972778
2025-01-20T05:01:52.000Z,1.0746570825576782,1.5937319993972778
2025-01-20T05:01:52.500Z,1.1289359331130981,1.5937319993972778
2025-01-20T05:01:53.000Z,1.0730780363082886,1.5937319993972778
2025-01-20T05:01:53.500Z,1.065139889717102,1.5937319993972778
2025-01-20T05:01:54.000Z,1.2081574201583862,1.5937319993972778
2025-01-20T05:01:54.500Z,0.9622767567634583,1.5937319993972778
2025-01-20T05:01:55.000Z,0.9655745625495911,1.5937319993972778
2025-01-20T05:01:55.500Z,1.0976430177688599,1.5937319993972778
2025-01-20T05:01:56.000Z,0.971770167350769,1.5937319993972778
2025-01-20T05:01:56.500Z,1.0563570261001587,1.5937319993972778
2025-01-20T05:01:57.000Z,0.9508230090141296,1.5937319993972778
2025-01-20T05:01:57.500Z,0.913065493106842,1.5937319993972778
2025-01-20T05:01:58.000Z,0.8926964402198792,1.5937319993972778
2025-01-20T05:01:58.500Z,0.914898693561554,1.5937319993972778
2025-01-20T05:01:59.000Z,0.9116553068161011,1.5937319993972778
2025-01-20T05:01:59.500Z,0.9116802215576172,1.5937319993972778
2025-01-20T05:02:00.000Z,0.9034119248390198,1.5937319993972778
2025-01-20T05:02:00.500Z,0.8842735886573792,1.5937319993972778
2025-01-20T05:02:01.000Z,0.832183837890625,1.5937319993972778
2025-01-20T05:02:01.500Z,0.9670698046684265,1.5937319993972778
2025-01-20T05:02:02.000Z,0.9443860650062561,1.5937319993972778
2025-01-20T05:02:02.500Z,0.998275101184845,1.5937319993972778
2025-01-20T05:02:03.000Z,0.8321874737739563,1.5937319993972778
2025-01-20T05:02:03.500Z,0.9299851655960083,1.5937319993972778
2025-01-20T05:02:04.000Z,0.9105778336524963,1.5937319993972778
2025-01-20T05:02:04.500Z,0.945077121257782,1.5937319993972778
2025-01-20T05:02:05.000Z,1.0233241319656372,1.5937319993972778
2025-01-20T05:02:05.500Z,0.9771513938903809,1.5937319993972778
2025-01-20T05:02:06.000Z,0.9573160409927368,1.5937319993972778
2025-01-20T05:02:06.500Z,0.9435895085334778,1.5937319993972778
2025-01-20T05:02:07.000Z,0.9977190494537354,1.5937319993972778
2025-01-20T05:02:07.500Z,1.0245325565338135,1.5937319993972778
2025-01-20T05:02:08.000Z,1.045177936553955,1.5937319993972778
2025-01-20T05:02:08.500Z,1.063934087753296,1.5937319993972778
2025-01-20T05:02:09.000Z,0.9893791079521179,1.5937319993972778
2025-01-20T05:02:09.500Z,0.9940150380134583,1.5937319993972778
2025-01-20T05:02:10.000Z,1.0137351751327515,1.5937319993972778
2025-01-20T05:02:10.500Z,1.1055748462677002,1.5937319993972778
2025-01-20T05:02:11.000Z,1.0007387399673462,1.5937319993972778
2025-01-20T05:02:11.500Z,1.0223605632781982,1.5937319993972778
2025-01-20T05:02:12.000Z,1.030454158782959,1.5937319993972778
2025-01-20T05:02:12.500Z,1.0555267333984375,1.5937319993972778
2025-01-20T05:02:13.000Z,0.980796754360199,1.5937319993972778
2025-01-20T05:02:13.500Z,0.9981032013893127,1.5937319993972778
2025-01-20T05:02:14.000Z,1.1400943994522095,1.5937319993972778
2025-01-20T05:02:14.500Z,1.0204977989196777,1.5937319993972778
2025-01-20T05:02:15.000Z,1.0179986953735352,1.5937319993972778
2025-01-20T05:02:15.500Z,1.101412057876587,1.5937319993972778
2025-01-20T05:02:16.000Z,1.0221298933029175,1.5937319993972778
2025-01-20T05:02:16.500Z,1.0809979438781738,1.5937319993972778
2025-01-20T05:02:17.000Z,1.0158543586730957,1.5937319993972778
2025-01-20T05:02:17.500Z,1.014801025390625,1.5937319993972778
2025-01-20T05:02:18.000Z,1.0093703269958496,1.5937319993972778
2025-01-20T05:02:18.500Z,1.07340407371521,1.5937319993972778
2025-01-20T05:02:19.000Z,1.0302828550338745,1.5937319993972778
2025-01-20T05:02:19.500Z,1.0198099613189697,1.5937319993972778
2025-01-20T05:02:20.000Z,1.0342642068862915,1.5937319993972778
2025-01-20T05:02:20.500Z,0.9401636123657227,1.5937319993972778
2025-01-20T05:02:21.000Z,0.9066286087036133,1.5937319993972778
2025-01-20T05:02:21.500Z,1.0058224201202393,1.5937319993972778
2025-01-20T05:02:22.000Z,1.0658888816833496,1.5937319993972778
2025-01-20T05:02:22.500Z,1.015093445777893,1.5937319993972778
2025-01-20T05:02:23.000Z,1.1267248392105103,1.5937319993972778
2025-01-20T05:02:23.500Z,1.1124659776687622,1.5937319993972778
2025-01-20T05:02:24.000Z,1.0922484397888184,1.5937319993972778
2025-01-20T05:02:24.500Z,0.9320530295372009,1.5937319993972778
2025-01-20T05:02:25.000Z,1.0247465372085571,1.5937319993972778
2025-01-20T05:02:25.500Z,1.0096099376678467,1.5937319993972778
2025-01-20T05:02:26.000Z,1.0553005933761597,1.5937319993972778
2025-01-20T05:02:26.500Z,1.01674485206604,1.5937319993972778
2025-01-20T05:02:27.000Z,0.988271176815033,1.5937319993972778
2025-01-20T05:02:27.500Z,1.0779598951339722,1.5937319993972778
2025-01-20T05:02:28.000Z,1.0547595024108887,1.5937319993972778
2025-01-20T05:02:28.500Z,1.0776557922363281,1.5937319993972778
2025-01-20T05:02:29.000Z,1.1076351404190063,1.5937319993972778
2025-01-20T05:02:29.500Z,0.9776772856712341,1.5937319993972778
2025-01-20T05:02:30.000Z,1.0306932926177979,1.5937319993972778
2025-01-20T05:02:30.500Z,0.9761968851089478,1.5937319993972778
2025-01-20T05:02:31.000Z,1.10433030128479,1.5937319993972778
2025-01-20T05:02:31.500Z,1.0648539066314697,1.5937319993972778
2025-01-20T05:02:32.000Z,1.1610397100448608,1.5937319993972778
2025-01-20T05:02:32.500Z,0.9521040320396423,1.5937319993972778
2025-01-20T05:02:33.000Z,1.0343507528305054,1.5937319993972778
2025-01-20T05:02:33.500Z,1.130396842956543,1.5937319993972778
2025-01-20T05:02:34.000Z,1.1349830627441406,1.5937319993972778
2025-01-20T05:02:34.500Z,0.9550526142120361,1.5937319993972778
2025-01-20T05:02:35.000Z,0.9814696907997131,1.5937319993972778
2025-01-20T05:02:35.500Z,1.0187009572982788,1.5937319993972778
2025-01-20T05:02:36.000Z,1.0099657773971558,1.5937319993972778
2025-01-20T05:02:36.500Z,1.1866878271102905,1.5937319993972778
2025-01-20T05:02:37.000Z,1.0058947801589966,1.5937319993972778
2025-01-20T05:02:37.500Z,1.1433638334274292,1.5937319993972778
2025-01-20T05:02:38.000Z,1.0139577388763428,1.5937319993972778
2025-01-20T05:02:38.500Z,1.0148361921310425,1.5937319993972778
2025-01-20T05:02:39.000Z,1.0184571743011475,1.5937319993972778
2025-01-20T05:02:39.500Z,1.0172760486602783,1.5937319993972778
2025-01-20T05:02:40.000Z,0.9491822719573975,1.5937319993972778
2025-01-20T05:02:40.500Z,1.0486260652542114,1.5937319993972778
2025-01-20T05:02:41.000Z,1.0354423522949219,1.5937319993972778
2025-01-20T05:02:41.500Z,1.1687785387039185,1.5937319993972778
2025-01-20T05:02:42.000Z,1.0505964756011963,1.5937319993972778
2025-01-20T05:02:42.500Z,0.9636949896812439,1.5937319993972778
2025-01-20T05:02:43.000Z,0.9943697452545166,1.5937319993972778
2025-01-20T05:02:43.500Z,1.0159169435501099,1.5937319993972778
2025-01-20T05:02:44.000Z,1.0118530988693237,1.5937319993972778
2025-01-20T05:02:44.500Z,0.9918525218963623,1.5937319993972778
2025-01-20T05:02:45.000Z,0.8973587155342102,1.5937319993972778
2025-01-20T05:02:45.500Z,1.104493498802185,1.5937319993972778
2025-01-20T05:02:46.000Z,1.022120475769043,1.5937319993972778
2025-01-20T05:02:46.500Z,1.0437498092651367,1.5937319993972778
2025-01-20T05:02:47.000Z,1.0368119478225708,1.5937319993972778
2025-01-20T05:02:47.500Z,0.9936016798019409,1.5937319993972778
2025-01-20T05:02:48.000Z,1.1126936674118042,1.5937319993972778
2025-01-20T05:02:48.500Z,0.9952529072761536,1.5937319993972778
2025-01-20T05:02:49.000Z,1.07826566696167,1.5937319993972778
2025-01-20T05:02:49.500Z,1.0525315999984741,1.5937319993972778
2025-01-20T05:02:50.000Z,0.9718901515007019,1.5937319993972778
2025-01-20T05:02:50.500Z,0.9705690145492554,1.5937319993972778
2025-01-20T05:02:51.000Z,0.92976313829422,1.5937319993972778
2025-01-20T05:02:51.500Z,0.995876133441925,1.5937319993972778
2025-01-20T05:02:52.000Z,0.9570164680480957,1.5937319993972778
2025-01-20T05:02:52.500Z,1.0872650146484375,1.5937319993972778
2025-01-20T05:02:53.000Z,1.0854827165603638,1.5937319993972778
2025-01-20T05:02:53.500Z,1.0286204814910889,1.5937319993972778
2025-01-20T05:02:54.000Z,1.0113844871520996,1.5937319993972778
2025-01-20T05:02:54.500Z,1.0035291910171509,1.5937319993972778
2025-01-20T05:02:55.000Z,1.0477231740951538,1.5937319993972778
2025-01-20T05:02:55.500Z,1.0351572036743164,1.5937319993972778
2025-01-20T05:02:56.000Z,1.0150959491729736,1.5937319993972778
2025-01-20T05:02:56.500Z,1.1106714010238647,1.5937319993972778
2025-01-20T05:02:57.000Z,1.1239534616470337,1.5937319993972778
2025-01-20T05:02:57.500Z,1.0384308099746704,1.5937319993972778
2025-01-20T05:02:58.000Z,1.0649734735488892,1.5937319993972778
2025-01-20T05:02:58.500Z,0.9742887020111084,1.5937319993972778
2025-01-20T05:02:59.000Z,0.9493948221206665,1.5937319993972778
2025-01-20T05:02:59.500Z,1.000329852104187,1.5937319993972778
2025-01-20T05:03:00.000Z,0.8951846361160278,1.5937319993972778
2025-01-20T05:03:00.500Z,0.9534901976585388,1.5937319993972778
2025-01-20T05:03:01.000Z,1.0415329933166504,1.5937319993972778
2025-01-20T05:03:01.500Z,1.0325852632522583,1.5937319993972778
2025-01-20T05:03:02.000Z,1.0919263362884521,1.5937319993972778
2025-01-20T05:03:02.500Z,0.9771370887756348,1.5937319993972778
2025-01-20T05:03:03.000Z,0.9227218627929688,1.5937319993972778
2025-01-20T05:03:03.500Z,1.0125428438186646,1.5937319993972778
2025-01-20T05:03:04.000Z,1.0615829229354858,1.5937319993972778
2025-01-20T05:03:04.500Z,1.003037691116333,1.5937319993972778
2025-01-20T05:03:05.000Z,1.0220580101013184,1.5937319993972778
2025-01-20T05:03:05.500Z,1.0004948377609253,1.5937319993972778
2025-01-20T05:03:06.000Z,0.9658699035644531,1.5937319993972778
2025-01-20T05:03:06.500Z,0.9911049604415894,1.5937319993972778
2025-01-20T05:03:07.000Z,1.186826467514038,1.5937319993972778
2025-01-20T05:03:07.500Z,1.0060566663742065,1.5937319993972778
2025-01-20T05:03:08.000Z,1.1526356935501099,1.5937319993972778
2025-01-20T05:03:08.500Z,1.127926230430603,1.5937319993972778
2025-01-20T05:03:09.000Z,0.9867603182792664,1.5937319993972778
2025-01-20T05:03:09.500Z,1.0810353755950928,1.5937319993972778
2025-01-20T05:03:10.000Z,1.062915563583374,1.5937319993972778
2025-01-20T05:03:10.500Z,0.8825187087059021,1.5937319993972778
2025-01-20T05:03:11.000Z,1.0621541738510132,1.5937319993972778
2025-01-20T05:03:11.500Z,1.1246601343154907,1.5937319993972778
2025-01-20T05:03:12.000Z,1.0624358654022217,1.5937319993972778
2025-01-20T05:03:12.500Z,0.9607619643211365,1.5937319993972778
2025-01-20T05:03:13.000Z,1.0433158874511719,1.5937319993972778
2025-01-20T05:03:13.500Z,1.0847257375717163,1.5937319993972778
2025-01-20T05:03:14.000Z,0.9277540445327759,1.5937319993972778
2025-01-20T05:03:14.500Z,1.017777681350708,1.5937319993972778
2025-01-20T05:03:15.000Z,1.020390272140503,1.5937319993972778
2025-01-20T05:03:15.500Z,0.992509663105011,1.5937319993972778
2025-01-20T05:03:16.000Z,1.0075798034667969,1.5937319993972778
2025-01-20T05:03:16.500Z,1.048532485961914,1.5937319993972778
2025-01-20T05:03:17.000Z,1.0313465595245361,1.5937319993972778
2025-01-20T05:03:17.500Z,1.0286563634872437,1.5937319993972778
2025-01-20T05:03:18.000Z,0.9984539747238159,1.5937319993972778
2025-01-20T05:03:18.500Z,1.054366946220398,1.5937319993972778
2025-01-20T05:03:19.000Z,1.0935344696044922,1.5937319993972778
2025-01-20T05:03:19.500Z,1.1026325225830078,1.5937319993972778
2025-01-20T05:03:20.000Z,1.0689550638198853,1.5937319993972778
2025-01-20T05:03:20.500Z,1.0078527927398682,1.5937319993972778
2025-01-20T05:03:21.000Z,1.0008530616760254,1.5937319993972778
2025-01-20T05:03:21.500Z,1.0979820489883423,1.5937319993972778
2025-01-20T05:03:22.000Z,1.027152419090271,1.5937319993972778
2025-01-20T05:03:22.500Z,1.124664545059204,1.5937319993972778
2025-01-20T05:03:23.000Z,0.9423056840896606,1.5937319993972778
2025-01-20T05:03:23.500Z,1.1021509170532227,1.5937319993972778
2025-01-20T05:03:24.000Z,1.09665048122406,1.5937319993972778
2025-01-20T05:03:24.500Z,1.2103348970413208,1.5937319993972778
2025-01-20T05:03:25.000Z,0.9403961896896362,1.5937319993972778
2025-01-20T05:03:25.500Z,0.9170894622802734,1.5937319993972778
2025-01-20T05:03:26.000Z,0.9490464925765991,1.5937319993972778
2025-01-20T05:03:26.500Z,0.9846863150596619,1.5937319993972778
2025-01-20T05:03:27.000Z,0.9573421478271484,1.5937319993972778
2025-01-20T05:03:27.500Z,0.95551997423172,1.5937319993972778
2025-01-20T05:03:28.000Z,0.9511444568634033,1.5937319993972778
2025-01-20T05:03:28.500Z,1.133674144744873,1.5937319993972778
2025-01-20T05:03:29.000Z,0.9029513001441956,1.5937319993972778
2025-01-20T05:03:29.500Z,1.0545573234558105,1.5937319993972778
2025-01-20T05:03:30.000Z,1.0416079759597778,1.5937319993972778
2025-01-20T05:03:30.500Z,0.8931530714035034,1.5937319993972778
2025-01-20T05:03:31.000Z,0.9263252019882202,1.5937319993972778
2025-01-20T05:03:31.500Z,1.1192903518676758,1.5937319993972778
2025-01-20T05:03:32.000Z,0.9137628078460693,1.5937319993972778
2025-01-20T05:03:32.500Z,1.0715889930725098,1.5937319993972778
2025-01-20T05:03:33.000Z,0.9470459222793579,1.5937319993972778
2025-01-20T05:03:33.500Z,1.0527219772338867,1.5937319993972778
2025-01-20T05:03:34.000Z,1.0058990716934204,1.5937319993972778
2025-01-20T05:03:34.500Z,0.9871192574501038,1.5937319993972778
2025-01-20T05:03:35.000Z,1.0868902206420898,1.5937319993972778
2025-01-20T05:03:35.500Z,0.993869423866272,1.5937319993972778
2025-01-20T05:03:36.000Z,1.0435068607330322,1.5937319993972778
2025-01-20T05:03:36.500Z,1.048758864402771,1.5937319993972778
2025-01-20T05:03:37.000Z,1.115586280822754,1.5937319993972778
2025-01-20T05:03:37.500Z,1.0567420721054077,1.5937319993972778
2025-01-20T05:03:38.000Z,1.077508568763733,1.5937319993972778
2025-01-20T05:03:38.500Z,0.8592164516448975,1.5937319993972778
2025-01-20T05:03:39.000Z,0.9487051367759705,1.5937319993972778
2025-01-20T05:03:39.500Z,1.1276274919509888,1.5937319993972778
2025-01-20T05:03:40.000Z,0.9302493929862976,1.5937319993972778
2025-01-20T05:03:40.500Z,1.0063440799713135,1.5937319993972778
2025-01-20T05:03:41.000Z,1.0774459838867188,1.5937319993972778
2025-01-20T05:03:41.500Z,1.0586599111557007,1.5937319993972778
2025-01-20T05:03:42.000Z,1.0044538974761963,1.5937319993972778
2025-01-20T05:03:42.500Z,1.0223995447158813,1.5937319993972778
2025-01-20T05:03:43.000Z,1.1070762872695923,1.5937319993972778
2025-01-20T05:03:43.500Z,1.0782092809677124,1.5937319993972778
2025-01-20T05:03:44.000Z,1.0075701475143433,1.5937319993972778
2025-01-20T05:03:44.500Z,0.9688710570335388,1.5937319993972778
2025-01-20T05:03:45.000Z,0.9912787675857544,1.5937319993972778
2025-01-20T05:03:45.500Z,0.940092146396637,1.5937319993972778
2025-01-20T05:03:46.000Z,1.0723896026611328,1.5937319993972778
2025-01-20T05:03:46.500Z,0.8935942053794861,1.5937319993972778
2025-01-20T05:03:47.000Z,0.9100722074508667,1.5937319993972778
2025-01-20T05:03:47.500Z,1.0553513765335083,1.5937319993972778
2025-01-20T05:03:48.000Z,1.0041735172271729,1.5937319993972778
2025-01-20T05:03:48.500Z,1.047421932220459,1.5937319993972778
2025-01-20T05:03:49.000Z,1.0000017881393433,1.5937319993972778
2025-01-20T05:03:49.500Z,0.953342080116272,1.5937319993972778
2025-01-20T05:03:50.000Z,1.020493507385254,1.5937319993972778
2025-01-20T05:03:50.500Z,1.1138182878494263,1.5937319993972778
2025-01-20T05:03:51.000Z,0.9950491189956665,1.5937319993972778
2025-01-20T05:03:51.500Z,1.0437949895858765,1.5937319993972778
2025-01-20T05:03:52.000Z,1.0207222700119019,1.5937319993972778
2025-01-20T05:03:52.500Z,0.9932993650436401,1.5937319993972778
2025-01-20T05:03:53.000Z,0.8795778751373291,1.5937319993972778
2025-01-20T05:03:53.500Z,0.9840529561042786,1.5937319993972778
2025-01-20T05:03:54.000Z,1.078515887260437,1.5937319993972778
2025-01-20T05:03:54.500Z,1.0469164848327637,1.5937319993972778
2025-01-20T05:03:55.000Z,0.9899235963821411,1.5937319993972778
2025-01-20T05:03:55.500Z,1.0472784042358398,1.5937319993972778
2025-01-20T05:03:56.000Z,0.926223635673523,1.5937319993972778
2025-01-20T05:03:56.500Z,0.9485189318656921,1.5937319993972778
2025-01-20T05:03:57.000Z,0.9794064164161682,1.5937319993972778
2025-01-20T05:03:57.500Z,1.0094263553619385,1.5937319993972778
2025-01-20T05:03:58.000Z,0.9119457602500916,1.5937319993972778
2025-01-20T05:03:58.500Z,1.014303207397461,1.5937319993972778
2025-01-20T05:03:59.000Z,1.0271294116973877,1.5937319993972778
2025-01-20T05:03:59.500Z,1.0800424814224243,1.5937319993972778
2025-01-20T05:04:00.000Z,1.1656780242919922,1.5937319993972778
2025-01-20T05:04:00.500Z,0.9678162932395935,1.5937319993972778
2025-01-20T05:04:01.000Z,1.0490047931671143,1.5937319993972778
2025-01-20T05:04:01.500Z,1.1481523513793945,1.5937319993972778
2025-01-20T05:04:02.000Z,1.0676355361938477,1.5937319993972778
2025-01-20T05:04:02.500Z,0.8892198801040649,1.5937319993972778
2025-01-20T05:04:03.000Z,1.0555403232574463,1.5937319993972778
2025-01-20T05:04:03.500Z,0.9530516862869263,1.5937319993972778
2025-01-20T05:04:04.000Z,0.9415002465248108,1.5937319993972778
2025-01-20T05:04:04.500Z,1.1121450662612915,1.5937319993972778
2025-01-20T05:04:05.000Z,0.993818461894989,1.5937319993972778
2025-01-20T05:04:05.500Z,1.1303112506866455,1.5937319993972778
2025-01-20T05:04:06.000Z,1.0484843254089355,1.5937319993972778
2025-01-20T05:04:06.500Z,0.9865622520446777,1.5937319993972778
2025-01-20T05:04:07.000Z,1.0506891012191772,1.5937319993972778
2025-01-20T05:04:07.500Z,1.0029648542404175,1.5937319993972778
2025-01-20T05:04:08.000Z,1.0286608934402466,1.5937319993972778
2025-01-20T05:04:08.500Z,0.9611234068870544,1.5937319993972778
2025-01-20T05:04:09.000Z,1.0125203132629395,1.5937319993972778
2025-01-20T05:04:09.500Z,1.0441029071807861,1.5937319993972778
2025-01-20T05:04:10.000Z,1.1401948928833008,1.5937319993972778
2025-01-20T05:04:10.500Z,0.9704195261001587,1.5937319993972778
2025-01-20T05:04:11.000Z,1.023092269897461,1.5937319993972778
2025-01-20T05:04:11.500Z,1.08102285861969,1.5937319993972778
2025-01-20T05:04:12.000Z,0.9801505208015442,1.5937319993972778
2025-01-20T05:04:12.500Z,0.944279134273529,1.5937319993972778
2025-01-20T05:04:13.000Z,1.004051923751831,1.5937319993972778
2025-01-20T05:04:13.500Z,1.2096556425094604,1.5937319993972778
2025-01-20T05:04:14.000Z,1.0088791847229004,1.5937319993972778
2025-01-20T05:04:14.500Z,0.917760968208313,1.5937319993972778
2025-01-20T05:04:15.000Z,1.0664324760437012,1.5937319993972778
2025-01-20T05:04:15.500Z,0.9572112560272217,1.5937319993972778
2025-01-20T05:04:16.000Z,1.1564916372299194,1.5937319993972778
2025-01-20T05:04:16.500Z,1.2124571800231934,1.5937319993972778
2025-01-20T05:04:17.000Z,0.9966244697570801,1.5937319993972778
2025-01-20T05:04:17.500Z,1.0079753398895264,1.5937319993972778
2025-01-20T05:04:18.000Z,0.9420310854911804,1.5937319993972778
2025-01-20T05:04:18.500Z,0.983986496925354,1.5937319993972778
2025-01-20T05:04:19.000Z,1.0456745624542236,1.5937319993972778
2025-01-20T05:04:19.500Z,0.9682467579841614,1.5937319993972778
2025-01-20T05:04:20.000Z,1.0432026386260986,1.5937319993972778
2025-01-20T05:04:20.500Z,0.8592587113380432,1.5937319993972778
2025-01-20T05:04:21.000Z,0.9928054213523865,1.5937319993972778
2025-01-20T05:04:21.500Z,0.9932640790939331,1.5937319993972778
2025-01-20T05:04:22.000Z,1.0493019819259644,1.5937319993972778
2025-01-20T05:04:22.500Z,1.0476877689361572,1.5937319993972778
2025-01-20T05:04:23.000Z,0.974044919013977,1.5937319993972778
2025-01-20T05:04:23.500Z,1.0460797548294067,1.5937319993972778
2025-01-20T05:04:24.000Z,1.0458333492279053,1.5937319993972778
2025-01-20T05:04:24.500Z,0.975516140460968,1.5937319993972778
2025-01-20T05:04:25.000Z,0.958754301071167,1.5937319993972778
2025-01-20T05:04:25.500Z,1.0663509368896484,1.5937319993972778
2025-01-20T05:04:26.000Z,0.912317156791687,1.5937319993972778
2025-01-20T05:04:26.500Z,1.1526161432266235,1.5937319993972778
2025-01-20T05:04:27.000Z,1.1273130178451538,1.5937319993972778
2025-01-20T05:04:27.500Z,1.2087175846099854,1.5937319993972778
2025-01-20T05:04:28.000Z,1.1185956001281738,1.5937319993972778
2025-01-20T05:04:28.500Z,1.1176631450653076,1.5937319993972778
2025-01-20T05:04:29.000Z,1.2179185152053833,1.5937319993972778
2025-01-20T05:04:29.500Z,1.1212263107299805,1.5937319993972778
2025-01-20T05:04:30.000Z,1.1320446729660034,1.5937319993972778
2025-01-20T05:04:30.500Z,1.0346708297729492,1.5937319993972778
2025-01-20T05:04:31.000Z,1.028381109237671,1.5937319993972778
2025-01-20T05:04:31.500Z,0.9855007529258728,1.5937319993972778
2025-01-20T05:04:32.000Z,0.9861650466918945,1.5937319993972778
2025-01-20T05:04:32.500Z,0.9091233611106873,1.5937319993972778
2025-01-20T05:04:33.000Z,1.0971804857254028,1.5937319993972778
2025-01-20T05:04:33.500Z,0.9107009768486023,1.5937319993972778
2025-01-20T05:04:34.000Z,0.8295312523841858,1.5937319993972778
2025-01-20T05:04:34.500Z,0.9635973572731018,1.5937319993972778
2025-01-20T05:04:35.000Z,0.9598523378372192,1.5937319993972778
2025-01-20T05:04:35.500Z,0.9043660163879395,1.5937319993972778
2025-01-20T05:04:36.000Z,0.8759546875953674,1.5937319993972778
2025-01-20T05:04:36.500Z,0.8985921144485474,1.5937319993972778
2025-01-20T05:04:37.000Z,0.8937790989875793,1.5937319993972778
2025-01-20T05:04:37.500Z,1.0402220487594604,1.5937319993972778
2025-01-20T05:04:38.000Z,1.0208690166473389,1.5937319993972778
2025-01-20T05:04:38.500Z,1.0361292362213135,1.5937319993972778
2025-01-20T05:04:39.000Z,0.9315367341041565,1.5937319993972778
2025-01-20T05:04:39.500Z,1.1040529012680054,1.5937319993972778
2025-01-20T05:04:40.000Z,0.9687042832374573,1.5937319993972778
2025-01-20T05:04:40.500Z,1.061288595199585,1.5937319993972778
2025-01-20T05:04:41.000Z,0.9478140473365784,1.5937319993972778
2025-01-20T05:04:41.500Z,1.034105658531189,1.5937319993972778
2025-01-20T05:04:42.000Z,0.9399499893188477,1.5937319993972778
2025-01-20T05:04:42.500Z,0.9697946906089783,1.5937319993972778
2025-01-20T05:04:43.000Z,0.9685165882110596,1.5937319993972778
2025-01-20T05:04:43.500Z,1.0048271417617798,1.5937319993972778
2025-01-20T05:04:44.000Z,0.9422599673271179,1.5937319993972778
2025-01-20T05:04:44.500Z,0.9561053514480591,1.5937319993972778
2025-01-20T05:04:45.000Z,1.1355026960372925,1.5937319993972778
2025-01-20T05:04:45.500Z,0.9758439064025879,1.5937319993972778
2025-01-20T05:04:46.000Z,1.1068644523620605,1.5937319993972778
2025-01-20T05:04:46.500Z,0.991737425327301,1.5937319993972778
2025-01-20T05:04:47.000Z,0.9951304197311401,1.5937319993972778
2025-01-20T05:04:47.500Z,1.0702381134033203,1.5937319993972778
2025-01-20T05:04:48.000Z,1.0159648656845093,1.5937319993972778
2025-01-20T05:04:48.500Z,1.0290156602859497,1.5937319993972778
2025-01-20T05:04:49.000Z,1.0170081853866577,1.5937319993972778
2025-01-20T05:04:49.500Z,0.9698034524917603,1.5937319993972778
2025-01-20T05:04:50.000Z,0.9280754923820496,1.5937319993972778
2025-01-20T05:04:50.500Z,1.0262901782989502,1.5937319993972778
2025-01-20T05:04:51.000Z,0.922446608543396,1.5937319993972778
2025-01-20T05:04:51.500Z,1.0212072134017944,1.5937319993972778
2025-01-20T05:04:52.000Z,1.0361508131027222,1.5937319993972778
2025-01-20T05:04:52.500Z,1.0603469610214233,1.5937319993972778
2025-01-20T05:04:53.000Z,1.0247716903686523,1.5937319993972778
2025-01-20T05:04:53.500Z,1.0186494588851929,1.5937319993972778
2025-01-20T05:04:54.000Z,0.9802882075309753,1.5937319993972778
2025-01-20T05:04:54.500Z,1.0614627599716187,1.5937319993972778
2025-01-20T05:04:55.000Z,0.9850863814353943,1.5937319993972778
2025-01-20T05:04:55.500Z,0.9473627805709839,1.5937319993972778
2025-01-20T05:04:56.000Z,1.0547518730163574,1.5937319993972778
2025-01-20T05:04:56.500Z,1.107527256011963,1.5937319993972778
2025-01-20T05:04:57.000Z,1.1100646257400513,1.5937319993972778
2025-01-20T05:04:57.500Z,1.0874676704406738,1.5937319993972778
2025-01-20T05:04:58.000Z,0.9324169754981995,1.5937319993972778
2025-01-20T05:04:58.500Z,0.9578166007995605,1.5937319993972778
2025-01-20T05:04:59.000Z,1.0023622512817383,1.5937319993972778
2025-01-20T05:04:59.500Z,1.150118350982666,1.5937319993972778
2025-01-20T05:05:00.000Z,1.0542082786560059,1.5937319993972778
2025-01-20T05:05:00.500Z,1.0048671960830688,1.5937319993972778
2025-01-20T05:05:01.000Z,1.0353001356124878,1.5937319993972778
2025-01-20T05:05:01.500Z,1.0826035737991333,1.5937319993972778
2025-01-20T05:05:02.000Z,1.0614312887191772,1.5937319993972778
2025-01-20T05:05:02.500Z,1.0735615491867065,1.5937319993972778
2025-01-20T05:05:03.000Z,0.9936464428901672,1.5937319993972778
2025-01-20T05:05:03.500Z,1.0600839853286743,1.5937319993972778
2025-01-20T05:05:04.000Z,0.9485993981361389,1.5937319993972778
2025-01-20T05:05:04.500Z,1.070595622062683,1.5937319993972778
2025-01-20T05:05:05.000Z,1.026000738143921,1.5937319993972778
2025-01-20T05:05:05.500Z,0.9448889493942261,1.5937319993972778
2025-01-20T05:05:06.000Z,1.093792200088501,1.5937319993972778
2025-01-20T05:05:06.500Z,1.0194587707519531,1.5937319993972778
2025-01-20T05:05:07.000Z,0.893791913986206,1.5937319993972778
2025-01-20T05:05:07.500Z,1.044458270072937,1.5937319993972778
2025-01-20T05:05:08.000Z,0.9357914328575134,1.5937319993972778
2025-01-20T05:05:08.500Z,0.9854862093925476,1.5937319993972778
2025-01-20T05:05:09.000Z,1.0723319053649902,1.5937319993972778
2025-01-20T05:05:09.500Z,1.0247151851654053,1.5937319993972778
2025-01-20T05:05:10.000Z,0.9582122564315796,1.5937319993972778
2025-01-20T05:05:10.500Z,1.1458927392959595,1.5937319993972778
2025-01-20T05:05:11.000Z,1.0561270713806152,1.5937319993972778
2025-01-20T05:05:11.500Z,1.0432920455932617,1.5937319993972778
2025-01-20T05:05:12.000Z,1.1335258483886719,1.5937319993972778
2025-01-20T05:05:12.500Z,1.224286675453186,1.5937319993972778
2025-01-20T05:05:13.000Z,1.0074270963668823,1.5937319993972778
2025-01-20T05:05:13.500Z,1.0259819030761719,1.5937319993972778
2025-01-20T05:05:14.000Z,0.9895887970924377,1.5937319993972778
2025-01-20T05:05:14.500Z,1.0178906917572021,1.5937319993972778
2025-01-20T05:05:15.000Z,1.0462186336517334,1.5937319993972778
2025-01-20T05:05:15.500Z,0.981406569480896,1.5937319993972778
2025-01-20T05:05:16.000Z,0.9933696985244751,1.5937319993972778
2025-01-20T05:05:16.500Z,1.0895349979400635,1.5937319993972778
2025-01-20T05:05:17.000Z,1.033028483390808,1.5937319993972778
2025-01-20T05:05:17.500Z,1.0411688089370728,1.5937319993972778
2025-01-20T05:05:18.000Z,1.074634313583374,1.5937319993972778
2025-01-20T05:05:18.500Z,1.0253056287765503,1.5937319993972778
2025-01-20T05:05:19.000Z,1.0646892786026,1.5937319993972778
2025-01-20T05:05:19.500Z,1.0030534267425537,1.5937319993972778
2025-01-20T05:05:20.000Z,1.1001006364822388,1.5937319993972778
2025-01-20T05:05:20.500Z,1.040192723274231,1.5937319993972778
2025-01-20T05:05:21.000Z,1.1014026403427124,1.5937319993972778
2025-01-20T05:05:21.500Z,0.9173147082328796,1.5937319993972778
2025-01-20T05:05:22.000Z,1.0822210311889648,1.5937319993972778
2025-01-20T05:05:22.500Z,1.098690152168274,1.5937319993972778
2025-01-20T05:05:23.000Z,0.9645994305610657,1.5937319993972778
2025-01-20T05:05:23.500Z,1.0377320051193237,1.5937319993972778
2025-01-20T05:05:24.000Z,0.9360489249229431,1.5937319993972778
2025-01-20T05:05:24.500Z,0.9959291219711304,1.5937319993972778
2025-01-20T05:05:25.000Z,0.9717777371406555,1.5937319993972778
2025-01-20T05:05:25.500Z,0.9815154671669006,1.5937319993972778
2025-01-20T05:05:26.000Z,1.0036481618881226,1.5937319993972778
2025-01-20T05:05:26.500Z,1.1001696586608887,1.5937319993972778
2025-01-20T05:05:27.000Z,0.9469064474105835,1.5937319993972778
2025-01-20T05:05:27.500Z,1.0487583875656128,1.5937319993972778
2025-01-20T05:05:28.000Z,0.9628587961196899,1.5937319993972778
2025-01-20T05:05:28.500Z,1.0234582424163818,1.5937319993972778
2025-01-20T05:05:29.000Z,1.010524868965149,1.5937319993972778
2025-01-20T05:05:29.500Z,1.0145982503890991,1.5937319993972778
2025-01-20T05:05:30.000Z,1.005678653717041,1.5937319993972778
2025-01-20T05:05:30.500Z,1.0218747854232788,1.5937319993972778
2025-01-20T05:05:31.000Z,1.0446159839630127,1.5937319993972778
2025-01-20T05:05:31.500Z,1.100921869277954,1.5937319993972778
2025-01-20T05:05:32.000Z,1.0048742294311523,1.5937319993972778
2025-01-20T05:05:32.500Z,1.0781981945037842,1.5937319993972778
2025-01-20T05:05:33.000Z,1.051849126815796,1.5937319993972778
2025-01-20T05:05:33.500Z,1.113843321800232,1.5937319993972778
2025-01-20T05:05:34.000Z,1.0663855075836182,1.5937319993972778
2025-01-20T05:05:34.500Z,1.0237590074539185,1.5937319993972778
2025-01-20T05:05:35.000Z,1.0448929071426392,1.5937319993972778
2025-01-20T05:05:35.500Z,0.9540677070617676,1.5937319993972778
2025-01-20T05:05:36.000Z,1.0171030759811401,1.5937319993972778
2025-01-20T05:05:36.500Z,1.0017706155776978,1.5937319993972778
2025-01-20T05:05:37.000Z,1.0231136083602905,1.5937319993972778
2025-01-20T05:05:37.500Z,1.0214295387268066,1.5937319993972778
2025-01-20T05:05:38.000Z,1.015878438949585,1.5937319993972778
2025-01-20T05:05:38.500Z,1.0544567108154297,1.5937319993972778
2025-01-20T05:05:39.000Z,1.0241726636886597,1.5937319993972778
2025-01-20T05:05:39.500Z,1.0084532499313354,1.5937319993972778
2025-01-20T05:05:40.000Z,0.9846888184547424,1.5937319993972778
2025-01-20T05:05:40.500Z,0.9744701385498047,1.5937319993972778
2025-01-20T05:05:41.000Z,1.0241427421569824,1.5937319993972778
2025-01-20T05:05:41.500Z,1.0391805171966553,1.5937319993972778
2025-01-20T05:05:42.000Z,1.017886757850647,1.5937319993972778
2025-01-20T05:05:42.500Z,1.0480109453201294,1.5937319993972778
2025-01-20T05:05:43.000Z,1.000470519065857,1.5937319993972778
2025-01-20T05:05:43.500Z,1.0950777530670166,1.5937319993972778
2025-01-20T05:05:44.000Z,0.9735361337661743,1.5937319993972778
2025-01-20T05:05:44.500Z,0.9128114581108093,1.5937319993972778
2025-01-20T05:05:45.000Z,1.0515464544296265,1.5937319993972778
2025-01-20T05:05:45.500Z,1.0716508626937866,1.5937319993972778
2025-01-20T05:05:46.000Z,1.0245256423950195,1.5937319993972778
2025-01-20T05:05:46.500Z,1.1042063236236572,1.5937319993972778
2025-01-20T05:05:47.000Z,1.1437857151031494,1.5937319993972778
2025-01-20T05:05:47.500Z,1.0399935245513916,1.5937319993972778
2025-01-20T05:05:48.000Z,0.96961909532547,1.5937319993972778
2025-01-20T05:05:48.500Z,1.1211004257202148,1.5937319993972778
2025-01-20T05:05:49.000Z,1.048855185508728,1.5937319993972778
2025-01-20T05:05:49.500Z,0.9752539396286011,1.5937319993972778
2025-01-20T05:05:50.000Z,1.14710533618927,1.5937319993972778
2025-01-20T05:05:50.500Z,1.0152781009674072,1.5937319993972778
2025-01-20T05:05:51.000Z,0.9295392632484436,1.5937319993972778
2025-01-20T05:05:51.500Z,0.963194727897644,1.5937319993972778
2025-01-20T05:05:52.000Z,0.9984288811683655,1.5937319993972778
2025-01-20T05:05:52.500Z,1.0840773582458496,1.5937319993972778
2025-01-20T05:05:53.000Z,0.9478398561477661,1.5937319993972778
2025-01-20T05:05:53.500Z,0.9187700152397156,1.5937319993972778
2025-01-20T05:05:54.000Z,0.9312658309936523,1.5937319993972778
2025-01-20T05:05:54.500Z,1.0529727935791016,1.5937319993972778
2025-01-20T05:05:55.000Z,1.0982370376586914,1.5937319993972778
2025-01-20T05:05:55.500Z,1.1623401641845703,1.5937319993972778
2025-01-20T05:05:56.000Z,1.0874824523925781,1.5937319993972778
2025-01-20T05:05:56.500Z,0.9380750060081482,1.5937319993972778
2025-01-20T05:05:57.000Z,0.9371487498283386,1.5937319993972778
2025-01-20T05:05:57.500Z,0.9530195593833923,1.5937319993972778
2025-01-20T05:05:58.000Z,0.9831002950668335,1.5937319993972778
2025-01-20T05:05:58.500Z,1.0730738639831543,1.5937319993972778
2025-01-20T05:05:59.000Z,1.1316280364990234,1.5937319993972778
2025-01-20T05:05:59.500Z,1.0370912551879883,1.5937319993972778
2025-01-20T05:06:00.000Z,0.9898113012313843,1.5937319993972778
2025-01-20T05:06:00.500Z,1.0137031078338623,1.5937319993972778
2025-01-20T05:06:01.000Z,1.0775164365768433,1.5937319993972778
2025-01-20T05:06:01.500Z,0.9311159253120422,1.5937319993972778
2025-01-20T05:06:02.000Z,0.9811948537826538,1.5937319993972778
2025-01-20T05:06:02.500Z,1.0495948791503906,1.5937319993972778
2025-01-20T05:06:03.000Z,1.0242035388946533,1.5937319993972778
2025-01-20T05:06:03.500Z,1.0940171480178833,1.5937319993972778
2025-01-20T05:06:04.000Z,1.0179013013839722,1.5937319993972778
2025-01-20T05:06:04.500Z,0.9679650664329529,1.5937319993972778
2025-01-20T05:06:05.000Z,1.0255227088928223,1.5937319993972778
2025-01-20T05:06:05.500Z,0.9627897143363953,1.5937319993972778
2025-01-20T05:06:06.000Z,0.9304108619689941,1.5937319993972778
2025-01-20T05:06:06.500Z,1.1147279739379883,1.5937319993972778
2025-01-20T05:06:07.000Z,0.9574328064918518,1.5937319993972778
2025-01-20T05:06:07.500Z,1.0222084522247314,1.5937319993972778
2025-01-20T05:06:08.000Z,1.0432626008987427,1.5937319993972778
2025-01-20T05:06:08.500Z,1.0492427349090576,1.5937319993972778
2025-01-20T05:06:09.000Z,0.9980589747428894,1.5937319993972778
2025-01-20T05:06:09.500Z,1.1273046731948853,1.5937319993972778
2025-01-20T05:06:10.000Z,1.0079723596572876,1.5937319993972778
2025-01-20T05:06:10.500Z,0.9903914928436279,1.5937319993972778
2025-01-20T05:06:11.000Z,1.0318114757537842,1.5937319993972778
2025-01-20T05:06:11.500Z,1.0832494497299194,1.5937319993972778
2025-01-20T05:06:12.000Z,1.0858187675476074,1.5937319993972778
2025-01-20T05:06:12.500Z,1.104921579360962,1.5937319993972778
2025-01-20T05:06:13.000Z,1.0279014110565186,1.5937319993972778
2025-01-20T05:06:13.500Z,1.1623661518096924,1.5937319993972778
2025-01-20T05:06:14.000Z,0.9988571405410767,1.5937319993972778
2025-01-20T05:06:14.500Z,1.1242239475250244,1.5937319993972778
2025-01-20T05:06:15.000Z,1.0507442951202393,1.5937319993972778
2025-01-20T05:06:15.500Z,1.0193452835083008,1.5937319993972778
2025-01-20T05:06:16.000Z,1.059661865234375,1.5937319993972778
2025-01-20T05:06:16.500Z,0.9346107244491577,1.5937319993972778
2025-01-20T05:06:17.000Z,0.9723523855209351,1.5937319993972778
2025-01-20T05:06:17.500Z,1.0081596374511719,1.5937319993972778
2025-01-20T05:06:18.000Z,1.102755069732666,1.5937319993972778
2025-01-20T05:06:18.500Z,1.0849440097808838,1.5937319993972778
2025-01-20T05:06:19.000Z,1.0085489749908447,1.5937319993972778
2025-01-20T05:06:19.500Z,0.9425414800643921,1.5937319993972778
2025-01-20T05:06:20.000Z,1.0126062631607056,1.5937319993972778
2025-01-20T05:06:20.500Z,0.915166437625885,1.5937319993972778
2025-01-20T05:06:21.000Z,0.9799490571022034,1.5937319993972778
2025-01-20T05:06:21.500Z,0.9862318634986877,1.5937319993972778
2025-01-20T05:06:22.000Z,0.9819556474685669,1.5937319993972778
2025-01-20T05:06:22.500Z,0.9700735211372375,1.5937319993972778
2025-01-20T05:06:23.000Z,1.0513503551483154,1.5937319993972778
2025-01-20T05:06:23.500Z,1.0584601163864136,1.5937319993972778
2025-01-20T05:06:24.000Z,0.8906594514846802,1.5937319993972778
2025-01-20T05:06:24.500Z,1.0036338567733765,1.5937319993972778
2025-01-20T05:06:25.000Z,1.10099196434021,1.5937319993972778
2025-01-20T05:06:25.500Z,1.0557307004928589,1.5937319993972778
2025-01-20T05:06:26.000Z,1.0765925645828247,1.5937319993972778
2025-01-20T05:06:26.500Z,1.0894850492477417,1.5937319993972778
2025-01-20T05:06:27.000Z,0.9937894344329834,1.5937319993972778
2025-01-20T05:06:27.500Z,1.1436688899993896,1.5937319993972778
2025-01-20T05:06:28.000Z,0.9562407732009888,1.5937319993972778
2025-01-20T05:06:28.500Z,0.9484466314315796,1.5937319993972778
2025-01-20T05:06:29.000Z,1.020862340927124,1.5937319993972778
2025-01-20T05:06:29.500Z,0.9887053370475769,1.5937319993972778
2025-01-20T05:06:30.000Z,1.0260016918182373,1.5937319993972778
2025-01-20T05:06:30.500Z,0.9767799377441406,1.5937319993972778
2025-01-20T05:06:31.000Z,0.95543372631073,1.5937319993972778
2025-01-20T05:06:31.500Z,1.0056419372558594,1.5937319993972778
2025-01-20T05:06:32.000Z,1.079167366027832,1.5937319993972778
2025-01-20T05:06:32.500Z,0.9589920043945312,1.5937319993972778
2025-01-20T05:06:33.000Z,0.9493885636329651,1.5937319993972778
2025-01-20T05:06:33.500Z,1.059992790222168,1.5937319993972778
2025-01-20T05:06:34.000Z,1.0059629678726196,1.5937319993972778
2025-01-20T05:06:34.500Z,1.0041882991790771,1.5937319993972778
2025-01-20T05:06:35.000Z,0.9434347152709961,1.5937319993972778
2025-01-20T05:06:35.500Z,0.895319938659668,1.5937319993972778
2025-01-20T05:06:36.000Z,1.0390369892120361,1.5937319993972778
2025-01-20T05:06:36.500Z,1.013503909111023,1.5937319993972778
2025-01-20T05:06:37.000Z,1.0377486944198608,1.5937319993972778
2025-01-20T05:06:37.500Z,1.0737863779067993,1.5937319993972778
2025-01-20T05:06:38.000Z,0.9362117052078247,1.5937319993972778
2025-01-20T05:06:38.500Z,1.0214654207229614,1.5937319993972778
2025-01-20T05:06:39.000Z,0.9683791399002075,1.5937319993972778
2025-01-20T05:06:39.500Z,0.9764155745506287,1.5937319993972778
2025-01-20T05:06:40.000Z,1.1720856428146362,1.5937319993972778
2025-01-20T05:06:40.500Z,1.1081516742706299,1.5937319993972778
2025-01-20T05:06:41.000Z,1.0682542324066162,1.5937319993972778
2025-01-20T05:06:41.500Z,1.0558204650878906,1.5937319993972778
2025-01-20T05:06:42.000Z,1.1482765674591064,1.5937319993972778
2025-01-20T05:06:42.500Z,1.1155949831008911,1.5937319993972778
2025-01-20T05:06:43.000Z,1.0663788318634033,1.5937319993972778
2025-01-20T05:06:43.500Z,0.9305160045623779,1.5937319993972778
2025-01-20T05:06:44.000Z,0.9110119342803955,1.5937319993972778
2025-01-20T05:06:44.500Z,1.0543169975280762,1.5937319993972778
2025-01-20T05:06:45.000Z,1.0167036056518555,1.5937319993972778
2025-01-20T05:06:45.500Z,1.002097487449646,1.5937319993972778
2025-01-20T05:06:46.000Z,0.9273121356964111,1.5937319993972778
2025-01-20T05:06:46.500Z,1.104353904724121,1.5937319993972778
2025-01-20T05:06:47.000Z,1.063180685043335,1.5937319993972778
2025-01-20T05:06:47.500Z,1.0150519609451294,1.5937319993972778
2025-01-20T05:06:48.000Z,1.0443702936172485,1.5937319993972778
2025-01-20T05:06:48.500Z,0.8977566957473755,1.5937319993972778
2025-01-20T05:06:49.000Z,1.0603281259536743,1.5937319993972778
2025-01-20T05:06:49.500Z,1.046583652496338,1.5937319993972778
2025-01-20T05:06:50.000Z,0.9646298289299011,1.5937319993972778
2025-01-20T05:06:50.500Z,0.9818385243415833,1.5937319993972778
2025-01-20T05:06:51.000Z,0.9378125071525574,1.5937319993972778
2025-01-20T05:06:51.500Z,0.9793058037757874,1.5937319993972778
2025-01-20T05:06:52.000Z,0.963263213634491,1.5937319993972778
2025-01-20T05:06:52.500Z,1.0626208782196045,1.5937319993972778
2025-01-20T05:06:53.000Z,0.9302995800971985,1.5937319993972778
2025-01-20T05:06:53.500Z,1.146006464958191,1.5937319993972778
2025-01-20T05:06:54.000Z,0.9578181505203247,1.5937319993972778
2025-01-20T05:06:54.500Z,1.0620027780532837,1.5937319993972778
2025-01-20T05:06:55.000Z,0.9770909547805786,1.5937319993972778
2025-01-20T05:06:55.500Z,1.0486197471618652,1.5937319993972778
2025-01-20T05:06:56.000Z,1.0012776851654053,1.5937319993972778
2025-01-20T05:06:56.500Z,1.051117181777954,1.5937319993972778
2025-01-20T05:06:57.000Z,1.074033498764038,1.5937319993972778
2025-01-20T05:06:57.500Z,1.0852630138397217,1.5937319993972778
2025-01-20T05:06:58.000Z,1.0146667957305908,1.5937319993972778
2025-01-20T05:06:58.500Z,0.848972499370575,1.5937319993972778
2025-01-20T05:06:59.000Z,0.9956337809562683,1.5937319993972778
2025-01-20T05:06:59.500Z,0.9917240738868713,1.5937319993972778
2025-01-20T05:07:00.000Z,1.0530519485473633,1.5937319993972778
2025-01-20T05:07:00.500Z,0.9807267785072327,1.5937319993972778
2025-01-20T05:07:01.000Z,0.9596714377403259,1.5937319993972778
2025-01-20T05:07:01.500Z,1.0767751932144165,1.5937319993972778
2025-01-20T05:07:02.000Z,0.9630274176597595,1.5937319993972778
2025-01-20T05:07:02.500Z,1.1539204120635986,1.5937319993972778
2025-01-20T05:07:03.000Z,0.9662633538246155,1.5937319993972778
2025-01-20T05:07:03.500Z,1.0449525117874146,1.5937319993972778
2025-01-20T05:07:04.000Z,0.9363425970077515,1.5937319993972778
2025-01-20T05:07:04.500Z,1.09424889087677,1.5937319993972778
2025-01-20T05:07:05.000Z,1.1113957166671753,1.5937319993972778
2025-01-20T05:07:05.500Z,1.094043254852295,1.5937319993972778
2025-01-20T05:07:06.000Z,1.0893293619155884,1.5937319993972778
2025-01-20T05:07:06.500Z,0.9782370328903198,1.5937319993972778
2025-01-20T05:07:07.000Z,1.0727075338363647,1.5937319993972778
2025-01-20T05:07:07.500Z,1.0518580675125122,1.5937319993972778
2025-01-20T05:07:08.000Z,1.0656386613845825,1.5937319993972778
2025-01-20T05:07:08.500Z,1.0295077562332153,1.5937319993972778
2025-01-20T05:07:09.000Z,1.0927393436431885,1.5937319993972778
2025-01-20T05:07:09.500Z,1.03450345993042,1.5937319993972778
2025-01-20T05:07:10.000Z,1.0564237833023071,1.5937319993972778
2025-01-20T05:07:10.500Z,0.9692074656486511,1.5937319993972778
2025-01-20T05:07:11.000Z,0.9521180987358093,1.5937319993972778
2025-01-20T05:07:11.500Z,0.9960752725601196,1.5937319993972778
2025-01-20T05:07:12.000Z,1.0100502967834473,1.5937319993972778
2025-01-20T05:07:12.500Z,1.084770679473877,1.5937319993972778
2025-01-20T05:07:13.000Z,1.0506350994110107,1.5937319993972778
2025-01-20T05:07:13.500Z,1.1031726598739624,1.5937319993972778
2025-01-20T05:07:14.000Z,0.9806257486343384,1.5937319993972778
2025-01-20T05:07:14.500Z,0.8500980138778687,1.5937319993972778
2025-01-20T05:07:15.000Z,0.9762872457504272,1.5937319993972778
2025-01-20T05:07:15.500Z,0.9358383417129517,1.5937319993972778
2025-01-20T05:07:16.000Z,0.8989247679710388,1.5937319993972778
2025-01-20T05:07:16.500Z,1.037131667137146,1.5937319993972778
2025-01-20T05:07:17.000Z,0.962981641292572,1.5937319993972778
2025-01-20T05:07:17.500Z,1.0726332664489746,1.5937319993972778
2025-01-20T05:07:18.000Z,0.9656568765640259,1.5937319993972778
2025-01-20T05:07:18.500Z,0.9633181691169739,1.5937319993972778
2025-01-20T05:07:19.000Z,0.9478350281715393,1.5937319993972778
2025-01-20T05:07:19.500Z,0.9718684554100037,1.5937319993972778
2025-01-20T05:07:20.000Z,1.0537663698196411,1.5937319993972778
2025-01-20T05:07:20.500Z,1.1107757091522217,1.5937319993972778
2025-01-20T05:07:21.000Z,0.9655689597129822,1.5937319993972778
2025-01-20T05:07:21.500Z,1.0134063959121704,1.5937319993972778
2025-01-20T05:07:22.000Z,0.9454143643379211,1.5937319993972778
2025-01-20T05:07:22.500Z,1.0848963260650635,1.5937319993972778
2025-01-20T05:07:23.000Z,1.074445128440857,1.5937319993972778
2025-01-20T05:07:23.500Z,1.0602985620498657,1.5937319993972778
2025-01-20T05:07:24.000Z,1.0274341106414795,1.5937319993972778
2025-01-20T05:07:24.500Z,0.9882051348686218,1.5937319993972778
2025-01-20T05:07:25.000Z,1.0173428058624268,1.5937319993972778
2025-01-20T05:07:25.500Z,0.9138588905334473,1.5937319993972778
2025-01-20T05:07:26.000Z,0.9432472586631775,1.5937319993972778
2025-01-20T05:07:26.500Z,0.9539583325386047,1.5937319993972778
2025-01-20T05:07:27.000Z,0.9202545881271362,1.5937319993972778
2025-01-20T05:07:27.500Z,0.9294809103012085,1.5937319993972778
2025-01-20T05:07:28.000Z,0.953747034072876,1.5937319993972778
2025-01-20T05:07:28.500Z,0.9420126080513,1.5937319993972778
2025-01-20T05:07:29.000Z,1.0774346590042114,1.5937319993972778
2025-01-20T05:07:29.500Z,1.139371395111084,1.5937319993972778
2025-01-20T05:07:30.000Z,0.9784157276153564,1.5937319993972778
2025-01-20T05:07:30.500Z,1.1732491254806519,1.5937319993972778
2025-01-20T05:07:31.000Z,0.9468071460723877,1.5937319993972778
2025-01-20T05:07:31.500Z,1.0040258169174194,1.5937319993972778
2025-01-20T05:07:32.000Z,0.9504439830780029,1.5937319993972778
2025-01-20T05:07:32.500Z,0.9509608149528503,1.5937319993972778
2025-01-20T05:07:33.000Z,0.9864848256111145,1.5937319993972778
2025-01-20T05:07:33.500Z,1.1182777881622314,1.5937319993972778
2025-01-20T05:07:34.000Z,0.9865167737007141,1.5937319993972778
2025-01-20T05:07:34.500Z,0.9272358417510986,1.5937319993972778
2025-01-20T05:07:35.000Z,1.01680588722229,1.5937319993972778
2025-01-20T05:07:35.500Z,1.0712931156158447,1.5937319993972778
2025-01-20T05:07:36.000Z,0.9959462285041809,1.5937319993972778
2025-01-20T05:07:36.500Z,0.9005422592163086,1.5937319993972778
2025-01-20T05:07:37.000Z,0.9511944055557251,1.5937319993972778
2025-01-20T05:07:37.500Z,1.017328143119812,1.5937319993972778
2025-01-20T05:07:38.000Z,1.0829124450683594,1.5937319993972778
2025-01-20T05:07:38.500Z,1.1183924674987793,1.5937319993972778
2025-01-20T05:07:39.000Z,1.0030813217163086,1.5937319993972778
2025-01-20T05:07:39.500Z,0.9505907893180847,1.5937319993972778
2025-01-20T05:07:40.000Z,1.0160949230194092,1.5937319993972778
2025-01-20T05:07:40.500Z,1.041408896446228,1.5937319993972778
2025-01-20T05:07:41.000Z,1.0594979524612427,1.5937319993972778
2025-01-20T05:07:41.500Z,0.8951696753501892,1.5937319993972778
2025-01-20T05:07:42.000Z,1.0232908725738525,1.5937319993972778
2025-01-20T05:07:42.500Z,1.1036696434020996,1.5937319993972778
2025-01-20T05:07:43.000Z,1.0811935663223267,1.5937319993972778
2025-01-20T05:07:43.500Z,1.0212656259536743,1.5937319993972778
2025-01-20T05:07:44.000Z,1.0486106872558594,1.5937319993972778
2025-01-20T05:07:44.500Z,1.0583168268203735,1.5937319993972778
2025-01-20T05:07:45.000Z,1.0326327085494995,1.5937319993972778
2025-01-20T05:07:45.500Z,1.0574074983596802,1.5937319993972778
2025-01-20T05:07:46.000Z,1.0870476961135864,1.5937319993972778
2025-01-20T05:07:46.500Z,1.0572588443756104,1.5937319993972778
2025-01-20T05:07:47.000Z,1.024523138999939,1.5937319993972778
2025-01-20T05:07:47.500Z,0.9779719114303589,1.5937319993972778
2025-01-20T05:07:48.000Z,0.9444935917854309,1.5937319993972778
2025-01-20T05:07:48.500Z,1.0710030794143677,1.5937319993972778
2025-01-20T05:07:49.000Z,1.0543767213821411,1.5937319993972778
2025-01-20T05:07:49.500Z,1.100051999092102,1.5937319993972778
2025-01-20T05:07:50.000Z,0.9647485017776489,1.5937319993972778
2025-01-20T05:07:50.500Z,1.098205327987671,1.5937319993972778
2025-01-20T05:07:51.000Z,1.0293124914169312,1.5937319993972778
2025-01-20T05:07:51.500Z,1.038818597793579,1.5937319993972778
2025-01-20T05:07:52.000Z,1.065787434577942,1.5937319993972778
2025-01-20T05:07:52.500Z,1.1269505023956299,1.5937319993972778
2025-01-20T05:07:53.000Z,1.0425505638122559,1.5937319993972778
2025-01-20T05:07:53.500Z,1.1551049947738647,1.5937319993972778
2025-01-20T05:07:54.000Z,1.0457563400268555,1.5937319993972778
2025-01-20T05:07:54.500Z,1.1119409799575806,1.5937319993972778
2025-01-20T05:07:55.000Z,1.0444873571395874,1.5937319993972778
2025-01-20T05:07:55.500Z,1.0450648069381714,1.5937319993972778
2025-01-20T05:07:56.000Z,0.987714946269989,1.5937319993972778
2025-01-20T05:07:56.500Z,1.0490976572036743,1.5937319993972778
2025-01-20T05:07:57.000Z,1.0178289413452148,1.5937319993972778
2025-01-20T05:07:57.500Z,0.99836665391922,1.5937319993972778
2025-01-20T05:07:58.000Z,0.9908086061477661,1.5937319993972778
2025-01-20T05:07:58.500Z,0.9081905484199524,1.5937319993972778
2025-01-20T05:07:59.000Z,1.0188075304031372,1.5937319993972778
2025-01-20T05:07:59.500Z,0.9245189428329468,1.5937319993972778
2025-01-20T05:08:00.000Z,0.8991373777389526,1.5937319993972778
2025-01-20T05:08:00.500Z,0.9740129709243774,1.5937319993972778
2025-01-20T05:08:01.000Z,0.9902746677398682,1.5937319993972778
2025-01-20T05:08:01.500Z,1.0624330043792725,1.5937319993972778
2025-01-20T05:08:02.000Z,0.9908157587051392,1.5937319993972778
2025-01-20T05:08:02.500Z,0.9692564606666565,1.5937319993972778
2025-01-20T05:08:03.000Z,1.0775611400604248,1.5937319993972778
2025-01-20T05:08:03.500Z,1.0988988876342773,1.5937319993972778
2025-01-20T05:08:04.000Z,1.0791867971420288,1.5937319993972778
2025-01-20T05:08:04.500Z,1.038800597190857,1.5937319993972778
2025-01-20T05:08:05.000Z,1.0043057203292847,1.5937319993972778
2025-01-20T05:08:05.500Z,1.0104320049285889,1.5937319993972778
2025-01-20T05:08:06.000Z,1.2428371906280518,1.5937319993972778
2025-01-20T05:08:06.500Z,1.2237393856048584,1.5937319993972778
2025-01-20T05:08:07.000Z,1.0752060413360596,1.5937319993972778
2025-01-20T05:08:07.500Z,1.0405572652816772,1.5937319993972778
2025-01-20T05:08:08.000Z,1.1251112222671509,1.5937319993972778
2025-01-20T05:08:08.500Z,1.0616612434387207,1.5937319993972778
2025-01-20T05:08:09.000Z,1.1673871278762817,1.5937319993972778
2025-01-20T05:08:09.500Z,1.0539125204086304,1.5937319993972778
2025-01-20T05:08:10.000Z,1.1040905714035034,1.5937319993972778
2025-01-20T05:08:10.500Z,1.0311726331710815,1.5937319993972778
2025-01-20T05:08:11.000Z,1.0880192518234253,1.5937319993972778
2025-01-20T05:08:11.500Z,0.9834840297698975,1.5937319993972778
2025-01-20T05:08:12.000Z,1.0357745885849,1.5937319993972778
2025-01-20T05:08:12.500Z,0.9763802289962769,1.5937319993972778
2025-01-20T05:08:13.000Z,1.1300127506256104,1.5937319993972778
2025-01-20T05:08:13.500Z,1.0453836917877197,1.5937319993972778
2025-01-20T05:08:14.000Z,1.1355998516082764,1.5937319993972778
2025-01-20T05:08:14.500Z,1.2091431617736816,1.5937319993972778
2025-01-20T05:08:15.000Z,1.126512885093689,1.5937319993972778
2025-01-20T05:08:15.500Z,1.082634449005127,1.5937319993972778
2025-01-20T05:08:16.000Z,1.0769174098968506,1.5937319993972778
2025-01-20T05:08:16.500Z,1.1750606298446655,1.5937319993972778
2025-01-20T05:08:17.000Z,1.0431023836135864,1.5937319993972778
2025-01-20T05:08:17.500Z,1.1158169507980347,1.5937319993972778
2025-01-20T05:08:18.000Z,0.9578607082366943,1.5937319993972778
2025-01-20T05:08:18.500Z,0.9851076006889343,1.5937319993972778
2025-01-20T05:08:19.000Z,0.9442715048789978,1.5937319993972778
2025-01-20T05:08:19.500Z,0.926207423210144,1.5937319993972778
2025-01-20T05:08:20.000Z,0.8937079906463623,1.5937319993972778
2025-01-20T05:08:20.500Z,0.9349892735481262,1.5937319993972778
2025-01-20T05:08:21.000Z,0.7739068269729614,1.5937319993972778
2025-01-20T05:08:21.500Z,0.8535028100013733,1.5937319993972778
2025-01-20T05:08:22.000Z,0.8299339413642883,1.5937319993972778
2025-01-20T05:08:22.500Z,0.9569382667541504,1.5937319993972778
2025-01-20T05:08:23.000Z,0.9576684236526489,1.5937319993972778
2025-01-20T05:08:23.500Z,0.8922854065895081,1.5937319993972778
2025-01-20T05:08:24.000Z,0.9827409982681274,1.5937319993972778
2025-01-20T05:08:24.500Z,0.9468913674354553,1.5937319993972778
2025-01-20T05:08:25.000Z,0.8066412806510925,1.5937319993972778
2025-01-20T05:08:25.500Z,0.9953306317329407,1.5937319993972778
2025-01-20T05:08:26.000Z,0.8974058032035828,1.5937319993972778
2025-01-20T05:08:26.500Z,0.9885408282279968,1.5937319993972778
2025-01-20T05:08:27.000Z,1.0949440002441406,1.5937319993972778
2025-01-20T05:08:27.500Z,1.208328366279602,1.5937319993972778
2025-01-20T05:08:28.000Z,1.0097237825393677,1.5937319993972778
2025-01-20T05:08:28.500Z,1.1700793504714966,1.5937319993972778
2025-01-20T05:08:29.000Z,0.997288703918457,1.5937319993972778
2025-01-20T05:08:29.500Z,1.0744140148162842,1.5937319993972778
2025-01-20T05:08:30.000Z,1.181977391242981,1.5937319993972778
2025-01-20T05:08:30.500Z,1.0419572591781616,1.5937319993972778
2025-01-20T05:08:31.000Z,0.9932182431221008,1.5937319993972778
2025-01-20T05:08:31.500Z,1.076611042022705,1.5937319993972778
2025-01-20T05:08:32.000Z,1.099819540977478,1.5937319993972778
2025-01-20T05:08:32.500Z,1.1145377159118652,1.5937319993972778
2025-01-20T05:08:33.000Z,1.0900849103927612,1.5937319993972778
2025-01-20T05:08:33.500Z,1.0262947082519531,1.5937319993972778
2025-01-20T05:08:34.000Z,1.0580400228500366,1.5937319993972778
2025-01-20T05:08:34.500Z,1.026513695716858,1.5937319993972778
2025-01-20T05:08:35.000Z,1.0306516885757446,1.5937319993972778
2025-01-20T05:08:35.500Z,1.0831648111343384,1.5937319993972778
2025-01-20T05:08:36.000Z,1.0149997472763062,1.5937319993972778
2025-01-20T05:08:36.500Z,0.9385413527488708,1.5937319993972778
2025-01-20T05:08:37.000Z,0.9850613474845886,1.5937319993972778
2025-01-20T05:08:37.500Z,1.1677131652832031,1.5937319993972778
2025-01-20T05:08:38.000Z,0.9761899709701538,1.5937319993972778
2025-01-20T05:08:38.500Z,1.0422793626785278,1.5937319993972778
2025-01-20T05:08:39.000Z,0.9576261639595032,1.5937319993972778
2025-01-20T05:08:39.500Z,0.9653744697570801,1.5937319993972778
2025-01-20T05:08:40.000Z,0.9455364942550659,1.5937319993972778
2025-01-20T05:08:40.500Z,1.0736055374145508,1.5937319993972778
2025-01-20T05:08:41.000Z,0.9814316034317017,1.5937319993972778
2025-01-20T05:08:41.500Z,0.9921287298202515,1.5937319993972778
2025-01-20T05:08:42.000Z,1.0076920986175537,1.5937319993972778
2025-01-20T05:08:42.500Z,0.991230309009552,1.5937319993972778
2025-01-20T05:08:43.000Z,1.1580736637115479,1.5937319993972778
2025-01-20T05:08:43.500Z,0.9890711307525635,1.5937319993972778
2025-01-20T05:08:44.000Z,0.9469168186187744,1.5937319993972778
2025-01-20T05:08:44.500Z,1.0523940324783325,1.5937319993972778
2025-01-20T05:08:45.000Z,0.9803084135055542,1.5937319993972778
2025-01-20T05:08:45.500Z,0.9556537866592407,1.5937319993972778
2025-01-20T05:08:46.000Z,1.1077394485473633,1.5937319993972778
2025-01-20T05:08:46.500Z,1.2204759120941162,1.5937319993972778
2025-01-20T05:08:47.000Z,1.0326048135757446,1.5937319993972778
2025-01-20T05:08:47.500Z,1.0997122526168823,1.5937319993972778
2025-01-20T05:08:48.000Z,0.9247902631759644,1.5937319993972778
2025-01-20T05:08:48.500Z,0.9319106340408325,1.5937319993972778
2025-01-20T05:08:49.000Z,1.0191963911056519,1.5937319993972778
2025-01-20T05:08:49.500Z,1.030600905418396,1.5937319993972778
2025-01-20T05:08:50.000Z,0.9712862372398376,1.5937319993972778
2025-01-20T05:08:50.500Z,1.107791543006897,1.5937319993972778
2025-01-20T05:08:51.000Z,1.091315746307373,1.5937319993972778
2025-01-20T05:08:51.500Z,1.0196762084960938,1.5937319993972778
2025-01-20T05:08:52.000Z,1.1142221689224243,1.5937319993972778
2025-01-20T05:08:52.500Z,0.9653694033622742,1.5937319993972778
2025-01-20T05:08:53.000Z,0.9138540029525757,1.5937319993972778
2025-01-20T05:08:53.500Z,1.0752277374267578,1.5937319993972778
2025-01-20T05:08:54.000Z,0.9015461206436157,1.5937319993972778
2025-01-20T05:08:54.500Z,1.0141069889068604,1.5937319993972778
2025-01-20T05:08:55.000Z,0.9392818808555603,1.5937319993972778
2025-01-20T05:08:55.500Z,1.109274983406067,1.5937319993972778
2025-01-20T05:08:56.000Z,1.134144902229309,1.5937319993972778
2025-01-20T05:08:56.500Z,1.090958833694458,1.5937319993972778
2025-01-20T05:08:57.000Z,0.9636811017990112,1.5937319993972778
2025-01-20T05:08:57.500Z,1.020055890083313,1.5937319993972778
2025-01-20T05:08:58.000Z,0.9718224406242371,1.5937319993972778
2025-01-20T05:08:58.500Z,1.0991973876953125,1.5937319993972778
2025-01-20T05:08:59.000Z,0.974762499332428,1.5937319993972778
2025-01-20T05:08:59.500Z,0.9353889226913452,1.5937319993972778
2025-01-20T05:09:00.000Z,1.006130337715149,1.5937319993972778
2025-01-20T05:09:00.500Z,1.1160569190979004,1.5937319993972778
2025-01-20T05:09:01.000Z,1.004312515258789,1.5937319993972778
2025-01-20T05:09:01.500Z,0.9775880575180054,1.5937319993972778
2025-01-20T05:09:02.000Z,0.9517310857772827,1.5937319993972778
2025-01-20T05:09:02.500Z,0.9024301767349243,1.5937319993972778
2025-01-20T05:09:03.000Z,0.9199631214141846,1.5937319993972778
2025-01-20T05:09:03.500Z,1.0690007209777832,1.5937319993972778
2025-01-20T05:09:04.000Z,1.0322632789611816,1.5937319993972778
2025-01-20T05:09:04.500Z,0.9279757738113403,1.5937319993972778
2025-01-20T05:09:05.000Z,1.0217686891555786,1.5937319993972778
2025-01-20T05:09:05.500Z,0.9211447238922119,1.5937319993972778
2025-01-20T05:09:06.000Z,0.9592629671096802,1.5937319993972778
2025-01-20T05:09:06.500Z,0.9688227772712708,1.5937319993972778
2025-01-20T05:09:07.000Z,0.8762755990028381,1.5937319993972778
2025-01-20T05:09:07.500Z,1.0285048484802246,1.5937319993972778
2025-01-20T05:09:08.000Z,0.989885687828064,1.5937319993972778
2025-01-20T05:09:08.500Z,0.9947580099105835,1.5937319993972778
2025-01-20T05:09:09.000Z,1.0066606998443604,1.5937319993972778
2025-01-20T05:09:09.500Z,1.0255905389785767,1.5937319993972778
2025-01-20T05:09:10.000Z,0.9475008845329285,1.5937319993972778
2025-01-20T05:09:10.500Z,1.0006035566329956,1.5937319993972778
2025-01-20T05:09:11.000Z,1.124901533126831,1.5937319993972778
2025-01-20T05:09:11.500Z,1.0683393478393555,1.5937319993972778
2025-01-20T05:09:12.000Z,1.0624319314956665,1.5937319993972778
2025-01-20T05:09:12.500Z,1.138806700706482,1.5937319993972778
2025-01-20T05:09:13.000Z,1.0431879758834839,1.5937319993972778
2025-01-20T05:09:13.500Z,1.0607030391693115,1.5937319993972778
2025-01-20T05:09:14.000Z,1.0487570762634277,1.5937319993972778
2025-01-20T05:09:14.500Z,1.0988965034484863,1.5937319993972778
2025-01-20T05:09:15.000Z,0.9765204787254333,1.5937319993972778
2025-01-20T05:09:15.500Z,0.9540818929672241,1.5937319993972778
2025-01-20T05:09:16.000Z,0.9852299690246582,1.5937319993972778
2025-01-20T05:09:16.500Z,0.966478168964386,1.5937319993972778
2025-01-20T05:09:17.000Z,0.974931538105011,1.5937319993972778
2025-01-20T05:09:17.500Z,0.8882216811180115,1.5937319993972778
2025-01-20T05:09:18.000Z,0.9560703039169312,1.5937319993972778
2025-01-20T05:09:18.500Z,1.0569875240325928,1.5937319993972778
2025-01-20T05:09:19.000Z,0.9723902344703674,1.5937319993972778
2025-01-20T05:09:19.500Z,0.9710556864738464,1.5937319993972778
2025-01-20T05:09:20.000Z,0.9214292168617249,1.5937319993972778
2025-01-20T05:09:20.500Z,1.0489590167999268,1.5937319993972778
2025-01-20T05:09:21.000Z,1.1035611629486084,1.5937319993972778
2025-01-20T05:09:21.500Z,1.0629446506500244,1.5937319993972778
2025-01-20T05:09:22.000Z,0.9917057752609253,1.5937319993972778
2025-01-20T05:09:22.500Z,0.9653124213218689,1.5937319993972778
2025-01-20T05:09:23.000Z,1.0443955659866333,1.5937319993972778
2025-01-20T05:09:23.500Z,1.055252194404602,1.5937319993972778
2025-01-20T05:09:24.000Z,1.0995036363601685,1.5937319993972778
2025-01-20T05:09:24.500Z,1.2024046182632446,1.5937319993972778
2025-01-20T05:09:25.000Z,1.1748350858688354,1.5937319993972778
2025-01-20T05:09:25.500Z,1.044798731803894,1.5937319993972778
2025-01-20T05:09:26.000Z,1.259900689125061,1.5937319993972778
2025-01-20T05:09:26.500Z,1.011582612991333,1.5937319993972778
2025-01-20T05:09:27.000Z,0.9201597571372986,1.5937319993972778
2025-01-20T05:09:27.500Z,0.998507559299469,1.5937319993972778
2025-01-20T05:09:28.000Z,1.1045958995819092,1.5937319993972778
2025-01-20T05:09:28.500Z,0.9869412779808044,1.5937319993972778
2025-01-20T05:09:29.000Z,1.052699327468872,1.5937319993972778
2025-01-20T05:09:29.500Z,1.0603944063186646,1.5937319993972778
2025-01-20T05:09:30.000Z,1.1488333940505981,1.5937319993972778
2025-01-20T05:09:30.500Z,1.046065330505371,1.5937319993972778
2025-01-20T05:09:31.000Z,1.0463396310806274,1.5937319993972778
2025-01-20T05:09:31.500Z,0.9705073237419128,1.5937319993972778
2025-01-20T05:09:32.000Z,0.993347704410553,1.5937319993972778
2025-01-20T05:09:32.500Z,1.0225454568862915,1.5937319993972778
2025-01-20T05:09:33.000Z,1.009979486465454,1.5937319993972778
2025-01-20T05:09:33.500Z,1.081627368927002,1.5937319993972778
2025-01-20T05:09:34.000Z,0.9187710881233215,1.5937319993972778
2025-01-20T05:09:34.500Z,0.9186434745788574,1.5937319993972778
2025-01-20T05:09:35.000Z,0.8860244154930115,1.5937319993972778
2025-01-20T05:09:35.500Z,0.8814305067062378,1.5937319993972778
2025-01-20T05:09:36.000Z,0.9725040793418884,1.5937319993972778
2025-01-20T05:09:36.500Z,1.093155860900879,1.5937319993972778
2025-01-20T05:09:37.000Z,0.9259176254272461,1.5937319993972778
2025-01-20T05:09:37.500Z,1.0842491388320923,1.5937319993972778
2025-01-20T05:09:38.000Z,0.9760021567344666,1.5937319993972778
2025-01-20T05:09:38.500Z,1.0808122158050537,1.5937319993972778
2025-01-20T05:09:39.000Z,0.9860436320304871,1.5937319993972778
2025-01-20T05:09:39.500Z,0.9808539152145386,1.5937319993972778
2025-01-20T05:09:40.000Z,0.9440836310386658,1.5937319993972778
2025-01-20T05:09:40.500Z,0.8675245642662048,1.5937319993972778
2025-01-20T05:09:41.000Z,1.0511794090270996,1.5937319993972778
2025-01-20T05:09:41.500Z,0.9378371238708496,1.5937319993972778
2025-01-20T05:09:42.000Z,0.9807372689247131,1.5937319993972778
2025-01-20T05:09:42.500Z,0.9973090291023254,1.5937319993972778
2025-01-20T05:09:43.000Z,1.1598824262619019,1.5937319993972778
2025-01-20T05:09:43.500Z,1.0402553081512451,1.5937319993972778
2025-01-20T05:09:44.000Z,0.993091344833374,1.5937319993972778
2025-01-20T05:09:44.500Z,1.0904626846313477,1.5937319993972778
2025-01-20T05:09:45.000Z,1.022330641746521,1.5937319993972778
2025-01-20T05:09:45.500Z,0.9684720635414124,1.5937319993972778
2025-01-20T05:09:46.000Z,1.0029287338256836,1.5937319993972778
2025-01-20T05:09:46.500Z,1.1032588481903076,1.5937319993972778
2025-01-20T05:09:47.000Z,0.9033195972442627,1.5937319993972778
2025-01-20T05:09:47.500Z,0.9314346313476562,1.5937319993972778
2025-01-20T05:09:48.000Z,1.0430828332901,1.5937319993972778
2025-01-20T05:09:48.500Z,0.9884706735610962,1.5937319993972778
2025-01-20T05:09:49.000Z,1.0558184385299683,1.5937319993972778
2025-01-20T05:09:49.500Z,1.0122169256210327,1.5937319993972778
2025-01-20T05:09:50.000Z,1.0949366092681885,1.5937319993972778
2025-01-20T05:09:50.500Z,1.0515809059143066,1.5937319993972778
2025-01-20T05:09:51.000Z,1.0166658163070679,1.5937319993972778
2025-01-20T05:09:51.500Z,1.1370108127593994,1.5937319993972778
2025-01-20T05:09:52.000Z,1.0303399562835693,1.5937319993972778
2025-01-20T05:09:52.500Z,1.1138972043991089,1.5937319993972778
2025-01-20T05:09:53.000Z,1.0405199527740479,1.5937319993972778
2025-01-20T05:09:53.500Z,1.0114483833312988,1.5937319993972778
2025-01-20T05:09:54.000Z,0.9703699350357056,1.5937319993972778
2025-01-20T05:09:54.500Z,0.9523908495903015,1.5937319993972778
2025-01-20T05:09:55.000Z,0.9955735206604004,1.5937319993972778
2025-01-20T05:09:55.500Z,0.9935815930366516,1.5937319993972778
2025-01-20T05:09:56.000Z,0.9863788485527039,1.5937319993972778
2025-01-20T05:09:56.500Z,1.0451420545578003,1.5937319993972778
2025-01-20T05:09:57.000Z,1.0412007570266724,1.5937319993972778
2025-01-20T05:09:57.500Z,1.1313915252685547,1.5937319993972778
2025-01-20T05:09:58.000Z,1.0952068567276,1.5937319993972778
2025-01-20T05:09:58.500Z,0.9467093348503113,1.5937319993972778
2025-01-20T05:09:59.000Z,1.0660079717636108,1.5937319993972778
2025-01-20T05:09:59.500Z,0.9957584142684937,1.5937319993972778
2025-01-20T05:10:00.000Z,1.1261276006698608,1.5937319993972778
2025-01-20T05:10:00.500Z,1.0377296209335327,1.5937319993972778
2025-01-20T05:10:01.000Z,0.9990159273147583,1.5937319993972778
2025-01-20T05:10:01.500Z,0.9995596408843994,1.5937319993972778
2025-01-20T05:10:02.000Z,1.0575284957885742,1.5937319993972778
2025-01-20T05:10:02.500Z,1.0343306064605713,1.5937319993972778
2025-01-20T05:10:03.000Z,0.8951260447502136,1.5937319993972778
2025-01-20T05:10:03.500Z,0.9348064661026001,1.5937319993972778
2025-01-20T05:10:04.000Z,0.9271800518035889,1.5937319993972778
2025-01-20T05:10:04.500Z,0.9670458436012268,1.5937319993972778
2025-01-20T05:10:05.000Z,1.1664689779281616,1.5937319993972778
2025-01-20T05:10:05.500Z,1.0525195598602295,1.5937319993972778
2025-01-20T05:10:06.000Z,1.0579270124435425,1.5937319993972778
2025-01-20T05:10:06.500Z,0.982997477054596,1.5937319993972778
2025-01-20T05:10:07.000Z,0.9897118806838989,1.5937319993972778
2025-01-20T05:10:07.500Z,1.0065529346466064,1.5937319993972778
2025-01-20T05:10:08.000Z,0.9168874621391296,1.5937319993972778
2025-01-20T05:10:08.500Z,0.9411211013793945,1.5937319993972778
2025-01-20T05:10:09.000Z,0.9325764179229736,1.5937319993972778
2025-01-20T05:10:09.500Z,0.9378906488418579,1.5937319993972778
2025-01-20T05:10:10.000Z,1.028328537940979,1.5937319993972778
2025-01-20T05:10:10.500Z,0.9483936429023743,1.5937319993972778
2025-01-20T05:10:11.000Z,0.8675897717475891,1.5937319993972778
2025-01-20T05:10:11.500Z,1.0702239274978638,1.5937319993972778
2025-01-20T05:10:12.000Z,0.9770912528038025,1.5937319993972778
2025-01-20T05:10:12.500Z,1.025852918624878,1.5937319993972778
2025-01-20T05:10:13.000Z,1.1722345352172852,1.5937319993972778
2025-01-20T05:10:13.500Z,1.048755168914795,1.5937319993972778
2025-01-20T05:10:14.000Z,0.9988129138946533,1.5937319993972778
2025-01-20T05:10:14.500Z,0.9604125618934631,1.5937319993972778
2025-01-20T05:10:15.000Z,0.9746014475822449,1.5937319993972778
2025-01-20T05:10:15.500Z,1.0254993438720703,1.5937319993972778
2025-01-20T05:10:16.000Z,1.073509931564331,1.5937319993972778
2025-01-20T05:10:16.500Z,1.0373419523239136,1.5937319993972778
2025-01-20T05:10:17.000Z,1.005048394203186,1.5937319993972778
2025-01-20T05:10:17.500Z,0.997905969619751,1.5937319993972778
2025-01-20T05:10:18.000Z,1.0915865898132324,1.5937319993972778
2025-01-20T05:10:18.500Z,1.0284652709960938,1.5937319993972778
2025-01-20T05:10:19.000Z,1.0254307985305786,1.5937319993972778
2025-01-20T05:10:19.500Z,1.0614116191864014,1.5937319993972778
2025-01-20T05:10:20.000Z,0.9590615630149841,1.5937319993972778
2025-01-20T05:10:20.500Z,0.9830207824707031,1.5937319993972778
2025-01-20T05:10:21.000Z,0.9574326276779175,1.5937319993972778
2025-01-20T05:10:21.500Z,1.0487271547317505,1.5937319993972778
2025-01-20T05:10:22.000Z,0.9741920828819275,1.5937319993972778
2025-01-20T05:10:22.500Z,1.0084730386734009,1.5937319993972778
2025-01-20T05:10:23.000Z,1.015404224395752,1.5937319993972778
2025-01-20T05:10:23.500Z,0.9611952304840088,1.5937319993972778
2025-01-20T05:10:24.000Z,0.9883372783660889,1.5937319993972778
2025-01-20T05:10:24.500Z,0.9686564803123474,1.5937319993972778
2025-01-20T05:10:25.000Z,1.0009915828704834,1.5937319993972778
2025-01-20T05:10:25.500Z,1.0134309530258179,1.5937319993972778
2025-01-20T05:10:26.000Z,1.0080872774124146,1.5937319993972778
2025-01-20T05:10:26.500Z,1.0211158990859985,1.5937319993972778
2025-01-20T05:10:27.000Z,0.9789426326751709,1.5937319993972778
2025-01-20T05:10:27.500Z,1.1498675346374512,1.5937319993972778
2025-01-20T05:10:28.000Z,1.002052664756775,1.5937319993972778
2025-01-20T05:10:28.500Z,1.0040913820266724,1.5937319993972778
2025-01-20T05:10:29.000Z,1.047906517982483,1.5937319993972778
2025-01-20T05:10:29.500Z,1.0410116910934448,1.5937319993972778
2025-01-20T05:10:30.000Z,1.0756053924560547,1.5937319993972778
2025-01-20T05:10:30.500Z,0.9113187193870544,1.5937319993972778
2025-01-20T05:10:31.000Z,1.0003398656845093,1.5937319993972778
2025-01-20T05:10:31.500Z,1.0556578636169434,1.5937319993972778
2025-01-20T05:10:32.000Z,0.9658908247947693,1.5937319993972778
2025-01-20T05:10:32.500Z,0.9902456998825073,1.5937319993972778
2025-01-20T05:10:33.000Z,1.101354718208313,1.5937319993972778
2025-01-20T05:10:33.500Z,1.0267589092254639,1.5937319993972778
2025-01-20T05:10:34.000Z,1.0147141218185425,1.5937319993972778
2025-01-20T05:10:34.500Z,0.9253612756729126,1.5937319993972778
2025-01-20T05:10:35.000Z,0.9805805683135986,1.5937319993972778
2025-01-20T05:10:35.500Z,0.9788343906402588,1.5937319993972778
2025-01-20T05:10:36.000Z,1.0432566404342651,1.5937319993972778
2025-01-20T05:10:36.500Z,0.925410807132721,1.5937319993972778
2025-01-20T05:10:37.000Z,1.071159839630127,1.5937319993972778
2025-01-20T05:10:37.500Z,1.1064980030059814,1.5937319993972778
2025-01-20T05:10:38.000Z,1.0876442193984985,1.5937319993972778
2025-01-20T05:10:38.500Z,1.0747729539871216,1.5937319993972778
2025-01-20T05:10:39.000Z,1.0712471008300781,1.5937319993972778
2025-01-20T05:10:39.500Z,0.9320482015609741,1.5937319993972778
2025-01-20T05:10:40.000Z,1.0790499448776245,1.5937319993972778
2025-01-20T05:10:40.500Z,0.9582557678222656,1.5937319993972778
2025-01-20T05:10:41.000Z,1.0372450351715088,1.5937319993972778
2025-01-20T05:10:41.500Z,1.032037377357483,1.5937319993972778
2025-01-20T05:10:42.000Z,0.9032107591629028,1.5937319993972778
2025-01-20T05:10:42.500Z,1.0693734884262085,1.5937319993972778
2025-01-20T05:10:43.000Z,1.0341992378234863,1.5937319993972778
2025-01-20T05:10:43.500Z,1.0991569757461548,1.5937319993972778
2025-01-20T05:10:44.000Z,1.0512593984603882,1.5937319993972778
2025-01-20T05:10:44.500Z,1.1113656759262085,1.5937319993972778
2025-01-20T05:10:45.000Z,0.9973567724227905,1.5937319993972778
2025-01-20T05:10:45.500Z,0.9549587368965149,1.5937319993972778
2025-01-20T05:10:46.000Z,1.0581327676773071,1.5937319993972778
2025-01-20T05:10:46.500Z,1.117522954940796,1.5937319993972778
2025-01-20T05:10:47.000Z,0.9794671535491943,1.5937319993972778
2025-01-20T05:10:47.500Z,0.9897559881210327,1.5937319993972778
2025-01-20T05:10:48.000Z,0.9775192141532898,1.5937319993972778
2025-01-20T05:10:48.500Z,1.1415796279907227,1.5937319993972778
2025-01-20T05:10:49.000Z,1.088499903678894,1.5937319993972778
2025-01-20T05:10:49.500Z,1.1066399812698364,1.5937319993972778
2025-01-20T05:10:50.000Z,1.1755316257476807,1.5937319993972778
2025-01-20T05:10:50.500Z,1.0587610006332397,1.5937319993972778
2025-01-20T05:10:51.000Z,1.0738427639007568,1.5937319993972778
2025-01-20T05:10:51.500Z,0.9835488796234131,1.5937319993972778
2025-01-20T05:10:52.000Z,1.0520453453063965,1.5937319993972778
2025-01-20T05:10:52.500Z,0.8956364989280701,1.5937319993972778
2025-01-20T05:10:53.000Z,1.0662728548049927,1.5937319993972778
2025-01-20T05:10:53.500Z,0.9877132177352905,1.5937319993972778
2025-01-20T05:10:54.000Z,0.9676999449729919,1.5937319993972778
2025-01-20T05:10:54.500Z,1.0085222721099854,1.5937319993972778
2025-01-20T05:10:55.000Z,0.9701464772224426,1.5937319993972778
2025-01-20T05:10:55.500Z,0.8843691945075989,1.5937319993972778
2025-01-20T05:10:56.000Z,0.9975003004074097,1.5937319993972778
2025-01-20T05:10:56.500Z,1.0650357007980347,1.5937319993972778
2025-01-20T05:10:57.000Z,0.9616097211837769,1.5937319993972778
2025-01-20T05:10:57.500Z,0.9233956336975098,1.5937319993972778
2025-01-20T05:10:58.000Z,0.9096891283988953,1.5937319993972778
2025-01-20T05:10:58.500Z,0.9248926043510437,1.5937319993972778
2025-01-20T05:10:59.000Z,1.047781229019165,1.5937319993972778
2025-01-20T05:10:59.500Z,0.932542085647583,1.5937319993972778
2025-01-20T05:11:00.000Z,0.8933254480361938,1.5937319993972778
2025-01-20T05:11:00.500Z,1.0110334157943726,1.5937319993972778
2025-01-20T05:11:01.000Z,1.0391844511032104,1.5937319993972778
2025-01-20T05:11:01.500Z,0.9622470140457153,1.5937319993972778
2025-01-20T05:11:02.000Z,0.9729730486869812,1.5937319993972778
2025-01-20T05:11:02.500Z,0.8985146284103394,1.5937319993972778
2025-01-20T05:11:03.000Z,1.0293306112289429,1.5937319993972778
2025-01-20T05:11:03.500Z,1.0656774044036865,1.5937319993972778
2025-01-20T05:11:04.000Z,0.9810757637023926,1.5937319993972778
2025-01-20T05:11:04.500Z,1.113791584968567,1.5937319993972778
2025-01-20T05:11:05.000Z,0.9560022354125977,1.5937319993972778
2025-01-20T05:11:05.500Z,1.0435606241226196,1.5937319993972778
2025-01-20T05:11:06.000Z,1.158528447151184,1.5937319993972778
2025-01-20T05:11:06.500Z,0.9924935102462769,1.5937319993972778
2025-01-20T05:11:07.000Z,0.9862444400787354,1.5937319993972778
2025-01-20T05:11:07.500Z,1.124337911605835,1.5937319993972778
2025-01-20T05:11:08.000Z,1.1380914449691772,1.5937319993972778
2025-01-20T05:11:08.500Z,1.125406265258789,1.5937319993972778
2025-01-20T05:11:09.000Z,1.0924440622329712,1.5937319993972778
2025-01-20T05:11:09.500Z,1.0210506916046143,1.5937319993972778
2025-01-20T05:11:10.000Z,1.075779676437378,1.5937319993972778
2025-01-20T05:11:10.500Z,1.0318294763565063,1.5937319993972778
2025-01-20T05:11:11.000Z,1.0696358680725098,1.5937319993972778
2025-01-20T05:11:11.500Z,1.073652982711792,1.5937319993972778
2025-01-20T05:11:12.000Z,0.8586942553520203,1.5937319993972778
2025-01-20T05:11:12.500Z,0.9737390875816345,1.5937319993972778
2025-01-20T05:11:13.000Z,1.03501558303833,1.5937319993972778
2025-01-20T05:11:13.500Z,1.0646065473556519,1.5937319993972778
2025-01-20T05:11:14.000Z,0.9743260145187378,1.5937319993972778
2025-01-20T05:11:14.500Z,1.039099097251892,1.5937319993972778
2025-01-20T05:11:15.000Z,1.0597467422485352,1.5937319993972778
2025-01-20T05:11:15.500Z,0.8932353854179382,1.5937319993972778
2025-01-20T05:11:16.000Z,1.0857032537460327,1.5937319993972778
2025-01-20T05:11:16.500Z,0.9841595888137817,1.5937319993972778
2025-01-20T05:11:17.000Z,0.9673830270767212,1.5937319993972778
2025-01-20T05:11:17.500Z,1.0187829732894897,1.5937319993972778
2025-01-20T05:11:18.000Z,0.9760841131210327,1.5937319993972778
2025-01-20T05:11:18.500Z,1.052538514137268,1.5937319993972778
2025-01-20T05:11:19.000Z,0.9434958100318909,1.5937319993972778
2025-01-20T05:11:19.500Z,0.9052712321281433,1.5937319993972778
2025-01-20T05:11:20.000Z,0.9909397959709167,1.5937319993972778
2025-01-20T05:11:20.500Z,1.0067051649093628,1.5937319993972778
2025-01-20T05:11:21.000Z,0.9496215581893921,1.5937319993972778
2025-01-20T05:11:21.500Z,0.9969199895858765,1.5937319993972778
2025-01-20T05:11:22.000Z,0.9920879602432251,1.5937319993972778
2025-01-20T05:11:22.500Z,1.0051188468933105,1.5937319993972778
2025-01-20T05:11:23.000Z,0.9872033596038818,1.5937319993972778
2025-01-20T05:11:23.500Z,1.0605604648590088,1.5937319993972778
2025-01-20T05:11:24.000Z,0.954391598701477,1.5937319993972778
2025-01-20T05:11:24.500Z,0.911675751209259,1.5937319993972778
2025-01-20T05:11:25.000Z,0.9762399196624756,1.5937319993972778
2025-01-20T05:11:25.500Z,0.9229390621185303,1.5937319993972778
2025-01-20T05:11:26.000Z,1.1489391326904297,1.5937319993972778
2025-01-20T05:11:26.500Z,1.0053246021270752,1.5937319993972778
2025-01-20T05:11:27.000Z,0.9416375756263733,1.5937319993972778
2025-01-20T05:11:27.500Z,1.039626955986023,1.5937319993972778
2025-01-20T05:11:28.000Z,1.0031728744506836,1.5937319993972778
2025-01-20T05:11:28.500Z,1.1021240949630737,1.5937319993972778
2025-01-20T05:11:29.000Z,1.0611778497695923,1.5937319993972778
2025-01-20T05:11:29.500Z,1.0416443347930908,1.5937319993972778
2025-01-20T05:11:30.000Z,0.9989383816719055,1.5937319993972778
2025-01-20T05:11:30.500Z,1.022936224937439,1.5937319993972778
2025-01-20T05:11:31.000Z,1.0463780164718628,1.5937319993972778
2025-01-20T05:11:31.500Z,1.052420973777771,1.5937319993972778
2025-01-20T05:11:32.000Z,1.0507806539535522,1.5937319993972778
2025-01-20T05:11:32.500Z,1.1483246088027954,1.5937319993972778
2025-01-20T05:11:33.000Z,1.0946606397628784,1.5937319993972778
2025-01-20T05:11:33.500Z,0.9987576007843018,1.5937319993972778
2025-01-20T05:11:34.000Z,1.0037661790847778,1.5937319993972778
2025-01-20T05:11:34.500Z,0.983794629573822,1.5937319993972778
2025-01-20T05:11:35.000Z,1.0012223720550537,1.5937319993972778
2025-01-20T05:11:35.500Z,1.040971040725708,1.5937319993972778
2025-01-20T05:11:36.000Z,0.9961373209953308,1.5937319993972778
2025-01-20T05:11:36.500Z,1.0371589660644531,1.5937319993972778
2025-01-20T05:11:37.000Z,0.9937078952789307,1.5937319993972778
2025-01-20T05:11:37.500Z,1.024601697921753,1.5937319993972778
2025-01-20T05:11:38.000Z,1.1396965980529785,1.5937319993972778
2025-01-20T05:11:38.500Z,1.010006308555603,1.5937319993972778
2025-01-20T05:11:39.000Z,0.9356106519699097,1.5937319993972778
2025-01-20T05:11:39.500Z,1.024383544921875,1.5937319993972778
2025-01-20T05:11:40.000Z,0.97945636510849,1.5937319993972778
2025-01-20T05:11:40.500Z,0.9250633120536804,1.5937319993972778
2025-01-20T05:11:41.000Z,1.059224247932434,1.5937319993972778
2025-01-20T05:11:41.500Z,0.9423553943634033,1.5937319993972778
2025-01-20T05:11:42.000Z,1.0589115619659424,1.5937319993972778
2025-01-20T05:11:42.500Z,1.0179224014282227,1.5937319993972778
2025-01-20T05:11:43.000Z,1.0519256591796875,1.5937319993972778
2025-01-20T05:11:43.500Z,0.9950520396232605,1.5937319993972778
2025-01-20T05:11:44.000Z,0.9493758678436279,1.5937319993972778
2025-01-20T05:11:44.500Z,1.0179976224899292,1.5937319993972778
2025-01-20T05:11:45.000Z,1.0321210622787476,1.5937319993972778
2025-01-20T05:11:45.500Z,0.940148115158081,1.5937319993972778
2025-01-20T05:11:46.000Z,1.054783582687378,1.5937319993972778
2025-01-20T05:11:46.500Z,0.9870322942733765,1.5937319993972778
2025-01-20T05:11:47.000Z,1.0289719104766846,1.5937319993972778
2025-01-20T05:11:47.500Z,1.0001373291015625,1.5937319993972778
2025-01-20T05:11:48.000Z,1.050658106803894,1.5937319993972778
2025-01-20T05:11:48.500Z,1.062039852142334,1.5937319993972778
2025-01-20T05:11:49.000Z,1.0230318307876587,1.5937319993972778
2025-01-20T05:11:49.500Z,1.0506973266601562,1.5937319993972778
2025-01-20T05:11:50.000Z,0.9711753129959106,1.5937319993972778
2025-01-20T05:11:50.500Z,0.9770159721374512,1.5937319993972778
2025-01-20T05:11:51.000Z,1.0634218454360962,1.5937319993972778
2025-01-20T05:11:51.500Z,1.0212024450302124,1.5937319993972778
2025-01-20T05:11:52.000Z,1.0092021226882935,1.5937319993972778
2025-01-20T05:11:52.500Z,0.9598307609558105,1.5937319993972778
2025-01-20T05:11:53.000Z,1.1076736450195312,1.5937319993972778
2025-01-20T05:11:53.500Z,1.1085096597671509,1.5937319993972778
2025-01-20T05:11:54.000Z,1.0207600593566895,1.5937319993972778
2025-01-20T05:11:54.500Z,1.0729897022247314,1.5937319993972778
2025-01-20T05:11:55.000Z,1.061292290687561,1.5937319993972778
2025-01-20T05:11:55.500Z,1.0680360794067383,1.5937319993972778
2025-01-20T05:11:56.000Z,1.0928250551223755,1.5937319993972778
2025-01-20T05:11:56.500Z,1.0466855764389038,1.5937319993972778
2025-01-20T05:11:57.000Z,1.0021628141403198,1.5937319993972778
2025-01-20T05:11:57.500Z,1.1525003910064697,1.5937319993972778
2025-01-20T05:11:58.000Z,1.0785181522369385,1.5937319993972778
2025-01-20T05:11:58.500Z,1.0893374681472778,1.5937319993972778
2025-01-20T05:11:59.000Z,1.147504210472107,1.5937319993972778
2025-01-20T05:11:59.500Z,0.9694141745567322,1.5937319993972778
2025-01-20T05:12:00.000Z,0.9378089904785156,1.5937319993972778
2025-01-20T05:12:00.500Z,1.1309106349945068,1.5937319993972778
2025-01-20T05:12:01.000Z,1.0381218194961548,1.5937319993972778
2025-01-20T05:12:01.500Z,0.9953202605247498,1.5937319993972778
2025-01-20T05:12:02.000Z,1.0785704851150513,1.5937319993972778
2025-01-20T05:12:02.500Z,1.0309110879898071,1.5937319993972778
2025-01-20T05:12:03.000Z,0.9936954379081726,1.5937319993972778
2025-01-20T05:12:03.500Z,1.0016987323760986,1.5937319993972778
2025-01-20T05:12:04.000Z,1.01946222782135,1.5937319993972778
2025-01-20T05:12:04.500Z,0.9370601177215576,1.5937319993972778
2025-01-20T05:12:05.000Z,0.9308569431304932,1.5937319993972778
2025-01-20T05:12:05.500Z,0.8617931008338928,1.5937319993972778
2025-01-20T05:12:06.000Z,1.0612130165100098,1.5937319993972778
2025-01-20T05:12:06.500Z,1.0972816944122314,1.5937319993972778
2025-01-20T05:12:07.000Z,1.0472081899642944,1.5937319993972778
2025-01-20T05:12:07.500Z,1.091541051864624,1.5937319993972778
2025-01-20T05:12:08.000Z,0.9827101230621338,1.5937319993972778
2025-01-20T05:12:08.500Z,1.04194974899292,1.5937319993972778
2025-01-20T05:12:09.000Z,0.9964725971221924,1.5937319993972778
2025-01-20T05:12:09.500Z,0.9786139726638794,1.5937319993972778
2025-01-20T05:12:10.000Z,0.9510847330093384,1.5937319993972778
2025-01-20T05:12:10.500Z,1.0681248903274536,1.5937319993972778
2025-01-20T05:12:11.000Z,1.0161051750183105,1.5937319993972778
2025-01-20T05:12:11.500Z,0.9820807576179504,1.5937319993972778
2025-01-20T05:12:12.000Z,1.0057716369628906,1.5937319993972778
2025-01-20T05:12:12.500Z,1.0503063201904297,1.5937319993972778
2025-01-20T05:12:13.000Z,0.9677873253822327,1.5937319993972778
2025-01-20T05:12:13.500Z,1.0354018211364746,1.5937319993972778
2025-01-20T05:12:14.000Z,1.0877394676208496,1.5937319993972778
2025-01-20T05:12:14.500Z,0.9586169123649597,1.5937319993972778
2025-01-20T05:12:15.000Z,1.0792068243026733,1.5937319993972778
2025-01-20T05:12:15.500Z,0.9108799695968628,1.5937319993972778
2025-01-20T05:12:16.000Z,1.0189430713653564,1.5937319993972778
2025-01-20T05:12:16.500Z,0.9201739430427551,1.5937319993972778
2025-01-20T05:12:17.000Z,1.004006028175354,1.5937319993972778
2025-01-20T05:12:17.500Z,1.0572208166122437,1.5937319993972778
2025-01-20T05:12:18.000Z,1.0967062711715698,1.5937319993972778
2025-01-20T05:12:18.500Z,0.9494373202323914,1.5937319993972778
2025-01-20T05:12:19.000Z,0.9440792798995972,1.5937319993972778
2025-01-20T05:12:19.500Z,0.9422731399536133,1.5937319993972778
2025-01-20T05:12:20.000Z,0.9683831930160522,1.5937319993972778
2025-01-20T05:12:20.500Z,0.9641976952552795,1.5937319993972778
2025-01-20T05:12:21.000Z,1.1600966453552246,1.5937319993972778
2025-01-20T05:12:21.500Z,0.9896136522293091,1.5937319993972778
2025-01-20T05:12:22.000Z,1.0568846464157104,1.5937319993972778
2025-01-20T05:12:22.500Z,1.0230563879013062,1.5937319993972778
2025-01-20T05:12:23.000Z,0.9176720976829529,1.5937319993972778
2025-01-20T05:12:23.500Z,1.042028546333313,1.5937319993972778
2025-01-20T05:12:24.000Z,1.1615476608276367,1.5937319993972778
2025-01-20T05:12:24.500Z,1.074243426322937,1.5937319993972778
2025-01-20T05:12:25.000Z,1.1341608762741089,1.5937319993972778
2025-01-20T05:12:25.500Z,1.0957527160644531,1.5937319993972778
2025-01-20T05:12:26.000Z,1.1231565475463867,1.5937319993972778
2025-01-20T05:12:26.500Z,1.0213171243667603,1.5937319993972778
2025-01-20T05:12:27.000Z,0.9391767382621765,1.5937319993972778
2025-01-20T05:12:27.500Z,1.1006255149841309,1.5937319993972778
2025-01-20T05:12:28.000Z,1.0079292058944702,1.5937319993972778
2025-01-20T05:12:28.500Z,0.980602502822876,1.5937319993972778
2025-01-20T05:12:29.000Z,1.1464669704437256,1.5937319993972778
2025-01-20T05:12:29.500Z,1.0152244567871094,1.5937319993972778
2025-01-20T05:12:30.000Z,1.0755431652069092,1.5937319993972778
2025-01-20T05:12:30.500Z,0.935745358467102,1.5937319993972778
2025-01-20T05:12:31.000Z,1.0651839971542358,1.5937319993972778
2025-01-20T05:12:31.500Z,0.992179274559021,1.5937319993972778
2025-01-20T05:12:32.000Z,1.0044068098068237,1.5937319993972778
2025-01-20T05:12:32.500Z,0.9838289618492126,1.5937319993972778
2025-01-20T05:12:33.000Z,1.0740629434585571,1.5937319993972778
2025-01-20T05:12:33.500Z,1.0885945558547974,1.5937319993972778
2025-01-20T05:12:34.000Z,1.017712116241455,1.5937319993972778
2025-01-20T05:12:34.500Z,0.8937399983406067,1.5937319993972778
2025-01-20T05:12:35.000Z,1.033091425895691,1.5937319993972778
2025-01-20T05:12:35.500Z,1.033015489578247,1.5937319993972778
2025-01-20T05:12:36.000Z,0.9996611475944519,1.5937319993972778
2025-01-20T05:12:36.500Z,1.1316663026809692,1.5937319993972778
2025-01-20T05:12:37.000Z,1.0440119504928589,1.5937319993972778
2025-01-20T05:12:37.500Z,1.1860867738723755,1.5937319993972778
2025-01-20T05:12:38.000Z,0.9410074949264526,1.5937319993972778
2025-01-20T05:12:38.500Z,1.0544098615646362,1.5937319993972778
2025-01-20T05:12:39.000Z,1.016504168510437,1.5937319993972778
2025-01-20T05:12:39.500Z,1.0633410215377808,1.5937319993972778
2025-01-20T05:12:40.000Z,1.0814919471740723,1.5937319993972778
2025-01-20T05:12:40.500Z,1.087402105331421,1.5937319993972778
2025-01-20T05:12:41.000Z,1.1085128784179688,1.5937319993972778
2025-01-20T05:12:41.500Z,1.0030052661895752,1.5937319993972778
2025-01-20T05:12:42.000Z,0.9733859896659851,1.5937319993972778
2025-01-20T05:12:42.500Z,1.1147977113723755,1.5937319993972778
2025-01-20T05:12:43.000Z,0.9339568018913269,1.5937319993972778
2025-01-20T05:12:43.500Z,1.0238323211669922,1.5937319993972778
2025-01-20T05:12:44.000Z,0.9399205446243286,1.5937319993972778
2025-01-20T05:12:44.500Z,0.9523776769638062,1.5937319993972778
2025-01-20T05:12:45.000Z,0.8659186959266663,1.5937319993972778
2025-01-20T05:12:45.500Z,0.9737100601196289,1.5937319993972778
2025-01-20T05:12:46.000Z,0.9872740507125854,1.5937319993972778
2025-01-20T05:12:46.500Z,1.0194817781448364,1.5937319993972778
2025-01-20T05:12:47.000Z,0.9796165823936462,1.5937319993972778
2025-01-20T05:12:47.500Z,1.019029140472412,1.5937319993972778
2025-01-20T05:12:48.000Z,0.9883818030357361,1.5937319993972778
2025-01-20T05:12:48.500Z,1.0075174570083618,1.5937319993972778
2025-01-20T05:12:49.000Z,1.0006046295166016,1.5937319993972778
2025-01-20T05:12:49.500Z,0.9449890851974487,1.5937319993972778
2025-01-20T05:12:50.000Z,1.0485707521438599,1.5937319993972778
2025-01-20T05:12:50.500Z,0.8751637935638428,1.5937319993972778
2025-01-20T05:12:51.000Z,0.8976678848266602,1.5937319993972778
2025-01-20T05:12:51.500Z,0.9546311497688293,1.5937319993972778
2025-01-20T05:12:52.000Z,0.903737485408783,1.5937319993972778
2025-01-20T05:12:52.500Z,0.9922398328781128,1.5937319993972778
2025-01-20T05:12:53.000Z,1.0224509239196777,1.5937319993972778
2025-01-20T05:12:53.500Z,1.0300543308258057,1.5937319993972778
2025-01-20T05:12:54.000Z,1.0266857147216797,1.5937319993972778
2025-01-20T05:12:54.500Z,1.040241003036499,1.5937319993972778
2025-01-20T05:12:55.000Z,0.8796297311782837,1.5937319993972778
2025-01-20T05:12:55.500Z,1.0079736709594727,1.5937319993972778
2025-01-20T05:12:56.000Z,0.9830071926116943,1.5937319993972778
2025-01-20T05:12:56.500Z,0.9895933866500854,1.5937319993972778
2025-01-20T05:12:57.000Z,0.9883148670196533,1.5937319993972778
2025-01-20T05:12:57.500Z,1.0713379383087158,1.5937319993972778
2025-01-20T05:12:58.000Z,0.8617046475410461,1.5937319993972778
2025-01-20T05:12:58.500Z,1.0229620933532715,1.5937319993972778
2025-01-20T05:12:59.000Z,0.9129801988601685,1.5937319993972778
2025-01-20T05:12:59.500Z,1.1669763326644897,1.5937319993972778
2025-01-20T05:13:00.000Z,1.0553797483444214,1.5937319993972778
2025-01-20T05:13:00.500Z,0.986996591091156,1.5937319993972778
2025-01-20T05:13:01.000Z,1.0080244541168213,1.5937319993972778
2025-01-20T05:13:01.500Z,0.9764144420623779,1.5937319993972778
2025-01-20T05:13:02.000Z,1.026162028312683,1.5937319993972778
2025-01-20T05:13:02.500Z,0.9625765681266785,1.5937319993972778
2025-01-20T05:13:03.000Z,0.9517699480056763,1.5937319993972778
2025-01-20T05:13:03.500Z,1.137312889099121,1.5937319993972778
2025-01-20T05:13:04.000Z,1.0235244035720825,1.5937319993972778
2025-01-20T05:13:04.500Z,0.9723508358001709,1.5937319993972778
2025-01-20T05:13:05.000Z,0.9078253507614136,1.5937319993972778
2025-01-20T05:13:05.500Z,1.018810749053955,1.5937319993972778
2025-01-20T05:13:06.000Z,1.065573811531067,1.5937319993972778
2025-01-20T05:13:06.500Z,0.9364535212516785,1.5937319993972778
2025-01-20T05:13:07.000Z,0.938358724117279,1.5937319993972778
2025-01-20T05:13:07.500Z,1.0600477457046509,1.5937319993972778
2025-01-20T05:13:08.000Z,0.9500746130943298,1.5937319993972778
2025-01-20T05:13:08.500Z,1.0153648853302002,1.5937319993972778
2025-01-20T05:13:09.000Z,1.0400495529174805,1.5937319993972778
2025-01-20T05:13:09.500Z,0.966434121131897,1.5937319993972778
2025-01-20T05:13:10.000Z,1.0270048379898071,1.5937319993972778
2025-01-20T05:13:10.500Z,1.0063380002975464,1.5937319993972778
2025-01-20T05:13:11.000Z,0.9707390069961548,1.5937319993972778
2025-01-20T05:13:11.500Z,1.0855008363723755,1.5937319993972778
2025-01-20T05:13:12.000Z,1.0649445056915283,1.5937319993972778
2025-01-20T05:13:12.500Z,1.210273265838623,1.5937319993972778
2025-01-20T05:13:13.000Z,1.0152456760406494,1.5937319993972778
2025-01-20T05:13:13.500Z,1.0054963827133179,1.5937319993972778
2025-01-20T05:13:14.000Z,0.9666631817817688,1.5937319993972778
2025-01-20T05:13:14.500Z,1.0108331441879272,1.5937319993972778
2025-01-20T05:13:15.000Z,0.9859828948974609,1.5937319993972778
2025-01-20T05:13:15.500Z,1.0747859477996826,1.5937319993972778
2025-01-20T05:13:16.000Z,1.1558548212051392,1.5937319993972778
2025-01-20T05:13:16.500Z,1.1222456693649292,1.5937319993972778
2025-01-20T05:13:17.000Z,1.1010347604751587,1.5937319993972778
2025-01-20T05:13:17.500Z,0.9398959875106812,1.5937319993972778
2025-01-20T05:13:18.000Z,0.8932981491088867,1.5937319993972778
2025-01-20T05:13:18.500Z,1.0810896158218384,1.5937319993972778
2025-01-20T05:13:19.000Z,0.9120935201644897,1.5937319993972778
2025-01-20T05:13:19.500Z,1.0982842445373535,1.5937319993972778
2025-01-20T05:13:20.000Z,1.0984904766082764,1.5937319993972778
2025-01-20T05:13:20.500Z,1.0442076921463013,1.5937319993972778
2025-01-20T05:13:21.000Z,0.9729878902435303,1.5937319993972778
2025-01-20T05:13:21.500Z,1.0711227655410767,1.5937319993972778
2025-01-20T05:13:22.000Z,1.0278898477554321,1.5937319993972778
2025-01-20T05:13:22.500Z,1.058582067489624,1.5937319993972778
2025-01-20T05:13:23.000Z,1.1231672763824463,1.5937319993972778
2025-01-20T05:13:23.500Z,1.0186309814453125,1.5937319993972778
2025-01-20T05:13:24.000Z,0.931489884853363,1.5937319993972778
2025-01-20T05:13:24.500Z,0.9678404331207275,1.5937319993972778
2025-01-20T05:13:25.000Z,1.034277319908142,1.5937319993972778
2025-01-20T05:13:25.500Z,1.005711555480957,1.5937319993972778
2025-01-20T05:13:26.000Z,1.0129963159561157,1.5937319993972778
2025-01-20T05:13:26.500Z,1.0305362939834595,1.5937319993972778
2025-01-20T05:13:27.000Z,0.9077914953231812,1.5937319993972778
2025-01-20T05:13:27.500Z,0.8933514952659607,1.5937319993972778
2025-01-20T05:13:28.000Z,1.0115265846252441,1.5937319993972778
2025-01-20T05:13:28.500Z,0.961115300655365,1.5937319993972778
2025-01-20T05:13:29.000Z,1.0753865242004395,1.5937319993972778
2025-01-20T05:13:29.500Z,0.9723339676856995,1.5937319993972778
2025-01-20T05:13:30.000Z,1.1326193809509277,1.5937319993972778
2025-01-20T05:13:30.500Z,0.9631045460700989,1.5937319993972778
2025-01-20T05:13:31.000Z,0.9050009250640869,1.5937319993972778
2025-01-20T05:13:31.500Z,1.0196069478988647,1.5937319993972778
2025-01-20T05:13:32.000Z,0.9844133853912354,1.5937319993972778
2025-01-20T05:13:32.500Z,0.9714264273643494,1.5937319993972778
2025-01-20T05:13:33.000Z,1.0840656757354736,1.5937319993972778
2025-01-20T05:13:33.500Z,0.9536463022232056,1.5937319993972778
2025-01-20T05:13:34.000Z,1.0337340831756592,1.5937319993972778
2025-01-20T05:13:34.500Z,1.0142476558685303,1.5937319993972778
2025-01-20T05:13:35.000Z,1.0785136222839355,1.5937319993972778
2025-01-20T05:13:35.500Z,0.9576488137245178,1.5937319993972778
2025-01-20T05:13:36.000Z,0.9817131757736206,1.5937319993972778
2025-01-20T05:13:36.500Z,1.0405727624893188,1.5937319993972778
2025-01-20T05:13:37.000Z,1.0604023933410645,1.5937319993972778
2025-01-20T05:13:37.500Z,0.9711475372314453,1.5937319993972778
2025-01-20T05:13:38.000Z,0.9937670826911926,1.5937319993972778
2025-01-20T05:13:38.500Z,1.0542216300964355,1.5937319993972778
2025-01-20T05:13:39.000Z,0.9760518670082092,1.5937319993972778
2025-01-20T05:13:39.500Z,1.0516636371612549,1.5937319993972778
2025-01-20T05:13:40.000Z,0.9700700044631958,1.5937319993972778
2025-01-20T05:13:40.500Z,0.9432271122932434,1.5937319993972778
2025-01-20T05:13:41.000Z,0.9040288329124451,1.5937319993972778
2025-01-20T05:13:41.500Z,1.0945713520050049,1.5937319993972778
2025-01-20T05:13:42.000Z,0.9860624670982361,1.5937319993972778
2025-01-20T05:13:42.500Z,0.9935491681098938,1.5937319993972778
2025-01-20T05:13:43.000Z,1.069704294204712,1.5937319993972778
2025-01-20T05:13:43.500Z,1.111456036567688,1.5937319993972778
2025-01-20T05:13:44.000Z,1.0332671403884888,1.5937319993972778
2025-01-20T05:13:44.500Z,0.9730473756790161,1.5937319993972778
2025-01-20T05:13:45.000Z,1.0247610807418823,1.5937319993972778
2025-01-20T05:13:45.500Z,0.9787832498550415,1.5937319993972778
2025-01-20T05:13:46.000Z,1.0526481866836548,1.5937319993972778
2025-01-20T05:13:46.500Z,1.0122103691101074,1.5937319993972778
2025-01-20T05:13:47.000Z,0.9871962070465088,1.5937319993972778
2025-01-20T05:13:47.500Z,1.019002914428711,1.5937319993972778
2025-01-20T05:13:48.000Z,1.01167631149292,1.5937319993972778
2025-01-20T05:13:48.500Z,0.9730831384658813,1.5937319993972778
2025-01-20T05:13:49.000Z,1.0219364166259766,1.5937319993972778
2025-01-20T05:13:49.500Z,0.9905833601951599,1.5937319993972778
2025-01-20T05:13:50.000Z,1.0972847938537598,1.5937319993972778
2025-01-20T05:13:50.500Z,1.2417690753936768,1.5937319993972778
2025-01-20T05:13:51.000Z,1.030766248703003,1.5937319993972778
2025-01-20T05:13:51.500Z,1.084133267402649,1.5937319993972778
2025-01-20T05:13:52.000Z,1.1123367547988892,1.5937319993972778
2025-01-20T05:13:52.500Z,1.0097427368164062,1.5937319993972778
2025-01-20T05:13:53.000Z,1.0060395002365112,1.5937319993972778
2025-01-20T05:13:53.500Z,1.1315773725509644,1.5937319993972778
2025-01-20T05:13:54.000Z,1.0331379175186157,1.5937319993972778
2025-01-20T05:13:54.500Z,1.0798795223236084,1.5937319993972778
2025-01-20T05:13:55.000Z,1.1249585151672363,1.5937319993972778
2025-01-20T05:13:55.500Z,0.9331911206245422,1.5937319993972778
2025-01-20T05:13:56.000Z,1.080459475517273,1.5937319993972778
2025-01-20T05:13:56.500Z,1.1653858423233032,1.5937319993972778
2025-01-20T05:13:57.000Z,0.9834420084953308,1.5937319993972778
2025-01-20T05:13:57.500Z,1.0392544269561768,1.5937319993972778
2025-01-20T05:13:58.000Z,0.9644632339477539,1.5937319993972778
2025-01-20T05:13:58.500Z,1.107776165008545,1.5937319993972778
2025-01-20T05:13:59.000Z,0.9525195956230164,1.5937319993972778
2025-01-20T05:13:59.500Z,1.0429953336715698,1.5937319993972778
2025-01-20T05:14:00.000Z,1.0256783962249756,1.5937319993972778
2025-01-20T05:14:00.500Z,1.1197917461395264,1.5937319993972778
2025-01-20T05:14:01.000Z,0.9787395000457764,1.5937319993972778
2025-01-20T05:14:01.500Z,1.0848127603530884,1.5937319993972778
2025-01-20T05:14:02.000Z,1.025791883468628,1.5937319993972778
2025-01-20T05:14:02.500Z,1.1237834692001343,1.5937319993972778
2025-01-20T05:14:03.000Z,0.943680465221405,1.5937319993972778
2025-01-20T05:14:03.500Z,1.055437684059143,1.5937319993972778
2025-01-20T05:14:04.000Z,1.0012539625167847,1.5937319993972778
2025-01-20T05:14:04.500Z,0.9437096118927002,1.5937319993972778
2025-01-20T05:14:05.000Z,0.9647111296653748,1.5937319993972778
2025-01-20T05:14:05.500Z,1.000364065170288,1.5937319993972778
2025-01-20T05:14:06.000Z,0.9159953594207764,1.5937319993972778
2025-01-20T05:14:06.500Z,1.1247659921646118,1.5937319993972778
2025-01-20T05:14:07.000Z,0.9966970086097717,1.5937319993972778
2025-01-20T05:14:07.500Z,0.9883392453193665,1.5937319993972778
2025-01-20T05:14:08.000Z,1.045044183731079,1.5937319993972778
2025-01-20T05:14:08.500Z,1.0276731252670288,1.5937319993972778
2025-01-20T05:14:09.000Z,0.9044027328491211,1.5937319993972778
2025-01-20T05:14:09.500Z,1.063852310180664,1.5937319993972778
2025-01-20T05:14:10.000Z,0.9672877192497253,1.5937319993972778
2025-01-20T05:14:10.500Z,1.0225963592529297,1.5937319993972778
2025-01-20T05:14:11.000Z,1.0558356046676636,1.5937319993972778
2025-01-20T05:14:11.500Z,1.0076388120651245,1.5937319993972778
2025-01-20T05:14:12.000Z,1.0499457120895386,1.5937319993972778
2025-01-20T05:14:12.500Z,1.4295666217803955,1.5937319993972778
2025-01-20T05:14:13.000Z,3.028158187866211,1.5937319993972778
2025-01-20T05:14:13.500Z,3.106252431869507,1.5937319993972778
2025-01-20T05:14:14.000Z,2.9447174072265625,1.5937319993972778
2025-01-20T05:14:14.500Z,2.727607488632202,1.5937319993972778
2025-01-20T05:14:15.000Z,1.894619107246399,1.5937319993972778
2025-01-20T05:14:15.500Z,1.6069666147232056,1.5937319993972778
2025-01-20T05:14:16.000Z,1.1685413122177124,1.5937319993972778
2025-01-20T05:14:16.500Z,1.4048501253128052,1.5937319993972778
2025-01-20T05:14:17.000Z,1.2984259128570557,1.5937319993972778
2025-01-20T05:14:17.500Z,1.2635899782180786,1.5937319993972778
2025-01-20T05:14:18.000Z,1.4411691427230835,1.5937319993972778
2025-01-20T05:14:18.500Z,1.0986675024032593,1.5937319993972778
2025-01-20T05:14:19.000Z,1.1683075428009033,1.5937319993972778
2025-01-20T05:14:19.500Z,1.3170983791351318,1.5937319993972778
2025-01-20T05:14:20.000Z,1.0624226331710815,1.5937319993972778
2025-01-20T05:14:20.500Z,1.0378237962722778,1.5937319993972778
2025-01-20T05:14:21.000Z,0.9610481858253479,1.5937319993972778
2025-01-20T05:14:21.500Z,0.9373086094856262,1.5937319993972778
2025-01-20T05:14:22.000Z,0.9555751085281372,1.5937319993972778
2025-01-20T05:14:22.500Z,0.99382084608078,1.5937319993972778
2025-01-20T05:14:23.000Z,0.8142476081848145,1.5937319993972778
2025-01-20T05:14:23.500Z,0.9756843447685242,1.5937319993972778
2025-01-20T05:14:24.000Z,0.918472170829773,1.5937319993972778
2025-01-20T05:14:24.500Z,0.9671266078948975,1.5937319993972778
2025-01-20T05:14:25.000Z,0.9050494432449341,1.5937319993972778
2025-01-20T05:14:25.500Z,0.9586992263793945,1.5937319993972778
2025-01-20T05:14:26.000Z,0.827087938785553,1.5937319993972778
2025-01-20T05:14:26.500Z,0.6806433796882629,1.5937319993972778
2025-01-20T05:14:27.000Z,0.7109571099281311,1.5937319993972778
2025-01-20T05:14:27.500Z,0.6700356006622314,1.5937319993972778
2025-01-20T05:14:28.000Z,0.8693220615386963,1.5937319993972778
2025-01-20T05:14:28.500Z,0.8176201581954956,1.5937319993972778
2025-01-20T05:14:29.000Z,0.7611084580421448,1.5937319993972778
2025-01-20T05:14:29.500Z,0.7912779450416565,1.5937319993972778
2025-01-20T05:14:30.000Z,0.9229035973548889,1.5937319993972778
2025-01-20T05:14:30.500Z,0.8153910636901855,1.5937319993972778
2025-01-20T05:14:31.000Z,1.0098836421966553,1.5937319993972778
2025-01-20T05:14:31.500Z,0.7962173223495483,1.5937319993972778
2025-01-20T05:14:32.000Z,0.8066417574882507,1.5937319993972778
2025-01-20T05:14:32.500Z,0.7593219876289368,1.5937319993972778
2025-01-20T05:14:33.000Z,0.9269967079162598,1.5937319993972778
2025-01-20T05:14:33.500Z,0.8666858673095703,1.5937319993972778
2025-01-20T05:14:34.000Z,0.8291478157043457,1.5937319993972778
2025-01-20T05:14:34.500Z,0.8902597427368164,1.5937319993972778
2025-01-20T05:14:35.000Z,0.9245463013648987,1.5937319993972778
2025-01-20T05:14:35.500Z,0.968904972076416,1.5937319993972778
2025-01-20T05:14:36.000Z,0.92659991979599,1.5937319993972778
2025-01-20T05:14:36.500Z,0.9334230422973633,1.5937319993972778
2025-01-20T05:14:37.000Z,0.9143790602684021,1.5937319993972778
2025-01-20T05:14:37.500Z,1.0618195533752441,1.5937319993972778
2025-01-20T05:14:38.000Z,1.0412501096725464,1.5937319993972778
2025-01-20T05:14:38.500Z,1.1110107898712158,1.5937319993972778
2025-01-20T05:14:39.000Z,1.0702145099639893,1.5937319993972778
2025-01-20T05:14:39.500Z,0.9180831909179688,1.5937319993972778
2025-01-20T05:14:40.000Z,0.9746748805046082,1.5937319993972778
2025-01-20T05:14:40.500Z,1.0748884677886963,1.5937319993972778
2025-01-20T05:14:41.000Z,1.03794264793396,1.5937319993972778
2025-01-20T05:14:41.500Z,1.0701277256011963,1.5937319993972778
2025-01-20T05:14:42.000Z,0.8963384628295898,1.5937319993972778
2025-01-20T05:14:42.500Z,1.049552321434021,1.5937319993972778
2025-01-20T05:14:43.000Z,0.9557737708091736,1.5937319993972778
2025-01-20T05:14:43.500Z,1.0394461154937744,1.5937319993972778
2025-01-20T05:14:44.000Z,0.9643984436988831,1.5937319993972778
2025-01-20T05:14:44.500Z,0.8700334429740906,1.5937319993972778
2025-01-20T05:14:45.000Z,0.9024698138237,1.5937319993972778
2025-01-20T05:14:45.500Z,0.8038583993911743,1.5937319993972778
2025-01-20T05:14:46.000Z,0.9870665073394775,1.5937319993972778
2025-01-20T05:14:46.500Z,1.0328307151794434,1.5937319993972778
2025-01-20T05:14:47.000Z,0.8582815527915955,1.5937319993972778
2025-01-20T05:14:47.500Z,0.9567127227783203,1.5937319993972778
2025-01-20T05:14:48.000Z,0.9058303236961365,1.5937319993972778
2025-01-20T05:14:48.500Z,0.8559638261795044,1.5937319993972778
2025-01-20T05:14:49.000Z,0.7719352841377258,1.5937319993972778
2025-01-20T05:14:49.500Z,0.8496819138526917,1.5937319993972778
2025-01-20T05:14:50.000Z,0.7858166098594666,1.5937319993972778
2025-01-20T05:14:50.500Z,2.386767625808716,1.5937319993972778
2025-01-20T05:14:51.000Z,3.060404062271118,1.5937319993972778
2025-01-20T05:14:51.500Z,2.5477302074432373,1.5937319993972778
2025-01-20T05:14:52.000Z,1.9207435846328735,1.5937319993972778
2025-01-20T05:14:52.500Z,1.9592580795288086,1.5937319993972778
2025-01-20T05:14:53.000Z,1.9982250928878784,1.5937319993972778
2025-01-20T05:14:53.500Z,1.812790036201477,1.5937319993972778
2025-01-20T05:14:54.000Z,1.7664966583251953,1.5937319993972778
2025-01-20T05:14:54.500Z,1.568503737449646,1.5937319993972778
2025-01-20T05:14:55.000Z,1.2130835056304932,1.5937319993972778
2025-01-20T05:14:55.500Z,0.8541866540908813,1.5937319993972778
2025-01-20T05:14:56.000Z,1.4798026084899902,1.5937319993972778
2025-01-20T05:14:56.500Z,1.160603642463684,1.5937319993972778
2025-01-20T05:14:57.000Z,1.067976951599121,1.5937319993972778
2025-01-20T05:14:57.500Z,0.7316246628761292,1.5937319993972778
2025-01-20T05:14:58.000Z,0.6687249541282654,1.5937319993972778
2025-01-20T05:14:58.500Z,0.3965449929237366,1.5937319993972778
2025-01-20T05:14:59.000Z,0.39735549688339233,1.5937319993972778
2025-01-20T05:14:59.500Z,0.32948896288871765,1.5937319993972778
2025-01-20T05:15:00.000Z,0.28048256039619446,1.5937319993972778
2025-01-20T05:15:00.500Z,0.2852374017238617,1.5937319993972778
2025-01-20T05:15:01.000Z,0.27341604232788086,1.5937319993972778
2025-01-20T05:15:01.500Z,0.268189013004303,1.5937319993972778
2025-01-20T05:15:02.000Z,0.23849914968013763,1.5937319993972778
2025-01-20T05:15:02.500Z,0.2718903422355652,1.5937319993972778
2025-01-20T05:15:03.000Z,0.2584061920642853,1.5937319993972778
2025-01-20T05:15:03.500Z,0.27930477261543274,1.5937319993972778
2025-01-20T05:15:04.000Z,0.2590875029563904,1.5937319993972778
2025-01-20T05:15:04.500Z,0.2945481538772583,1.5937319993972778
2025-01-20T05:15:05.000Z,0.29502835869789124,1.5937319993972778
2025-01-20T05:15:05.500Z,0.3249913156032562,1.5937319993972778
2025-01-20T05:15:06.000Z,0.37396490573883057,1.5937319993972778
2025-01-20T05:15:06.500Z,0.38868215680122375,1.5937319993972778
2025-01-20T05:15:07.000Z,0.48946574330329895,1.5937319993972778
2025-01-20T05:15:07.500Z,0.4396122694015503,1.5937319993972778
2025-01-20T05:15:08.000Z,0.5185242891311646,1.5937319993972778
2025-01-20T05:15:08.500Z,0.5108226537704468,1.5937319993972778
2025-01-20T05:15:09.000Z,0.5728991031646729,1.5937319993972778
2025-01-20T05:15:09.500Z,0.4798717796802521,1.5937319993972778
2025-01-20T05:15:10.000Z,0.47012150287628174,1.5937319993972778
2025-01-20T05:15:10.500Z,0.5303751826286316,1.5937319993972778
2025-01-20T05:15:11.000Z,0.5331818461418152,1.5937319993972778
2025-01-20T05:15:11.500Z,0.5033466219902039,1.5937319993972778
2025-01-20T05:15:12.000Z,0.4775908589363098,1.5937319993972778
2025-01-20T05:15:12.500Z,0.6036926507949829,1.5937319993972778
2025-01-20T05:15:13.000Z,0.5401883125305176,1.5937319993972778
2025-01-20T05:15:13.500Z,0.596894383430481,1.5937319993972778
2025-01-20T05:15:14.000Z,0.512459397315979,1.5937319993972778
2025-01-20T05:15:14.500Z,0.6703017950057983,1.5937319993972778
2025-01-20T05:15:15.000Z,0.6719092726707458,1.5937319993972778
2025-01-20T05:15:15.500Z,0.6510598659515381,1.5937319993972778
2025-01-20T05:15:16.000Z,0.6069039106369019,1.5937319993972778
2025-01-20T05:15:16.500Z,0.6447898745536804,1.5937319993972778
2025-01-20T05:15:17.000Z,0.6028236150741577,1.5937319993972778
2025-01-20T05:15:17.500Z,0.6090120077133179,1.5937319993972778
2025-01-20T05:15:18.000Z,0.661059558391571,1.5937319993972778
2025-01-20T05:15:18.500Z,0.6019340753555298,1.5937319993972778
2025-01-20T05:15:19.000Z,0.7519012093544006,1.5937319993972778
2025-01-20T05:15:19.500Z,0.5759010314941406,1.5937319993972778
2025-01-20T05:15:20.000Z,0.7130570411682129,1.5937319993972778
2025-01-20T05:15:20.500Z,0.741096556186676,1.5937319993972778
2025-01-20T05:15:21.000Z,0.6701695919036865,1.5937319993972778
2025-01-20T05:15:21.500Z,0.7119603157043457,1.5937319993972778
2025-01-20T05:15:22.000Z,0.6678017377853394,1.5937319993972778
2025-01-20T05:15:22.500Z,0.7141799926757812,1.5937319993972778
2025-01-20T05:15:23.000Z,0.692027747631073,1.5937319993972778
2025-01-20T05:15:23.500Z,0.5763594508171082,1.5937319993972778
2025-01-20T05:15:24.000Z,0.6020100712776184,1.5937319993972778
2025-01-20T05:15:24.500Z,0.6492359638214111,1.5937319993972778
2025-01-20T05:15:25.000Z,0.7514932155609131,1.5937319993972778
2025-01-20T05:15:25.500Z,0.6841819286346436,1.5937319993972778
2025-01-20T05:15:26.000Z,0.7584208250045776,1.5937319993972778
2025-01-20T05:15:26.500Z,0.717238187789917,1.5937319993972778
2025-01-20T05:15:27.000Z,0.6886914372444153,1.5937319993972778
2025-01-20T05:15:27.500Z,0.8136602640151978,1.5937319993972778
2025-01-20T05:15:28.000Z,0.927017331123352,1.5937319993972778
2025-01-20T05:15:28.500Z,0.8347697257995605,1.5937319993972778
2025-01-20T05:15:29.000Z,0.7782847881317139,1.5937319993972778
2025-01-20T05:15:29.500Z,0.8299979567527771,1.5937319993972778
2025-01-20T05:15:30.000Z,0.8381800651550293,1.5937319993972778
2025-01-20T05:15:30.500Z,0.7980864644050598,1.5937319993972778
2025-01-20T05:15:31.000Z,0.943470299243927,1.5937319993972778
2025-01-20T05:15:31.500Z,0.8756721615791321,1.5937319993972778
2025-01-20T05:15:32.000Z,0.7798793911933899,1.5937319993972778
2025-01-20T05:15:32.500Z,0.9451496601104736,1.5937319993972778
2025-01-20T05:15:33.000Z,0.8648849725723267,1.5937319993972778
2025-01-20T05:15:33.500Z,0.944627046585083,1.5937319993972778
2025-01-20T05:15:34.000Z,0.9225988388061523,1.5937319993972778
2025-01-20T05:15:34.500Z,0.8197882175445557,1.5937319993972778
2025-01-20T05:15:35.000Z,0.9649050235748291,1.5937319993972778
2025-01-20T05:15:35.500Z,0.8959742784500122,1.5937319993972778
2025-01-20T05:15:36.000Z,0.8394119143486023,1.5937319993972778
2025-01-20T05:15:36.500Z,0.9971207976341248,1.5937319993972778
2025-01-20T05:15:37.000Z,0.862596869468689,1.5937319993972778
2025-01-20T05:15:37.500Z,0.9576072096824646,1.5937319993972778
2025-01-20T05:15:38.000Z,0.8330984115600586,1.5937319993972778
2025-01-20T05:15:38.500Z,0.991951048374176,1.5937319993972778
2025-01-20T05:15:39.000Z,0.8786141276359558,1.5937319993972778
2025-01-20T05:15:39.500Z,0.9564451575279236,1.5937319993972778
2025-01-20T05:15:40.000Z,1.0026239156723022,1.5937319993972778
2025-01-20T05:15:40.500Z,0.9358064532279968,1.5937319993972778
2025-01-20T05:15:41.000Z,1.030093789100647,1.5937319993972778
2025-01-20T05:15:41.500Z,1.0157814025878906,1.5937319993972778
2025-01-20T05:15:42.000Z,1.043585181236267,1.5937319993972778
2025-01-20T05:15:42.500Z,0.9113425612449646,1.5937319993972778
2025-01-20T05:15:43.000Z,0.9320106506347656,1.5937319993972778
2025-01-20T05:15:43.500Z,1.0071760416030884,1.5937319993972778
2025-01-20T05:15:44.000Z,0.9862212538719177,1.5937319993972778
2025-01-20T05:15:44.500Z,1.0886008739471436,1.5937319993972778
2025-01-20T05:15:45.000Z,0.9500848054885864,1.5937319993972778
2025-01-20T05:15:45.500Z,1.0110645294189453,1.5937319993972778
2025-01-20T05:15:46.000Z,0.9567832350730896,1.5937319993972778
2025-01-20T05:15:46.500Z,0.9019259214401245,1.5937319993972778
2025-01-20T05:15:47.000Z,0.88090980052948,1.5937319993972778
2025-01-20T05:15:47.500Z,0.933590292930603,1.5937319993972778
2025-01-20T05:15:48.000Z,0.9349414110183716,1.5937319993972778
2025-01-20T05:15:48.500Z,1.0493829250335693,1.5937319993972778
2025-01-20T05:15:49.000Z,0.9395822286605835,1.5937319993972778
2025-01-20T05:15:49.500Z,0.9482287764549255,1.5937319993972778
2025-01-20T05:15:50.000Z,0.9641382098197937,1.5937319993972778
2025-01-20T05:15:50.500Z,0.983688235282898,1.5937319993972778
2025-01-20T05:15:51.000Z,1.0468415021896362,1.5937319993972778
2025-01-20T05:15:51.500Z,0.9957362413406372,1.5937319993972778
2025-01-20T05:15:52.000Z,0.9627678990364075,1.5937319993972778
2025-01-20T05:15:52.500Z,1.0712592601776123,1.5937319993972778
2025-01-20T05:15:53.000Z,1.0242948532104492,1.5937319993972778
2025-01-20T05:15:53.500Z,1.003887414932251,1.5937319993972778
2025-01-20T05:15:54.000Z,0.9828161597251892,1.5937319993972778
2025-01-20T05:15:54.500Z,0.976723313331604,1.5937319993972778
2025-01-20T05:15:55.000Z,0.9644299745559692,1.5937319993972778
2025-01-20T05:15:55.500Z,1.0515878200531006,1.5937319993972778
2025-01-20T05:15:56.000Z,1.0460244417190552,1.5937319993972778
2025-01-20T05:15:56.500Z,1.0541913509368896,1.5937319993972778
2025-01-20T05:15:57.000Z,0.8945816159248352,1.5937319993972778
2025-01-20T05:15:57.500Z,1.0900286436080933,1.5937319993972778
2025-01-20T05:15:58.000Z,0.9920457601547241,1.5937319993972778
2025-01-20T05:15:58.500Z,0.9147748947143555,1.5937319993972778
2025-01-20T05:15:59.000Z,0.994390606880188,1.5937319993972778
2025-01-20T05:15:59.500Z,1.0395435094833374,1.5937319993972778
2025-01-20T05:16:00.000Z,1.0810712575912476,1.5937319993972778
2025-01-20T05:16:00.500Z,1.0746970176696777,1.5937319993972778
2025-01-20T05:16:01.000Z,0.8896200060844421,1.5937319993972778
2025-01-20T05:16:01.500Z,1.0041764974594116,1.5937319993972778
2025-01-20T05:16:02.000Z,1.1226083040237427,1.5937319993972778
2025-01-20T05:16:02.500Z,1.0326215028762817,1.5937319993972778
2025-01-20T05:16:03.000Z,1.1207828521728516,1.5937319993972778
2025-01-20T05:16:03.500Z,0.94755619764328,1.5937319993972778
2025-01-20T05:16:04.000Z,0.941704273223877,1.5937319993972778
2025-01-20T05:16:04.500Z,0.9966519474983215,1.5937319993972778
2025-01-20T05:16:05.000Z,0.9778082370758057,1.5937319993972778
2025-01-20T05:16:05.500Z,0.9524283409118652,1.5937319993972778
2025-01-20T05:16:06.000Z,0.9880324006080627,1.5937319993972778
2025-01-20T05:16:06.500Z,0.8739604949951172,1.5937319993972778
2025-01-20T05:16:07.000Z,0.9343011379241943,1.5937319993972778
2025-01-20T05:16:07.500Z,1.0376836061477661,1.5937319993972778
2025-01-20T05:16:08.000Z,1.048951268196106,1.5937319993972778
2025-01-20T05:16:08.500Z,0.8931974172592163,1.5937319993972778
2025-01-20T05:16:09.000Z,0.9929968118667603,1.5937319993972778
2025-01-20T05:16:09.500Z,0.8935477137565613,1.5937319993972778
2025-01-20T05:16:10.000Z,0.9144073724746704,1.5937319993972778
2025-01-20T05:16:10.500Z,0.9968364238739014,1.5937319993972778
2025-01-20T05:16:11.000Z,1.1746678352355957,1.5937319993972778
2025-01-20T05:16:11.500Z,1.0728886127471924,1.5937319993972778
2025-01-20T05:16:12.000Z,1.0695229768753052,1.5937319993972778
2025-01-20T05:16:12.500Z,1.080356478691101,1.5937319993972778
2025-01-20T05:16:13.000Z,1.053015947341919,1.5937319993972778
2025-01-20T05:16:13.500Z,1.0310171842575073,1.5937319993972778
2025-01-20T05:16:14.000Z,1.0064913034439087,1.5937319993972778
2025-01-20T05:16:14.500Z,0.8814573287963867,1.5937319993972778
2025-01-20T05:16:15.000Z,1.010938286781311,1.5937319993972778
2025-01-20T05:16:15.500Z,0.9806389808654785,1.5937319993972778
2025-01-20T05:16:16.000Z,1.0659904479980469,1.5937319993972778
2025-01-20T05:16:16.500Z,1.1332436800003052,1.5937319993972778
2025-01-20T05:16:17.000Z,1.0287258625030518,1.5937319993972778
2025-01-20T05:16:17.500Z,0.9667423963546753,1.5937319993972778
2025-01-20T05:16:18.000Z,0.9861483573913574,1.5937319993972778
2025-01-20T05:16:18.500Z,1.0360586643218994,1.5937319993972778
2025-01-20T05:16:19.000Z,0.9923838376998901,1.5937319993972778
2025-01-20T05:16:19.500Z,0.987164318561554,1.5937319993972778
2025-01-20T05:16:20.000Z,1.0460790395736694,1.5937319993972778
2025-01-20T05:16:20.500Z,1.0958704948425293,1.5937319993972778
2025-01-20T05:16:21.000Z,1.0403172969818115,1.5937319993972778
2025-01-20T05:16:21.500Z,1.0582234859466553,1.5937319993972778
2025-01-20T05:16:22.000Z,1.0938624143600464,1.5937319993972778
2025-01-20T05:16:22.500Z,0.9543131589889526,1.5937319993972778
2025-01-20T05:16:23.000Z,0.958975613117218,1.5937319993972778
2025-01-20T05:16:23.500Z,1.003759503364563,1.5937319993972778
2025-01-20T05:16:24.000Z,1.097046136856079,1.5937319993972778
2025-01-20T05:16:24.500Z,0.9996472001075745,1.5937319993972778
2025-01-20T05:16:25.000Z,1.0364090204238892,1.5937319993972778
2025-01-20T05:16:25.500Z,0.9893205165863037,1.5937319993972778
2025-01-20T05:16:26.000Z,0.9531689882278442,1.5937319993972778
2025-01-20T05:16:26.500Z,1.0319602489471436,1.5937319993972778
2025-01-20T05:16:27.000Z,0.9785144925117493,1.5937319993972778
2025-01-20T05:16:27.500Z,1.0085725784301758,1.5937319993972778
2025-01-20T05:16:28.000Z,0.9744696617126465,1.5937319993972778
2025-01-20T05:16:28.500Z,0.9505701065063477,1.5937319993972778
2025-01-20T05:16:29.000Z,0.9751102924346924,1.5937319993972778
2025-01-20T05:16:29.500Z,0.9628599286079407,1.5937319993972778
2025-01-20T05:16:30.000Z,1.05728018283844,1.5937319993972778
2025-01-20T05:16:30.500Z,1.0040427446365356,1.5937319993972778
2025-01-20T05:16:31.000Z,1.0769766569137573,1.5937319993972778
2025-01-20T05:16:31.500Z,1.0852984189987183,1.5937319993972778
2025-01-20T05:16:32.000Z,1.131150484085083,1.5937319993972778
2025-01-20T05:16:32.500Z,0.969806432723999,1.5937319993972778
2025-01-20T05:16:33.000Z,1.041312336921692,1.5937319993972778
2025-01-20T05:16:33.500Z,1.1277940273284912,1.5937319993972778
2025-01-20T05:16:34.000Z,1.0700054168701172,1.5937319993972778
2025-01-20T05:16:34.500Z,1.1046801805496216,1.5937319993972778
2025-01-20T05:16:35.000Z,1.106963038444519,1.5937319993972778
2025-01-20T05:16:35.500Z,1.0223809480667114,1.5937319993972778
2025-01-20T05:16:36.000Z,0.9217565059661865,1.5937319993972778
2025-01-20T05:16:36.500Z,1.095866322517395,1.5937319993972778
2025-01-20T05:16:37.000Z,1.0655006170272827,1.5937319993972778
2025-01-20T05:16:37.500Z,0.9278960227966309,1.5937319993972778
2025-01-20T05:16:38.000Z,1.0202279090881348,1.5937319993972778
2025-01-20T05:16:38.500Z,0.989521861076355,1.5937319993972778
2025-01-20T05:16:39.000Z,0.9488179087638855,1.5937319993972778
2025-01-20T05:16:39.500Z,0.9967322945594788,1.5937319993972778
2025-01-20T05:16:40.000Z,0.9970723986625671,1.5937319993972778
2025-01-20T05:16:40.500Z,0.986495852470398,1.5937319993972778
2025-01-20T05:16:41.000Z,1.0539219379425049,1.5937319993972778
2025-01-20T05:16:41.500Z,1.037766695022583,1.5937319993972778
2025-01-20T05:16:42.000Z,0.9375566244125366,1.5937319993972778
2025-01-20T05:16:42.500Z,1.1784086227416992,1.5937319993972778
2025-01-20T05:16:43.000Z,1.0555065870285034,1.5937319993972778
2025-01-20T05:16:43.500Z,0.9868789315223694,1.5937319993972778
2025-01-20T05:16:44.000Z,0.972438633441925,1.5937319993972778
2025-01-20T05:16:44.500Z,1.1464718580245972,1.5937319993972778
2025-01-20T05:16:45.000Z,1.0591274499893188,1.5937319993972778
2025-01-20T05:16:45.500Z,0.9327870011329651,1.5937319993972778
2025-01-20T05:16:46.000Z,1.0472426414489746,1.5937319993972778
2025-01-20T05:16:46.500Z,1.0108197927474976,1.5937319993972778
2025-01-20T05:16:47.000Z,0.9628466367721558,1.5937319993972778
2025-01-20T05:16:47.500Z,1.0193135738372803,1.5937319993972778
2025-01-20T05:16:48.000Z,1.0032835006713867,1.5937319993972778
2025-01-20T05:16:48.500Z,0.9725435972213745,1.5937319993972778
2025-01-20T05:16:49.000Z,1.0100382566452026,1.5937319993972778
2025-01-20T05:16:49.500Z,0.868187665939331,1.5937319993972778
2025-01-20T05:16:50.000Z,0.9791852831840515,1.5937319993972778
2025-01-20T05:16:50.500Z,0.9647520184516907,1.5937319993972778
2025-01-20T05:16:51.000Z,1.0177608728408813,1.5937319993972778
2025-01-20T05:16:51.500Z,1.0967732667922974,1.5937319993972778
2025-01-20T05:16:52.000Z,0.9471755027770996,1.5937319993972778
2025-01-20T05:16:52.500Z,0.9302041530609131,1.5937319993972778
2025-01-20T05:16:53.000Z,0.9575023055076599,1.5937319993972778
2025-01-20T05:16:53.500Z,1.051949381828308,1.5937319993972778
2025-01-20T05:16:54.000Z,0.9067566394805908,1.5937319993972778
2025-01-20T05:16:54.500Z,1.0615882873535156,1.5937319993972778
2025-01-20T05:16:55.000Z,1.092637538909912,1.5937319993972778
2025-01-20T05:16:55.500Z,1.0116976499557495,1.5937319993972778
2025-01-20T05:16:56.000Z,1.090685486793518,1.5937319993972778
2025-01-20T05:16:56.500Z,1.0884976387023926,1.5937319993972778
2025-01-20T05:16:57.000Z,1.131745457649231,1.5937319993972778
2025-01-20T05:16:57.500Z,1.1917511224746704,1.5937319993972778
2025-01-20T05:16:58.000Z,1.0327482223510742,1.5937319993972778
2025-01-20T05:16:58.500Z,1.105760931968689,1.5937319993972778
2025-01-20T05:16:59.000Z,1.0155836343765259,1.5937319993972778
2025-01-20T05:16:59.500Z,0.9093763828277588,1.5937319993972778
2025-01-20T05:17:00.000Z,1.0279322862625122,1.5937319993972778
2025-01-20T05:17:00.500Z,1.1119625568389893,1.5937319993972778
2025-01-20T05:17:01.000Z,1.0718497037887573,1.5937319993972778
2025-01-20T05:17:01.500Z,1.069196105003357,1.5937319993972778
2025-01-20T05:17:02.000Z,1.0577442646026611,1.5937319993972778
2025-01-20T05:17:02.500Z,1.1140767335891724,1.5937319993972778
2025-01-20T05:17:03.000Z,1.0251023769378662,1.5937319993972778
2025-01-20T05:17:03.500Z,1.126198649406433,1.5937319993972778
2025-01-20T05:17:04.000Z,1.1463276147842407,1.5937319993972778
2025-01-20T05:17:04.500Z,1.0566083192825317,1.5937319993972778
2025-01-20T05:17:05.000Z,0.9751531481742859,1.5937319993972778
2025-01-20T05:17:05.500Z,1.082075834274292,1.5937319993972778
2025-01-20T05:17:06.000Z,0.9730835556983948,1.5937319993972778
2025-01-20T05:17:06.500Z,0.982381284236908,1.5937319993972778
2025-01-20T05:17:07.000Z,0.9697084426879883,1.5937319993972778
2025-01-20T05:17:07.500Z,1.0495368242263794,1.5937319993972778
2025-01-20T05:17:08.000Z,0.9741255640983582,1.5937319993972778
2025-01-20T05:17:08.500Z,1.0030823945999146,1.5937319993972778
2025-01-20T05:17:09.000Z,0.9568801522254944,1.5937319993972778
2025-01-20T05:17:09.500Z,0.9366185069084167,1.5937319993972778
2025-01-20T05:17:10.000Z,0.9706587791442871,1.5937319993972778
2025-01-20T05:17:10.500Z,1.091234803199768,1.5937319993972778
2025-01-20T05:17:11.000Z,1.0750634670257568,1.5937319993972778
2025-01-20T05:17:11.500Z,0.9960505962371826,1.5937319993972778
2025-01-20T05:17:12.000Z,0.9377703666687012,1.5937319993972778
2025-01-20T05:17:12.500Z,0.9703705310821533,1.5937319993972778
2025-01-20T05:17:13.000Z,1.0770068168640137,1.5937319993972778
2025-01-20T05:17:13.500Z,1.0561962127685547,1.5937319993972778
2025-01-20T05:17:14.000Z,1.0276626348495483,1.5937319993972778
2025-01-20T05:17:14.500Z,1.1177246570587158,1.5937319993972778
2025-01-20T05:17:15.000Z,0.9468269944190979,1.5937319993972778
2025-01-20T05:17:15.500Z,0.9669453501701355,1.5937319993972778
2025-01-20T05:17:16.000Z,1.0289409160614014,1.5937319993972778
2025-01-20T05:17:16.500Z,0.9252437949180603,1.5937319993972778
2025-01-20T05:17:17.000Z,1.0103405714035034,1.5937319993972778
2025-01-20T05:17:17.500Z,0.8907119631767273,1.5937319993972778
2025-01-20T05:17:18.000Z,0.9071292281150818,1.5937319993972778
2025-01-20T05:17:18.500Z,0.9437198638916016,1.5937319993972778
2025-01-20T05:17:19.000Z,0.9189541935920715,1.5937319993972778
2025-01-20T05:17:19.500Z,0.9459455013275146,1.5937319993972778
2025-01-20T05:17:20.000Z,1.1074724197387695,1.5937319993972778
2025-01-20T05:17:20.500Z,0.9668055772781372,1.5937319993972778
2025-01-20T05:17:21.000Z,1.1148427724838257,1.5937319993972778
2025-01-20T05:17:21.500Z,1.145180106163025,1.5937319993972778
2025-01-20T05:17:22.000Z,1.0506316423416138,1.5937319993972778
2025-01-20T05:17:22.500Z,1.0675479173660278,1.5937319993972778
2025-01-20T05:17:23.000Z,1.1619207859039307,1.5937319993972778
2025-01-20T05:17:23.500Z,1.171992301940918,1.5937319993972778
2025-01-20T05:17:24.000Z,1.0799771547317505,1.5937319993972778
2025-01-20T05:17:24.500Z,1.1147127151489258,1.5937319993972778
2025-01-20T05:17:25.000Z,1.076663851737976,1.5937319993972778
2025-01-20T05:17:25.500Z,1.0792920589447021,1.5937319993972778
2025-01-20T05:17:26.000Z,1.0526165962219238,1.5937319993972778
2025-01-20T05:17:26.500Z,1.0717089176177979,1.5937319993972778
2025-01-20T05:17:27.000Z,1.0401768684387207,1.5937319993972778
2025-01-20T05:17:27.500Z,0.8856438398361206,1.5937319993972778
2025-01-20T05:17:28.000Z,0.9268164038658142,1.5937319993972778
2025-01-20T05:17:28.500Z,0.9520130753517151,1.5937319993972778
2025-01-20T05:17:29.000Z,0.9942870140075684,1.5937319993972778
2025-01-20T05:17:29.500Z,0.8958747982978821,1.5937319993972778
2025-01-20T05:17:30.000Z,1.0439767837524414,1.5937319993972778
2025-01-20T05:17:30.500Z,0.8378456830978394,1.5937319993972778
2025-01-20T05:17:31.000Z,0.908271312713623,1.5937319993972778
2025-01-20T05:17:31.500Z,0.9706438779830933,1.5937319993972778
2025-01-20T05:17:32.000Z,1.0366714000701904,1.5937319993972778
2025-01-20T05:17:32.500Z,1.021362543106079,1.5937319993972778
2025-01-20T05:17:33.000Z,0.9781455993652344,1.5937319993972778
2025-01-20T05:17:33.500Z,0.9896348714828491,1.5937319993972778
2025-01-20T05:17:34.000Z,1.0770667791366577,1.5937319993972778
2025-01-20T05:17:34.500Z,1.0203607082366943,1.5937319993972778
2025-01-20T05:17:35.000Z,0.9611405730247498,1.5937319993972778
2025-01-20T05:17:35.500Z,1.101953148841858,1.5937319993972778
2025-01-20T05:17:36.000Z,0.9601720571517944,1.5937319993972778
2025-01-20T05:17:36.500Z,0.9690592288970947,1.5937319993972778
2025-01-20T05:17:37.000Z,1.1236732006072998,1.5937319993972778
2025-01-20T05:17:37.500Z,1.0605762004852295,1.5937319993972778
2025-01-20T05:17:38.000Z,1.0306340456008911,1.5937319993972778
2025-01-20T05:17:38.500Z,1.0215699672698975,1.5937319993972778
2025-01-20T05:17:39.000Z,0.9672737121582031,1.5937319993972778
2025-01-20T05:17:39.500Z,0.9836542010307312,1.5937319993972778
2025-01-20T05:17:40.000Z,1.0106874704360962,1.5937319993972778
2025-01-20T05:17:40.500Z,0.925969123840332,1.5937319993972778
2025-01-20T05:17:41.000Z,0.912552535533905,1.5937319993972778
2025-01-20T05:17:41.500Z,1.0500913858413696,1.5937319993972778
2025-01-20T05:17:42.000Z,1.0458177328109741,1.5937319993972778
2025-01-20T05:17:42.500Z,1.0331438779830933,1.5937319993972778
2025-01-20T05:17:43.000Z,1.1008012294769287,1.5937319993972778
2025-01-20T05:17:43.500Z,1.0646916627883911,1.5937319993972778
2025-01-20T05:17:44.000Z,1.0752549171447754,1.5937319993972778
2025-01-20T05:17:44.500Z,1.0488450527191162,1.5937319993972778
2025-01-20T05:17:45.000Z,1.159422516822815,1.5937319993972778
2025-01-20T05:17:45.500Z,1.09012770652771,1.5937319993972778
2025-01-20T05:17:46.000Z,1.0160075426101685,1.5937319993972778
2025-01-20T05:17:46.500Z,0.9979456663131714,1.5937319993972778
2025-01-20T05:17:47.000Z,0.9983593225479126,1.5937319993972778
2025-01-20T05:17:47.500Z,1.1717095375061035,1.5937319993972778
2025-01-20T05:17:48.000Z,0.9364635944366455,1.5937319993972778
2025-01-20T05:17:48.500Z,1.1183916330337524,1.5937319993972778
2025-01-20T05:17:49.000Z,1.1247483491897583,1.5937319993972778
2025-01-20T05:17:49.500Z,1.1097261905670166,1.5937319993972778
2025-01-20T05:17:50.000Z,1.1135061979293823,1.5937319993972778
2025-01-20T05:17:50.500Z,0.9660400748252869,1.5937319993972778
2025-01-20T05:17:51.000Z,0.9674968123435974,1.5937319993972778
2025-01-20T05:17:51.500Z,1.1849300861358643,1.5937319993972778
2025-01-20T05:17:52.000Z,1.1002758741378784,1.5937319993972778
2025-01-20T05:17:52.500Z,1.0418684482574463,1.5937319993972778
2025-01-20T05:17:53.000Z,0.9462123513221741,1.5937319993972778
2025-01-20T05:17:53.500Z,0.921175479888916,1.5937319993972778
2025-01-20T05:17:54.000Z,1.0701347589492798,1.5937319993972778
2025-01-20T05:17:54.500Z,1.0244265794754028,1.5937319993972778
2025-01-20T05:17:55.000Z,1.0005877017974854,1.5937319993972778
2025-01-20T05:17:55.500Z,0.9799680709838867,1.5937319993972778
2025-01-20T05:17:56.000Z,1.0080599784851074,1.5937319993972778
2025-01-20T05:17:56.500Z,0.9646339416503906,1.5937319993972778
2025-01-20T05:17:57.000Z,0.919819176197052,1.5937319993972778
2025-01-20T05:17:57.500Z,1.091129183769226,1.5937319993972778
2025-01-20T05:17:58.000Z,1.1089991331100464,1.5937319993972778
2025-01-20T05:17:58.500Z,0.938636302947998,1.5937319993972778
2025-01-20T05:17:59.000Z,0.9419278502464294,1.5937319993972778
2025-01-20T05:17:59.500Z,0.9650624394416809,1.5937319993972778
2025-01-20T05:18:00.000Z,1.0564520359039307,1.5937319993972778
2025-01-20T05:18:00.500Z,0.9789764285087585,1.5937319993972778
2025-01-20T05:18:01.000Z,1.0518629550933838,1.5937319993972778
2025-01-20T05:18:01.500Z,0.9538354277610779,1.5937319993972778
2025-01-20T05:18:02.000Z,0.926331102848053,1.5937319993972778
2025-01-20T05:18:02.500Z,1.0946649312973022,1.5937319993972778
2025-01-20T05:18:03.000Z,0.9931650161743164,1.5937319993972778
2025-01-20T05:18:03.500Z,1.0302536487579346,1.5937319993972778
2025-01-20T05:18:04.000Z,0.9937689900398254,1.5937319993972778
2025-01-20T05:18:04.500Z,0.9741926193237305,1.5937319993972778
2025-01-20T05:18:05.000Z,0.9319732785224915,1.5937319993972778
2025-01-20T05:18:05.500Z,0.9097427725791931,1.5937319993972778
2025-01-20T05:18:06.000Z,1.034067988395691,1.5937319993972778
2025-01-20T05:18:06.500Z,0.928556501865387,1.5937319993972778
2025-01-20T05:18:07.000Z,1.0618510246276855,1.5937319993972778
2025-01-20T05:18:07.500Z,0.9753776788711548,1.5937319993972778
2025-01-20T05:18:08.000Z,0.9344273209571838,1.5937319993972778
2025-01-20T05:18:08.500Z,0.9434283971786499,1.5937319993972778
2025-01-20T05:18:09.000Z,1.0074191093444824,1.5937319993972778
2025-01-20T05:18:09.500Z,0.940259575843811,1.5937319993972778
2025-01-20T05:18:10.000Z,0.9947571754455566,1.5937319993972778
2025-01-20T05:18:10.500Z,0.8955148458480835,1.5937319993972778
2025-01-20T05:18:11.000Z,1.0038033723831177,1.5937319993972778
2025-01-20T05:18:11.500Z,0.9462352395057678,1.5937319993972778
2025-01-20T05:18:12.000Z,0.9500230550765991,1.5937319993972778
2025-01-20T05:18:12.500Z,1.0746484994888306,1.5937319993972778
2025-01-20T05:18:13.000Z,1.132224678993225,1.5937319993972778
2025-01-20T05:18:13.500Z,1.1383424997329712,1.5937319993972778
2025-01-20T05:18:14.000Z,1.0695778131484985,1.5937319993972778
2025-01-20T05:18:14.500Z,1.050805926322937,1.5937319993972778
2025-01-20T05:18:15.000Z,1.0995235443115234,1.5937319993972778
2025-01-20T05:18:15.500Z,0.9626169204711914,1.5937319993972778
2025-01-20T05:18:16.000Z,0.987819492816925,1.5937319993972778
2025-01-20T05:18:16.500Z,0.9002517461776733,1.5937319993972778
2025-01-20T05:18:17.000Z,1.0300769805908203,1.5937319993972778
2025-01-20T05:18:17.500Z,0.9786223769187927,1.5937319993972778
2025-01-20T05:18:18.000Z,1.0444775819778442,1.5937319993972778
2025-01-20T05:18:18.500Z,0.9839569330215454,1.5937319993972778
2025-01-20T05:18:19.000Z,0.9911537766456604,1.5937319993972778
2025-01-20T05:18:19.500Z,0.9709919095039368,1.5937319993972778
2025-01-20T05:18:20.000Z,1.0289089679718018,1.5937319993972778
2025-01-20T05:18:20.500Z,0.9451003670692444,1.5937319993972778
2025-01-20T05:18:21.000Z,1.0575388669967651,1.5937319993972778
2025-01-20T05:18:21.500Z,0.9497420787811279,1.5937319993972778
2025-01-20T05:18:22.000Z,0.9352867007255554,1.5937319993972778
2025-01-20T05:18:22.500Z,0.9960947036743164,1.5937319993972778
2025-01-20T05:18:23.000Z,0.9348130226135254,1.5937319993972778
2025-01-20T05:18:23.500Z,1.037299394607544,1.5937319993972778
2025-01-20T05:18:24.000Z,0.9724575877189636,1.5937319993972778
2025-01-20T05:18:24.500Z,1.0536794662475586,1.5937319993972778
2025-01-20T05:18:25.000Z,1.0386717319488525,1.5937319993972778
2025-01-20T05:18:25.500Z,1.0298727750778198,1.5937319993972778
2025-01-20T05:18:26.000Z,1.100027322769165,1.5937319993972778
2025-01-20T05:18:26.500Z,1.1686458587646484,1.5937319993972778
2025-01-20T05:18:27.000Z,1.0481839179992676,1.5937319993972778
2025-01-20T05:18:27.500Z,1.0898605585098267,1.5937319993972778
2025-01-20T05:18:28.000Z,1.0766764879226685,1.5937319993972778
2025-01-20T05:18:28.500Z,1.0819658041000366,1.5937319993972778
2025-01-20T05:18:29.000Z,1.1428662538528442,1.5937319993972778
2025-01-20T05:18:29.500Z,1.0114778280258179,1.5937319993972778
2025-01-20T05:18:30.000Z,1.0924991369247437,1.5937319993972778
2025-01-20T05:18:30.500Z,1.0736457109451294,1.5937319993972778
2025-01-20T05:18:31.000Z,1.0700149536132812,1.5937319993972778
2025-01-20T05:18:31.500Z,1.0747320652008057,1.5937319993972778
2025-01-20T05:18:32.000Z,1.0038470029830933,1.5937319993972778
2025-01-20T05:18:32.500Z,0.9876529574394226,1.5937319993972778
2025-01-20T05:18:33.000Z,0.9502725005149841,1.5937319993972778
2025-01-20T05:18:33.500Z,1.0199836492538452,1.5937319993972778
2025-01-20T05:18:34.000Z,0.9643810391426086,1.5937319993972778
2025-01-20T05:18:34.500Z,0.9609782695770264,1.5937319993972778
2025-01-20T05:18:35.000Z,1.0322126150131226,1.5937319993972778
2025-01-20T05:18:35.500Z,0.9468470811843872,1.5937319993972778
2025-01-20T05:18:36.000Z,0.8835436701774597,1.5937319993972778
2025-01-20T05:18:36.500Z,1.1128180027008057,1.5937319993972778
2025-01-20T05:18:37.000Z,1.0338205099105835,1.5937319993972778
2025-01-20T05:18:37.500Z,0.9460611939430237,1.5937319993972778
2025-01-20T05:18:38.000Z,0.9979814291000366,1.5937319993972778
2025-01-20T05:18:38.500Z,1.017777442932129,1.5937319993972778
2025-01-20T05:18:39.000Z,0.9438086748123169,1.5937319993972778
2025-01-20T05:18:39.500Z,0.8730249404907227,1.5937319993972778
2025-01-20T05:18:40.000Z,1.0809684991836548,1.5937319993972778
2025-01-20T05:18:40.500Z,1.0291918516159058,1.5937319993972778
2025-01-20T05:18:41.000Z,0.9685060977935791,1.5937319993972778
2025-01-20T05:18:41.500Z,1.0331857204437256,1.5937319993972778
2025-01-20T05:18:42.000Z,1.0894896984100342,1.5937319993972778
2025-01-20T05:18:42.500Z,1.0313172340393066,1.5937319993972778
2025-01-20T05:18:43.000Z,0.9669190645217896,1.5937319993972778
2025-01-20T05:18:43.500Z,1.0004634857177734,1.5937319993972778
2025-01-20T05:18:44.000Z,0.969352126121521,1.5937319993972778
2025-01-20T05:18:44.500Z,0.9819972515106201,1.5937319993972778
2025-01-20T05:18:45.000Z,0.984054446220398,1.5937319993972778
2025-01-20T05:18:45.500Z,0.9412189722061157,1.5937319993972778
2025-01-20T05:18:46.000Z,1.1468957662582397,1.5937319993972778
2025-01-20T05:18:46.500Z,1.1387476921081543,1.5937319993972778
2025-01-20T05:18:47.000Z,0.9837208986282349,1.5937319993972778
2025-01-20T05:18:47.500Z,0.9572520852088928,1.5937319993972778
2025-01-20T05:18:48.000Z,1.0301603078842163,1.5937319993972778
2025-01-20T05:18:48.500Z,0.9545765519142151,1.5937319993972778
2025-01-20T05:18:49.000Z,1.0473703145980835,1.5937319993972778
2025-01-20T05:18:49.500Z,0.9149718284606934,1.5937319993972778
2025-01-20T05:18:50.000Z,0.9724521040916443,1.5937319993972778
2025-01-20T05:18:50.500Z,1.1683504581451416,1.5937319993972778
2025-01-20T05:18:51.000Z,1.2707589864730835,1.5937319993972778
2025-01-20T05:18:51.500Z,1.083904504776001,1.5937319993972778
2025-01-20T05:18:52.000Z,1.0569959878921509,1.5937319993972778
2025-01-20T05:18:52.500Z,1.0624333620071411,1.5937319993972778
2025-01-20T05:18:53.000Z,0.9381462335586548,1.5937319993972778
2025-01-20T05:18:53.500Z,1.0502277612686157,1.5937319993972778
2025-01-20T05:18:54.000Z,1.0545077323913574,1.5937319993972778
2025-01-20T05:18:54.500Z,1.1372641324996948,1.5937319993972778
2025-01-20T05:18:55.000Z,1.0174506902694702,1.5937319993972778
2025-01-20T05:18:55.500Z,0.8968418836593628,1.5937319993972778
2025-01-20T05:18:56.000Z,0.9942824840545654,1.5937319993972778
2025-01-20T05:18:56.500Z,1.0837405920028687,1.5937319993972778
2025-01-20T05:18:57.000Z,1.1009576320648193,1.5937319993972778
2025-01-20T05:18:57.500Z,1.0010353326797485,1.5937319993972778
2025-01-20T05:18:58.000Z,1.119272232055664,1.5937319993972778
2025-01-20T05:18:58.500Z,0.9844689965248108,1.5937319993972778
2025-01-20T05:18:59.000Z,0.9523168206214905,1.5937319993972778
2025-01-20T05:18:59.500Z,1.0024179220199585,1.5937319993972778
2025-01-20T05:19:00.000Z,1.1000350713729858,1.5937319993972778
2025-01-20T05:19:00.500Z,1.300909399986267,1.5937319993972778
2025-01-20T05:19:01.000Z,1.0102289915084839,1.5937319993972778
2025-01-20T05:19:01.500Z,1.1230579614639282,1.5937319993972778
2025-01-20T05:19:02.000Z,0.9750857353210449,1.5937319993972778
2025-01-20T05:19:02.500Z,1.0219224691390991,1.5937319993972778
2025-01-20T05:19:03.000Z,0.9151799082756042,1.5937319993972778
2025-01-20T05:19:03.500Z,1.0830206871032715,1.5937319993972778
2025-01-20T05:19:04.000Z,1.0824440717697144,1.5937319993972778
2025-01-20T05:19:04.500Z,1.0975725650787354,1.5937319993972778
2025-01-20T05:19:05.000Z,1.1992636919021606,1.5937319993972778
2025-01-20T05:19:05.500Z,1.094472885131836,1.5937319993972778
2025-01-20T05:19:06.000Z,1.1409238576889038,1.5937319993972778
2025-01-20T05:19:06.500Z,1.0643103122711182,1.5937319993972778
2025-01-20T05:19:07.000Z,1.0615251064300537,1.5937319993972778
2025-01-20T05:19:07.500Z,1.0670115947723389,1.5937319993972778
2025-01-20T05:19:08.000Z,1.037210464477539,1.5937319993972778
2025-01-20T05:19:08.500Z,1.0007644891738892,1.5937319993972778
2025-01-20T05:19:09.000Z,1.0348827838897705,1.5937319993972778
2025-01-20T05:19:09.500Z,0.9386314749717712,1.5937319993972778
2025-01-20T05:19:10.000Z,1.0883939266204834,1.5937319993972778
2025-01-20T05:19:10.500Z,1.3431789875030518,1.5937319993972778
2025-01-20T05:19:11.000Z,1.0384827852249146,1.5937319993972778
2025-01-20T05:19:11.500Z,1.0925865173339844,1.5937319993972778
2025-01-20T05:19:12.000Z,1.1040478944778442,1.5937319993972778
2025-01-20T05:19:12.500Z,1.018195629119873,1.5937319993972778
2025-01-20T05:19:13.000Z,0.9146361947059631,1.5937319993972778
2025-01-20T05:19:13.500Z,0.9880431890487671,1.5937319993972778
2025-01-20T05:19:14.000Z,0.9735238552093506,1.5937319993972778
2025-01-20T05:19:14.500Z,0.9683281779289246,1.5937319993972778
2025-01-20T05:19:15.000Z,0.992695689201355,1.5937319993972778
2025-01-20T05:19:15.500Z,1.0285897254943848,1.5937319993972778
2025-01-20T05:19:16.000Z,0.9644159078598022,1.5937319993972778
2025-01-20T05:19:16.500Z,1.0174685716629028,1.5937319993972778
2025-01-20T05:19:17.000Z,0.9588817954063416,1.5937319993972778
2025-01-20T05:19:17.500Z,0.8274869322776794,1.5937319993972778
2025-01-20T05:19:18.000Z,0.9694287776947021,1.5937319993972778
2025-01-20T05:19:18.500Z,0.9679230451583862,1.5937319993972778
2025-01-20T05:19:19.000Z,1.0727603435516357,1.5937319993972778
2025-01-20T05:19:19.500Z,0.9526048898696899,1.5937319993972778
2025-01-20T05:19:20.000Z,1.0246235132217407,1.5937319993972778
2025-01-20T05:19:20.500Z,0.9965457916259766,1.5937319993972778
2025-01-20T05:19:21.000Z,0.928676962852478,1.5937319993972778
2025-01-20T05:19:21.500Z,0.9983270168304443,1.5937319993972778
2025-01-20T05:19:22.000Z,1.0452959537506104,1.5937319993972778
2025-01-20T05:19:22.500Z,1.0769784450531006,1.5937319993972778
2025-01-20T05:19:23.000Z,0.9779975414276123,1.5937319993972778
2025-01-20T05:19:23.500Z,1.0678420066833496,1.5937319993972778
2025-01-20T05:19:24.000Z,1.014700174331665,1.5937319993972778
2025-01-20T05:19:24.500Z,1.0154005289077759,1.5937319993972778
2025-01-20T05:19:25.000Z,0.9504353404045105,1.5937319993972778
2025-01-20T05:19:25.500Z,0.9119245409965515,1.5937319993972778
2025-01-20T05:19:26.000Z,1.0816562175750732,1.5937319993972778
2025-01-20T05:19:26.500Z,1.072058081626892,1.5937319993972778
2025-01-20T05:19:27.000Z,0.9732129573822021,1.5937319993972778
2025-01-20T05:19:27.500Z,1.067138910293579,1.5937319993972778
2025-01-20T05:19:28.000Z,0.9000074863433838,1.5937319993972778
2025-01-20T05:19:28.500Z,0.9477054476737976,1.5937319993972778
2025-01-20T05:19:29.000Z,0.9999560713768005,1.5937319993972778
2025-01-20T05:19:29.500Z,0.9586853981018066,1.5937319993972778
2025-01-20T05:19:30.000Z,1.1222572326660156,1.5937319993972778
2025-01-20T05:19:30.500Z,0.9852089285850525,1.5937319993972778
2025-01-20T05:19:31.000Z,0.9472334980964661,1.5937319993972778
2025-01-20T05:19:31.500Z,0.9932993650436401,1.5937319993972778
2025-01-20T05:19:32.000Z,1.0391117334365845,1.5937319993972778
2025-01-20T05:19:32.500Z,1.0897512435913086,1.5937319993972778
2025-01-20T05:19:33.000Z,1.1245970726013184,1.5937319993972778
2025-01-20T05:19:33.500Z,0.9475475549697876,1.5937319993972778
2025-01-20T05:19:34.000Z,1.0101635456085205,1.5937319993972778
2025-01-20T05:19:34.500Z,1.0173842906951904,1.5937319993972778
2025-01-20T05:19:35.000Z,0.8987064957618713,1.5937319993972778
2025-01-20T05:19:35.500Z,0.9996591806411743,1.5937319993972778
2025-01-20T05:19:36.000Z,1.0267081260681152,1.5937319993972778
2025-01-20T05:19:36.500Z,1.0134161710739136,1.5937319993972778
2025-01-20T05:19:37.000Z,1.096248984336853,1.5937319993972778
2025-01-20T05:19:37.500Z,1.1440736055374146,1.5937319993972778
2025-01-20T05:19:38.000Z,1.0305777788162231,1.5937319993972778
2025-01-20T05:19:38.500Z,0.9922047853469849,1.5937319993972778
2025-01-20T05:19:39.000Z,1.0505443811416626,1.5937319993972778
2025-01-20T05:19:39.500Z,1.0360532999038696,1.5937319993972778
2025-01-20T05:19:40.000Z,1.0709948539733887,1.5937319993972778
2025-01-20T05:19:40.500Z,0.9756671786308289,1.5937319993972778
2025-01-20T05:19:41.000Z,1.017341136932373,1.5937319993972778
2025-01-20T05:19:41.500Z,0.9959214925765991,1.5937319993972778
2025-01-20T05:19:42.000Z,1.0914798974990845,1.5937319993972778
2025-01-20T05:19:42.500Z,0.9679515361785889,1.5937319993972778
2025-01-20T05:19:43.000Z,1.0283279418945312,1.5937319993972778
2025-01-20T05:19:43.500Z,1.083275318145752,1.5937319993972778
2025-01-20T05:19:44.000Z,1.0410761833190918,1.5937319993972778
2025-01-20T05:19:44.500Z,0.9898648262023926,1.5937319993972778
2025-01-20T05:19:45.000Z,1.0039384365081787,1.5937319993972778
2025-01-20T05:19:45.500Z,0.9561885595321655,1.5937319993972778
2025-01-20T05:19:46.000Z,1.0093436241149902,1.5937319993972778
2025-01-20T05:19:46.500Z,1.0190238952636719,1.5937319993972778
2025-01-20T05:19:47.000Z,0.9072432518005371,1.5937319993972778
2025-01-20T05:19:47.500Z,0.9211611747741699,1.5937319993972778
2025-01-20T05:19:48.000Z,0.9800138473510742,1.5937319993972778
2025-01-20T05:19:48.500Z,0.9413400292396545,1.5937319993972778
2025-01-20T05:19:49.000Z,1.0019924640655518,1.5937319993972778
2025-01-20T05:19:49.500Z,0.9772554636001587,1.5937319993972778
2025-01-20T05:19:50.000Z,0.9495336413383484,1.5937319993972778
2025-01-20T05:19:50.500Z,1.0844515562057495,1.5937319993972778
2025-01-20T05:19:51.000Z,0.9268233776092529,1.5937319993972778
2025-01-20T05:19:51.500Z,1.0602655410766602,1.5937319993972778
2025-01-20T05:19:52.000Z,1.0292272567749023,1.5937319993972778
2025-01-20T05:19:52.500Z,1.0352375507354736,1.5937319993972778
2025-01-20T05:19:53.000Z,1.1271698474884033,1.5937319993972778
2025-01-20T05:19:53.500Z,0.930560827255249,1.5937319993972778
2025-01-20T05:19:54.000Z,1.0081087350845337,1.5937319993972778
2025-01-20T05:19:54.500Z,0.9930403828620911,1.5937319993972778
2025-01-20T05:19:55.000Z,1.0977997779846191,1.5937319993972778
2025-01-20T05:19:55.500Z,0.9936465620994568,1.5937319993972778
2025-01-20T05:19:56.000Z,0.9863214492797852,1.5937319993972778
2025-01-20T05:19:56.500Z,0.9904293417930603,1.5937319993972778
2025-01-20T05:19:57.000Z,0.9917548894882202,1.5937319993972778
2025-01-20T05:19:57.500Z,1.005009412765503,1.5937319993972778
2025-01-20T05:19:58.000Z,1.029066801071167,1.5937319993972778
2025-01-20T05:19:58.500Z,0.9024348855018616,1.5937319993972778
2025-01-20T05:19:59.000Z,0.9131951332092285,1.5937319993972778
2025-01-20T05:19:59.500Z,0.9808856844902039,1.5937319993972778
2025-01-20T05:20:00.000Z,1.0634757280349731,1.5937319993972778
2025-01-20T05:20:00.500Z,1.0340825319290161,1.5937319993972778
2025-01-20T05:20:01.000Z,1.0264225006103516,1.5937319993972778
2025-01-20T05:20:01.500Z,1.0715312957763672,1.5937319993972778
2025-01-20T05:20:02.000Z,1.0159658193588257,1.5937319993972778
2025-01-20T05:20:02.500Z,1.0449341535568237,1.5937319993972778
2025-01-20T05:20:03.000Z,1.0787098407745361,1.5937319993972778
2025-01-20T05:20:03.500Z,1.0946629047393799,1.5937319993972778
2025-01-20T05:20:04.000Z,0.9448130130767822,1.5937319993972778
2025-01-20T05:20:04.500Z,1.0038586854934692,1.5937319993972778
2025-01-20T05:20:05.000Z,1.1240001916885376,1.5937319993972778
2025-01-20T05:20:05.500Z,0.9618362188339233,1.5937319993972778
2025-01-20T05:20:06.000Z,1.0321556329727173,1.5937319993972778
2025-01-20T05:20:06.500Z,1.0145142078399658,1.5937319993972778
2025-01-20T05:20:07.000Z,1.0718390941619873,1.5937319993972778
2025-01-20T05:20:07.500Z,1.0127722024917603,1.5937319993972778
2025-01-20T05:20:08.000Z,1.098275065422058,1.5937319993972778
2025-01-20T05:20:08.500Z,1.0281922817230225,1.5937319993972778
2025-01-20T05:20:09.000Z,1.0685466527938843,1.5937319993972778
2025-01-20T05:20:09.500Z,1.206630825996399,1.5937319993972778
2025-01-20T05:20:10.000Z,0.9720991849899292,1.5937319993972778
2025-01-20T05:20:10.500Z,0.9348922967910767,1.5937319993972778
2025-01-20T05:20:11.000Z,1.0776017904281616,1.5937319993972778
2025-01-20T05:20:11.500Z,1.061049461364746,1.5937319993972778
2025-01-20T05:20:12.000Z,0.9930773377418518,1.5937319993972778
2025-01-20T05:20:12.500Z,0.9654218554496765,1.5937319993972778
2025-01-20T05:20:13.000Z,1.012962818145752,1.5937319993972778
2025-01-20T05:20:13.500Z,1.0173838138580322,1.5937319993972778
2025-01-20T05:20:14.000Z,0.9999620318412781,1.5937319993972778
2025-01-20T05:20:14.500Z,1.0240827798843384,1.5937319993972778
2025-01-20T05:20:15.000Z,1.0540311336517334,1.5937319993972778
2025-01-20T05:20:15.500Z,1.0916163921356201,1.5937319993972778
2025-01-20T05:20:16.000Z,1.072320580482483,1.5937319993972778
2025-01-20T05:20:16.500Z,1.040543794631958,1.5937319993972778
2025-01-20T05:20:17.000Z,0.9486033916473389,1.5937319993972778
2025-01-20T05:20:17.500Z,1.0137184858322144,1.5937319993972778
2025-01-20T05:20:18.000Z,1.079962968826294,1.5937319993972778
2025-01-20T05:20:18.500Z,1.0735135078430176,1.5937319993972778
2025-01-20T05:20:19.000Z,1.0872982740402222,1.5937319993972778
2025-01-20T05:20:19.500Z,1.0025582313537598,1.5937319993972778
2025-01-20T05:20:20.000Z,1.070313811302185,1.5937319993972778
2025-01-20T05:20:20.500Z,0.9871106743812561,1.5937319993972778
2025-01-20T05:20:21.000Z,1.0640697479248047,1.5937319993972778
2025-01-20T05:20:21.500Z,0.9369803667068481,1.5937319993972778
2025-01-20T05:20:22.000Z,1.0279144048690796,1.5937319993972778
2025-01-20T05:20:22.500Z,1.1054818630218506,1.5937319993972778
2025-01-20T05:20:23.000Z,1.1140841245651245,1.5937319993972778
2025-01-20T05:20:23.500Z,1.109158992767334,1.5937319993972778
2025-01-20T05:20:24.000Z,1.0003501176834106,1.5937319993972778
2025-01-20T05:20:24.500Z,1.0617389678955078,1.5937319993972778
2025-01-20T05:20:25.000Z,1.0708158016204834,1.5937319993972778
2025-01-20T05:20:25.500Z,1.0912668704986572,1.5937319993972778
2025-01-20T05:20:26.000Z,1.1300380229949951,1.5937319993972778
2025-01-20T05:20:26.500Z,1.1692612171173096,1.5937319993972778
2025-01-20T05:20:27.000Z,1.0058116912841797,1.5937319993972778
2025-01-20T05:20:27.500Z,1.0631661415100098,1.5937319993972778
2025-01-20T05:20:28.000Z,1.1322098970413208,1.5937319993972778
2025-01-20T05:20:28.500Z,0.9242140650749207,1.5937319993972778
2025-01-20T05:20:29.000Z,1.0896183252334595,1.5937319993972778
2025-01-20T05:20:29.500Z,1.008388638496399,1.5937319993972778
2025-01-20T05:20:30.000Z,0.9611150026321411,1.5937319993972778
2025-01-20T05:20:30.500Z,1.0975236892700195,1.5937319993972778
2025-01-20T05:20:31.000Z,1.138823390007019,1.5937319993972778
2025-01-20T05:20:31.500Z,1.068373203277588,1.5937319993972778
2025-01-20T05:20:32.000Z,1.0668041706085205,1.5937319993972778
2025-01-20T05:20:32.500Z,1.1318132877349854,1.5937319993972778
2025-01-20T05:20:33.000Z,1.0132797956466675,1.5937319993972778
2025-01-20T05:20:33.500Z,0.9877902865409851,1.5937319993972778
2025-01-20T05:20:34.000Z,0.9909493923187256,1.5937319993972778
2025-01-20T05:20:34.500Z,0.9958254098892212,1.5937319993972778
2025-01-20T05:20:35.000Z,0.9388278722763062,1.5937319993972778
2025-01-20T05:20:35.500Z,0.9721347689628601,1.5937319993972778
2025-01-20T05:20:36.000Z,1.0281938314437866,1.5937319993972778
2025-01-20T05:20:36.500Z,0.9966058731079102,1.5937319993972778
2025-01-20T05:20:37.000Z,1.0036786794662476,1.5937319993972778
2025-01-20T05:20:37.500Z,1.0598962306976318,1.5937319993972778
2025-01-20T05:20:38.000Z,1.0740212202072144,1.5937319993972778
2025-01-20T05:20:38.500Z,1.0089521408081055,1.5937319993972778
2025-01-20T05:20:39.000Z,1.0161138772964478,1.5937319993972778
2025-01-20T05:20:39.500Z,0.9689426422119141,1.5937319993972778
2025-01-20T05:20:40.000Z,1.1280899047851562,1.5937319993972778
2025-01-20T05:20:40.500Z,1.0114071369171143,1.5937319993972778
2025-01-20T05:20:41.000Z,1.0106037855148315,1.5937319993972778
2025-01-20T05:20:41.500Z,1.0597370862960815,1.5937319993972778
2025-01-20T05:20:42.000Z,0.9335427284240723,1.5937319993972778
2025-01-20T05:20:42.500Z,1.1705219745635986,1.5937319993972778
2025-01-20T05:20:43.000Z,1.0743653774261475,1.5937319993972778
2025-01-20T05:20:43.500Z,0.9626550078392029,1.5937319993972778
2025-01-20T05:20:44.000Z,1.0387394428253174,1.5937319993972778
2025-01-20T05:20:44.500Z,1.0611178874969482,1.5937319993972778
2025-01-20T05:20:45.000Z,1.0780214071273804,1.5937319993972778
2025-01-20T05:20:45.500Z,1.046370506286621,1.5937319993972778
2025-01-20T05:20:46.000Z,1.0129189491271973,1.5937319993972778
2025-01-20T05:20:46.500Z,1.053810715675354,1.5937319993972778
2025-01-20T05:20:47.000Z,1.0244495868682861,1.5937319993972778
2025-01-20T05:20:47.500Z,1.052170991897583,1.5937319993972778
2025-01-20T05:20:48.000Z,0.9787929654121399,1.5937319993972778
2025-01-20T05:20:48.500Z,1.0703192949295044,1.5937319993972778
2025-01-20T05:20:49.000Z,1.0133533477783203,1.5937319993972778
2025-01-20T05:20:49.500Z,1.0893187522888184,1.5937319993972778
2025-01-20T05:20:50.000Z,1.1009923219680786,1.5937319993972778
2025-01-20T05:20:50.500Z,0.9732792377471924,1.5937319993972778
2025-01-20T05:20:51.000Z,1.0923134088516235,1.5937319993972778
2025-01-20T05:20:51.500Z,1.0769413709640503,1.5937319993972778
2025-01-20T05:20:52.000Z,1.0530142784118652,1.5937319993972778
2025-01-20T05:20:52.500Z,1.1735748052597046,1.5937319993972778
2025-01-20T05:20:53.000Z,1.221608281135559,1.5937319993972778
2025-01-20T05:20:53.500Z,1.327538251876831,1.5937319993972778
2025-01-20T05:20:54.000Z,1.1518676280975342,1.5937319993972778
2025-01-20T05:20:54.500Z,1.1449631452560425,1.5937319993972778
2025-01-20T05:20:55.000Z,1.106760859489441,1.5937319993972778
2025-01-20T05:20:55.500Z,1.0231274366378784,1.5937319993972778
2025-01-20T05:20:56.000Z,1.0614138841629028,1.5937319993972778
2025-01-20T05:20:56.500Z,1.072194218635559,1.5937319993972778
2025-01-20T05:20:57.000Z,1.0683531761169434,1.5937319993972778
2025-01-20T05:20:57.500Z,1.029006838798523,1.5937319993972778
2025-01-20T05:20:58.000Z,0.9308470487594604,1.5937319993972778
2025-01-20T05:20:58.500Z,1.1152961254119873,1.5937319993972778
2025-01-20T05:20:59.000Z,0.9633042812347412,1.5937319993972778
2025-01-20T05:20:59.500Z,1.007459044456482,1.5937319993972778
2025-01-20T05:21:00.000Z,1.2642931938171387,1.5937319993972778
2025-01-20T05:21:00.500Z,1.1515694856643677,1.5937319993972778
2025-01-20T05:21:01.000Z,1.129725694656372,1.5937319993972778
2025-01-20T05:21:01.500Z,1.029340386390686,1.5937319993972778
2025-01-20T05:21:02.000Z,1.081067442893982,1.5937319993972778
2025-01-20T05:21:02.500Z,1.0355472564697266,1.5937319993972778
2025-01-20T05:21:03.000Z,0.9444331526756287,1.5937319993972778
2025-01-20T05:21:03.500Z,0.9810711741447449,1.5937319993972778
2025-01-20T05:21:04.000Z,1.0010464191436768,1.5937319993972778
2025-01-20T05:21:04.500Z,0.9109354019165039,1.5937319993972778
2025-01-20T05:21:05.000Z,0.9175847768783569,1.5937319993972778
2025-01-20T05:21:05.500Z,0.9501240849494934,1.5937319993972778
2025-01-20T05:21:06.000Z,0.989757239818573,1.5937319993972778
2025-01-20T05:21:06.500Z,0.8735327124595642,1.5937319993972778
2025-01-20T05:21:07.000Z,0.9464559555053711,1.5937319993972778
2025-01-20T05:21:07.500Z,0.9053511023521423,1.5937319993972778
2025-01-20T05:21:08.000Z,0.8356073498725891,1.5937319993972778
2025-01-20T05:21:08.500Z,0.9224712252616882,1.5937319993972778
2025-01-20T05:21:09.000Z,0.9459951519966125,1.5937319993972778
2025-01-20T05:21:09.500Z,0.8688945174217224,1.5937319993972778
2025-01-20T05:21:10.000Z,0.9133561253547668,1.5937319993972778
2025-01-20T05:21:10.500Z,0.8958308100700378,1.5937319993972778
2025-01-20T05:21:11.000Z,0.9534680247306824,1.5937319993972778
2025-01-20T05:21:11.500Z,0.8719003796577454,1.5937319993972778
2025-01-20T05:21:12.000Z,1.0264134407043457,1.5937319993972778
2025-01-20T05:21:12.500Z,1.0098356008529663,1.5937319993972778
2025-01-20T05:21:13.000Z,1.0757954120635986,1.5937319993972778
2025-01-20T05:21:13.500Z,1.0024354457855225,1.5937319993972778
2025-01-20T05:21:14.000Z,1.0127099752426147,1.5937319993972778
2025-01-20T05:21:14.500Z,1.00727117061615,1.5937319993972778
2025-01-20T05:21:15.000Z,1.0321190357208252,1.5937319993972778
2025-01-20T05:21:15.500Z,0.9409583806991577,1.5937319993972778
2025-01-20T05:21:16.000Z,1.1194956302642822,1.5937319993972778
2025-01-20T05:21:16.500Z,1.0154738426208496,1.5937319993972778
2025-01-20T05:21:17.000Z,0.918841540813446,1.5937319993972778
2025-01-20T05:21:17.500Z,1.063741683959961,1.5937319993972778
2025-01-20T05:21:18.000Z,1.1055881977081299,1.5937319993972778
2025-01-20T05:21:18.500Z,0.9748215079307556,1.5937319993972778
2025-01-20T05:21:19.000Z,1.0360968112945557,1.5937319993972778
2025-01-20T05:21:19.500Z,0.9452615976333618,1.5937319993972778
2025-01-20T05:21:20.000Z,1.0194792747497559,1.5937319993972778
2025-01-20T05:21:20.500Z,0.9589138627052307,1.5937319993972778
2025-01-20T05:21:21.000Z,1.1355963945388794,1.5937319993972778
2025-01-20T05:21:21.500Z,1.14901864528656,1.5937319993972778
2025-01-20T05:21:22.000Z,1.0846556425094604,1.5937319993972778
2025-01-20T05:21:22.500Z,1.1311743259429932,1.5937319993972778
2025-01-20T05:21:23.000Z,1.0833675861358643,1.5937319993972778
2025-01-20T05:21:23.500Z,1.0563613176345825,1.5937319993972778
2025-01-20T05:21:24.000Z,1.0459411144256592,1.5937319993972778
2025-01-20T05:21:24.500Z,1.012685775756836,1.5937319993972778
2025-01-20T05:21:25.000Z,0.9871298670768738,1.5937319993972778
2025-01-20T05:21:25.500Z,1.1059843301773071,1.5937319993972778
2025-01-20T05:21:26.000Z,1.0063263177871704,1.5937319993972778
2025-01-20T05:21:26.500Z,1.023545742034912,1.5937319993972778
2025-01-20T05:21:27.000Z,1.0695735216140747,1.5937319993972778
2025-01-20T05:21:27.500Z,1.0010278224945068,1.5937319993972778
2025-01-20T05:21:28.000Z,1.0289037227630615,1.5937319993972778
2025-01-20T05:21:28.500Z,1.0743905305862427,1.5937319993972778
2025-01-20T05:21:29.000Z,1.0035663843154907,1.5937319993972778
2025-01-20T05:21:29.500Z,0.938884973526001,1.5937319993972778
2025-01-20T05:21:30.000Z,0.8928210139274597,1.5937319993972778
2025-01-20T05:21:30.500Z,0.8935598731040955,1.5937319993972778
2025-01-20T05:21:31.000Z,0.9744865894317627,1.5937319993972778
2025-01-20T05:21:31.500Z,0.9367852210998535,1.5937319993972778
2025-01-20T05:21:32.000Z,0.9993559718132019,1.5937319993972778
2025-01-20T05:21:32.500Z,1.034772515296936,1.5937319993972778
2025-01-20T05:21:33.000Z,0.9873266220092773,1.5937319993972778
2025-01-20T05:21:33.500Z,1.0280203819274902,1.5937319993972778
2025-01-20T05:21:34.000Z,1.0824649333953857,1.5937319993972778
2025-01-20T05:21:34.500Z,1.0379374027252197,1.5937319993972778
2025-01-20T05:21:35.000Z,0.9568436741828918,1.5937319993972778
2025-01-20T05:21:35.500Z,0.9526287317276001,1.5937319993972778
2025-01-20T05:21:36.000Z,1.0410584211349487,1.5937319993972778
2025-01-20T05:21:36.500Z,1.0342031717300415,1.5937319993972778
2025-01-20T05:21:37.000Z,0.9448016881942749,1.5937319993972778
2025-01-20T05:21:37.500Z,1.1936464309692383,1.5937319993972778
2025-01-20T05:21:38.000Z,0.9309247732162476,1.5937319993972778
2025-01-20T05:21:38.500Z,1.0601015090942383,1.5937319993972778
2025-01-20T05:21:39.000Z,1.153326392173767,1.5937319993972778
2025-01-20T05:21:39.500Z,0.9198024272918701,1.5937319993972778
2025-01-20T05:21:40.000Z,1.0218956470489502,1.5937319993972778
2025-01-20T05:21:40.500Z,0.9982439875602722,1.5937319993972778
2025-01-20T05:21:41.000Z,0.9487250447273254,1.5937319993972778
2025-01-20T05:21:41.500Z,1.013698697090149,1.5937319993972778
2025-01-20T05:21:42.000Z,1.0410940647125244,1.5937319993972778
2025-01-20T05:21:42.500Z,1.05685555934906,1.5937319993972778
2025-01-20T05:21:43.000Z,0.9333982467651367,1.5937319993972778
2025-01-20T05:21:43.500Z,1.089343786239624,1.5937319993972778
2025-01-20T05:21:44.000Z,1.040497064590454,1.5937319993972778
2025-01-20T05:21:44.500Z,0.8900361657142639,1.5937319993972778
2025-01-20T05:21:45.000Z,0.9501168727874756,1.5937319993972778
2025-01-20T05:21:45.500Z,0.9988641738891602,1.5937319993972778
2025-01-20T05:21:46.000Z,0.9912320375442505,1.5937319993972778
2025-01-20T05:21:46.500Z,0.9826394319534302,1.5937319993972778
2025-01-20T05:21:47.000Z,0.9690175652503967,1.5937319993972778
2025-01-20T05:21:47.500Z,0.9557990431785583,1.5937319993972778
2025-01-20T05:21:48.000Z,0.9542549848556519,1.5937319993972778
2025-01-20T05:21:48.500Z,0.9537574648857117,1.5937319993972778
2025-01-20T05:21:49.000Z,0.9480879306793213,1.5937319993972778
2025-01-20T05:21:49.500Z,0.9705479145050049,1.5937319993972778
2025-01-20T05:21:50.000Z,1.109523892402649,1.5937319993972778
2025-01-20T05:21:50.500Z,1.076401710510254,1.5937319993972778
2025-01-20T05:21:51.000Z,1.0285465717315674,1.5937319993972778
2025-01-20T05:21:51.500Z,0.9806439280509949,1.5937319993972778
2025-01-20T05:21:52.000Z,1.0948482751846313,1.5937319993972778
2025-01-20T05:21:52.500Z,0.9909471273422241,1.5937319993972778
2025-01-20T05:21:53.000Z,1.0742385387420654,1.5937319993972778
2025-01-20T05:21:53.500Z,1.0209236145019531,1.5937319993972778
2025-01-20T05:21:54.000Z,1.0488262176513672,1.5937319993972778
2025-01-20T05:21:54.500Z,0.9538400769233704,1.5937319993972778
2025-01-20T05:21:55.000Z,1.003769040107727,1.5937319993972778
2025-01-20T05:21:55.500Z,0.9660897254943848,1.5937319993972778
2025-01-20T05:21:56.000Z,1.1219273805618286,1.5937319993972778
2025-01-20T05:21:56.500Z,1.0965532064437866,1.5937319993972778
2025-01-20T05:21:57.000Z,1.0701473951339722,1.5937319993972778
2025-01-20T05:21:57.500Z,1.0739800930023193,1.5937319993972778
2025-01-20T05:21:58.000Z,1.1157125234603882,1.5937319993972778
2025-01-20T05:21:58.500Z,1.0074864625930786,1.5937319993972778
2025-01-20T05:21:59.000Z,1.106223464012146,1.5937319993972778
2025-01-20T05:21:59.500Z,1.0055718421936035,1.5937319993972778
2025-01-20T05:22:00.000Z,1.0075654983520508,1.5937319993972778
2025-01-20T05:22:00.500Z,1.1084942817687988,1.5937319993972778
2025-01-20T05:22:01.000Z,0.9841117858886719,1.5937319993972778
2025-01-20T05:22:01.500Z,1.1023930311203003,1.5937319993972778
2025-01-20T05:22:02.000Z,1.0066146850585938,1.5937319993972778
2025-01-20T05:22:02.500Z,0.9889283776283264,1.5937319993972778
2025-01-20T05:22:03.000Z,0.9861599206924438,1.5937319993972778
2025-01-20T05:22:03.500Z,0.9014090299606323,1.5937319993972778
2025-01-20T05:22:04.000Z,1.0614644289016724,1.5937319993972778
2025-01-20T05:22:04.500Z,1.0567861795425415,1.5937319993972778
2025-01-20T05:22:05.000Z,1.1218171119689941,1.5937319993972778
2025-01-20T05:22:05.500Z,1.0568501949310303,1.5937319993972778
2025-01-20T05:22:06.000Z,1.0708155632019043,1.5937319993972778
2025-01-20T05:22:06.500Z,1.1346663236618042,1.5937319993972778
2025-01-20T05:22:07.000Z,0.9455662965774536,1.5937319993972778
2025-01-20T05:22:07.500Z,1.0326242446899414,1.5937319993972778
2025-01-20T05:22:08.000Z,1.0968400239944458,1.5937319993972778
2025-01-20T05:22:08.500Z,0.9683442711830139,1.5937319993972778
2025-01-20T05:22:09.000Z,1.0667405128479004,1.5937319993972778
2025-01-20T05:22:09.500Z,0.9927253127098083,1.5937319993972778
2025-01-20T05:22:10.000Z,1.0358479022979736,1.5937319993972778
2025-01-20T05:22:10.500Z,0.9249991774559021,1.5937319993972778
2025-01-20T05:22:11.000Z,0.9291558265686035,1.5937319993972778
2025-01-20T05:22:11.500Z,0.8309102058410645,1.5937319993972778
2025-01-20T05:22:12.000Z,1.0256624221801758,1.5937319993972778
2025-01-20T05:22:12.500Z,0.9593888521194458,1.5937319993972778
2025-01-20T05:22:13.000Z,1.0493736267089844,1.5937319993972778
2025-01-20T05:22:13.500Z,1.048309326171875,1.5937319993972778
2025-01-20T05:22:14.000Z,0.9926673769950867,1.5937319993972778
2025-01-20T05:22:14.500Z,1.06760835647583,1.5937319993972778
2025-01-20T05:22:15.000Z,0.9524677395820618,1.5937319993972778
2025-01-20T05:22:15.500Z,1.0158236026763916,1.5937319993972778
2025-01-20T05:22:16.000Z,1.0439502000808716,1.5937319993972778
2025-01-20T05:22:16.500Z,1.0120675563812256,1.5937319993972778
2025-01-20T05:22:17.000Z,1.0168306827545166,1.5937319993972778
2025-01-20T05:22:17.500Z,0.903325617313385,1.5937319993972778
2025-01-20T05:22:18.000Z,1.0228781700134277,1.5937319993972778
2025-01-20T05:22:18.500Z,1.0225679874420166,1.5937319993972778
2025-01-20T05:22:19.000Z,1.0927493572235107,1.5937319993972778
2025-01-20T05:22:19.500Z,1.0049574375152588,1.5937319993972778
2025-01-20T05:22:20.000Z,0.9937388300895691,1.5937319993972778
2025-01-20T05:22:20.500Z,1.0527629852294922,1.5937319993972778
2025-01-20T05:22:21.000Z,1.0633063316345215,1.5937319993972778
2025-01-20T05:22:21.500Z,1.06844162940979,1.5937319993972778
2025-01-20T05:22:22.000Z,0.9874931573867798,1.5937319993972778
2025-01-20T05:22:22.500Z,1.0897778272628784,1.5937319993972778
2025-01-20T05:22:23.000Z,0.9604190587997437,1.5937319993972778
2025-01-20T05:22:23.500Z,0.9891706109046936,1.5937319993972778
2025-01-20T05:22:24.000Z,1.020762324333191,1.5937319993972778
2025-01-20T05:22:24.500Z,1.0069832801818848,1.5937319993972778
2025-01-20T05:22:25.000Z,0.9592306613922119,1.5937319993972778
2025-01-20T05:22:25.500Z,1.053736686706543,1.5937319993972778
2025-01-20T05:22:26.000Z,0.9965693950653076,1.5937319993972778
2025-01-20T05:22:26.500Z,1.0963586568832397,1.5937319993972778
2025-01-20T05:22:27.000Z,1.0313868522644043,1.5937319993972778
2025-01-20T05:22:27.500Z,1.0730948448181152,1.5937319993972778
2025-01-20T05:22:28.000Z,1.0416468381881714,1.5937319993972778
2025-01-20T05:22:28.500Z,1.0662446022033691,1.5937319993972778
2025-01-20T05:22:29.000Z,0.9994378089904785,1.5937319993972778
2025-01-20T05:22:29.500Z,0.9780621528625488,1.5937319993972778
2025-01-20T05:22:30.000Z,1.0275297164916992,1.5937319993972778
2025-01-20T05:22:30.500Z,1.0079190731048584,1.5937319993972778
2025-01-20T05:22:31.000Z,0.9294689297676086,1.5937319993972778
2025-01-20T05:22:31.500Z,1.1267919540405273,1.5937319993972778
2025-01-20T05:22:32.000Z,0.9748156070709229,1.5937319993972778
2025-01-20T05:22:32.500Z,1.0673478841781616,1.5937319993972778
2025-01-20T05:22:33.000Z,1.0202480554580688,1.5937319993972778
2025-01-20T05:22:33.500Z,1.0776491165161133,1.5937319993972778
2025-01-20T05:22:34.000Z,1.036207675933838,1.5937319993972778
2025-01-20T05:22:34.500Z,1.0186446905136108,1.5937319993972778
2025-01-20T05:22:35.000Z,1.0326290130615234,1.5937319993972778
2025-01-20T05:22:35.500Z,0.8935216069221497,1.5937319993972778
2025-01-20T05:22:36.000Z,0.9432567358016968,1.5937319993972778
2025-01-20T05:22:36.500Z,1.0095189809799194,1.5937319993972778
2025-01-20T05:22:37.000Z,0.9070631265640259,1.5937319993972778
2025-01-20T05:22:37.500Z,1.0768488645553589,1.5937319993972778
2025-01-20T05:22:38.000Z,0.9631354808807373,1.5937319993972778
2025-01-20T05:22:38.500Z,0.996709942817688,1.5937319993972778
2025-01-20T05:22:39.000Z,0.9979257583618164,1.5937319993972778
2025-01-20T05:22:39.500Z,1.0539499521255493,1.5937319993972778
2025-01-20T05:22:40.000Z,1.113034725189209,1.5937319993972778
2025-01-20T05:22:40.500Z,1.0217472314834595,1.5937319993972778
2025-01-20T05:22:41.000Z,1.1547752618789673,1.5937319993972778
2025-01-20T05:22:41.500Z,1.1061294078826904,1.5937319993972778
2025-01-20T05:22:42.000Z,1.0351804494857788,1.5937319993972778
2025-01-20T05:22:42.500Z,0.9611380696296692,1.5937319993972778
2025-01-20T05:22:43.000Z,1.1357555389404297,1.5937319993972778
2025-01-20T05:22:43.500Z,1.097929835319519,1.5937319993972778
2025-01-20T05:22:44.000Z,1.0613096952438354,1.5937319993972778
2025-01-20T05:22:44.500Z,1.1418465375900269,1.5937319993972778
2025-01-20T05:22:45.000Z,1.1133400201797485,1.5937319993972778
2025-01-20T05:22:45.500Z,0.9686469435691833,1.5937319993972778
2025-01-20T05:22:46.000Z,1.137514591217041,1.5937319993972778
2025-01-20T05:22:46.500Z,1.0843709707260132,1.5937319993972778
2025-01-20T05:22:47.000Z,0.9648364782333374,1.5937319993972778
2025-01-20T05:22:47.500Z,1.1278502941131592,1.5937319993972778
2025-01-20T05:22:48.000Z,0.9644771814346313,1.5937319993972778
2025-01-20T05:22:48.500Z,0.8800779581069946,1.5937319993972778
2025-01-20T05:22:49.000Z,1.067165732383728,1.5937319993972778
2025-01-20T05:22:49.500Z,0.9001173377037048,1.5937319993972778
2025-01-20T05:22:50.000Z,1.05326247215271,1.5937319993972778
2025-01-20T05:22:50.500Z,0.9770049452781677,1.5937319993972778
2025-01-20T05:22:51.000Z,0.8739367127418518,1.5937319993972778
2025-01-20T05:22:51.500Z,1.0647011995315552,1.5937319993972778
2025-01-20T05:22:52.000Z,1.1062368154525757,1.5937319993972778
2025-01-20T05:22:52.500Z,0.9624541401863098,1.5937319993972778
2025-01-20T05:22:53.000Z,0.9151101112365723,1.5937319993972778
2025-01-20T05:22:53.500Z,1.0573680400848389,1.5937319993972778
2025-01-20T05:22:54.000Z,1.1043022871017456,1.5937319993972778
2025-01-20T05:22:54.500Z,1.052682638168335,1.5937319993972778
2025-01-20T05:22:55.000Z,1.0093677043914795,1.5937319993972778
2025-01-20T05:22:55.500Z,1.0122443437576294,1.5937319993972778
2025-01-20T05:22:56.000Z,1.017573356628418,1.5937319993972778
2025-01-20T05:22:56.500Z,1.0611374378204346,1.5937319993972778
2025-01-20T05:22:57.000Z,0.9889761805534363,1.5937319993972778
2025-01-20T05:22:57.500Z,1.0345299243927002,1.5937319993972778
2025-01-20T05:22:58.000Z,1.005586862564087,1.5937319993972778
2025-01-20T05:22:58.500Z,0.9894436001777649,1.5937319993972778
2025-01-20T05:22:59.000Z,1.0458269119262695,1.5937319993972778
2025-01-20T05:22:59.500Z,1.0394312143325806,1.5937319993972778
2025-01-20T05:23:00.000Z,1.0183899402618408,1.5937319993972778
2025-01-20T05:23:00.500Z,1.0579761266708374,1.5937319993972778
2025-01-20T05:23:01.000Z,1.2184507846832275,1.5937319993972778
2025-01-20T05:23:01.500Z,1.242070198059082,1.5937319993972778
2025-01-20T05:23:02.000Z,1.0940515995025635,1.5937319993972778
2025-01-20T05:23:02.500Z,0.9781175851821899,1.5937319993972778
2025-01-20T05:23:03.000Z,1.2281177043914795,1.5937319993972778
2025-01-20T05:23:03.500Z,1.0950814485549927,1.5937319993972778
2025-01-20T05:23:04.000Z,1.0188584327697754,1.5937319993972778
2025-01-20T05:23:04.500Z,1.2213281393051147,1.5937319993972778
2025-01-20T05:23:05.000Z,1.153133511543274,1.5937319993972778
2025-01-20T05:23:05.500Z,1.0600699186325073,1.5937319993972778
2025-01-20T05:23:06.000Z,1.1317906379699707,1.5937319993972778
2025-01-20T05:23:06.500Z,1.225159764289856,1.5937319993972778
2025-01-20T05:23:07.000Z,1.0779720544815063,1.5937319993972778
2025-01-20T05:23:07.500Z,0.9890291094779968,1.5937319993972778
2025-01-20T05:23:08.000Z,1.005348801612854,1.5937319993972778
2025-01-20T05:23:08.500Z,0.9678552150726318,1.5937319993972778
2025-01-20T05:23:09.000Z,0.9812840819358826,1.5937319993972778
2025-01-20T05:23:09.500Z,0.9887139201164246,1.5937319993972778
2025-01-20T05:23:10.000Z,1.187135100364685,1.5937319993972778
2025-01-20T05:23:10.500Z,1.0292868614196777,1.5937319993972778
2025-01-20T05:23:11.000Z,1.1269522905349731,1.5937319993972778
2025-01-20T05:23:11.500Z,0.9782679677009583,1.5937319993972778
2025-01-20T05:23:12.000Z,1.046179175376892,1.5937319993972778
2025-01-20T05:23:12.500Z,0.8924241662025452,1.5937319993972778
2025-01-20T05:23:13.000Z,1.0614683628082275,1.5937319993972778
2025-01-20T05:23:13.500Z,0.8999137878417969,1.5937319993972778
2025-01-20T05:23:14.000Z,0.7905594110488892,1.5937319993972778
2025-01-20T05:23:14.500Z,0.9274043440818787,1.5937319993972778
2025-01-20T05:23:15.000Z,0.9548537135124207,1.5937319993972778
2025-01-20T05:23:15.500Z,0.9238273501396179,1.5937319993972778
2025-01-20T05:23:16.000Z,0.9579964876174927,1.5937319993972778
2025-01-20T05:23:16.500Z,0.911902666091919,1.5937319993972778
2025-01-20T05:23:17.000Z,0.969021201133728,1.5937319993972778
2025-01-20T05:23:17.500Z,0.8574321866035461,1.5937319993972778
2025-01-20T05:23:18.000Z,1.0175771713256836,1.5937319993972778
2025-01-20T05:23:18.500Z,1.0178157091140747,1.5937319993972778
2025-01-20T05:23:19.000Z,1.0005154609680176,1.5937319993972778
2025-01-20T05:23:19.500Z,1.0025831460952759,1.5937319993972778
2025-01-20T05:23:20.000Z,1.089782953262329,1.5937319993972778
2025-01-20T05:23:20.500Z,0.9461123943328857,1.5937319993972778
2025-01-20T05:23:21.000Z,0.9648978114128113,1.5937319993972778
2025-01-20T05:23:21.500Z,0.9817973971366882,1.5937319993972778
2025-01-20T05:23:22.000Z,1.0538753271102905,1.5937319993972778
2025-01-20T05:23:22.500Z,0.991107165813446,1.5937319993972778
2025-01-20T05:23:23.000Z,1.0352108478546143,1.5937319993972778
2025-01-20T05:23:23.500Z,1.0737377405166626,1.5937319993972778
2025-01-20T05:23:24.000Z,0.9254754185676575,1.5937319993972778
2025-01-20T05:23:24.500Z,1.0199235677719116,1.5937319993972778
2025-01-20T05:23:25.000Z,1.0473746061325073,1.5937319993972778
2025-01-20T05:23:25.500Z,1.0151110887527466,1.5937319993972778
2025-01-20T05:23:26.000Z,0.9716528654098511,1.5937319993972778
2025-01-20T05:23:26.500Z,1.0938720703125,1.5937319993972778
2025-01-20T05:23:27.000Z,1.0608997344970703,1.5937319993972778
2025-01-20T05:23:27.500Z,0.9244857430458069,1.5937319993972778
2025-01-20T05:23:28.000Z,0.9446185231208801,1.5937319993972778
2025-01-20T05:23:28.500Z,1.0513685941696167,1.5937319993972778
2025-01-20T05:23:29.000Z,1.0903409719467163,1.5937319993972778
2025-01-20T05:23:29.500Z,1.0617173910140991,1.5937319993972778
2025-01-20T05:23:30.000Z,1.0561293363571167,1.5937319993972778
2025-01-20T05:23:30.500Z,1.0582910776138306,1.5937319993972778
2025-01-20T05:23:31.000Z,1.0757768154144287,1.5937319993972778
2025-01-20T05:23:31.500Z,1.1089693307876587,1.5937319993972778
2025-01-20T05:23:32.000Z,1.0049192905426025,1.5937319993972778
2025-01-20T05:23:32.500Z,0.9553535580635071,1.5937319993972778
2025-01-20T05:23:33.000Z,0.9982555508613586,1.5937319993972778
2025-01-20T05:23:33.500Z,1.0215994119644165,1.5937319993972778
2025-01-20T05:23:34.000Z,1.0535577535629272,1.5937319993972778
2025-01-20T05:23:34.500Z,1.0979443788528442,1.5937319993972778
2025-01-20T05:23:35.000Z,0.9401454329490662,1.5937319993972778
2025-01-20T05:23:35.500Z,0.9352888464927673,1.5937319993972778
2025-01-20T05:23:36.000Z,1.0447698831558228,1.5937319993972778
2025-01-20T05:23:36.500Z,1.0380007028579712,1.5937319993972778
2025-01-20T05:23:37.000Z,1.0772541761398315,1.5937319993972778
2025-01-20T05:23:37.500Z,1.0414432287216187,1.5937319993972778
2025-01-20T05:23:38.000Z,1.0110732316970825,1.5937319993972778
2025-01-20T05:23:38.500Z,1.071185827255249,1.5937319993972778
2025-01-20T05:23:39.000Z,1.0691463947296143,1.5937319993972778
2025-01-20T05:23:39.500Z,0.9359084963798523,1.5937319993972778
2025-01-20T05:23:40.000Z,1.051563024520874,1.5937319993972778
2025-01-20T05:23:40.500Z,1.0268040895462036,1.5937319993972778
2025-01-20T05:23:41.000Z,0.9764842987060547,1.5937319993972778
2025-01-20T05:23:41.500Z,1.0614216327667236,1.5937319993972778
2025-01-20T05:23:42.000Z,0.9593951106071472,1.5937319993972778
2025-01-20T05:23:42.500Z,1.0223884582519531,1.5937319993972778
2025-01-20T05:23:43.000Z,1.0442173480987549,1.5937319993972778
2025-01-20T05:23:43.500Z,0.9077479243278503,1.5937319993972778
2025-01-20T05:23:44.000Z,1.0200541019439697,1.5937319993972778
2025-01-20T05:23:44.500Z,1.2388333082199097,1.5937319993972778
2025-01-20T05:23:45.000Z,0.999169647693634,1.5937319993972778
2025-01-20T05:23:45.500Z,1.0963573455810547,1.5937319993972778
2025-01-20T05:23:46.000Z,0.9033728837966919,1.5937319993972778
2025-01-20T05:23:46.500Z,0.9825948476791382,1.5937319993972778
2025-01-20T05:23:47.000Z,1.0551468133926392,1.5937319993972778
2025-01-20T05:23:47.500Z,1.0824532508850098,1.5937319993972778
2025-01-20T05:23:48.000Z,0.9795495271682739,1.5937319993972778
2025-01-20T05:23:48.500Z,1.0935566425323486,1.5937319993972778
2025-01-20T05:23:49.000Z,1.0696789026260376,1.5937319993972778
2025-01-20T05:23:49.500Z,1.0663108825683594,1.5937319993972778
2025-01-20T05:23:50.000Z,1.004107117652893,1.5937319993972778
2025-01-20T05:23:50.500Z,1.102308988571167,1.5937319993972778
2025-01-20T05:23:51.000Z,0.9949990510940552,1.5937319993972778
2025-01-20T05:23:51.500Z,1.0251564979553223,1.5937319993972778
2025-01-20T05:23:52.000Z,1.0826811790466309,1.5937319993972778
2025-01-20T05:23:52.500Z,1.065633773803711,1.5937319993972778
2025-01-20T05:23:53.000Z,1.0891119241714478,1.5937319993972778
2025-01-20T05:23:53.500Z,1.028676152229309,1.5937319993972778
2025-01-20T05:23:54.000Z,0.9616420865058899,1.5937319993972778
2025-01-20T05:23:54.500Z,1.069478988647461,1.5937319993972778
2025-01-20T05:23:55.000Z,1.068292260169983,1.5937319993972778
2025-01-20T05:23:55.500Z,0.9946971535682678,1.5937319993972778
2025-01-20T05:23:56.000Z,1.0401828289031982,1.5937319993972778
2025-01-20T05:23:56.500Z,1.0931240320205688,1.5937319993972778
2025-01-20T05:23:57.000Z,0.9920642971992493,1.5937319993972778
2025-01-20T05:23:57.500Z,1.0784239768981934,1.5937319993972778
2025-01-20T05:23:58.000Z,0.9751598834991455,1.5937319993972778
2025-01-20T05:23:58.500Z,0.9774271845817566,1.5937319993972778
2025-01-20T05:23:59.000Z,0.8662370443344116,1.5937319993972778
2025-01-20T05:23:59.500Z,0.9037982821464539,1.5937319993972778
2025-01-20T05:24:00.000Z,1.0273834466934204,1.5937319993972778
2025-01-20T05:24:00.500Z,0.9673582911491394,1.5937319993972778
2025-01-20T05:24:01.000Z,0.9587063789367676,1.5937319993972778
2025-01-20T05:24:01.500Z,0.9980093240737915,1.5937319993972778
2025-01-20T05:24:02.000Z,0.9375626444816589,1.5937319993972778
2025-01-20T05:24:02.500Z,0.9341773986816406,1.5937319993972778
2025-01-20T05:24:03.000Z,0.9292018413543701,1.5937319993972778
2025-01-20T05:24:03.500Z,0.9830141663551331,1.5937319993972778
2025-01-20T05:24:04.000Z,1.0263512134552002,1.5937319993972778
2025-01-20T05:24:04.500Z,0.9743214845657349,1.5937319993972778
2025-01-20T05:24:05.000Z,0.9999856352806091,1.5937319993972778
2025-01-20T05:24:05.500Z,0.907462477684021,1.5937319993972778
2025-01-20T05:24:06.000Z,0.9596389532089233,1.5937319993972778
2025-01-20T05:24:06.500Z,0.9443396925926208,1.5937319993972778
2025-01-20T05:24:07.000Z,0.9791972637176514,1.5937319993972778
2025-01-20T05:24:07.500Z,1.0751001834869385,1.5937319993972778
2025-01-20T05:24:08.000Z,0.9726804494857788,1.5937319993972778
2025-01-20T05:24:08.500Z,1.0717722177505493,1.5937319993972778
2025-01-20T05:24:09.000Z,0.889676570892334,1.5937319993972778
2025-01-20T05:24:09.500Z,0.9452545642852783,1.5937319993972778
2025-01-20T05:24:10.000Z,1.0207070112228394,1.5937319993972778
2025-01-20T05:24:10.500Z,0.9320144653320312,1.5937319993972778
2025-01-20T05:24:11.000Z,0.8897018432617188,1.5937319993972778
2025-01-20T05:24:11.500Z,0.9977813959121704,1.5937319993972778
2025-01-20T05:24:12.000Z,0.9386264085769653,1.5937319993972778
2025-01-20T05:24:12.500Z,1.0379701852798462,1.5937319993972778
2025-01-20T05:24:13.000Z,0.9560100436210632,1.5937319993972778
2025-01-20T05:24:13.500Z,1.0175161361694336,1.5937319993972778
2025-01-20T05:24:14.000Z,1.070900321006775,1.5937319993972778
2025-01-20T05:24:14.500Z,1.0029981136322021,1.5937319993972778
2025-01-20T05:24:15.000Z,1.0280815362930298,1.5937319993972778
2025-01-20T05:24:15.500Z,0.9965382814407349,1.5937319993972778
2025-01-20T05:24:16.000Z,1.0243439674377441,1.5937319993972778
2025-01-20T05:24:16.500Z,1.1385670900344849,1.5937319993972778
2025-01-20T05:24:17.000Z,1.055760145187378,1.5937319993972778
2025-01-20T05:24:17.500Z,1.0392478704452515,1.5937319993972778
2025-01-20T05:24:18.000Z,1.137939691543579,1.5937319993972778
2025-01-20T05:24:18.500Z,1.0415130853652954,1.5937319993972778
2025-01-20T05:24:19.000Z,1.0965397357940674,1.5937319993972778
2025-01-20T05:24:19.500Z,0.9790683388710022,1.5937319993972778
2025-01-20T05:24:20.000Z,1.109327793121338,1.5937319993972778
2025-01-20T05:24:20.500Z,0.9083330631256104,1.5937319993972778
2025-01-20T05:24:21.000Z,1.0313228368759155,1.5937319993972778
2025-01-20T05:24:21.500Z,0.9637473821640015,1.5937319993972778
2025-01-20T05:24:22.000Z,0.9576519131660461,1.5937319993972778
2025-01-20T05:24:22.500Z,1.1231173276901245,1.5937319993972778
2025-01-20T05:24:23.000Z,1.0137790441513062,1.5937319993972778
2025-01-20T05:24:23.500Z,1.030300259590149,1.5937319993972778
2025-01-20T05:24:24.000Z,1.0790387392044067,1.5937319993972778
2025-01-20T05:24:24.500Z,1.047931432723999,1.5937319993972778
2025-01-20T05:24:25.000Z,0.9922112226486206,1.5937319993972778
2025-01-20T05:24:25.500Z,1.0412421226501465,1.5937319993972778
2025-01-20T05:24:26.000Z,1.079393982887268,1.5937319993972778
2025-01-20T05:24:26.500Z,0.9372361898422241,1.5937319993972778
2025-01-20T05:24:27.000Z,0.8934556841850281,1.5937319993972778
2025-01-20T05:24:27.500Z,1.109017014503479,1.5937319993972778
2025-01-20T05:24:28.000Z,1.0429149866104126,1.5937319993972778
2025-01-20T05:24:28.500Z,1.0683424472808838,1.5937319993972778
2025-01-20T05:24:29.000Z,1.0634348392486572,1.5937319993972778
2025-01-20T05:24:29.500Z,0.9478960037231445,1.5937319993972778
2025-01-20T05:24:30.000Z,1.3411983251571655,1.5937319993972778
2025-01-20T05:24:30.500Z,1.2088861465454102,1.5937319993972778
2025-01-20T05:24:31.000Z,4.426759243011475,1.5937319993972778
2025-01-20T05:24:31.500Z,4.139112949371338,1.5937319993972778
2025-01-20T05:24:32.000Z,2.6768932342529297,1.5937319993972778
2025-01-20T05:24:32.500Z,2.431689977645874,1.5937319993972778
2025-01-20T05:24:33.000Z,1.8124929666519165,1.5937319993972778
2025-01-20T05:24:33.500Z,2.286874771118164,1.5937319993972778
2025-01-20T05:24:34.000Z,2.1079812049865723,1.5937319993972778
2025-01-20T05:24:34.500Z,1.868581771850586,1.5937319993972778
2025-01-20T05:24:35.000Z,2.4353036880493164,1.5937319993972778
2025-01-20T05:24:35.500Z,1.2919156551361084,1.5937319993972778
2025-01-20T05:24:36.000Z,1.0555634498596191,1.5937319993972778
2025-01-20T05:24:36.500Z,1.4591708183288574,1.5937319993972778
2025-01-20T05:24:37.000Z,1.085230827331543,1.5937319993972778
2025-01-20T05:24:37.500Z,1.2542723417282104,1.5937319993972778
2025-01-20T05:24:38.000Z,0.8807076811790466,1.5937319993972778
2025-01-20T05:24:38.500Z,0.688578188419342,1.5937319993972778
2025-01-20T05:24:39.000Z,0.43282532691955566,1.5937319993972778
2025-01-20T05:24:39.500Z,0.3875715732574463,1.5937319993972778
2025-01-20T05:24:40.000Z,0.41218772530555725,1.5937319993972778
2025-01-20T05:24:40.500Z,0.35537829995155334,1.5937319993972778
2025-01-20T05:24:41.000Z,0.23476555943489075,1.5937319993972778
2025-01-20T05:24:41.500Z,0.1756306141614914,1.5937319993972778
2025-01-20T05:24:42.000Z,0.22113068401813507,1.5937319993972778
2025-01-20T05:24:42.500Z,0.19988466799259186,1.5937319993972778
2025-01-20T05:24:43.000Z,0.23904076218605042,1.5937319993972778
2025-01-20T05:24:43.500Z,0.26437219977378845,1.5937319993972778
2025-01-20T05:24:44.000Z,0.2799694538116455,1.5937319993972778
2025-01-20T05:24:44.500Z,0.21533653140068054,1.5937319993972778
2025-01-20T05:24:45.000Z,0.28908661007881165,1.5937319993972778
2025-01-20T05:24:45.500Z,0.31738418340682983,1.5937319993972778
2025-01-20T05:24:46.000Z,0.312870591878891,1.5937319993972778
2025-01-20T05:24:46.500Z,0.33122122287750244,1.5937319993972778
2025-01-20T05:24:47.000Z,0.3845718502998352,1.5937319993972778
2025-01-20T05:24:47.500Z,0.4745440185070038,1.5937319993972778
2025-01-20T05:24:48.000Z,0.4561869502067566,1.5937319993972778
2025-01-20T05:24:48.500Z,0.41829073429107666,1.5937319993972778
2025-01-20T05:24:49.000Z,0.4677419662475586,1.5937319993972778
2025-01-20T05:24:49.500Z,0.4635639488697052,1.5937319993972778
2025-01-20T05:24:50.000Z,0.4623728394508362,1.5937319993972778
2025-01-20T05:24:50.500Z,0.46428433060646057,1.5937319993972778
2025-01-20T05:24:51.000Z,0.49699729681015015,1.5937319993972778
2025-01-20T05:24:51.500Z,0.5121127367019653,1.5937319993972778
2025-01-20T05:24:52.000Z,0.4442824423313141,1.5937319993972778
2025-01-20T05:24:52.500Z,0.47524040937423706,1.5937319993972778
2025-01-20T05:24:53.000Z,0.4882073998451233,1.5937319993972778
2025-01-20T05:24:53.500Z,0.5991110801696777,1.5937319993972778
2025-01-20T05:24:54.000Z,0.5132676959037781,1.5937319993972778
2025-01-20T05:24:54.500Z,0.5854842066764832,1.5937319993972778
2025-01-20T05:24:55.000Z,0.5551530718803406,1.5937319993972778
2025-01-20T05:24:55.500Z,0.5907094478607178,1.5937319993972778
2025-01-20T05:24:56.000Z,0.5826981663703918,1.5937319993972778
2025-01-20T05:24:56.500Z,0.5528910756111145,1.5937319993972778
2025-01-20T05:24:57.000Z,0.5823176503181458,1.5937319993972778
2025-01-20T05:24:57.500Z,0.5974428653717041,1.5937319993972778
2025-01-20T05:24:58.000Z,0.5947052240371704,1.5937319993972778
2025-01-20T05:24:58.500Z,0.6545156836509705,1.5937319993972778
2025-01-20T05:24:59.000Z,0.5905628800392151,1.5937319993972778
2025-01-20T05:24:59.500Z,0.5612617135047913,1.5937319993972778
2025-01-20T05:25:00.000Z,0.5996631979942322,1.5937319993972778
2025-01-20T05:25:00.500Z,0.6711377501487732,1.5937319993972778
2025-01-20T05:25:01.000Z,0.5908690690994263,1.5937319993972778
2025-01-20T05:25:01.500Z,0.5974293947219849,1.5937319993972778
2025-01-20T05:25:02.000Z,0.5907862186431885,1.5937319993972778
2025-01-20T05:25:02.500Z,0.5616295337677002,1.5937319993972778
2025-01-20T05:25:03.000Z,0.5104305744171143,1.5937319993972778
2025-01-20T05:25:03.500Z,0.6152482628822327,1.5937319993972778
2025-01-20T05:25:04.000Z,0.5827404260635376,1.5937319993972778
2025-01-20T05:25:04.500Z,0.5672837495803833,1.5937319993972778
2025-01-20T05:25:05.000Z,0.45253613591194153,1.5937319993972778
2025-01-20T05:25:05.500Z,0.6339046955108643,1.5937319993972778
2025-01-20T05:25:06.000Z,0.587116539478302,1.5937319993972778
2025-01-20T05:25:06.500Z,0.6603069305419922,1.5937319993972778
2025-01-20T05:25:07.000Z,0.6034991145133972,1.5937319993972778
2025-01-20T05:25:07.500Z,0.5897843241691589,1.5937319993972778
2025-01-20T05:25:08.000Z,0.646989643573761,1.5937319993972778
2025-01-20T05:25:08.500Z,0.7133952379226685,1.5937319993972778
2025-01-20T05:25:09.000Z,0.7791551351547241,1.5937319993972778
2025-01-20T05:25:09.500Z,0.7804713249206543,1.5937319993972778
2025-01-20T05:25:10.000Z,0.6416412591934204,1.5937319993972778
2025-01-20T05:25:10.500Z,0.6598107814788818,1.5937319993972778
2025-01-20T05:25:11.000Z,0.6713999509811401,1.5937319993972778
2025-01-20T05:25:11.500Z,0.7348096966743469,1.5937319993972778
2025-01-20T05:25:12.000Z,0.7149948477745056,1.5937319993972778
2025-01-20T05:25:12.500Z,0.608654797077179,1.5937319993972778
2025-01-20T05:25:13.000Z,0.6623740196228027,1.5937319993972778
2025-01-20T05:25:13.500Z,0.7151370644569397,1.5937319993972778
2025-01-20T05:25:14.000Z,0.6277283430099487,1.5937319993972778
2025-01-20T05:25:14.500Z,0.6715031862258911,1.5937319993972778
2025-01-20T05:25:15.000Z,0.7207863926887512,1.5937319993972778
2025-01-20T05:25:15.500Z,0.6870039701461792,1.5937319993972778
2025-01-20T05:25:16.000Z,0.6752660274505615,1.5937319993972778
2025-01-20T05:25:16.500Z,0.6651060581207275,1.5937319993972778
2025-01-20T05:25:17.000Z,0.5519803166389465,1.5937319993972778
2025-01-20T05:25:17.500Z,0.647911012172699,1.5937319993972778
2025-01-20T05:25:18.000Z,0.5632943511009216,1.5937319993972778
2025-01-20T05:25:18.500Z,0.7325471639633179,1.5937319993972778
2025-01-20T05:25:19.000Z,0.7781515121459961,1.5937319993972778
2025-01-20T05:25:19.500Z,0.6868338584899902,1.5937319993972778
2025-01-20T05:25:20.000Z,0.634865939617157,1.5937319993972778
2025-01-20T05:25:20.500Z,0.7523313760757446,1.5937319993972778
2025-01-20T05:25:21.000Z,0.7324424982070923,1.5937319993972778
2025-01-20T05:25:21.500Z,0.6771835088729858,1.5937319993972778
2025-01-20T05:25:22.000Z,0.7963351011276245,1.5937319993972778
2025-01-20T05:25:22.500Z,0.7969539165496826,1.5937319993972778
2025-01-20T05:25:23.000Z,0.7699899077415466,1.5937319993972778
2025-01-20T05:25:23.500Z,0.618394672870636,1.5937319993972778
2025-01-20T05:25:24.000Z,0.8327828049659729,1.5937319993972778
2025-01-20T05:25:24.500Z,0.772588849067688,1.5937319993972778
2025-01-20T05:25:25.000Z,0.6629549264907837,1.5937319993972778
2025-01-20T05:25:25.500Z,0.7226217985153198,1.5937319993972778
2025-01-20T05:25:26.000Z,0.7492625117301941,1.5937319993972778
2025-01-20T05:25:26.500Z,0.9123972654342651,1.5937319993972778
2025-01-20T05:25:27.000Z,0.8625528216362,1.5937319993972778
2025-01-20T05:25:27.500Z,0.8725583553314209,1.5937319993972778
2025-01-20T05:25:28.000Z,0.6721376776695251,1.5937319993972778
2025-01-20T05:25:28.500Z,0.7033963799476624,1.5937319993972778
2025-01-20T05:25:29.000Z,0.7303933501243591,1.5937319993972778
2025-01-20T05:25:29.500Z,0.6842460036277771,1.5937319993972778
2025-01-20T05:25:30.000Z,0.9251924753189087,1.5937319993972778
2025-01-20T05:25:30.500Z,0.7220090627670288,1.5937319993972778
2025-01-20T05:25:31.000Z,0.7642238140106201,1.5937319993972778
2025-01-20T05:25:31.500Z,0.8945832252502441,1.5937319993972778
2025-01-20T05:25:32.000Z,0.8854790925979614,1.5937319993972778
2025-01-20T05:25:32.500Z,0.8316322565078735,1.5937319993972778
2025-01-20T05:25:33.000Z,0.8208962082862854,1.5937319993972778
2025-01-20T05:25:33.500Z,0.9165088534355164,1.5937319993972778
2025-01-20T05:25:34.000Z,0.8914620876312256,1.5937319993972778
2025-01-20T05:25:34.500Z,0.7983875274658203,1.5937319993972778
2025-01-20T05:25:35.000Z,0.8367209434509277,1.5937319993972778
2025-01-20T05:25:35.500Z,0.8184447288513184,1.5937319993972778
2025-01-20T05:25:36.000Z,0.8727639317512512,1.5937319993972778
2025-01-20T05:25:36.500Z,0.9174965023994446,1.5937319993972778
2025-01-20T05:25:37.000Z,0.9718560576438904,1.5937319993972778
2025-01-20T05:25:37.500Z,0.9581342935562134,1.5937319993972778
2025-01-20T05:25:38.000Z,0.9146841168403625,1.5937319993972778
2025-01-20T05:25:38.500Z,0.9114693999290466,1.5937319993972778
2025-01-20T05:25:39.000Z,0.8852634429931641,1.5937319993972778
2025-01-20T05:25:39.500Z,1.0149564743041992,1.5937319993972778
2025-01-20T05:25:40.000Z,0.8497207760810852,1.5937319993972778
2025-01-20T05:25:40.500Z,0.8720081448554993,1.5937319993972778
2025-01-20T05:25:41.000Z,0.9928699731826782,1.5937319993972778
2025-01-20T05:25:41.500Z,1.0776114463806152,1.5937319993972778
2025-01-20T05:25:42.000Z,0.8807075619697571,1.5937319993972778
2025-01-20T05:25:42.500Z,0.974365770816803,1.5937319993972778
2025-01-20T05:25:43.000Z,0.8715187311172485,1.5937319993972778
2025-01-20T05:25:43.500Z,0.9741872549057007,1.5937319993972778
2025-01-20T05:25:44.000Z,0.9446462392807007,1.5937319993972778
2025-01-20T05:25:44.500Z,0.8759332895278931,1.5937319993972778
2025-01-20T05:25:45.000Z,0.9722157716751099,1.5937319993972778
2025-01-20T05:25:45.500Z,1.0120090246200562,1.5937319993972778
2025-01-20T05:25:46.000Z,0.9457202553749084,1.5937319993972778
2025-01-20T05:25:46.500Z,1.0318039655685425,1.5937319993972778
2025-01-20T05:25:47.000Z,0.9101269245147705,1.5937319993972778
2025-01-20T05:25:47.500Z,0.9957820773124695,1.5937319993972778
2025-01-20T05:25:48.000Z,0.8578274250030518,1.5937319993972778
2025-01-20T05:25:48.500Z,1.0103257894515991,1.5937319993972778
2025-01-20T05:25:49.000Z,0.8582553863525391,1.5937319993972778
2025-01-20T05:25:49.500Z,1.0447267293930054,1.5937319993972778
2025-01-20T05:25:50.000Z,1.049645185470581,1.5937319993972778
2025-01-20T05:25:50.500Z,0.9829933643341064,1.5937319993972778
2025-01-20T05:25:51.000Z,0.9189513325691223,1.5937319993972778
2025-01-20T05:25:51.500Z,0.9683299660682678,1.5937319993972778
2025-01-20T05:25:52.000Z,1.0105786323547363,1.5937319993972778
2025-01-20T05:25:52.500Z,0.9725054502487183,1.5937319993972778
2025-01-20T05:25:53.000Z,1.0011014938354492,1.5937319993972778
2025-01-20T05:25:53.500Z,0.8951596021652222,1.5937319993972778
2025-01-20T05:25:54.000Z,0.9740921258926392,1.5937319993972778
2025-01-20T05:25:54.500Z,1.0076044797897339,1.5937319993972778
2025-01-20T05:25:55.000Z,0.9977814555168152,1.5937319993972778
2025-01-20T05:25:55.500Z,1.0684845447540283,1.5937319993972778
2025-01-20T05:25:56.000Z,1.0097756385803223,1.5937319993972778
2025-01-20T05:25:56.500Z,0.8821670413017273,1.5937319993972778
2025-01-20T05:25:57.000Z,0.9636570811271667,1.5937319993972778
2025-01-20T05:25:57.500Z,1.016025424003601,1.5937319993972778
2025-01-20T05:25:58.000Z,0.9942008852958679,1.5937319993972778
2025-01-20T05:25:58.500Z,0.9826980829238892,1.5937319993972778
2025-01-20T05:25:59.000Z,1.080410361289978,1.5937319993972778
2025-01-20T05:25:59.500Z,0.9822437167167664,1.5937319993972778
2025-01-20T05:26:00.000Z,0.9643526077270508,1.5937319993972778
2025-01-20T05:26:00.500Z,1.055529236793518,1.5937319993972778
2025-01-20T05:26:01.000Z,1.0524275302886963,1.5937319993972778
2025-01-20T05:26:01.500Z,1.0738152265548706,1.5937319993972778
2025-01-20T05:26:02.000Z,1.0954087972640991,1.5937319993972778
2025-01-20T05:26:02.500Z,1.041510820388794,1.5937319993972778
2025-01-20T05:26:03.000Z,1.049556016921997,1.5937319993972778
2025-01-20T05:26:03.500Z,0.9884859323501587,1.5937319993972778
2025-01-20T05:26:04.000Z,0.9335998296737671,1.5937319993972778
2025-01-20T05:26:04.500Z,1.019144058227539,1.5937319993972778
2025-01-20T05:26:05.000Z,0.9872764945030212,1.5937319993972778
2025-01-20T05:26:05.500Z,1.067227840423584,1.5937319993972778
2025-01-20T05:26:06.000Z,1.0299817323684692,1.5937319993972778
2025-01-20T05:26:06.500Z,1.0448042154312134,1.5937319993972778
2025-01-20T05:26:07.000Z,0.9600769877433777,1.5937319993972778
2025-01-20T05:26:07.500Z,1.1780272722244263,1.5937319993972778
2025-01-20T05:26:08.000Z,1.063336730003357,1.5937319993972778
2025-01-20T05:26:08.500Z,0.9210060834884644,1.5937319993972778
2025-01-20T05:26:09.000Z,1.0326831340789795,1.5937319993972778
2025-01-20T05:26:09.500Z,1.0175211429595947,1.5937319993972778
2025-01-20T05:26:10.000Z,0.9703686833381653,1.5937319993972778
2025-01-20T05:26:10.500Z,0.9809272885322571,1.5937319993972778
2025-01-20T05:26:11.000Z,0.9225936532020569,1.5937319993972778
2025-01-20T05:26:11.500Z,1.0327876806259155,1.5937319993972778
2025-01-20T05:26:12.000Z,0.954891562461853,1.5937319993972778
2025-01-20T05:26:12.500Z,1.0639902353286743,1.5937319993972778
2025-01-20T05:26:13.000Z,1.028198480606079,1.5937319993972778
2025-01-20T05:26:13.500Z,1.059090495109558,1.5937319993972778
2025-01-20T05:26:14.000Z,1.007097601890564,1.5937319993972778
2025-01-20T05:26:14.500Z,0.9983769655227661,1.5937319993972778
2025-01-20T05:26:15.000Z,0.9639867544174194,1.5937319993972778
2025-01-20T05:26:15.500Z,1.09199857711792,1.5937319993972778
2025-01-20T05:26:16.000Z,1.0627866983413696,1.5937319993972778
2025-01-20T05:26:16.500Z,1.0157268047332764,1.5937319993972778
2025-01-20T05:26:17.000Z,0.9637783765792847,1.5937319993972778
2025-01-20T05:26:17.500Z,1.0277882814407349,1.5937319993972778
2025-01-20T05:26:18.000Z,1.0516947507858276,1.5937319993972778
2025-01-20T05:26:18.500Z,0.9918106198310852,1.5937319993972778
2025-01-20T05:26:19.000Z,0.9722449779510498,1.5937319993972778
2025-01-20T05:26:19.500Z,1.022755742073059,1.5937319993972778
2025-01-20T05:26:20.000Z,1.0716146230697632,1.5937319993972778
2025-01-20T05:26:20.500Z,0.9565138816833496,1.5937319993972778
2025-01-20T05:26:21.000Z,0.9561793804168701,1.5937319993972778
2025-01-20T05:26:21.500Z,1.0888277292251587,1.5937319993972778
2025-01-20T05:26:22.000Z,1.0042005777359009,1.5937319993972778
2025-01-20T05:26:22.500Z,0.9297435879707336,1.5937319993972778
2025-01-20T05:26:23.000Z,1.0268288850784302,1.5937319993972778
2025-01-20T05:26:23.500Z,1.10115385055542,1.5937319993972778
2025-01-20T05:26:24.000Z,0.9366595149040222,1.5937319993972778
2025-01-20T05:26:24.500Z,1.0929508209228516,1.5937319993972778
2025-01-20T05:26:25.000Z,0.9951881170272827,1.5937319993972778
2025-01-20T05:26:25.500Z,1.0484685897827148,1.5937319993972778
2025-01-20T05:26:26.000Z,1.0606484413146973,1.5937319993972778
2025-01-20T05:26:26.500Z,0.932313084602356,1.5937319993972778
2025-01-20T05:26:27.000Z,0.8993798494338989,1.5937319993972778
2025-01-20T05:26:27.500Z,1.0764577388763428,1.5937319993972778
2025-01-20T05:26:28.000Z,0.9730551242828369,1.5937319993972778
2025-01-20T05:26:28.500Z,1.0046178102493286,1.5937319993972778
2025-01-20T05:26:29.000Z,1.1142678260803223,1.5937319993972778
2025-01-20T05:26:29.500Z,0.9918888211250305,1.5937319993972778
2025-01-20T05:26:30.000Z,0.9245306849479675,1.5937319993972778
2025-01-20T05:26:30.500Z,1.0152297019958496,1.5937319993972778
2025-01-20T05:26:31.000Z,0.9710289239883423,1.5937319993972778
2025-01-20T05:26:31.500Z,1.0756067037582397,1.5937319993972778
2025-01-20T05:26:32.000Z,1.048501968383789,1.5937319993972778
2025-01-20T05:26:32.500Z,1.033847689628601,1.5937319993972778
2025-01-20T05:26:33.000Z,0.9891602993011475,1.5937319993972778
2025-01-20T05:26:33.500Z,1.0988261699676514,1.5937319993972778
2025-01-20T05:26:34.000Z,0.9464485049247742,1.5937319993972778
2025-01-20T05:26:34.500Z,1.0336066484451294,1.5937319993972778
2025-01-20T05:26:35.000Z,0.8987730145454407,1.5937319993972778
2025-01-20T05:26:35.500Z,1.0537184476852417,1.5937319993972778
2025-01-20T05:26:36.000Z,0.9600018262863159,1.5937319993972778
2025-01-20T05:26:36.500Z,0.9496273994445801,1.5937319993972778
2025-01-20T05:26:37.000Z,0.9318251609802246,1.5937319993972778
2025-01-20T05:26:37.500Z,1.013624668121338,1.5937319993972778
2025-01-20T05:26:38.000Z,1.0255510807037354,1.5937319993972778
2025-01-20T05:26:38.500Z,1.02523672580719,1.5937319993972778
2025-01-20T05:26:39.000Z,0.9223019480705261,1.5937319993972778
2025-01-20T05:26:39.500Z,0.9818287491798401,1.5937319993972778
2025-01-20T05:26:40.000Z,0.9628543257713318,1.5937319993972778
2025-01-20T05:26:40.500Z,1.0036691427230835,1.5937319993972778
2025-01-20T05:26:41.000Z,0.9571687579154968,1.5937319993972778
2025-01-20T05:26:41.500Z,1.020410418510437,1.5937319993972778
2025-01-20T05:26:42.000Z,0.9999672174453735,1.5937319993972778
2025-01-20T05:26:42.500Z,1.042174220085144,1.5937319993972778
2025-01-20T05:26:43.000Z,1.0860906839370728,1.5937319993972778
2025-01-20T05:26:43.500Z,1.041648030281067,1.5937319993972778
2025-01-20T05:26:44.000Z,0.9376084804534912,1.5937319993972778
2025-01-20T05:26:44.500Z,0.9693574905395508,1.5937319993972778
2025-01-20T05:26:45.000Z,0.9786155223846436,1.5937319993972778
2025-01-20T05:26:45.500Z,0.9913367629051208,1.5937319993972778
2025-01-20T05:26:46.000Z,0.9635583758354187,1.5937319993972778
2025-01-20T05:26:46.500Z,1.04478919506073,1.5937319993972778
2025-01-20T05:26:47.000Z,0.980251133441925,1.5937319993972778
2025-01-20T05:26:47.500Z,1.0281506776809692,1.5937319993972778
2025-01-20T05:26:48.000Z,1.0440778732299805,1.5937319993972778
2025-01-20T05:26:48.500Z,1.0354822874069214,1.5937319993972778
2025-01-20T05:26:49.000Z,1.0280685424804688,1.5937319993972778
2025-01-20T05:26:49.500Z,0.9587938785552979,1.5937319993972778
2025-01-20T05:26:50.000Z,0.9693992733955383,1.5937319993972778
2025-01-20T05:26:50.500Z,1.0586729049682617,1.5937319993972778
2025-01-20T05:26:51.000Z,0.9960883259773254,1.5937319993972778
2025-01-20T05:26:51.500Z,0.9679731726646423,1.5937319993972778
2025-01-20T05:26:52.000Z,1.0409599542617798,1.5937319993972778
2025-01-20T05:26:52.500Z,1.181543231010437,1.5937319993972778
2025-01-20T05:26:53.000Z,1.0895439386367798,1.5937319993972778
2025-01-20T05:26:53.500Z,1.109325885772705,1.5937319993972778
2025-01-20T05:26:54.000Z,1.007569670677185,1.5937319993972778
2025-01-20T05:26:54.500Z,1.0141937732696533,1.5937319993972778
2025-01-20T05:26:55.000Z,0.9700148105621338,1.5937319993972778
2025-01-20T05:26:55.500Z,1.0660810470581055,1.5937319993972778
2025-01-20T05:26:56.000Z,0.9280956387519836,1.5937319993972778
2025-01-20T05:26:56.500Z,1.1421116590499878,1.5937319993972778
2025-01-20T05:26:57.000Z,0.965580940246582,1.5937319993972778
2025-01-20T05:26:57.500Z,1.0256702899932861,1.5937319993972778
2025-01-20T05:26:58.000Z,1.0938286781311035,1.5937319993972778
2025-01-20T05:26:58.500Z,1.0712840557098389,1.5937319993972778
2025-01-20T05:26:59.000Z,1.039610743522644,1.5937319993972778
2025-01-20T05:26:59.500Z,0.9853771924972534,1.5937319993972778
2025-01-20T05:27:00.000Z,1.0584042072296143,1.5937319993972778
2025-01-20T05:27:00.500Z,1.052443504333496,1.5937319993972778
2025-01-20T05:27:01.000Z,0.9798683524131775,1.5937319993972778
2025-01-20T05:27:01.500Z,1.0717860460281372,1.5937319993972778
2025-01-20T05:27:02.000Z,1.0107781887054443,1.5937319993972778
2025-01-20T05:27:02.500Z,0.9323703646659851,1.5937319993972778
2025-01-20T05:27:03.000Z,1.0617934465408325,1.5937319993972778
2025-01-20T05:27:03.500Z,1.1162559986114502,1.5937319993972778
2025-01-20T05:27:04.000Z,1.0111362934112549,1.5937319993972778
2025-01-20T05:27:04.500Z,1.014512300491333,1.5937319993972778
2025-01-20T05:27:05.000Z,0.9624196887016296,1.5937319993972778
2025-01-20T05:27:05.500Z,1.1211154460906982,1.5937319993972778
2025-01-20T05:27:06.000Z,1.0737935304641724,1.5937319993972778
2025-01-20T05:27:06.500Z,1.066209077835083,1.5937319993972778
2025-01-20T05:27:07.000Z,1.0337021350860596,1.5937319993972778
2025-01-20T05:27:07.500Z,1.0119929313659668,1.5937319993972778
2025-01-20T05:27:08.000Z,1.0096255540847778,1.5937319993972778
2025-01-20T05:27:08.500Z,1.0350261926651,1.5937319993972778
2025-01-20T05:27:09.000Z,0.9584600925445557,1.5937319993972778
2025-01-20T05:27:09.500Z,0.9475262761116028,1.5937319993972778
2025-01-20T05:27:10.000Z,1.005492091178894,1.5937319993972778
2025-01-20T05:27:10.500Z,0.986181914806366,1.5937319993972778
2025-01-20T05:27:11.000Z,1.0736348628997803,1.5937319993972778
2025-01-20T05:27:11.500Z,1.0223227739334106,1.5937319993972778
2025-01-20T05:27:12.000Z,1.0684183835983276,1.5937319993972778
2025-01-20T05:27:12.500Z,1.0202710628509521,1.5937319993972778
2025-01-20T05:27:13.000Z,0.8964277505874634,1.5937319993972778
2025-01-20T05:27:13.500Z,1.1191984415054321,1.5937319993972778
2025-01-20T05:27:14.000Z,0.9366588592529297,1.5937319993972778
2025-01-20T05:27:14.500Z,1.1132134199142456,1.5937319993972778
2025-01-20T05:27:15.000Z,0.9317363500595093,1.5937319993972778
2025-01-20T05:27:15.500Z,0.9817659854888916,1.5937319993972778
2025-01-20T05:27:16.000Z,0.9246188998222351,1.5937319993972778
2025-01-20T05:27:16.500Z,1.0188063383102417,1.5937319993972778
2025-01-20T05:27:17.000Z,1.0121359825134277,1.5937319993972778
2025-01-20T05:27:17.500Z,0.940272331237793,1.5937319993972778
2025-01-20T05:27:18.000Z,1.044661521911621,1.5937319993972778
2025-01-20T05:27:18.500Z,0.979358434677124,1.5937319993972778
2025-01-20T05:27:19.000Z,1.0338447093963623,1.5937319993972778
2025-01-20T05:27:19.500Z,1.0508109331130981,1.5937319993972778
2025-01-20T05:27:20.000Z,1.0792133808135986,1.5937319993972778
2025-01-20T05:27:20.500Z,0.890643298625946,1.5937319993972778
2025-01-20T05:27:21.000Z,1.1107388734817505,1.5937319993972778
2025-01-20T05:27:21.500Z,1.0663354396820068,1.5937319993972778
2025-01-20T05:27:22.000Z,1.074210286140442,1.5937319993972778
2025-01-20T05:27:22.500Z,1.0263797044754028,1.5937319993972778
2025-01-20T05:27:23.000Z,1.048195242881775,1.5937319993972778
2025-01-20T05:27:23.500Z,1.0758421421051025,1.5937319993972778
2025-01-20T05:27:24.000Z,1.0639843940734863,1.5937319993972778
2025-01-20T05:27:24.500Z,1.0489617586135864,1.5937319993972778
2025-01-20T05:27:25.000Z,1.1073883771896362,1.5937319993972778
2025-01-20T05:27:25.500Z,1.017809271812439,1.5937319993972778
2025-01-20T05:27:26.000Z,1.0328843593597412,1.5937319993972778
2025-01-20T05:27:26.500Z,1.0177873373031616,1.5937319993972778
2025-01-20T05:27:27.000Z,0.936004638671875,1.5937319993972778
2025-01-20T05:27:27.500Z,1.056497573852539,1.5937319993972778
2025-01-20T05:27:28.000Z,0.9190682172775269,1.5937319993972778
2025-01-20T05:27:28.500Z,1.1116282939910889,1.5937319993972778
2025-01-20T05:27:29.000Z,1.1121456623077393,1.5937319993972778
2025-01-20T05:27:29.500Z,0.982679545879364,1.5937319993972778
2025-01-20T05:27:30.000Z,1.193039894104004,1.5937319993972778
2025-01-20T05:27:30.500Z,1.0978758335113525,1.5937319993972778
2025-01-20T05:27:31.000Z,1.0127737522125244,1.5937319993972778
2025-01-20T05:27:31.500Z,0.9714328646659851,1.5937319993972778
2025-01-20T05:27:32.000Z,0.9527828097343445,1.5937319993972778
2025-01-20T05:27:32.500Z,0.9668278098106384,1.5937319993972778
2025-01-20T05:27:33.000Z,0.9877799153327942,1.5937319993972778
2025-01-20T05:27:33.500Z,1.081175684928894,1.5937319993972778
2025-01-20T05:27:34.000Z,0.9806329607963562,1.5937319993972778
2025-01-20T05:27:34.500Z,0.9658450484275818,1.5937319993972778
2025-01-20T05:27:35.000Z,1.02513587474823,1.5937319993972778
2025-01-20T05:27:35.500Z,0.946067750453949,1.5937319993972778
2025-01-20T05:27:36.000Z,0.9829751253128052,1.5937319993972778
2025-01-20T05:27:36.500Z,1.044089674949646,1.5937319993972778
2025-01-20T05:27:37.000Z,0.9801579117774963,1.5937319993972778
2025-01-20T05:27:37.500Z,1.118078589439392,1.5937319993972778
2025-01-20T05:27:38.000Z,0.9564195275306702,1.5937319993972778
2025-01-20T05:27:38.500Z,0.9899343848228455,1.5937319993972778
2025-01-20T05:27:39.000Z,1.0685224533081055,1.5937319993972778
2025-01-20T05:27:39.500Z,0.9673501253128052,1.5937319993972778
2025-01-20T05:27:40.000Z,0.9910475015640259,1.5937319993972778
2025-01-20T05:27:40.500Z,1.0817203521728516,1.5937319993972778
2025-01-20T05:27:41.000Z,1.0440196990966797,1.5937319993972778
2025-01-20T05:27:41.500Z,0.9772992134094238,1.5937319993972778
2025-01-20T05:27:42.000Z,1.0373514890670776,1.5937319993972778
2025-01-20T05:27:42.500Z,0.9630904197692871,1.5937319993972778
2025-01-20T05:27:43.000Z,1.0842732191085815,1.5937319993972778
2025-01-20T05:27:43.500Z,0.9892100691795349,1.5937319993972778
2025-01-20T05:27:44.000Z,0.9962515830993652,1.5937319993972778
2025-01-20T05:27:44.500Z,0.9803121089935303,1.5937319993972778
2025-01-20T05:27:45.000Z,0.8935657739639282,1.5937319993972778
2025-01-20T05:27:45.500Z,1.0508075952529907,1.5937319993972778
2025-01-20T05:27:46.000Z,0.9831066131591797,1.5937319993972778
2025-01-20T05:27:46.500Z,1.0196430683135986,1.5937319993972778
2025-01-20T05:27:47.000Z,0.9869046807289124,1.5937319993972778
2025-01-20T05:27:47.500Z,1.0065655708312988,1.5937319993972778
2025-01-20T05:27:48.000Z,1.0088587999343872,1.5937319993972778
2025-01-20T05:27:48.500Z,0.9697535037994385,1.5937319993972778
2025-01-20T05:27:49.000Z,0.9793447256088257,1.5937319993972778
2025-01-20T05:27:49.500Z,0.9891504049301147,1.5937319993972778
2025-01-20T05:27:50.000Z,0.983400285243988,1.5937319993972778
2025-01-20T05:27:50.500Z,1.0226839780807495,1.5937319993972778
2025-01-20T05:27:51.000Z,1.1183969974517822,1.5937319993972778
2025-01-20T05:27:51.500Z,0.9820868372917175,1.5937319993972778
2025-01-20T05:27:52.000Z,1.0220181941986084,1.5937319993972778
2025-01-20T05:27:52.500Z,1.0245471000671387,1.5937319993972778
2025-01-20T05:27:53.000Z,0.9245812296867371,1.5937319993972778
2025-01-20T05:27:53.500Z,0.9800567626953125,1.5937319993972778
2025-01-20T05:27:54.000Z,0.969646155834198,1.5937319993972778
2025-01-20T05:27:54.500Z,0.9877602458000183,1.5937319993972778
2025-01-20T05:27:55.000Z,0.9370324015617371,1.5937319993972778
2025-01-20T05:27:55.500Z,0.9921633005142212,1.5937319993972778
2025-01-20T05:27:56.000Z,1.0401318073272705,1.5937319993972778
2025-01-20T05:27:56.500Z,1.0699180364608765,1.5937319993972778
2025-01-20T05:27:57.000Z,0.9713276624679565,1.5937319993972778
2025-01-20T05:27:57.500Z,1.0961536169052124,1.5937319993972778
2025-01-20T05:27:58.000Z,0.9792717695236206,1.5937319993972778
2025-01-20T05:27:58.500Z,1.0313576459884644,1.5937319993972778
2025-01-20T05:27:59.000Z,1.1186233758926392,1.5937319993972778
2025-01-20T05:27:59.500Z,1.1017729043960571,1.5937319993972778
2025-01-20T05:28:00.000Z,1.1075810194015503,1.5937319993972778
2025-01-20T05:28:00.500Z,0.9670875668525696,1.5937319993972778
2025-01-20T05:28:01.000Z,0.9637126326560974,1.5937319993972778
2025-01-20T05:28:01.500Z,1.0893101692199707,1.5937319993972778
2025-01-20T05:28:02.000Z,1.1227450370788574,1.5937319993972778
2025-01-20T05:28:02.500Z,1.1236845254898071,1.5937319993972778
2025-01-20T05:28:03.000Z,0.9344198107719421,1.5937319993972778
2025-01-20T05:28:03.500Z,0.9740491509437561,1.5937319993972778
2025-01-20T05:28:04.000Z,1.0724691152572632,1.5937319993972778
2025-01-20T05:28:04.500Z,1.0227032899856567,1.5937319993972778
2025-01-20T05:28:05.000Z,0.9557276368141174,1.5937319993972778
2025-01-20T05:28:05.500Z,0.864234447479248,1.5937319993972778
2025-01-20T05:28:06.000Z,1.0403127670288086,1.5937319993972778
2025-01-20T05:28:06.500Z,1.1189374923706055,1.5937319993972778
2025-01-20T05:28:07.000Z,1.034270167350769,1.5937319993972778
2025-01-20T05:28:07.500Z,1.0297168493270874,1.5937319993972778
2025-01-20T05:28:08.000Z,0.9730589389801025,1.5937319993972778
2025-01-20T05:28:08.500Z,0.8926249742507935,1.5937319993972778
2025-01-20T05:28:09.000Z,1.0260615348815918,1.5937319993972778
2025-01-20T05:28:09.500Z,1.0304594039916992,1.5937319993972778
2025-01-20T05:28:10.000Z,1.0199235677719116,1.5937319993972778
2025-01-20T05:28:10.500Z,1.0121783018112183,1.5937319993972778
2025-01-20T05:28:11.000Z,1.0595804452896118,1.5937319993972778
2025-01-20T05:28:11.500Z,0.9726860523223877,1.5937319993972778
2025-01-20T05:28:12.000Z,0.9623575210571289,1.5937319993972778
2025-01-20T05:28:12.500Z,0.9614143967628479,1.5937319993972778
2025-01-20T05:28:13.000Z,1.0984798669815063,1.5937319993972778
2025-01-20T05:28:13.500Z,0.9461274743080139,1.5937319993972778
2025-01-20T05:28:14.000Z,1.0160866975784302,1.5937319993972778
2025-01-20T05:28:14.500Z,1.0105056762695312,1.5937319993972778
2025-01-20T05:28:15.000Z,1.053220272064209,1.5937319993972778
2025-01-20T05:28:15.500Z,1.01092529296875,1.5937319993972778
2025-01-20T05:28:16.000Z,1.0473779439926147,1.5937319993972778
2025-01-20T05:28:16.500Z,1.1289244890213013,1.5937319993972778
2025-01-20T05:28:17.000Z,1.052524447441101,1.5937319993972778
2025-01-20T05:28:17.500Z,0.8982080817222595,1.5937319993972778
2025-01-20T05:28:18.000Z,1.0063092708587646,1.5937319993972778
2025-01-20T05:28:18.500Z,0.9032331109046936,1.5937319993972778
2025-01-20T05:28:19.000Z,1.0304443836212158,1.5937319993972778
2025-01-20T05:28:19.500Z,0.957383394241333,1.5937319993972778
2025-01-20T05:28:20.000Z,1.198372721672058,1.5937319993972778
2025-01-20T05:28:20.500Z,1.0176961421966553,1.5937319993972778
2025-01-20T05:28:21.000Z,1.2336399555206299,1.5937319993972778
2025-01-20T05:28:21.500Z,1.1352145671844482,1.5937319993972778
2025-01-20T05:28:22.000Z,1.0243818759918213,1.5937319993972778
2025-01-20T05:28:22.500Z,1.059160590171814,1.5937319993972778
2025-01-20T05:28:23.000Z,0.9746138453483582,1.5937319993972778
2025-01-20T05:28:23.500Z,1.0175193548202515,1.5937319993972778
2025-01-20T05:28:24.000Z,0.9481241106987,1.5937319993972778
2025-01-20T05:28:24.500Z,0.9420648217201233,1.5937319993972778
2025-01-20T05:28:25.000Z,0.9521111249923706,1.5937319993972778
2025-01-20T05:28:25.500Z,0.9700656533241272,1.5937319993972778
2025-01-20T05:28:26.000Z,1.0086336135864258,1.5937319993972778
2025-01-20T05:28:26.500Z,1.0154272317886353,1.5937319993972778
2025-01-20T05:28:27.000Z,1.0670517683029175,1.5937319993972778
2025-01-20T05:28:27.500Z,0.8897762298583984,1.5937319993972778
2025-01-20T05:28:28.000Z,0.9878360033035278,1.5937319993972778
2025-01-20T05:28:28.500Z,1.0262669324874878,1.5937319993972778
2025-01-20T05:28:29.000Z,0.9543711543083191,1.5937319993972778
2025-01-20T05:28:29.500Z,0.9130004644393921,1.5937319993972778
2025-01-20T05:28:30.000Z,1.0019673109054565,1.5937319993972778
2025-01-20T05:28:30.500Z,0.9578850865364075,1.5937319993972778
2025-01-20T05:28:31.000Z,1.0399386882781982,1.5937319993972778
2025-01-20T05:28:31.500Z,1.098421573638916,1.5937319993972778
2025-01-20T05:28:32.000Z,1.0736608505249023,1.5937319993972778
2025-01-20T05:28:32.500Z,1.0904490947723389,1.5937319993972778
2025-01-20T05:28:33.000Z,1.1013507843017578,1.5937319993972778
2025-01-20T05:28:33.500Z,1.017848253250122,1.5937319993972778
2025-01-20T05:28:34.000Z,1.0686218738555908,1.5937319993972778
2025-01-20T05:28:34.500Z,0.9759910702705383,1.5937319993972778
2025-01-20T05:28:35.000Z,1.0220803022384644,1.5937319993972778
2025-01-20T05:28:35.500Z,1.0557029247283936,1.5937319993972778
2025-01-20T05:28:36.000Z,1.0885124206542969,1.5937319993972778
2025-01-20T05:28:36.500Z,1.025953769683838,1.5937319993972778
2025-01-20T05:28:37.000Z,1.1116266250610352,1.5937319993972778
2025-01-20T05:28:37.500Z,1.0178030729293823,1.5937319993972778
2025-01-20T05:28:38.000Z,1.1501163244247437,1.5937319993972778
2025-01-20T05:28:38.500Z,0.928615927696228,1.5937319993972778
2025-01-20T05:28:39.000Z,0.925056517124176,1.5937319993972778
2025-01-20T05:28:39.500Z,1.1108862161636353,1.5937319993972778
2025-01-20T05:28:40.000Z,1.0742173194885254,1.5937319993972778
2025-01-20T05:28:40.500Z,1.0214922428131104,1.5937319993972778
2025-01-20T05:28:41.000Z,0.9142765402793884,1.5937319993972778
2025-01-20T05:28:41.500Z,1.0224437713623047,1.5937319993972778
2025-01-20T05:28:42.000Z,1.0942165851593018,1.5937319993972778
2025-01-20T05:28:42.500Z,1.0777497291564941,1.5937319993972778
2025-01-20T05:28:43.000Z,0.993217945098877,1.5937319993972778
2025-01-20T05:28:43.500Z,1.0902777910232544,1.5937319993972778
2025-01-20T05:28:44.000Z,0.9042472839355469,1.5937319993972778
2025-01-20T05:28:44.500Z,0.9551545977592468,1.5937319993972778
2025-01-20T05:28:45.000Z,1.0324140787124634,1.5937319993972778
2025-01-20T05:28:45.500Z,0.8949517607688904,1.5937319993972778
2025-01-20T05:28:46.000Z,1.0538811683654785,1.5937319993972778
2025-01-20T05:28:46.500Z,1.083531141281128,1.5937319993972778
2025-01-20T05:28:47.000Z,1.0192174911499023,1.5937319993972778
2025-01-20T05:28:47.500Z,0.9574105739593506,1.5937319993972778
2025-01-20T05:28:48.000Z,0.9322042465209961,1.5937319993972778
2025-01-20T05:28:48.500Z,1.0990591049194336,1.5937319993972778
2025-01-20T05:28:49.000Z,1.068041443824768,1.5937319993972778
2025-01-20T05:28:49.500Z,1.0371469259262085,1.5937319993972778
2025-01-20T05:28:50.000Z,0.9849780201911926,1.5937319993972778
2025-01-20T05:28:50.500Z,1.0919090509414673,1.5937319993972778
2025-01-20T05:28:51.000Z,1.1229956150054932,1.5937319993972778
2025-01-20T05:28:51.500Z,0.9717532396316528,1.5937319993972778
2025-01-20T05:28:52.000Z,1.0373026132583618,1.5937319993972778
2025-01-20T05:28:52.500Z,1.0258723497390747,1.5937319993972778
2025-01-20T05:28:53.000Z,1.014088749885559,1.5937319993972778
2025-01-20T05:28:53.500Z,1.03089439868927,1.5937319993972778
2025-01-20T05:28:54.000Z,0.9753142595291138,1.5937319993972778
2025-01-20T05:28:54.500Z,1.1206328868865967,1.5937319993972778
2025-01-20T05:28:55.000Z,0.9949953556060791,1.5937319993972778
2025-01-20T05:28:55.500Z,1.0063726902008057,1.5937319993972778
2025-01-20T05:28:56.000Z,1.0857805013656616,1.5937319993972778
2025-01-20T05:28:56.500Z,1.0150401592254639,1.5937319993972778
2025-01-20T05:28:57.000Z,1.0007562637329102,1.5937319993972778
2025-01-20T05:28:57.500Z,0.9204643368721008,1.5937319993972778
2025-01-20T05:28:58.000Z,0.9538458585739136,1.5937319993972778
2025-01-20T05:28:58.500Z,1.0862311124801636,1.5937319993972778
2025-01-20T05:28:59.000Z,1.055640459060669,1.5937319993972778
2025-01-20T05:28:59.500Z,1.0668513774871826,1.5937319993972778
2025-01-20T05:29:00.000Z,0.9826639294624329,1.5937319993972778
2025-01-20T05:29:00.500Z,0.9394645094871521,1.5937319993972778
2025-01-20T05:29:01.000Z,1.041563630104065,1.5937319993972778
2025-01-20T05:29:01.500Z,1.0758470296859741,1.5937319993972778
2025-01-20T05:29:02.000Z,0.9965963959693909,1.5937319993972778
2025-01-20T05:29:02.500Z,1.094424843788147,1.5937319993972778
2025-01-20T05:29:03.000Z,0.9200431704521179,1.5937319993972778
2025-01-20T05:29:03.500Z,1.039393424987793,1.5937319993972778
2025-01-20T05:29:04.000Z,0.910427451133728,1.5937319993972778
2025-01-20T05:29:04.500Z,0.9934015870094299,1.5937319993972778
2025-01-20T05:29:05.000Z,0.9642115235328674,1.5937319993972778
2025-01-20T05:29:05.500Z,1.0290277004241943,1.5937319993972778
2025-01-20T05:29:06.000Z,0.9928241968154907,1.5937319993972778
2025-01-20T05:29:06.500Z,1.1672642230987549,1.5937319993972778
2025-01-20T05:29:07.000Z,1.0194218158721924,1.5937319993972778
2025-01-20T05:29:07.500Z,1.095637559890747,1.5937319993972778
2025-01-20T05:29:08.000Z,0.9683536291122437,1.5937319993972778
2025-01-20T05:29:08.500Z,0.9631386995315552,1.5937319993972778
2025-01-20T05:29:09.000Z,1.0187453031539917,1.5937319993972778
2025-01-20T05:29:09.500Z,0.9976546764373779,1.5937319993972778
2025-01-20T05:29:10.000Z,1.0241695642471313,1.5937319993972778
2025-01-20T05:29:10.500Z,0.9913292527198792,1.5937319993972778
2025-01-20T05:29:11.000Z,0.969373345375061,1.5937319993972778
2025-01-20T05:29:11.500Z,1.0423837900161743,1.5937319993972778
2025-01-20T05:29:12.000Z,1.0285565853118896,1.5937319993972778
2025-01-20T05:29:12.500Z,0.960934042930603,1.5937319993972778
2025-01-20T05:29:13.000Z,1.0598267316818237,1.5937319993972778
2025-01-20T05:29:13.500Z,1.025261640548706,1.5937319993972778
2025-01-20T05:29:14.000Z,1.0022008419036865,1.5937319993972778
2025-01-20T05:29:14.500Z,0.9737036228179932,1.5937319993972778
2025-01-20T05:29:15.000Z,1.0378941297531128,1.5937319993972778
2025-01-20T05:29:15.500Z,0.9444206953048706,1.5937319993972778
2025-01-20T05:29:16.000Z,1.016982078552246,1.5937319993972778
2025-01-20T05:29:16.500Z,1.0079569816589355,1.5937319993972778
2025-01-20T05:29:17.000Z,1.0013518333435059,1.5937319993972778
2025-01-20T05:29:17.500Z,0.966723620891571,1.5937319993972778
2025-01-20T05:29:18.000Z,1.1012892723083496,1.5937319993972778
2025-01-20T05:29:18.500Z,0.8759452700614929,1.5937319993972778
2025-01-20T05:29:19.000Z,0.9219954013824463,1.5937319993972778
2025-01-20T05:29:19.500Z,0.9396218061447144,1.5937319993972778
2025-01-20T05:29:20.000Z,0.9966635704040527,1.5937319993972778
2025-01-20T05:29:20.500Z,1.068877935409546,1.5937319993972778
2025-01-20T05:29:21.000Z,0.8869944214820862,1.5937319993972778
2025-01-20T05:29:21.500Z,1.0842291116714478,1.5937319993972778
2025-01-20T05:29:22.000Z,1.0139963626861572,1.5937319993972778
2025-01-20T05:29:22.500Z,1.0126245021820068,1.5937319993972778
2025-01-20T05:29:23.000Z,1.1430699825286865,1.5937319993972778
2025-01-20T05:29:23.500Z,0.9696567058563232,1.5937319993972778
2025-01-20T05:29:24.000Z,1.069793701171875,1.5937319993972778
2025-01-20T05:29:24.500Z,1.188206434249878,1.5937319993972778
2025-01-20T05:29:25.000Z,1.0640146732330322,1.5937319993972778
2025-01-20T05:29:25.500Z,1.0683833360671997,1.5937319993972778
2025-01-20T05:29:26.000Z,1.06659734249115,1.5937319993972778
2025-01-20T05:29:26.500Z,1.028030514717102,1.5937319993972778
2025-01-20T05:29:27.000Z,0.9835628867149353,1.5937319993972778
2025-01-20T05:29:27.500Z,1.0499013662338257,1.5937319993972778
2025-01-20T05:29:28.000Z,1.0502516031265259,1.5937319993972778
2025-01-20T05:29:28.500Z,1.0137346982955933,1.5937319993972778
2025-01-20T05:29:29.000Z,1.0586425065994263,1.5937319993972778
2025-01-20T05:29:29.500Z,0.9905751347541809,1.5937319993972778
2025-01-20T05:29:30.000Z,0.9063652753829956,1.5937319993972778
2025-01-20T05:29:30.500Z,0.9656158089637756,1.5937319993972778
2025-01-20T05:29:31.000Z,1.0145591497421265,1.5937319993972778
2025-01-20T05:29:31.500Z,1.0117212533950806,1.5937319993972778
2025-01-20T05:29:32.000Z,1.0024065971374512,1.5937319993972778
2025-01-20T05:29:32.500Z,0.9460902214050293,1.5937319993972778
2025-01-20T05:29:33.000Z,1.078725814819336,1.5937319993972778
2025-01-20T05:29:33.500Z,1.0297338962554932,1.5937319993972778
2025-01-20T05:29:34.000Z,1.045648455619812,1.5937319993972778
2025-01-20T05:29:34.500Z,0.9733916521072388,1.5937319993972778
2025-01-20T05:29:35.000Z,0.9197517037391663,1.5937319993972778
2025-01-20T05:29:35.500Z,1.0107132196426392,1.5937319993972778
2025-01-20T05:29:36.000Z,0.9812698364257812,1.5937319993972778
2025-01-20T05:29:36.500Z,1.1733391284942627,1.5937319993972778
2025-01-20T05:29:37.000Z,0.86775803565979,1.5937319993972778
2025-01-20T05:29:37.500Z,1.0600024461746216,1.5937319993972778
2025-01-20T05:29:38.000Z,0.9631231427192688,1.5937319993972778
2025-01-20T05:29:38.500Z,0.9415305852890015,1.5937319993972778
2025-01-20T05:29:39.000Z,0.9821363091468811,1.5937319993972778
2025-01-20T05:29:39.500Z,0.9113405346870422,1.5937319993972778
2025-01-20T05:29:40.000Z,1.0039290189743042,1.5937319993972778
2025-01-20T05:29:40.500Z,0.9807323217391968,1.5937319993972778
2025-01-20T05:29:41.000Z,0.9979774951934814,1.5937319993972778
2025-01-20T05:29:41.500Z,0.9792608618736267,1.5937319993972778
2025-01-20T05:29:42.000Z,1.0011882781982422,1.5937319993972778
2025-01-20T05:29:42.500Z,1.0245860815048218,1.5937319993972778
2025-01-20T05:29:43.000Z,1.2486990690231323,1.5937319993972778
2025-01-20T05:29:43.500Z,1.188199520111084,1.5937319993972778
2025-01-20T05:29:44.000Z,1.116670846939087,1.5937319993972778
2025-01-20T05:29:44.500Z,1.1292600631713867,1.5937319993972778
2025-01-20T05:29:45.000Z,1.1272186040878296,1.5937319993972778
2025-01-20T05:29:45.500Z,0.8947897553443909,1.5937319993972778
2025-01-20T05:29:46.000Z,1.1016274690628052,1.5937319993972778
2025-01-20T05:29:46.500Z,1.106840968132019,1.5937319993972778
2025-01-20T05:29:47.000Z,1.0108239650726318,1.5937319993972778
2025-01-20T05:29:47.500Z,1.0339826345443726,1.5937319993972778
2025-01-20T05:29:48.000Z,1.089536190032959,1.5937319993972778
2025-01-20T05:29:48.500Z,1.014272689819336,1.5937319993972778
2025-01-20T05:29:49.000Z,1.1419644355773926,1.5937319993972778
2025-01-20T05:29:49.500Z,1.0236600637435913,1.5937319993972778
2025-01-20T05:29:50.000Z,0.9888548254966736,1.5937319993972778
2025-01-20T05:29:50.500Z,1.109857439994812,1.5937319993972778
2025-01-20T05:29:51.000Z,1.0288522243499756,1.5937319993972778
2025-01-20T05:29:51.500Z,0.9709156155586243,1.5937319993972778
2025-01-20T05:29:52.000Z,0.891271710395813,1.5937319993972778
2025-01-20T05:29:52.500Z,0.9243430495262146,1.5937319993972778
2025-01-20T05:29:53.000Z,0.9806240797042847,1.5937319993972778
2025-01-20T05:29:53.500Z,1.0302400588989258,1.5937319993972778
2025-01-20T05:29:54.000Z,1.061704397201538,1.5937319993972778
2025-01-20T05:29:54.500Z,0.9776819348335266,1.5937319993972778
2025-01-20T05:29:55.000Z,0.9923385381698608,1.5937319993972778
2025-01-20T05:29:55.500Z,0.9802789092063904,1.5937319993972778
2025-01-20T05:29:56.000Z,0.9674200415611267,1.5937319993972778
2025-01-20T05:29:56.500Z,1.0952603816986084,1.5937319993972778
2025-01-20T05:29:57.000Z,1.0383343696594238,1.5937319993972778
2025-01-20T05:29:57.500Z,1.0307928323745728,1.5937319993972778
2025-01-20T05:29:58.000Z,0.9620334506034851,1.5937319993972778
2025-01-20T05:29:58.500Z,0.987462043762207,1.5937319993972778
2025-01-20T05:29:59.000Z,0.9706720113754272,1.5937319993972778
2025-01-20T05:29:59.500Z,0.9566409587860107,1.5937319993972778
2025-01-20T05:30:00.000Z,1.0745537281036377,1.5937319993972778
2025-01-20T05:30:00.500Z,1.0317946672439575,1.5937319993972778
2025-01-20T05:30:01.000Z,1.1029469966888428,1.5937319993972778
2025-01-20T05:30:01.500Z,0.9287154078483582,1.5937319993972778
2025-01-20T05:30:02.000Z,1.0217918157577515,1.5937319993972778
2025-01-20T05:30:02.500Z,1.0145504474639893,1.5937319993972778
2025-01-20T05:30:03.000Z,0.9389468431472778,1.5937319993972778
2025-01-20T05:30:03.500Z,0.9842506051063538,1.5937319993972778
2025-01-20T05:30:04.000Z,1.02995765209198,1.5937319993972778
2025-01-20T05:30:04.500Z,0.9883379340171814,1.5937319993972778
2025-01-20T05:30:05.000Z,1.023459792137146,1.5937319993972778
2025-01-20T05:30:05.500Z,1.1359070539474487,1.5937319993972778
2025-01-20T05:30:06.000Z,0.9938247799873352,1.5937319993972778
2025-01-20T05:30:06.500Z,1.0563081502914429,1.5937319993972778
2025-01-20T05:30:07.000Z,0.949156641960144,1.5937319993972778
2025-01-20T05:30:07.500Z,1.0233757495880127,1.5937319993972778
2025-01-20T05:30:08.000Z,0.978719174861908,1.5937319993972778
2025-01-20T05:30:08.500Z,1.0004018545150757,1.5937319993972778
2025-01-20T05:30:09.000Z,1.025060772895813,1.5937319993972778
2025-01-20T05:30:09.500Z,1.0271581411361694,1.5937319993972778
2025-01-20T05:30:10.000Z,1.0231105089187622,1.5937319993972778
2025-01-20T05:30:10.500Z,0.9925923347473145,1.5937319993972778
2025-01-20T05:30:11.000Z,1.1084861755371094,1.5937319993972778
2025-01-20T05:30:11.500Z,1.085750937461853,1.5937319993972778
2025-01-20T05:30:12.000Z,1.1490694284439087,1.5937319993972778
2025-01-20T05:30:12.500Z,0.9987652897834778,1.5937319993972778
2025-01-20T05:30:13.000Z,1.1578996181488037,1.5937319993972778
2025-01-20T05:30:13.500Z,1.0556509494781494,1.5937319993972778
2025-01-20T05:30:14.000Z,1.12868332862854,1.5937319993972778
2025-01-20T05:30:14.500Z,1.0048967599868774,1.5937319993972778
2025-01-20T05:30:15.000Z,1.012817144393921,1.5937319993972778
2025-01-20T05:30:15.500Z,0.9417272210121155,1.5937319993972778
2025-01-20T05:30:16.000Z,1.0352044105529785,1.5937319993972778
2025-01-20T05:30:16.500Z,1.1745020151138306,1.5937319993972778
2025-01-20T05:30:17.000Z,1.0232737064361572,1.5937319993972778
2025-01-20T05:30:17.500Z,0.9079638719558716,1.5937319993972778
2025-01-20T05:30:18.000Z,0.9739643931388855,1.5937319993972778
2025-01-20T05:30:18.500Z,0.9373453855514526,1.5937319993972778
2025-01-20T05:30:19.000Z,1.0033025741577148,1.5937319993972778
2025-01-20T05:30:19.500Z,1.1350271701812744,1.5937319993972778
2025-01-20T05:30:20.000Z,0.9607313871383667,1.5937319993972778
2025-01-20T05:30:20.500Z,0.9653517007827759,1.5937319993972778
2025-01-20T05:30:21.000Z,1.0364326238632202,1.5937319993972778
2025-01-20T05:30:21.500Z,1.072928547859192,1.5937319993972778
2025-01-20T05:30:22.000Z,1.0798547267913818,1.5937319993972778
2025-01-20T05:30:22.500Z,0.9783849716186523,1.5937319993972778
2025-01-20T05:30:23.000Z,0.9542645812034607,1.5937319993972778
2025-01-20T05:30:23.500Z,1.0760515928268433,1.5937319993972778
2025-01-20T05:30:24.000Z,1.0589827299118042,1.5937319993972778
2025-01-20T05:30:24.500Z,1.019303560256958,1.5937319993972778
2025-01-20T05:30:25.000Z,1.0645970106124878,1.5937319993972778
2025-01-20T05:30:25.500Z,1.0118235349655151,1.5937319993972778
2025-01-20T05:30:26.000Z,1.0392227172851562,1.5937319993972778
2025-01-20T05:30:26.500Z,1.0286271572113037,1.5937319993972778
2025-01-20T05:30:27.000Z,0.9333571791648865,1.5937319993972778
2025-01-20T05:30:27.500Z,0.927517831325531,1.5937319993972778
2025-01-20T05:30:28.000Z,1.0082435607910156,1.5937319993972778
2025-01-20T05:30:28.500Z,1.0989922285079956,1.5937319993972778
2025-01-20T05:30:29.000Z,1.059977650642395,1.5937319993972778
2025-01-20T05:30:29.500Z,0.964891254901886,1.5937319993972778
2025-01-20T05:30:30.000Z,1.086844801902771,1.5937319993972778
2025-01-20T05:30:30.500Z,1.0451041460037231,1.5937319993972778
2025-01-20T05:30:31.000Z,1.0588293075561523,1.5937319993972778
2025-01-20T05:30:31.500Z,0.9187359809875488,1.5937319993972778
2025-01-20T05:30:32.000Z,1.05876624584198,1.5937319993972778
2025-01-20T05:30:32.500Z,0.9204793572425842,1.5937319993972778
2025-01-20T05:30:33.000Z,1.1610071659088135,1.5937319993972778
2025-01-20T05:30:33.500Z,1.0325926542282104,1.5937319993972778
2025-01-20T05:30:34.000Z,0.9924728870391846,1.5937319993972778
2025-01-20T05:30:34.500Z,0.9797789454460144,1.5937319993972778
2025-01-20T05:30:35.000Z,1.0771311521530151,1.5937319993972778
2025-01-20T05:30:35.500Z,1.06749427318573,1.5937319993972778
2025-01-20T05:30:36.000Z,0.9057174921035767,1.5937319993972778
2025-01-20T05:30:36.500Z,0.9833833575248718,1.5937319993972778
2025-01-20T05:30:37.000Z,1.0717425346374512,1.5937319993972778
2025-01-20T05:30:37.500Z,1.0336674451828003,1.5937319993972778
2025-01-20T05:30:38.000Z,0.9897474050521851,1.5937319993972778
2025-01-20T05:30:38.500Z,1.0189954042434692,1.5937319993972778
2025-01-20T05:30:39.000Z,0.9401324391365051,1.5937319993972778
2025-01-20T05:30:39.500Z,0.9918114542961121,1.5937319993972778
2025-01-20T05:30:40.000Z,1.1072609424591064,1.5937319993972778
2025-01-20T05:30:40.500Z,1.0188403129577637,1.5937319993972778
2025-01-20T05:30:41.000Z,0.9973077178001404,1.5937319993972778
2025-01-20T05:30:41.500Z,1.0632964372634888,1.5937319993972778
2025-01-20T05:30:42.000Z,1.0136029720306396,1.5937319993972778
2025-01-20T05:30:42.500Z,1.0665453672409058,1.5937319993972778
2025-01-20T05:30:43.000Z,1.0096431970596313,1.5937319993972778
2025-01-20T05:30:43.500Z,1.057584285736084,1.5937319993972778
2025-01-20T05:30:44.000Z,0.9400560259819031,1.5937319993972778
2025-01-20T05:30:44.500Z,1.044256567955017,1.5937319993972778
2025-01-20T05:30:45.000Z,1.1105619668960571,1.5937319993972778
2025-01-20T05:30:45.500Z,1.0338541269302368,1.5937319993972778
2025-01-20T05:30:46.000Z,1.0869075059890747,1.5937319993972778
2025-01-20T05:30:46.500Z,0.9794576168060303,1.5937319993972778
2025-01-20T05:30:47.000Z,0.9343088269233704,1.5937319993972778
2025-01-20T05:30:47.500Z,0.9670032262802124,1.5937319993972778
2025-01-20T05:30:48.000Z,1.057977557182312,1.5937319993972778
2025-01-20T05:30:48.500Z,0.9904857873916626,1.5937319993972778
2025-01-20T05:30:49.000Z,0.9773353338241577,1.5937319993972778
2025-01-20T05:30:49.500Z,0.9594130516052246,1.5937319993972778
2025-01-20T05:30:50.000Z,0.9364795088768005,1.5937319993972778
2025-01-20T05:30:50.500Z,1.019425392150879,1.5937319993972778
2025-01-20T05:30:51.000Z,1.000457763671875,1.5937319993972778
2025-01-20T05:30:51.500Z,0.992969810962677,1.5937319993972778
2025-01-20T05:30:52.000Z,1.0017540454864502,1.5937319993972778
2025-01-20T05:30:52.500Z,1.140623688697815,1.5937319993972778
2025-01-20T05:30:53.000Z,0.9279323220252991,1.5937319993972778
2025-01-20T05:30:53.500Z,1.017028570175171,1.5937319993972778
2025-01-20T05:30:54.000Z,1.0250463485717773,1.5937319993972778
2025-01-20T05:30:54.500Z,1.0092006921768188,1.5937319993972778
2025-01-20T05:30:55.000Z,1.0054371356964111,1.5937319993972778
2025-01-20T05:30:55.500Z,1.066868782043457,1.5937319993972778
2025-01-20T05:30:56.000Z,1.0275787115097046,1.5937319993972778
2025-01-20T05:30:56.500Z,1.092337965965271,1.5937319993972778
2025-01-20T05:30:57.000Z,0.9775189161300659,1.5937319993972778
2025-01-20T05:30:57.500Z,1.1910642385482788,1.5937319993972778
2025-01-20T05:30:58.000Z,0.9821885228157043,1.5937319993972778
2025-01-20T05:30:58.500Z,1.1486340761184692,1.5937319993972778
2025-01-20T05:30:59.000Z,1.0869821310043335,1.5937319993972778
2025-01-20T05:30:59.500Z,0.9378200173377991,1.5937319993972778
2025-01-20T05:31:00.000Z,1.0156118869781494,1.5937319993972778
2025-01-20T05:31:00.500Z,1.0532339811325073,1.5937319993972778
2025-01-20T05:31:01.000Z,0.9793948531150818,1.5937319993972778
2025-01-20T05:31:01.500Z,1.0637710094451904,1.5937319993972778
2025-01-20T05:31:02.000Z,1.0780925750732422,1.5937319993972778
2025-01-20T05:31:02.500Z,0.9602378010749817,1.5937319993972778
2025-01-20T05:31:03.000Z,1.0232889652252197,1.5937319993972778
2025-01-20T05:31:03.500Z,1.105276346206665,1.5937319993972778
2025-01-20T05:31:04.000Z,0.9717370271682739,1.5937319993972778
2025-01-20T05:31:04.500Z,0.9602267146110535,1.5937319993972778
2025-01-20T05:31:05.000Z,0.9396052956581116,1.5937319993972778
2025-01-20T05:31:05.500Z,0.9407046437263489,1.5937319993972778
2025-01-20T05:31:06.000Z,0.9495505094528198,1.5937319993972778
2025-01-20T05:31:06.500Z,0.9543226957321167,1.5937319993972778
2025-01-20T05:31:07.000Z,0.9990905523300171,1.5937319993972778
2025-01-20T05:31:07.500Z,1.0604790449142456,1.5937319993972778
2025-01-20T05:31:08.000Z,0.9678782224655151,1.5937319993972778
2025-01-20T05:31:08.500Z,1.0752226114273071,1.5937319993972778
2025-01-20T05:31:09.000Z,1.0136932134628296,1.5937319993972778
2025-01-20T05:31:09.500Z,1.0474193096160889,1.5937319993972778
2025-01-20T05:31:10.000Z,1.0174317359924316,1.5937319993972778
2025-01-20T05:31:10.500Z,1.045559048652649,1.5937319993972778
2025-01-20T05:31:11.000Z,0.9816651344299316,1.5937319993972778
2025-01-20T05:31:11.500Z,0.9643523693084717,1.5937319993972778
2025-01-20T05:31:12.000Z,1.080430507659912,1.5937319993972778
2025-01-20T05:31:12.500Z,1.1055411100387573,1.5937319993972778
2025-01-20T05:31:13.000Z,1.073036789894104,1.5937319993972778
2025-01-20T05:31:13.500Z,1.0640727281570435,1.5937319993972778
2025-01-20T05:31:14.000Z,1.144976258277893,1.5937319993972778
2025-01-20T05:31:14.500Z,1.1100577116012573,1.5937319993972778
2025-01-20T05:31:15.000Z,1.0736013650894165,1.5937319993972778
2025-01-20T05:31:15.500Z,1.089929223060608,1.5937319993972778
2025-01-20T05:31:16.000Z,1.0536547899246216,1.5937319993972778
2025-01-20T05:31:16.500Z,0.9390108585357666,1.5937319993972778
2025-01-20T05:31:17.000Z,0.9410906434059143,1.5937319993972778
2025-01-20T05:31:17.500Z,0.9264909029006958,1.5937319993972778
2025-01-20T05:31:18.000Z,0.9655534625053406,1.5937319993972778
2025-01-20T05:31:18.500Z,1.0313793420791626,1.5937319993972778
2025-01-20T05:31:19.000Z,1.0184457302093506,1.5937319993972778
2025-01-20T05:31:19.500Z,0.8905678391456604,1.5937319993972778
2025-01-20T05:31:20.000Z,0.9961968660354614,1.5937319993972778
2025-01-20T05:31:20.500Z,0.9017434120178223,1.5937319993972778
2025-01-20T05:31:21.000Z,0.968400239944458,1.5937319993972778
2025-01-20T05:31:21.500Z,0.9583203792572021,1.5937319993972778
2025-01-20T05:31:22.000Z,1.0192408561706543,1.5937319993972778
2025-01-20T05:31:22.500Z,0.8941420912742615,1.5937319993972778
2025-01-20T05:31:23.000Z,0.9901146292686462,1.5937319993972778
2025-01-20T05:31:23.500Z,0.9351170063018799,1.5937319993972778
2025-01-20T05:31:24.000Z,0.9857571721076965,1.5937319993972778
2025-01-20T05:31:24.500Z,0.9791250824928284,1.5937319993972778
2025-01-20T05:31:25.000Z,0.980010449886322,1.5937319993972778
2025-01-20T05:31:25.500Z,1.0208556652069092,1.5937319993972778
2025-01-20T05:31:26.000Z,1.0972998142242432,1.5937319993972778
2025-01-20T05:31:26.500Z,1.0598423480987549,1.5937319993972778
2025-01-20T05:31:27.000Z,1.0576322078704834,1.5937319993972778
2025-01-20T05:31:27.500Z,1.0878013372421265,1.5937319993972778
2025-01-20T05:31:28.000Z,1.094038963317871,1.5937319993972778
2025-01-20T05:31:28.500Z,1.0484027862548828,1.5937319993972778
2025-01-20T05:31:29.000Z,1.0655183792114258,1.5937319993972778
2025-01-20T05:31:29.500Z,1.0880606174468994,1.5937319993972778
2025-01-20T05:31:30.000Z,1.1401406526565552,1.5937319993972778
2025-01-20T05:31:30.500Z,1.0403035879135132,1.5937319993972778
2025-01-20T05:31:31.000Z,1.0132052898406982,1.5937319993972778
2025-01-20T05:31:31.500Z,1.113871455192566,1.5937319993972778
2025-01-20T05:31:32.000Z,1.0526134967803955,1.5937319993972778
2025-01-20T05:31:32.500Z,1.0290184020996094,1.5937319993972778
2025-01-20T05:31:33.000Z,1.0659542083740234,1.5937319993972778
2025-01-20T05:31:33.500Z,1.0121921300888062,1.5937319993972778
2025-01-20T05:31:34.000Z,0.9316609501838684,1.5937319993972778
2025-01-20T05:31:34.500Z,0.9519914388656616,1.5937319993972778
2025-01-20T05:31:35.000Z,0.9722495675086975,1.5937319993972778
2025-01-20T05:31:35.500Z,1.014414668083191,1.5937319993972778
2025-01-20T05:31:36.000Z,0.9336370825767517,1.5937319993972778
2025-01-20T05:31:36.500Z,1.0099021196365356,1.5937319993972778
2025-01-20T05:31:37.000Z,0.9059136509895325,1.5937319993972778
2025-01-20T05:31:37.500Z,0.9509620070457458,1.5937319993972778
2025-01-20T05:31:38.000Z,0.9560495018959045,1.5937319993972778
2025-01-20T05:31:38.500Z,0.9928114414215088,1.5937319993972778
2025-01-20T05:31:39.000Z,0.9916824698448181,1.5937319993972778
2025-01-20T05:31:39.500Z,1.017378568649292,1.5937319993972778
2025-01-20T05:31:40.000Z,1.0068615674972534,1.5937319993972778
2025-01-20T05:31:40.500Z,0.9025947451591492,1.5937319993972778
2025-01-20T05:31:41.000Z,0.9799149632453918,1.5937319993972778
2025-01-20T05:31:41.500Z,1.0070356130599976,1.5937319993972778
2025-01-20T05:31:42.000Z,1.044309377670288,1.5937319993972778
2025-01-20T05:31:42.500Z,1.0003795623779297,1.5937319993972778
2025-01-20T05:31:43.000Z,1.1122674942016602,1.5937319993972778
2025-01-20T05:31:43.500Z,0.9614939093589783,1.5937319993972778
2025-01-20T05:31:44.000Z,0.9188876152038574,1.5937319993972778
2025-01-20T05:31:44.500Z,1.1025722026824951,1.5937319993972778
2025-01-20T05:31:45.000Z,1.0389292240142822,1.5937319993972778
2025-01-20T05:31:45.500Z,1.0672979354858398,1.5937319993972778
2025-01-20T05:31:46.000Z,1.0971555709838867,1.5937319993972778
2025-01-20T05:31:46.500Z,1.0948084592819214,1.5937319993972778
2025-01-20T05:31:47.000Z,1.0784419775009155,1.5937319993972778
2025-01-20T05:31:47.500Z,1.1571862697601318,1.5937319993972778
2025-01-20T05:31:48.000Z,0.9508286714553833,1.5937319993972778
2025-01-20T05:31:48.500Z,1.1063742637634277,1.5937319993972778
2025-01-20T05:31:49.000Z,0.9891532063484192,1.5937319993972778
2025-01-20T05:31:49.500Z,1.1089688539505005,1.5937319993972778
2025-01-20T05:31:50.000Z,1.084559440612793,1.5937319993972778
2025-01-20T05:31:50.500Z,1.0029999017715454,1.5937319993972778
2025-01-20T05:31:51.000Z,1.0113221406936646,1.5937319993972778
2025-01-20T05:31:51.500Z,0.9747790694236755,1.5937319993972778
2025-01-20T05:31:52.000Z,1.0773075819015503,1.5937319993972778
2025-01-20T05:31:52.500Z,1.0556100606918335,1.5937319993972778
2025-01-20T05:31:53.000Z,0.9817497134208679,1.5937319993972778
2025-01-20T05:31:53.500Z,0.9868074059486389,1.5937319993972778
2025-01-20T05:31:54.000Z,0.9758713245391846,1.5937319993972778
2025-01-20T05:31:54.500Z,0.9275289177894592,1.5937319993972778
2025-01-20T05:31:55.000Z,1.0337821245193481,1.5937319993972778
2025-01-20T05:31:55.500Z,1.0160865783691406,1.5937319993972778
2025-01-20T05:31:56.000Z,0.9515442848205566,1.5937319993972778
2025-01-20T05:31:56.500Z,0.9981458783149719,1.5937319993972778
2025-01-20T05:31:57.000Z,0.9659067392349243,1.5937319993972778
2025-01-20T05:31:57.500Z,1.0181164741516113,1.5937319993972778
2025-01-20T05:31:58.000Z,0.9469167590141296,1.5937319993972778
2025-01-20T05:31:58.500Z,1.0392075777053833,1.5937319993972778
2025-01-20T05:31:59.000Z,1.0361257791519165,1.5937319993972778
2025-01-20T05:31:59.500Z,1.0292264223098755,1.5937319993972778
2025-01-20T05:32:00.000Z,1.050833821296692,1.5937319993972778
2025-01-20T05:32:00.500Z,0.9803453087806702,1.5937319993972778
2025-01-20T05:32:01.000Z,1.0287878513336182,1.5937319993972778
2025-01-20T05:32:01.500Z,1.1217488050460815,1.5937319993972778
2025-01-20T05:32:02.000Z,1.0789128541946411,1.5937319993972778
2025-01-20T05:32:02.500Z,1.0012953281402588,1.5937319993972778
2025-01-20T05:32:03.000Z,1.0147745609283447,1.5937319993972778
2025-01-20T05:32:03.500Z,1.037252426147461,1.5937319993972778
2025-01-20T05:32:04.000Z,1.0219614505767822,1.5937319993972778
2025-01-20T05:32:04.500Z,1.0207020044326782,1.5937319993972778
2025-01-20T05:32:05.000Z,1.0318769216537476,1.5937319993972778
2025-01-20T05:32:05.500Z,0.9555186629295349,1.5937319993972778
2025-01-20T05:32:06.000Z,1.0465325117111206,1.5937319993972778
2025-01-20T05:32:06.500Z,0.9738340377807617,1.5937319993972778
2025-01-20T05:32:07.000Z,0.9745590686798096,1.5937319993972778
2025-01-20T05:32:07.500Z,1.1052095890045166,1.5937319993972778
2025-01-20T05:32:08.000Z,1.0433493852615356,1.5937319993972778
2025-01-20T05:32:08.500Z,1.0213764905929565,1.5937319993972778
2025-01-20T05:32:09.000Z,0.9769644737243652,1.5937319993972778
2025-01-20T05:32:09.500Z,0.9515469670295715,1.5937319993972778
2025-01-20T05:32:10.000Z,1.0114718675613403,1.5937319993972778
2025-01-20T05:32:10.500Z,1.0790245532989502,1.5937319993972778
2025-01-20T05:32:11.000Z,1.0705314874649048,1.5937319993972778
2025-01-20T05:32:11.500Z,1.226555347442627,1.5937319993972778
2025-01-20T05:32:12.000Z,1.0537240505218506,1.5937319993972778
2025-01-20T05:32:12.500Z,1.0272108316421509,1.5937319993972778
2025-01-20T05:32:13.000Z,1.0691063404083252,1.5937319993972778
2025-01-20T05:32:13.500Z,0.9788547158241272,1.5937319993972778
2025-01-20T05:32:14.000Z,0.9690706729888916,1.5937319993972778
2025-01-20T05:32:14.500Z,0.9924582242965698,1.5937319993972778
2025-01-20T05:32:15.000Z,1.0604077577590942,1.5937319993972778
2025-01-20T05:32:15.500Z,1.0446380376815796,1.5937319993972778
2025-01-20T05:32:16.000Z,1.0666664838790894,1.5937319993972778
2025-01-20T05:32:16.500Z,1.0261554718017578,1.5937319993972778
2025-01-20T05:32:17.000Z,0.918770432472229,1.5937319993972778
2025-01-20T05:32:17.500Z,1.1189093589782715,1.5937319993972778
2025-01-20T05:32:18.000Z,1.0924911499023438,1.5937319993972778
2025-01-20T05:32:18.500Z,1.0260435342788696,1.5937319993972778
2025-01-20T05:32:19.000Z,1.0416347980499268,1.5937319993972778
2025-01-20T05:32:19.500Z,1.0460702180862427,1.5937319993972778
2025-01-20T05:32:20.000Z,1.0230056047439575,1.5937319993972778
2025-01-20T05:32:20.500Z,1.0992915630340576,1.5937319993972778
2025-01-20T05:32:21.000Z,0.9921673536300659,1.5937319993972778
2025-01-20T05:32:21.500Z,1.0163474082946777,1.5937319993972778
2025-01-20T05:32:22.000Z,1.0183310508728027,1.5937319993972778
2025-01-20T05:32:22.500Z,1.0320454835891724,1.5937319993972778
2025-01-20T05:32:23.000Z,1.055844783782959,1.5937319993972778
2025-01-20T05:32:23.500Z,1.0229204893112183,1.5937319993972778
2025-01-20T05:32:24.000Z,0.9811872243881226,1.5937319993972778
2025-01-20T05:32:24.500Z,0.9959754347801208,1.5937319993972778
2025-01-20T05:32:25.000Z,0.9404531121253967,1.5937319993972778
2025-01-20T05:32:25.500Z,1.0246824026107788,1.5937319993972778
2025-01-20T05:32:26.000Z,1.0342326164245605,1.5937319993972778
2025-01-20T05:32:26.500Z,1.0320762395858765,1.5937319993972778
2025-01-20T05:32:27.000Z,0.9546535611152649,1.5937319993972778
2025-01-20T05:32:27.500Z,0.9940292835235596,1.5937319993972778
2025-01-20T05:32:28.000Z,1.007275938987732,1.5937319993972778
2025-01-20T05:32:28.500Z,1.0659046173095703,1.5937319993972778
2025-01-20T05:32:29.000Z,1.0103060007095337,1.5937319993972778
2025-01-20T05:32:29.500Z,1.1105035543441772,1.5937319993972778
2025-01-20T05:32:30.000Z,1.03044593334198,1.5937319993972778
2025-01-20T05:32:30.500Z,0.9951248168945312,1.5937319993972778
2025-01-20T05:32:31.000Z,0.9938393235206604,1.5937319993972778
2025-01-20T05:32:31.500Z,1.048781394958496,1.5937319993972778
2025-01-20T05:32:32.000Z,1.0195612907409668,1.5937319993972778
2025-01-20T05:32:32.500Z,1.1069000959396362,1.5937319993972778
2025-01-20T05:32:33.000Z,1.0719090700149536,1.5937319993972778
2025-01-20T05:32:33.500Z,0.985374927520752,1.5937319993972778
2025-01-20T05:32:34.000Z,0.9500582218170166,1.5937319993972778
2025-01-20T05:32:34.500Z,0.9871270656585693,1.5937319993972778
2025-01-20T05:32:35.000Z,0.9740298986434937,1.5937319993972778
2025-01-20T05:32:35.500Z,0.9593491554260254,1.5937319993972778
2025-01-20T05:32:36.000Z,0.9446740746498108,1.5937319993972778
2025-01-20T05:32:36.500Z,1.0406639575958252,1.5937319993972778
2025-01-20T05:32:37.000Z,0.9517993927001953,1.5937319993972778
2025-01-20T05:32:37.500Z,1.003084421157837,1.5937319993972778
2025-01-20T05:32:38.000Z,1.1027913093566895,1.5937319993972778
2025-01-20T05:32:38.500Z,0.9161556959152222,1.5937319993972778
2025-01-20T05:32:39.000Z,1.1124355792999268,1.5937319993972778
2025-01-20T05:32:39.500Z,1.0462108850479126,1.5937319993972778
2025-01-20T05:32:40.000Z,1.0159109830856323,1.5937319993972778
2025-01-20T05:32:40.500Z,0.9970123171806335,1.5937319993972778
2025-01-20T05:32:41.000Z,1.060461401939392,1.5937319993972778
2025-01-20T05:32:41.500Z,0.9227256774902344,1.5937319993972778
2025-01-20T05:32:42.000Z,1.1430388689041138,1.5937319993972778
2025-01-20T05:32:42.500Z,0.9926231503486633,1.5937319993972778
2025-01-20T05:32:43.000Z,1.0754417181015015,1.5937319993972778
2025-01-20T05:32:43.500Z,1.04448401927948,1.5937319993972778
2025-01-20T05:32:44.000Z,1.0473556518554688,1.5937319993972778
2025-01-20T05:32:44.500Z,0.9552291035652161,1.5937319993972778
2025-01-20T05:32:45.000Z,1.065914273262024,1.5937319993972778
2025-01-20T05:32:45.500Z,1.0850920677185059,1.5937319993972778
2025-01-20T05:32:46.000Z,0.999459981918335,1.5937319993972778
2025-01-20T05:32:46.500Z,0.980231761932373,1.5937319993972778
2025-01-20T05:32:47.000Z,1.05191969871521,1.5937319993972778
2025-01-20T05:32:47.500Z,1.1749974489212036,1.5937319993972778
2025-01-20T05:32:48.000Z,1.0184067487716675,1.5937319993972778
2025-01-20T05:32:48.500Z,1.0302072763442993,1.5937319993972778
2025-01-20T05:32:49.000Z,1.0955262184143066,1.5937319993972778
2025-01-20T05:32:49.500Z,1.0441619157791138,1.5937319993972778
2025-01-20T05:32:50.000Z,0.9892308115959167,1.5937319993972778
2025-01-20T05:32:50.500Z,0.9451099038124084,1.5937319993972778
2025-01-20T05:32:51.000Z,1.0421956777572632,1.5937319993972778
2025-01-20T05:32:51.500Z,0.9137269258499146,1.5937319993972778
2025-01-20T05:32:52.000Z,1.1813123226165771,1.5937319993972778
2025-01-20T05:32:52.500Z,0.9678539037704468,1.5937319993972778
2025-01-20T05:32:53.000Z,0.9666672348976135,1.5937319993972778
2025-01-20T05:32:53.500Z,0.9951639175415039,1.5937319993972778
2025-01-20T05:32:54.000Z,1.0355920791625977,1.5937319993972778
2025-01-20T05:32:54.500Z,0.9403596520423889,1.5937319993972778
2025-01-20T05:32:55.000Z,0.980620801448822,1.5937319993972778
2025-01-20T05:32:55.500Z,0.9821826815605164,1.5937319993972778
2025-01-20T05:32:56.000Z,0.9824215769767761,1.5937319993972778
2025-01-20T05:32:56.500Z,1.082811951637268,1.5937319993972778
2025-01-20T05:32:57.000Z,1.018350601196289,1.5937319993972778
2025-01-20T05:32:57.500Z,1.0971413850784302,1.5937319993972778
2025-01-20T05:32:58.000Z,1.003617525100708,1.5937319993972778
2025-01-20T05:32:58.500Z,0.8815727233886719,1.5937319993972778
2025-01-20T05:32:59.000Z,1.0523041486740112,1.5937319993972778
2025-01-20T05:32:59.500Z,1.0477720499038696,1.5937319993972778
2025-01-20T05:33:00.000Z,1.1101824045181274,1.5937319993972778
2025-01-20T05:33:00.500Z,0.9988546371459961,1.5937319993972778
2025-01-20T05:33:01.000Z,0.9525711536407471,1.5937319993972778
2025-01-20T05:33:01.500Z,0.9376460313796997,1.5937319993972778
2025-01-20T05:33:02.000Z,1.1116048097610474,1.5937319993972778
2025-01-20T05:33:02.500Z,1.0556213855743408,1.5937319993972778
2025-01-20T05:33:03.000Z,1.067737102508545,1.5937319993972778
2025-01-20T05:33:03.500Z,1.074669361114502,1.5937319993972778
2025-01-20T05:33:04.000Z,1.0038889646530151,1.5937319993972778
2025-01-20T05:33:04.500Z,1.051820158958435,1.5937319993972778
2025-01-20T05:33:05.000Z,0.9793323874473572,1.5937319993972778
2025-01-20T05:33:05.500Z,1.1463333368301392,1.5937319993972778
2025-01-20T05:33:06.000Z,1.0944359302520752,1.5937319993972778
2025-01-20T05:33:06.500Z,1.0380176305770874,1.5937319993972778
2025-01-20T05:33:07.000Z,1.0081226825714111,1.5937319993972778
2025-01-20T05:33:07.500Z,1.1080167293548584,1.5937319993972778
2025-01-20T05:33:08.000Z,1.102278470993042,1.5937319993972778
2025-01-20T05:33:08.500Z,0.9821275472640991,1.5937319993972778
2025-01-20T05:33:09.000Z,0.9354276657104492,1.5937319993972778
2025-01-20T05:33:09.500Z,1.050360918045044,1.5937319993972778
2025-01-20T05:33:10.000Z,0.9833074808120728,1.5937319993972778
2025-01-20T05:33:10.500Z,0.9109197854995728,1.5937319993972778
2025-01-20T05:33:11.000Z,1.0513513088226318,1.5937319993972778
2025-01-20T05:33:11.500Z,1.0009125471115112,1.5937319993972778
2025-01-20T05:33:12.000Z,1.0590084791183472,1.5937319993972778
2025-01-20T05:33:12.500Z,0.9598063230514526,1.5937319993972778
2025-01-20T05:33:13.000Z,0.9949724078178406,1.5937319993972778
2025-01-20T05:33:13.500Z,0.9979634284973145,1.5937319993972778
2025-01-20T05:33:14.000Z,0.8864182829856873,1.5937319993972778
2025-01-20T05:33:14.500Z,1.0150800943374634,1.5937319993972778
2025-01-20T05:33:15.000Z,1.0628128051757812,1.5937319993972778
2025-01-20T05:33:15.500Z,0.9728377461433411,1.5937319993972778
2025-01-20T05:33:16.000Z,1.063729166984558,1.5937319993972778
2025-01-20T05:33:16.500Z,1.2240840196609497,1.5937319993972778
2025-01-20T05:33:17.000Z,1.0531835556030273,1.5937319993972778
2025-01-20T05:33:17.500Z,1.0042524337768555,1.5937319993972778
2025-01-20T05:33:18.000Z,1.0312249660491943,1.5937319993972778
2025-01-20T05:33:18.500Z,1.0391947031021118,1.5937319993972778
2025-01-20T05:33:19.000Z,1.108808994293213,1.5937319993972778
2025-01-20T05:33:19.500Z,1.0476988554000854,1.5937319993972778
2025-01-20T05:33:20.000Z,1.056601881980896,1.5937319993972778
2025-01-20T05:33:20.500Z,0.9143521189689636,1.5937319993972778
2025-01-20T05:33:21.000Z,1.027371883392334,1.5937319993972778
2025-01-20T05:33:21.500Z,1.011106252670288,1.5937319993972778
2025-01-20T05:33:22.000Z,0.8613013029098511,1.5937319993972778
2025-01-20T05:33:22.500Z,1.0234720706939697,1.5937319993972778
2025-01-20T05:33:23.000Z,1.0490334033966064,1.5937319993972778
2025-01-20T05:33:23.500Z,1.005414605140686,1.5937319993972778
2025-01-20T05:33:24.000Z,1.0609022378921509,1.5937319993972778
2025-01-20T05:33:24.500Z,0.9487028121948242,1.5937319993972778
2025-01-20T05:33:25.000Z,0.9893632531166077,1.5937319993972778
2025-01-20T05:33:25.500Z,0.977085530757904,1.5937319993972778
2025-01-20T05:33:26.000Z,0.9801064133644104,1.5937319993972778
2025-01-20T05:33:26.500Z,0.9544088244438171,1.5937319993972778
2025-01-20T05:33:27.000Z,0.9883256554603577,1.5937319993972778
2025-01-20T05:33:27.500Z,0.9588956832885742,1.5937319993972778
2025-01-20T05:33:28.000Z,1.051024079322815,1.5937319993972778
2025-01-20T05:33:28.500Z,0.9733901023864746,1.5937319993972778
2025-01-20T05:33:29.000Z,0.9553824067115784,1.5937319993972778
2025-01-20T05:33:29.500Z,0.9443380832672119,1.5937319993972778
2025-01-20T05:33:30.000Z,1.0599212646484375,1.5937319993972778
2025-01-20T05:33:30.500Z,0.9718761444091797,1.5937319993972778
2025-01-20T05:33:31.000Z,0.9894515872001648,1.5937319993972778
2025-01-20T05:33:31.500Z,0.9442817568778992,1.5937319993972778
2025-01-20T05:33:32.000Z,0.9827505350112915,1.5937319993972778
2025-01-20T05:33:32.500Z,1.088256597518921,1.5937319993972778
2025-01-20T05:33:33.000Z,1.0976977348327637,1.5937319993972778
2025-01-20T05:33:33.500Z,1.0423221588134766,1.5937319993972778
2025-01-20T05:33:34.000Z,1.0210267305374146,1.5937319993972778
2025-01-20T05:33:34.500Z,1.0232187509536743,1.5937319993972778
2025-01-20T05:33:35.000Z,1.097415566444397,1.5937319993972778
2025-01-20T05:33:35.500Z,0.9235566258430481,1.5937319993972778
2025-01-20T05:33:36.000Z,1.0219303369522095,1.5937319993972778
2025-01-20T05:33:36.500Z,1.097241759300232,1.5937319993972778
2025-01-20T05:33:37.000Z,0.9194470047950745,1.5937319993972778
2025-01-20T05:33:37.500Z,0.9443530440330505,1.5937319993972778
2025-01-20T05:33:38.000Z,0.9945813417434692,1.5937319993972778
2025-01-20T05:33:38.500Z,0.9655216336250305,1.5937319993972778
2025-01-20T05:33:39.000Z,0.9880324602127075,1.5937319993972778
2025-01-20T05:33:39.500Z,1.0325676202774048,1.5937319993972778
2025-01-20T05:33:40.000Z,0.984287440776825,1.5937319993972778
2025-01-20T05:33:40.500Z,1.0176398754119873,1.5937319993972778
2025-01-20T05:33:41.000Z,1.125380277633667,1.5937319993972778
2025-01-20T05:33:41.500Z,1.0083893537521362,1.5937319993972778
2025-01-20T05:33:42.000Z,0.9159613251686096,1.5937319993972778
2025-01-20T05:33:42.500Z,1.0350098609924316,1.5937319993972778
2025-01-20T05:33:43.000Z,1.0488382577896118,1.5937319993972778
2025-01-20T05:33:43.500Z,1.0898205041885376,1.5937319993972778
2025-01-20T05:33:44.000Z,1.1245064735412598,1.5937319993972778
2025-01-20T05:33:44.500Z,1.0034093856811523,1.5937319993972778
2025-01-20T05:33:45.000Z,1.0287861824035645,1.5937319993972778
2025-01-20T05:33:45.500Z,1.1339854001998901,1.5937319993972778
2025-01-20T05:33:46.000Z,1.0234553813934326,1.5937319993972778
2025-01-20T05:33:46.500Z,1.1213469505310059,1.5937319993972778
2025-01-20T05:33:47.000Z,1.119767665863037,1.5937319993972778
2025-01-20T05:33:47.500Z,1.0858887434005737,1.5937319993972778
2025-01-20T05:33:48.000Z,1.0025944709777832,1.5937319993972778
2025-01-20T05:33:48.500Z,1.0697741508483887,1.5937319993972778
2025-01-20T05:33:49.000Z,0.9861210584640503,1.5937319993972778
2025-01-20T05:33:49.500Z,0.9581485390663147,1.5937319993972778
2025-01-20T05:33:50.000Z,1.1419328451156616,1.5937319993972778
2025-01-20T05:33:50.500Z,1.066678762435913,1.5937319993972778
2025-01-20T05:33:51.000Z,0.936982274055481,1.5937319993972778
2025-01-20T05:33:51.500Z,1.0699422359466553,1.5937319993972778
2025-01-20T05:33:52.000Z,0.977272093296051,1.5937319993972778
2025-01-20T05:33:52.500Z,1.0435296297073364,1.5937319993972778
2025-01-20T05:33:53.000Z,0.9482556581497192,1.5937319993972778
2025-01-20T05:33:53.500Z,0.9705331921577454,1.5937319993972778
2025-01-20T05:33:54.000Z,1.097954511642456,1.5937319993972778
2025-01-20T05:33:54.500Z,0.964817225933075,1.5937319993972778
2025-01-20T05:33:55.000Z,0.9574944376945496,1.5937319993972778
2025-01-20T05:33:55.500Z,0.8830491900444031,1.5937319993972778
2025-01-20T05:33:56.000Z,1.0659894943237305,1.5937319993972778
2025-01-20T05:33:56.500Z,1.009207844734192,1.5937319993972778
2025-01-20T05:33:57.000Z,0.9843809604644775,1.5937319993972778
2025-01-20T05:33:57.500Z,0.8917981386184692,1.5937319993972778
2025-01-20T05:33:58.000Z,1.081362009048462,1.5937319993972778
2025-01-20T05:33:58.500Z,1.047521948814392,1.5937319993972778
2025-01-20T05:33:59.000Z,1.116947889328003,1.5937319993972778
2025-01-20T05:33:59.500Z,1.0439218282699585,1.5937319993972778
2025-01-20T05:34:00.000Z,1.0483146905899048,1.5937319993972778
2025-01-20T05:34:00.500Z,0.9620609879493713,1.5937319993972778
2025-01-20T05:34:01.000Z,0.9399454593658447,1.5937319993972778
2025-01-20T05:34:01.500Z,1.0517915487289429,1.5937319993972778
2025-01-20T05:34:02.000Z,0.9197721481323242,1.5937319993972778
2025-01-20T05:34:02.500Z,1.0019654035568237,1.5937319993972778
2025-01-20T05:34:03.000Z,0.9961147904396057,1.5937319993972778
2025-01-20T05:34:03.500Z,1.0023049116134644,1.5937319993972778
2025-01-20T05:34:04.000Z,1.0466099977493286,1.5937319993972778
2025-01-20T05:34:04.500Z,0.9737809896469116,1.5937319993972778
2025-01-20T05:34:05.000Z,1.0177693367004395,1.5937319993972778
2025-01-20T05:34:05.500Z,1.0570188760757446,1.5937319993972778
2025-01-20T05:34:06.000Z,1.0894289016723633,1.5937319993972778
2025-01-20T05:34:06.500Z,1.085541844367981,1.5937319993972778
2025-01-20T05:34:07.000Z,1.0051703453063965,1.5937319993972778
2025-01-20T05:34:07.500Z,1.0075801610946655,1.5937319993972778
2025-01-20T05:34:08.000Z,1.1421847343444824,1.5937319993972778
2025-01-20T05:34:08.500Z,1.08884596824646,1.5937319993972778
2025-01-20T05:34:09.000Z,1.1197247505187988,1.5937319993972778
2025-01-20T05:34:09.500Z,1.0524983406066895,1.5937319993972778
2025-01-20T05:34:10.000Z,0.9589000940322876,1.5937319993972778
2025-01-20T05:34:10.500Z,1.0551247596740723,1.5937319993972778
2025-01-20T05:34:11.000Z,1.004772663116455,1.5937319993972778
2025-01-20T05:34:11.500Z,1.0068777799606323,1.5937319993972778
2025-01-20T05:34:12.000Z,1.0188254117965698,1.5937319993972778
2025-01-20T05:34:12.500Z,1.0571467876434326,1.5937319993972778
2025-01-20T05:34:13.000Z,1.0424416065216064,1.5937319993972778
2025-01-20T05:34:13.500Z,1.1498403549194336,1.5937319993972778
2025-01-20T05:34:14.000Z,0.9614686965942383,1.5937319993972778
2025-01-20T05:34:14.500Z,1.0358332395553589,1.5937319993972778
2025-01-20T05:34:15.000Z,0.995120644569397,1.5937319993972778
2025-01-20T05:34:15.500Z,0.9139916300773621,1.5937319993972778
2025-01-20T05:34:16.000Z,1.0088906288146973,1.5937319993972778
2025-01-20T05:34:16.500Z,0.9641258120536804,1.5937319993972778
2025-01-20T05:34:17.000Z,1.015465259552002,1.5937319993972778
2025-01-20T05:34:17.500Z,0.9441885948181152,1.5937319993972778
2025-01-20T05:34:18.000Z,1.0536226034164429,1.5937319993972778
2025-01-20T05:34:18.500Z,1.0855449438095093,1.5937319993972778
2025-01-20T05:34:19.000Z,1.0658785104751587,1.5937319993972778
2025-01-20T05:34:19.500Z,1.031890630722046,1.5937319993972778
2025-01-20T05:34:20.000Z,1.1001982688903809,1.5937319993972778
2025-01-20T05:34:20.500Z,1.026813268661499,1.5937319993972778
2025-01-20T05:34:21.000Z,1.0475527048110962,1.5937319993972778
2025-01-20T05:34:21.500Z,1.0306084156036377,1.5937319993972778
2025-01-20T05:34:22.000Z,0.9178947806358337,1.5937319993972778
2025-01-20T05:34:22.500Z,1.0428868532180786,1.5937319993972778
2025-01-20T05:34:23.000Z,1.0465989112854004,1.5937319993972778
2025-01-20T05:34:23.500Z,0.9750294089317322,1.5937319993972778
2025-01-20T05:34:24.000Z,0.8689256906509399,1.5937319993972778
2025-01-20T05:34:24.500Z,0.9014290571212769,1.5937319993972778
2025-01-20T05:34:25.000Z,1.0378886461257935,1.5937319993972778
2025-01-20T05:34:25.500Z,1.0237864255905151,1.5937319993972778
2025-01-20T05:34:26.000Z,1.0413819551467896,1.5937319993972778
2025-01-20T05:34:26.500Z,1.0349479913711548,1.5937319993972778
2025-01-20T05:34:27.000Z,0.9968923330307007,1.5937319993972778
2025-01-20T05:34:27.500Z,1.0349175930023193,1.5937319993972778
2025-01-20T05:34:28.000Z,1.0176786184310913,1.5937319993972778
2025-01-20T05:34:28.500Z,0.9895303845405579,1.5937319993972778
2025-01-20T05:34:29.000Z,0.9911518096923828,1.5937319993972778
2025-01-20T05:34:29.500Z,0.894474983215332,1.5937319993972778
2025-01-20T05:34:30.000Z,1.0422327518463135,1.5937319993972778
2025-01-20T05:34:30.500Z,1.0920077562332153,1.5937319993972778
2025-01-20T05:34:31.000Z,1.131911039352417,1.5937319993972778
2025-01-20T05:34:31.500Z,0.9807429313659668,1.5937319993972778
2025-01-20T05:34:32.000Z,1.0576633214950562,1.5937319993972778
2025-01-20T05:34:32.500Z,1.026239037513733,1.5937319993972778
2025-01-20T05:34:33.000Z,0.952593207359314,1.5937319993972778
2025-01-20T05:34:33.500Z,0.9817467331886292,1.5937319993972778
2025-01-20T05:34:34.000Z,1.0267473459243774,1.5937319993972778
2025-01-20T05:34:34.500Z,1.047524333000183,1.5937319993972778
2025-01-20T05:34:35.000Z,1.0282411575317383,1.5937319993972778
2025-01-20T05:34:35.500Z,0.9885274767875671,1.5937319993972778
2025-01-20T05:34:36.000Z,1.196468710899353,1.5937319993972778
2025-01-20T05:34:36.500Z,0.9382683038711548,1.5937319993972778
2025-01-20T05:34:37.000Z,0.9836632609367371,1.5937319993972778
2025-01-20T05:34:37.500Z,0.9742684364318848,1.5937319993972778
2025-01-20T05:34:38.000Z,1.004852056503296,1.5937319993972778
2025-01-20T05:34:38.500Z,1.0806522369384766,1.5937319993972778
2025-01-20T05:34:39.000Z,1.0404573678970337,1.5937319993972778
2025-01-20T05:34:39.500Z,0.9985895752906799,1.5937319993972778
2025-01-20T05:34:40.000Z,1.0974304676055908,1.5937319993972778
2025-01-20T05:34:40.500Z,0.9896302819252014,1.5937319993972778
2025-01-20T05:34:41.000Z,1.0995497703552246,1.5937319993972778
2025-01-20T05:34:41.500Z,1.1236588954925537,1.5937319993972778
2025-01-20T05:34:42.000Z,0.9798368215560913,1.5937319993972778
2025-01-20T05:34:42.500Z,1.0085188150405884,1.5937319993972778
2025-01-20T05:34:43.000Z,1.055659532546997,1.5937319993972778
2025-01-20T05:34:43.500Z,0.988978385925293,1.5937319993972778
2025-01-20T05:34:44.000Z,1.004197359085083,1.5937319993972778
2025-01-20T05:34:44.500Z,1.047498106956482,1.5937319993972778
2025-01-20T05:34:45.000Z,0.9767217636108398,1.5937319993972778
2025-01-20T05:34:45.500Z,1.0012540817260742,1.5937319993972778
2025-01-20T05:34:46.000Z,1.062736988067627,1.5937319993972778
2025-01-20T05:34:46.500Z,1.056362509727478,1.5937319993972778
2025-01-20T05:34:47.000Z,0.988501250743866,1.5937319993972778
2025-01-20T05:34:47.500Z,1.1386573314666748,1.5937319993972778
2025-01-20T05:34:48.000Z,1.0252596139907837,1.5937319993972778
2025-01-20T05:34:48.500Z,0.982856035232544,1.5937319993972778
2025-01-20T05:34:49.000Z,1.0566767454147339,1.5937319993972778
2025-01-20T05:34:49.500Z,0.9749925136566162,1.5937319993972778
2025-01-20T05:34:50.000Z,0.9712939262390137,1.5937319993972778
2025-01-20T05:34:50.500Z,1.0553932189941406,1.5937319993972778
2025-01-20T05:34:51.000Z,0.9382119178771973,1.5937319993972778
2025-01-20T05:34:51.500Z,1.1047818660736084,1.5937319993972778
2025-01-20T05:34:52.000Z,1.0109130144119263,1.5937319993972778
2025-01-20T05:34:52.500Z,1.1671271324157715,1.5937319993972778
2025-01-20T05:34:53.000Z,1.076801061630249,1.5937319993972778
2025-01-20T05:34:53.500Z,1.066735863685608,1.5937319993972778
2025-01-20T05:34:54.000Z,0.9977436661720276,1.5937319993972778
2025-01-20T05:34:54.500Z,1.0640488862991333,1.5937319993972778
2025-01-20T05:34:55.000Z,1.012939214706421,1.5937319993972778
2025-01-20T05:34:55.500Z,0.9667009115219116,1.5937319993972778
2025-01-20T05:34:56.000Z,0.9703583717346191,1.5937319993972778
2025-01-20T05:34:56.500Z,1.0007222890853882,1.5937319993972778
2025-01-20T05:34:57.000Z,0.8836898803710938,1.5937319993972778
2025-01-20T05:34:57.500Z,1.0364538431167603,1.5937319993972778
2025-01-20T05:34:58.000Z,1.0917452573776245,1.5937319993972778
2025-01-20T05:34:58.500Z,0.964751660823822,1.5937319993972778
2025-01-20T05:34:59.000Z,1.040735125541687,1.5937319993972778
2025-01-20T05:34:59.500Z,1.0321931838989258,1.5937319993972778
2025-01-20T05:35:00.000Z,1.1549423933029175,1.5937319993972778
2025-01-20T05:35:00.500Z,1.0963879823684692,1.5937319993972778
2025-01-20T05:35:01.000Z,0.9416403770446777,1.5937319993972778
2025-01-20T05:35:01.500Z,1.0669361352920532,1.5937319993972778
2025-01-20T05:35:02.000Z,0.9947549104690552,1.5937319993972778
2025-01-20T05:35:02.500Z,1.0534660816192627,1.5937319993972778
2025-01-20T05:35:03.000Z,1.0293693542480469,1.5937319993972778
2025-01-20T05:35:03.500Z,1.094159483909607,1.5937319993972778
2025-01-20T05:35:04.000Z,1.0814566612243652,1.5937319993972778
2025-01-20T05:35:04.500Z,1.1027995347976685,1.5937319993972778
2025-01-20T05:35:05.000Z,1.138726830482483,1.5937319993972778
2025-01-20T05:35:05.500Z,1.0533751249313354,1.5937319993972778
2025-01-20T05:35:06.000Z,1.089824914932251,1.5937319993972778
2025-01-20T05:35:06.500Z,1.0007942914962769,1.5937319993972778
2025-01-20T05:35:07.000Z,1.0786997079849243,1.5937319993972778
2025-01-20T05:35:07.500Z,1.063739538192749,1.5937319993972778
2025-01-20T05:35:08.000Z,1.044358730316162,1.5937319993972778
2025-01-20T05:35:08.500Z,0.9839211702346802,1.5937319993972778
2025-01-20T05:35:09.000Z,0.8731170892715454,1.5937319993972778
2025-01-20T05:35:09.500Z,1.0523018836975098,1.5937319993972778
2025-01-20T05:35:10.000Z,1.024179220199585,1.5937319993972778
2025-01-20T05:35:10.500Z,0.9535554647445679,1.5937319993972778
2025-01-20T05:35:11.000Z,1.0316132307052612,1.5937319993972778
2025-01-20T05:35:11.500Z,1.0094070434570312,1.5937319993972778
2025-01-20T05:35:12.000Z,1.0001763105392456,1.5937319993972778
2025-01-20T05:35:12.500Z,1.0467662811279297,1.5937319993972778
2025-01-20T05:35:13.000Z,1.0208251476287842,1.5937319993972778
2025-01-20T05:35:13.500Z,1.254207968711853,1.5937319993972778
2025-01-20T05:35:14.000Z,0.9508442878723145,1.5937319993972778
2025-01-20T05:35:14.500Z,0.9680428504943848,1.5937319993972778
2025-01-20T05:35:15.000Z,1.0176106691360474,1.5937319993972778
2025-01-20T05:35:15.500Z,0.9549066424369812,1.5937319993972778
2025-01-20T05:35:16.000Z,1.0329186916351318,1.5937319993972778
2025-01-20T05:35:16.500Z,1.0262616872787476,1.5937319993972778
2025-01-20T05:35:17.000Z,1.0342172384262085,1.5937319993972778
2025-01-20T05:35:17.500Z,1.1058518886566162,1.5937319993972778
2025-01-20T05:35:18.000Z,0.9316174983978271,1.5937319993972778
2025-01-20T05:35:18.500Z,0.8717018961906433,1.5937319993972778
2025-01-20T05:35:19.000Z,1.0206739902496338,1.5937319993972778
2025-01-20T05:35:19.500Z,1.0340795516967773,1.5937319993972778
2025-01-20T05:35:20.000Z,1.0938992500305176,1.5937319993972778
2025-01-20T05:35:20.500Z,0.9144196510314941,1.5937319993972778
2025-01-20T05:35:21.000Z,0.9924979209899902,1.5937319993972778
2025-01-20T05:35:21.500Z,1.0200618505477905,1.5937319993972778
2025-01-20T05:35:22.000Z,0.9028210043907166,1.5937319993972778
2025-01-20T05:35:22.500Z,1.0283153057098389,1.5937319993972778
2025-01-20T05:35:23.000Z,0.9784853458404541,1.5937319993972778
2025-01-20T05:35:23.500Z,1.0282831192016602,1.5937319993972778
2025-01-20T05:35:24.000Z,0.9901719689369202,1.5937319993972778
2025-01-20T05:35:24.500Z,0.9393996000289917,1.5937319993972778
2025-01-20T05:35:25.000Z,0.978192150592804,1.5937319993972778
2025-01-20T05:35:25.500Z,0.9975838661193848,1.5937319993972778
2025-01-20T05:35:26.000Z,1.0988743305206299,1.5937319993972778
2025-01-20T05:35:26.500Z,1.0765842199325562,1.5937319993972778
2025-01-20T05:35:27.000Z,1.0601698160171509,1.5937319993972778
2025-01-20T05:35:27.500Z,1.0818289518356323,1.5937319993972778
2025-01-20T05:35:28.000Z,0.9768920540809631,1.5937319993972778
2025-01-20T05:35:28.500Z,1.0589035749435425,1.5937319993972778
2025-01-20T05:35:29.000Z,1.0253161191940308,1.5937319993972778
2025-01-20T05:35:29.500Z,1.125713586807251,1.5937319993972778
2025-01-20T05:35:30.000Z,0.9756549596786499,1.5937319993972778
2025-01-20T05:35:30.500Z,0.932338297367096,1.5937319993972778
2025-01-20T05:35:31.000Z,1.0563552379608154,1.5937319993972778
2025-01-20T05:35:31.500Z,0.9201004505157471,1.5937319993972778
2025-01-20T05:35:32.000Z,0.9434916377067566,1.5937319993972778
2025-01-20T05:35:32.500Z,0.9680827856063843,1.5937319993972778
2025-01-20T05:35:33.000Z,0.9336006045341492,1.5937319993972778
2025-01-20T05:35:33.500Z,0.9864346385002136,1.5937319993972778
2025-01-20T05:35:34.000Z,0.9818886518478394,1.5937319993972778
2025-01-20T05:35:34.500Z,0.9569933414459229,1.5937319993972778
2025-01-20T05:35:35.000Z,1.0568273067474365,1.5937319993972778
2025-01-20T05:35:35.500Z,0.949121356010437,1.5937319993972778
2025-01-20T05:35:36.000Z,1.0485689640045166,1.5937319993972778
2025-01-20T05:35:36.500Z,0.9981134533882141,1.5937319993972778
2025-01-20T05:35:37.000Z,1.0479693412780762,1.5937319993972778
2025-01-20T05:35:37.500Z,0.9767975807189941,1.5937319993972778
2025-01-20T05:35:38.000Z,0.9449480772018433,1.5937319993972778
2025-01-20T05:35:38.500Z,0.9897804260253906,1.5937319993972778
2025-01-20T05:35:39.000Z,1.0384427309036255,1.5937319993972778
2025-01-20T05:35:39.500Z,0.9641451239585876,1.5937319993972778
2025-01-20T05:35:40.000Z,0.9909932017326355,1.5937319993972778
2025-01-20T05:35:40.500Z,1.1642556190490723,1.5937319993972778
2025-01-20T05:35:41.000Z,1.068507194519043,1.5937319993972778
2025-01-20T05:35:41.500Z,1.1177490949630737,1.5937319993972778
2025-01-20T05:35:42.000Z,1.1004934310913086,1.5937319993972778
2025-01-20T05:35:42.500Z,0.9918224215507507,1.5937319993972778
2025-01-20T05:35:43.000Z,1.1755542755126953,1.5937319993972778
2025-01-20T05:35:43.500Z,1.0677486658096313,1.5937319993972778
2025-01-20T05:35:44.000Z,1.0446969270706177,1.5937319993972778
2025-01-20T05:35:44.500Z,1.004433512687683,1.5937319993972778
2025-01-20T05:35:45.000Z,1.0050950050354004,1.5937319993972778
2025-01-20T05:35:45.500Z,1.0715516805648804,1.5937319993972778
2025-01-20T05:35:46.000Z,1.0256129503250122,1.5937319993972778
2025-01-20T05:35:46.500Z,0.9101698398590088,1.5937319993972778
2025-01-20T05:35:47.000Z,1.0131040811538696,1.5937319993972778
2025-01-20T05:35:47.500Z,1.0191787481307983,1.5937319993972778
2025-01-20T05:35:48.000Z,1.0958213806152344,1.5937319993972778
2025-01-20T05:35:48.500Z,0.9699355363845825,1.5937319993972778
2025-01-20T05:35:49.000Z,1.0124021768569946,1.5937319993972778
2025-01-20T05:35:49.500Z,0.9580175280570984,1.5937319993972778
2025-01-20T05:35:50.000Z,1.0881410837173462,1.5937319993972778
2025-01-20T05:35:50.500Z,0.9785662889480591,1.5937319993972778
2025-01-20T05:35:51.000Z,1.0979866981506348,1.5937319993972778
2025-01-20T05:35:51.500Z,1.0864858627319336,1.5937319993972778
2025-01-20T05:35:52.000Z,1.0502383708953857,1.5937319993972778
2025-01-20T05:35:52.500Z,1.017795205116272,1.5937319993972778
2025-01-20T05:35:53.000Z,0.9637959599494934,1.5937319993972778
2025-01-20T05:35:53.500Z,1.0041793584823608,1.5937319993972778
2025-01-20T05:35:54.000Z,1.026940107345581,1.5937319993972778
2025-01-20T05:35:54.500Z,1.0598679780960083,1.5937319993972778
2025-01-20T05:35:55.000Z,1.0920119285583496,1.5937319993972778
2025-01-20T05:35:55.500Z,1.0887154340744019,1.5937319993972778
2025-01-20T05:35:56.000Z,0.9708033204078674,1.5937319993972778
2025-01-20T05:35:56.500Z,0.9536417126655579,1.5937319993972778
2025-01-20T05:35:57.000Z,1.0034644603729248,1.5937319993972778
2025-01-20T05:35:57.500Z,1.0139977931976318,1.5937319993972778
2025-01-20T05:35:58.000Z,0.9396778345108032,1.5937319993972778
2025-01-20T05:35:58.500Z,1.051759958267212,1.5937319993972778
2025-01-20T05:35:59.000Z,1.0498822927474976,1.5937319993972778
2025-01-20T05:35:59.500Z,0.9916366934776306,1.5937319993972778
2025-01-20T05:36:00.000Z,0.9611523747444153,1.5937319993972778
2025-01-20T05:36:00.500Z,1.0892539024353027,1.5937319993972778
2025-01-20T05:36:01.000Z,1.2255488634109497,1.5937319993972778
2025-01-20T05:36:01.500Z,1.0567076206207275,1.5937319993972778
2025-01-20T05:36:02.000Z,0.9974012970924377,1.5937319993972778
2025-01-20T05:36:02.500Z,1.0375109910964966,1.5937319993972778
2025-01-20T05:36:03.000Z,1.1963130235671997,1.5937319993972778
2025-01-20T05:36:03.500Z,1.0741302967071533,1.5937319993972778
2025-01-20T05:36:04.000Z,1.010191798210144,1.5937319993972778
2025-01-20T05:36:04.500Z,0.9303211569786072,1.5937319993972778
2025-01-20T05:36:05.000Z,0.9825812578201294,1.5937319993972778
2025-01-20T05:36:05.500Z,1.0520037412643433,1.5937319993972778
2025-01-20T05:36:06.000Z,1.0723401308059692,1.5937319993972778
2025-01-20T05:36:06.500Z,1.0117202997207642,1.5937319993972778
2025-01-20T05:36:07.000Z,1.0106133222579956,1.5937319993972778
2025-01-20T05:36:07.500Z,1.1501792669296265,1.5937319993972778
2025-01-20T05:36:08.000Z,0.871286153793335,1.5937319993972778
2025-01-20T05:36:08.500Z,1.0045047998428345,1.5937319993972778
2025-01-20T05:36:09.000Z,0.9874523282051086,1.5937319993972778
2025-01-20T05:36:09.500Z,0.989227294921875,1.5937319993972778
2025-01-20T05:36:10.000Z,1.0347355604171753,1.5937319993972778
2025-01-20T05:36:10.500Z,0.9426116347312927,1.5937319993972778
2025-01-20T05:36:11.000Z,1.0319669246673584,1.5937319993972778
2025-01-20T05:36:11.500Z,1.0146636962890625,1.5937319993972778
2025-01-20T05:36:12.000Z,0.9611359238624573,1.5937319993972778
2025-01-20T05:36:12.500Z,1.006253719329834,1.5937319993972778
2025-01-20T05:36:13.000Z,1.1163250207901,1.5937319993972778
2025-01-20T05:36:13.500Z,0.9334800839424133,1.5937319993972778
2025-01-20T05:36:14.000Z,1.0225690603256226,1.5937319993972778
2025-01-20T05:36:14.500Z,0.9673343300819397,1.5937319993972778
2025-01-20T05:36:15.000Z,0.9481831789016724,1.5937319993972778
2025-01-20T05:36:15.500Z,1.0665899515151978,1.5937319993972778
2025-01-20T05:36:16.000Z,1.0374858379364014,1.5937319993972778
2025-01-20T05:36:16.500Z,0.9883192181587219,1.5937319993972778
2025-01-20T05:36:17.000Z,0.9875908493995667,1.5937319993972778
2025-01-20T05:36:17.500Z,0.9903398752212524,1.5937319993972778
2025-01-20T05:36:18.000Z,1.0046453475952148,1.5937319993972778
2025-01-20T05:36:18.500Z,1.153128981590271,1.5937319993972778
2025-01-20T05:36:19.000Z,1.0669775009155273,1.5937319993972778
2025-01-20T05:36:19.500Z,0.986728847026825,1.5937319993972778
2025-01-20T05:36:20.000Z,1.0602612495422363,1.5937319993972778
2025-01-20T05:36:20.500Z,0.9914065003395081,1.5937319993972778
2025-01-20T05:36:21.000Z,0.9989392161369324,1.5937319993972778
2025-01-20T05:36:21.500Z,0.9777677655220032,1.5937319993972778
2025-01-20T05:36:22.000Z,1.0375566482543945,1.5937319993972778
2025-01-20T05:36:22.500Z,0.9700820446014404,1.5937319993972778
2025-01-20T05:36:23.000Z,0.9856537580490112,1.5937319993972778
2025-01-20T05:36:23.500Z,1.0874592065811157,1.5937319993972778
2025-01-20T05:36:24.000Z,1.0381524562835693,1.5937319993972778
2025-01-20T05:36:24.500Z,0.9980728030204773,1.5937319993972778
2025-01-20T05:36:25.000Z,0.9335620403289795,1.5937319993972778
2025-01-20T05:36:25.500Z,1.0302616357803345,1.5937319993972778
2025-01-20T05:36:26.000Z,1.05498468875885,1.5937319993972778
2025-01-20T05:36:26.500Z,0.9982044100761414,1.5937319993972778
2025-01-20T05:36:27.000Z,1.0273115634918213,1.5937319993972778
2025-01-20T05:36:27.500Z,1.0112855434417725,1.5937319993972778
2025-01-20T05:36:28.000Z,1.078208565711975,1.5937319993972778
2025-01-20T05:36:28.500Z,0.9867568612098694,1.5937319993972778
2025-01-20T05:36:29.000Z,0.952974259853363,1.5937319993972778
2025-01-20T05:36:29.500Z,1.038129210472107,1.5937319993972778
2025-01-20T05:36:30.000Z,1.0302287340164185,1.5937319993972778
2025-01-20T05:36:30.500Z,1.019240379333496,1.5937319993972778
2025-01-20T05:36:31.000Z,1.0352598428726196,1.5937319993972778
2025-01-20T05:36:31.500Z,1.0084152221679688,1.5937319993972778
2025-01-20T05:36:32.000Z,1.0263147354125977,1.5937319993972778
2025-01-20T05:36:32.500Z,1.0790826082229614,1.5937319993972778
2025-01-20T05:36:33.000Z,1.0227179527282715,1.5937319993972778
2025-01-20T05:36:33.500Z,0.9419461488723755,1.5937319993972778
2025-01-20T05:36:34.000Z,1.0596790313720703,1.5937319993972778
2025-01-20T05:36:34.500Z,0.9453340768814087,1.5937319993972778
2025-01-20T05:36:35.000Z,1.0084266662597656,1.5937319993972778
2025-01-20T05:36:35.500Z,0.9578310251235962,1.5937319993972778
2025-01-20T05:36:36.000Z,1.0024569034576416,1.5937319993972778
2025-01-20T05:36:36.500Z,1.1668988466262817,1.5937319993972778
2025-01-20T05:36:37.000Z,1.0114346742630005,1.5937319993972778
2025-01-20T05:36:37.500Z,0.9534018039703369,1.5937319993972778
2025-01-20T05:36:38.000Z,0.9325045347213745,1.5937319993972778
2025-01-20T05:36:38.500Z,0.9459912776947021,1.5937319993972778
2025-01-20T05:36:39.000Z,0.9091389775276184,1.5937319993972778
2025-01-20T05:36:39.500Z,0.9382553696632385,1.5937319993972778
2025-01-20T05:36:40.000Z,1.2086831331253052,1.5937319993972778
2025-01-20T05:36:40.500Z,1.0174221992492676,1.5937319993972778
2025-01-20T05:36:41.000Z,1.1441373825073242,1.5937319993972778
2025-01-20T05:36:41.500Z,1.033715009689331,1.5937319993972778
2025-01-20T05:36:42.000Z,1.0556671619415283,1.5937319993972778
2025-01-20T05:36:42.500Z,1.0269335508346558,1.5937319993972778
2025-01-20T05:36:43.000Z,0.97611004114151,1.5937319993972778
2025-01-20T05:36:43.500Z,1.0178135633468628,1.5937319993972778
2025-01-20T05:36:44.000Z,1.0277690887451172,1.5937319993972778
2025-01-20T05:36:44.500Z,0.9731935262680054,1.5937319993972778
2025-01-20T05:36:45.000Z,0.9809165000915527,1.5937319993972778
2025-01-20T05:36:45.500Z,1.0167174339294434,1.5937319993972778
2025-01-20T05:36:46.000Z,0.9734787940979004,1.5937319993972778
2025-01-20T05:36:46.500Z,0.971883237361908,1.5937319993972778
2025-01-20T05:36:47.000Z,0.9313334226608276,1.5937319993972778
2025-01-20T05:36:47.500Z,1.0197489261627197,1.5937319993972778
2025-01-20T05:36:48.000Z,0.9769465327262878,1.5937319993972778
2025-01-20T05:36:48.500Z,0.991016149520874,1.5937319993972778
2025-01-20T05:36:49.000Z,1.0561401844024658,1.5937319993972778
2025-01-20T05:36:49.500Z,0.9901202321052551,1.5937319993972778
2025-01-20T05:36:50.000Z,1.001396656036377,1.5937319993972778
2025-01-20T05:36:50.500Z,0.9461062550544739,1.5937319993972778
2025-01-20T05:36:51.000Z,1.045507550239563,1.5937319993972778
2025-01-20T05:36:51.500Z,1.0064340829849243,1.5937319993972778
2025-01-20T05:36:52.000Z,0.9583156704902649,1.5937319993972778
2025-01-20T05:36:52.500Z,0.9781985282897949,1.5937319993972778
2025-01-20T05:36:53.000Z,1.0642544031143188,1.5937319993972778
2025-01-20T05:36:53.500Z,1.0831100940704346,1.5937319993972778
2025-01-20T05:36:54.000Z,1.0998027324676514,1.5937319993972778
2025-01-20T05:36:54.500Z,1.0907599925994873,1.5937319993972778
2025-01-20T05:36:55.000Z,0.953245222568512,1.5937319993972778
2025-01-20T05:36:55.500Z,1.0205076932907104,1.5937319993972778
2025-01-20T05:36:56.000Z,1.128039002418518,1.5937319993972778
2025-01-20T05:36:56.500Z,1.066042423248291,1.5937319993972778
2025-01-20T05:36:57.000Z,0.9415498375892639,1.5937319993972778
2025-01-20T05:36:57.500Z,0.9216421842575073,1.5937319993972778
2025-01-20T05:36:58.000Z,1.0532934665679932,1.5937319993972778
2025-01-20T05:36:58.500Z,0.9863414764404297,1.5937319993972778
2025-01-20T05:36:59.000Z,1.0915613174438477,1.5937319993972778
2025-01-20T05:36:59.500Z,1.0858162641525269,1.5937319993972778
2025-01-20T05:37:00.000Z,1.0377167463302612,1.5937319993972778
2025-01-20T05:37:00.500Z,0.9137411713600159,1.5937319993972778
2025-01-20T05:37:01.000Z,1.0756704807281494,1.5937319993972778
2025-01-20T05:37:01.500Z,1.090539813041687,1.5937319993972778
2025-01-20T05:37:02.000Z,1.0637186765670776,1.5937319993972778
2025-01-20T05:37:02.500Z,0.9752908945083618,1.5937319993972778
2025-01-20T05:37:03.000Z,1.1044977903366089,1.5937319993972778
2025-01-20T05:37:03.500Z,1.048203706741333,1.5937319993972778
2025-01-20T05:37:04.000Z,1.0863515138626099,1.5937319993972778
2025-01-20T05:37:04.500Z,0.974861741065979,1.5937319993972778
2025-01-20T05:37:05.000Z,1.0368164777755737,1.5937319993972778
2025-01-20T05:37:05.500Z,0.9968482851982117,1.5937319993972778
2025-01-20T05:37:06.000Z,1.0284348726272583,1.5937319993972778
2025-01-20T05:37:06.500Z,0.9685401320457458,1.5937319993972778
2025-01-20T05:37:07.000Z,1.030093789100647,1.5937319993972778
2025-01-20T05:37:07.500Z,0.9856196641921997,1.5937319993972778
2025-01-20T05:37:08.000Z,1.016408085823059,1.5937319993972778
2025-01-20T05:37:08.500Z,0.9572423696517944,1.5937319993972778
2025-01-20T05:37:09.000Z,0.8871987462043762,1.5937319993972778
2025-01-20T05:37:09.500Z,1.164124608039856,1.5937319993972778
2025-01-20T05:37:10.000Z,1.0510151386260986,1.5937319993972778
2025-01-20T05:37:10.500Z,0.988941490650177,1.5937319993972778
2025-01-20T05:37:11.000Z,1.0145204067230225,1.5937319993972778
2025-01-20T05:37:11.500Z,0.9828735589981079,1.5937319993972778
2025-01-20T05:37:12.000Z,0.958996593952179,1.5937319993972778
2025-01-20T05:37:12.500Z,0.9467331767082214,1.5937319993972778
2025-01-20T05:37:13.000Z,1.0583325624465942,1.5937319993972778
2025-01-20T05:37:13.500Z,1.0238012075424194,1.5937319993972778
2025-01-20T05:37:14.000Z,1.1114283800125122,1.5937319993972778
2025-01-20T05:37:14.500Z,0.9998764395713806,1.5937319993972778
2025-01-20T05:37:15.000Z,0.9252815246582031,1.5937319993972778
2025-01-20T05:37:15.500Z,1.045638918876648,1.5937319993972778
2025-01-20T05:37:16.000Z,1.082427978515625,1.5937319993972778
2025-01-20T05:37:16.500Z,1.0361387729644775,1.5937319993972778
2025-01-20T05:37:17.000Z,0.9705418348312378,1.5937319993972778
2025-01-20T05:37:17.500Z,0.9172948002815247,1.5937319993972778
2025-01-20T05:37:18.000Z,0.9336621761322021,1.5937319993972778
2025-01-20T05:37:18.500Z,1.0638331174850464,1.5937319993972778
2025-01-20T05:37:19.000Z,1.0430560111999512,1.5937319993972778
2025-01-20T05:37:19.500Z,1.0862981081008911,1.5937319993972778
2025-01-20T05:37:20.000Z,1.0554852485656738,1.5937319993972778
2025-01-20T05:37:20.500Z,1.0856515169143677,1.5937319993972778
2025-01-20T05:37:21.000Z,0.9690465331077576,1.5937319993972778
2025-01-20T05:37:21.500Z,0.972229540348053,1.5937319993972778
2025-01-20T05:37:22.000Z,1.0815337896347046,1.5937319993972778
2025-01-20T05:37:22.500Z,1.0585925579071045,1.5937319993972778
2025-01-20T05:37:23.000Z,1.0143297910690308,1.5937319993972778
2025-01-20T05:37:23.500Z,1.0276284217834473,1.5937319993972778
2025-01-20T05:37:24.000Z,0.9916039705276489,1.5937319993972778
2025-01-20T05:37:24.500Z,0.9250339865684509,1.5937319993972778
2025-01-20T05:37:25.000Z,1.0098936557769775,1.5937319993972778
2025-01-20T05:37:25.500Z,1.0268480777740479,1.5937319993972778
2025-01-20T05:37:26.000Z,1.05662202835083,1.5937319993972778
2025-01-20T05:37:26.500Z,1.0677640438079834,1.5937319993972778
2025-01-20T05:37:27.000Z,0.9835132956504822,1.5937319993972778
2025-01-20T05:37:27.500Z,1.0696725845336914,1.5937319993972778
2025-01-20T05:37:28.000Z,0.9882624745368958,1.5937319993972778
2025-01-20T05:37:28.500Z,1.076941728591919,1.5937319993972778
2025-01-20T05:37:29.000Z,1.0395194292068481,1.5937319993972778
2025-01-20T05:37:29.500Z,0.9757608771324158,1.5937319993972778
2025-01-20T05:37:30.000Z,0.9613405466079712,1.5937319993972778
2025-01-20T05:37:30.500Z,0.9802249670028687,1.5937319993972778
2025-01-20T05:37:31.000Z,1.034190058708191,1.5937319993972778
2025-01-20T05:37:31.500Z,0.9659762978553772,1.5937319993972778
2025-01-20T05:37:32.000Z,1.0281777381896973,1.5937319993972778
2025-01-20T05:37:32.500Z,0.9573950171470642,1.5937319993972778
2025-01-20T05:37:33.000Z,0.9599832892417908,1.5937319993972778
2025-01-20T05:37:33.500Z,0.9152081608772278,1.5937319993972778
2025-01-20T05:37:34.000Z,1.0332809686660767,1.5937319993972778
2025-01-20T05:37:34.500Z,1.0195090770721436,1.5937319993972778
2025-01-20T05:37:35.000Z,0.9770705699920654,1.5937319993972778
2025-01-20T05:37:35.500Z,0.9282552003860474,1.5937319993972778
2025-01-20T05:37:36.000Z,1.1572295427322388,1.5937319993972778
2025-01-20T05:37:36.500Z,1.0968050956726074,1.5937319993972778
2025-01-20T05:37:37.000Z,1.0226999521255493,1.5937319993972778
2025-01-20T05:37:37.500Z,1.1047600507736206,1.5937319993972778
2025-01-20T05:37:38.000Z,0.9933902025222778,1.5937319993972778
2025-01-20T05:37:38.500Z,1.0175466537475586,1.5937319993972778
2025-01-20T05:37:39.000Z,1.0173134803771973,1.5937319993972778
2025-01-20T05:37:39.500Z,1.0359679460525513,1.5937319993972778
2025-01-20T05:37:40.000Z,1.0809303522109985,1.5937319993972778
2025-01-20T05:37:40.500Z,1.1207444667816162,1.5937319993972778
2025-01-20T05:37:41.000Z,1.0411020517349243,1.5937319993972778
2025-01-20T05:37:41.500Z,0.9981517195701599,1.5937319993972778
2025-01-20T05:37:42.000Z,0.9736951589584351,1.5937319993972778
2025-01-20T05:37:42.500Z,0.9740493893623352,1.5937319993972778
2025-01-20T05:37:43.000Z,1.0500187873840332,1.5937319993972778
2025-01-20T05:37:43.500Z,0.9827477335929871,1.5937319993972778
2025-01-20T05:37:44.000Z,1.0723187923431396,1.5937319993972778
2025-01-20T05:37:44.500Z,1.0482354164123535,1.5937319993972778
2025-01-20T05:37:45.000Z,1.0408724546432495,1.5937319993972778
2025-01-20T05:37:45.500Z,1.0330474376678467,1.5937319993972778
2025-01-20T05:37:46.000Z,1.06139075756073,1.5937319993972778
2025-01-20T05:37:46.500Z,1.0620207786560059,1.5937319993972778
2025-01-20T05:37:47.000Z,1.0600147247314453,1.5937319993972778
2025-01-20T05:37:47.500Z,0.9971948266029358,1.5937319993972778
2025-01-20T05:37:48.000Z,1.0857329368591309,1.5937319993972778
2025-01-20T05:37:48.500Z,0.999396562576294,1.5937319993972778
2025-01-20T05:37:49.000Z,1.015775203704834,1.5937319993972778
2025-01-20T05:37:49.500Z,1.1361414194107056,1.5937319993972778
2025-01-20T05:37:50.000Z,1.018596887588501,1.5937319993972778
2025-01-20T05:37:50.500Z,1.0088610649108887,1.5937319993972778
2025-01-20T05:37:51.000Z,1.0474517345428467,1.5937319993972778
2025-01-20T05:37:51.500Z,1.0195672512054443,1.5937319993972778
2025-01-20T05:37:52.000Z,1.0703269243240356,1.5937319993972778
2025-01-20T05:37:52.500Z,0.956704318523407,1.5937319993972778
2025-01-20T05:37:53.000Z,1.0123182535171509,1.5937319993972778
2025-01-20T05:37:53.500Z,1.1014882326126099,1.5937319993972778
2025-01-20T05:37:54.000Z,1.0722568035125732,1.5937319993972778
2025-01-20T05:37:54.500Z,1.0462607145309448,1.5937319993972778
2025-01-20T05:37:55.000Z,1.020518183708191,1.5937319993972778
2025-01-20T05:37:55.500Z,1.0344833135604858,1.5937319993972778
2025-01-20T05:37:56.000Z,0.9960429668426514,1.5937319993972778
2025-01-20T05:37:56.500Z,0.9762501120567322,1.5937319993972778
2025-01-20T05:37:57.000Z,0.9973278045654297,1.5937319993972778
2025-01-20T05:37:57.500Z,0.9592597484588623,1.5937319993972778
2025-01-20T05:37:58.000Z,0.8934102654457092,1.5937319993972778
2025-01-20T05:37:58.500Z,0.9267712831497192,1.5937319993972778
2025-01-20T05:37:59.000Z,0.9753392934799194,1.5937319993972778
2025-01-20T05:37:59.500Z,0.9651578068733215,1.5937319993972778
2025-01-20T05:38:00.000Z,0.9984928965568542,1.5937319993972778
2025-01-20T05:38:00.500Z,0.9768194556236267,1.5937319993972778
2025-01-20T05:38:01.000Z,1.029922366142273,1.5937319993972778
2025-01-20T05:38:01.500Z,1.0583909749984741,1.5937319993972778
2025-01-20T05:38:02.000Z,1.0336530208587646,1.5937319993972778
2025-01-20T05:38:02.500Z,1.043776512145996,1.5937319993972778
2025-01-20T05:38:03.000Z,0.972036600112915,1.5937319993972778
2025-01-20T05:38:03.500Z,0.9920627474784851,1.5937319993972778
2025-01-20T05:38:04.000Z,1.0292916297912598,1.5937319993972778
2025-01-20T05:38:04.500Z,1.0552167892456055,1.5937319993972778
2025-01-20T05:38:05.000Z,1.1348930597305298,1.5937319993972778
2025-01-20T05:38:05.500Z,1.0466455221176147,1.5937319993972778
2025-01-20T05:38:06.000Z,0.9692163467407227,1.5937319993972778
2025-01-20T05:38:06.500Z,1.0313894748687744,1.5937319993972778
2025-01-20T05:38:07.000Z,0.9316867589950562,1.5937319993972778
2025-01-20T05:38:07.500Z,0.9901335835456848,1.5937319993972778
2025-01-20T05:38:08.000Z,0.9810998439788818,1.5937319993972778
2025-01-20T05:38:08.500Z,1.0671491622924805,1.5937319993972778
2025-01-20T05:38:09.000Z,1.1172508001327515,1.5937319993972778
2025-01-20T05:38:09.500Z,1.0609374046325684,1.5937319993972778
2025-01-20T05:38:10.000Z,0.9494251608848572,1.5937319993972778
2025-01-20T05:38:10.500Z,0.9553447961807251,1.5937319993972778
2025-01-20T05:38:11.000Z,1.0042356252670288,1.5937319993972778
2025-01-20T05:38:11.500Z,1.0494450330734253,1.5937319993972778
2025-01-20T05:38:12.000Z,1.0814894437789917,1.5937319993972778
2025-01-20T05:38:12.500Z,1.033408522605896,1.5937319993972778
2025-01-20T05:38:13.000Z,0.9891476631164551,1.5937319993972778
2025-01-20T05:38:13.500Z,1.0021635293960571,1.5937319993972778
2025-01-20T05:38:14.000Z,0.8979772925376892,1.5937319993972778
2025-01-20T05:38:14.500Z,0.9440512657165527,1.5937319993972778
2025-01-20T05:38:15.000Z,1.0364073514938354,1.5937319993972778
2025-01-20T05:38:15.500Z,0.920299768447876,1.5937319993972778
2025-01-20T05:38:16.000Z,1.052167296409607,1.5937319993972778
2025-01-20T05:38:16.500Z,1.0631238222122192,1.5937319993972778
2025-01-20T05:38:17.000Z,1.0700575113296509,1.5937319993972778
2025-01-20T05:38:17.500Z,1.0538215637207031,1.5937319993972778
2025-01-20T05:38:18.000Z,1.0165643692016602,1.5937319993972778
2025-01-20T05:38:18.500Z,0.9758773446083069,1.5937319993972778
2025-01-20T05:38:19.000Z,1.0834815502166748,1.5937319993972778
2025-01-20T05:38:19.500Z,1.025405764579773,1.5937319993972778
2025-01-20T05:38:20.000Z,1.0452181100845337,1.5937319993972778
2025-01-20T05:38:20.500Z,1.085896372795105,1.5937319993972778
2025-01-20T05:38:21.000Z,0.9486387968063354,1.5937319993972778
2025-01-20T05:38:21.500Z,0.9934634566307068,1.5937319993972778
2025-01-20T05:38:22.000Z,1.104967713356018,1.5937319993972778
2025-01-20T05:38:22.500Z,1.0362168550491333,1.5937319993972778
2025-01-20T05:38:23.000Z,1.0514243841171265,1.5937319993972778
2025-01-20T05:38:23.500Z,1.1242895126342773,1.5937319993972778
2025-01-20T05:38:24.000Z,1.0191372632980347,1.5937319993972778
2025-01-20T05:38:24.500Z,1.1385080814361572,1.5937319993972778
2025-01-20T05:38:25.000Z,0.9548001289367676,1.5937319993972778
2025-01-20T05:38:25.500Z,1.0204250812530518,1.5937319993972778
2025-01-20T05:38:26.000Z,1.0113590955734253,1.5937319993972778
2025-01-20T05:38:26.500Z,0.879314124584198,1.5937319993972778
2025-01-20T05:38:27.000Z,1.0243195295333862,1.5937319993972778
2025-01-20T05:38:27.500Z,1.0456631183624268,1.5937319993972778
2025-01-20T05:38:28.000Z,0.9695634245872498,1.5937319993972778
2025-01-20T05:38:28.500Z,1.0985636711120605,1.5937319993972778
2025-01-20T05:38:29.000Z,1.194419264793396,1.5937319993972778
2025-01-20T05:38:29.500Z,1.0488779544830322,1.5937319993972778
2025-01-20T05:38:30.000Z,1.0441553592681885,1.5937319993972778
2025-01-20T05:38:30.500Z,0.9512641429901123,1.5937319993972778
2025-01-20T05:38:31.000Z,0.9398141503334045,1.5937319993972778
2025-01-20T05:38:31.500Z,0.9827831983566284,1.5937319993972778
2025-01-20T05:38:32.000Z,1.0581530332565308,1.5937319993972778
2025-01-20T05:38:32.500Z,1.0139554738998413,1.5937319993972778
2025-01-20T05:38:33.000Z,0.9980368614196777,1.5937319993972778
2025-01-20T05:38:33.500Z,0.9967982172966003,1.5937319993972778
2025-01-20T05:38:34.000Z,0.9881047010421753,1.5937319993972778
2025-01-20T05:38:34.500Z,1.015750765800476,1.5937319993972778
2025-01-20T05:38:35.000Z,1.066048264503479,1.5937319993972778
2025-01-20T05:38:35.500Z,1.0886908769607544,1.5937319993972778
2025-01-20T05:38:36.000Z,1.0494087934494019,1.5937319993972778
2025-01-20T05:38:36.500Z,1.063688039779663,1.5937319993972778
2025-01-20T05:38:37.000Z,0.9829304218292236,1.5937319993972778
2025-01-20T05:38:37.500Z,0.9550412893295288,1.5937319993972778
2025-01-20T05:38:38.000Z,0.9820542335510254,1.5937319993972778
2025-01-20T05:38:38.500Z,1.0176376104354858,1.5937319993972778
2025-01-20T05:38:39.000Z,0.9833042621612549,1.5937319993972778
2025-01-20T05:38:39.500Z,1.0258474349975586,1.5937319993972778
2025-01-20T05:38:40.000Z,0.989956259727478,1.5937319993972778
2025-01-20T05:38:40.500Z,1.0040266513824463,1.5937319993972778
2025-01-20T05:38:41.000Z,1.0936651229858398,1.5937319993972778
2025-01-20T05:38:41.500Z,0.9442683458328247,1.5937319993972778
2025-01-20T05:38:42.000Z,1.0618822574615479,1.5937319993972778
2025-01-20T05:38:42.500Z,1.1079809665679932,1.5937319993972778
2025-01-20T05:38:43.000Z,1.033953070640564,1.5937319993972778
2025-01-20T05:38:43.500Z,1.0447500944137573,1.5937319993972778
2025-01-20T05:38:44.000Z,0.951947808265686,1.5937319993972778
2025-01-20T05:38:44.500Z,1.0084244012832642,1.5937319993972778
2025-01-20T05:38:45.000Z,1.115645408630371,1.5937319993972778
2025-01-20T05:38:45.500Z,1.1702224016189575,1.5937319993972778
2025-01-20T05:38:46.000Z,1.0889112949371338,1.5937319993972778
2025-01-20T05:38:46.500Z,1.0692808628082275,1.5937319993972778
2025-01-20T05:38:47.000Z,1.0153350830078125,1.5937319993972778
2025-01-20T05:38:47.500Z,1.07667076587677,1.5937319993972778
2025-01-20T05:38:48.000Z,0.9284195899963379,1.5937319993972778
2025-01-20T05:38:48.500Z,1.0521938800811768,1.5937319993972778
2025-01-20T05:38:49.000Z,0.9439964294433594,1.5937319993972778
2025-01-20T05:38:49.500Z,1.0296224355697632,1.5937319993972778
2025-01-20T05:38:50.000Z,1.0327892303466797,1.5937319993972778
2025-01-20T05:38:50.500Z,1.0432251691818237,1.5937319993972778
2025-01-20T05:38:51.000Z,0.9320235252380371,1.5937319993972778
2025-01-20T05:38:51.500Z,0.9914392232894897,1.5937319993972778
2025-01-20T05:38:52.000Z,0.9491504430770874,1.5937319993972778
2025-01-20T05:38:52.500Z,1.0122689008712769,1.5937319993972778
2025-01-20T05:38:53.000Z,1.0434108972549438,1.5937319993972778
2025-01-20T05:38:53.500Z,1.0241730213165283,1.5937319993972778
2025-01-20T05:38:54.000Z,1.001756191253662,1.5937319993972778
2025-01-20T05:38:54.500Z,0.9794198274612427,1.5937319993972778
2025-01-20T05:38:55.000Z,1.0228382349014282,1.5937319993972778
2025-01-20T05:38:55.500Z,0.9663777947425842,1.5937319993972778
2025-01-20T05:38:56.000Z,0.9832882285118103,1.5937319993972778
2025-01-20T05:38:56.500Z,0.9549041986465454,1.5937319993972778
2025-01-20T05:38:57.000Z,1.0132251977920532,1.5937319993972778
2025-01-20T05:38:57.500Z,1.088435173034668,1.5937319993972778
2025-01-20T05:38:58.000Z,1.1229968070983887,1.5937319993972778
2025-01-20T05:38:58.500Z,1.0525304079055786,1.5937319993972778
2025-01-20T05:38:59.000Z,0.9432665109634399,1.5937319993972778
2025-01-20T05:38:59.500Z,0.967085063457489,1.5937319993972778
2025-01-20T05:39:00.000Z,1.1225489377975464,1.5937319993972778
2025-01-20T05:39:00.500Z,1.101703405380249,1.5937319993972778
2025-01-20T05:39:01.000Z,1.0409921407699585,1.5937319993972778
2025-01-20T05:39:01.500Z,1.0298699140548706,1.5937319993972778
2025-01-20T05:39:02.000Z,1.325135350227356,1.5937319993972778
2025-01-20T05:39:02.500Z,1.234024167060852,1.5937319993972778
2025-01-20T05:39:03.000Z,0.9429830312728882,1.5937319993972778
2025-01-20T05:39:03.500Z,0.9436079263687134,1.5937319993972778
2025-01-20T05:39:04.000Z,1.0192527770996094,1.5937319993972778
2025-01-20T05:39:04.500Z,0.9906433820724487,1.5937319993972778
2025-01-20T05:39:05.000Z,1.028200387954712,1.5937319993972778
2025-01-20T05:39:05.500Z,1.0631299018859863,1.5937319993972778
2025-01-20T05:39:06.000Z,1.1125037670135498,1.5937319993972778
2025-01-20T05:39:06.500Z,1.0962251424789429,1.5937319993972778
2025-01-20T05:39:07.000Z,1.0082381963729858,1.5937319993972778
2025-01-20T05:39:07.500Z,1.0627315044403076,1.5937319993972778
2025-01-20T05:39:08.000Z,0.9996041059494019,1.5937319993972778
2025-01-20T05:39:08.500Z,1.1041868925094604,1.5937319993972778
2025-01-20T05:39:09.000Z,1.0744438171386719,1.5937319993972778
2025-01-20T05:39:09.500Z,0.9747501611709595,1.5937319993972778
2025-01-20T05:39:10.000Z,1.0871914625167847,1.5937319993972778
2025-01-20T05:39:10.500Z,1.1746370792388916,1.5937319993972778
2025-01-20T05:39:11.000Z,1.0837738513946533,1.5937319993972778
2025-01-20T05:39:11.500Z,1.0508209466934204,1.5937319993972778
2025-01-20T05:39:12.000Z,0.9618221521377563,1.5937319993972778
2025-01-20T05:39:12.500Z,0.9269828200340271,1.5937319993972778
2025-01-20T05:39:13.000Z,0.9679158329963684,1.5937319993972778
2025-01-20T05:39:13.500Z,1.0163500308990479,1.5937319993972778
2025-01-20T05:39:14.000Z,1.053596019744873,1.5937319993972778
2025-01-20T05:39:14.500Z,1.0841394662857056,1.5937319993972778
2025-01-20T05:39:15.000Z,0.9452162384986877,1.5937319993972778
2025-01-20T05:39:15.500Z,1.020950198173523,1.5937319993972778
2025-01-20T05:39:16.000Z,1.0022269487380981,1.5937319993972778
2025-01-20T05:39:16.500Z,0.8973575830459595,1.5937319993972778
2025-01-20T05:39:17.000Z,0.8799165487289429,1.5937319993972778
2025-01-20T05:39:17.500Z,0.9788106679916382,1.5937319993972778
2025-01-20T05:39:18.000Z,0.8986804485321045,1.5937319993972778
2025-01-20T05:39:18.500Z,0.9853100776672363,1.5937319993972778
2025-01-20T05:39:19.000Z,0.9624068140983582,1.5937319993972778
2025-01-20T05:39:19.500Z,0.9198700785636902,1.5937319993972778
2025-01-20T05:39:20.000Z,0.9540601372718811,1.5937319993972778
2025-01-20T05:39:20.500Z,0.9319905638694763,1.5937319993972778
2025-01-20T05:39:21.000Z,1.115471601486206,1.5937319993972778
2025-01-20T05:39:21.500Z,0.9180340766906738,1.5937319993972778
2025-01-20T05:39:22.000Z,1.0399881601333618,1.5937319993972778
2025-01-20T05:39:22.500Z,1.0224103927612305,1.5937319993972778
2025-01-20T05:39:23.000Z,0.9938984513282776,1.5937319993972778
2025-01-20T05:39:23.500Z,0.9047946929931641,1.5937319993972778
2025-01-20T05:39:24.000Z,1.0295861959457397,1.5937319993972778
2025-01-20T05:39:24.500Z,0.9484132528305054,1.5937319993972778
2025-01-20T05:39:25.000Z,1.0720114707946777,1.5937319993972778
2025-01-20T05:39:25.500Z,1.0856574773788452,1.5937319993972778
2025-01-20T05:39:26.000Z,1.0233356952667236,1.5937319993972778
2025-01-20T05:39:26.500Z,1.0803189277648926,1.5937319993972778
2025-01-20T05:39:27.000Z,0.9237636923789978,1.5937319993972778
2025-01-20T05:39:27.500Z,1.0654739141464233,1.5937319993972778
2025-01-20T05:39:28.000Z,0.993786096572876,1.5937319993972778
2025-01-20T05:39:28.500Z,0.9336022734642029,1.5937319993972778
2025-01-20T05:39:29.000Z,1.0421292781829834,1.5937319993972778
2025-01-20T05:39:29.500Z,0.8811006546020508,1.5937319993972778
2025-01-20T05:39:30.000Z,0.9019381999969482,1.5937319993972778
2025-01-20T05:39:30.500Z,1.1116472482681274,1.5937319993972778
2025-01-20T05:39:31.000Z,1.0408943891525269,1.5937319993972778
2025-01-20T05:39:31.500Z,1.0669336318969727,1.5937319993972778
2025-01-20T05:39:32.000Z,0.8552917242050171,1.5937319993972778
2025-01-20T05:39:32.500Z,1.0485731363296509,1.5937319993972778
2025-01-20T05:39:33.000Z,1.077698826789856,1.5937319993972778
2025-01-20T05:39:33.500Z,1.0583274364471436,1.5937319993972778
2025-01-20T05:39:34.000Z,0.8967500329017639,1.5937319993972778
2025-01-20T05:39:34.500Z,0.9547063112258911,1.5937319993972778
2025-01-20T05:39:35.000Z,1.0195611715316772,1.5937319993972778
2025-01-20T05:39:35.500Z,1.0130735635757446,1.5937319993972778
2025-01-20T05:39:36.000Z,0.9773157835006714,1.5937319993972778
2025-01-20T05:39:36.500Z,1.0011265277862549,1.5937319993972778
2025-01-20T05:39:37.000Z,0.9716692566871643,1.5937319993972778
2025-01-20T05:39:37.500Z,1.1805031299591064,1.5937319993972778
2025-01-20T05:39:38.000Z,0.9665444493293762,1.5937319993972778
2025-01-20T05:39:38.500Z,1.0305227041244507,1.5937319993972778
2025-01-20T05:39:39.000Z,0.9991930723190308,1.5937319993972778
2025-01-20T05:39:39.500Z,0.9705418348312378,1.5937319993972778
2025-01-20T05:39:40.000Z,0.9207804203033447,1.5937319993972778
2025-01-20T05:39:40.500Z,0.9852544069290161,1.5937319993972778
2025-01-20T05:39:41.000Z,1.0074430704116821,1.5937319993972778
2025-01-20T05:39:41.500Z,0.9784400463104248,1.5937319993972778
2025-01-20T05:39:42.000Z,0.9172424674034119,1.5937319993972778
2025-01-20T05:39:42.500Z,1.1031116247177124,1.5937319993972778
2025-01-20T05:39:43.000Z,1.0289689302444458,1.5937319993972778
2025-01-20T05:39:43.500Z,0.9238327145576477,1.5937319993972778
2025-01-20T05:39:44.000Z,0.9114056825637817,1.5937319993972778
2025-01-20T05:39:44.500Z,0.9318123459815979,1.5937319993972778
2025-01-20T05:39:45.000Z,1.097115397453308,1.5937319993972778
2025-01-20T05:39:45.500Z,1.0502954721450806,1.5937319993972778
2025-01-20T05:39:46.000Z,1.020775556564331,1.5937319993972778
2025-01-20T05:39:46.500Z,0.986560583114624,1.5937319993972778
2025-01-20T05:39:47.000Z,1.0626178979873657,1.5937319993972778
2025-01-20T05:39:47.500Z,1.1052436828613281,1.5937319993972778
2025-01-20T05:39:48.000Z,0.975039005279541,1.5937319993972778
2025-01-20T05:39:48.500Z,1.1234102249145508,1.5937319993972778
2025-01-20T05:39:49.000Z,1.0394595861434937,1.5937319993972778
2025-01-20T05:39:49.500Z,1.0714517831802368,1.5937319993972778
2025-01-20T05:39:50.000Z,1.0362789630889893,1.5937319993972778
2025-01-20T05:39:50.500Z,0.9619855284690857,1.5937319993972778
2025-01-20T05:39:51.000Z,0.9800677299499512,1.5937319993972778
2025-01-20T05:39:51.500Z,1.079614520072937,1.5937319993972778
2025-01-20T05:39:52.000Z,1.1636557579040527,1.5937319993972778
2025-01-20T05:39:52.500Z,0.9878652691841125,1.5937319993972778
2025-01-20T05:39:53.000Z,1.0165835618972778,1.5937319993972778
2025-01-20T05:39:53.500Z,0.9971470832824707,1.5937319993972778
2025-01-20T05:39:54.000Z,0.9771164059638977,1.5937319993972778
2025-01-20T05:39:54.500Z,0.97209632396698,1.5937319993972778
2025-01-20T05:39:55.000Z,1.0071911811828613,1.5937319993972778
2025-01-20T05:39:55.500Z,0.9832104444503784,1.5937319993972778
2025-01-20T05:39:56.000Z,1.0337777137756348,1.5937319993972778
2025-01-20T05:39:56.500Z,0.9992003440856934,1.5937319993972778
2025-01-20T05:39:57.000Z,0.9352880716323853,1.5937319993972778
2025-01-20T05:39:57.500Z,1.0504074096679688,1.5937319993972778
2025-01-20T05:39:58.000Z,1.02603280544281,1.5937319993972778
2025-01-20T05:39:58.500Z,0.9249809980392456,1.5937319993972778
2025-01-20T05:39:59.000Z,1.0443089008331299,1.5937319993972778
2025-01-20T05:39:59.500Z,0.9178745746612549,1.5937319993972778
2025-01-20T05:40:00.000Z,0.9347237944602966,1.5937319993972778
2025-01-20T05:40:00.500Z,1.0672258138656616,1.5937319993972778
2025-01-20T05:40:01.000Z,1.0688774585723877,1.5937319993972778
2025-01-20T05:40:01.500Z,0.9591848850250244,1.5937319993972778
2025-01-20T05:40:02.000Z,0.9943836331367493,1.5937319993972778
2025-01-20T05:40:02.500Z,1.0234249830245972,1.5937319993972778
2025-01-20T05:40:03.000Z,1.017284870147705,1.5937319993972778
2025-01-20T05:40:03.500Z,1.0587846040725708,1.5937319993972778
2025-01-20T05:40:04.000Z,1.1209468841552734,1.5937319993972778
2025-01-20T05:40:04.500Z,1.0526549816131592,1.5937319993972778
2025-01-20T05:40:05.000Z,1.1089335680007935,1.5937319993972778
2025-01-20T05:40:05.500Z,1.0314072370529175,1.5937319993972778
2025-01-20T05:40:06.000Z,0.9706270694732666,1.5937319993972778
2025-01-20T05:40:06.500Z,0.9581196904182434,1.5937319993972778
2025-01-20T05:40:07.000Z,0.9595484137535095,1.5937319993972778
2025-01-20T05:40:07.500Z,1.0622607469558716,1.5937319993972778
2025-01-20T05:40:08.000Z,0.9394274950027466,1.5937319993972778
2025-01-20T05:40:08.500Z,1.0133347511291504,1.5937319993972778
2025-01-20T05:40:09.000Z,1.0807147026062012,1.5937319993972778
2025-01-20T05:40:09.500Z,1.0812534093856812,1.5937319993972778
2025-01-20T05:40:10.000Z,1.0387959480285645,1.5937319993972778
2025-01-20T05:40:10.500Z,1.128674864768982,1.5937319993972778
2025-01-20T05:40:11.000Z,1.0099650621414185,1.5937319993972778
2025-01-20T05:40:11.500Z,1.0043011903762817,1.5937319993972778
2025-01-20T05:40:12.000Z,1.0269720554351807,1.5937319993972778
2025-01-20T05:40:12.500Z,1.024643063545227,1.5937319993972778
2025-01-20T05:40:13.000Z,0.9592326879501343,1.5937319993972778
2025-01-20T05:40:13.500Z,1.0829212665557861,1.5937319993972778
2025-01-20T05:40:14.000Z,1.0594723224639893,1.5937319993972778
2025-01-20T05:40:14.500Z,1.0749956369400024,1.5937319993972778
2025-01-20T05:40:15.000Z,1.1536574363708496,1.5937319993972778
2025-01-20T05:40:15.500Z,1.0096031427383423,1.5937319993972778
2025-01-20T05:40:16.000Z,1.1086156368255615,1.5937319993972778
2025-01-20T05:40:16.500Z,1.2081263065338135,1.5937319993972778
2025-01-20T05:40:17.000Z,1.056746482849121,1.5937319993972778
2025-01-20T05:40:17.500Z,1.1839383840560913,1.5937319993972778
2025-01-20T05:40:18.000Z,1.0286630392074585,1.5937319993972778
2025-01-20T05:40:18.500Z,1.2206820249557495,1.5937319993972778
2025-01-20T05:40:19.000Z,0.9848309755325317,1.5937319993972778
2025-01-20T05:40:19.500Z,1.0758793354034424,1.5937319993972778
2025-01-20T05:40:20.000Z,0.9423127174377441,1.5937319993972778
2025-01-20T05:40:20.500Z,1.0858830213546753,1.5937319993972778
2025-01-20T05:40:21.000Z,1.0758352279663086,1.5937319993972778
2025-01-20T05:40:21.500Z,0.9996415376663208,1.5937319993972778
2025-01-20T05:40:22.000Z,1.0092531442642212,1.5937319993972778
2025-01-20T05:40:22.500Z,1.0431180000305176,1.5937319993972778
2025-01-20T05:40:23.000Z,1.105639100074768,1.5937319993972778
2025-01-20T05:40:23.500Z,1.0218898057937622,1.5937319993972778
2025-01-20T05:40:24.000Z,1.0335142612457275,1.5937319993972778
2025-01-20T05:40:24.500Z,1.0355944633483887,1.5937319993972778
2025-01-20T05:40:25.000Z,1.078263521194458,1.5937319993972778
2025-01-20T05:40:25.500Z,1.1121972799301147,1.5937319993972778
2025-01-20T05:40:26.000Z,0.9290713667869568,1.5937319993972778
2025-01-20T05:40:26.500Z,1.0064704418182373,1.5937319993972778
2025-01-20T05:40:27.000Z,0.9664812088012695,1.5937319993972778
2025-01-20T05:40:27.500Z,0.9131947755813599,1.5937319993972778
2025-01-20T05:40:28.000Z,1.0126179456710815,1.5937319993972778
2025-01-20T05:40:28.500Z,0.9830852746963501,1.5937319993972778
2025-01-20T05:40:29.000Z,0.8789650201797485,1.5937319993972778
2025-01-20T05:40:29.500Z,0.927786111831665,1.5937319993972778
2025-01-20T05:40:30.000Z,0.9932050704956055,1.5937319993972778
2025-01-20T05:40:30.500Z,0.9872668981552124,1.5937319993972778
2025-01-20T05:40:31.000Z,0.9463732838630676,1.5937319993972778
2025-01-20T05:40:31.500Z,0.9669166803359985,1.5937319993972778
2025-01-20T05:40:32.000Z,1.057875394821167,1.5937319993972778
2025-01-20T05:40:32.500Z,1.0512408018112183,1.5937319993972778
2025-01-20T05:40:33.000Z,1.0236600637435913,1.5937319993972778
2025-01-20T05:40:33.500Z,1.01846182346344,1.5937319993972778
2025-01-20T05:40:34.000Z,0.9521984457969666,1.5937319993972778
2025-01-20T05:40:34.500Z,0.9703236222267151,1.5937319993972778
2025-01-20T05:40:35.000Z,1.060312271118164,1.5937319993972778
2025-01-20T05:40:35.500Z,0.9873555302619934,1.5937319993972778
2025-01-20T05:40:36.000Z,0.9626457691192627,1.5937319993972778
2025-01-20T05:40:36.500Z,0.9909548759460449,1.5937319993972778
2025-01-20T05:40:37.000Z,0.9680642485618591,1.5937319993972778
2025-01-20T05:40:37.500Z,1.006144642829895,1.5937319993972778
2025-01-20T05:40:38.000Z,1.0263350009918213,1.5937319993972778
2025-01-20T05:40:38.500Z,0.9806995987892151,1.5937319993972778
2025-01-20T05:40:39.000Z,0.9545868635177612,1.5937319993972778
2025-01-20T05:40:39.500Z,0.9779863357543945,1.5937319993972778
2025-01-20T05:40:40.000Z,1.0477479696273804,1.5937319993972778
2025-01-20T05:40:40.500Z,0.873663604259491,1.5937319993972778
2025-01-20T05:40:41.000Z,1.1107228994369507,1.5937319993972778
2025-01-20T05:40:41.500Z,0.9089804291725159,1.5937319993972778
2025-01-20T05:40:42.000Z,0.940031886100769,1.5937319993972778
2025-01-20T05:40:42.500Z,1.178855299949646,1.5937319993972778
2025-01-20T05:40:43.000Z,0.9782196879386902,1.5937319993972778
2025-01-20T05:40:43.500Z,1.026917576789856,1.5937319993972778
2025-01-20T05:40:44.000Z,1.0640277862548828,1.5937319993972778
2025-01-20T05:40:44.500Z,1.0866200923919678,1.5937319993972778
2025-01-20T05:40:45.000Z,1.0834286212921143,1.5937319993972778
2025-01-20T05:40:45.500Z,0.9810645580291748,1.5937319993972778
2025-01-20T05:40:46.000Z,0.9375696182250977,1.5937319993972778
2025-01-20T05:40:46.500Z,1.0042353868484497,1.5937319993972778
2025-01-20T05:40:47.000Z,1.062745451927185,1.5937319993972778
2025-01-20T05:40:47.500Z,1.0119521617889404,1.5937319993972778
2025-01-20T05:40:48.000Z,1.0692509412765503,1.5937319993972778
2025-01-20T05:40:48.500Z,0.9259275794029236,1.5937319993972778
2025-01-20T05:40:49.000Z,0.9964638948440552,1.5937319993972778
2025-01-20T05:40:49.500Z,0.9898998141288757,1.5937319993972778
2025-01-20T05:40:50.000Z,0.9691866040229797,1.5937319993972778
2025-01-20T05:40:50.500Z,1.0455384254455566,1.5937319993972778
2025-01-20T05:40:51.000Z,1.046046495437622,1.5937319993972778
2025-01-20T05:40:51.500Z,1.0147000551223755,1.5937319993972778
2025-01-20T05:40:52.000Z,0.974186360836029,1.5937319993972778
2025-01-20T05:40:52.500Z,1.1725136041641235,1.5937319993972778
2025-01-20T05:40:53.000Z,1.0100761651992798,1.5937319993972778
2025-01-20T05:40:53.500Z,0.901409387588501,1.5937319993972778
2025-01-20T05:40:54.000Z,1.0085755586624146,1.5937319993972778
2025-01-20T05:40:54.500Z,0.9641845226287842,1.5937319993972778
2025-01-20T05:40:55.000Z,1.1131082773208618,1.5937319993972778
2025-01-20T05:40:55.500Z,0.9852390289306641,1.5937319993972778
2025-01-20T05:40:56.000Z,1.0361050367355347,1.5937319993972778
2025-01-20T05:40:56.500Z,1.1179170608520508,1.5937319993972778
2025-01-20T05:40:57.000Z,1.0676038265228271,1.5937319993972778
2025-01-20T05:40:57.500Z,1.0183136463165283,1.5937319993972778
2025-01-20T05:40:58.000Z,1.094847559928894,1.5937319993972778
2025-01-20T05:40:58.500Z,1.084229588508606,1.5937319993972778
2025-01-20T05:40:59.000Z,1.13863205909729,1.5937319993972778
2025-01-20T05:40:59.500Z,1.0077768564224243,1.5937319993972778
2025-01-20T05:41:00.000Z,1.0304605960845947,1.5937319993972778
2025-01-20T05:41:00.500Z,1.1474570035934448,1.5937319993972778
2025-01-20T05:41:01.000Z,1.0557218790054321,1.5937319993972778
2025-01-20T05:41:01.500Z,1.081476092338562,1.5937319993972778
2025-01-20T05:41:02.000Z,1.1045048236846924,1.5937319993972778
2025-01-20T05:41:02.500Z,1.0098426342010498,1.5937319993972778
2025-01-20T05:41:03.000Z,0.8989575505256653,1.5937319993972778
2025-01-20T05:41:03.500Z,0.9609644412994385,1.5937319993972778
2025-01-20T05:41:04.000Z,0.9501416087150574,1.5937319993972778
2025-01-20T05:41:04.500Z,1.0060880184173584,1.5937319993972778
2025-01-20T05:41:05.000Z,1.086078405380249,1.5937319993972778
2025-01-20T05:41:05.500Z,1.1063175201416016,1.5937319993972778
2025-01-20T05:41:06.000Z,1.119736909866333,1.5937319993972778
2025-01-20T05:41:06.500Z,1.051844596862793,1.5937319993972778
2025-01-20T05:41:07.000Z,0.9217544794082642,1.5937319993972778
2025-01-20T05:41:07.500Z,1.0700489282608032,1.5937319993972778
2025-01-20T05:41:08.000Z,1.0126910209655762,1.5937319993972778
2025-01-20T05:41:08.500Z,1.1489713191986084,1.5937319993972778
2025-01-20T05:41:09.000Z,1.04119074344635,1.5937319993972778
2025-01-20T05:41:09.500Z,0.9598502516746521,1.5937319993972778
2025-01-20T05:41:10.000Z,1.0001842975616455,1.5937319993972778
2025-01-20T05:41:10.500Z,1.0991588830947876,1.5937319993972778
2025-01-20T05:41:11.000Z,1.0857661962509155,1.5937319993972778
2025-01-20T05:41:11.500Z,1.0653201341629028,1.5937319993972778
2025-01-20T05:41:12.000Z,0.9873362183570862,1.5937319993972778
2025-01-20T05:41:12.500Z,1.0226331949234009,1.5937319993972778
2025-01-20T05:41:13.000Z,1.1181451082229614,1.5937319993972778
2025-01-20T05:41:13.500Z,1.0142747163772583,1.5937319993972778
2025-01-20T05:41:14.000Z,1.0637083053588867,1.5937319993972778
2025-01-20T05:41:14.500Z,0.9202116131782532,1.5937319993972778
2025-01-20T05:41:15.000Z,1.115938663482666,1.5937319993972778
2025-01-20T05:41:15.500Z,1.0760031938552856,1.5937319993972778
2025-01-20T05:41:16.000Z,1.061601161956787,1.5937319993972778
2025-01-20T05:41:16.500Z,1.048875331878662,1.5937319993972778
2025-01-20T05:41:17.000Z,0.8782661557197571,1.5937319993972778
2025-01-20T05:41:17.500Z,1.1559498310089111,1.5937319993972778
2025-01-20T05:41:18.000Z,1.082276701927185,1.5937319993972778
2025-01-20T05:41:18.500Z,1.1099445819854736,1.5937319993972778
2025-01-20T05:41:19.000Z,1.08102548122406,1.5937319993972778
2025-01-20T05:41:19.500Z,0.9274531006813049,1.5937319993972778
2025-01-20T05:41:20.000Z,1.0350021123886108,1.5937319993972778
2025-01-20T05:41:20.500Z,1.0153913497924805,1.5937319993972778
2025-01-20T05:41:21.000Z,0.9730800986289978,1.5937319993972778
2025-01-20T05:41:21.500Z,0.9765752553939819,1.5937319993972778
2025-01-20T05:41:22.000Z,1.079661250114441,1.5937319993972778
2025-01-20T05:41:22.500Z,1.0531985759735107,1.5937319993972778
2025-01-20T05:41:23.000Z,1.0380096435546875,1.5937319993972778
2025-01-20T05:41:23.500Z,0.9308065176010132,1.5937319993972778
2025-01-20T05:41:24.000Z,0.9439979195594788,1.5937319993972778
2025-01-20T05:41:24.500Z,0.9949959516525269,1.5937319993972778
2025-01-20T05:41:25.000Z,1.0103787183761597,1.5937319993972778
2025-01-20T05:41:25.500Z,1.0422656536102295,1.5937319993972778
2025-01-20T05:41:26.000Z,1.0339239835739136,1.5937319993972778
2025-01-20T05:41:26.500Z,1.0045665502548218,1.5937319993972778
2025-01-20T05:41:27.000Z,0.9513062834739685,1.5937319993972778
2025-01-20T05:41:27.500Z,0.880204439163208,1.5937319993972778
2025-01-20T05:41:28.000Z,0.9550137519836426,1.5937319993972778
2025-01-20T05:41:28.500Z,0.9136765599250793,1.5937319993972778
2025-01-20T05:41:29.000Z,1.0158623456954956,1.5937319993972778
2025-01-20T05:41:29.500Z,0.9631180763244629,1.5937319993972778
2025-01-20T05:41:30.000Z,0.8924499750137329,1.5937319993972778
2025-01-20T05:41:30.500Z,1.0106897354125977,1.5937319993972778
2025-01-20T05:41:31.000Z,1.0790817737579346,1.5937319993972778
2025-01-20T05:41:31.500Z,1.017086148262024,1.5937319993972778
2025-01-20T05:41:32.000Z,1.0383477210998535,1.5937319993972778
2025-01-20T05:41:32.500Z,0.8999940752983093,1.5937319993972778
2025-01-20T05:41:33.000Z,1.0232118368148804,1.5937319993972778
2025-01-20T05:41:33.500Z,1.1390228271484375,1.5937319993972778
2025-01-20T05:41:34.000Z,0.9392524361610413,1.5937319993972778
2025-01-20T05:41:34.500Z,0.9976879954338074,1.5937319993972778
2025-01-20T05:41:35.000Z,0.9962981343269348,1.5937319993972778
2025-01-20T05:41:35.500Z,1.0461351871490479,1.5937319993972778
2025-01-20T05:41:36.000Z,1.1232331991195679,1.5937319993972778
2025-01-20T05:41:36.500Z,1.012054443359375,1.5937319993972778
2025-01-20T05:41:37.000Z,1.0197315216064453,1.5937319993972778
2025-01-20T05:41:37.500Z,1.0196819305419922,1.5937319993972778
2025-01-20T05:41:38.000Z,1.0385323762893677,1.5937319993972778
2025-01-20T05:41:38.500Z,1.0137227773666382,1.5937319993972778
2025-01-20T05:41:39.000Z,0.8900264501571655,1.5937319993972778
2025-01-20T05:41:39.500Z,1.0267376899719238,1.5937319993972778
2025-01-20T05:41:40.000Z,1.099026083946228,1.5937319993972778
2025-01-20T05:41:40.500Z,1.0212351083755493,1.5937319993972778
2025-01-20T05:41:41.000Z,0.950717568397522,1.5937319993972778
2025-01-20T05:41:41.500Z,1.0335286855697632,1.5937319993972778
2025-01-20T05:41:42.000Z,0.997188150882721,1.5937319993972778
2025-01-20T05:41:42.500Z,1.072809100151062,1.5937319993972778
2025-01-20T05:41:43.000Z,1.0234711170196533,1.5937319993972778
2025-01-20T05:41:43.500Z,1.0631740093231201,1.5937319993972778
2025-01-20T05:41:44.000Z,0.9867175817489624,1.5937319993972778
2025-01-20T05:41:44.500Z,1.1359107494354248,1.5937319993972778
2025-01-20T05:41:45.000Z,1.1636370420455933,1.5937319993972778
2025-01-20T05:41:45.500Z,0.978702962398529,1.5937319993972778
2025-01-20T05:41:46.000Z,1.135744571685791,1.5937319993972778
2025-01-20T05:41:46.500Z,0.9285447597503662,1.5937319993972778
2025-01-20T05:41:47.000Z,1.013812780380249,1.5937319993972778
2025-01-20T05:41:47.500Z,1.011940836906433,1.5937319993972778
2025-01-20T05:41:48.000Z,0.9511622786521912,1.5937319993972778
2025-01-20T05:41:48.500Z,1.0068299770355225,1.5937319993972778
2025-01-20T05:41:49.000Z,1.0918991565704346,1.5937319993972778
2025-01-20T05:41:49.500Z,1.1211533546447754,1.5937319993972778
2025-01-20T05:41:50.000Z,0.9633498191833496,1.5937319993972778
2025-01-20T05:41:50.500Z,1.0304241180419922,1.5937319993972778
2025-01-20T05:41:51.000Z,0.9894752502441406,1.5937319993972778
2025-01-20T05:41:51.500Z,1.0115041732788086,1.5937319993972778
2025-01-20T05:41:52.000Z,1.1344364881515503,1.5937319993972778
2025-01-20T05:41:52.500Z,1.0077565908432007,1.5937319993972778
2025-01-20T05:41:53.000Z,1.0380771160125732,1.5937319993972778
2025-01-20T05:41:53.500Z,1.2141950130462646,1.5937319993972778
2025-01-20T05:41:54.000Z,0.94792240858078,1.5937319993972778
2025-01-20T05:41:54.500Z,0.9824256896972656,1.5937319993972778
2025-01-20T05:41:55.000Z,1.020380973815918,1.5937319993972778
2025-01-20T05:41:55.500Z,1.0674458742141724,1.5937319993972778
2025-01-20T05:41:56.000Z,0.9831202626228333,1.5937319993972778
2025-01-20T05:41:56.500Z,1.0748859643936157,1.5937319993972778
2025-01-20T05:41:57.000Z,0.9625391960144043,1.5937319993972778
2025-01-20T05:41:57.500Z,0.9041323065757751,1.5937319993972778
2025-01-20T05:41:58.000Z,0.9033019542694092,1.5937319993972778
2025-01-20T05:41:58.500Z,0.9824340343475342,1.5937319993972778
2025-01-20T05:41:59.000Z,1.0143842697143555,1.5937319993972778
2025-01-20T05:41:59.500Z,1.0293424129486084,1.5937319993972778
2025-01-20T05:42:00.000Z,0.9953633546829224,1.5937319993972778
2025-01-20T05:42:00.500Z,0.9892666339874268,1.5937319993972778
2025-01-20T05:42:01.000Z,1.009703278541565,1.5937319993972778
2025-01-20T05:42:01.500Z,1.055275797843933,1.5937319993972778
2025-01-20T05:42:02.000Z,1.1024868488311768,1.5937319993972778
2025-01-20T05:42:02.500Z,1.0467538833618164,1.5937319993972778
2025-01-20T05:42:03.000Z,1.062461018562317,1.5937319993972778
2025-01-20T05:42:03.500Z,1.1552238464355469,1.5937319993972778
2025-01-20T05:42:04.000Z,1.009099006652832,1.5937319993972778
2025-01-20T05:42:04.500Z,1.2111250162124634,1.5937319993972778
2025-01-20T05:42:05.000Z,1.062591314315796,1.5937319993972778
2025-01-20T05:42:05.500Z,1.0181396007537842,1.5937319993972778
2025-01-20T05:42:06.000Z,1.1487714052200317,1.5937319993972778
2025-01-20T05:42:06.500Z,0.9366795420646667,1.5937319993972778
2025-01-20T05:42:07.000Z,0.9962887763977051,1.5937319993972778
2025-01-20T05:42:07.500Z,1.033673882484436,1.5937319993972778
2025-01-20T05:42:08.000Z,0.9371377229690552,1.5937319993972778
2025-01-20T05:42:08.500Z,0.9892556667327881,1.5937319993972778
2025-01-20T05:42:09.000Z,0.959882378578186,1.5937319993972778
2025-01-20T05:42:09.500Z,1.0283212661743164,1.5937319993972778
2025-01-20T05:42:10.000Z,1.0377519130706787,1.5937319993972778
2025-01-20T05:42:10.500Z,0.9452944397926331,1.5937319993972778
2025-01-20T05:42:11.000Z,0.9141597747802734,1.5937319993972778
2025-01-20T05:42:11.500Z,0.9391881227493286,1.5937319993972778
2025-01-20T05:42:12.000Z,0.9464647173881531,1.5937319993972778
2025-01-20T05:42:12.500Z,1.0277655124664307,1.5937319993972778
2025-01-20T05:42:13.000Z,0.9934050440788269,1.5937319993972778
2025-01-20T05:42:13.500Z,0.9108228087425232,1.5937319993972778
2025-01-20T05:42:14.000Z,0.9916816353797913,1.5937319993972778
2025-01-20T05:42:14.500Z,0.998387336730957,1.5937319993972778
2025-01-20T05:42:15.000Z,0.9609999060630798,1.5937319993972778
2025-01-20T05:42:15.500Z,0.9621056318283081,1.5937319993972778
2025-01-20T05:42:16.000Z,0.9575474262237549,1.5937319993972778
2025-01-20T05:42:16.500Z,1.0044296979904175,1.5937319993972778
2025-01-20T05:42:17.000Z,1.0389362573623657,1.5937319993972778
2025-01-20T05:42:17.500Z,0.9200270175933838,1.5937319993972778
2025-01-20T05:42:18.000Z,1.0684195756912231,1.5937319993972778
2025-01-20T05:42:18.500Z,1.0257467031478882,1.5937319993972778
2025-01-20T05:42:19.000Z,0.9497451782226562,1.5937319993972778
2025-01-20T05:42:19.500Z,0.986068844795227,1.5937319993972778
2025-01-20T05:42:20.000Z,1.0225090980529785,1.5937319993972778
2025-01-20T05:42:20.500Z,1.0869348049163818,1.5937319993972778
2025-01-20T05:42:21.000Z,0.9700084328651428,1.5937319993972778
2025-01-20T05:42:21.500Z,0.9528920650482178,1.5937319993972778
2025-01-20T05:42:22.000Z,0.9210329651832581,1.5937319993972778
2025-01-20T05:42:22.500Z,1.1622662544250488,1.5937319993972778
2025-01-20T05:42:23.000Z,1.0551584959030151,1.5937319993972778
2025-01-20T05:42:23.500Z,1.0477851629257202,1.5937319993972778
2025-01-20T05:42:24.000Z,1.0862175226211548,1.5937319993972778
2025-01-20T05:42:24.500Z,0.9796021580696106,1.5937319993972778
2025-01-20T05:42:25.000Z,0.954866349697113,1.5937319993972778
2025-01-20T05:42:25.500Z,1.054592490196228,1.5937319993972778
2025-01-20T05:42:26.000Z,0.9920927882194519,1.5937319993972778
2025-01-20T05:42:26.500Z,0.9475746750831604,1.5937319993972778
2025-01-20T05:42:27.000Z,1.0387812852859497,1.5937319993972778
2025-01-20T05:42:27.500Z,0.9942761063575745,1.5937319993972778
2025-01-20T05:42:28.000Z,0.9821334481239319,1.5937319993972778
2025-01-20T05:42:28.500Z,1.0532801151275635,1.5937319993972778
2025-01-20T05:42:29.000Z,1.0017244815826416,1.5937319993972778
2025-01-20T05:42:29.500Z,1.0967586040496826,1.5937319993972778
2025-01-20T05:42:30.000Z,0.9852533340454102,1.5937319993972778
2025-01-20T05:42:30.500Z,0.9639970064163208,1.5937319993972778
2025-01-20T05:42:31.000Z,1.0112040042877197,1.5937319993972778
2025-01-20T05:42:31.500Z,1.0486478805541992,1.5937319993972778
2025-01-20T05:42:32.000Z,1.0254230499267578,1.5937319993972778
2025-01-20T05:42:32.500Z,0.9889352321624756,1.5937319993972778
2025-01-20T05:42:33.000Z,1.0854378938674927,1.5937319993972778
2025-01-20T05:42:33.500Z,1.1154122352600098,1.5937319993972778
2025-01-20T05:42:34.000Z,1.0534546375274658,1.5937319993972778
2025-01-20T05:42:34.500Z,1.086079478263855,1.5937319993972778
2025-01-20T05:42:35.000Z,1.0093052387237549,1.5937319993972778
2025-01-20T05:42:35.500Z,1.155171513557434,1.5937319993972778
2025-01-20T05:42:36.000Z,1.0141448974609375,1.5937319993972778
2025-01-20T05:42:36.500Z,0.9962522387504578,1.5937319993972778
2025-01-20T05:42:37.000Z,1.027541995048523,1.5937319993972778
2025-01-20T05:42:37.500Z,0.9162477850914001,1.5937319993972778
2025-01-20T05:42:38.000Z,1.067764401435852,1.5937319993972778
2025-01-20T05:42:38.500Z,1.0600446462631226,1.5937319993972778
2025-01-20T05:42:39.000Z,1.02265202999115,1.5937319993972778
2025-01-20T05:42:39.500Z,1.069930076599121,1.5937319993972778
2025-01-20T05:42:40.000Z,1.0317192077636719,1.5937319993972778
2025-01-20T05:42:40.500Z,1.0766452550888062,1.5937319993972778
2025-01-20T05:42:41.000Z,0.9561024904251099,1.5937319993972778
2025-01-20T05:42:41.500Z,1.013666033744812,1.5937319993972778
2025-01-20T05:42:42.000Z,0.983147144317627,1.5937319993972778
2025-01-20T05:42:42.500Z,0.9319851398468018,1.5937319993972778
2025-01-20T05:42:43.000Z,1.0391502380371094,1.5937319993972778
2025-01-20T05:42:43.500Z,1.00102698802948,1.5937319993972778
2025-01-20T05:42:44.000Z,1.0337889194488525,1.5937319993972778
2025-01-20T05:42:44.500Z,0.9744436740875244,1.5937319993972778
2025-01-20T05:42:45.000Z,0.946484386920929,1.5937319993972778
2025-01-20T05:42:45.500Z,1.001470923423767,1.5937319993972778
2025-01-20T05:42:46.000Z,1.0394734144210815,1.5937319993972778
2025-01-20T05:42:46.500Z,1.091496467590332,1.5937319993972778
2025-01-20T05:42:47.000Z,0.9232794642448425,1.5937319993972778
2025-01-20T05:42:47.500Z,0.9639812707901001,1.5937319993972778
2025-01-20T05:42:48.000Z,1.021868109703064,1.5937319993972778
2025-01-20T05:42:48.500Z,1.02972412109375,1.5937319993972778
2025-01-20T05:42:49.000Z,1.0334912538528442,1.5937319993972778
2025-01-20T05:42:49.500Z,0.9998323917388916,1.5937319993972778
2025-01-20T05:42:50.000Z,1.032883644104004,1.5937319993972778
2025-01-20T05:42:50.500Z,1.1290080547332764,1.5937319993972778
2025-01-20T05:42:51.000Z,0.9520633220672607,1.5937319993972778
2025-01-20T05:42:51.500Z,1.0654276609420776,1.5937319993972778
2025-01-20T05:42:52.000Z,0.9237632155418396,1.5937319993972778
2025-01-20T05:42:52.500Z,0.9880680441856384,1.5937319993972778
2025-01-20T05:42:53.000Z,0.9384326934814453,1.5937319993972778
2025-01-20T05:42:53.500Z,0.992965042591095,1.5937319993972778
2025-01-20T05:42:54.000Z,1.1090701818466187,1.5937319993972778
2025-01-20T05:42:54.500Z,1.1074882745742798,1.5937319993972778
2025-01-20T05:42:55.000Z,0.9736220240592957,1.5937319993972778
2025-01-20T05:42:55.500Z,1.1247518062591553,1.5937319993972778
2025-01-20T05:42:56.000Z,0.8894281983375549,1.5937319993972778
2025-01-20T05:42:56.500Z,1.0270421504974365,1.5937319993972778
2025-01-20T05:42:57.000Z,0.9354583024978638,1.5937319993972778
2025-01-20T05:42:57.500Z,1.0850461721420288,1.5937319993972778
2025-01-20T05:42:58.000Z,1.0086053609848022,1.5937319993972778
2025-01-20T05:42:58.500Z,0.9706920385360718,1.5937319993972778
2025-01-20T05:42:59.000Z,0.9283217191696167,1.5937319993972778
2025-01-20T05:42:59.500Z,1.013147234916687,1.5937319993972778
2025-01-20T05:43:00.000Z,1.1018455028533936,1.5937319993972778
2025-01-20T05:43:00.500Z,1.1352630853652954,1.5937319993972778
2025-01-20T05:43:01.000Z,0.9783002734184265,1.5937319993972778
2025-01-20T05:43:01.500Z,0.9802894592285156,1.5937319993972778
2025-01-20T05:43:02.000Z,1.0626212358474731,1.5937319993972778
2025-01-20T05:43:02.500Z,1.0594823360443115,1.5937319993972778
2025-01-20T05:43:03.000Z,1.0584123134613037,1.5937319993972778
2025-01-20T05:43:03.500Z,1.0470823049545288,1.5937319993972778
2025-01-20T05:43:04.000Z,1.0084055662155151,1.5937319993972778
2025-01-20T05:43:04.500Z,1.079498529434204,1.5937319993972778
2025-01-20T05:43:05.000Z,0.9809402227401733,1.5937319993972778
2025-01-20T05:43:05.500Z,1.0250157117843628,1.5937319993972778
2025-01-20T05:43:06.000Z,0.9840792417526245,1.5937319993972778
2025-01-20T05:43:06.500Z,0.9294041991233826,1.5937319993972778
2025-01-20T05:43:07.000Z,0.9847744107246399,1.5937319993972778
2025-01-20T05:43:07.500Z,1.100008487701416,1.5937319993972778
2025-01-20T05:43:08.000Z,1.1394466161727905,1.5937319993972778
2025-01-20T05:43:08.500Z,1.1834639310836792,1.5937319993972778
2025-01-20T05:43:09.000Z,1.0306344032287598,1.5937319993972778
2025-01-20T05:43:09.500Z,1.2534693479537964,1.5937319993972778
2025-01-20T05:43:10.000Z,0.9115046858787537,1.5937319993972778
2025-01-20T05:43:10.500Z,0.8209356069564819,1.5937319993972778
2025-01-20T05:43:11.000Z,0.9853235483169556,1.5937319993972778
2025-01-20T05:43:11.500Z,1.1402130126953125,1.5937319993972778
2025-01-20T05:43:12.000Z,0.8897618055343628,1.5937319993972778
2025-01-20T05:43:12.500Z,1.0962694883346558,1.5937319993972778
2025-01-20T05:43:13.000Z,0.9410650134086609,1.5937319993972778
2025-01-20T05:43:13.500Z,1.0432264804840088,1.5937319993972778
2025-01-20T05:43:14.000Z,1.1221280097961426,1.5937319993972778
2025-01-20T05:43:14.500Z,1.035166621208191,1.5937319993972778
2025-01-20T05:43:15.000Z,0.9878745675086975,1.5937319993972778
2025-01-20T05:43:15.500Z,1.04154634475708,1.5937319993972778
2025-01-20T05:43:16.000Z,1.0686756372451782,1.5937319993972778
2025-01-20T05:43:16.500Z,0.9973085522651672,1.5937319993972778
2025-01-20T05:43:17.000Z,1.168121576309204,1.5937319993972778
2025-01-20T05:43:17.500Z,1.0936859846115112,1.5937319993972778
2025-01-20T05:43:18.000Z,1.0841840505599976,1.5937319993972778
2025-01-20T05:43:18.500Z,0.9912064075469971,1.5937319993972778
2025-01-20T05:43:19.000Z,0.9701533317565918,1.5937319993972778
2025-01-20T05:43:19.500Z,1.131782054901123,1.5937319993972778
2025-01-20T05:43:20.000Z,0.9936519265174866,1.5937319993972778
2025-01-20T05:43:20.500Z,0.8886276483535767,1.5937319993972778
2025-01-20T05:43:21.000Z,0.9468623399734497,1.5937319993972778
2025-01-20T05:43:21.500Z,1.018135905265808,1.5937319993972778
2025-01-20T05:43:22.000Z,1.0222872495651245,1.5937319993972778
2025-01-20T05:43:22.500Z,1.0023863315582275,1.5937319993972778
2025-01-20T05:43:23.000Z,0.9795202612876892,1.5937319993972778
2025-01-20T05:43:23.500Z,1.043509840965271,1.5937319993972778
2025-01-20T05:43:24.000Z,1.1387995481491089,1.5937319993972778
2025-01-20T05:43:24.500Z,1.0054738521575928,1.5937319993972778
2025-01-20T05:43:25.000Z,0.9371879696846008,1.5937319993972778
2025-01-20T05:43:25.500Z,0.9834482073783875,1.5937319993972778
2025-01-20T05:43:26.000Z,0.9422658085823059,1.5937319993972778
2025-01-20T05:43:26.500Z,1.0433616638183594,1.5937319993972778
2025-01-20T05:43:27.000Z,1.0517553091049194,1.5937319993972778
2025-01-20T05:43:27.500Z,0.9732815027236938,1.5937319993972778
2025-01-20T05:43:28.000Z,1.061785340309143,1.5937319993972778
2025-01-20T05:43:28.500Z,1.1215184926986694,1.5937319993972778
2025-01-20T05:43:29.000Z,0.9749797582626343,1.5937319993972778
2025-01-20T05:43:29.500Z,1.048661708831787,1.5937319993972778
2025-01-20T05:43:30.000Z,0.9482804536819458,1.5937319993972778
2025-01-20T05:43:30.500Z,1.0317987203598022,1.5937319993972778
2025-01-20T05:43:31.000Z,0.946102499961853,1.5937319993972778
2025-01-20T05:43:31.500Z,1.0045591592788696,1.5937319993972778
2025-01-20T05:43:32.000Z,0.9678977727890015,1.5937319993972778
2025-01-20T05:43:32.500Z,1.0532070398330688,1.5937319993972778
2025-01-20T05:43:33.000Z,1.0424153804779053,1.5937319993972778
2025-01-20T05:43:33.500Z,1.028611421585083,1.5937319993972778
2025-01-20T05:43:34.000Z,1.0615004301071167,1.5937319993972778
2025-01-20T05:43:34.500Z,1.0424624681472778,1.5937319993972778
2025-01-20T05:43:35.000Z,1.0304059982299805,1.5937319993972778
2025-01-20T05:43:35.500Z,0.953229546546936,1.5937319993972778
2025-01-20T05:43:36.000Z,0.9031916856765747,1.5937319993972778
2025-01-20T05:43:36.500Z,0.9949867129325867,1.5937319993972778
2025-01-20T05:43:37.000Z,0.9838989973068237,1.5937319993972778
2025-01-20T05:43:37.500Z,0.9345438480377197,1.5937319993972778
2025-01-20T05:43:38.000Z,0.8706110119819641,1.5937319993972778
2025-01-20T05:43:38.500Z,1.0348522663116455,1.5937319993972778
2025-01-20T05:43:39.000Z,1.0576649904251099,1.5937319993972778
2025-01-20T05:43:39.500Z,0.9721496105194092,1.5937319993972778
2025-01-20T05:43:40.000Z,1.0720540285110474,1.5937319993972778
2025-01-20T05:43:40.500Z,0.9758847951889038,1.5937319993972778
2025-01-20T05:43:41.000Z,0.9823140501976013,1.5937319993972778
2025-01-20T05:43:41.500Z,1.0534288883209229,1.5937319993972778
2025-01-20T05:43:42.000Z,0.9938980937004089,1.5937319993972778
2025-01-20T05:43:42.500Z,1.0101332664489746,1.5937319993972778
2025-01-20T05:43:43.000Z,1.146910309791565,1.5937319993972778
2025-01-20T05:43:43.500Z,0.9090287089347839,1.5937319993972778
2025-01-20T05:43:44.000Z,0.9939253330230713,1.5937319993972778
2025-01-20T05:43:44.500Z,1.001723051071167,1.5937319993972778
2025-01-20T05:43:45.000Z,1.0492963790893555,1.5937319993972778
2025-01-20T05:43:45.500Z,1.0543314218521118,1.5937319993972778
2025-01-20T05:43:46.000Z,1.1128650903701782,1.5937319993972778
2025-01-20T05:43:46.500Z,0.9537568092346191,1.5937319993972778
2025-01-20T05:43:47.000Z,0.9326554536819458,1.5937319993972778
2025-01-20T05:43:47.500Z,1.0114096403121948,1.5937319993972778
2025-01-20T05:43:48.000Z,0.9691332578659058,1.5937319993972778
2025-01-20T05:43:48.500Z,0.9101504683494568,1.5937319993972778
2025-01-20T05:43:49.000Z,1.0430458784103394,1.5937319993972778
2025-01-20T05:43:49.500Z,1.0644443035125732,1.5937319993972778
2025-01-20T05:43:50.000Z,1.1026890277862549,1.5937319993972778
2025-01-20T05:43:50.500Z,0.9095028042793274,1.5937319993972778
2025-01-20T05:43:51.000Z,0.9783439636230469,1.5937319993972778
2025-01-20T05:43:51.500Z,1.0088762044906616,1.5937319993972778
2025-01-20T05:43:52.000Z,1.0289236307144165,1.5937319993972778
2025-01-20T05:43:52.500Z,0.9600529670715332,1.5937319993972778
2025-01-20T05:43:53.000Z,1.1553716659545898,1.5937319993972778
2025-01-20T05:43:53.500Z,1.02504301071167,1.5937319993972778
2025-01-20T05:43:54.000Z,0.9438315033912659,1.5937319993972778
2025-01-20T05:43:54.500Z,0.960376501083374,1.5937319993972778
2025-01-20T05:43:55.000Z,1.0420209169387817,1.5937319993972778
2025-01-20T05:43:55.500Z,1.043115496635437,1.5937319993972778
2025-01-20T05:43:56.000Z,0.9482590556144714,1.5937319993972778
2025-01-20T05:43:56.500Z,0.9724109768867493,1.5937319993972778
2025-01-20T05:43:57.000Z,0.9803758859634399,1.5937319993972778
2025-01-20T05:43:57.500Z,0.9968833327293396,1.5937319993972778
2025-01-20T05:43:58.000Z,1.0245763063430786,1.5937319993972778
2025-01-20T05:43:58.500Z,0.9081881642341614,1.5937319993972778
2025-01-20T05:43:59.000Z,0.9610687494277954,1.5937319993972778
2025-01-20T05:43:59.500Z,1.145078182220459,1.5937319993972778
2025-01-20T05:44:00.000Z,1.029489278793335,1.5937319993972778
2025-01-20T05:44:00.500Z,1.0663269758224487,1.5937319993972778
2025-01-20T05:44:01.000Z,0.898970365524292,1.5937319993972778
2025-01-20T05:44:01.500Z,1.0197504758834839,1.5937319993972778
2025-01-20T05:44:02.000Z,0.968768835067749,1.5937319993972778
2025-01-20T05:44:02.500Z,1.0766057968139648,1.5937319993972778
2025-01-20T05:44:03.000Z,1.1415085792541504,1.5937319993972778
2025-01-20T05:44:03.500Z,1.0975593328475952,1.5937319993972778
2025-01-20T05:44:04.000Z,1.0814688205718994,1.5937319993972778
2025-01-20T05:44:04.500Z,0.9701277613639832,1.5937319993972778
2025-01-20T05:44:05.000Z,0.9462093114852905,1.5937319993972778
2025-01-20T05:44:05.500Z,0.9810318946838379,1.5937319993972778
2025-01-20T05:44:06.000Z,0.9928767681121826,1.5937319993972778
2025-01-20T05:44:06.500Z,0.9676764607429504,1.5937319993972778
2025-01-20T05:44:07.000Z,0.916110634803772,1.5937319993972778
2025-01-20T05:44:07.500Z,1.107802391052246,1.5937319993972778
2025-01-20T05:44:08.000Z,1.1950467824935913,1.5937319993972778
2025-01-20T05:44:08.500Z,1.0027692317962646,1.5937319993972778
2025-01-20T05:44:09.000Z,1.0473060607910156,1.5937319993972778
2025-01-20T05:44:09.500Z,1.009294033050537,1.5937319993972778
2025-01-20T05:44:10.000Z,1.0264995098114014,1.5937319993972778
2025-01-20T05:44:10.500Z,1.10040283203125,1.5937319993972778
2025-01-20T05:44:11.000Z,1.060387134552002,1.5937319993972778
2025-01-20T05:44:11.500Z,1.0290950536727905,1.5937319993972778
2025-01-20T05:44:12.000Z,1.0193589925765991,1.5937319993972778
2025-01-20T05:44:12.500Z,1.0751622915267944,1.5937319993972778
2025-01-20T05:44:13.000Z,0.9973505735397339,1.5937319993972778
2025-01-20T05:44:13.500Z,0.9680382013320923,1.5937319993972778
2025-01-20T05:44:14.000Z,0.9981318116188049,1.5937319993972778
2025-01-20T05:44:14.500Z,0.9950863718986511,1.5937319993972778
2025-01-20T05:44:15.000Z,1.075364589691162,1.5937319993972778
2025-01-20T05:44:15.500Z,0.9860595464706421,1.5937319993972778
2025-01-20T05:44:16.000Z,0.9557678699493408,1.5937319993972778
2025-01-20T05:44:16.500Z,0.9385046362876892,1.5937319993972778
2025-01-20T05:44:17.000Z,1.0350227355957031,1.5937319993972778
2025-01-20T05:44:17.500Z,1.1088294982910156,1.5937319993972778
2025-01-20T05:44:18.000Z,1.154158115386963,1.5937319993972778
2025-01-20T05:44:18.500Z,0.9758163094520569,1.5937319993972778
2025-01-20T05:44:19.000Z,1.0399184226989746,1.5937319993972778
2025-01-20T05:44:19.500Z,1.0191388130187988,1.5937319993972778
2025-01-20T05:44:20.000Z,1.0596965551376343,1.5937319993972778
2025-01-20T05:44:20.500Z,1.0076110363006592,1.5937319993972778
2025-01-20T05:44:21.000Z,0.9623609781265259,1.5937319993972778
2025-01-20T05:44:21.500Z,1.0314613580703735,1.5937319993972778
2025-01-20T05:44:22.000Z,1.056671380996704,1.5937319993972778
2025-01-20T05:44:22.500Z,0.9863501191139221,1.5937319993972778
2025-01-20T05:44:23.000Z,1.0680441856384277,1.5937319993972778
2025-01-20T05:44:23.500Z,0.9540694952011108,1.5937319993972778
2025-01-20T05:44:24.000Z,0.9799184203147888,1.5937319993972778
2025-01-20T05:44:24.500Z,0.995109498500824,1.5937319993972778
2025-01-20T05:44:25.000Z,0.9893938302993774,1.5937319993972778
2025-01-20T05:44:25.500Z,1.0093063116073608,1.5937319993972778
2025-01-20T05:44:26.000Z,0.9709099531173706,1.5937319993972778
2025-01-20T05:44:26.500Z,0.9338189363479614,1.5937319993972778
2025-01-20T05:44:27.000Z,0.8672235012054443,1.5937319993972778
2025-01-20T05:44:27.500Z,0.9567307829856873,1.5937319993972778
2025-01-20T05:44:28.000Z,1.0628938674926758,1.5937319993972778
2025-01-20T05:44:28.500Z,1.0965520143508911,1.5937319993972778
2025-01-20T05:44:29.000Z,0.9273917078971863,1.5937319993972778
2025-01-20T05:44:29.500Z,0.9737022519111633,1.5937319993972778
2025-01-20T05:44:30.000Z,0.8745776414871216,1.5937319993972778
2025-01-20T05:44:30.500Z,0.9623000621795654,1.5937319993972778
2025-01-20T05:44:31.000Z,0.9913801550865173,1.5937319993972778
2025-01-20T05:44:31.500Z,1.0504599809646606,1.5937319993972778
2025-01-20T05:44:32.000Z,1.0101193189620972,1.5937319993972778
2025-01-20T05:44:32.500Z,0.9829913377761841,1.5937319993972778
2025-01-20T05:44:33.000Z,1.0314648151397705,1.5937319993972778
2025-01-20T05:44:33.500Z,0.9540086984634399,1.5937319993972778
2025-01-20T05:44:34.000Z,1.1012390851974487,1.5937319993972778
2025-01-20T05:44:34.500Z,1.0276129245758057,1.5937319993972778
2025-01-20T05:44:35.000Z,0.9739989042282104,1.5937319993972778
2025-01-20T05:44:35.500Z,1.1320807933807373,1.5937319993972778
2025-01-20T05:44:36.000Z,1.0284162759780884,1.5937319993972778
2025-01-20T05:44:36.500Z,1.0207959413528442,1.5937319993972778
2025-01-20T05:44:37.000Z,0.9714766144752502,1.5937319993972778
2025-01-20T05:44:37.500Z,0.9464371204376221,1.5937319993972778
2025-01-20T05:44:38.000Z,1.1208933591842651,1.5937319993972778
2025-01-20T05:44:38.500Z,1.1492096185684204,1.5937319993972778
2025-01-20T05:44:39.000Z,0.9917565584182739,1.5937319993972778
2025-01-20T05:44:39.500Z,1.0783756971359253,1.5937319993972778
2025-01-20T05:44:40.000Z,1.0594877004623413,1.5937319993972778
2025-01-20T05:44:40.500Z,1.0288922786712646,1.5937319993972778
2025-01-20T05:44:41.000Z,0.920239269733429,1.5937319993972778
2025-01-20T05:44:41.500Z,1.1415575742721558,1.5937319993972778
2025-01-20T05:44:42.000Z,1.0409042835235596,1.5937319993972778
2025-01-20T05:44:42.500Z,0.9468056559562683,1.5937319993972778
2025-01-20T05:44:43.000Z,1.015523076057434,1.5937319993972778
2025-01-20T05:44:43.500Z,0.934479832649231,1.5937319993972778
2025-01-20T05:44:44.000Z,0.9783272743225098,1.5937319993972778
2025-01-20T05:44:44.500Z,1.1068421602249146,1.5937319993972778
2025-01-20T05:44:45.000Z,0.9288574457168579,1.5937319993972778
2025-01-20T05:44:45.500Z,1.0588488578796387,1.5937319993972778
2025-01-20T05:44:46.000Z,1.0578489303588867,1.5937319993972778
2025-01-20T05:44:46.500Z,0.9996024966239929,1.5937319993972778
2025-01-20T05:44:47.000Z,0.9238836765289307,1.5937319993972778
2025-01-20T05:44:47.500Z,1.0062068700790405,1.5937319993972778
2025-01-20T05:44:48.000Z,0.9294052720069885,1.5937319993972778
2025-01-20T05:44:48.500Z,1.033463478088379,1.5937319993972778
2025-01-20T05:44:49.000Z,1.1140012741088867,1.5937319993972778
2025-01-20T05:44:49.500Z,1.0690501928329468,1.5937319993972778
2025-01-20T05:44:50.000Z,1.012736439704895,1.5937319993972778
2025-01-20T05:44:50.500Z,1.0045292377471924,1.5937319993972778
2025-01-20T05:44:51.000Z,1.1365047693252563,1.5937319993972778
2025-01-20T05:44:51.500Z,1.1812472343444824,1.5937319993972778
2025-01-20T05:44:52.000Z,1.0451680421829224,1.5937319993972778
2025-01-20T05:44:52.500Z,1.0724352598190308,1.5937319993972778
2025-01-20T05:44:53.000Z,1.0413739681243896,1.5937319993972778
2025-01-20T05:44:53.500Z,1.0793514251708984,1.5937319993972778
2025-01-20T05:44:54.000Z,1.0132795572280884,1.5937319993972778
2025-01-20T05:44:54.500Z,1.0613518953323364,1.5937319993972778
2025-01-20T05:44:55.000Z,1.0285886526107788,1.5937319993972778
2025-01-20T05:44:55.500Z,1.100082278251648,1.5937319993972778
2025-01-20T05:44:56.000Z,1.0334292650222778,1.5937319993972778
2025-01-20T05:44:56.500Z,1.0990134477615356,1.5937319993972778
2025-01-20T05:44:57.000Z,1.0788159370422363,1.5937319993972778
2025-01-20T05:44:57.500Z,1.0614500045776367,1.5937319993972778
2025-01-20T05:44:58.000Z,0.9992130994796753,1.5937319993972778
2025-01-20T05:44:58.500Z,0.9361162185668945,1.5937319993972778
2025-01-20T05:44:59.000Z,1.044020652770996,1.5937319993972778
2025-01-20T05:44:59.500Z,0.9909341335296631,1.5937319993972778
