origin_time,bank_score,threshold,best_template_event_id,best_template_sequence_id
2025-01-20T04:55:00.000Z,0.0215048398822546,0.10883580148220062,21204713,R1.0697.5199.0
2025-01-20T04:55:00.500Z,0.03273062780499458,0.10883580148220062,72154411,R1.2900.11955.0
2025-01-20T04:55:01.000Z,0.02642008475959301,0.10883580148220062,40220017,R1.3027.11698.0
2025-01-20T04:55:01.500Z,0.04065189138054848,0.10883580148220062,71908906,R1.2900.11955.0
2025-01-20T04:55:02.000Z,0.0034452120307832956,0.10883580148220062,72154411,R1.2900.11955.0
2025-01-20T04:55:02.500Z,0.02415323443710804,0.10883580148220062,21204713,R1.0697.5199.0
2025-01-20T04:55:03.000Z,0.028866037726402283,0.10883580148220062,72359026,R1.2900.11955.0
2025-01-20T04:55:03.500Z,0.0247357077896595,0.10883580148220062,71325295,R1.2900.11955.0
2025-01-20T04:55:04.000Z,0.03386910259723663,0.10883580148220062,72359026,R1.2900.11955.0
2025-01-20T04:55:04.500Z,0.034265514463186264,0.10883580148220062,72359026,R1.2900.11955.0
2025-01-20T04:55:05.000Z,0.028777578845620155,0.10883580148220062,71908906,R1.2900.11955.0
2025-01-20T04:55:05.500Z,0.01019479800015688,0.10883580148220062,72154411,R1.2900.11955.0
2025-01-20T04:55:06.000Z,0.027560647577047348,0.10883580148220062,21204713,R1.0697.5199.0
2025-01-20T04:55:06.500Z,0.005713295191526413,0.10883580148220062,21204713,R1.0697.5199.0
2025-01-20T04:55:07.000Z,0.02202184870839119,0.10883580148220062,51214531,R1.2900.11955.0
2025-01-20T04:55:07.500Z,0.011329082772135735,0.10883580148220062,51214531,R1.2900.11955.0
2025-01-20T04:55:08.000Z,0.023210056126117706,0.10883580148220062,21204713,R1.0697.5199.0
2025-01-20T04:55:08.500Z,0.015408553183078766,0.10883580148220062,40220017,R1.3027.11698.0
2025-01-20T04:55:09.000Z,0.022700337693095207,0.10883580148220062,51214531,R1.2900.11955.0
2025-01-20T04:55:09.500Z,0.03063768334686756,0.10883580148220062,71908906,R1.2900.11955.0
2025-01-20T04:55:10.000Z,0.019658150151371956,0.10883580148220062,71908906,R1.2900.11955.0
2025-01-20T04:55:10.500Z,0.009164211340248585,0.10883580148220062,51214531,R1.2900.11955.0
2025-01-20T04:55:11.000Z,0.029256243258714676,0.10883580148220062,51214531,R1.2900.11955.0
2025-01-20T04:55:11.500Z,0.03666181117296219,0.10883580148220062,71325295,R1.2900.11955.0
2025-01-20T04:55:12.000Z,0.02673368901014328,0.10883580148220062,21212835,R1.2172.7737.0
2025-01-20T04:55:12.500Z,0.027931926771998405,0.10883580148220062,21204713,R1.0697.5199.0
2025-01-20T04:55:13.000Z,0.030334891751408577,0.10883580148220062,21204713,R1.0697.5199.0
2025-01-20T04:55:13.500Z,0.03516750410199165,0.10883580148220062,21204713,R1.0697.5199.0
2025-01-20T04:55:14.000Z,0.004076208919286728,0.10883580148220062,51214531,R1.2900.11955.0
2025-01-20T04:55:14.500Z,0.0060850707814097404,0.10883580148220062,72359026,R1.2900.11955.0
2025-01-20T04:55:15.000Z,0.018243378028273582,0.10883580148220062,71908906,R1.2900.11955.0
2025-01-20T04:55:15.500Z,0.018728306517004967,0.10883580148220062,71908906,R1.2900.11955.0
2025-01-20T04:55:16.000Z,0.029683424159884453,0.10883580148220062,71567810,R1.2900.11955.0
2025-01-20T04:55:16.500Z,0.0376342236995697,0.10883580148220062,21212835,R1.2172.7737.0
2025-01-20T04:55:17.000Z,0.03439895808696747,0.10883580148220062,21204713,R1.0697.5199.0
2025-01-20T04:55:17.500Z,0.00891498476266861,0.10883580148220062,71325295,R1.2900.11955.0
2025-01-20T04:55:18.000Z,0.031290531158447266,0.10883580148220062,21204713,R1.0697.5199.0
2025-01-20T04:55:18.500Z,0.05469348281621933,0.10883580148220062,21212835,R1.2172.7737.0
2025-01-20T04:55:19.000Z,0.03078448958694935,0.10883580148220062,71325295,R1.2900.11955.0
2025-01-20T04:55:19.500Z,0.010222976095974445,0.10883580148220062,71325295,R1.2900.11955.0
2025-01-20T04:55:20.000Z,0.015004102140665054,0.10883580148220062,71325295,R1.2900.11955.0
2025-01-20T04:55:20.500Z,0.017284691333770752,0.10883580148220062,51214531,R1.2900.11955.0
2025-01-20T04:55:21.000Z,0.04536125063896179,0.10883580148220062,72154411,R1.2900.11955.0
2025-01-20T04:55:21.500Z,0.04266737774014473,0.10883580148220062,21204713,R1.0697.5199.0
2025-01-20T04:55:22.000Z,0.04280146211385727,0.10883580148220062,21212835,R1.2172.7737.0
2025-01-20T04:55:22.500Z,0.026206806302070618,0.10883580148220062,40237728,R1.3027.11698.0
2025-01-20T04:55:23.000Z,0.030894167721271515,0.10883580148220062,40237728,R1.3027.11698.0
2025-01-20T04:55:23.500Z,0.008822476491332054,0.10883580148220062,71567810,R1.2900.11955.0
2025-01-20T04:55:24.000Z,0.015824394300580025,0.10883580148220062,71567810,R1.2900.11955.0
2025-01-20T04:55:24.500Z,0.045278310775756836,0.10883580148220062,40237728,R1.3027.11698.0
2025-01-20T04:55:25.000Z,0.018739895895123482,0.10883580148220062,21204713,R1.0697.5199.0
2025-01-20T04:55:25.500Z,0.038351695984601974,0.10883580148220062,51214531,R1.2900.11955.0
2025-01-20T04:55:26.000Z,0.01207189541310072,0.10883580148220062,51214531,R1.2900.11955.0
2025-01-20T04:55:26.500Z,0.016422035172581673,0.10883580148220062,71567810,R1.2900.11955.0
2025-01-20T04:55:27.000Z,0.029684284701943398,0.10883580148220062,72359026,R1.2900.11955.0
2025-01-20T04:55:27.500Z,0.05761752650141716,0.10883580148220062,71567810,R1.2900.11955.0
2025-01-20T04:55:28.000Z,0.013724597170948982,0.10883580148220062,21212835,R1.2172.7737.0
2025-01-20T04:55:28.500Z,0.023246778175234795,0.10883580148220062,71908906,R1.2900.11955.0
2025-01-20T04:55:29.000Z,0.0070279063656926155,0.10883580148220062,72154411,R1.2900.11955.0
2025-01-20T04:55:29.500Z,0.0365917831659317,0.10883580148220062,21212835,R1.2172.7737.0
2025-01-20T04:55:30.000Z,0.022857459262013435,0.10883580148220062,71908906,R1.2900.11955.0
2025-01-20T04:55:30.500Z,0.03861252963542938,0.10883580148220062,71567810,R1.2900.11955.0
2025-01-20T04:55:31.000Z,0.04497869312763214,0.10883580148220062,21212835,R1.2172.7737.0
2025-01-20T04:55:31.500Z,0.028775017708539963,0.10883580148220062,71567810,R1.2900.11955.0
2025-01-20T04:55:32.000Z,0.034518301486968994,0.10883580148220062,40237728,R1.3027.11698.0
2025-01-20T04:55:32.500Z,0.026296816766262054,0.10883580148220062,21204713,R1.0697.5199.0
2025-01-20T04:55:33.000Z,0.026266442611813545,0.10883580148220062,51214531,R1.2900.11955.0
2025-01-20T04:55:33.500Z,0.01067437045276165,0.10883580148220062,40237728,R1.3027.11698.0
2025-01-20T04:55:34.000Z,0.018999218940734863,0.10883580148220062,72154411,R1.2900.11955.0
2025-01-20T04:55:34.500Z,0.022891918197274208,0.10883580148220062,71908906,R1.2900.11955.0
2025-01-20T04:55:35.000Z,0.01989450491964817,0.10883580148220062,51214531,R1.2900.11955.0
2025-01-20T04:55:35.500Z,0.011225348338484764,0.10883580148220062,21204713,R1.0697.5199.0
2025-01-20T04:55:36.000Z,0.009790142998099327,0.10883580148220062,40237728,R1.3027.11698.0
2025-01-20T04:55:36.500Z,0.02622881904244423,0.10883580148220062,72359026,R1.2900.11955.0
2025-01-20T04:55:37.000Z,0.030659176409244537,0.10883580148220062,72154411,R1.2900.11955.0
2025-01-20T04:55:37.500Z,0.01204747799783945,0.10883580148220062,40237728,R1.3027.11698.0
2025-01-20T04:55:38.000Z,0.0307147316634655,0.10883580148220062,72154411,R1.2900.11955.0
2025-01-20T04:55:38.500Z,0.02900226227939129,0.10883580148220062,71567810,R1.2900.11955.0
2025-01-20T04:55:39.000Z,0.004877171013504267,0.10883580148220062,40237728,R1.3027.11698.0
2025-01-20T04:55:39.500Z,0.025354355573654175,0.10883580148220062,71325295,R1.2900.11955.0
2025-01-20T04:55:40.000Z,0.02710951864719391,0.10883580148220062,21212835,R1.2172.7737.0
2025-01-20T04:55:40.500Z,0.026833876967430115,0.10883580148220062,21204713,R1.0697.5199.0
2025-01-20T04:55:41.000Z,0.01886580139398575,0.10883580148220062,21204713,R1.0697.5199.0
2025-01-20T04:55:41.500Z,0.015623828396201134,0.10883580148220062,72359026,R1.2900.11955.0
2025-01-20T04:55:42.000Z,0.015042087063193321,0.10883580148220062,21212835,R1.2172.7737.0
2025-01-20T04:55:42.500Z,0.02261335402727127,0.10883580148220062,21212835,R1.2172.7737.0
2025-01-20T04:55:43.000Z,0.013771099038422108,0.10883580148220062,71908906,R1.2900.11955.0
2025-01-20T04:55:43.500Z,0.02602217346429825,0.10883580148220062,51214531,R1.2900.11955.0
2025-01-20T04:55:44.000Z,0.02551746740937233,0.10883580148220062,71908906,R1.2900.11955.0
2025-01-20T04:55:44.500Z,0.03229646012187004,0.10883580148220062,72154411,R1.2900.11955.0
2025-01-20T04:55:45.000Z,0.027461055666208267,0.10883580148220062,72154411,R1.2900.11955.0
2025-01-20T04:55:45.500Z,0.03770487755537033,0.10883580148220062,71908906,R1.2900.11955.0
2025-01-20T04:55:46.000Z,0.01909107342362404,0.10883580148220062,72359026,R1.2900.11955.0
2025-01-20T04:55:46.500Z,0.02493147924542427,0.10883580148220062,51214531,R1.2900.11955.0
2025-01-20T04:55:47.000Z,0.024244429543614388,0.10883580148220062,40237728,R1.3027.11698.0
2025-01-20T04:55:47.500Z,0.04101346805691719,0.10883580148220062,40237728,R1.3027.11698.0
2025-01-20T04:55:48.000Z,0.032641973346471786,0.10883580148220062,71908906,R1.2900.11955.0
2025-01-20T04:55:48.500Z,0.012935670092701912,0.10883580148220062,40237728,R1.3027.11698.0
2025-01-20T04:55:49.000Z,0.018545718863606453,0.10883580148220062,21204713,R1.0697.5199.0
2025-01-20T04:55:49.500Z,0.017202157527208328,0.10883580148220062,72154411,R1.2900.11955.0
2025-01-20T04:55:50.000Z,0.031762100756168365,0.10883580148220062,21204713,R1.0697.5199.0
2025-01-20T04:55:50.500Z,0.01591256819665432,0.10883580148220062,51214531,R1.2900.11955.0
2025-01-20T04:55:51.000Z,0.011453475803136826,0.10883580148220062,71325295,R1.2900.11955.0
2025-01-20T04:55:51.500Z,0.02282179519534111,0.10883580148220062,71325295,R1.2900.11955.0
2025-01-20T04:55:52.000Z,0.02065907046198845,0.10883580148220062,71325295,R1.2900.11955.0
2025-01-20T04:55:52.500Z,0.011970513500273228,0.10883580148220062,40237728,R1.3027.11698.0
2025-01-20T04:55:53.000Z,0.018327707424759865,0.10883580148220062,71908906,R1.2900.11955.0
2025-01-20T04:55:53.500Z,0.01207179669290781,0.10883580148220062,21212835,R1.2172.7737.0
2025-01-20T04:55:54.000Z,0.024647070094943047,0.10883580148220062,71908906,R1.2900.11955.0
2025-01-20T04:55:54.500Z,0.052563104778528214,0.10883580148220062,21212835,R1.2172.7737.0
2025-01-20T04:55:55.000Z,0.031392864882946014,0.10883580148220062,40237728,R1.3027.11698.0
2025-01-20T04:55:55.500Z,0.01637519896030426,0.10883580148220062,71325295,R1.2900.11955.0
2025-01-20T04:55:56.000Z,0.0205233134329319,0.10883580148220062,71325295,R1.2900.11955.0
2025-01-20T04:55:56.500Z,0.02421322837471962,0.10883580148220062,72359026,R1.2900.11955.0
2025-01-20T04:55:57.000Z,0.02323092147707939,0.10883580148220062,72154411,R1.2900.11955.0
2025-01-20T04:55:57.500Z,0.007305528037250042,0.10883580148220062,71908906,R1.2900.11955.0
2025-01-20T04:55:58.000Z,0.027754750102758408,0.10883580148220062,21212835,R1.2172.7737.0
2025-01-20T04:55:58.500Z,0.010347880423069,0.10883580148220062,72154411,R1.2900.11955.0
2025-01-20T04:55:59.000Z,0.02019854262471199,0.10883580148220062,21212835,R1.2172.7737.0
2025-01-20T04:55:59.500Z,0.02981550805270672,0.10883580148220062,21204713,R1.0697.5199.0
2025-01-20T04:56:00.000Z,0.04091716930270195,0.10883580148220062,21204713,R1.0697.5199.0
2025-01-20T04:56:00.500Z,0.019446272403001785,0.10883580148220062,71908906,R1.2900.11955.0
2025-01-20T04:56:01.000Z,0.02168787457048893,0.10883580148220062,40237728,R1.3027.11698.0
2025-01-20T04:56:01.500Z,0.01705114357173443,0.10883580148220062,71567810,R1.2900.11955.0
2025-01-20T04:56:02.000Z,0.016195053234696388,0.10883580148220062,72154411,R1.2900.11955.0
2025-01-20T04:56:02.500Z,0.04655923321843147,0.10883580148220062,21204713,R1.0697.5199.0
2025-01-20T04:56:03.000Z,0.020741354674100876,0.10883580148220062,71567810,R1.2900.11955.0
2025-01-20T04:56:03.500Z,0.019605165347456932,0.10883580148220062,71908906,R1.2900.11955.0
2025-01-20T04:56:04.000Z,0.02129184827208519,0.10883580148220062,40220017,R1.3027.11698.0
2025-01-20T04:56:04.500Z,0.021385440602898598,0.10883580148220062,72154411,R1.2900.11955.0
2025-01-20T04:56:05.000Z,0.03401957452297211,0.10883580148220062,72154411,R1.2900.11955.0
2025-01-20T04:56:05.500Z,0.03481503948569298,0.10883580148220062,21204713,R1.0697.5199.0
2025-01-20T04:56:06.000Z,0.025592466816306114,0.10883580148220062,72359026,R1.2900.11955.0
2025-01-20T04:56:06.500Z,0.0005307555547915399,0.10883580148220062,21204713,R1.0697.5199.0
2025-01-20T04:56:07.000Z,0.03256857395172119,0.10883580148220062,40237728,R1.3027.11698.0
2025-01-20T04:56:07.500Z,0.02484367974102497,0.10883580148220062,21212835,R1.2172.7737.0
2025-01-20T04:56:08.000Z,0.02959134429693222,0.10883580148220062,71325295,R1.2900.11955.0
2025-01-20T04:56:08.500Z,0.03621673211455345,0.10883580148220062,51214531,R1.2900.11955.0
2025-01-20T04:56:09.000Z,0.004439914599061012,0.10883580148220062,72154411,R1.2900.11955.0
2025-01-20T04:56:09.500Z,0.02297223173081875,0.10883580148220062,72154411,R1.2900.11955.0
2025-01-20T04:56:10.000Z,0.023474644869565964,0.10883580148220062,21204713,R1.0697.5199.0
2025-01-20T04:56:10.500Z,0.023326802998781204,0.10883580148220062,21212835,R1.2172.7737.0
2025-01-20T04:56:11.000Z,0.03482453525066376,0.10883580148220062,21212835,R1.2172.7737.0
2025-01-20T04:56:11.500Z,0.012115114368498325,0.10883580148220062,51214531,R1.2900.11955.0
2025-01-20T04:56:12.000Z,0.018976422026753426,0.10883580148220062,40237728,R1.3027.11698.0
2025-01-20T04:56:12.500Z,0.02365802600979805,0.10883580148220062,72154411,R1.2900.11955.0
2025-01-20T04:56:13.000Z,0.03521085903048515,0.10883580148220062,71908906,R1.2900.11955.0
2025-01-20T04:56:13.500Z,0.021410241723060608,0.10883580148220062,72154411,R1.2900.11955.0
2025-01-20T04:56:14.000Z,0.014662165194749832,0.10883580148220062,21204713,R1.0697.5199.0
2025-01-20T04:56:14.500Z,0.01965468004345894,0.10883580148220062,21204713,R1.0697.5199.0
2025-01-20T04:56:15.000Z,0.007935375906527042,0.10883580148220062,40220017,R1.3027.11698.0
2025-01-20T04:56:15.500Z,0.019718173891305923,0.10883580148220062,71325295,R1.2900.11955.0
2025-01-20T04:56:16.000Z,0.02968764863908291,0.10883580148220062,51214531,R1.2900.11955.0
2025-01-20T04:56:16.500Z,0.015700586140155792,0.10883580148220062,21212835,R1.2172.7737.0
2025-01-20T04:56:17.000Z,0.009486203081905842,0.10883580148220062,21204713,R1.0697.5199.0
2025-01-20T04:56:17.500Z,0.016789225861430168,0.10883580148220062,71325295,R1.2900.11955.0
2025-01-20T04:56:18.000Z,0.007234512362629175,0.10883580148220062,51214531,R1.2900.11955.0
2025-01-20T04:56:18.500Z,0.021513547748327255,0.10883580148220062,21212835,R1.2172.7737.0
2025-01-20T04:56:19.000Z,0.02155068702995777,0.10883580148220062,72154411,R1.2900.11955.0
2025-01-20T04:56:19.500Z,0.02228977158665657,0.10883580148220062,72154411,R1.2900.11955.0
2025-01-20T04:56:20.000Z,0.02175183966755867,0.10883580148220062,21204713,R1.0697.5199.0
2025-01-20T04:56:20.500Z,0.021406741812825203,0.10883580148220062,21212835,R1.2172.7737.0
2025-01-20T04:56:21.000Z,0.01874758116900921,0.10883580148220062,40220017,R1.3027.11698.0
2025-01-20T04:56:21.500Z,0.020062796771526337,0.10883580148220062,72154411,R1.2900.11955.0
2025-01-20T04:56:22.000Z,0.02224121056497097,0.10883580148220062,40237728,R1.3027.11698.0
2025-01-20T04:56:22.500Z,0.017450761049985886,0.10883580148220062,21204713,R1.0697.5199.0
2025-01-20T04:56:23.000Z,0.02239454723894596,0.10883580148220062,21212835,R1.2172.7737.0
2025-01-20T04:56:23.500Z,0.040790870785713196,0.10883580148220062,21212835,R1.2172.7737.0
2025-01-20T04:56:24.000Z,0.016862737014889717,0.10883580148220062,51214531,R1.2900.11955.0
2025-01-20T04:56:24.500Z,0.022738484665751457,0.10883580148220062,21212835,R1.2172.7737.0
2025-01-20T04:56:25.000Z,0.016312558203935623,0.10883580148220062,51214531,R1.2900.11955.0
2025-01-20T04:56:25.500Z,0.025357622653245926,0.10883580148220062,72154411,R1.2900.11955.0
2025-01-20T04:56:26.000Z,0.014122072607278824,0.10883580148220062,71908906,R1.2900.11955.0
2025-01-20T04:56:26.500Z,0.013163469731807709,0.10883580148220062,40237728,R1.3027.11698.0
2025-01-20T04:56:27.000Z,0.014668849296867847,0.10883580148220062,21204713,R1.0697.5199.0
2025-01-20T04:56:27.500Z,0.022379444912075996,0.10883580148220062,21204713,R1.0697.5199.0
2025-01-20T04:56:28.000Z,0.01944064348936081,0.10883580148220062,72154411,R1.2900.11955.0
2025-01-20T04:56:28.500Z,0.04158656671643257,0.10883580148220062,21212835,R1.2172.7737.0
2025-01-20T04:56:29.000Z,0.013204162009060383,0.10883580148220062,72154411,R1.2900.11955.0
2025-01-20T04:56:29.500Z,0.018811333924531937,0.10883580148220062,40237728,R1.3027.11698.0
2025-01-20T04:56:30.000Z,0.012059623375535011,0.10883580148220062,51214531,R1.2900.11955.0
2025-01-20T04:56:30.500Z,0.017536304891109467,0.10883580148220062,21204713,R1.0697.5199.0
2025-01-20T04:56:31.000Z,0.02590350992977619,0.10883580148220062,40220017,R1.3027.11698.0
2025-01-20T04:56:31.500Z,0.017363715916872025,0.10883580148220062,51214531,R1.2900.11955.0
2025-01-20T04:56:32.000Z,0.023491524159908295,0.10883580148220062,51214531,R1.2900.11955.0
2025-01-20T04:56:32.500Z,0.03941480815410614,0.10883580148220062,71908906,R1.2900.11955.0
2025-01-20T04:56:33.000Z,0.033094145357608795,0.10883580148220062,51214531,R1.2900.11955.0
2025-01-20T04:56:33.500Z,0.03198353201150894,0.10883580148220062,21212835,R1.2172.7737.0
2025-01-20T04:56:34.000Z,0.03599805012345314,0.10883580148220062,51214531,R1.2900.11955.0
2025-01-20T04:56:34.500Z,0.014989238232374191,0.10883580148220062,72154411,R1.2900.11955.0
2025-01-20T04:56:35.000Z,0.018122896552085876,0.10883580148220062,40220017,R1.3027.11698.0
2025-01-20T04:56:35.500Z,0.034787170588970184,0.10883580148220062,40237728,R1.3027.11698.0
2025-01-20T04:56:36.000Z,0.017245063558220863,0.10883580148220062,40220017,R1.3027.11698.0
2025-01-20T04:56:36.500Z,0.020800087600946426,0.10883580148220062,40237728,R1.3027.11698.0
2025-01-20T04:56:37.000Z,0.01168213039636612,0.10883580148220062,40237728,R1.3027.11698.0
2025-01-20T04:56:37.500Z,0.018680788576602936,0.10883580148220062,72359026,R1.2900.11955.0
2025-01-20T04:56:38.000Z,0.028838157653808594,0.10883580148220062,71908906,R1.2900.11955.0
2025-01-20T04:56:38.500Z,0.03221811354160309,0.10883580148220062,21212835,R1.2172.7737.0
2025-01-20T04:56:39.000Z,0.009486224502325058,0.10883580148220062,40237728,R1.3027.11698.0
2025-01-20T04:56:39.500Z,0.03677477315068245,0.10883580148220062,21212835,R1.2172.7737.0
2025-01-20T04:56:40.000Z,0.015818864107131958,0.10883580148220062,40220017,R1.3027.11698.0
2025-01-20T04:56:40.500Z,0.0250727329403162,0.10883580148220062,51214531,R1.2900.11955.0
2025-01-20T04:56:41.000Z,0.002498147077858448,0.10883580148220062,72359026,R1.2900.11955.0
2025-01-20T04:56:41.500Z,0.022416869178414345,0.10883580148220062,21204713,R1.0697.5199.0
2025-01-20T04:56:42.000Z,0.025084754452109337,0.10883580148220062,21204713,R1.0697.5199.0
2025-01-20T04:56:42.500Z,0.0202728770673275,0.10883580148220062,21212835,R1.2172.7737.0
2025-01-20T04:56:43.000Z,0.002316494472324848,0.10883580148220062,51214531,R1.2900.11955.0
2025-01-20T04:56:43.500Z,0.01651902124285698,0.10883580148220062,71908906,R1.2900.11955.0
2025-01-20T04:56:44.000Z,0.02192871645092964,0.10883580148220062,21204713,R1.0697.5199.0
2025-01-20T04:56:44.500Z,0.027555562555789948,0.10883580148220062,21204713,R1.0697.5199.0
2025-01-20T04:56:45.000Z,0.021334892138838768,0.10883580148220062,71908906,R1.2900.11955.0
2025-01-20T04:56:45.500Z,0.024892359972000122,0.10883580148220062,40220017,R1.3027.11698.0
2025-01-20T04:56:46.000Z,0.033656734973192215,0.10883580148220062,72154411,R1.2900.11955.0
2025-01-20T04:56:46.500Z,0.021630700677633286,0.10883580148220062,40220017,R1.3027.11698.0
2025-01-20T04:56:47.000Z,0.028475143015384674,0.10883580148220062,72154411,R1.2900.11955.0
2025-01-20T04:56:47.500Z,0.026295820251107216,0.10883580148220062,72359026,R1.2900.11955.0
2025-01-20T04:56:48.000Z,0.021896272897720337,0.10883580148220062,51214531,R1.2900.11955.0
2025-01-20T04:56:48.500Z,0.018170330673456192,0.10883580148220062,72359026,R1.2900.11955.0
2025-01-20T04:56:49.000Z,0.012431628070771694,0.10883580148220062,71908906,R1.2900.11955.0
2025-01-20T04:56:49.500Z,0.00913525465875864,0.10883580148220062,72154411,R1.2900.11955.0
2025-01-20T04:56:50.000Z,0.029116440564393997,0.10883580148220062,21204713,R1.0697.5199.0
2025-01-20T04:56:50.500Z,0.023366866633296013,0.10883580148220062,72154411,R1.2900.11955.0
2025-01-20T04:56:51.000Z,0.010034721344709396,0.10883580148220062,72154411,R1.2900.11955.0
2025-01-20T04:56:51.500Z,0.024461591616272926,0.10883580148220062,51214531,R1.2900.11955.0
2025-01-20T04:56:52.000Z,0.011994763277471066,0.10883580148220062,71325295,R1.2900.11955.0
2025-01-20T04:56:52.500Z,0.008889451622962952,0.10883580148220062,72154411,R1.2900.11955.0
2025-01-20T04:56:53.000Z,0.023234635591506958,0.10883580148220062,72359026,R1.2900.11955.0
2025-01-20T04:56:53.500Z,0.022334353998303413,0.10883580148220062,71325295,R1.2900.11955.0
2025-01-20T04:56:54.000Z,0.028146587312221527,0.10883580148220062,21212835,R1.2172.7737.0
2025-01-20T04:56:54.500Z,0.020978381857275963,0.10883580148220062,40237728,R1.3027.11698.0
2025-01-20T04:56:55.000Z,0.022067802026867867,0.10883580148220062,71325295,R1.2900.11955.0
2025-01-20T04:56:55.500Z,0.02409011498093605,0.10883580148220062,72359026,R1.2900.11955.0
2025-01-20T04:56:56.000Z,0.010980596765875816,0.10883580148220062,51214531,R1.2900.11955.0
2025-01-20T04:56:56.500Z,0.022416852414608,0.10883580148220062,21204713,R1.0697.5199.0
2025-01-20T04:56:57.000Z,0.019049042835831642,0.10883580148220062,51214531,R1.2900.11955.0
2025-01-20T04:56:57.500Z,0.01838165894150734,0.10883580148220062,72154411,R1.2900.11955.0
2025-01-20T04:56:58.000Z,0.020030049607157707,0.10883580148220062,51214531,R1.2900.11955.0
2025-01-20T04:56:58.500Z,0.009216641075909138,0.10883580148220062,71908906,R1.2900.11955.0
2025-01-20T04:56:59.000Z,0.015528446063399315,0.10883580148220062,72154411,R1.2900.11955.0
2025-01-20T04:56:59.500Z,0.018075905740261078,0.10883580148220062,72154411,R1.2900.11955.0
2025-01-20T04:57:00.000Z,0.020329579710960388,0.10883580148220062,21212835,R1.2172.7737.0
2025-01-20T04:57:00.500Z,0.041631318628787994,0.10883580148220062,21212835,R1.2172.7737.0
2025-01-20T04:57:01.000Z,0.012994367629289627,0.10883580148220062,72154411,R1.2900.11955.0
2025-01-20T04:57:01.500Z,0.007302824407815933,0.10883580148220062,72154411,R1.2900.11955.0
2025-01-20T04:57:02.000Z,0.00706862797960639,0.10883580148220062,40220017,R1.3027.11698.0
2025-01-20T04:57:02.500Z,0.01575079746544361,0.10883580148220062,21204713,R1.0697.5199.0
2025-01-20T04:57:03.000Z,0.025149529799818993,0.10883580148220062,51214531,R1.2900.11955.0
2025-01-20T04:57:03.500Z,0.02730485238134861,0.10883580148220062,21212835,R1.2172.7737.0
2025-01-20T04:57:04.000Z,0.01968945935368538,0.10883580148220062,71908906,R1.2900.11955.0
2025-01-20T04:57:04.500Z,0.00993056409060955,0.10883580148220062,21212835,R1.2172.7737.0
2025-01-20T04:57:05.000Z,0.004805422853678465,0.10883580148220062,72359026,R1.2900.11955.0
2025-01-20T04:57:05.500Z,0.02998984046280384,0.10883580148220062,40237728,R1.3027.11698.0
2025-01-20T04:57:06.000Z,0.008261295035481453,0.10883580148220062,71567810,R1.2900.11955.0
2025-01-20T04:57:06.500Z,0.03057233616709709,0.10883580148220062,71908906,R1.2900.11955.0
2025-01-20T04:57:07.000Z,0.0334356352686882,0.10883580148220062,21212835,R1.2172.7737.0
2025-01-20T04:57:07.500Z,0.013223559595644474,0.10883580148220062,40237728,R1.3027.11698.0
2025-01-20T04:57:08.000Z,0.023756464943289757,0.10883580148220062,21204713,R1.0697.5199.0
2025-01-20T04:57:08.500Z,0.023674389347434044,0.10883580148220062,51214531,R1.2900.11955.0
2025-01-20T04:57:09.000Z,0.011709318496286869,0.10883580148220062,72359026,R1.2900.11955.0
2025-01-20T04:57:09.500Z,0.015492390841245651,0.10883580148220062,21212835,R1.2172.7737.0
2025-01-20T04:57:10.000Z,0.018612021580338478,0.10883580148220062,40220017,R1.3027.11698.0
2025-01-20T04:57:10.500Z,0.024366751313209534,0.10883580148220062,71325295,R1.2900.11955.0
2025-01-20T04:57:11.000Z,0.02360433153808117,0.10883580148220062,71325295,R1.2900.11955.0
2025-01-20T04:57:11.500Z,0.009631174616515636,0.10883580148220062,72154411,R1.2900.11955.0
2025-01-20T04:57:12.000Z,0.02074812352657318,0.10883580148220062,40237728,R1.3027.11698.0
2025-01-20T04:57:12.500Z,0.030785052105784416,0.10883580148220062,71908906,R1.2900.11955.0
2025-01-20T04:57:13.000Z,0.02067345194518566,0.10883580148220062,40237728,R1.3027.11698.0
2025-01-20T04:57:13.500Z,0.026170093566179276,0.10883580148220062,51214531,R1.2900.11955.0
2025-01-20T04:57:14.000Z,0.0352049320936203,0.10883580148220062,21212835,R1.2172.7737.0
2025-01-20T04:57:14.500Z,0.03840269520878792,0.10883580148220062,51214531,R1.2900.11955.0
2025-01-20T04:57:15.000Z,0.02940535545349121,0.10883580148220062,71567810,R1.2900.11955.0
2025-01-20T04:57:15.500Z,0.013425886631011963,0.10883580148220062,51214531,R1.2900.11955.0
2025-01-20T04:57:16.000Z,0.02246861718595028,0.10883580148220062,71908906,R1.2900.11955.0
2025-01-20T04:57:16.500Z,0.022014319896697998,0.10883580148220062,51214531,R1.2900.11955.0
2025-01-20T04:57:17.000Z,0.03193853422999382,0.10883580148220062,40237728,R1.3027.11698.0
2025-01-20T04:57:17.500Z,0.005945615470409393,0.10883580148220062,72359026,R1.2900.11955.0
2025-01-20T04:57:18.000Z,0.03243871405720711,0.10883580148220062,72359026,R1.2900.11955.0
2025-01-20T04:57:18.500Z,0.03466813266277313,0.10883580148220062,71567810,R1.2900.11955.0
2025-01-20T04:57:19.000Z,0.040128760039806366,0.10883580148220062,72154411,R1.2900.11955.0
2025-01-20T04:57:19.500Z,0.02696574479341507,0.10883580148220062,40237728,R1.3027.11698.0
2025-01-20T04:57:20.000Z,0.011867839843034744,0.10883580148220062,21212835,R1.2172.7737.0
2025-01-20T04:57:20.500Z,0.03339463099837303,0.10883580148220062,71567810,R1.2900.11955.0
2025-01-20T04:57:21.000Z,0.028071193024516106,0.10883580148220062,21212835,R1.2172.7737.0
2025-01-20T04:57:21.500Z,0.016724029555916786,0.10883580148220062,21204713,R1.0697.5199.0
2025-01-20T04:57:22.000Z,0.01850094459950924,0.10883580148220062,40237728,R1.3027.11698.0
2025-01-20T04:57:22.500Z,0.01433207280933857,0.10883580148220062,72359026,R1.2900.11955.0
2025-01-20T04:57:23.000Z,0.02797110192477703,0.10883580148220062,71325295,R1.2900.11955.0
2025-01-20T04:57:23.500Z,0.014578212983906269,0.10883580148220062,72359026,R1.2900.11955.0
2025-01-20T04:57:24.000Z,0.03432841598987579,0.10883580148220062,51214531,R1.2900.11955.0
2025-01-20T04:57:24.500Z,0.014925267547369003,0.10883580148220062,71567810,R1.2900.11955.0
2025-01-20T04:57:25.000Z,0.034126292914152145,0.10883580148220062,21212835,R1.2172.7737.0
2025-01-20T04:57:25.500Z,0.04542839899659157,0.10883580148220062,21212835,R1.2172.7737.0
2025-01-20T04:57:26.000Z,0.025835156440734863,0.10883580148220062,72359026,R1.2900.11955.0
2025-01-20T04:57:26.500Z,0.021755188703536987,0.10883580148220062,71325295,R1.2900.11955.0
2025-01-20T04:57:27.000Z,0.026852333918213844,0.10883580148220062,21204713,R1.0697.5199.0
2025-01-20T04:57:27.500Z,0.013816963881254196,0.10883580148220062,72359026,R1.2900.11955.0
2025-01-20T04:57:28.000Z,0.02426440268754959,0.10883580148220062,40237728,R1.3027.11698.0
2025-01-20T04:57:28.500Z,0.01849733479321003,0.10883580148220062,71908906,R1.2900.11955.0
2025-01-20T04:57:29.000Z,0.012216825969517231,0.10883580148220062,72359026,R1.2900.11955.0
2025-01-20T04:57:29.500Z,0.02579028531908989,0.10883580148220062,21204713,R1.0697.5199.0
2025-01-20T04:57:30.000Z,0.025327667593955994,0.10883580148220062,51214531,R1.2900.11955.0
2025-01-20T04:57:30.500Z,0.025599034503102303,0.10883580148220062,21204713,R1.0697.5199.0
2025-01-20T04:57:31.000Z,0.05685865506529808,0.10883580148220062,21204713,R1.0697.5199.0
2025-01-20T04:57:31.500Z,0.019184034317731857,0.10883580148220062,21204713,R1.0697.5199.0
2025-01-20T04:57:32.000Z,0.012121476233005524,0.10883580148220062,71325295,R1.2900.11955.0
2025-01-20T04:57:32.500Z,0.0192852895706892,0.10883580148220062,72359026,R1.2900.11955.0
2025-01-20T04:57:33.000Z,0.01788577064871788,0.10883580148220062,21212835,R1.2172.7737.0
2025-01-20T04:57:33.500Z,0.04165837541222572,0.10883580148220062,21212835,R1.2172.7737.0
2025-01-20T04:57:34.000Z,0.019719185307621956,0.10883580148220062,51214531,R1.2900.11955.0
2025-01-20T04:57:34.500Z,0.014939814805984497,0.10883580148220062,51214531,R1.2900.11955.0
2025-01-20T04:57:35.000Z,0.0329955630004406,0.10883580148220062,71567810,R1.2900.11955.0
2025-01-20T04:57:35.500Z,0.01306268759071827,0.10883580148220062,72359026,R1.2900.11955.0
2025-01-20T04:57:36.000Z,0.008451959118247032,0.10883580148220062,72154411,R1.2900.11955.0
2025-01-20T04:57:36.500Z,0.014740618877112865,0.10883580148220062,71325295,R1.2900.11955.0
2025-01-20T04:57:37.000Z,0.040100328624248505,0.10883580148220062,21212835,R1.2172.7737.0
2025-01-20T04:57:37.500Z,0.01890444941818714,0.10883580148220062,40220017,R1.3027.11698.0
2025-01-20T04:57:38.000Z,0.020349426195025444,0.10883580148220062,21204713,R1.0697.5199.0
2025-01-20T04:57:38.500Z,0.016745714470744133,0.10883580148220062,71567810,R1.2900.11955.0
2025-01-20T04:57:39.000Z,0.016946131363511086,0.10883580148220062,21204713,R1.0697.5199.0
2025-01-20T04:57:39.500Z,0.024571064859628677,0.10883580148220062,51214531,R1.2900.11955.0
2025-01-20T04:57:40.000Z,0.03660361468791962,0.10883580148220062,71908906,R1.2900.11955.0
2025-01-20T04:57:40.500Z,0.021459383890032768,0.10883580148220062,51214531,R1.2900.11955.0
2025-01-20T04:57:41.000Z,0.027470236644148827,0.10883580148220062,71908906,R1.2900.11955.0
2025-01-20T04:57:41.500Z,0.017202507704496384,0.10883580148220062,21204713,R1.0697.5199.0
2025-01-20T04:57:42.000Z,0.012956969439983368,0.10883580148220062,40220017,R1.3027.11698.0
2025-01-20T04:57:42.500Z,0.031664155423641205,0.10883580148220062,72154411,R1.2900.11955.0
2025-01-20T04:57:43.000Z,0.01570366509258747,0.10883580148220062,51214531,R1.2900.11955.0
2025-01-20T04:57:43.500Z,0.0075784591026604176,0.10883580148220062,72359026,R1.2900.11955.0
2025-01-20T04:57:44.000Z,0.031018977984786034,0.10883580148220062,71325295,R1.2900.11955.0
2025-01-20T04:57:44.500Z,0.04732172191143036,0.10883580148220062,72359026,R1.2900.11955.0
2025-01-20T04:57:45.000Z,0.024884121492505074,0.10883580148220062,71567810,R1.2900.11955.0
2025-01-20T04:57:45.500Z,0.01373898983001709,0.10883580148220062,51214531,R1.2900.11955.0
2025-01-20T04:57:46.000Z,0.02159375138580799,0.10883580148220062,40220017,R1.3027.11698.0
2025-01-20T04:57:46.500Z,0.020933017134666443,0.10883580148220062,72154411,R1.2900.11955.0
2025-01-20T04:57:47.000Z,0.03596564754843712,0.10883580148220062,72154411,R1.2900.11955.0
2025-01-20T04:57:47.500Z,0.050719283521175385,0.10883580148220062,71325295,R1.2900.11955.0
2025-01-20T04:57:48.000Z,0.010125650092959404,0.10883580148220062,72359026,R1.2900.11955.0
2025-01-20T04:57:48.500Z,0.023762693628668785,0.10883580148220062,21204713,R1.0697.5199.0
2025-01-20T04:57:49.000Z,0.03533328324556351,0.10883580148220062,21204713,R1.0697.5199.0
2025-01-20T04:57:49.500Z,0.02095087431371212,0.10883580148220062,40220017,R1.3027.11698.0
2025-01-20T04:57:50.000Z,0.038224946707487106,0.10883580148220062,40237728,R1.3027.11698.0
2025-01-20T04:57:50.500Z,0.020383451133966446,0.10883580148220062,71908906,R1.2900.11955.0
2025-01-20T04:57:51.000Z,0.01479365024715662,0.10883580148220062,72359026,R1.2900.11955.0
2025-01-20T04:57:51.500Z,0.01417627651244402,0.10883580148220062,71908906,R1.2900.11955.0
2025-01-20T04:57:52.000Z,0.035251520574092865,0.10883580148220062,21212835,R1.2172.7737.0
2025-01-20T04:57:52.500Z,0.01891052909195423,0.10883580148220062,40237728,R1.3027.11698.0
2025-01-20T04:57:53.000Z,0.04480336979031563,0.10883580148220062,21212835,R1.2172.7737.0
2025-01-20T04:57:53.500Z,0.036761511117219925,0.10883580148220062,51214531,R1.2900.11955.0
2025-01-20T04:57:54.000Z,0.03050035797059536,0.10883580148220062,71325295,R1.2900.11955.0
2025-01-20T04:57:54.500Z,0.029842060059309006,0.10883580148220062,51214531,R1.2900.11955.0
2025-01-20T04:57:55.000Z,0.029695168137550354,0.10883580148220062,21204713,R1.0697.5199.0
2025-01-20T04:57:55.500Z,0.014967288821935654,0.10883580148220062,72154411,R1.2900.11955.0
2025-01-20T04:57:56.000Z,0.019597776234149933,0.10883580148220062,71567810,R1.2900.11955.0
2025-01-20T04:57:56.500Z,0.013347024098038673,0.10883580148220062,51214531,R1.2900.11955.0
2025-01-20T04:57:57.000Z,0.034532126039266586,0.10883580148220062,71908906,R1.2900.11955.0
2025-01-20T04:57:57.500Z,0.046476177871227264,0.10883580148220062,72359026,R1.2900.11955.0
2025-01-20T04:57:58.000Z,0.019541088491678238,0.10883580148220062,72359026,R1.2900.11955.0
2025-01-20T04:57:58.500Z,0.007270652335137129,0.10883580148220062,72154411,R1.2900.11955.0
2025-01-20T04:57:59.000Z,0.02573264390230179,0.10883580148220062,21212835,R1.2172.7737.0
2025-01-20T04:57:59.500Z,0.01980678364634514,0.10883580148220062,51214531,R1.2900.11955.0
2025-01-20T04:58:00.000Z,0.04028572142124176,0.10883580148220062,71567810,R1.2900.11955.0
2025-01-20T04:58:00.500Z,0.009281628765165806,0.10883580148220062,40220017,R1.3027.11698.0
2025-01-20T04:58:01.000Z,0.038058411329984665,0.10883580148220062,21212835,R1.2172.7737.0
2025-01-20T04:58:01.500Z,0.02723781391978264,0.10883580148220062,71325295,R1.2900.11955.0
2025-01-20T04:58:02.000Z,0.012201542966067791,0.10883580148220062,40237728,R1.3027.11698.0
2025-01-20T04:58:02.500Z,0.01737372949719429,0.10883580148220062,72359026,R1.2900.11955.0
2025-01-20T04:58:03.000Z,0.02241935394704342,0.10883580148220062,71567810,R1.2900.11955.0
2025-01-20T04:58:03.500Z,0.04505215585231781,0.10883580148220062,21212835,R1.2172.7737.0
2025-01-20T04:58:04.000Z,0.016551945358514786,0.10883580148220062,72154411,R1.2900.11955.0
2025-01-20T04:58:04.500Z,0.013144321739673615,0.10883580148220062,51214531,R1.2900.11955.0
2025-01-20T04:58:05.000Z,0.02539394237101078,0.10883580148220062,71908906,R1.2900.11955.0
2025-01-20T04:58:05.500Z,0.013309584930539131,0.10883580148220062,51214531,R1.2900.11955.0
2025-01-20T04:58:06.000Z,0.02471258118748665,0.10883580148220062,51214531,R1.2900.11955.0
2025-01-20T04:58:06.500Z,0.02165774069726467,0.10883580148220062,71908906,R1.2900.11955.0
2025-01-20T04:58:07.000Z,0.03429311886429787,0.10883580148220062,21212835,R1.2172.7737.0
2025-01-20T04:58:07.500Z,0.01798870600759983,0.10883580148220062,71325295,R1.2900.11955.0
2025-01-20T04:58:08.000Z,0.013125349767506123,0.10883580148220062,40237728,R1.3027.11698.0
2025-01-20T04:58:08.500Z,0.013193023391067982,0.10883580148220062,71908906,R1.2900.11955.0
2025-01-20T04:58:09.000Z,0.018211156129837036,0.10883580148220062,21204713,R1.0697.5199.0
2025-01-20T04:58:09.500Z,0.02634207345545292,0.10883580148220062,51214531,R1.2900.11955.0
2025-01-20T04:58:10.000Z,0.028123902156949043,0.10883580148220062,21212835,R1.2172.7737.0
2025-01-20T04:58:10.500Z,0.02682298608124256,0.10883580148220062,21212835,R1.2172.7737.0
2025-01-20T04:58:11.000Z,0.03531844913959503,0.10883580148220062,40220017,R1.3027.11698.0
2025-01-20T04:58:11.500Z,0.011484172195196152,0.10883580148220062,21204713,R1.0697.5199.0
2025-01-20T04:58:12.000Z,0.021462202072143555,0.10883580148220062,40237728,R1.3027.11698.0
2025-01-20T04:58:12.500Z,0.018462032079696655,0.10883580148220062,21212835,R1.2172.7737.0
2025-01-20T04:58:13.000Z,0.0020408218260854483,0.10883580148220062,72359026,R1.2900.11955.0
2025-01-20T04:58:13.500Z,0.028962695971131325,0.10883580148220062,40237728,R1.3027.11698.0
2025-01-20T04:58:14.000Z,0.020473208278417587,0.10883580148220062,21212835,R1.2172.7737.0
2025-01-20T04:58:14.500Z,0.026331130415201187,0.10883580148220062,72359026,R1.2900.11955.0
2025-01-20T04:58:15.000Z,0.03238493204116821,0.10883580148220062,40220017,R1.3027.11698.0
2025-01-20T04:58:15.500Z,0.014606185257434845,0.10883580148220062,40237728,R1.3027.11698.0
2025-01-20T04:58:16.000Z,0.02938363328576088,0.10883580148220062,71908906,R1.2900.11955.0
2025-01-20T04:58:16.500Z,0.02478061430156231,0.10883580148220062,71908906,R1.2900.11955.0
2025-01-20T04:58:17.000Z,0.006980788893997669,0.10883580148220062,72154411,R1.2900.11955.0
2025-01-20T04:58:17.500Z,0.019802313297986984,0.10883580148220062,71325295,R1.2900.11955.0
2025-01-20T04:58:18.000Z,0.014747734181582928,0.10883580148220062,71908906,R1.2900.11955.0
2025-01-20T04:58:18.500Z,0.028978312388062477,0.10883580148220062,40237728,R1.3027.11698.0
2025-01-20T04:58:19.000Z,0.022092167288064957,0.10883580148220062,51214531,R1.2900.11955.0
2025-01-20T04:58:19.500Z,0.025304580107331276,0.10883580148220062,71908906,R1.2900.11955.0
2025-01-20T04:58:20.000Z,0.03445475921034813,0.10883580148220062,40237728,R1.3027.11698.0
2025-01-20T04:58:20.500Z,0.019238870590925217,0.10883580148220062,21204713,R1.0697.5199.0
2025-01-20T04:58:21.000Z,0.03493567928671837,0.10883580148220062,21204713,R1.0697.5199.0
2025-01-20T04:58:21.500Z,0.0156856719404459,0.10883580148220062,21204713,R1.0697.5199.0
2025-01-20T04:58:22.000Z,0.02402687817811966,0.10883580148220062,40237728,R1.3027.11698.0
2025-01-20T04:58:22.500Z,0.017925143241882324,0.10883580148220062,71908906,R1.2900.11955.0
2025-01-20T04:58:23.000Z,0.01843399927020073,0.10883580148220062,21212835,R1.2172.7737.0
2025-01-20T04:58:23.500Z,0.04355078935623169,0.10883580148220062,72359026,R1.2900.11955.0
2025-01-20T04:58:24.000Z,0.022665895521640778,0.10883580148220062,21212835,R1.2172.7737.0
2025-01-20T04:58:24.500Z,0.032008666545152664,0.10883580148220062,40237728,R1.3027.11698.0
2025-01-20T04:58:25.000Z,0.016318757086992264,0.10883580148220062,71567810,R1.2900.11955.0
2025-01-20T04:58:25.500Z,0.009958905167877674,0.10883580148220062,72359026,R1.2900.11955.0
2025-01-20T04:58:26.000Z,0.02459213323891163,0.10883580148220062,40237728,R1.3027.11698.0
2025-01-20T04:58:26.500Z,0.021812407299876213,0.10883580148220062,40220017,R1.3027.11698.0
2025-01-20T04:58:27.000Z,0.02946307137608528,0.10883580148220062,72154411,R1.2900.11955.0
2025-01-20T04:58:27.500Z,0.012089530006051064,0.10883580148220062,72359026,R1.2900.11955.0
2025-01-20T04:58:28.000Z,0.007302071433514357,0.10883580148220062,71908906,R1.2900.11955.0
2025-01-20T04:58:28.500Z,0.023951955139636993,0.10883580148220062,40220017,R1.3027.11698.0
2025-01-20T04:58:29.000Z,0.02255283296108246,0.10883580148220062,71908906,R1.2900.11955.0
2025-01-20T04:58:29.500Z,0.0392066054046154,0.10883580148220062,71908906,R1.2900.11955.0
2025-01-20T04:58:30.000Z,0.0325491689145565,0.10883580148220062,40220017,R1.3027.11698.0
2025-01-20T04:58:30.500Z,0.04809696227312088,0.10883580148220062,21212835,R1.2172.7737.0
2025-01-20T04:58:31.000Z,0.01572265289723873,0.10883580148220062,21212835,R1.2172.7737.0
2025-01-20T04:58:31.500Z,0.017316367477178574,0.10883580148220062,72154411,R1.2900.11955.0
2025-01-20T04:58:32.000Z,0.019465506076812744,0.10883580148220062,71908906,R1.2900.11955.0
2025-01-20T04:58:32.500Z,0.024038687348365784,0.10883580148220062,40220017,R1.3027.11698.0
2025-01-20T04:58:33.000Z,0.031849443912506104,0.10883580148220062,51214531,R1.2900.11955.0
2025-01-20T04:58:33.500Z,0.02568722702562809,0.10883580148220062,21212835,R1.2172.7737.0
2025-01-20T04:58:34.000Z,0.03044610470533371,0.10883580148220062,71908906,R1.2900.11955.0
2025-01-20T04:58:34.500Z,0.009264848195016384,0.10883580148220062,72154411,R1.2900.11955.0
2025-01-20T04:58:35.000Z,0.014032361097633839,0.10883580148220062,71567810,R1.2900.11955.0
2025-01-20T04:58:35.500Z,0.03364186733961105,0.10883580148220062,71908906,R1.2900.11955.0
2025-01-20T04:58:36.000Z,0.02515025995671749,0.10883580148220062,51214531,R1.2900.11955.0
2025-01-20T04:58:36.500Z,0.017202228307724,0.10883580148220062,72154411,R1.2900.11955.0
2025-01-20T04:58:37.000Z,0.026916367933154106,0.10883580148220062,71908906,R1.2900.11955.0
2025-01-20T04:58:37.500Z,0.01816532015800476,0.10883580148220062,71567810,R1.2900.11955.0
2025-01-20T04:58:38.000Z,0.014837225899100304,0.10883580148220062,40220017,R1.3027.11698.0
2025-01-20T04:58:38.500Z,0.03187213093042374,0.10883580148220062,51214531,R1.2900.11955.0
2025-01-20T04:58:39.000Z,0.012345674447715282,0.10883580148220062,21204713,R1.0697.5199.0
2025-01-20T04:58:39.500Z,0.017972322180867195,0.10883580148220062,71908906,R1.2900.11955.0
2025-01-20T04:58:40.000Z,0.01492065005004406,0.10883580148220062,71325295,R1.2900.11955.0
2025-01-20T04:58:40.500Z,0.017197970300912857,0.10883580148220062,72154411,R1.2900.11955.0
2025-01-20T04:58:41.000Z,0.02555845119059086,0.10883580148220062,72359026,R1.2900.11955.0
2025-01-20T04:58:41.500Z,0.025681843981146812,0.10883580148220062,21204713,R1.0697.5199.0
2025-01-20T04:58:42.000Z,0.028470968827605247,0.10883580148220062,51214531,R1.2900.11955.0
2025-01-20T04:58:42.500Z,0.022551247850060463,0.10883580148220062,21212835,R1.2172.7737.0
2025-01-20T04:58:43.000Z,0.023295560851693153,0.10883580148220062,71908906,R1.2900.11955.0
2025-01-20T04:58:43.500Z,0.027069052681326866,0.10883580148220062,71567810,R1.2900.11955.0
2025-01-20T04:58:44.000Z,0.018610309809446335,0.10883580148220062,51214531,R1.2900.11955.0
2025-01-20T04:58:44.500Z,0.01709556020796299,0.10883580148220062,71908906,R1.2900.11955.0
2025-01-20T04:58:45.000Z,0.02680927887558937,0.10883580148220062,71908906,R1.2900.11955.0
2025-01-20T04:58:45.500Z,0.002615399193018675,0.10883580148220062,51214531,R1.2900.11955.0
2025-01-20T04:58:46.000Z,0.020921051502227783,0.10883580148220062,72359026,R1.2900.11955.0
2025-01-20T04:58:46.500Z,0.011698130518198013,0.10883580148220062,40237728,R1.3027.11698.0
2025-01-20T04:58:47.000Z,0.010858796536922455,0.10883580148220062,40237728,R1.3027.11698.0
2025-01-20T04:58:47.500Z,0.01584096997976303,0.10883580148220062,40220017,R1.3027.11698.0
2025-01-20T04:58:48.000Z,0.018060684204101562,0.10883580148220062,21204713,R1.0697.5199.0
2025-01-20T04:58:48.500Z,0.01012101024389267,0.10883580148220062,71908906,R1.2900.11955.0
2025-01-20T04:58:49.000Z,0.024823075160384178,0.10883580148220062,21212835,R1.2172.7737.0
2025-01-20T04:58:49.500Z,0.014928411692380905,0.10883580148220062,71325295,R1.2900.11955.0
2025-01-20T04:58:50.000Z,0.027104459702968597,0.10883580148220062,21212835,R1.2172.7737.0
2025-01-20T04:58:50.500Z,0.03082902915775776,0.10883580148220062,71567810,R1.2900.11955.0
2025-01-20T04:58:51.000Z,0.018747419118881226,0.10883580148220062,21204713,R1.0697.5199.0
2025-01-20T04:58:51.500Z,0.02725507691502571,0.10883580148220062,71567810,R1.2900.11955.0
2025-01-20T04:58:52.000Z,0.007063618395477533,0.10883580148220062,72359026,R1.2900.11955.0
2025-01-20T04:58:52.500Z,0.02734917402267456,0.10883580148220062,72154411,R1.2900.11955.0
2025-01-20T04:58:53.000Z,0.02950049564242363,0.10883580148220062,51214531,R1.2900.11955.0
2025-01-20T04:58:53.500Z,0.020181948319077492,0.10883580148220062,72154411,R1.2900.11955.0
2025-01-20T04:58:54.000Z,0.02358553744852543,0.10883580148220062,71908906,R1.2900.11955.0
2025-01-20T04:58:54.500Z,0.03525189682841301,0.10883580148220062,40220017,R1.3027.11698.0
2025-01-20T04:58:55.000Z,0.02020140178501606,0.10883580148220062,21212835,R1.2172.7737.0
2025-01-20T04:58:55.500Z,0.025107162073254585,0.10883580148220062,71908906,R1.2900.11955.0
2025-01-20T04:58:56.000Z,0.042830564081668854,0.10883580148220062,21212835,R1.2172.7737.0
2025-01-20T04:58:56.500Z,0.03716890513896942,0.10883580148220062,21212835,R1.2172.7737.0
2025-01-20T04:58:57.000Z,0.014991194941103458,0.10883580148220062,40237728,R1.3027.11698.0
2025-01-20T04:58:57.500Z,0.022947512567043304,0.10883580148220062,72359026,R1.2900.11955.0
2025-01-20T04:58:58.000Z,0.014792854897677898,0.10883580148220062,72154411,R1.2900.11955.0
2025-01-20T04:58:58.500Z,0.016105828806757927,0.10883580148220062,72359026,R1.2900.11955.0
2025-01-20T04:58:59.000Z,0.036899395287036896,0.10883580148220062,21204713,R1.0697.5199.0
2025-01-20T04:58:59.500Z,0.04755770415067673,0.10883580148220062,21212835,R1.2172.7737.0
2025-01-20T04:59:00.000Z,0.02963271550834179,0.10883580148220062,71567810,R1.2900.11955.0
2025-01-20T04:59:00.500Z,0.033880945295095444,0.10883580148220062,21212835,R1.2172.7737.0
2025-01-20T04:59:01.000Z,0.04351939260959625,0.10883580148220062,40220017,R1.3027.11698.0
2025-01-20T04:59:01.500Z,0.02426581084728241,0.10883580148220062,72154411,R1.2900.11955.0
2025-01-20T04:59:02.000Z,0.016694512218236923,0.10883580148220062,51214531,R1.2900.11955.0
2025-01-20T04:59:02.500Z,0.007865628227591515,0.10883580148220062,72359026,R1.2900.11955.0
2025-01-20T04:59:03.000Z,0.04752334579825401,0.10883580148220062,21212835,R1.2172.7737.0
2025-01-20T04:59:03.500Z,0.03244655206799507,0.10883580148220062,21204713,R1.0697.5199.0
2025-01-20T04:59:04.000Z,0.01757761277258396,0.10883580148220062,71908906,R1.2900.11955.0
2025-01-20T04:59:04.500Z,0.01321970671415329,0.10883580148220062,40237728,R1.3027.11698.0
2025-01-20T04:59:05.000Z,0.0170445516705513,0.10883580148220062,72154411,R1.2900.11955.0
2025-01-20T04:59:05.500Z,0.018097758293151855,0.10883580148220062,51214531,R1.2900.11955.0
2025-01-20T04:59:06.000Z,0.01864556036889553,0.10883580148220062,72359026,R1.2900.11955.0
2025-01-20T04:59:06.500Z,0.02363066002726555,0.10883580148220062,71908906,R1.2900.11955.0
2025-01-20T04:59:07.000Z,0.03925667330622673,0.10883580148220062,71325295,R1.2900.11955.0
2025-01-20T04:59:07.500Z,0.009261027909815311,0.10883580148220062,40220017,R1.3027.11698.0
2025-01-20T04:59:08.000Z,0.015243657864630222,0.10883580148220062,51214531,R1.2900.11955.0
2025-01-20T04:59:08.500Z,0.014905243180692196,0.10883580148220062,40220017,R1.3027.11698.0
2025-01-20T04:59:09.000Z,0.036933641880750656,0.10883580148220062,40220017,R1.3027.11698.0
2025-01-20T04:59:09.500Z,0.025511203333735466,0.10883580148220062,51214531,R1.2900.11955.0
2025-01-20T04:59:10.000Z,0.030813533812761307,0.10883580148220062,21204713,R1.0697.5199.0
2025-01-20T04:59:10.500Z,0.027819300070405006,0.10883580148220062,40237728,R1.3027.11698.0
2025-01-20T04:59:11.000Z,0.018543116748332977,0.10883580148220062,40220017,R1.3027.11698.0
2025-01-20T04:59:11.500Z,0.022052960470318794,0.10883580148220062,21212835,R1.2172.7737.0
2025-01-20T04:59:12.000Z,0.023006202653050423,0.10883580148220062,71908906,R1.2900.11955.0
2025-01-20T04:59:12.500Z,0.028959469869732857,0.10883580148220062,40220017,R1.3027.11698.0
2025-01-20T04:59:13.000Z,0.02225055731832981,0.10883580148220062,51214531,R1.2900.11955.0
2025-01-20T04:59:13.500Z,0.020884938538074493,0.10883580148220062,72154411,R1.2900.11955.0
2025-01-20T04:59:14.000Z,0.01997489295899868,0.10883580148220062,21212835,R1.2172.7737.0
2025-01-20T04:59:14.500Z,0.029866648837924004,0.10883580148220062,21204713,R1.0697.5199.0
2025-01-20T04:59:15.000Z,0.010789246298372746,0.10883580148220062,71325295,R1.2900.11955.0
2025-01-20T04:59:15.500Z,0.013494347222149372,0.10883580148220062,72359026,R1.2900.11955.0
2025-01-20T04:59:16.000Z,0.012852883897721767,0.10883580148220062,21212835,R1.2172.7737.0
2025-01-20T04:59:16.500Z,0.02465863525867462,0.10883580148220062,40237728,R1.3027.11698.0
2025-01-20T04:59:17.000Z,0.012762759812176228,0.10883580148220062,72359026,R1.2900.11955.0
2025-01-20T04:59:17.500Z,0.02864798717200756,0.10883580148220062,40220017,R1.3027.11698.0
2025-01-20T04:59:18.000Z,0.016219981014728546,0.10883580148220062,40237728,R1.3027.11698.0
2025-01-20T04:59:18.500Z,0.022709302604198456,0.10883580148220062,21204713,R1.0697.5199.0
2025-01-20T04:59:19.000Z,0.01650363765656948,0.10883580148220062,21212835,R1.2172.7737.0
2025-01-20T04:59:19.500Z,0.025273002684116364,0.10883580148220062,71567810,R1.2900.11955.0
2025-01-20T04:59:20.000Z,0.02138858288526535,0.10883580148220062,40220017,R1.3027.11698.0
2025-01-20T04:59:20.500Z,0.009555534459650517,0.10883580148220062,71325295,R1.2900.11955.0
2025-01-20T04:59:21.000Z,0.02362884394824505,0.10883580148220062,21212835,R1.2172.7737.0
2025-01-20T04:59:21.500Z,0.03100620023906231,0.10883580148220062,21204713,R1.0697.5199.0
2025-01-20T04:59:22.000Z,0.016291888430714607,0.10883580148220062,71908906,R1.2900.11955.0
2025-01-20T04:59:22.500Z,0.025420350953936577,0.10883580148220062,21204713,R1.0697.5199.0
2025-01-20T04:59:23.000Z,0.028669238090515137,0.10883580148220062,51214531,R1.2900.11955.0
2025-01-20T04:59:23.500Z,0.007573096081614494,0.10883580148220062,40220017,R1.3027.11698.0
2025-01-20T04:59:24.000Z,0.022099975496530533,0.10883580148220062,40237728,R1.3027.11698.0
2025-01-20T04:59:24.500Z,0.028849957510828972,0.10883580148220062,72154411,R1.2900.11955.0
2025-01-20T04:59:25.000Z,0.02483411878347397,0.10883580148220062,72359026,R1.2900.11955.0
2025-01-20T04:59:25.500Z,0.031214170157909393,0.10883580148220062,72154411,R1.2900.11955.0
2025-01-20T04:59:26.000Z,0.015504138544201851,0.10883580148220062,71567810,R1.2900.11955.0
2025-01-20T04:59:26.500Z,0.03986532241106033,0.10883580148220062,21204713,R1.0697.5199.0
2025-01-20T04:59:27.000Z,0.04226900637149811,0.10883580148220062,51214531,R1.2900.11955.0
2025-01-20T04:59:27.500Z,0.019379450008273125,0.10883580148220062,21204713,R1.0697.5199.0
2025-01-20T04:59:28.000Z,0.030748721212148666,0.10883580148220062,71325295,R1.2900.11955.0
2025-01-20T04:59:28.500Z,0.014482074417173862,0.10883580148220062,71567810,R1.2900.11955.0
2025-01-20T04:59:29.000Z,0.02789555862545967,0.10883580148220062,72359026,R1.2900.11955.0
2025-01-20T04:59:29.500Z,0.01637168601155281,0.10883580148220062,40237728,R1.3027.11698.0
2025-01-20T04:59:30.000Z,0.01252604741603136,0.10883580148220062,71908906,R1.2900.11955.0
2025-01-20T04:59:30.500Z,0.018364692106842995,0.10883580148220062,21212835,R1.2172.7737.0
2025-01-20T04:59:31.000Z,0.016354389488697052,0.10883580148220062,21204713,R1.0697.5199.0
2025-01-20T04:59:31.500Z,0.02167893946170807,0.10883580148220062,40237728,R1.3027.11698.0
2025-01-20T04:59:32.000Z,0.01558910496532917,0.10883580148220062,21212835,R1.2172.7737.0
2025-01-20T04:59:32.500Z,0.019310524687170982,0.10883580148220062,40220017,R1.3027.11698.0
2025-01-20T04:59:33.000Z,0.02887536957859993,0.10883580148220062,71567810,R1.2900.11955.0
2025-01-20T04:59:33.500Z,0.030083462595939636,0.10883580148220062,72154411,R1.2900.11955.0
2025-01-20T04:59:34.000Z,0.04218575358390808,0.10883580148220062,72154411,R1.2900.11955.0
2025-01-20T04:59:34.500Z,0.021510105580091476,0.10883580148220062,40237728,R1.3027.11698.0
2025-01-20T04:59:35.000Z,0.010405924171209335,0.10883580148220062,40237728,R1.3027.11698.0
2025-01-20T04:59:35.500Z,0.018185976892709732,0.10883580148220062,51214531,R1.2900.11955.0
2025-01-20T04:59:36.000Z,0.02921219728887081,0.10883580148220062,21212835,R1.2172.7737.0
2025-01-20T04:59:36.500Z,0.008664850145578384,0.10883580148220062,21204713,R1.0697.5199.0
2025-01-20T04:59:37.000Z,0.034415896981954575,0.10883580148220062,21212835,R1.2172.7737.0
2025-01-20T04:59:37.500Z,0.018888236954808235,0.10883580148220062,21204713,R1.0697.5199.0
2025-01-20T04:59:38.000Z,0.011277077719569206,0.10883580148220062,72359026,R1.2900.11955.0
2025-01-20T04:59:38.500Z,0.036595817655324936,0.10883580148220062,21212835,R1.2172.7737.0
2025-01-20T04:59:39.000Z,0.023256922140717506,0.10883580148220062,71325295,R1.2900.11955.0
2025-01-20T04:59:39.500Z,0.014275186695158482,0.10883580148220062,71908906,R1.2900.11955.0
2025-01-20T04:59:40.000Z,0.02434491366147995,0.10883580148220062,21204713,R1.0697.5199.0
2025-01-20T04:59:40.500Z,0.03211516886949539,0.10883580148220062,21204713,R1.0697.5199.0
2025-01-20T04:59:41.000Z,0.03749271482229233,0.10883580148220062,21204713,R1.0697.5199.0
2025-01-20T04:59:41.500Z,0.017586076632142067,0.10883580148220062,40220017,R1.3027.11698.0
2025-01-20T04:59:42.000Z,0.015384062193334103,0.10883580148220062,71567810,R1.2900.11955.0
2025-01-20T04:59:42.500Z,0.016151392832398415,0.10883580148220062,71325295,R1.2900.11955.0
2025-01-20T04:59:43.000Z,0.016206955537199974,0.10883580148220062,40237728,R1.3027.11698.0
2025-01-20T04:59:43.500Z,0.03487660735845566,0.10883580148220062,40220017,R1.3027.11698.0
2025-01-20T04:59:44.000Z,0.02508198842406273,0.10883580148220062,71567810,R1.2900.11955.0
2025-01-20T04:59:44.500Z,0.020231254398822784,0.10883580148220062,71567810,R1.2900.11955.0
2025-01-20T04:59:45.000Z,0.03200533613562584,0.10883580148220062,72154411,R1.2900.11955.0
2025-01-20T04:59:45.500Z,0.03554259240627289,0.10883580148220062,21212835,R1.2172.7737.0
2025-01-20T04:59:46.000Z,0.007103959564119577,0.10883580148220062,71567810,R1.2900.11955.0
2025-01-20T04:59:46.500Z,0.02936578541994095,0.10883580148220062,40220017,R1.3027.11698.0
2025-01-20T04:59:47.000Z,0.007747962139546871,0.10883580148220062,51214531,R1.2900.11955.0
2025-01-20T04:59:47.500Z,0.01860208436846733,0.10883580148220062,72359026,R1.2900.11955.0
2025-01-20T04:59:48.000Z,0.03664612025022507,0.10883580148220062,72359026,R1.2900.11955.0
2025-01-20T04:59:48.500Z,0.01569966971874237,0.10883580148220062,21204713,R1.0697.5199.0
2025-01-20T04:59:49.000Z,0.04756980389356613,0.10883580148220062,71908906,R1.2900.11955.0
2025-01-20T04:59:49.500Z,0.029923219233751297,0.10883580148220062,21204713,R1.0697.5199.0
2025-01-20T04:59:50.000Z,0.018695350736379623,0.10883580148220062,21212835,R1.2172.7737.0
2025-01-20T04:59:50.500Z,0.021080002188682556,0.10883580148220062,71908906,R1.2900.11955.0
2025-01-20T04:59:51.000Z,0.010852226056158543,0.10883580148220062,21212835,R1.2172.7737.0
2025-01-20T04:59:51.500Z,0.013161047361791134,0.10883580148220062,72359026,R1.2900.11955.0
2025-01-20T04:59:52.000Z,0.02998192608356476,0.10883580148220062,40237728,R1.3027.11698.0
2025-01-20T04:59:52.500Z,0.009226150810718536,0.10883580148220062,72154411,R1.2900.11955.0
2025-01-20T04:59:53.000Z,0.011112131178379059,0.10883580148220062,40237728,R1.3027.11698.0
2025-01-20T04:59:53.500Z,0.02548995614051819,0.10883580148220062,72359026,R1.2900.11955.0
2025-01-20T04:59:54.000Z,0.018469342961907387,0.10883580148220062,21204713,R1.0697.5199.0
2025-01-20T04:59:54.500Z,0.033465754240751266,0.10883580148220062,40237728,R1.3027.11698.0
2025-01-20T04:59:55.000Z,0.030269691720604897,0.10883580148220062,21204713,R1.0697.5199.0
2025-01-20T04:59:55.500Z,0.01911936327815056,0.10883580148220062,21212835,R1.2172.7737.0
2025-01-20T04:59:56.000Z,0.009852549992501736,0.10883580148220062,71567810,R1.2900.11955.0
2025-01-20T04:59:56.500Z,0.02144678682088852,0.10883580148220062,40237728,R1.3027.11698.0
2025-01-20T04:59:57.000Z,0.027540987357497215,0.10883580148220062,71325295,R1.2900.11955.0
2025-01-20T04:59:57.500Z,0.022105572745203972,0.10883580148220062,40220017,R1.3027.11698.0
2025-01-20T04:59:58.000Z,0.022794116288423538,0.10883580148220062,71567810,R1.2900.11955.0
2025-01-20T04:59:58.500Z,0.019216123968362808,0.10883580148220062,72359026,R1.2900.11955.0
2025-01-20T04:59:59.000Z,0.02563518099486828,0.10883580148220062,40220017,R1.3027.11698.0
2025-01-20T04:59:59.500Z,0.01821747235953808,0.10883580148220062,40237728,R1.3027.11698.0
2025-01-20T05:00:00.000Z,0.02070940099656582,0.10883580148220062,71908906,R1.2900.11955.0
2025-01-20T05:00:00.500Z,0.023875825107097626,0.10883580148220062,51214531,R1.2900.11955.0
2025-01-20T05:00:01.000Z,0.00981329195201397,0.10883580148220062,40237728,R1.3027.11698.0
2025-01-20T05:00:01.500Z,0.040096163749694824,0.10883580148220062,72154411,R1.2900.11955.0
2025-01-20T05:00:02.000Z,0.011375682428479195,0.10883580148220062,72359026,R1.2900.11955.0
2025-01-20T05:00:02.500Z,0.05485307425260544,0.10883580148220062,21212835,R1.2172.7737.0
2025-01-20T05:00:03.000Z,0.016834484413266182,0.10883580148220062,51214531,R1.2900.11955.0
2025-01-20T05:00:03.500Z,0.019773053005337715,0.10883580148220062,21212835,R1.2172.7737.0
2025-01-20T05:00:04.000Z,0.03912418335676193,0.10883580148220062,72154411,R1.2900.11955.0
2025-01-20T05:00:04.500Z,0.008576679043471813,0.10883580148220062,40237728,R1.3027.11698.0
2025-01-20T05:00:05.000Z,0.004669555462896824,0.10883580148220062,72359026,R1.2900.11955.0
2025-01-20T05:00:05.500Z,0.02032986469566822,0.10883580148220062,71908906,R1.2900.11955.0
2025-01-20T05:00:06.000Z,0.015561940148472786,0.10883580148220062,71325295,R1.2900.11955.0
2025-01-20T05:00:06.500Z,0.03403867036104202,0.10883580148220062,21212835,R1.2172.7737.0
2025-01-20T05:00:07.000Z,0.03013506904244423,0.10883580148220062,51214531,R1.2900.11955.0
2025-01-20T05:00:07.500Z,0.01802721619606018,0.10883580148220062,71908906,R1.2900.11955.0
2025-01-20T05:00:08.000Z,0.007692381273955107,0.10883580148220062,21204713,R1.0697.5199.0
2025-01-20T05:00:08.500Z,0.013507688418030739,0.10883580148220062,21204713,R1.0697.5199.0
2025-01-20T05:00:09.000Z,0.040623150765895844,0.10883580148220062,40220017,R1.3027.11698.0
2025-01-20T05:00:09.500Z,0.011922495439648628,0.10883580148220062,21212835,R1.2172.7737.0
2025-01-20T05:00:10.000Z,0.022246524691581726,0.10883580148220062,21204713,R1.0697.5199.0
2025-01-20T05:00:10.500Z,0.018429972231388092,0.10883580148220062,40220017,R1.3027.11698.0
2025-01-20T05:00:11.000Z,0.027733054012060165,0.10883580148220062,40220017,R1.3027.11698.0
2025-01-20T05:00:11.500Z,0.030146026983857155,0.10883580148220062,21212835,R1.2172.7737.0
2025-01-20T05:00:12.000Z,0.022356607019901276,0.10883580148220062,72359026,R1.2900.11955.0
2025-01-20T05:00:12.500Z,0.016965333372354507,0.10883580148220062,40220017,R1.3027.11698.0
2025-01-20T05:00:13.000Z,0.014846304431557655,0.10883580148220062,40220017,R1.3027.11698.0
2025-01-20T05:00:13.500Z,0.02591979317367077,0.10883580148220062,40237728,R1.3027.11698.0
2025-01-20T05:00:14.000Z,0.02555352821946144,0.10883580148220062,72154411,R1.2900.11955.0
2025-01-20T05:00:14.500Z,0.019093850627541542,0.10883580148220062,40237728,R1.3027.11698.0
2025-01-20T05:00:15.000Z,0.012593990191817284,0.10883580148220062,72359026,R1.2900.11955.0
2025-01-20T05:00:15.500Z,0.018697157502174377,0.10883580148220062,71325295,R1.2900.11955.0
2025-01-20T05:00:16.000Z,0.025785695761442184,0.10883580148220062,40237728,R1.3027.11698.0
2025-01-20T05:00:16.500Z,0.010174250230193138,0.10883580148220062,21212835,R1.2172.7737.0
2025-01-20T05:00:17.000Z,0.01760280691087246,0.10883580148220062,51214531,R1.2900.11955.0
2025-01-20T05:00:17.500Z,0.00959490705281496,0.10883580148220062,21204713,R1.0697.5199.0
2025-01-20T05:00:18.000Z,0.02090819925069809,0.10883580148220062,71908906,R1.2900.11955.0
2025-01-20T05:00:18.500Z,0.02775190956890583,0.10883580148220062,72359026,R1.2900.11955.0
2025-01-20T05:00:19.000Z,0.05201997607946396,0.10883580148220062,21212835,R1.2172.7737.0
2025-01-20T05:00:19.500Z,0.03256656974554062,0.10883580148220062,40220017,R1.3027.11698.0
2025-01-20T05:00:20.000Z,0.032492272555828094,0.10883580148220062,71908906,R1.2900.11955.0
2025-01-20T05:00:20.500Z,0.02354932390153408,0.10883580148220062,51214531,R1.2900.11955.0
2025-01-20T05:00:21.000Z,0.02232811227440834,0.10883580148220062,40237728,R1.3027.11698.0
2025-01-20T05:00:21.500Z,0.02206980437040329,0.10883580148220062,72154411,R1.2900.11955.0
2025-01-20T05:00:22.000Z,0.03725576400756836,0.10883580148220062,72154411,R1.2900.11955.0
2025-01-20T05:00:22.500Z,0.029542917385697365,0.10883580148220062,51214531,R1.2900.11955.0
2025-01-20T05:00:23.000Z,0.019265776500105858,0.10883580148220062,72359026,R1.2900.11955.0
2025-01-20T05:00:23.500Z,0.010328192263841629,0.10883580148220062,21204713,R1.0697.5199.0
2025-01-20T05:00:24.000Z,0.03505180403590202,0.10883580148220062,71567810,R1.2900.11955.0
2025-01-20T05:00:24.500Z,0.019045788794755936,0.10883580148220062,21212835,R1.2172.7737.0
2025-01-20T05:00:25.000Z,0.01602664403617382,0.10883580148220062,71567810,R1.2900.11955.0
2025-01-20T05:00:25.500Z,0.02013702690601349,0.10883580148220062,71908906,R1.2900.11955.0
2025-01-20T05:00:26.000Z,0.026446117088198662,0.10883580148220062,71567810,R1.2900.11955.0
2025-01-20T05:00:26.500Z,0.006168056279420853,0.10883580148220062,72359026,R1.2900.11955.0
2025-01-20T05:00:27.000Z,0.021578406915068626,0.10883580148220062,71567810,R1.2900.11955.0
2025-01-20T05:00:27.500Z,0.027860373258590698,0.10883580148220062,71567810,R1.2900.11955.0
2025-01-20T05:00:28.000Z,0.030995476990938187,0.10883580148220062,51214531,R1.2900.11955.0
2025-01-20T05:00:28.500Z,0.02117433212697506,0.10883580148220062,72154411,R1.2900.11955.0
2025-01-20T05:00:29.000Z,0.005125157535076141,0.10883580148220062,71325295,R1.2900.11955.0
2025-01-20T05:00:29.500Z,0.0162360742688179,0.10883580148220062,21204713,R1.0697.5199.0
2025-01-20T05:00:30.000Z,0.019185371696949005,0.10883580148220062,71567810,R1.2900.11955.0
2025-01-20T05:00:30.500Z,0.03433532267808914,0.10883580148220062,72359026,R1.2900.11955.0
2025-01-20T05:00:31.000Z,0.009496763348579407,0.10883580148220062,40220017,R1.3027.11698.0
2025-01-20T05:00:31.500Z,0.01335994154214859,0.10883580148220062,40220017,R1.3027.11698.0
2025-01-20T05:00:32.000Z,0.021879570558667183,0.10883580148220062,71908906,R1.2900.11955.0
2025-01-20T05:00:32.500Z,0.0244765467941761,0.10883580148220062,71567810,R1.2900.11955.0
2025-01-20T05:00:33.000Z,0.030689792707562447,0.10883580148220062,21204713,R1.0697.5199.0
2025-01-20T05:00:33.500Z,0.018038799986243248,0.10883580148220062,72154411,R1.2900.11955.0
2025-01-20T05:00:34.000Z,0.036032143980264664,0.10883580148220062,72359026,R1.2900.11955.0
2025-01-20T05:00:34.500Z,0.023161625489592552,0.10883580148220062,21204713,R1.0697.5199.0
2025-01-20T05:00:35.000Z,0.008639919571578503,0.10883580148220062,51214531,R1.2900.11955.0
2025-01-20T05:00:35.500Z,0.020801536738872528,0.10883580148220062,40237728,R1.3027.11698.0
2025-01-20T05:00:36.000Z,0.023175377398729324,0.10883580148220062,21204713,R1.0697.5199.0
2025-01-20T05:00:36.500Z,0.02777201496064663,0.10883580148220062,40237728,R1.3027.11698.0
2025-01-20T05:00:37.000Z,0.03270409256219864,0.10883580148220062,40220017,R1.3027.11698.0
2025-01-20T05:00:37.500Z,0.039956334978342056,0.10883580148220062,40237728,R1.3027.11698.0
2025-01-20T05:00:38.000Z,0.03776970133185387,0.10883580148220062,51214531,R1.2900.11955.0
2025-01-20T05:00:38.500Z,0.031838130205869675,0.10883580148220062,21212835,R1.2172.7737.0
2025-01-20T05:00:39.000Z,0.030104059725999832,0.10883580148220062,21212835,R1.2172.7737.0
2025-01-20T05:00:39.500Z,0.028873201459646225,0.10883580148220062,72154411,R1.2900.11955.0
2025-01-20T05:00:40.000Z,0.01679699495434761,0.10883580148220062,40220017,R1.3027.11698.0
2025-01-20T05:00:40.500Z,0.014256039634346962,0.10883580148220062,71567810,R1.2900.11955.0
2025-01-20T05:00:41.000Z,0.022623959928750992,0.10883580148220062,71567810,R1.2900.11955.0
2025-01-20T05:00:41.500Z,0.01840536668896675,0.10883580148220062,51214531,R1.2900.11955.0
2025-01-20T05:00:42.000Z,0.012605550698935986,0.10883580148220062,71908906,R1.2900.11955.0
2025-01-20T05:00:42.500Z,0.01750444620847702,0.10883580148220062,21204713,R1.0697.5199.0
2025-01-20T05:00:43.000Z,0.02136104740202427,0.10883580148220062,40237728,R1.3027.11698.0
2025-01-20T05:00:43.500Z,0.01611388847231865,0.10883580148220062,21204713,R1.0697.5199.0
2025-01-20T05:00:44.000Z,0.04187754541635513,0.10883580148220062,72154411,R1.2900.11955.0
2025-01-20T05:00:44.500Z,0.04021685943007469,0.10883580148220062,71908906,R1.2900.11955.0
2025-01-20T05:00:45.000Z,0.038535840809345245,0.10883580148220062,72154411,R1.2900.11955.0
2025-01-20T05:00:45.500Z,0.01276862621307373,0.10883580148220062,21204713,R1.0697.5199.0
2025-01-20T05:00:46.000Z,0.006413215771317482,0.10883580148220062,40237728,R1.3027.11698.0
2025-01-20T05:00:46.500Z,0.03296712413430214,0.10883580148220062,72359026,R1.2900.11955.0
2025-01-20T05:00:47.000Z,0.02457461692392826,0.10883580148220062,40237728,R1.3027.11698.0
2025-01-20T05:00:47.500Z,0.027967019006609917,0.10883580148220062,21204713,R1.0697.5199.0
2025-01-20T05:00:48.000Z,0.01070446614176035,0.10883580148220062,71567810,R1.2900.11955.0
2025-01-20T05:00:48.500Z,0.02420203574001789,0.10883580148220062,72359026,R1.2900.11955.0
2025-01-20T05:00:49.000Z,0.025071341544389725,0.10883580148220062,71567810,R1.2900.11955.0
2025-01-20T05:00:49.500Z,0.02349735237658024,0.10883580148220062,21204713,R1.0697.5199.0
2025-01-20T05:00:50.000Z,0.030494224280118942,0.10883580148220062,71908906,R1.2900.11955.0
2025-01-20T05:00:50.500Z,0.03273767605423927,0.10883580148220062,40237728,R1.3027.11698.0
2025-01-20T05:00:51.000Z,0.009648873470723629,0.10883580148220062,71908906,R1.2900.11955.0
2025-01-20T05:00:51.500Z,0.01977294683456421,0.10883580148220062,72154411,R1.2900.11955.0
2025-01-20T05:00:52.000Z,0.025568123906850815,0.10883580148220062,51214531,R1.2900.11955.0
2025-01-20T05:00:52.500Z,0.0335342176258564,0.10883580148220062,72359026,R1.2900.11955.0
2025-01-20T05:00:53.000Z,0.010040484368801117,0.10883580148220062,71567810,R1.2900.11955.0
2025-01-20T05:00:53.500Z,0.020619235932826996,0.10883580148220062,21204713,R1.0697.5199.0
2025-01-20T05:00:54.000Z,0.04234767705202103,0.10883580148220062,21212835,R1.2172.7737.0
2025-01-20T05:00:54.500Z,0.013302489183843136,0.10883580148220062,72359026,R1.2900.11955.0
2025-01-20T05:00:55.000Z,0.029696330428123474,0.10883580148220062,21212835,R1.2172.7737.0
2025-01-20T05:00:55.500Z,0.026567190885543823,0.10883580148220062,72359026,R1.2900.11955.0
2025-01-20T05:00:56.000Z,0.035878345370292664,0.10883580148220062,71908906,R1.2900.11955.0
2025-01-20T05:00:56.500Z,0.023104093968868256,0.10883580148220062,21204713,R1.0697.5199.0
2025-01-20T05:00:57.000Z,0.018984993919730186,0.10883580148220062,40237728,R1.3027.11698.0
2025-01-20T05:00:57.500Z,0.003320596180856228,0.10883580148220062,51214531,R1.2900.11955.0
2025-01-20T05:00:58.000Z,0.02259664610028267,0.10883580148220062,21212835,R1.2172.7737.0
2025-01-20T05:00:58.500Z,0.032482195645570755,0.10883580148220062,72359026,R1.2900.11955.0
2025-01-20T05:00:59.000Z,0.03503929078578949,0.10883580148220062,40237728,R1.3027.11698.0
2025-01-20T05:00:59.500Z,0.016651295125484467,0.10883580148220062,40237728,R1.3027.11698.0
2025-01-20T05:01:00.000Z,0.019230704754590988,0.10883580148220062,51214531,R1.2900.11955.0
2025-01-20T05:01:00.500Z,0.015420896001160145,0.10883580148220062,51214531,R1.2900.11955.0
2025-01-20T05:01:01.000Z,0.018793044611811638,0.10883580148220062,71908906,R1.2900.11955.0
2025-01-20T05:01:01.500Z,0.02109990268945694,0.10883580148220062,71325295,R1.2900.11955.0
2025-01-20T05:01:02.000Z,0.02813138999044895,0.10883580148220062,40237728,R1.3027.11698.0
2025-01-20T05:01:02.500Z,0.0125338239595294,0.10883580148220062,40237728,R1.3027.11698.0
2025-01-20T05:01:03.000Z,0.017948200926184654,0.10883580148220062,40237728,R1.3027.11698.0
2025-01-20T05:01:03.500Z,0.04369695857167244,0.10883580148220062,71908906,R1.2900.11955.0
2025-01-20T05:01:04.000Z,0.034882355481386185,0.10883580148220062,21212835,R1.2172.7737.0
2025-01-20T05:01:04.500Z,0.002676696050912142,0.10883580148220062,71908906,R1.2900.11955.0
2025-01-20T05:01:05.000Z,0.0326046459376812,0.10883580148220062,40237728,R1.3027.11698.0
2025-01-20T05:01:05.500Z,0.010339678265154362,0.10883580148220062,21204713,R1.0697.5199.0
2025-01-20T05:01:06.000Z,0.017241960391402245,0.10883580148220062,51214531,R1.2900.11955.0
2025-01-20T05:01:06.500Z,0.013985654339194298,0.10883580148220062,21212835,R1.2172.7737.0
2025-01-20T05:01:07.000Z,0.019217971712350845,0.10883580148220062,71567810,R1.2900.11955.0
2025-01-20T05:01:07.500Z,0.01539876963943243,0.10883580148220062,51214531,R1.2900.11955.0
2025-01-20T05:01:08.000Z,0.018225835636258125,0.10883580148220062,21204713,R1.0697.5199.0
2025-01-20T05:01:08.500Z,0.018262827768921852,0.10883580148220062,71908906,R1.2900.11955.0
2025-01-20T05:01:09.000Z,0.015072699636220932,0.10883580148220062,21204713,R1.0697.5199.0
2025-01-20T05:01:09.500Z,0.015045616775751114,0.10883580148220062,72154411,R1.2900.11955.0
2025-01-20T05:01:10.000Z,0.026611968874931335,0.10883580148220062,40237728,R1.3027.11698.0
2025-01-20T05:01:10.500Z,0.039954666048288345,0.10883580148220062,21212835,R1.2172.7737.0
2025-01-20T05:01:11.000Z,0.03774147108197212,0.10883580148220062,40220017,R1.3027.11698.0
2025-01-20T05:01:11.500Z,0.031196776777505875,0.10883580148220062,72359026,R1.2900.11955.0
2025-01-20T05:01:12.000Z,0.009581603109836578,0.10883580148220062,71567810,R1.2900.11955.0
2025-01-20T05:01:12.500Z,0.016402646899223328,0.10883580148220062,72359026,R1.2900.11955.0
2025-01-20T05:01:13.000Z,0.034783735871315,0.10883580148220062,72359026,R1.2900.11955.0
2025-01-20T05:01:13.500Z,0.01287535484880209,0.10883580148220062,40237728,R1.3027.11698.0
2025-01-20T05:01:14.000Z,0.0271703340113163,0.10883580148220062,72359026,R1.2900.11955.0
2025-01-20T05:01:14.500Z,0.005134511273354292,0.10883580148220062,71567810,R1.2900.11955.0
2025-01-20T05:01:15.000Z,0.023316802456974983,0.10883580148220062,21212835,R1.2172.7737.0
2025-01-20T05:01:15.500Z,0.013448228128254414,0.10883580148220062,72154411,R1.2900.11955.0
2025-01-20T05:01:16.000Z,0.009548783302307129,0.10883580148220062,40220017,R1.3027.11698.0
2025-01-20T05:01:16.500Z,0.023698629811406136,0.10883580148220062,40237728,R1.3027.11698.0
2025-01-20T05:01:17.000Z,0.016903718933463097,0.10883580148220062,71567810,R1.2900.11955.0
2025-01-20T05:01:17.500Z,0.013426226563751698,0.10883580148220062,40237728,R1.3027.11698.0
2025-01-20T05:01:18.000Z,0.014799704775214195,0.10883580148220062,21204713,R1.0697.5199.0
2025-01-20T05:01:18.500Z,0.02298450656235218,0.10883580148220062,71325295,R1.2900.11955.0
2025-01-20T05:01:19.000Z,0.011915436014533043,0.10883580148220062,40237728,R1.3027.11698.0
2025-01-20T05:01:19.500Z,0.02347537688910961,0.10883580148220062,21212835,R1.2172.7737.0
2025-01-20T05:01:20.000Z,0.01889657787978649,0.10883580148220062,21204713,R1.0697.5199.0
2025-01-20T05:01:20.500Z,0.03797154501080513,0.10883580148220062,21212835,R1.2172.7737.0
2025-01-20T05:01:21.000Z,0.01959756389260292,0.10883580148220062,40220017,R1.3027.11698.0
2025-01-20T05:01:21.500Z,0.01150649692863226,0.10883580148220062,71325295,R1.2900.11955.0
2025-01-20T05:01:22.000Z,0.009579886682331562,0.10883580148220062,71325295,R1.2900.11955.0
2025-01-20T05:01:22.500Z,0.03485589846968651,0.10883580148220062,21204713,R1.0697.5199.0
2025-01-20T05:01:23.000Z,0.0260433591902256,0.10883580148220062,71567810,R1.2900.11955.0
2025-01-20T05:01:23.500Z,0.022543301805853844,0.10883580148220062,72154411,R1.2900.11955.0
2025-01-20T05:01:24.000Z,0.02369881607592106,0.10883580148220062,21212835,R1.2172.7737.0
2025-01-20T05:01:24.500Z,0.01977495476603508,0.10883580148220062,71567810,R1.2900.11955.0
2025-01-20T05:01:25.000Z,0.0186094269156456,0.10883580148220062,51214531,R1.2900.11955.0
2025-01-20T05:01:25.500Z,0.01986140012741089,0.10883580148220062,21212835,R1.2172.7737.0
2025-01-20T05:01:26.000Z,0.026122067123651505,0.10883580148220062,21204713,R1.0697.5199.0
2025-01-20T05:01:26.500Z,0.010338827967643738,0.10883580148220062,40220017,R1.3027.11698.0
2025-01-20T05:01:27.000Z,0.023829879239201546,0.10883580148220062,71908906,R1.2900.11955.0
2025-01-20T05:01:27.500Z,0.03140997141599655,0.10883580148220062,72359026,R1.2900.11955.0
2025-01-20T05:01:28.000Z,0.021029004827141762,0.10883580148220062,72359026,R1.2900.11955.0
2025-01-20T05:01:28.500Z,0.036957357078790665,0.10883580148220062,71908906,R1.2900.11955.0
2025-01-20T05:01:29.000Z,0.017249751836061478,0.10883580148220062,51214531,R1.2900.11955.0
2025-01-20T05:01:29.500Z,0.0031462395563721657,0.10883580148220062,21212835,R1.2172.7737.0
2025-01-20T05:01:30.000Z,0.03140962868928909,0.10883580148220062,72359026,R1.2900.11955.0
2025-01-20T05:01:30.500Z,0.036928921937942505,0.10883580148220062,21212835,R1.2172.7737.0
2025-01-20T05:01:31.000Z,0.015182743780314922,0.10883580148220062,71567810,R1.2900.11955.0
2025-01-20T05:01:31.500Z,0.023564118891954422,0.10883580148220062,40237728,R1.3027.11698.0
2025-01-20T05:01:32.000Z,0.024900268763303757,0.10883580148220062,40220017,R1.3027.11698.0
2025-01-20T05:01:32.500Z,0.025376591831445694,0.10883580148220062,40220017,R1.3027.11698.0
2025-01-20T05:01:33.000Z,0.011635078117251396,0.10883580148220062,71567810,R1.2900.11955.0
2025-01-20T05:01:33.500Z,0.010991700924932957,0.10883580148220062,72154411,R1.2900.11955.0
2025-01-20T05:01:34.000Z,0.0144793801009655,0.10883580148220062,40220017,R1.3027.11698.0
2025-01-20T05:01:34.500Z,0.027491899207234383,0.10883580148220062,71567810,R1.2900.11955.0
2025-01-20T05:01:35.000Z,0.021914267912507057,0.10883580148220062,40220017,R1.3027.11698.0
2025-01-20T05:01:35.500Z,0.05758405476808548,0.10883580148220062,21212835,R1.2172.7737.0
2025-01-20T05:01:36.000Z,0.03483716771006584,0.10883580148220062,71908906,R1.2900.11955.0
2025-01-20T05:01:36.500Z,0.010770561173558235,0.10883580148220062,51214531,R1.2900.11955.0
2025-01-20T05:01:37.000Z,0.019374219700694084,0.10883580148220062,71567810,R1.2900.11955.0
2025-01-20T05:01:37.500Z,0.016392458230257034,0.10883580148220062,71908906,R1.2900.11955.0
2025-01-20T05:01:38.000Z,0.02720722183585167,0.10883580148220062,72154411,R1.2900.11955.0
2025-01-20T05:01:38.500Z,0.01547793485224247,0.10883580148220062,71567810,R1.2900.11955.0
2025-01-20T05:01:39.000Z,0.030325714498758316,0.10883580148220062,21212835,R1.2172.7737.0
2025-01-20T05:01:39.500Z,0.03369804099202156,0.10883580148220062,51214531,R1.2900.11955.0
2025-01-20T05:01:40.000Z,0.02434449829161167,0.10883580148220062,21204713,R1.0697.5199.0
2025-01-20T05:01:40.500Z,0.020765667781233788,0.10883580148220062,71567810,R1.2900.11955.0
2025-01-20T05:01:41.000Z,-0.0003548926906660199,0.10883580148220062,40237728,R1.3027.11698.0
2025-01-20T05:01:41.500Z,0.00939113274216652,0.10883580148220062,51214531,R1.2900.11955.0
2025-01-20T05:01:42.000Z,0.012789182364940643,0.10883580148220062,51214531,R1.2900.11955.0
2025-01-20T05:01:42.500Z,0.0228041410446167,0.10883580148220062,51214531,R1.2900.11955.0
2025-01-20T05:01:43.000Z,0.022778354585170746,0.10883580148220062,40237728,R1.3027.11698.0
2025-01-20T05:01:43.500Z,0.04025735706090927,0.10883580148220062,51214531,R1.2900.11955.0
2025-01-20T05:01:44.000Z,0.025112507864832878,0.10883580148220062,21204713,R1.0697.5199.0
2025-01-20T05:01:44.500Z,0.04284453019499779,0.10883580148220062,21212835,R1.2172.7737.0
2025-01-20T05:01:45.000Z,0.028267543762922287,0.10883580148220062,51214531,R1.2900.11955.0
2025-01-20T05:01:45.500Z,0.02100101113319397,0.10883580148220062,40237728,R1.3027.11698.0
2025-01-20T05:01:46.000Z,0.026139510795474052,0.10883580148220062,71908906,R1.2900.11955.0
2025-01-20T05:01:46.500Z,0.016590449959039688,0.10883580148220062,71325295,R1.2900.11955.0
2025-01-20T05:01:47.000Z,0.009994160383939743,0.10883580148220062,72359026,R1.2900.11955.0
2025-01-20T05:01:47.500Z,0.022567499428987503,0.10883580148220062,72359026,R1.2900.11955.0
2025-01-20T05:01:48.000Z,0.047240275889635086,0.10883580148220062,21204713,R1.0697.5199.0
2025-01-20T05:01:48.500Z,0.0259418822824955,0.10883580148220062,21204713,R1.0697.5199.0
2025-01-20T05:01:49.000Z,0.02718997746706009,0.10883580148220062,21212835,R1.2172.7737.0
2025-01-20T05:01:49.500Z,0.012556850910186768,0.10883580148220062,21204713,R1.0697.5199.0
2025-01-20T05:01:50.000Z,0.02571006864309311,0.10883580148220062,71325295,R1.2900.11955.0
2025-01-20T05:01:50.500Z,0.026390990242362022,0.10883580148220062,71908906,R1.2900.11955.0
2025-01-20T05:01:51.000Z,0.02308472990989685,0.10883580148220062,72359026,R1.2900.11955.0
2025-01-20T05:01:51.500Z,0.020151516422629356,0.10883580148220062,71908906,R1.2900.11955.0
2025-01-20T05:01:52.000Z,0.032969847321510315,0.10883580148220062,71908906,R1.2900.11955.0
2025-01-20T05:01:52.500Z,0.004529000259935856,0.10883580148220062,71567810,R1.2900.11955.0
2025-01-20T05:01:53.000Z,0.03821208328008652,0.10883580148220062,71908906,R1.2900.11955.0
2025-01-20T05:01:53.500Z,0.03580622747540474,0.10883580148220062,21212835,R1.2172.7737.0
2025-01-20T05:01:54.000Z,0.01324407197535038,0.10883580148220062,72359026,R1.2900.11955.0
2025-01-20T05:01:54.500Z,0.032315004616975784,0.10883580148220062,40237728,R1.3027.11698.0
2025-01-20T05:01:55.000Z,0.013348025269806385,0.10883580148220062,40220017,R1.3027.11698.0
2025-01-20T05:01:55.500Z,0.018450817093253136,0.10883580148220062,21204713,R1.0697.5199.0
2025-01-20T05:01:56.000Z,0.021952342242002487,0.10883580148220062,72154411,R1.2900.11955.0
2025-01-20T05:01:56.500Z,0.02734989859163761,0.10883580148220062,71908906,R1.2900.11955.0
2025-01-20T05:01:57.000Z,0.03377654030919075,0.10883580148220062,40220017,R1.3027.11698.0
2025-01-20T05:01:57.500Z,0.02860136888921261,0.10883580148220062,71567810,R1.2900.11955.0
2025-01-20T05:01:58.000Z,0.009787102229893208,0.10883580148220062,71325295,R1.2900.11955.0
2025-01-20T05:01:58.500Z,0.024754833430051804,0.10883580148220062,51214531,R1.2900.11955.0
2025-01-20T05:01:59.000Z,0.014479758217930794,0.10883580148220062,71908906,R1.2900.11955.0
2025-01-20T05:01:59.500Z,0.02376626804471016,0.10883580148220062,72154411,R1.2900.11955.0
2025-01-20T05:02:00.000Z,0.01991261914372444,0.10883580148220062,72359026,R1.2900.11955.0
2025-01-20T05:02:00.500Z,0.03191627562046051,0.10883580148220062,71567810,R1.2900.11955.0
2025-01-20T05:02:01.000Z,0.01153542473912239,0.10883580148220062,72154411,R1.2900.11955.0
2025-01-20T05:02:01.500Z,0.022765105590224266,0.10883580148220062,71325295,R1.2900.11955.0
2025-01-20T05:02:02.000Z,0.026264401152729988,0.10883580148220062,40237728,R1.3027.11698.0
2025-01-20T05:02:02.500Z,0.031066974624991417,0.10883580148220062,21212835,R1.2172.7737.0
2025-01-20T05:02:03.000Z,0.052984368056058884,0.10883580148220062,21204713,R1.0697.5199.0
2025-01-20T05:02:03.500Z,0.027352474629878998,0.10883580148220062,21204713,R1.0697.5199.0
2025-01-20T05:02:04.000Z,0.01882866956293583,0.10883580148220062,40237728,R1.3027.11698.0
2025-01-20T05:02:04.500Z,0.028932686895132065,0.10883580148220062,40237728,R1.3027.11698.0
2025-01-20T05:02:05.000Z,0.011674860492348671,0.10883580148220062,72154411,R1.2900.11955.0
2025-01-20T05:02:05.500Z,0.04823486879467964,0.10883580148220062,71908906,R1.2900.11955.0
2025-01-20T05:02:06.000Z,0.03838673606514931,0.10883580148220062,21204713,R1.0697.5199.0
2025-01-20T05:02:06.500Z,0.005994951352477074,0.10883580148220062,72154411,R1.2900.11955.0
2025-01-20T05:02:07.000Z,0.008020665496587753,0.10883580148220062,40220017,R1.3027.11698.0
2025-01-20T05:02:07.500Z,0.028997942805290222,0.10883580148220062,21212835,R1.2172.7737.0
2025-01-20T05:02:08.000Z,0.041304811835289,0.10883580148220062,51214531,R1.2900.11955.0
2025-01-20T05:02:08.500Z,0.022873565554618835,0.10883580148220062,51214531,R1.2900.11955.0
2025-01-20T05:02:09.000Z,0.028991537168622017,0.10883580148220062,71567810,R1.2900.11955.0
2025-01-20T05:02:09.500Z,0.008094754070043564,0.10883580148220062,72154411,R1.2900.11955.0
2025-01-20T05:02:10.000Z,0.0516120120882988,0.10883580148220062,21212835,R1.2172.7737.0
2025-01-20T05:02:10.500Z,0.006555397994816303,0.10883580148220062,40237728,R1.3027.11698.0
2025-01-20T05:02:11.000Z,0.03637278079986572,0.10883580148220062,40220017,R1.3027.11698.0
2025-01-20T05:02:11.500Z,0.01691928505897522,0.10883580148220062,21204713,R1.0697.5199.0
2025-01-20T05:02:12.000Z,0.01930183731019497,0.10883580148220062,21204713,R1.0697.5199.0
2025-01-20T05:02:12.500Z,0.024578822776675224,0.10883580148220062,21204713,R1.0697.5199.0
2025-01-20T05:02:13.000Z,0.019560547545552254,0.10883580148220062,71567810,R1.2900.11955.0
2025-01-20T05:02:13.500Z,0.009865364991128445,0.10883580148220062,21204713,R1.0697.5199.0
2025-01-20T05:02:14.000Z,0.023168319836258888,0.10883580148220062,71325295,R1.2900.11955.0
2025-01-20T05:02:14.500Z,0.01881496235728264,0.10883580148220062,40237728,R1.3027.11698.0
2025-01-20T05:02:15.000Z,0.022801145911216736,0.10883580148220062,72154411,R1.2900.11955.0
2025-01-20T05:02:15.500Z,0.02614242397248745,0.10883580148220062,21212835,R1.2172.7737.0
2025-01-20T05:02:16.000Z,0.02707153558731079,0.10883580148220062,21212835,R1.2172.7737.0
2025-01-20T05:02:16.500Z,0.017042212188243866,0.10883580148220062,40220017,R1.3027.11698.0
2025-01-20T05:02:17.000Z,0.021267656236886978,0.10883580148220062,71908906,R1.2900.11955.0
2025-01-20T05:02:17.500Z,0.009999345056712627,0.10883580148220062,40220017,R1.3027.11698.0
2025-01-20T05:02:18.000Z,0.00047257510595954955,0.10883580148220062,71567810,R1.2900.11955.0
2025-01-20T05:02:18.500Z,0.026721373200416565,0.10883580148220062,72154411,R1.2900.11955.0
2025-01-20T05:02:19.000Z,0.022008758038282394,0.10883580148220062,40237728,R1.3027.11698.0
2025-01-20T05:02:19.500Z,0.015287897549569607,0.10883580148220062,51214531,R1.2900.11955.0
2025-01-20T05:02:20.000Z,0.018906598910689354,0.10883580148220062,72359026,R1.2900.11955.0
2025-01-20T05:02:20.500Z,0.030072392895817757,0.10883580148220062,51214531,R1.2900.11955.0
2025-01-20T05:02:21.000Z,0.02134767919778824,0.10883580148220062,21204713,R1.0697.5199.0
2025-01-20T05:02:21.500Z,0.020660540089011192,0.10883580148220062,72359026,R1.2900.11955.0
2025-01-20T05:02:22.000Z,0.015645761042833328,0.10883580148220062,40237728,R1.3027.11698.0
2025-01-20T05:02:22.500Z,0.010986385866999626,0.10883580148220062,71908906,R1.2900.11955.0
2025-01-20T05:02:23.000Z,0.014562034048140049,0.10883580148220062,71325295,R1.2900.11955.0
2025-01-20T05:02:23.500Z,0.022460518404841423,0.10883580148220062,40237728,R1.3027.11698.0
2025-01-20T05:02:24.000Z,0.02275818958878517,0.10883580148220062,51214531,R1.2900.11955.0
2025-01-20T05:02:24.500Z,0.01802079938352108,0.10883580148220062,72154411,R1.2900.11955.0
2025-01-20T05:02:25.000Z,0.029926303774118423,0.10883580148220062,40237728,R1.3027.11698.0
2025-01-20T05:02:25.500Z,0.028960511088371277,0.10883580148220062,71908906,R1.2900.11955.0
2025-01-20T05:02:26.000Z,0.012539917603135109,0.10883580148220062,71325295,R1.2900.11955.0
2025-01-20T05:02:26.500Z,0.0144291827455163,0.10883580148220062,71567810,R1.2900.11955.0
2025-01-20T05:02:27.000Z,0.030721519142389297,0.10883580148220062,21212835,R1.2172.7737.0
2025-01-20T05:02:27.500Z,0.007356543559581041,0.10883580148220062,40237728,R1.3027.11698.0
2025-01-20T05:02:28.000Z,0.018476027995347977,0.10883580148220062,51214531,R1.2900.11955.0
2025-01-20T05:02:28.500Z,0.006062316242605448,0.10883580148220062,21204713,R1.0697.5199.0
2025-01-20T05:02:29.000Z,0.01721317321062088,0.10883580148220062,51214531,R1.2900.11955.0
2025-01-20T05:02:29.500Z,0.017042912542819977,0.10883580148220062,40237728,R1.3027.11698.0
2025-01-20T05:02:30.000Z,0.05203953757882118,0.10883580148220062,21204713,R1.0697.5199.0
2025-01-20T05:02:30.500Z,0.031067946925759315,0.10883580148220062,40237728,R1.3027.11698.0
2025-01-20T05:02:31.000Z,0.03757421299815178,0.10883580148220062,40237728,R1.3027.11698.0
2025-01-20T05:02:31.500Z,0.022296424955129623,0.10883580148220062,72359026,R1.2900.11955.0
2025-01-20T05:02:32.000Z,0.028281236067414284,0.10883580148220062,40237728,R1.3027.11698.0
2025-01-20T05:02:32.500Z,0.02732914499938488,0.10883580148220062,21204713,R1.0697.5199.0
2025-01-20T05:02:33.000Z,0.029869355261325836,0.10883580148220062,72154411,R1.2900.11955.0
2025-01-20T05:02:33.500Z,0.02960168942809105,0.10883580148220062,40220017,R1.3027.11698.0
2025-01-20T05:02:34.000Z,0.027365155518054962,0.10883580148220062,71908906,R1.2900.11955.0
2025-01-20T05:02:34.500Z,0.011976919136941433,0.10883580148220062,72359026,R1.2900.11955.0
2025-01-20T05:02:35.000Z,0.012437429279088974,0.10883580148220062,40220017,R1.3027.11698.0
2025-01-20T05:02:35.500Z,0.02747551165521145,0.10883580148220062,72154411,R1.2900.11955.0
2025-01-20T05:02:36.000Z,0.019537335261702538,0.10883580148220062,71567810,R1.2900.11955.0
2025-01-20T05:02:36.500Z,0.04652200639247894,0.10883580148220062,72154411,R1.2900.11955.0
2025-01-20T05:02:37.000Z,0.034110914915800095,0.10883580148220062,72154411,R1.2900.11955.0
2025-01-20T05:02:37.500Z,0.007835022173821926,0.10883580148220062,72154411,R1.2900.11955.0
2025-01-20T05:02:38.000Z,0.018417006358504295,0.10883580148220062,21204713,R1.0697.5199.0
2025-01-20T05:02:38.500Z,0.02932400442659855,0.10883580148220062,21204713,R1.0697.5199.0
2025-01-20T05:02:39.000Z,0.03033553436398506,0.10883580148220062,40237728,R1.3027.11698.0
2025-01-20T05:02:39.500Z,0.02436983957886696,0.10883580148220062,51214531,R1.2900.11955.0
2025-01-20T05:02:40.000Z,0.013163217343389988,0.10883580148220062,72359026,R1.2900.11955.0
2025-01-20T05:02:40.500Z,0.001873075496405363,0.10883580148220062,40220017,R1.3027.11698.0
2025-01-20T05:02:41.000Z,0.016840899363160133,0.10883580148220062,21212835,R1.2172.7737.0
2025-01-20T05:02:41.500Z,0.01158401183784008,0.10883580148220062,21212835,R1.2172.7737.0
2025-01-20T05:02:42.000Z,0.02357844077050686,0.10883580148220062,72154411,R1.2900.11955.0
2025-01-20T05:02:42.500Z,0.03006606362760067,0.10883580148220062,40237728,R1.3027.11698.0
2025-01-20T05:02:43.000Z,0.03278552368283272,0.10883580148220062,21212835,R1.2172.7737.0
2025-01-20T05:02:43.500Z,0.013176457025110722,0.10883580148220062,40237728,R1.3027.11698.0
2025-01-20T05:02:44.000Z,0.01123503316193819,0.10883580148220062,71908906,R1.2900.11955.0
2025-01-20T05:02:44.500Z,0.02231152169406414,0.10883580148220062,51214531,R1.2900.11955.0
2025-01-20T05:02:45.000Z,0.02640157751739025,0.10883580148220062,51214531,R1.2900.11955.0
2025-01-20T05:02:45.500Z,0.027515821158885956,0.10883580148220062,72154411,R1.2900.11955.0
2025-01-20T05:02:46.000Z,0.02014271728694439,0.10883580148220062,72359026,R1.2900.11955.0
2025-01-20T05:02:46.500Z,0.022129151970148087,0.10883580148220062,71325295,R1.2900.11955.0
2025-01-20T05:02:47.000Z,0.032935936003923416,0.10883580148220062,40237728,R1.3027.11698.0
2025-01-20T05:02:47.500Z,0.014854002743959427,0.10883580148220062,71567810,R1.2900.11955.0
2025-01-20T05:02:48.000Z,0.020698534324765205,0.10883580148220062,21204713,R1.0697.5199.0
2025-01-20T05:02:48.500Z,0.016862060874700546,0.10883580148220062,72154411,R1.2900.11955.0
2025-01-20T05:02:49.000Z,0.01995638757944107,0.10883580148220062,71325295,R1.2900.11955.0
2025-01-20T05:02:49.500Z,0.03944534808397293,0.10883580148220062,21212835,R1.2172.7737.0
2025-01-20T05:02:50.000Z,0.04190799966454506,0.10883580148220062,72359026,R1.2900.11955.0
2025-01-20T05:02:50.500Z,0.010290159843862057,0.10883580148220062,72359026,R1.2900.11955.0
2025-01-20T05:02:51.000Z,0.030513379722833633,0.10883580148220062,21204713,R1.0697.5199.0
2025-01-20T05:02:51.500Z,0.04272983595728874,0.10883580148220062,72359026,R1.2900.11955.0
2025-01-20T05:02:52.000Z,0.019413620233535767,0.10883580148220062,40220017,R1.3027.11698.0
2025-01-20T05:02:52.500Z,0.028477409854531288,0.10883580148220062,72154411,R1.2900.11955.0
2025-01-20T05:02:53.000Z,0.02672629989683628,0.10883580148220062,21212835,R1.2172.7737.0
2025-01-20T05:02:53.500Z,0.023843152448534966,0.10883580148220062,71908906,R1.2900.11955.0
2025-01-20T05:02:54.000Z,0.0021313501056283712,0.10883580148220062,72154411,R1.2900.11955.0
2025-01-20T05:02:54.500Z,0.028452590107917786,0.10883580148220062,71908906,R1.2900.11955.0
2025-01-20T05:02:55.000Z,0.008205242455005646,0.10883580148220062,51214531,R1.2900.11955.0
2025-01-20T05:02:55.500Z,0.010517463088035583,0.10883580148220062,71567810,R1.2900.11955.0
2025-01-20T05:02:56.000Z,0.014291424304246902,0.10883580148220062,21204713,R1.0697.5199.0
2025-01-20T05:02:56.500Z,0.014951817691326141,0.10883580148220062,72154411,R1.2900.11955.0
2025-01-20T05:02:57.000Z,0.049643438309431076,0.10883580148220062,21204713,R1.0697.5199.0
2025-01-20T05:02:57.500Z,0.016309915110468864,0.10883580148220062,71567810,R1.2900.11955.0
2025-01-20T05:02:58.000Z,0.018446531146764755,0.10883580148220062,21204713,R1.0697.5199.0
2025-01-20T05:02:58.500Z,0.022106846794486046,0.10883580148220062,72154411,R1.2900.11955.0
2025-01-20T05:02:59.000Z,0.02145221456885338,0.10883580148220062,71325295,R1.2900.11955.0
2025-01-20T05:02:59.500Z,0.009968982078135014,0.10883580148220062,40237728,R1.3027.11698.0
2025-01-20T05:03:00.000Z,0.014474582858383656,0.10883580148220062,72154411,R1.2900.11955.0
2025-01-20T05:03:00.500Z,0.04739941656589508,0.10883580148220062,21212835,R1.2172.7737.0
2025-01-20T05:03:01.000Z,0.03734112158417702,0.10883580148220062,21212835,R1.2172.7737.0
2025-01-20T05:03:01.500Z,0.025973470881581306,0.10883580148220062,71908906,R1.2900.11955.0
2025-01-20T05:03:02.000Z,0.023812133818864822,0.10883580148220062,71908906,R1.2900.11955.0
2025-01-20T05:03:02.500Z,0.010772600769996643,0.10883580148220062,71325295,R1.2900.11955.0
2025-01-20T05:03:03.000Z,0.026555074378848076,0.10883580148220062,40237728,R1.3027.11698.0
2025-01-20T05:03:03.500Z,0.03531104698777199,0.10883580148220062,21212835,R1.2172.7737.0
2025-01-20T05:03:04.000Z,0.03252601623535156,0.10883580148220062,72154411,R1.2900.11955.0
2025-01-20T05:03:04.500Z,0.00562627986073494,0.10883580148220062,72359026,R1.2900.11955.0
2025-01-20T05:03:05.000Z,0.017753269523382187,0.10883580148220062,40237728,R1.3027.11698.0
2025-01-20T05:03:05.500Z,0.03348241001367569,0.10883580148220062,51214531,R1.2900.11955.0
2025-01-20T05:03:06.000Z,0.03507084399461746,0.10883580148220062,51214531,R1.2900.11955.0
2025-01-20T05:03:06.500Z,0.010441618971526623,0.10883580148220062,51214531,R1.2900.11955.0
2025-01-20T05:03:07.000Z,0.00550157530233264,0.10883580148220062,40237728,R1.3027.11698.0
2025-01-20T05:03:07.500Z,0.013112375512719154,0.10883580148220062,40237728,R1.3027.11698.0
2025-01-20T05:03:08.000Z,0.02631218731403351,0.10883580148220062,21212835,R1.2172.7737.0
2025-01-20T05:03:08.500Z,0.03362952917814255,0.10883580148220062,40237728,R1.3027.11698.0
2025-01-20T05:03:09.000Z,0.02884247712790966,0.10883580148220062,71908906,R1.2900.11955.0
2025-01-20T05:03:09.500Z,0.015266607515513897,0.10883580148220062,40220017,R1.3027.11698.0
2025-01-20T05:03:10.000Z,0.0172891803085804,0.10883580148220062,40220017,R1.3027.11698.0
2025-01-20T05:03:10.500Z,0.03510146215558052,0.10883580148220062,72359026,R1.2900.11955.0
2025-01-20T05:03:11.000Z,0.018877610564231873,0.10883580148220062,71325295,R1.2900.11955.0
2025-01-20T05:03:11.500Z,0.045976556837558746,0.10883580148220062,72359026,R1.2900.11955.0
2025-01-20T05:03:12.000Z,0.0020961412228643894,0.10883580148220062,40237728,R1.3027.11698.0
2025-01-20T05:03:12.500Z,0.015338113531470299,0.10883580148220062,71567810,R1.2900.11955.0
2025-01-20T05:03:13.000Z,0.014141879044473171,0.10883580148220062,21204713,R1.0697.5199.0
2025-01-20T05:03:13.500Z,0.03598355874419212,0.10883580148220062,21212835,R1.2172.7737.0
2025-01-20T05:03:14.000Z,0.02041003480553627,0.10883580148220062,71908906,R1.2900.11955.0
2025-01-20T05:03:14.500Z,0.022138679400086403,0.10883580148220062,72359026,R1.2900.11955.0
2025-01-20T05:03:15.000Z,0.00702702347189188,0.10883580148220062,40237728,R1.3027.11698.0
2025-01-20T05:03:15.500Z,0.023276014253497124,0.10883580148220062,72359026,R1.2900.11955.0
2025-01-20T05:03:16.000Z,0.02282591536641121,0.10883580148220062,21204713,R1.0697.5199.0
2025-01-20T05:03:16.500Z,0.02964695915579796,0.10883580148220062,71567810,R1.2900.11955.0
2025-01-20T05:03:17.000Z,0.027807632461190224,0.10883580148220062,51214531,R1.2900.11955.0
2025-01-20T05:03:17.500Z,0.013873661868274212,0.10883580148220062,40237728,R1.3027.11698.0
2025-01-20T05:03:18.000Z,0.03397436812520027,0.10883580148220062,72359026,R1.2900.11955.0
2025-01-20T05:03:18.500Z,0.018677009269595146,0.10883580148220062,71567810,R1.2900.11955.0
2025-01-20T05:03:19.000Z,0.015214608050882816,0.10883580148220062,21212835,R1.2172.7737.0
2025-01-20T05:03:19.500Z,0.0326106883585453,0.10883580148220062,51214531,R1.2900.11955.0
2025-01-20T05:03:20.000Z,0.0191881712526083,0.10883580148220062,72154411,R1.2900.11955.0
2025-01-20T05:03:20.500Z,0.008416818454861641,0.10883580148220062,21204713,R1.0697.5199.0
2025-01-20T05:03:21.000Z,0.030752096325159073,0.10883580148220062,71908906,R1.2900.11955.0
2025-01-20T05:03:21.500Z,0.022812683135271072,0.10883580148220062,40237728,R1.3027.11698.0
2025-01-20T05:03:22.000Z,0.03378981351852417,0.10883580148220062,21204713,R1.0697.5199.0
2025-01-20T05:03:22.500Z,0.03265520557761192,0.10883580148220062,21212835,R1.2172.7737.0
2025-01-20T05:03:23.000Z,0.014600570313632488,0.10883580148220062,21212835,R1.2172.7737.0
2025-01-20T05:03:23.500Z,0.026927130296826363,0.10883580148220062,71908906,R1.2900.11955.0
2025-01-20T05:03:24.000Z,0.02107606828212738,0.10883580148220062,72154411,R1.2900.11955.0
2025-01-20T05:03:24.500Z,0.008997516706585884,0.10883580148220062,72359026,R1.2900.11955.0
2025-01-20T05:03:25.000Z,0.027532316744327545,0.10883580148220062,51214531,R1.2900.11955.0
2025-01-20T05:03:25.500Z,0.01799766719341278,0.10883580148220062,51214531,R1.2900.11955.0
2025-01-20T05:03:26.000Z,0.015445930883288383,0.10883580148220062,72154411,R1.2900.11955.0
2025-01-20T05:03:26.500Z,0.023454325273633003,0.10883580148220062,71908906,R1.2900.11955.0
2025-01-20T05:03:27.000Z,0.013069997541606426,0.10883580148220062,72359026,R1.2900.11955.0
2025-01-20T05:03:27.500Z,0.012633045203983784,0.10883580148220062,71567810,R1.2900.11955.0
2025-01-20T05:03:28.000Z,0.013774593360722065,0.10883580148220062,71567810,R1.2900.11955.0
2025-01-20T05:03:28.500Z,0.024996355175971985,0.10883580148220062,72154411,R1.2900.11955.0
2025-01-20T05:03:29.000Z,0.002123794285580516,0.10883580148220062,21204713,R1.0697.5199.0
2025-01-20T05:03:29.500Z,0.01371848676353693,0.10883580148220062,40237728,R1.3027.11698.0
2025-01-20T05:03:30.000Z,0.03941347822546959,0.10883580148220062,21204713,R1.0697.5199.0
2025-01-20T05:03:30.500Z,0.027236994355916977,0.10883580148220062,21212835,R1.2172.7737.0
2025-01-20T05:03:31.000Z,0.012054483406245708,0.10883580148220062,51214531,R1.2900.11955.0
2025-01-20T05:03:31.500Z,0.03670019656419754,0.10883580148220062,21204713,R1.0697.5199.0
2025-01-20T05:03:32.000Z,0.02560451626777649,0.10883580148220062,51214531,R1.2900.11955.0
2025-01-20T05:03:32.500Z,0.014690559357404709,0.10883580148220062,21204713,R1.0697.5199.0
2025-01-20T05:03:33.000Z,0.024674372747540474,0.10883580148220062,71567810,R1.2900.11955.0
2025-01-20T05:03:33.500Z,0.035050783306360245,0.10883580148220062,72154411,R1.2900.11955.0
2025-01-20T05:03:34.000Z,0.013461503200232983,0.10883580148220062,72359026,R1.2900.11955.0
2025-01-20T05:03:34.500Z,0.0064414204098284245,0.10883580148220062,72359026,R1.2900.11955.0
2025-01-20T05:03:35.000Z,0.013965154066681862,0.10883580148220062,71325295,R1.2900.11955.0
2025-01-20T05:03:35.500Z,0.02959965169429779,0.10883580148220062,51214531,R1.2900.11955.0
2025-01-20T05:03:36.000Z,0.04087024927139282,0.10883580148220062,71908906,R1.2900.11955.0
2025-01-20T05:03:36.500Z,0.017182331532239914,0.10883580148220062,72154411,R1.2900.11955.0
2025-01-20T05:03:37.000Z,0.02757042646408081,0.10883580148220062,72359026,R1.2900.11955.0
2025-01-20T05:03:37.500Z,0.0196525976061821,0.10883580148220062,71325295,R1.2900.11955.0
2025-01-20T05:03:38.000Z,0.01802034303545952,0.10883580148220062,21212835,R1.2172.7737.0
2025-01-20T05:03:38.500Z,0.031523752957582474,0.10883580148220062,72154411,R1.2900.11955.0
2025-01-20T05:03:39.000Z,0.026463834568858147,0.10883580148220062,21212835,R1.2172.7737.0
2025-01-20T05:03:39.500Z,0.033150095492601395,0.10883580148220062,40237728,R1.3027.11698.0
2025-01-20T05:03:40.000Z,0.014814346097409725,0.10883580148220062,21212835,R1.2172.7737.0
2025-01-20T05:03:40.500Z,0.02876608818769455,0.10883580148220062,21204713,R1.0697.5199.0
2025-01-20T05:03:41.000Z,0.030106808990240097,0.10883580148220062,21212835,R1.2172.7737.0
2025-01-20T05:03:41.500Z,0.023549502715468407,0.10883580148220062,40237728,R1.3027.11698.0
2025-01-20T05:03:42.000Z,0.01648624800145626,0.10883580148220062,71908906,R1.2900.11955.0
2025-01-20T05:03:42.500Z,0.023029262199997902,0.10883580148220062,21204713,R1.0697.5199.0
2025-01-20T05:03:43.000Z,0.023752961307764053,0.10883580148220062,72154411,R1.2900.11955.0
2025-01-20T05:03:43.500Z,0.03221311792731285,0.10883580148220062,71567810,R1.2900.11955.0
2025-01-20T05:03:44.000Z,0.03819616138935089,0.10883580148220062,40220017,R1.3027.11698.0
2025-01-20T05:03:44.500Z,0.03132025897502899,0.10883580148220062,21204713,R1.0697.5199.0
2025-01-20T05:03:45.000Z,0.012877754867076874,0.10883580148220062,40220017,R1.3027.11698.0
2025-01-20T05:03:45.500Z,0.008861196227371693,0.10883580148220062,71908906,R1.2900.11955.0
2025-01-20T05:03:46.000Z,0.016927523538470268,0.10883580148220062,51214531,R1.2900.11955.0
2025-01-20T05:03:46.500Z,0.02491108328104019,0.10883580148220062,40237728,R1.3027.11698.0
2025-01-20T05:03:47.000Z,0.037907764315605164,0.10883580148220062,72154411,R1.2900.11955.0
2025-01-20T05:03:47.500Z,0.011435453779995441,0.10883580148220062,40237728,R1.3027.11698.0
2025-01-20T05:03:48.000Z,0.030898477882146835,0.10883580148220062,71325295,R1.2900.11955.0
2025-01-20T05:03:48.500Z,0.015286005102097988,0.10883580148220062,71567810,R1.2900.11955.0
2025-01-20T05:03:49.000Z,0.03355266898870468,0.10883580148220062,71908906,R1.2900.11955.0
2025-01-20T05:03:49.500Z,0.031731873750686646,0.10883580148220062,71908906,R1.2900.11955.0
2025-01-20T05:03:50.000Z,0.02243047021329403,0.10883580148220062,40237728,R1.3027.11698.0
2025-01-20T05:03:50.500Z,0.03479447588324547,0.10883580148220062,71567810,R1.2900.11955.0
2025-01-20T05:03:51.000Z,0.010190469212830067,0.10883580148220062,71325295,R1.2900.11955.0
2025-01-20T05:03:51.500Z,0.0090169133618474,0.10883580148220062,21204713,R1.0697.5199.0
2025-01-20T05:03:52.000Z,0.02003849297761917,0.10883580148220062,40220017,R1.3027.11698.0
2025-01-20T05:03:52.500Z,0.018513254821300507,0.10883580148220062,72154411,R1.2900.11955.0
2025-01-20T05:03:53.000Z,0.029390603303909302,0.10883580148220062,21212835,R1.2172.7737.0
2025-01-20T05:03:53.500Z,0.015098572708666325,0.10883580148220062,71908906,R1.2900.11955.0
2025-01-20T05:03:54.000Z,0.013833824545145035,0.10883580148220062,51214531,R1.2900.11955.0
2025-01-20T05:03:54.500Z,0.024521760642528534,0.10883580148220062,72359026,R1.2900.11955.0
2025-01-20T05:03:55.000Z,0.024678930640220642,0.10883580148220062,72359026,R1.2900.11955.0
2025-01-20T05:03:55.500Z,0.011502595618367195,0.10883580148220062,71325295,R1.2900.11955.0
2025-01-20T05:03:56.000Z,0.01758495531976223,0.10883580148220062,71908906,R1.2900.11955.0
2025-01-20T05:03:56.500Z,0.02944672293961048,0.10883580148220062,21204713,R1.0697.5199.0
2025-01-20T05:03:57.000Z,0.02040042169392109,0.10883580148220062,51214531,R1.2900.11955.0
2025-01-20T05:03:57.500Z,0.03902873024344444,0.10883580148220062,72154411,R1.2900.11955.0
2025-01-20T05:03:58.000Z,0.02150520496070385,0.10883580148220062,51214531,R1.2900.11955.0
2025-01-20T05:03:58.500Z,0.01149100624024868,0.10883580148220062,21212835,R1.2172.7737.0
2025-01-20T05:03:59.000Z,0.02222342975437641,0.10883580148220062,51214531,R1.2900.11955.0
2025-01-20T05:03:59.500Z,0.012978995218873024,0.10883580148220062,21212835,R1.2172.7737.0
2025-01-20T05:04:00.000Z,0.018177274614572525,0.10883580148220062,40237728,R1.3027.11698.0
2025-01-20T05:04:00.500Z,0.009177451021969318,0.10883580148220062,21204713,R1.0697.5199.0
2025-01-20T05:04:01.000Z,0.015971338376402855,0.10883580148220062,21212835,R1.2172.7737.0
2025-01-20T05:04:01.500Z,0.02922881208360195,0.10883580148220062,72154411,R1.2900.11955.0
2025-01-20T05:04:02.000Z,0.00563211552798748,0.10883580148220062,71567810,R1.2900.11955.0
2025-01-20T05:04:02.500Z,0.022244272753596306,0.10883580148220062,40237728,R1.3027.11698.0
2025-01-20T05:04:03.000Z,0.015348166227340698,0.10883580148220062,71908906,R1.2900.11955.0
2025-01-20T05:04:03.500Z,0.02158953994512558,0.10883580148220062,71908906,R1.2900.11955.0
2025-01-20T05:04:04.000Z,0.02428915724158287,0.10883580148220062,21204713,R1.0697.5199.0
2025-01-20T05:04:04.500Z,0.04550587013363838,0.10883580148220062,51214531,R1.2900.11955.0
2025-01-20T05:04:05.000Z,0.020748775452375412,0.10883580148220062,71325295,R1.2900.11955.0
2025-01-20T05:04:05.500Z,0.013730558566749096,0.10883580148220062,71567810,R1.2900.11955.0
2025-01-20T05:04:06.000Z,0.013184518553316593,0.10883580148220062,40237728,R1.3027.11698.0
2025-01-20T05:04:06.500Z,0.022836027666926384,0.10883580148220062,72154411,R1.2900.11955.0
2025-01-20T05:04:07.000Z,0.019562169909477234,0.10883580148220062,72359026,R1.2900.11955.0
2025-01-20T05:04:07.500Z,0.006978007033467293,0.10883580148220062,40237728,R1.3027.11698.0
2025-01-20T05:04:08.000Z,0.045453742146492004,0.10883580148220062,21204713,R1.0697.5199.0
2025-01-20T05:04:08.500Z,0.052141062915325165,0.10883580148220062,21212835,R1.2172.7737.0
2025-01-20T05:04:09.000Z,0.00814792700111866,0.10883580148220062,21212835,R1.2172.7737.0
2025-01-20T05:04:09.500Z,0.008067506365478039,0.10883580148220062,21212835,R1.2172.7737.0
2025-01-20T05:04:10.000Z,0.022979024797677994,0.10883580148220062,72359026,R1.2900.11955.0
2025-01-20T05:04:10.500Z,0.034618496894836426,0.10883580148220062,40237728,R1.3027.11698.0
2025-01-20T05:04:11.000Z,0.015657249838113785,0.10883580148220062,71908906,R1.2900.11955.0
2025-01-20T05:04:11.500Z,0.030534816905856133,0.10883580148220062,71325295,R1.2900.11955.0
2025-01-20T05:04:12.000Z,0.01352196279913187,0.10883580148220062,21204713,R1.0697.5199.0
2025-01-20T05:04:12.500Z,0.018667902797460556,0.10883580148220062,51214531,R1.2900.11955.0
2025-01-20T05:04:13.000Z,0.02296638861298561,0.10883580148220062,51214531,R1.2900.11955.0
2025-01-20T05:04:13.500Z,0.024009251967072487,0.10883580148220062,72154411,R1.2900.11955.0
2025-01-20T05:04:14.000Z,0.013828419148921967,0.10883580148220062,72154411,R1.2900.11955.0
2025-01-20T05:04:14.500Z,0.009261317551136017,0.10883580148220062,72359026,R1.2900.11955.0
2025-01-20T05:04:15.000Z,0.026532575488090515,0.10883580148220062,72154411,R1.2900.11955.0
2025-01-20T05:04:15.500Z,0.02396274358034134,0.10883580148220062,71908906,R1.2900.11955.0
2025-01-20T05:04:16.000Z,0.03254358842968941,0.10883580148220062,71567810,R1.2900.11955.0
2025-01-20T05:04:16.500Z,0.013525745831429958,0.10883580148220062,71325295,R1.2900.11955.0
2025-01-20T05:04:17.000Z,0.029701655730605125,0.10883580148220062,21204713,R1.0697.5199.0
2025-01-20T05:04:17.500Z,0.011652665212750435,0.10883580148220062,72359026,R1.2900.11955.0
2025-01-20T05:04:18.000Z,0.01680517941713333,0.10883580148220062,72154411,R1.2900.11955.0
2025-01-20T05:04:18.500Z,0.01081887912005186,0.10883580148220062,21204713,R1.0697.5199.0
2025-01-20T05:04:19.000Z,0.03105119615793228,0.10883580148220062,40237728,R1.3027.11698.0
2025-01-20T05:04:19.500Z,0.02391139790415764,0.10883580148220062,71567810,R1.2900.11955.0
2025-01-20T05:04:20.000Z,0.012771336361765862,0.10883580148220062,72359026,R1.2900.11955.0
2025-01-20T05:04:20.500Z,0.024663683027029037,0.10883580148220062,21204713,R1.0697.5199.0
2025-01-20T05:04:21.000Z,0.032040953636169434,0.10883580148220062,21204713,R1.0697.5199.0
2025-01-20T05:04:21.500Z,0.023460127413272858,0.10883580148220062,21204713,R1.0697.5199.0
2025-01-20T05:04:22.000Z,0.04366137832403183,0.10883580148220062,21212835,R1.2172.7737.0
2025-01-20T05:04:22.500Z,0.007367047946900129,0.10883580148220062,72154411,R1.2900.11955.0
2025-01-20T05:04:23.000Z,0.030313922092318535,0.10883580148220062,71908906,R1.2900.11955.0
2025-01-20T05:04:23.500Z,0.022313158959150314,0.10883580148220062,21212835,R1.2172.7737.0
2025-01-20T05:04:24.000Z,0.0075806123204529285,0.10883580148220062,40237728,R1.3027.11698.0
2025-01-20T05:04:24.500Z,0.028645629063248634,0.10883580148220062,71908906,R1.2900.11955.0
2025-01-20T05:04:25.000Z,0.008994444273412228,0.10883580148220062,71567810,R1.2900.11955.0
2025-01-20T05:04:25.500Z,0.05062876641750336,0.10883580148220062,72154411,R1.2900.11955.0
2025-01-20T05:04:26.000Z,0.008409696631133556,0.10883580148220062,71567810,R1.2900.11955.0
2025-01-20T05:04:26.500Z,0.03996362164616585,0.10883580148220062,40237728,R1.3027.11698.0
2025-01-20T05:04:27.000Z,0.020282389596104622,0.10883580148220062,71567810,R1.2900.11955.0
2025-01-20T05:04:27.500Z,0.00922697875648737,0.10883580148220062,21212835,R1.2172.7737.0
2025-01-20T05:04:28.000Z,0.01740262471139431,0.10883580148220062,40237728,R1.3027.11698.0
2025-01-20T05:04:28.500Z,0.016503142192959785,0.10883580148220062,71567810,R1.2900.11955.0
2025-01-20T05:04:29.000Z,0.02834565006196499,0.10883580148220062,21204713,R1.0697.5199.0
2025-01-20T05:04:29.500Z,0.06180618330836296,0.10883580148220062,21212835,R1.2172.7737.0
2025-01-20T05:04:30.000Z,0.03347700461745262,0.10883580148220062,21212835,R1.2172.7737.0
2025-01-20T05:04:30.500Z,0.032099854201078415,0.10883580148220062,40220017,R1.3027.11698.0
2025-01-20T05:04:31.000Z,0.04058210551738739,0.10883580148220062,40220017,R1.3027.11698.0
2025-01-20T05:04:31.500Z,0.0049292962066829205,0.10883580148220062,40220017,R1.3027.11698.0
2025-01-20T05:04:32.000Z,0.025457171723246574,0.10883580148220062,71325295,R1.2900.11955.0
2025-01-20T05:04:32.500Z,0.0307571142911911,0.10883580148220062,40237728,R1.3027.11698.0
2025-01-20T05:04:33.000Z,0.026140112429857254,0.10883580148220062,21212835,R1.2172.7737.0
2025-01-20T05:04:33.500Z,0.016857659444212914,0.10883580148220062,51214531,R1.2900.11955.0
2025-01-20T05:04:34.000Z,0.030563099309802055,0.10883580148220062,40220017,R1.3027.11698.0
2025-01-20T05:04:34.500Z,0.02890707179903984,0.10883580148220062,71567810,R1.2900.11955.0
2025-01-20T05:04:35.000Z,0.01646215096116066,0.10883580148220062,71567810,R1.2900.11955.0
2025-01-20T05:04:35.500Z,0.019562887027859688,0.10883580148220062,72154411,R1.2900.11955.0
2025-01-20T05:04:36.000Z,0.028605841100215912,0.10883580148220062,21204713,R1.0697.5199.0
2025-01-20T05:04:36.500Z,0.015298048034310341,0.10883580148220062,51214531,R1.2900.11955.0
2025-01-20T05:04:37.000Z,0.02325330302119255,0.10883580148220062,21204713,R1.0697.5199.0
2025-01-20T05:04:37.500Z,0.0420585498213768,0.10883580148220062,51214531,R1.2900.11955.0
2025-01-20T05:04:38.000Z,0.017396938055753708,0.10883580148220062,71908906,R1.2900.11955.0
2025-01-20T05:04:38.500Z,0.04229320213198662,0.10883580148220062,51214531,R1.2900.11955.0
2025-01-20T05:04:39.000Z,0.023243967443704605,0.10883580148220062,51214531,R1.2900.11955.0
2025-01-20T05:04:39.500Z,0.023680375888943672,0.10883580148220062,40237728,R1.3027.11698.0
2025-01-20T05:04:40.000Z,0.03403357043862343,0.10883580148220062,21212835,R1.2172.7737.0
2025-01-20T05:04:40.500Z,0.02626911737024784,0.10883580148220062,71325295,R1.2900.11955.0
2025-01-20T05:04:41.000Z,0.014853577129542828,0.10883580148220062,51214531,R1.2900.11955.0
2025-01-20T05:04:41.500Z,0.011675921268761158,0.10883580148220062,71325295,R1.2900.11955.0
2025-01-20T05:04:42.000Z,0.019179293885827065,0.10883580148220062,71908906,R1.2900.11955.0
2025-01-20T05:04:42.500Z,0.026183422654867172,0.10883580148220062,72154411,R1.2900.11955.0
2025-01-20T05:04:43.000Z,0.016198670491576195,0.10883580148220062,40237728,R1.3027.11698.0
2025-01-20T05:04:43.500Z,0.032885391265153885,0.10883580148220062,72359026,R1.2900.11955.0
2025-01-20T05:04:44.000Z,0.04433131963014603,0.10883580148220062,71567810,R1.2900.11955.0
2025-01-20T05:04:44.500Z,0.02074476331472397,0.10883580148220062,40220017,R1.3027.11698.0
2025-01-20T05:04:45.000Z,0.024443887174129486,0.10883580148220062,40237728,R1.3027.11698.0
2025-01-20T05:04:45.500Z,0.0165274515748024,0.10883580148220062,72359026,R1.2900.11955.0
2025-01-20T05:04:46.000Z,0.01748603768646717,0.10883580148220062,21204713,R1.0697.5199.0
2025-01-20T05:04:46.500Z,0.00574094383046031,0.10883580148220062,21204713,R1.0697.5199.0
2025-01-20T05:04:47.000Z,0.038847822695970535,0.10883580148220062,51214531,R1.2900.11955.0
2025-01-20T05:04:47.500Z,0.04863365739583969,0.10883580148220062,21212835,R1.2172.7737.0
2025-01-20T05:04:48.000Z,0.02040136232972145,0.10883580148220062,40237728,R1.3027.11698.0
2025-01-20T05:04:48.500Z,0.011473719961941242,0.10883580148220062,71567810,R1.2900.11955.0
2025-01-20T05:04:49.000Z,0.005508568603545427,0.10883580148220062,40237728,R1.3027.11698.0
2025-01-20T05:04:49.500Z,0.0168782826513052,0.10883580148220062,71567810,R1.2900.11955.0
2025-01-20T05:04:50.000Z,0.02675781026482582,0.10883580148220062,71567810,R1.2900.11955.0
2025-01-20T05:04:50.500Z,0.02792106196284294,0.10883580148220062,71908906,R1.2900.11955.0
2025-01-20T05:04:51.000Z,0.0305767972022295,0.10883580148220062,21204713,R1.0697.5199.0
2025-01-20T05:04:51.500Z,0.020488791167736053,0.10883580148220062,40237728,R1.3027.11698.0
2025-01-20T05:04:52.000Z,0.011178676970303059,0.10883580148220062,72154411,R1.2900.11955.0
2025-01-20T05:04:52.500Z,0.014993134886026382,0.10883580148220062,40220017,R1.3027.11698.0
2025-01-20T05:04:53.000Z,0.020761102437973022,0.10883580148220062,72359026,R1.2900.11955.0
2025-01-20T05:04:53.500Z,0.02137690782546997,0.10883580148220062,21212835,R1.2172.7737.0
2025-01-20T05:04:54.000Z,0.02519543655216694,0.10883580148220062,71325295,R1.2900.11955.0
2025-01-20T05:04:54.500Z,0.030499251559376717,0.10883580148220062,72154411,R1.2900.11955.0
2025-01-20T05:04:55.000Z,0.046913083642721176,0.10883580148220062,71567810,R1.2900.11955.0
2025-01-20T05:04:55.500Z,0.011917175725102425,0.10883580148220062,51214531,R1.2900.11955.0
2025-01-20T05:04:56.000Z,0.0183416735380888,0.10883580148220062,40237728,R1.3027.11698.0
2025-01-20T05:04:56.500Z,0.014735435135662556,0.10883580148220062,72359026,R1.2900.11955.0
2025-01-20T05:04:57.000Z,0.03028424084186554,0.10883580148220062,51214531,R1.2900.11955.0
2025-01-20T05:04:57.500Z,0.006082172971218824,0.10883580148220062,51214531,R1.2900.11955.0
2025-01-20T05:04:58.000Z,0.013474752195179462,0.10883580148220062,71325295,R1.2900.11955.0
2025-01-20T05:04:58.500Z,0.000676893163472414,0.10883580148220062,72154411,R1.2900.11955.0
2025-01-20T05:04:59.000Z,0.038626618683338165,0.10883580148220062,21212835,R1.2172.7737.0
2025-01-20T05:04:59.500Z,0.01779828406870365,0.10883580148220062,72359026,R1.2900.11955.0
2025-01-20T05:05:00.000Z,0.01439116895198822,0.10883580148220062,72359026,R1.2900.11955.0
2025-01-20T05:05:00.500Z,0.02895430289208889,0.10883580148220062,71908906,R1.2900.11955.0
2025-01-20T05:05:01.000Z,0.021986419335007668,0.10883580148220062,40220017,R1.3027.11698.0
2025-01-20T05:05:01.500Z,0.012970054522156715,0.10883580148220062,72154411,R1.2900.11955.0
2025-01-20T05:05:02.000Z,0.05183609202504158,0.10883580148220062,40237728,R1.3027.11698.0
2025-01-20T05:05:02.500Z,0.028366925194859505,0.10883580148220062,51214531,R1.2900.11955.0
2025-01-20T05:05:03.000Z,0.01724174991250038,0.10883580148220062,71908906,R1.2900.11955.0
2025-01-20T05:05:03.500Z,0.020723415538668633,0.10883580148220062,21212835,R1.2172.7737.0
2025-01-20T05:05:04.000Z,0.03329145163297653,0.10883580148220062,71908906,R1.2900.11955.0
2025-01-20T05:05:04.500Z,0.00637307483702898,0.10883580148220062,40237728,R1.3027.11698.0
2025-01-20T05:05:05.000Z,0.026163402944803238,0.10883580148220062,21204713,R1.0697.5199.0
2025-01-20T05:05:05.500Z,0.023773349821567535,0.10883580148220062,21204713,R1.0697.5199.0
2025-01-20T05:05:06.000Z,0.02176341600716114,0.10883580148220062,72154411,R1.2900.11955.0
2025-01-20T05:05:06.500Z,0.03215988352894783,0.10883580148220062,21204713,R1.0697.5199.0
2025-01-20T05:05:07.000Z,0.010793711990118027,0.10883580148220062,71567810,R1.2900.11955.0
2025-01-20T05:05:07.500Z,0.030751598998904228,0.10883580148220062,40237728,R1.3027.11698.0
2025-01-20T05:05:08.000Z,0.017048673704266548,0.10883580148220062,71908906,R1.2900.11955.0
2025-01-20T05:05:08.500Z,0.023552056401968002,0.10883580148220062,21204713,R1.0697.5199.0
2025-01-20T05:05:09.000Z,0.05345587804913521,0.10883580148220062,40220017,R1.3027.11698.0
2025-01-20T05:05:09.500Z,0.032754745334386826,0.10883580148220062,71567810,R1.2900.11955.0
2025-01-20T05:05:10.000Z,0.012509355321526527,0.10883580148220062,72154411,R1.2900.11955.0
2025-01-20T05:05:10.500Z,0.027552852407097816,0.10883580148220062,40237728,R1.3027.11698.0
2025-01-20T05:05:11.000Z,0.022557826712727547,0.10883580148220062,21212835,R1.2172.7737.0
2025-01-20T05:05:11.500Z,0.01949094980955124,0.10883580148220062,21212835,R1.2172.7737.0
2025-01-20T05:05:12.000Z,0.019600901752710342,0.10883580148220062,40237728,R1.3027.11698.0
2025-01-20T05:05:12.500Z,0.02732422947883606,0.10883580148220062,40220017,R1.3027.11698.0
2025-01-20T05:05:13.000Z,0.017001917585730553,0.10883580148220062,72154411,R1.2900.11955.0
2025-01-20T05:05:13.500Z,0.040710121393203735,0.10883580148220062,72359026,R1.2900.11955.0
2025-01-20T05:05:14.000Z,0.0290675088763237,0.10883580148220062,40237728,R1.3027.11698.0
2025-01-20T05:05:14.500Z,0.04087457433342934,0.10883580148220062,72154411,R1.2900.11955.0
2025-01-20T05:05:15.000Z,0.03614961728453636,0.10883580148220062,40220017,R1.3027.11698.0
2025-01-20T05:05:15.500Z,0.029466647654771805,0.10883580148220062,21212835,R1.2172.7737.0
2025-01-20T05:05:16.000Z,0.013717071153223515,0.10883580148220062,40237728,R1.3027.11698.0
2025-01-20T05:05:16.500Z,0.023529456928372383,0.10883580148220062,72154411,R1.2900.11955.0
2025-01-20T05:05:17.000Z,0.0140360863879323,0.10883580148220062,40220017,R1.3027.11698.0
2025-01-20T05:05:17.500Z,0.02564123272895813,0.10883580148220062,71908906,R1.2900.11955.0
2025-01-20T05:05:18.000Z,0.027257338166236877,0.10883580148220062,21212835,R1.2172.7737.0
2025-01-20T05:05:18.500Z,0.03346464782953262,0.10883580148220062,21212835,R1.2172.7737.0
2025-01-20T05:05:19.000Z,0.010130776092410088,0.10883580148220062,71325295,R1.2900.11955.0
2025-01-20T05:05:19.500Z,0.02238425239920616,0.10883580148220062,21212835,R1.2172.7737.0
2025-01-20T05:05:20.000Z,0.017728915438055992,0.10883580148220062,51214531,R1.2900.11955.0
2025-01-20T05:05:20.500Z,0.016637958586215973,0.10883580148220062,21212835,R1.2172.7737.0
2025-01-20T05:05:21.000Z,0.01825031265616417,0.10883580148220062,40220017,R1.3027.11698.0
2025-01-20T05:05:21.500Z,0.022379159927368164,0.10883580148220062,71567810,R1.2900.11955.0
2025-01-20T05:05:22.000Z,0.012710309587419033,0.10883580148220062,71908906,R1.2900.11955.0
2025-01-20T05:05:22.500Z,0.016958829015493393,0.10883580148220062,21204713,R1.0697.5199.0
2025-01-20T05:05:23.000Z,0.01752072386443615,0.10883580148220062,40237728,R1.3027.11698.0
2025-01-20T05:05:23.500Z,0.009710131213068962,0.10883580148220062,71567810,R1.2900.11955.0
2025-01-20T05:05:24.000Z,0.036763422191143036,0.10883580148220062,40220017,R1.3027.11698.0
2025-01-20T05:05:24.500Z,0.015825891867280006,0.10883580148220062,40220017,R1.3027.11698.0
2025-01-20T05:05:25.000Z,0.042453568428754807,0.10883580148220062,40220017,R1.3027.11698.0
2025-01-20T05:05:25.500Z,0.03785863146185875,0.10883580148220062,71567810,R1.2900.11955.0
2025-01-20T05:05:26.000Z,0.03648936003446579,0.10883580148220062,72154411,R1.2900.11955.0
2025-01-20T05:05:26.500Z,0.024975687265396118,0.10883580148220062,40237728,R1.3027.11698.0
2025-01-20T05:05:27.000Z,0.0358884371817112,0.10883580148220062,40237728,R1.3027.11698.0
2025-01-20T05:05:27.500Z,0.01773924194276333,0.10883580148220062,51214531,R1.2900.11955.0
2025-01-20T05:05:28.000Z,0.010063798166811466,0.10883580148220062,72359026,R1.2900.11955.0
2025-01-20T05:05:28.500Z,0.021501930430531502,0.10883580148220062,40237728,R1.3027.11698.0
2025-01-20T05:05:29.000Z,0.017485415562987328,0.10883580148220062,40237728,R1.3027.11698.0
2025-01-20T05:05:29.500Z,0.032360564917325974,0.10883580148220062,21204713,R1.0697.5199.0
2025-01-20T05:05:30.000Z,0.023345019668340683,0.10883580148220062,21204713,R1.0697.5199.0
2025-01-20T05:05:30.500Z,0.029277393594384193,0.10883580148220062,71325295,R1.2900.11955.0
2025-01-20T05:05:31.000Z,0.03371921181678772,0.10883580148220062,21212835,R1.2172.7737.0
2025-01-20T05:05:31.500Z,0.01931452751159668,0.10883580148220062,21212835,R1.2172.7737.0
2025-01-20T05:05:32.000Z,0.012413613498210907,0.10883580148220062,51214531,R1.2900.11955.0
2025-01-20T05:05:32.500Z,0.014699592255055904,0.10883580148220062,40237728,R1.3027.11698.0
2025-01-20T05:05:33.000Z,0.030425207689404488,0.10883580148220062,71567810,R1.2900.11955.0
2025-01-20T05:05:33.500Z,0.020036429166793823,0.10883580148220062,72154411,R1.2900.11955.0
2025-01-20T05:05:34.000Z,0.013432314619421959,0.10883580148220062,71908906,R1.2900.11955.0
2025-01-20T05:05:34.500Z,0.03018653579056263,0.10883580148220062,21212835,R1.2172.7737.0
2025-01-20T05:05:35.000Z,0.018763074651360512,0.10883580148220062,72359026,R1.2900.11955.0
2025-01-20T05:05:35.500Z,0.030888879671692848,0.10883580148220062,21212835,R1.2172.7737.0
2025-01-20T05:05:36.000Z,0.02468257024884224,0.10883580148220062,21212835,R1.2172.7737.0
2025-01-20T05:05:36.500Z,0.020105546340346336,0.10883580148220062,72154411,R1.2900.11955.0
2025-01-20T05:05:37.000Z,0.021902594715356827,0.10883580148220062,71325295,R1.2900.11955.0
2025-01-20T05:05:37.500Z,0.028508339077234268,0.10883580148220062,71325295,R1.2900.11955.0
2025-01-20T05:05:38.000Z,0.0006125811487436295,0.10883580148220062,40237728,R1.3027.11698.0
2025-01-20T05:05:38.500Z,0.021788937970995903,0.10883580148220062,21204713,R1.0697.5199.0
2025-01-20T05:05:39.000Z,0.01173620205372572,0.10883580148220062,40220017,R1.3027.11698.0
2025-01-20T05:05:39.500Z,0.024099810048937798,0.10883580148220062,21204713,R1.0697.5199.0
2025-01-20T05:05:40.000Z,0.007351473905146122,0.10883580148220062,21212835,R1.2172.7737.0
2025-01-20T05:05:40.500Z,0.03777290880680084,0.10883580148220062,21204713,R1.0697.5199.0
2025-01-20T05:05:41.000Z,0.011257784441113472,0.10883580148220062,40220017,R1.3027.11698.0
2025-01-20T05:05:41.500Z,0.012311097234487534,0.10883580148220062,72359026,R1.2900.11955.0
2025-01-20T05:05:42.000Z,0.025058994069695473,0.10883580148220062,51214531,R1.2900.11955.0
2025-01-20T05:05:42.500Z,0.038281433284282684,0.10883580148220062,21212835,R1.2172.7737.0
2025-01-20T05:05:43.000Z,0.017976656556129456,0.10883580148220062,71567810,R1.2900.11955.0
2025-01-20T05:05:43.500Z,0.021054930984973907,0.10883580148220062,71567810,R1.2900.11955.0
2025-01-20T05:05:44.000Z,0.0233526062220335,0.10883580148220062,71567810,R1.2900.11955.0
2025-01-20T05:05:44.500Z,0.023060420528054237,0.10883580148220062,21204713,R1.0697.5199.0
2025-01-20T05:05:45.000Z,0.01893002912402153,0.10883580148220062,71567810,R1.2900.11955.0
2025-01-20T05:05:45.500Z,0.019456397742033005,0.10883580148220062,71908906,R1.2900.11955.0
2025-01-20T05:05:46.000Z,0.03890522941946983,0.10883580148220062,21212835,R1.2172.7737.0
2025-01-20T05:05:46.500Z,0.02139854058623314,0.10883580148220062,71567810,R1.2900.11955.0
2025-01-20T05:05:47.000Z,0.0256828423589468,0.10883580148220062,40237728,R1.3027.11698.0
2025-01-20T05:05:47.500Z,0.030381446704268456,0.10883580148220062,71325295,R1.2900.11955.0
2025-01-20T05:05:48.000Z,0.014354321174323559,0.10883580148220062,51214531,R1.2900.11955.0
2025-01-20T05:05:48.500Z,0.01800447702407837,0.10883580148220062,21212835,R1.2172.7737.0
2025-01-20T05:05:49.000Z,0.02262505143880844,0.10883580148220062,51214531,R1.2900.11955.0
2025-01-20T05:05:49.500Z,0.01188611052930355,0.10883580148220062,72154411,R1.2900.11955.0
2025-01-20T05:05:50.000Z,0.01915845088660717,0.10883580148220062,40237728,R1.3027.11698.0
2025-01-20T05:05:50.500Z,0.01955258473753929,0.10883580148220062,72154411,R1.2900.11955.0
2025-01-20T05:05:51.000Z,0.01393117941915989,0.10883580148220062,21212835,R1.2172.7737.0
2025-01-20T05:05:51.500Z,0.03301793336868286,0.10883580148220062,21212835,R1.2172.7737.0
2025-01-20T05:05:52.000Z,0.01438377145677805,0.10883580148220062,51214531,R1.2900.11955.0
2025-01-20T05:05:52.500Z,0.01656346768140793,0.10883580148220062,40220017,R1.3027.11698.0
2025-01-20T05:05:53.000Z,0.01789158396422863,0.10883580148220062,71567810,R1.2900.11955.0
2025-01-20T05:05:53.500Z,0.025068078190088272,0.10883580148220062,40237728,R1.3027.11698.0
2025-01-20T05:05:54.000Z,0.0363663025200367,0.10883580148220062,72154411,R1.2900.11955.0
2025-01-20T05:05:54.500Z,0.022441966459155083,0.10883580148220062,72359026,R1.2900.11955.0
2025-01-20T05:05:55.000Z,0.02338011935353279,0.10883580148220062,71325295,R1.2900.11955.0
2025-01-20T05:05:55.500Z,0.009572506882250309,0.10883580148220062,71908906,R1.2900.11955.0
2025-01-20T05:05:56.000Z,0.025493159890174866,0.10883580148220062,40237728,R1.3027.11698.0
2025-01-20T05:05:56.500Z,0.04480680450797081,0.10883580148220062,72154411,R1.2900.11955.0
2025-01-20T05:05:57.000Z,0.021757114678621292,0.10883580148220062,71567810,R1.2900.11955.0
2025-01-20T05:05:57.500Z,0.013740024529397488,0.10883580148220062,40237728,R1.3027.11698.0
2025-01-20T05:05:58.000Z,0.021724391728639603,0.10883580148220062,71325295,R1.2900.11955.0
2025-01-20T05:05:58.500Z,0.024002453312277794,0.10883580148220062,40237728,R1.3027.11698.0
2025-01-20T05:05:59.000Z,0.022421736270189285,0.10883580148220062,71567810,R1.2900.11955.0
2025-01-20T05:05:59.500Z,0.006378347985446453,0.10883580148220062,21204713,R1.0697.5199.0
2025-01-20T05:06:00.000Z,0.018390648066997528,0.10883580148220062,71567810,R1.2900.11955.0
2025-01-20T05:06:00.500Z,0.007750777993351221,0.10883580148220062,71567810,R1.2900.11955.0
2025-01-20T05:06:01.000Z,0.020068861544132233,0.10883580148220062,71325295,R1.2900.11955.0
2025-01-20T05:06:01.500Z,0.032312843948602676,0.10883580148220062,21204713,R1.0697.5199.0
2025-01-20T05:06:02.000Z,0.019986923784017563,0.10883580148220062,21204713,R1.0697.5199.0
2025-01-20T05:06:02.500Z,0.018815303221344948,0.10883580148220062,21204713,R1.0697.5199.0
2025-01-20T05:06:03.000Z,0.012301169335842133,0.10883580148220062,21204713,R1.0697.5199.0
2025-01-20T05:06:03.500Z,0.05402325838804245,0.10883580148220062,21204713,R1.0697.5199.0
2025-01-20T05:06:04.000Z,0.034773942083120346,0.10883580148220062,21212835,R1.2172.7737.0
2025-01-20T05:06:04.500Z,0.0533004030585289,0.10883580148220062,51214531,R1.2900.11955.0
2025-01-20T05:06:05.000Z,0.007417522836476564,0.10883580148220062,71908906,R1.2900.11955.0
2025-01-20T05:06:05.500Z,0.018193908035755157,0.10883580148220062,71567810,R1.2900.11955.0
2025-01-20T05:06:06.000Z,0.01567108742892742,0.10883580148220062,72154411,R1.2900.11955.0
2025-01-20T05:06:06.500Z,0.04426164925098419,0.10883580148220062,21212835,R1.2172.7737.0
2025-01-20T05:06:07.000Z,0.04318641126155853,0.10883580148220062,21204713,R1.0697.5199.0
2025-01-20T05:06:07.500Z,0.00969364121556282,0.10883580148220062,71567810,R1.2900.11955.0
2025-01-20T05:06:08.000Z,0.018427226692438126,0.10883580148220062,21204713,R1.0697.5199.0
2025-01-20T05:06:08.500Z,0.015234404243528843,0.10883580148220062,40237728,R1.3027.11698.0
2025-01-20T05:06:09.000Z,0.021564297378063202,0.10883580148220062,71908906,R1.2900.11955.0
2025-01-20T05:06:09.500Z,0.043127283453941345,0.10883580148220062,21212835,R1.2172.7737.0
2025-01-20T05:06:10.000Z,0.02201591618359089,0.10883580148220062,21212835,R1.2172.7737.0
2025-01-20T05:06:10.500Z,0.022433308884501457,0.10883580148220062,40220017,R1.3027.11698.0
2025-01-20T05:06:11.000Z,0.01343973446637392,0.10883580148220062,40220017,R1.3027.11698.0
2025-01-20T05:06:11.500Z,0.022981686517596245,0.10883580148220062,21212835,R1.2172.7737.0
2025-01-20T05:06:12.000Z,0.020025359466671944,0.10883580148220062,40220017,R1.3027.11698.0
2025-01-20T05:06:12.500Z,0.02468915842473507,0.10883580148220062,21212835,R1.2172.7737.0
2025-01-20T05:06:13.000Z,0.03020527958869934,0.10883580148220062,51214531,R1.2900.11955.0
2025-01-20T05:06:13.500Z,0.024124478921294212,0.10883580148220062,21204713,R1.0697.5199.0
2025-01-20T05:06:14.000Z,0.014455950818955898,0.10883580148220062,71567810,R1.2900.11955.0
2025-01-20T05:06:14.500Z,0.038838792592287064,0.10883580148220062,71325295,R1.2900.11955.0
2025-01-20T05:06:15.000Z,0.010969186201691628,0.10883580148220062,72154411,R1.2900.11955.0
2025-01-20T05:06:15.500Z,0.023440271615982056,0.10883580148220062,40237728,R1.3027.11698.0
2025-01-20T05:06:16.000Z,0.01331260520964861,0.10883580148220062,40237728,R1.3027.11698.0
2025-01-20T05:06:16.500Z,0.028277002274990082,0.10883580148220062,21204713,R1.0697.5199.0
2025-01-20T05:06:17.000Z,0.02447311393916607,0.10883580148220062,40237728,R1.3027.11698.0
2025-01-20T05:06:17.500Z,0.02288496121764183,0.10883580148220062,21212835,R1.2172.7737.0
2025-01-20T05:06:18.000Z,0.029946355149149895,0.10883580148220062,21204713,R1.0697.5199.0
2025-01-20T05:06:18.500Z,-0.0005419492372311652,0.10883580148220062,40237728,R1.3027.11698.0
2025-01-20T05:06:19.000Z,0.04749379679560661,0.10883580148220062,21204713,R1.0697.5199.0
2025-01-20T05:06:19.500Z,0.02895618975162506,0.10883580148220062,71567810,R1.2900.11955.0
2025-01-20T05:06:20.000Z,0.018441783264279366,0.10883580148220062,40237728,R1.3027.11698.0
2025-01-20T05:06:20.500Z,0.012219501659274101,0.10883580148220062,21212835,R1.2172.7737.0
2025-01-20T05:06:21.000Z,0.01461884006857872,0.10883580148220062,72359026,R1.2900.11955.0
2025-01-20T05:06:21.500Z,0.019150830805301666,0.10883580148220062,40237728,R1.3027.11698.0
2025-01-20T05:06:22.000Z,0.005588699597865343,0.10883580148220062,40237728,R1.3027.11698.0
2025-01-20T05:06:22.500Z,0.030590379610657692,0.10883580148220062,51214531,R1.2900.11955.0
2025-01-20T05:06:23.000Z,0.01589994691312313,0.10883580148220062,71908906,R1.2900.11955.0
2025-01-20T05:06:23.500Z,0.006345546804368496,0.10883580148220062,40220017,R1.3027.11698.0
2025-01-20T05:06:24.000Z,0.024957722052931786,0.10883580148220062,40220017,R1.3027.11698.0
2025-01-20T05:06:24.500Z,0.015032853931188583,0.10883580148220062,72359026,R1.2900.11955.0
2025-01-20T05:06:25.000Z,0.03233228623867035,0.10883580148220062,71908906,R1.2900.11955.0
2025-01-20T05:06:25.500Z,0.012286171317100525,0.10883580148220062,71567810,R1.2900.11955.0
2025-01-20T05:06:26.000Z,0.013282018713653088,0.10883580148220062,71908906,R1.2900.11955.0
2025-01-20T05:06:26.500Z,0.016417574137449265,0.10883580148220062,71325295,R1.2900.11955.0
2025-01-20T05:06:27.000Z,0.039707839488983154,0.10883580148220062,72359026,R1.2900.11955.0
2025-01-20T05:06:27.500Z,0.0360889732837677,0.10883580148220062,72359026,R1.2900.11955.0
2025-01-20T05:06:28.000Z,0.010992558673024178,0.10883580148220062,71325295,R1.2900.11955.0
2025-01-20T05:06:28.500Z,0.01780557818710804,0.10883580148220062,51214531,R1.2900.11955.0
2025-01-20T05:06:29.000Z,0.020925108343362808,0.10883580148220062,40237728,R1.3027.11698.0
2025-01-20T05:06:29.500Z,0.01794952154159546,0.10883580148220062,72154411,R1.2900.11955.0
2025-01-20T05:06:30.000Z,0.001891380175948143,0.10883580148220062,71567810,R1.2900.11955.0
2025-01-20T05:06:30.500Z,0.0179740097373724,0.10883580148220062,21204713,R1.0697.5199.0
2025-01-20T05:06:31.000Z,0.048429641872644424,0.10883580148220062,21204713,R1.0697.5199.0
2025-01-20T05:06:31.500Z,0.03583420440554619,0.10883580148220062,21204713,R1.0697.5199.0
2025-01-20T05:06:32.000Z,0.03754284605383873,0.10883580148220062,40237728,R1.3027.11698.0
2025-01-20T05:06:32.500Z,0.013765410520136356,0.10883580148220062,72359026,R1.2900.11955.0
2025-01-20T05:06:33.000Z,-0.00036007995367981493,0.10883580148220062,40237728,R1.3027.11698.0
2025-01-20T05:06:33.500Z,0.018450722098350525,0.10883580148220062,72359026,R1.2900.11955.0
2025-01-20T05:06:34.000Z,0.027996260672807693,0.10883580148220062,21212835,R1.2172.7737.0
2025-01-20T05:06:34.500Z,0.02457166276872158,0.10883580148220062,40220017,R1.3027.11698.0
2025-01-20T05:06:35.000Z,0.017771976068615913,0.10883580148220062,40237728,R1.3027.11698.0
2025-01-20T05:06:35.500Z,0.0151951489970088,0.10883580148220062,40237728,R1.3027.11698.0
2025-01-20T05:06:36.000Z,0.033504143357276917,0.10883580148220062,21212835,R1.2172.7737.0
2025-01-20T05:06:36.500Z,0.03125907480716705,0.10883580148220062,71567810,R1.2900.11955.0
2025-01-20T05:06:37.000Z,0.011700613424181938,0.10883580148220062,21204713,R1.0697.5199.0
2025-01-20T05:06:37.500Z,0.027360141277313232,0.10883580148220062,40220017,R1.3027.11698.0
2025-01-20T05:06:38.000Z,0.0227004736661911,0.10883580148220062,40237728,R1.3027.11698.0
2025-01-20T05:06:38.500Z,0.02101876586675644,0.10883580148220062,21212835,R1.2172.7737.0
2025-01-20T05:06:39.000Z,0.014453182928264141,0.10883580148220062,72359026,R1.2900.11955.0
2025-01-20T05:06:39.500Z,0.012885763309895992,0.10883580148220062,71325295,R1.2900.11955.0
2025-01-20T05:06:40.000Z,0.034793537110090256,0.10883580148220062,72154411,R1.2900.11955.0
2025-01-20T05:06:40.500Z,0.028428129851818085,0.10883580148220062,72154411,R1.2900.11955.0
2025-01-20T05:06:41.000Z,0.02263122797012329,0.10883580148220062,21204713,R1.0697.5199.0
2025-01-20T05:06:41.500Z,0.028155840933322906,0.10883580148220062,21204713,R1.0697.5199.0
2025-01-20T05:06:42.000Z,0.026258224621415138,0.10883580148220062,21204713,R1.0697.5199.0
2025-01-20T05:06:42.500Z,0.016854461282491684,0.10883580148220062,40220017,R1.3027.11698.0
2025-01-20T05:06:43.000Z,0.011874331161379814,0.10883580148220062,40220017,R1.3027.11698.0
2025-01-20T05:06:43.500Z,0.011240227147936821,0.10883580148220062,72154411,R1.2900.11955.0
2025-01-20T05:06:44.000Z,0.019009482115507126,0.10883580148220062,40220017,R1.3027.11698.0
2025-01-20T05:06:44.500Z,0.048700906336307526,0.10883580148220062,21212835,R1.2172.7737.0
2025-01-20T05:06:45.000Z,0.01979423314332962,0.10883580148220062,71567810,R1.2900.11955.0
2025-01-20T05:06:45.500Z,0.024732593446969986,0.10883580148220062,21212835,R1.2172.7737.0
2025-01-20T05:06:46.000Z,0.018205784261226654,0.10883580148220062,71908906,R1.2900.11955.0
2025-01-20T05:06:46.500Z,0.0199918020516634,0.10883580148220062,72359026,R1.2900.11955.0
2025-01-20T05:06:47.000Z,0.02429971471428871,0.10883580148220062,51214531,R1.2900.11955.0
2025-01-20T05:06:47.500Z,0.011508443392813206,0.10883580148220062,40220017,R1.3027.11698.0
2025-01-20T05:06:48.000Z,0.015358316712081432,0.10883580148220062,21204713,R1.0697.5199.0
2025-01-20T05:06:48.500Z,0.040518153458833694,0.10883580148220062,71567810,R1.2900.11955.0
2025-01-20T05:06:49.000Z,0.018456755205988884,0.10883580148220062,40237728,R1.3027.11698.0
2025-01-20T05:06:49.500Z,0.0347481369972229,0.10883580148220062,51214531,R1.2900.11955.0
2025-01-20T05:06:50.000Z,0.021261844784021378,0.10883580148220062,72359026,R1.2900.11955.0
2025-01-20T05:06:50.500Z,0.0220200028270483,0.10883580148220062,71908906,R1.2900.11955.0
2025-01-20T05:06:51.000Z,0.04910241439938545,0.10883580148220062,21212835,R1.2172.7737.0
2025-01-20T05:06:51.500Z,0.03806901350617409,0.10883580148220062,21212835,R1.2172.7737.0
2025-01-20T05:06:52.000Z,0.01294321846216917,0.10883580148220062,71908906,R1.2900.11955.0
2025-01-20T05:06:52.500Z,0.02597671188414097,0.10883580148220062,40237728,R1.3027.11698.0
2025-01-20T05:06:53.000Z,0.018579203635454178,0.10883580148220062,21204713,R1.0697.5199.0
2025-01-20T05:06:53.500Z,0.02217400260269642,0.10883580148220062,21212835,R1.2172.7737.0
2025-01-20T05:06:54.000Z,0.023870911449193954,0.10883580148220062,21212835,R1.2172.7737.0
2025-01-20T05:06:54.500Z,0.011646920815110207,0.10883580148220062,72154411,R1.2900.11955.0
2025-01-20T05:06:55.000Z,0.022203652188181877,0.10883580148220062,71908906,R1.2900.11955.0
2025-01-20T05:06:55.500Z,0.01735435426235199,0.10883580148220062,71567810,R1.2900.11955.0
2025-01-20T05:06:56.000Z,0.02032860368490219,0.10883580148220062,40237728,R1.3027.11698.0
2025-01-20T05:06:56.500Z,0.020280811935663223,0.10883580148220062,71567810,R1.2900.11955.0
2025-01-20T05:06:57.000Z,0.030626291409134865,0.10883580148220062,40237728,R1.3027.11698.0
2025-01-20T05:06:57.500Z,0.012147263623774052,0.10883580148220062,71567810,R1.2900.11955.0
2025-01-20T05:06:58.000Z,0.02192886918783188,0.10883580148220062,40220017,R1.3027.11698.0
2025-01-20T05:06:58.500Z,0.018070267513394356,0.10883580148220062,21212835,R1.2172.7737.0
2025-01-20T05:06:59.000Z,0.021824127063155174,0.10883580148220062,21212835,R1.2172.7737.0
2025-01-20T05:06:59.500Z,0.019457746297121048,0.10883580148220062,51214531,R1.2900.11955.0
2025-01-20T05:07:00.000Z,0.01242063194513321,0.10883580148220062,40237728,R1.3027.11698.0
2025-01-20T05:07:00.500Z,0.023021958768367767,0.10883580148220062,51214531,R1.2900.11955.0
2025-01-20T05:07:01.000Z,0.01567884534597397,0.10883580148220062,71908906,R1.2900.11955.0
2025-01-20T05:07:01.500Z,0.038172587752342224,0.10883580148220062,21212835,R1.2172.7737.0
2025-01-20T05:07:02.000Z,0.023538323119282722,0.10883580148220062,21212835,R1.2172.7737.0
2025-01-20T05:07:02.500Z,-0.0027579402085393667,0.10883580148220062,21212835,R1.2172.7737.0
2025-01-20T05:07:03.000Z,0.0234818272292614,0.10883580148220062,21212835,R1.2172.7737.0
2025-01-20T05:07:03.500Z,0.026688337326049805,0.10883580148220062,21212835,R1.2172.7737.0
2025-01-20T05:07:04.000Z,0.04290288686752319,0.10883580148220062,21212835,R1.2172.7737.0
2025-01-20T05:07:04.500Z,0.017552711069583893,0.10883580148220062,72359026,R1.2900.11955.0
2025-01-20T05:07:05.000Z,0.021353961899876595,0.10883580148220062,71908906,R1.2900.11955.0
2025-01-20T05:07:05.500Z,0.015529908239841461,0.10883580148220062,51214531,R1.2900.11955.0
2025-01-20T05:07:06.000Z,0.006007063202559948,0.10883580148220062,21204713,R1.0697.5199.0
2025-01-20T05:07:06.500Z,0.020098350942134857,0.10883580148220062,71908906,R1.2900.11955.0
2025-01-20T05:07:07.000Z,0.03739354759454727,0.10883580148220062,51214531,R1.2900.11955.0
2025-01-20T05:07:07.500Z,0.022066229954361916,0.10883580148220062,72154411,R1.2900.11955.0
2025-01-20T05:07:08.000Z,0.025369517505168915,0.10883580148220062,72154411,R1.2900.11955.0
2025-01-20T05:07:08.500Z,0.012215112335979939,0.10883580148220062,71908906,R1.2900.11955.0
2025-01-20T05:07:09.000Z,0.02368606999516487,0.10883580148220062,72154411,R1.2900.11955.0
2025-01-20T05:07:09.500Z,0.01566145196557045,0.10883580148220062,21204713,R1.0697.5199.0
2025-01-20T05:07:10.000Z,0.0009699801448732615,0.10883580148220062,40237728,R1.3027.11698.0
2025-01-20T05:07:10.500Z,0.013641024008393288,0.10883580148220062,21204713,R1.0697.5199.0
2025-01-20T05:07:11.000Z,0.03472525253891945,0.10883580148220062,71908906,R1.2900.11955.0
2025-01-20T05:07:11.500Z,0.017555898055434227,0.10883580148220062,71567810,R1.2900.11955.0
2025-01-20T05:07:12.000Z,0.030814405530691147,0.10883580148220062,51214531,R1.2900.11955.0
2025-01-20T05:07:12.500Z,0.023252224549651146,0.10883580148220062,71908906,R1.2900.11955.0
2025-01-20T05:07:13.000Z,0.01671154797077179,0.10883580148220062,72154411,R1.2900.11955.0
2025-01-20T05:07:13.500Z,0.02617024816572666,0.10883580148220062,72154411,R1.2900.11955.0
2025-01-20T05:07:14.000Z,0.020853444933891296,0.10883580148220062,51214531,R1.2900.11955.0
2025-01-20T05:07:14.500Z,0.022634565830230713,0.10883580148220062,72359026,R1.2900.11955.0
2025-01-20T05:07:15.000Z,0.014457291923463345,0.10883580148220062,21212835,R1.2172.7737.0
2025-01-20T05:07:15.500Z,0.043787721544504166,0.10883580148220062,51214531,R1.2900.11955.0
2025-01-20T05:07:16.000Z,0.05303459241986275,0.10883580148220062,21204713,R1.0697.5199.0
2025-01-20T05:07:16.500Z,0.021939575672149658,0.10883580148220062,71325295,R1.2900.11955.0
2025-01-20T05:07:17.000Z,0.04070058837532997,0.10883580148220062,21204713,R1.0697.5199.0
2025-01-20T05:07:17.500Z,0.04141749441623688,0.10883580148220062,21212835,R1.2172.7737.0
2025-01-20T05:07:18.000Z,0.010862956754863262,0.10883580148220062,51214531,R1.2900.11955.0
2025-01-20T05:07:18.500Z,0.027440695092082024,0.10883580148220062,51214531,R1.2900.11955.0
2025-01-20T05:07:19.000Z,0.007150041405111551,0.10883580148220062,72359026,R1.2900.11955.0
2025-01-20T05:07:19.500Z,0.01622113585472107,0.10883580148220062,72359026,R1.2900.11955.0
2025-01-20T05:07:20.000Z,0.029170218855142593,0.10883580148220062,71325295,R1.2900.11955.0
2025-01-20T05:07:20.500Z,0.014782112091779709,0.10883580148220062,40237728,R1.3027.11698.0
2025-01-20T05:07:21.000Z,0.011406462639570236,0.10883580148220062,72154411,R1.2900.11955.0
2025-01-20T05:07:21.500Z,0.01659592054784298,0.10883580148220062,40237728,R1.3027.11698.0
2025-01-20T05:07:22.000Z,0.026521215215325356,0.10883580148220062,21212835,R1.2172.7737.0
2025-01-20T05:07:22.500Z,0.015202373266220093,0.10883580148220062,51214531,R1.2900.11955.0
2025-01-20T05:07:23.000Z,0.014022907242178917,0.10883580148220062,71567810,R1.2900.11955.0
2025-01-20T05:07:23.500Z,0.02515844814479351,0.10883580148220062,51214531,R1.2900.11955.0
2025-01-20T05:07:24.000Z,0.04561574012041092,0.10883580148220062,71908906,R1.2900.11955.0
2025-01-20T05:07:24.500Z,0.031854983419179916,0.10883580148220062,21204713,R1.0697.5199.0
2025-01-20T05:07:25.000Z,0.01899448223412037,0.10883580148220062,72359026,R1.2900.11955.0
2025-01-20T05:07:25.500Z,0.01065534446388483,0.10883580148220062,40237728,R1.3027.11698.0
2025-01-20T05:07:26.000Z,0.0047536734491586685,0.10883580148220062,71325295,R1.2900.11955.0
2025-01-20T05:07:26.500Z,0.022713903337717056,0.10883580148220062,72154411,R1.2900.11955.0
2025-01-20T05:07:27.000Z,0.020962370559573174,0.10883580148220062,51214531,R1.2900.11955.0
2025-01-20T05:07:27.500Z,0.04107600823044777,0.10883580148220062,21212835,R1.2172.7737.0
2025-01-20T05:07:28.000Z,0.02729022316634655,0.10883580148220062,21204713,R1.0697.5199.0
2025-01-20T05:07:28.500Z,0.01596784219145775,0.10883580148220062,40237728,R1.3027.11698.0
2025-01-20T05:07:29.000Z,0.0344792902469635,0.10883580148220062,72359026,R1.2900.11955.0
2025-01-20T05:07:29.500Z,0.03562650457024574,0.10883580148220062,71567810,R1.2900.11955.0
2025-01-20T05:07:30.000Z,0.024874700233340263,0.10883580148220062,71567810,R1.2900.11955.0
2025-01-20T05:07:30.500Z,0.028636472299695015,0.10883580148220062,21212835,R1.2172.7737.0
2025-01-20T05:07:31.000Z,0.01340125035494566,0.10883580148220062,21204713,R1.0697.5199.0
2025-01-20T05:07:31.500Z,0.020203858613967896,0.10883580148220062,71567810,R1.2900.11955.0
2025-01-20T05:07:32.000Z,0.015441160649061203,0.10883580148220062,51214531,R1.2900.11955.0
2025-01-20T05:07:32.500Z,0.015866979956626892,0.10883580148220062,51214531,R1.2900.11955.0
2025-01-20T05:07:33.000Z,0.026887264102697372,0.10883580148220062,51214531,R1.2900.11955.0
2025-01-20T05:07:33.500Z,0.02611612342298031,0.10883580148220062,72154411,R1.2900.11955.0
2025-01-20T05:07:34.000Z,0.04764348268508911,0.10883580148220062,72154411,R1.2900.11955.0
2025-01-20T05:07:34.500Z,0.01933957263827324,0.10883580148220062,40220017,R1.3027.11698.0
2025-01-20T05:07:35.000Z,0.03008263185620308,0.10883580148220062,71325295,R1.2900.11955.0
2025-01-20T05:07:35.500Z,0.02493661642074585,0.10883580148220062,71567810,R1.2900.11955.0
2025-01-20T05:07:36.000Z,0.026473650708794594,0.10883580148220062,40237728,R1.3027.11698.0
2025-01-20T05:07:36.500Z,0.02482795901596546,0.10883580148220062,21204713,R1.0697.5199.0
2025-01-20T05:07:37.000Z,0.03197455778717995,0.10883580148220062,21204713,R1.0697.5199.0
2025-01-20T05:07:37.500Z,0.028441157191991806,0.10883580148220062,21212835,R1.2172.7737.0
2025-01-20T05:07:38.000Z,0.018520334735512733,0.10883580148220062,51214531,R1.2900.11955.0
2025-01-20T05:07:38.500Z,0.015430936589837074,0.10883580148220062,40237728,R1.3027.11698.0
2025-01-20T05:07:39.000Z,0.01696154847741127,0.10883580148220062,21212835,R1.2172.7737.0
2025-01-20T05:07:39.500Z,0.027542414143681526,0.10883580148220062,40220017,R1.3027.11698.0
2025-01-20T05:07:40.000Z,0.005706959869712591,0.10883580148220062,21212835,R1.2172.7737.0
2025-01-20T05:07:40.500Z,0.010301010683178902,0.10883580148220062,72359026,R1.2900.11955.0
2025-01-20T05:07:41.000Z,0.012177273631095886,0.10883580148220062,72359026,R1.2900.11955.0
2025-01-20T05:07:41.500Z,0.01877792738378048,0.10883580148220062,21204713,R1.0697.5199.0
2025-01-20T05:07:42.000Z,0.02288060635328293,0.10883580148220062,51214531,R1.2900.11955.0
2025-01-20T05:07:42.500Z,0.028965866193175316,0.10883580148220062,21204713,R1.0697.5199.0
2025-01-20T05:07:43.000Z,0.013419268652796745,0.10883580148220062,71567810,R1.2900.11955.0
2025-01-20T05:07:43.500Z,0.01503040362149477,0.10883580148220062,71567810,R1.2900.11955.0
2025-01-20T05:07:44.000Z,0.00745195709168911,0.10883580148220062,51214531,R1.2900.11955.0
2025-01-20T05:07:44.500Z,0.010965388268232346,0.10883580148220062,40220017,R1.3027.11698.0
2025-01-20T05:07:45.000Z,0.037230782210826874,0.10883580148220062,21212835,R1.2172.7737.0
2025-01-20T05:07:45.500Z,0.053676020354032516,0.10883580148220062,21212835,R1.2172.7737.0
2025-01-20T05:07:46.000Z,0.03006778284907341,0.10883580148220062,40220017,R1.3027.11698.0
2025-01-20T05:07:46.500Z,0.0052677346393466,0.10883580148220062,71325295,R1.2900.11955.0
2025-01-20T05:07:47.000Z,0.010684041306376457,0.10883580148220062,72154411,R1.2900.11955.0
2025-01-20T05:07:47.500Z,0.025286667048931122,0.10883580148220062,72154411,R1.2900.11955.0
2025-01-20T05:07:48.000Z,0.016661401838064194,0.10883580148220062,21212835,R1.2172.7737.0
2025-01-20T05:07:48.500Z,0.024653803557157516,0.10883580148220062,72359026,R1.2900.11955.0
2025-01-20T05:07:49.000Z,0.033146604895591736,0.10883580148220062,21204713,R1.0697.5199.0
2025-01-20T05:07:49.500Z,0.018520593643188477,0.10883580148220062,72154411,R1.2900.11955.0
2025-01-20T05:07:50.000Z,0.014499643817543983,0.10883580148220062,51214531,R1.2900.11955.0
2025-01-20T05:07:50.500Z,0.032624680548906326,0.10883580148220062,71908906,R1.2900.11955.0
2025-01-20T05:07:51.000Z,0.01808941178023815,0.10883580148220062,71325295,R1.2900.11955.0
2025-01-20T05:07:51.500Z,0.017602723091840744,0.10883580148220062,51214531,R1.2900.11955.0
2025-01-20T05:07:52.000Z,0.024145247414708138,0.10883580148220062,72154411,R1.2900.11955.0
2025-01-20T05:07:52.500Z,0.02398134209215641,0.10883580148220062,21212835,R1.2172.7737.0
2025-01-20T05:07:53.000Z,0.016761261969804764,0.10883580148220062,71567810,R1.2900.11955.0
2025-01-20T05:07:53.500Z,0.027976926416158676,0.10883580148220062,40237728,R1.3027.11698.0
2025-01-20T05:07:54.000Z,0.02029348723590374,0.10883580148220062,72154411,R1.2900.11955.0
2025-01-20T05:07:54.500Z,0.042511459439992905,0.10883580148220062,72154411,R1.2900.11955.0
2025-01-20T05:07:55.000Z,0.022544795647263527,0.10883580148220062,21204713,R1.0697.5199.0
2025-01-20T05:07:55.500Z,0.023113563656806946,0.10883580148220062,21212835,R1.2172.7737.0
2025-01-20T05:07:56.000Z,0.016672825440764427,0.10883580148220062,21204713,R1.0697.5199.0
2025-01-20T05:07:56.500Z,0.01644417643547058,0.10883580148220062,21204713,R1.0697.5199.0
2025-01-20T05:07:57.000Z,0.04013098403811455,0.10883580148220062,72359026,R1.2900.11955.0
2025-01-20T05:07:57.500Z,0.0043695284985005856,0.10883580148220062,21204713,R1.0697.5199.0
2025-01-20T05:07:58.000Z,0.01570136286318302,0.10883580148220062,71567810,R1.2900.11955.0
2025-01-20T05:07:58.500Z,0.024060530588030815,0.10883580148220062,21204713,R1.0697.5199.0
2025-01-20T05:07:59.000Z,0.009480508975684643,0.10883580148220062,71567810,R1.2900.11955.0
2025-01-20T05:07:59.500Z,0.01678737811744213,0.10883580148220062,72154411,R1.2900.11955.0
2025-01-20T05:08:00.000Z,0.019304338842630386,0.10883580148220062,72359026,R1.2900.11955.0
2025-01-20T05:08:00.500Z,0.020192792639136314,0.10883580148220062,21204713,R1.0697.5199.0
2025-01-20T05:08:01.000Z,0.04230981320142746,0.10883580148220062,21204713,R1.0697.5199.0
2025-01-20T05:08:01.500Z,0.025026971474289894,0.10883580148220062,72359026,R1.2900.11955.0
2025-01-20T05:08:02.000Z,0.020512910559773445,0.10883580148220062,40237728,R1.3027.11698.0
2025-01-20T05:08:02.500Z,0.01903703808784485,0.10883580148220062,40237728,R1.3027.11698.0
2025-01-20T05:08:03.000Z,0.01718914695084095,0.10883580148220062,40237728,R1.3027.11698.0
2025-01-20T05:08:03.500Z,0.029994554817676544,0.10883580148220062,72359026,R1.2900.11955.0
2025-01-20T05:08:04.000Z,0.019779833033680916,0.10883580148220062,21204713,R1.0697.5199.0
2025-01-20T05:08:04.500Z,0.0037162776570767164,0.10883580148220062,51214531,R1.2900.11955.0
2025-01-20T05:08:05.000Z,0.01694035343825817,0.10883580148220062,71908906,R1.2900.11955.0
2025-01-20T05:08:05.500Z,0.024701939895749092,0.10883580148220062,21212835,R1.2172.7737.0
2025-01-20T05:08:06.000Z,0.014639204367995262,0.10883580148220062,40237728,R1.3027.11698.0
2025-01-20T05:08:06.500Z,0.018718108534812927,0.10883580148220062,21204713,R1.0697.5199.0
2025-01-20T05:08:07.000Z,0.017673516646027565,0.10883580148220062,72154411,R1.2900.11955.0
2025-01-20T05:08:07.500Z,0.02265840768814087,0.10883580148220062,40237728,R1.3027.11698.0
2025-01-20T05:08:08.000Z,0.041471730917692184,0.10883580148220062,51214531,R1.2900.11955.0
2025-01-20T05:08:08.500Z,0.02259001135826111,0.10883580148220062,40220017,R1.3027.11698.0
2025-01-20T05:08:09.000Z,0.02534155547618866,0.10883580148220062,72154411,R1.2900.11955.0
2025-01-20T05:08:09.500Z,0.010908907279372215,0.10883580148220062,40237728,R1.3027.11698.0
2025-01-20T05:08:10.000Z,0.024013809859752655,0.10883580148220062,72154411,R1.2900.11955.0
2025-01-20T05:08:10.500Z,0.027768636122345924,0.10883580148220062,21212835,R1.2172.7737.0
2025-01-20T05:08:11.000Z,0.034559622406959534,0.10883580148220062,51214531,R1.2900.11955.0
2025-01-20T05:08:11.500Z,0.041147664189338684,0.10883580148220062,21204713,R1.0697.5199.0
2025-01-20T05:08:12.000Z,0.0056994701735675335,0.10883580148220062,40237728,R1.3027.11698.0
2025-01-20T05:08:12.500Z,0.02885623835027218,0.10883580148220062,40220017,R1.3027.11698.0
2025-01-20T05:08:13.000Z,0.06452497094869614,0.10883580148220062,21204713,R1.0697.5199.0
2025-01-20T05:08:13.500Z,0.022708643227815628,0.10883580148220062,72359026,R1.2900.11955.0
2025-01-20T05:08:14.000Z,0.016625285148620605,0.10883580148220062,40237728,R1.3027.11698.0
2025-01-20T05:08:14.500Z,0.017520640045404434,0.10883580148220062,40220017,R1.3027.11698.0
2025-01-20T05:08:15.000Z,0.02057366818189621,0.10883580148220062,71908906,R1.2900.11955.0
2025-01-20T05:08:15.500Z,0.03741149604320526,0.10883580148220062,71325295,R1.2900.11955.0
2025-01-20T05:08:16.000Z,0.030928919091820717,0.10883580148220062,21212835,R1.2172.7737.0
2025-01-20T05:08:16.500Z,0.01618232950568199,0.10883580148220062,51214531,R1.2900.11955.0
2025-01-20T05:08:17.000Z,0.0313124805688858,0.10883580148220062,21212835,R1.2172.7737.0
2025-01-20T05:08:17.500Z,0.03413025662302971,0.10883580148220062,72154411,R1.2900.11955.0
2025-01-20T05:08:18.000Z,0.018350059166550636,0.10883580148220062,21212835,R1.2172.7737.0
2025-01-20T05:08:18.500Z,0.03188284486532211,0.10883580148220062,21212835,R1.2172.7737.0
2025-01-20T05:08:19.000Z,0.016706904396414757,0.10883580148220062,21212835,R1.2172.7737.0
2025-01-20T05:08:19.500Z,0.02116852067410946,0.10883580148220062,21204713,R1.0697.5199.0
2025-01-20T05:08:20.000Z,0.019476935267448425,0.10883580148220062,40220017,R1.3027.11698.0
2025-01-20T05:08:20.500Z,0.032701026648283005,0.10883580148220062,71325295,R1.2900.11955.0
2025-01-20T05:08:21.000Z,0.031149914488196373,0.10883580148220062,71908906,R1.2900.11955.0
2025-01-20T05:08:21.500Z,0.022607984021306038,0.10883580148220062,40237728,R1.3027.11698.0
2025-01-20T05:08:22.000Z,0.023221654817461967,0.10883580148220062,40237728,R1.3027.11698.0
2025-01-20T05:08:22.500Z,0.022125685587525368,0.10883580148220062,51214531,R1.2900.11955.0
2025-01-20T05:08:23.000Z,0.025626400485634804,0.10883580148220062,51214531,R1.2900.11955.0
2025-01-20T05:08:23.500Z,0.0183597169816494,0.10883580148220062,40237728,R1.3027.11698.0
2025-01-20T05:08:24.000Z,0.029369812458753586,0.10883580148220062,21204713,R1.0697.5199.0
2025-01-20T05:08:24.500Z,0.02791683003306389,0.10883580148220062,71325295,R1.2900.11955.0
2025-01-20T05:08:25.000Z,0.0003397265390958637,0.10883580148220062,51214531,R1.2900.11955.0
2025-01-20T05:08:25.500Z,0.03796639293432236,0.10883580148220062,40237728,R1.3027.11698.0
2025-01-20T05:08:26.000Z,0.021202975884079933,0.10883580148220062,51214531,R1.2900.11955.0
2025-01-20T05:08:26.500Z,0.004528536926954985,0.10883580148220062,40220017,R1.3027.11698.0
2025-01-20T05:08:27.000Z,0.021136658266186714,0.10883580148220062,71908906,R1.2900.11955.0
2025-01-20T05:08:27.500Z,0.005915938876569271,0.10883580148220062,72359026,R1.2900.11955.0
2025-01-20T05:08:28.000Z,0.04102057218551636,0.10883580148220062,21204713,R1.0697.5199.0
2025-01-20T05:08:28.500Z,0.03479272499680519,0.10883580148220062,72359026,R1.2900.11955.0
2025-01-20T05:08:29.000Z,0.023320073261857033,0.10883580148220062,71325295,R1.2900.11955.0
2025-01-20T05:08:29.500Z,0.010192693211138248,0.10883580148220062,40237728,R1.3027.11698.0
2025-01-20T05:08:30.000Z,0.027335824444890022,0.10883580148220062,51214531,R1.2900.11955.0
2025-01-20T05:08:30.500Z,0.03822597488760948,0.10883580148220062,51214531,R1.2900.11955.0
2025-01-20T05:08:31.000Z,0.034356266260147095,0.10883580148220062,71567810,R1.2900.11955.0
2025-01-20T05:08:31.500Z,0.03779279813170433,0.10883580148220062,71567810,R1.2900.11955.0
2025-01-20T05:08:32.000Z,0.03825322911143303,0.10883580148220062,21204713,R1.0697.5199.0
2025-01-20T05:08:32.500Z,0.03008214756846428,0.10883580148220062,21212835,R1.2172.7737.0
2025-01-20T05:08:33.000Z,0.032440390437841415,0.10883580148220062,21212835,R1.2172.7737.0
2025-01-20T05:08:33.500Z,0.02365267649292946,0.10883580148220062,40220017,R1.3027.11698.0
2025-01-20T05:08:34.000Z,0.014390219934284687,0.10883580148220062,51214531,R1.2900.11955.0
2025-01-20T05:08:34.500Z,0.011418967507779598,0.10883580148220062,71567810,R1.2900.11955.0
2025-01-20T05:08:35.000Z,0.009928387589752674,0.10883580148220062,71567810,R1.2900.11955.0
2025-01-20T05:08:35.500Z,0.023602748289704323,0.10883580148220062,71908906,R1.2900.11955.0
2025-01-20T05:08:36.000Z,0.03337450325489044,0.10883580148220062,21204713,R1.0697.5199.0
2025-01-20T05:08:36.500Z,0.032499369233846664,0.10883580148220062,21204713,R1.0697.5199.0
2025-01-20T05:08:37.000Z,0.02192738465964794,0.10883580148220062,40237728,R1.3027.11698.0
2025-01-20T05:08:37.500Z,0.01270533911883831,0.10883580148220062,21204713,R1.0697.5199.0
2025-01-20T05:08:38.000Z,0.022583704441785812,0.10883580148220062,21204713,R1.0697.5199.0
2025-01-20T05:08:38.500Z,0.017389701679348946,0.10883580148220062,21212835,R1.2172.7737.0
2025-01-20T05:08:39.000Z,0.03289763629436493,0.10883580148220062,72154411,R1.2900.11955.0
2025-01-20T05:08:39.500Z,0.02375556156039238,0.10883580148220062,71325295,R1.2900.11955.0
2025-01-20T05:08:40.000Z,0.011596431024372578,0.10883580148220062,40220017,R1.3027.11698.0
2025-01-20T05:08:40.500Z,0.026936020702123642,0.10883580148220062,72359026,R1.2900.11955.0
2025-01-20T05:08:41.000Z,0.01258693914860487,0.10883580148220062,72154411,R1.2900.11955.0
2025-01-20T05:08:41.500Z,0.012580854818224907,0.10883580148220062,72359026,R1.2900.11955.0
2025-01-20T05:08:42.000Z,0.03453332558274269,0.10883580148220062,40220017,R1.3027.11698.0
2025-01-20T05:08:42.500Z,0.01640123873949051,0.10883580148220062,51214531,R1.2900.11955.0
2025-01-20T05:08:43.000Z,0.011725573800504208,0.10883580148220062,71567810,R1.2900.11955.0
2025-01-20T05:08:43.500Z,0.004654735792428255,0.10883580148220062,40237728,R1.3027.11698.0
2025-01-20T05:08:44.000Z,0.024751197546720505,0.10883580148220062,72154411,R1.2900.11955.0
2025-01-20T05:08:44.500Z,0.023262059316039085,0.10883580148220062,71567810,R1.2900.11955.0
2025-01-20T05:08:45.000Z,0.011845567263662815,0.10883580148220062,71325295,R1.2900.11955.0
2025-01-20T05:08:45.500Z,0.02237693965435028,0.10883580148220062,40237728,R1.3027.11698.0
2025-01-20T05:08:46.000Z,0.025174817070364952,0.10883580148220062,71908906,R1.2900.11955.0
2025-01-20T05:08:46.500Z,0.01818256266415119,0.10883580148220062,21204713,R1.0697.5199.0
2025-01-20T05:08:47.000Z,0.007666487246751785,0.10883580148220062,40237728,R1.3027.11698.0
2025-01-20T05:08:47.500Z,0.01985277608036995,0.10883580148220062,71908906,R1.2900.11955.0
2025-01-20T05:08:48.000Z,0.006663186941295862,0.10883580148220062,40220017,R1.3027.11698.0
2025-01-20T05:08:48.500Z,0.03220642730593681,0.10883580148220062,71908906,R1.2900.11955.0
2025-01-20T05:08:49.000Z,0.013821770437061787,0.10883580148220062,40237728,R1.3027.11698.0
2025-01-20T05:08:49.500Z,0.01755581609904766,0.10883580148220062,21204713,R1.0697.5199.0
2025-01-20T05:08:50.000Z,0.06022941321134567,0.10883580148220062,72359026,R1.2900.11955.0
2025-01-20T05:08:50.500Z,0.01025255024433136,0.10883580148220062,40237728,R1.3027.11698.0
2025-01-20T05:08:51.000Z,0.017317993566393852,0.10883580148220062,21204713,R1.0697.5199.0
2025-01-20T05:08:51.500Z,0.016671521589159966,0.10883580148220062,51214531,R1.2900.11955.0
2025-01-20T05:08:52.000Z,0.031837139278650284,0.10883580148220062,51214531,R1.2900.11955.0
2025-01-20T05:08:52.500Z,0.021625941619277,0.10883580148220062,21204713,R1.0697.5199.0
2025-01-20T05:08:53.000Z,0.03798851743340492,0.10883580148220062,71908906,R1.2900.11955.0
2025-01-20T05:08:53.500Z,0.009210917167365551,0.10883580148220062,40220017,R1.3027.11698.0
2025-01-20T05:08:54.000Z,0.019370974972844124,0.10883580148220062,40220017,R1.3027.11698.0
2025-01-20T05:08:54.500Z,0.031481221318244934,0.10883580148220062,21204713,R1.0697.5199.0
2025-01-20T05:08:55.000Z,0.0065207635052502155,0.10883580148220062,51214531,R1.2900.11955.0
2025-01-20T05:08:55.500Z,0.014149102382361889,0.10883580148220062,72359026,R1.2900.11955.0
2025-01-20T05:08:56.000Z,0.01854705438017845,0.10883580148220062,40237728,R1.3027.11698.0
2025-01-20T05:08:56.500Z,0.01510616671293974,0.10883580148220062,40237728,R1.3027.11698.0
2025-01-20T05:08:57.000Z,0.02103623002767563,0.10883580148220062,72359026,R1.2900.11955.0
2025-01-20T05:08:57.500Z,0.0369110070168972,0.10883580148220062,21212835,R1.2172.7737.0
2025-01-20T05:08:58.000Z,0.041248202323913574,0.10883580148220062,72154411,R1.2900.11955.0
2025-01-20T05:08:58.500Z,0.037350669503211975,0.10883580148220062,21204713,R1.0697.5199.0
2025-01-20T05:08:59.000Z,0.025543000549077988,0.10883580148220062,72359026,R1.2900.11955.0
2025-01-20T05:08:59.500Z,0.009013481438159943,0.10883580148220062,40220017,R1.3027.11698.0
2025-01-20T05:09:00.000Z,0.04512084275484085,0.10883580148220062,21204713,R1.0697.5199.0
2025-01-20T05:09:00.500Z,0.019283095374703407,0.10883580148220062,71325295,R1.2900.11955.0
2025-01-20T05:09:01.000Z,0.009914396330714226,0.10883580148220062,72154411,R1.2900.11955.0
2025-01-20T05:09:01.500Z,0.03242329880595207,0.10883580148220062,72154411,R1.2900.11955.0
2025-01-20T05:09:02.000Z,0.02038922719657421,0.10883580148220062,40220017,R1.3027.11698.0
2025-01-20T05:09:02.500Z,0.005812156479805708,0.10883580148220062,72359026,R1.2900.11955.0
2025-01-20T05:09:03.000Z,0.027652306482195854,0.10883580148220062,40237728,R1.3027.11698.0
2025-01-20T05:09:03.500Z,0.020571298897266388,0.10883580148220062,72359026,R1.2900.11955.0
2025-01-20T05:09:04.000Z,0.022774681448936462,0.10883580148220062,72154411,R1.2900.11955.0
2025-01-20T05:09:04.500Z,0.030068950727581978,0.10883580148220062,21212835,R1.2172.7737.0
2025-01-20T05:09:05.000Z,0.01721685193479061,0.10883580148220062,72154411,R1.2900.11955.0
2025-01-20T05:09:05.500Z,0.021685803309082985,0.10883580148220062,72154411,R1.2900.11955.0
2025-01-20T05:09:06.000Z,0.017996203154325485,0.10883580148220062,71908906,R1.2900.11955.0
2025-01-20T05:09:06.500Z,0.031646013259887695,0.10883580148220062,71908906,R1.2900.11955.0
2025-01-20T05:09:07.000Z,0.012769400142133236,0.10883580148220062,71325295,R1.2900.11955.0
2025-01-20T05:09:07.500Z,0.02595362812280655,0.10883580148220062,21204713,R1.0697.5199.0
2025-01-20T05:09:08.000Z,0.014349163509905338,0.10883580148220062,71908906,R1.2900.11955.0
2025-01-20T05:09:08.500Z,0.021399708464741707,0.10883580148220062,71325295,R1.2900.11955.0
2025-01-20T05:09:09.000Z,0.017343241721391678,0.10883580148220062,51214531,R1.2900.11955.0
2025-01-20T05:09:09.500Z,0.011495629325509071,0.10883580148220062,71325295,R1.2900.11955.0
2025-01-20T05:09:10.000Z,0.011914579197764397,0.10883580148220062,72154411,R1.2900.11955.0
2025-01-20T05:09:10.500Z,0.02462155371904373,0.10883580148220062,71325295,R1.2900.11955.0
2025-01-20T05:09:11.000Z,0.03710814565420151,0.10883580148220062,21204713,R1.0697.5199.0
2025-01-20T05:09:11.500Z,0.006325744092464447,0.10883580148220062,21204713,R1.0697.5199.0
2025-01-20T05:09:12.000Z,0.03346017003059387,0.10883580148220062,21212835,R1.2172.7737.0
2025-01-20T05:09:12.500Z,0.016605393961071968,0.10883580148220062,21212835,R1.2172.7737.0
2025-01-20T05:09:13.000Z,0.06285829097032547,0.10883580148220062,40237728,R1.3027.11698.0
2025-01-20T05:09:13.500Z,0.02288963459432125,0.10883580148220062,40237728,R1.3027.11698.0
2025-01-20T05:09:14.000Z,0.013263060711324215,0.10883580148220062,71325295,R1.2900.11955.0
2025-01-20T05:09:14.500Z,0.03467930108308792,0.10883580148220062,21204713,R1.0697.5199.0
2025-01-20T05:09:15.000Z,0.0163616631180048,0.10883580148220062,21204713,R1.0697.5199.0
2025-01-20T05:09:15.500Z,0.020131031051278114,0.10883580148220062,40237728,R1.3027.11698.0
2025-01-20T05:09:16.000Z,0.022943127900362015,0.10883580148220062,40237728,R1.3027.11698.0
2025-01-20T05:09:16.500Z,0.02640121802687645,0.10883580148220062,72154411,R1.2900.11955.0
2025-01-20T05:09:17.000Z,0.01258295401930809,0.10883580148220062,71325295,R1.2900.11955.0
2025-01-20T05:09:17.500Z,0.023391874507069588,0.10883580148220062,71325295,R1.2900.11955.0
2025-01-20T05:09:18.000Z,0.008613106794655323,0.10883580148220062,72359026,R1.2900.11955.0
2025-01-20T05:09:18.500Z,0.03818870708346367,0.10883580148220062,71908906,R1.2900.11955.0
2025-01-20T05:09:19.000Z,0.021489201113581657,0.10883580148220062,21204713,R1.0697.5199.0
2025-01-20T05:09:19.500Z,0.03618188202381134,0.10883580148220062,40220017,R1.3027.11698.0
2025-01-20T05:09:20.000Z,0.015238402411341667,0.10883580148220062,51214531,R1.2900.11955.0
2025-01-20T05:09:20.500Z,0.025293221697211266,0.10883580148220062,21204713,R1.0697.5199.0
2025-01-20T05:09:21.000Z,0.028094178065657616,0.10883580148220062,72359026,R1.2900.11955.0
2025-01-20T05:09:21.500Z,0.018837854266166687,0.10883580148220062,40237728,R1.3027.11698.0
2025-01-20T05:09:22.000Z,0.01822724938392639,0.10883580148220062,40220017,R1.3027.11698.0
2025-01-20T05:09:22.500Z,0.020006785169243813,0.10883580148220062,40237728,R1.3027.11698.0
2025-01-20T05:09:23.000Z,0.021946193650364876,0.10883580148220062,72359026,R1.2900.11955.0
2025-01-20T05:09:23.500Z,0.01819552853703499,0.10883580148220062,21212835,R1.2172.7737.0
2025-01-20T05:09:24.000Z,0.026370292529463768,0.10883580148220062,21212835,R1.2172.7737.0
2025-01-20T05:09:24.500Z,0.030482951551675797,0.10883580148220062,21204713,R1.0697.5199.0
2025-01-20T05:09:25.000Z,0.03874724730849266,0.10883580148220062,71908906,R1.2900.11955.0
2025-01-20T05:09:25.500Z,0.030437124893069267,0.10883580148220062,72154411,R1.2900.11955.0
2025-01-20T05:09:26.000Z,0.027142612263560295,0.10883580148220062,40237728,R1.3027.11698.0
2025-01-20T05:09:26.500Z,0.02771265245974064,0.10883580148220062,21204713,R1.0697.5199.0
2025-01-20T05:09:27.000Z,0.020722994580864906,0.10883580148220062,21204713,R1.0697.5199.0
2025-01-20T05:09:27.500Z,0.024698607623577118,0.10883580148220062,21212835,R1.2172.7737.0
2025-01-20T05:09:28.000Z,0.02367030829191208,0.10883580148220062,72359026,R1.2900.11955.0
2025-01-20T05:09:28.500Z,0.019078778102993965,0.10883580148220062,40237728,R1.3027.11698.0
2025-01-20T05:09:29.000Z,0.0033927231561392546,0.10883580148220062,40237728,R1.3027.11698.0
2025-01-20T05:09:29.500Z,0.024189770221710205,0.10883580148220062,21212835,R1.2172.7737.0
2025-01-20T05:09:30.000Z,0.012714345939457417,0.10883580148220062,51214531,R1.2900.11955.0
2025-01-20T05:09:30.500Z,0.030727216973900795,0.10883580148220062,21204713,R1.0697.5199.0
2025-01-20T05:09:31.000Z,0.023296639323234558,0.10883580148220062,71325295,R1.2900.11955.0
2025-01-20T05:09:31.500Z,0.03213202953338623,0.10883580148220062,21204713,R1.0697.5199.0
2025-01-20T05:09:32.000Z,0.017854686826467514,0.10883580148220062,71908906,R1.2900.11955.0
2025-01-20T05:09:32.500Z,0.02578788809478283,0.10883580148220062,40220017,R1.3027.11698.0
2025-01-20T05:09:33.000Z,0.009254217147827148,0.10883580148220062,51214531,R1.2900.11955.0
2025-01-20T05:09:33.500Z,0.019856402650475502,0.10883580148220062,40237728,R1.3027.11698.0
2025-01-20T05:09:34.000Z,0.025467097759246826,0.10883580148220062,40237728,R1.3027.11698.0
2025-01-20T05:09:34.500Z,0.04280651733279228,0.10883580148220062,72154411,R1.2900.11955.0
2025-01-20T05:09:35.000Z,-0.003007209859788418,0.10883580148220062,51214531,R1.2900.11955.0
2025-01-20T05:09:35.500Z,0.028105393052101135,0.10883580148220062,71908906,R1.2900.11955.0
2025-01-20T05:09:36.000Z,0.03866506367921829,0.10883580148220062,21212835,R1.2172.7737.0
2025-01-20T05:09:36.500Z,0.018475472927093506,0.10883580148220062,51214531,R1.2900.11955.0
2025-01-20T05:09:37.000Z,0.022847525775432587,0.10883580148220062,40237728,R1.3027.11698.0
2025-01-20T05:09:37.500Z,0.0442807674407959,0.10883580148220062,71567810,R1.2900.11955.0
2025-01-20T05:09:38.000Z,0.02791336365044117,0.10883580148220062,71908906,R1.2900.11955.0
2025-01-20T05:09:38.500Z,0.021548885852098465,0.10883580148220062,40237728,R1.3027.11698.0
2025-01-20T05:09:39.000Z,0.0502966046333313,0.10883580148220062,71567810,R1.2900.11955.0
2025-01-20T05:09:39.500Z,0.03249731659889221,0.10883580148220062,21212835,R1.2172.7737.0
2025-01-20T05:09:40.000Z,0.014714225195348263,0.10883580148220062,51214531,R1.2900.11955.0
2025-01-20T05:09:40.500Z,0.03365836665034294,0.10883580148220062,40237728,R1.3027.11698.0
2025-01-20T05:09:41.000Z,0.019751492887735367,0.10883580148220062,71908906,R1.2900.11955.0
2025-01-20T05:09:41.500Z,0.025165123865008354,0.10883580148220062,21204713,R1.0697.5199.0
2025-01-20T05:09:42.000Z,0.01775764487683773,0.10883580148220062,51214531,R1.2900.11955.0
2025-01-20T05:09:42.500Z,0.044455911964178085,0.10883580148220062,71908906,R1.2900.11955.0
2025-01-20T05:09:43.000Z,0.01982082426548004,0.10883580148220062,51214531,R1.2900.11955.0
2025-01-20T05:09:43.500Z,0.017466804012656212,0.10883580148220062,51214531,R1.2900.11955.0
2025-01-20T05:09:44.000Z,0.022182302549481392,0.10883580148220062,71908906,R1.2900.11955.0
2025-01-20T05:09:44.500Z,0.03188154473900795,0.10883580148220062,40237728,R1.3027.11698.0
2025-01-20T05:09:45.000Z,0.023129425942897797,0.10883580148220062,51214531,R1.2900.11955.0
2025-01-20T05:09:45.500Z,0.03170660510659218,0.10883580148220062,51214531,R1.2900.11955.0
2025-01-20T05:09:46.000Z,0.037876203656196594,0.10883580148220062,21212835,R1.2172.7737.0
2025-01-20T05:09:46.500Z,0.007121010217815638,0.10883580148220062,71908906,R1.2900.11955.0
2025-01-20T05:09:47.000Z,0.019025998190045357,0.10883580148220062,72359026,R1.2900.11955.0
2025-01-20T05:09:47.500Z,0.021525532007217407,0.10883580148220062,71908906,R1.2900.11955.0
2025-01-20T05:09:48.000Z,0.021229896694421768,0.10883580148220062,71908906,R1.2900.11955.0
2025-01-20T05:09:48.500Z,0.007156604900956154,0.10883580148220062,71325295,R1.2900.11955.0
2025-01-20T05:09:49.000Z,0.030497590079903603,0.10883580148220062,71908906,R1.2900.11955.0
2025-01-20T05:09:49.500Z,0.025246478617191315,0.10883580148220062,21204713,R1.0697.5199.0
2025-01-20T05:09:50.000Z,0.014264711178839207,0.10883580148220062,21204713,R1.0697.5199.0
2025-01-20T05:09:50.500Z,0.024955647066235542,0.10883580148220062,40220017,R1.3027.11698.0
2025-01-20T05:09:51.000Z,0.019265564158558846,0.10883580148220062,51214531,R1.2900.11955.0
2025-01-20T05:09:51.500Z,0.010588624514639378,0.10883580148220062,40237728,R1.3027.11698.0
2025-01-20T05:09:52.000Z,0.03416487202048302,0.10883580148220062,72359026,R1.2900.11955.0
2025-01-20T05:09:52.500Z,0.00913909636437893,0.10883580148220062,71567810,R1.2900.11955.0
2025-01-20T05:09:53.000Z,0.02009500190615654,0.10883580148220062,21212835,R1.2172.7737.0
2025-01-20T05:09:53.500Z,0.027590347453951836,0.10883580148220062,21204713,R1.0697.5199.0
2025-01-20T05:09:54.000Z,0.025069674476981163,0.10883580148220062,72154411,R1.2900.11955.0
2025-01-20T05:09:54.500Z,0.030361302196979523,0.10883580148220062,21204713,R1.0697.5199.0
2025-01-20T05:09:55.000Z,0.011537102051079273,0.10883580148220062,21212835,R1.2172.7737.0
2025-01-20T05:09:55.500Z,0.028498264029622078,0.10883580148220062,21212835,R1.2172.7737.0
2025-01-20T05:09:56.000Z,0.03301993012428284,0.10883580148220062,51214531,R1.2900.11955.0
2025-01-20T05:09:56.500Z,0.04239179939031601,0.10883580148220062,71567810,R1.2900.11955.0
2025-01-20T05:09:57.000Z,0.031721822917461395,0.10883580148220062,40237728,R1.3027.11698.0
2025-01-20T05:09:57.500Z,0.01076524332165718,0.10883580148220062,40237728,R1.3027.11698.0
2025-01-20T05:09:58.000Z,0.00841478630900383,0.10883580148220062,40237728,R1.3027.11698.0
2025-01-20T05:09:58.500Z,0.009645556099712849,0.10883580148220062,71567810,R1.2900.11955.0
2025-01-20T05:09:59.000Z,0.029449911788105965,0.10883580148220062,72359026,R1.2900.11955.0
2025-01-20T05:09:59.500Z,0.020516125485301018,0.10883580148220062,51214531,R1.2900.11955.0
2025-01-20T05:10:00.000Z,0.01589937135577202,0.10883580148220062,71325295,R1.2900.11955.0
2025-01-20T05:10:00.500Z,0.040650881826877594,0.10883580148220062,21212835,R1.2172.7737.0
2025-01-20T05:10:01.000Z,0.027285948395729065,0.10883580148220062,21212835,R1.2172.7737.0
2025-01-20T05:10:01.500Z,0.02286098711192608,0.10883580148220062,21212835,R1.2172.7737.0
2025-01-20T05:10:02.000Z,0.02513299137353897,0.10883580148220062,51214531,R1.2900.11955.0
2025-01-20T05:10:02.500Z,0.01985492743551731,0.10883580148220062,21212835,R1.2172.7737.0
2025-01-20T05:10:03.000Z,0.032435934990644455,0.10883580148220062,72154411,R1.2900.11955.0
2025-01-20T05:10:03.500Z,0.023669563233852386,0.10883580148220062,71908906,R1.2900.11955.0
2025-01-20T05:10:04.000Z,0.02298072911798954,0.10883580148220062,40237728,R1.3027.11698.0
2025-01-20T05:10:04.500Z,0.01614159718155861,0.10883580148220062,51214531,R1.2900.11955.0
2025-01-20T05:10:05.000Z,0.03372110798954964,0.10883580148220062,71325295,R1.2900.11955.0
2025-01-20T05:10:05.500Z,0.01898350566625595,0.10883580148220062,51214531,R1.2900.11955.0
2025-01-20T05:10:06.000Z,0.018055597320199013,0.10883580148220062,40237728,R1.3027.11698.0
2025-01-20T05:10:06.500Z,0.024042563512921333,0.10883580148220062,71908906,R1.2900.11955.0
2025-01-20T05:10:07.000Z,0.0068989163264632225,0.10883580148220062,40237728,R1.3027.11698.0
2025-01-20T05:10:07.500Z,0.030757403001189232,0.10883580148220062,71908906,R1.2900.11955.0
2025-01-20T05:10:08.000Z,0.023824157193303108,0.10883580148220062,21212835,R1.2172.7737.0
2025-01-20T05:10:08.500Z,0.0074458615854382515,0.10883580148220062,51214531,R1.2900.11955.0
2025-01-20T05:10:09.000Z,0.028377871960401535,0.10883580148220062,40237728,R1.3027.11698.0
2025-01-20T05:10:09.500Z,0.015391610562801361,0.10883580148220062,51214531,R1.2900.11955.0
2025-01-20T05:10:10.000Z,0.022915633395314217,0.10883580148220062,71567810,R1.2900.11955.0
2025-01-20T05:10:10.500Z,0.01110320258885622,0.10883580148220062,21204713,R1.0697.5199.0
2025-01-20T05:10:11.000Z,0.017773179337382317,0.10883580148220062,71908906,R1.2900.11955.0
2025-01-20T05:10:11.500Z,0.02626701444387436,0.10883580148220062,21212835,R1.2172.7737.0
2025-01-20T05:10:12.000Z,0.020691027864813805,0.10883580148220062,71567810,R1.2900.11955.0
2025-01-20T05:10:12.500Z,0.020595325157046318,0.10883580148220062,72154411,R1.2900.11955.0
2025-01-20T05:10:13.000Z,0.024418987333774567,0.10883580148220062,71567810,R1.2900.11955.0
2025-01-20T05:10:13.500Z,0.017467841506004333,0.10883580148220062,40237728,R1.3027.11698.0
2025-01-20T05:10:14.000Z,0.023264385759830475,0.10883580148220062,72359026,R1.2900.11955.0
2025-01-20T05:10:14.500Z,0.044579312205314636,0.10883580148220062,71908906,R1.2900.11955.0
2025-01-20T05:10:15.000Z,0.027647390961647034,0.10883580148220062,40237728,R1.3027.11698.0
2025-01-20T05:10:15.500Z,0.013385739177465439,0.10883580148220062,21204713,R1.0697.5199.0
2025-01-20T05:10:16.000Z,0.0016796818235889077,0.10883580148220062,71567810,R1.2900.11955.0
2025-01-20T05:10:16.500Z,0.0213279090821743,0.10883580148220062,72154411,R1.2900.11955.0
2025-01-20T05:10:17.000Z,0.020766906440258026,0.10883580148220062,21204713,R1.0697.5199.0
2025-01-20T05:10:17.500Z,0.010454412549734116,0.10883580148220062,51214531,R1.2900.11955.0
2025-01-20T05:10:18.000Z,0.014584105461835861,0.10883580148220062,72154411,R1.2900.11955.0
2025-01-20T05:10:18.500Z,0.015533918514847755,0.10883580148220062,72154411,R1.2900.11955.0
2025-01-20T05:10:19.000Z,0.02813587337732315,0.10883580148220062,40237728,R1.3027.11698.0
2025-01-20T05:10:19.500Z,0.009939722716808319,0.10883580148220062,40237728,R1.3027.11698.0
2025-01-20T05:10:20.000Z,0.03461672365665436,0.10883580148220062,21204713,R1.0697.5199.0
2025-01-20T05:10:20.500Z,0.04619896411895752,0.10883580148220062,21212835,R1.2172.7737.0
2025-01-20T05:10:21.000Z,0.030763687565922737,0.10883580148220062,71908906,R1.2900.11955.0
2025-01-20T05:10:21.500Z,0.015617958270013332,0.10883580148220062,72359026,R1.2900.11955.0
2025-01-20T05:10:22.000Z,0.0035621304996311665,0.10883580148220062,72154411,R1.2900.11955.0
2025-01-20T05:10:22.500Z,0.017375655472278595,0.10883580148220062,71567810,R1.2900.11955.0
2025-01-20T05:10:23.000Z,0.023580534383654594,0.10883580148220062,72154411,R1.2900.11955.0
2025-01-20T05:10:23.500Z,0.009205394424498081,0.10883580148220062,72154411,R1.2900.11955.0
2025-01-20T05:10:24.000Z,0.022960541769862175,0.10883580148220062,71567810,R1.2900.11955.0
2025-01-20T05:10:24.500Z,0.04427708312869072,0.10883580148220062,21204713,R1.0697.5199.0
2025-01-20T05:10:25.000Z,0.027052124962210655,0.10883580148220062,72154411,R1.2900.11955.0
2025-01-20T05:10:25.500Z,0.025535115972161293,0.10883580148220062,72154411,R1.2900.11955.0
2025-01-20T05:10:26.000Z,0.03578417748212814,0.10883580148220062,71908906,R1.2900.11955.0
2025-01-20T05:10:26.500Z,0.013407990336418152,0.10883580148220062,71908906,R1.2900.11955.0
2025-01-20T05:10:27.000Z,0.020984109491109848,0.10883580148220062,21204713,R1.0697.5199.0
2025-01-20T05:10:27.500Z,0.02914142981171608,0.10883580148220062,71567810,R1.2900.11955.0
2025-01-20T05:10:28.000Z,0.016321858391165733,0.10883580148220062,21212835,R1.2172.7737.0
2025-01-20T05:10:28.500Z,0.03908790647983551,0.10883580148220062,72359026,R1.2900.11955.0
2025-01-20T05:10:29.000Z,0.017517147585749626,0.10883580148220062,40237728,R1.3027.11698.0
2025-01-20T05:10:29.500Z,0.011082926765084267,0.10883580148220062,72359026,R1.2900.11955.0
2025-01-20T05:10:30.000Z,0.021838273853063583,0.10883580148220062,21212835,R1.2172.7737.0
2025-01-20T05:10:30.500Z,0.027160897850990295,0.10883580148220062,21212835,R1.2172.7737.0
2025-01-20T05:10:31.000Z,0.026178842410445213,0.10883580148220062,40220017,R1.3027.11698.0
2025-01-20T05:10:31.500Z,0.01462031900882721,0.10883580148220062,40237728,R1.3027.11698.0
2025-01-20T05:10:32.000Z,0.012516607530415058,0.10883580148220062,40237728,R1.3027.11698.0
2025-01-20T05:10:32.500Z,0.020980605855584145,0.10883580148220062,51214531,R1.2900.11955.0
2025-01-20T05:10:33.000Z,0.021148525178432465,0.10883580148220062,72154411,R1.2900.11955.0
2025-01-20T05:10:33.500Z,0.03065236657857895,0.10883580148220062,72154411,R1.2900.11955.0
2025-01-20T05:10:34.000Z,0.027318798005580902,0.10883580148220062,72359026,R1.2900.11955.0
2025-01-20T05:10:34.500Z,0.02480369061231613,0.10883580148220062,51214531,R1.2900.11955.0
2025-01-20T05:10:35.000Z,0.03537454083561897,0.10883580148220062,72154411,R1.2900.11955.0
2025-01-20T05:10:35.500Z,0.017247604206204414,0.10883580148220062,71567810,R1.2900.11955.0
2025-01-20T05:10:36.000Z,0.026902716606855392,0.10883580148220062,21212835,R1.2172.7737.0
2025-01-20T05:10:36.500Z,0.023934518918395042,0.10883580148220062,72154411,R1.2900.11955.0
2025-01-20T05:10:37.000Z,0.017644202336668968,0.10883580148220062,21212835,R1.2172.7737.0
2025-01-20T05:10:37.500Z,0.029281314462423325,0.10883580148220062,21212835,R1.2172.7737.0
2025-01-20T05:10:38.000Z,0.008087843656539917,0.10883580148220062,21212835,R1.2172.7737.0
2025-01-20T05:10:38.500Z,0.031086603179574013,0.10883580148220062,21204713,R1.0697.5199.0
2025-01-20T05:10:39.000Z,0.017243340611457825,0.10883580148220062,71908906,R1.2900.11955.0
2025-01-20T05:10:39.500Z,0.020932616665959358,0.10883580148220062,21212835,R1.2172.7737.0
2025-01-20T05:10:40.000Z,0.021772854030132294,0.10883580148220062,72154411,R1.2900.11955.0
2025-01-20T05:10:40.500Z,0.01776723563671112,0.10883580148220062,21212835,R1.2172.7737.0
2025-01-20T05:10:41.000Z,0.03096422553062439,0.10883580148220062,21212835,R1.2172.7737.0
2025-01-20T05:10:41.500Z,0.0312328040599823,0.10883580148220062,71567810,R1.2900.11955.0
2025-01-20T05:10:42.000Z,0.012563136406242847,0.10883580148220062,72359026,R1.2900.11955.0
2025-01-20T05:10:42.500Z,0.035965025424957275,0.10883580148220062,21204713,R1.0697.5199.0
2025-01-20T05:10:43.000Z,0.014039402827620506,0.10883580148220062,21204713,R1.0697.5199.0
2025-01-20T05:10:43.500Z,0.0039122928865253925,0.10883580148220062,71567810,R1.2900.11955.0
2025-01-20T05:10:44.000Z,0.030744707211852074,0.10883580148220062,72154411,R1.2900.11955.0
2025-01-20T05:10:44.500Z,0.021679149940609932,0.10883580148220062,40237728,R1.3027.11698.0
2025-01-20T05:10:45.000Z,0.03188686445355415,0.10883580148220062,40237728,R1.3027.11698.0
2025-01-20T05:10:45.500Z,0.0025302746798843145,0.10883580148220062,71567810,R1.2900.11955.0
2025-01-20T05:10:46.000Z,0.024169953539967537,0.10883580148220062,40237728,R1.3027.11698.0
2025-01-20T05:10:46.500Z,0.029084861278533936,0.10883580148220062,71908906,R1.2900.11955.0
2025-01-20T05:10:47.000Z,0.032667312771081924,0.10883580148220062,72154411,R1.2900.11955.0
2025-01-20T05:10:47.500Z,0.0143465930595994,0.10883580148220062,40237728,R1.3027.11698.0
2025-01-20T05:10:48.000Z,0.015318606980144978,0.10883580148220062,71325295,R1.2900.11955.0
2025-01-20T05:10:48.500Z,0.04357766732573509,0.10883580148220062,21204713,R1.0697.5199.0
2025-01-20T05:10:49.000Z,0.01965915411710739,0.10883580148220062,71325295,R1.2900.11955.0
2025-01-20T05:10:49.500Z,0.017838409170508385,0.10883580148220062,71908906,R1.2900.11955.0
2025-01-20T05:10:50.000Z,0.005779446102678776,0.10883580148220062,40220017,R1.3027.11698.0
2025-01-20T05:10:50.500Z,0.030012596398591995,0.10883580148220062,40237728,R1.3027.11698.0
2025-01-20T05:10:51.000Z,0.030109502375125885,0.10883580148220062,71908906,R1.2900.11955.0
2025-01-20T05:10:51.500Z,0.02533566765487194,0.10883580148220062,40220017,R1.3027.11698.0
2025-01-20T05:10:52.000Z,0.029443735256791115,0.10883580148220062,51214531,R1.2900.11955.0
2025-01-20T05:10:52.500Z,0.039840519428253174,0.10883580148220062,72359026,R1.2900.11955.0
2025-01-20T05:10:53.000Z,0.01986817643046379,0.10883580148220062,71908906,R1.2900.11955.0
2025-01-20T05:10:53.500Z,0.020371263846755028,0.10883580148220062,72154411,R1.2900.11955.0
2025-01-20T05:10:54.000Z,0.03319716453552246,0.10883580148220062,21204713,R1.0697.5199.0
2025-01-20T05:10:54.500Z,0.03168672323226929,0.10883580148220062,21212835,R1.2172.7737.0
2025-01-20T05:10:55.000Z,0.04563387483358383,0.10883580148220062,51214531,R1.2900.11955.0
2025-01-20T05:10:55.500Z,0.0011077196104452014,0.10883580148220062,72359026,R1.2900.11955.0
2025-01-20T05:10:56.000Z,0.01728023774921894,0.10883580148220062,51214531,R1.2900.11955.0
2025-01-20T05:10:56.500Z,0.013002701103687286,0.10883580148220062,72359026,R1.2900.11955.0
2025-01-20T05:10:57.000Z,0.006207964848726988,0.10883580148220062,40220017,R1.3027.11698.0
2025-01-20T05:10:57.500Z,0.009265252389013767,0.10883580148220062,71567810,R1.2900.11955.0
2025-01-20T05:10:58.000Z,0.017814401537179947,0.10883580148220062,21204713,R1.0697.5199.0
2025-01-20T05:10:58.500Z,0.04748979210853577,0.10883580148220062,21212835,R1.2172.7737.0
2025-01-20T05:10:59.000Z,0.03212643787264824,0.10883580148220062,21204713,R1.0697.5199.0
2025-01-20T05:10:59.500Z,0.038102537393569946,0.10883580148220062,21212835,R1.2172.7737.0
2025-01-20T05:11:00.000Z,0.019690491259098053,0.10883580148220062,51214531,R1.2900.11955.0
2025-01-20T05:11:00.500Z,0.011978509835898876,0.10883580148220062,71325295,R1.2900.11955.0
2025-01-20T05:11:01.000Z,0.022037377581000328,0.10883580148220062,71908906,R1.2900.11955.0
2025-01-20T05:11:01.500Z,0.01472687628120184,0.10883580148220062,40237728,R1.3027.11698.0
2025-01-20T05:11:02.000Z,0.010209585539996624,0.10883580148220062,71908906,R1.2900.11955.0
2025-01-20T05:11:02.500Z,0.017554599791765213,0.10883580148220062,72154411,R1.2900.11955.0
2025-01-20T05:11:03.000Z,0.013144017197191715,0.10883580148220062,71908906,R1.2900.11955.0
2025-01-20T05:11:03.500Z,0.012350444681942463,0.10883580148220062,72154411,R1.2900.11955.0
2025-01-20T05:11:04.000Z,0.024296056479215622,0.10883580148220062,51214531,R1.2900.11955.0
2025-01-20T05:11:04.500Z,0.016971899196505547,0.10883580148220062,72359026,R1.2900.11955.0
2025-01-20T05:11:05.000Z,0.02264905348420143,0.10883580148220062,40237728,R1.3027.11698.0
2025-01-20T05:11:05.500Z,0.01492217741906643,0.10883580148220062,40237728,R1.3027.11698.0
2025-01-20T05:11:06.000Z,0.022923177108168602,0.10883580148220062,71567810,R1.2900.11955.0
2025-01-20T05:11:06.500Z,0.02580874226987362,0.10883580148220062,51214531,R1.2900.11955.0
2025-01-20T05:11:07.000Z,0.03669612854719162,0.10883580148220062,72359026,R1.2900.11955.0
2025-01-20T05:11:07.500Z,0.021008281037211418,0.10883580148220062,21212835,R1.2172.7737.0
2025-01-20T05:11:08.000Z,0.021133629605174065,0.10883580148220062,21212835,R1.2172.7737.0
2025-01-20T05:11:08.500Z,0.007463339250534773,0.10883580148220062,40237728,R1.3027.11698.0
2025-01-20T05:11:09.000Z,0.05274832248687744,0.10883580148220062,21212835,R1.2172.7737.0
2025-01-20T05:11:09.500Z,0.007065321784466505,0.10883580148220062,40220017,R1.3027.11698.0
2025-01-20T05:11:10.000Z,0.034719910472631454,0.10883580148220062,40237728,R1.3027.11698.0
2025-01-20T05:11:10.500Z,0.02544204145669937,0.10883580148220062,71908906,R1.2900.11955.0
2025-01-20T05:11:11.000Z,0.02447040006518364,0.10883580148220062,40220017,R1.3027.11698.0
2025-01-20T05:11:11.500Z,0.013525955379009247,0.10883580148220062,40237728,R1.3027.11698.0
2025-01-20T05:11:12.000Z,0.020302537828683853,0.10883580148220062,21204713,R1.0697.5199.0
2025-01-20T05:11:12.500Z,0.011485159397125244,0.10883580148220062,40237728,R1.3027.11698.0
2025-01-20T05:11:13.000Z,0.017069032415747643,0.10883580148220062,72359026,R1.2900.11955.0
2025-01-20T05:11:13.500Z,0.02031739242374897,0.10883580148220062,40237728,R1.3027.11698.0
2025-01-20T05:11:14.000Z,0.01786171831190586,0.10883580148220062,40237728,R1.3027.11698.0
2025-01-20T05:11:14.500Z,0.024776024743914604,0.10883580148220062,21212835,R1.2172.7737.0
2025-01-20T05:11:15.000Z,0.023277582600712776,0.10883580148220062,72154411,R1.2900.11955.0
2025-01-20T05:11:15.500Z,0.015575825236737728,0.10883580148220062,51214531,R1.2900.11955.0
2025-01-20T05:11:16.000Z,0.025965066626667976,0.10883580148220062,21204713,R1.0697.5199.0
2025-01-20T05:11:16.500Z,0.0319419726729393,0.10883580148220062,21204713,R1.0697.5199.0
2025-01-20T05:11:17.000Z,0.025926215574145317,0.10883580148220062,51214531,R1.2900.11955.0
2025-01-20T05:11:17.500Z,0.027506625279784203,0.10883580148220062,71567810,R1.2900.11955.0
2025-01-20T05:11:18.000Z,0.015237180516123772,0.10883580148220062,71325295,R1.2900.11955.0
2025-01-20T05:11:18.500Z,0.026148168370127678,0.10883580148220062,71567810,R1.2900.11955.0
2025-01-20T05:11:19.000Z,0.02203088067471981,0.10883580148220062,71325295,R1.2900.11955.0
2025-01-20T05:11:19.500Z,0.022080983966588974,0.10883580148220062,40220017,R1.3027.11698.0
2025-01-20T05:11:20.000Z,0.0314183235168457,0.10883580148220062,71908906,R1.2900.11955.0
2025-01-20T05:11:20.500Z,0.023191094398498535,0.10883580148220062,71908906,R1.2900.11955.0
2025-01-20T05:11:21.000Z,0.02243887446820736,0.10883580148220062,21212835,R1.2172.7737.0
2025-01-20T05:11:21.500Z,0.019103581085801125,0.10883580148220062,21212835,R1.2172.7737.0
2025-01-20T05:11:22.000Z,0.030342930927872658,0.10883580148220062,71325295,R1.2900.11955.0
2025-01-20T05:11:22.500Z,0.02296820469200611,0.10883580148220062,71567810,R1.2900.11955.0
2025-01-20T05:11:23.000Z,0.007760439068078995,0.10883580148220062,72154411,R1.2900.11955.0
2025-01-20T05:11:23.500Z,0.022709092125296593,0.10883580148220062,72359026,R1.2900.11955.0
2025-01-20T05:11:24.000Z,0.021299919113516808,0.10883580148220062,71908906,R1.2900.11955.0
2025-01-20T05:11:24.500Z,0.05175785347819328,0.10883580148220062,72359026,R1.2900.11955.0
2025-01-20T05:11:25.000Z,0.03302401676774025,0.10883580148220062,40237728,R1.3027.11698.0
2025-01-20T05:11:25.500Z,0.03962606564164162,0.10883580148220062,40237728,R1.3027.11698.0
2025-01-20T05:11:26.000Z,0.02684173360466957,0.10883580148220062,21212835,R1.2172.7737.0
2025-01-20T05:11:26.500Z,0.02505648322403431,0.10883580148220062,21204713,R1.0697.5199.0
2025-01-20T05:11:27.000Z,0.039432983845472336,0.10883580148220062,71908906,R1.2900.11955.0
2025-01-20T05:11:27.500Z,0.01416627038270235,0.10883580148220062,71567810,R1.2900.11955.0
2025-01-20T05:11:28.000Z,0.02372555248439312,0.10883580148220062,72154411,R1.2900.11955.0
2025-01-20T05:11:28.500Z,0.02008163370192051,0.10883580148220062,21212835,R1.2172.7737.0
2025-01-20T05:11:29.000Z,0.021023256704211235,0.10883580148220062,21204713,R1.0697.5199.0
2025-01-20T05:11:29.500Z,0.017580974847078323,0.10883580148220062,40237728,R1.3027.11698.0
2025-01-20T05:11:30.000Z,0.0256048496812582,0.10883580148220062,21212835,R1.2172.7737.0
2025-01-20T05:11:30.500Z,0.010547124780714512,0.10883580148220062,72154411,R1.2900.11955.0
2025-01-20T05:11:31.000Z,0.03720078244805336,0.10883580148220062,21212835,R1.2172.7737.0
2025-01-20T05:11:31.500Z,0.01833171956241131,0.10883580148220062,21212835,R1.2172.7737.0
2025-01-20T05:11:32.000Z,0.019651442766189575,0.10883580148220062,21212835,R1.2172.7737.0
2025-01-20T05:11:32.500Z,0.017728591337800026,0.10883580148220062,40220017,R1.3027.11698.0
2025-01-20T05:11:33.000Z,0.026082448661327362,0.10883580148220062,72359026,R1.2900.11955.0
2025-01-20T05:11:33.500Z,0.012149319052696228,0.10883580148220062,40237728,R1.3027.11698.0
2025-01-20T05:11:34.000Z,0.018755273893475533,0.10883580148220062,72359026,R1.2900.11955.0
2025-01-20T05:11:34.500Z,0.024967579171061516,0.10883580148220062,71567810,R1.2900.11955.0
2025-01-20T05:11:35.000Z,0.014888006262481213,0.10883580148220062,72154411,R1.2900.11955.0
2025-01-20T05:11:35.500Z,0.04241441935300827,0.10883580148220062,21204713,R1.0697.5199.0
2025-01-20T05:11:36.000Z,0.03597323223948479,0.10883580148220062,71908906,R1.2900.11955.0
2025-01-20T05:11:36.500Z,0.033051684498786926,0.10883580148220062,72154411,R1.2900.11955.0
2025-01-20T05:11:37.000Z,0.016469042748212814,0.10883580148220062,71908906,R1.2900.11955.0
2025-01-20T05:11:37.500Z,0.019650638103485107,0.10883580148220062,72359026,R1.2900.11955.0
2025-01-20T05:11:38.000Z,0.0265936478972435,0.10883580148220062,51214531,R1.2900.11955.0
2025-01-20T05:11:38.500Z,0.026869792491197586,0.10883580148220062,21204713,R1.0697.5199.0
2025-01-20T05:11:39.000Z,0.020656801760196686,0.10883580148220062,72359026,R1.2900.11955.0
2025-01-20T05:11:39.500Z,0.04537861794233322,0.10883580148220062,21212835,R1.2172.7737.0
2025-01-20T05:11:40.000Z,0.02369511127471924,0.10883580148220062,51214531,R1.2900.11955.0
2025-01-20T05:11:40.500Z,0.040878843516111374,0.10883580148220062,71325295,R1.2900.11955.0
2025-01-20T05:11:41.000Z,0.02735246904194355,0.10883580148220062,71908906,R1.2900.11955.0
2025-01-20T05:11:41.500Z,0.023256629705429077,0.10883580148220062,40237728,R1.3027.11698.0
2025-01-20T05:11:42.000Z,0.025804607197642326,0.10883580148220062,72359026,R1.2900.11955.0
2025-01-20T05:11:42.500Z,0.02762019820511341,0.10883580148220062,40220017,R1.3027.11698.0
2025-01-20T05:11:43.000Z,0.03368596360087395,0.10883580148220062,21212835,R1.2172.7737.0
2025-01-20T05:11:43.500Z,0.028986293822526932,0.10883580148220062,21212835,R1.2172.7737.0
2025-01-20T05:11:44.000Z,0.016821853816509247,0.10883580148220062,51214531,R1.2900.11955.0
2025-01-20T05:11:44.500Z,0.024931851774454117,0.10883580148220062,72154411,R1.2900.11955.0
2025-01-20T05:11:45.000Z,0.029945967718958855,0.10883580148220062,72359026,R1.2900.11955.0
2025-01-20T05:11:45.500Z,0.021237153559923172,0.10883580148220062,71325295,R1.2900.11955.0
2025-01-20T05:11:46.000Z,0.01186608150601387,0.10883580148220062,40237728,R1.3027.11698.0
2025-01-20T05:11:46.500Z,0.014289559796452522,0.10883580148220062,72359026,R1.2900.11955.0
2025-01-20T05:11:47.000Z,0.01925572007894516,0.10883580148220062,21204713,R1.0697.5199.0
2025-01-20T05:11:47.500Z,0.03465422987937927,0.10883580148220062,40237728,R1.3027.11698.0
2025-01-20T05:11:48.000Z,0.03487863764166832,0.10883580148220062,71567810,R1.2900.11955.0
2025-01-20T05:11:48.500Z,0.031091779470443726,0.10883580148220062,71908906,R1.2900.11955.0
2025-01-20T05:11:49.000Z,0.028304483741521835,0.10883580148220062,71908906,R1.2900.11955.0
2025-01-20T05:11:49.500Z,0.021760599687695503,0.10883580148220062,72359026,R1.2900.11955.0
2025-01-20T05:11:50.000Z,0.05091053247451782,0.10883580148220062,21204713,R1.0697.5199.0
2025-01-20T05:11:50.500Z,0.014283064752817154,0.10883580148220062,72154411,R1.2900.11955.0
2025-01-20T05:11:51.000Z,0.01890217699110508,0.10883580148220062,71567810,R1.2900.11955.0
2025-01-20T05:11:51.500Z,0.020812440663576126,0.10883580148220062,72359026,R1.2900.11955.0
2025-01-20T05:11:52.000Z,0.01783403567969799,0.10883580148220062,40237728,R1.3027.11698.0
2025-01-20T05:11:52.500Z,0.02108798734843731,0.10883580148220062,71325295,R1.2900.11955.0
2025-01-20T05:11:53.000Z,0.006976988632231951,0.10883580148220062,71567810,R1.2900.11955.0
2025-01-20T05:11:53.500Z,0.02080516703426838,0.10883580148220062,21204713,R1.0697.5199.0
2025-01-20T05:11:54.000Z,0.009052369743585587,0.10883580148220062,21212835,R1.2172.7737.0
2025-01-20T05:11:54.500Z,0.03300711512565613,0.10883580148220062,51214531,R1.2900.11955.0
2025-01-20T05:11:55.000Z,0.028401752933859825,0.10883580148220062,71908906,R1.2900.11955.0
2025-01-20T05:11:55.500Z,0.01629115827381611,0.10883580148220062,71325295,R1.2900.11955.0
2025-01-20T05:11:56.000Z,0.03982406482100487,0.10883580148220062,71908906,R1.2900.11955.0
2025-01-20T05:11:56.500Z,0.03690609335899353,0.10883580148220062,21212835,R1.2172.7737.0
2025-01-20T05:11:57.000Z,0.012734023854136467,0.10883580148220062,40220017,R1.3027.11698.0
2025-01-20T05:11:57.500Z,0.015103710815310478,0.10883580148220062,72359026,R1.2900.11955.0
2025-01-20T05:11:58.000Z,0.023612642660737038,0.10883580148220062,51214531,R1.2900.11955.0
2025-01-20T05:11:58.500Z,0.014318861067295074,0.10883580148220062,72359026,R1.2900.11955.0
2025-01-20T05:11:59.000Z,0.03659230098128319,0.10883580148220062,40237728,R1.3027.11698.0
2025-01-20T05:11:59.500Z,0.0330829955637455,0.10883580148220062,21204713,R1.0697.5199.0
2025-01-20T05:12:00.000Z,0.04360496625304222,0.10883580148220062,21212835,R1.2172.7737.0
2025-01-20T05:12:00.500Z,0.03533982113003731,0.10883580148220062,72359026,R1.2900.11955.0
2025-01-20T05:12:01.000Z,0.039698194712400436,0.10883580148220062,21212835,R1.2172.7737.0
2025-01-20T05:12:01.500Z,0.03557837754487991,0.10883580148220062,21204713,R1.0697.5199.0
2025-01-20T05:12:02.000Z,0.022589048370718956,0.10883580148220062,72359026,R1.2900.11955.0
2025-01-20T05:12:02.500Z,0.04134229198098183,0.10883580148220062,21204713,R1.0697.5199.0
2025-01-20T05:12:03.000Z,0.029041694477200508,0.10883580148220062,21204713,R1.0697.5199.0
2025-01-20T05:12:03.500Z,-0.0037908032536506653,0.10883580148220062,51214531,R1.2900.11955.0
2025-01-20T05:12:04.000Z,0.025803113356232643,0.10883580148220062,21212835,R1.2172.7737.0
2025-01-20T05:12:04.500Z,0.030696025118231773,0.10883580148220062,21204713,R1.0697.5199.0
2025-01-20T05:12:05.000Z,0.020744821056723595,0.10883580148220062,40220017,R1.3027.11698.0
2025-01-20T05:12:05.500Z,0.04513053596019745,0.10883580148220062,72359026,R1.2900.11955.0
2025-01-20T05:12:06.000Z,0.029286226257681847,0.10883580148220062,71325295,R1.2900.11955.0
2025-01-20T05:12:06.500Z,0.029605908319354057,0.10883580148220062,72359026,R1.2900.11955.0
2025-01-20T05:12:07.000Z,0.011612728238105774,0.10883580148220062,40220017,R1.3027.11698.0
2025-01-20T05:12:07.500Z,0.028751354664564133,0.10883580148220062,21204713,R1.0697.5199.0
2025-01-20T05:12:08.000Z,0.010542985051870346,0.10883580148220062,72359026,R1.2900.11955.0
2025-01-20T05:12:08.500Z,0.016492146998643875,0.10883580148220062,21204713,R1.0697.5199.0
2025-01-20T05:12:09.000Z,0.025881370529532433,0.10883580148220062,72359026,R1.2900.11955.0
2025-01-20T05:12:09.500Z,0.01604938507080078,0.10883580148220062,72359026,R1.2900.11955.0
2025-01-20T05:12:10.000Z,0.02227613888680935,0.10883580148220062,72154411,R1.2900.11955.0
2025-01-20T05:12:10.500Z,0.007655034773051739,0.10883580148220062,71908906,R1.2900.11955.0
2025-01-20T05:12:11.000Z,0.013273677788674831,0.10883580148220062,71325295,R1.2900.11955.0
2025-01-20T05:12:11.500Z,0.018402984365820885,0.10883580148220062,40237728,R1.3027.11698.0
2025-01-20T05:12:12.000Z,0.03851689025759697,0.10883580148220062,40237728,R1.3027.11698.0
2025-01-20T05:12:12.500Z,0.02167174220085144,0.10883580148220062,21204713,R1.0697.5199.0
2025-01-20T05:12:13.000Z,0.011161400936543941,0.10883580148220062,51214531,R1.2900.11955.0
2025-01-20T05:12:13.500Z,0.033215899020433426,0.10883580148220062,71908906,R1.2900.11955.0
2025-01-20T05:12:14.000Z,0.02551187388598919,0.10883580148220062,40237728,R1.3027.11698.0
2025-01-20T05:12:14.500Z,0.03328319266438484,0.10883580148220062,21212835,R1.2172.7737.0
2025-01-20T05:12:15.000Z,0.005695100873708725,0.10883580148220062,71325295,R1.2900.11955.0
2025-01-20T05:12:15.500Z,0.040442146360874176,0.10883580148220062,51214531,R1.2900.11955.0
2025-01-20T05:12:16.000Z,0.012608399614691734,0.10883580148220062,40237728,R1.3027.11698.0
2025-01-20T05:12:16.500Z,0.01966891996562481,0.10883580148220062,71325295,R1.2900.11955.0
2025-01-20T05:12:17.000Z,0.030713658779859543,0.10883580148220062,21212835,R1.2172.7737.0
2025-01-20T05:12:17.500Z,0.0361577570438385,0.10883580148220062,72359026,R1.2900.11955.0
2025-01-20T05:12:18.000Z,0.017800547182559967,0.10883580148220062,21212835,R1.2172.7737.0
2025-01-20T05:12:18.500Z,0.023618755862116814,0.10883580148220062,40220017,R1.3027.11698.0
2025-01-20T05:12:19.000Z,0.03314954414963722,0.10883580148220062,40237728,R1.3027.11698.0
2025-01-20T05:12:19.500Z,0.021966299042105675,0.10883580148220062,21204713,R1.0697.5199.0
2025-01-20T05:12:20.000Z,0.022073155269026756,0.10883580148220062,40237728,R1.3027.11698.0
2025-01-20T05:12:20.500Z,0.025432942435145378,0.10883580148220062,71567810,R1.2900.11955.0
2025-01-20T05:12:21.000Z,0.012967526912689209,0.10883580148220062,71567810,R1.2900.11955.0
2025-01-20T05:12:21.500Z,0.02581343613564968,0.10883580148220062,71908906,R1.2900.11955.0
2025-01-20T05:12:22.000Z,0.022432371973991394,0.10883580148220062,40237728,R1.3027.11698.0
2025-01-20T05:12:22.500Z,0.019696779549121857,0.10883580148220062,71325295,R1.2900.11955.0
2025-01-20T05:12:23.000Z,0.012128948234021664,0.10883580148220062,40237728,R1.3027.11698.0
2025-01-20T05:12:23.500Z,0.022289054468274117,0.10883580148220062,40220017,R1.3027.11698.0
2025-01-20T05:12:24.000Z,0.011106256395578384,0.10883580148220062,40220017,R1.3027.11698.0
2025-01-20T05:12:24.500Z,0.03265725448727608,0.10883580148220062,72359026,R1.2900.11955.0
2025-01-20T05:12:25.000Z,0.01205638237297535,0.10883580148220062,21204713,R1.0697.5199.0
2025-01-20T05:12:25.500Z,0.014829182997345924,0.10883580148220062,72154411,R1.2900.11955.0
2025-01-20T05:12:26.000Z,0.024776184931397438,0.10883580148220062,72359026,R1.2900.11955.0
2025-01-20T05:12:26.500Z,0.018181683495640755,0.10883580148220062,40237728,R1.3027.11698.0
2025-01-20T05:12:27.000Z,0.02021029219031334,0.10883580148220062,71567810,R1.2900.11955.0
2025-01-20T05:12:27.500Z,0.026202144101262093,0.10883580148220062,72359026,R1.2900.11955.0
2025-01-20T05:12:28.000Z,0.012675519101321697,0.10883580148220062,40237728,R1.3027.11698.0
2025-01-20T05:12:28.500Z,0.015255353413522243,0.10883580148220062,72359026,R1.2900.11955.0
2025-01-20T05:12:29.000Z,0.014792008325457573,0.10883580148220062,40220017,R1.3027.11698.0
2025-01-20T05:12:29.500Z,0.01788562536239624,0.10883580148220062,21204713,R1.0697.5199.0
2025-01-20T05:12:30.000Z,0.03423977643251419,0.10883580148220062,21204713,R1.0697.5199.0
2025-01-20T05:12:30.500Z,0.009060456417500973,0.10883580148220062,71325295,R1.2900.11955.0
2025-01-20T05:12:31.000Z,0.010205816477537155,0.10883580148220062,21204713,R1.0697.5199.0
2025-01-20T05:12:31.500Z,0.03302409127354622,0.10883580148220062,40237728,R1.3027.11698.0
2025-01-20T05:12:32.000Z,0.023785710334777832,0.10883580148220062,71567810,R1.2900.11955.0
2025-01-20T05:12:32.500Z,0.02214011736214161,0.10883580148220062,40237728,R1.3027.11698.0
2025-01-20T05:12:33.000Z,0.016346372663974762,0.10883580148220062,72359026,R1.2900.11955.0
2025-01-20T05:12:33.500Z,0.025192253291606903,0.10883580148220062,21212835,R1.2172.7737.0
2025-01-20T05:12:34.000Z,0.025235487148165703,0.10883580148220062,72359026,R1.2900.11955.0
2025-01-20T05:12:34.500Z,0.02387605421245098,0.10883580148220062,51214531,R1.2900.11955.0
2025-01-20T05:12:35.000Z,0.029950670897960663,0.10883580148220062,71325295,R1.2900.11955.0
2025-01-20T05:12:35.500Z,0.01642496883869171,0.10883580148220062,71325295,R1.2900.11955.0
2025-01-20T05:12:36.000Z,0.0213607307523489,0.10883580148220062,72154411,R1.2900.11955.0
2025-01-20T05:12:36.500Z,0.023433230817317963,0.10883580148220062,72154411,R1.2900.11955.0
2025-01-20T05:12:37.000Z,0.013651154935359955,0.10883580148220062,40237728,R1.3027.11698.0
2025-01-20T05:12:37.500Z,0.03861823305487633,0.10883580148220062,71908906,R1.2900.11955.0
2025-01-20T05:12:38.000Z,0.03669979050755501,0.10883580148220062,21204713,R1.0697.5199.0
2025-01-20T05:12:38.500Z,0.005358824506402016,0.10883580148220062,40220017,R1.3027.11698.0
2025-01-20T05:12:39.000Z,0.012439210899174213,0.10883580148220062,51214531,R1.2900.11955.0
2025-01-20T05:12:39.500Z,0.008065433241426945,0.10883580148220062,40237728,R1.3027.11698.0
2025-01-20T05:12:40.000Z,0.04903743416070938,0.10883580148220062,21204713,R1.0697.5199.0
2025-01-20T05:12:40.500Z,0.031321700662374496,0.10883580148220062,51214531,R1.2900.11955.0
2025-01-20T05:12:41.000Z,0.007820118218660355,0.10883580148220062,51214531,R1.2900.11955.0
2025-01-20T05:12:41.500Z,0.02503254823386669,0.10883580148220062,71908906,R1.2900.11955.0
2025-01-20T05:12:42.000Z,0.018904950469732285,0.10883580148220062,21204713,R1.0697.5199.0
2025-01-20T05:12:42.500Z,0.05309116840362549,0.10883580148220062,21212835,R1.2172.7737.0
2025-01-20T05:12:43.000Z,0.02553686872124672,0.10883580148220062,71908906,R1.2900.11955.0
2025-01-20T05:12:43.500Z,0.020290689542889595,0.10883580148220062,40237728,R1.3027.11698.0
2025-01-20T05:12:44.000Z,0.025659292936325073,0.10883580148220062,71567810,R1.2900.11955.0
2025-01-20T05:12:44.500Z,0.027575045824050903,0.10883580148220062,40220017,R1.3027.11698.0
2025-01-20T05:12:45.000Z,0.03542248159646988,0.10883580148220062,71908906,R1.2900.11955.0
2025-01-20T05:12:45.500Z,0.012189220637083054,0.10883580148220062,71567810,R1.2900.11955.0
2025-01-20T05:12:46.000Z,0.03144272789359093,0.10883580148220062,51214531,R1.2900.11955.0
2025-01-20T05:12:46.500Z,0.015628382563591003,0.10883580148220062,72154411,R1.2900.11955.0
2025-01-20T05:12:47.000Z,0.01628558523952961,0.10883580148220062,51214531,R1.2900.11955.0
2025-01-20T05:12:47.500Z,0.016848312690854073,0.10883580148220062,71325295,R1.2900.11955.0
2025-01-20T05:12:48.000Z,0.039616379886865616,0.10883580148220062,51214531,R1.2900.11955.0
2025-01-20T05:12:48.500Z,0.023059122264385223,0.10883580148220062,21212835,R1.2172.7737.0
2025-01-20T05:12:49.000Z,0.024130694568157196,0.10883580148220062,40237728,R1.3027.11698.0
2025-01-20T05:12:49.500Z,0.021785438060760498,0.10883580148220062,40237728,R1.3027.11698.0
2025-01-20T05:12:50.000Z,0.04574967175722122,0.10883580148220062,71567810,R1.2900.11955.0
2025-01-20T05:12:50.500Z,0.027379436418414116,0.10883580148220062,51214531,R1.2900.11955.0
2025-01-20T05:12:51.000Z,0.019472893327474594,0.10883580148220062,40220017,R1.3027.11698.0
2025-01-20T05:12:51.500Z,0.0251521747559309,0.10883580148220062,51214531,R1.2900.11955.0
2025-01-20T05:12:52.000Z,0.02178778499364853,0.10883580148220062,21212835,R1.2172.7737.0
2025-01-20T05:12:52.500Z,0.01348161417990923,0.10883580148220062,71325295,R1.2900.11955.0
2025-01-20T05:12:53.000Z,0.01085843238979578,0.10883580148220062,21212835,R1.2172.7737.0
2025-01-20T05:12:53.500Z,0.025645306333899498,0.10883580148220062,21204713,R1.0697.5199.0
2025-01-20T05:12:54.000Z,0.005753342993557453,0.10883580148220062,72359026,R1.2900.11955.0
2025-01-20T05:12:54.500Z,0.013396644964814186,0.10883580148220062,72359026,R1.2900.11955.0
2025-01-20T05:12:55.000Z,0.04398662596940994,0.10883580148220062,21204713,R1.0697.5199.0
2025-01-20T05:12:55.500Z,0.02685067057609558,0.10883580148220062,21204713,R1.0697.5199.0
2025-01-20T05:12:56.000Z,0.03224371746182442,0.10883580148220062,21204713,R1.0697.5199.0
2025-01-20T05:12:56.500Z,0.05391210317611694,0.10883580148220062,21212835,R1.2172.7737.0
2025-01-20T05:12:57.000Z,0.020916925743222237,0.10883580148220062,21212835,R1.2172.7737.0
2025-01-20T05:12:57.500Z,0.009252981282770634,0.10883580148220062,71567810,R1.2900.11955.0
2025-01-20T05:12:58.000Z,0.014945653267204762,0.10883580148220062,40237728,R1.3027.11698.0
2025-01-20T05:12:58.500Z,0.014898604713380337,0.10883580148220062,40237728,R1.3027.11698.0
2025-01-20T05:12:59.000Z,0.009593452326953411,0.10883580148220062,71567810,R1.2900.11955.0
2025-01-20T05:12:59.500Z,0.028532572090625763,0.10883580148220062,40237728,R1.3027.11698.0
2025-01-20T05:13:00.000Z,0.025082727894186974,0.10883580148220062,71325295,R1.2900.11955.0
2025-01-20T05:13:00.500Z,0.014159872196614742,0.10883580148220062,21212835,R1.2172.7737.0
2025-01-20T05:13:01.000Z,0.02012561447918415,0.10883580148220062,40220017,R1.3027.11698.0
2025-01-20T05:13:01.500Z,0.018680434674024582,0.10883580148220062,71567810,R1.2900.11955.0
2025-01-20T05:13:02.000Z,0.033388055860996246,0.10883580148220062,72359026,R1.2900.11955.0
2025-01-20T05:13:02.500Z,0.021589260548353195,0.10883580148220062,40220017,R1.3027.11698.0
2025-01-20T05:13:03.000Z,0.016176406294107437,0.10883580148220062,72359026,R1.2900.11955.0
2025-01-20T05:13:03.500Z,0.023294363170862198,0.10883580148220062,21204713,R1.0697.5199.0
2025-01-20T05:13:04.000Z,0.03002258576452732,0.10883580148220062,72359026,R1.2900.11955.0
2025-01-20T05:13:04.500Z,0.02685047686100006,0.10883580148220062,21212835,R1.2172.7737.0
2025-01-20T05:13:05.000Z,0.025036020204424858,0.10883580148220062,21212835,R1.2172.7737.0
2025-01-20T05:13:05.500Z,0.00048026529839262366,0.10883580148220062,72154411,R1.2900.11955.0
2025-01-20T05:13:06.000Z,0.024030912667512894,0.10883580148220062,71325295,R1.2900.11955.0
2025-01-20T05:13:06.500Z,0.018905846402049065,0.10883580148220062,40237728,R1.3027.11698.0
2025-01-20T05:13:07.000Z,0.030481522902846336,0.10883580148220062,21204713,R1.0697.5199.0
2025-01-20T05:13:07.500Z,0.01699792593717575,0.10883580148220062,71325295,R1.2900.11955.0
2025-01-20T05:13:08.000Z,0.013411357067525387,0.10883580148220062,72154411,R1.2900.11955.0
2025-01-20T05:13:08.500Z,0.02026338130235672,0.10883580148220062,71908906,R1.2900.11955.0
2025-01-20T05:13:09.000Z,0.01990506798028946,0.10883580148220062,40220017,R1.3027.11698.0
2025-01-20T05:13:09.500Z,0.021929094567894936,0.10883580148220062,51214531,R1.2900.11955.0
2025-01-20T05:13:10.000Z,0.002435806207358837,0.10883580148220062,71567810,R1.2900.11955.0
2025-01-20T05:13:10.500Z,0.01774367317557335,0.10883580148220062,72359026,R1.2900.11955.0
2025-01-20T05:13:11.000Z,0.0013786019990220666,0.10883580148220062,72359026,R1.2900.11955.0
2025-01-20T05:13:11.500Z,0.02569013461470604,0.10883580148220062,72359026,R1.2900.11955.0
2025-01-20T05:13:12.000Z,0.020937487483024597,0.10883580148220062,40237728,R1.3027.11698.0
2025-01-20T05:13:12.500Z,0.02976883016526699,0.10883580148220062,21212835,R1.2172.7737.0
2025-01-20T05:13:13.000Z,0.02821270003914833,0.10883580148220062,72154411,R1.2900.11955.0
2025-01-20T05:13:13.500Z,0.027995459735393524,0.10883580148220062,72154411,R1.2900.11955.0
2025-01-20T05:13:14.000Z,0.048570189625024796,0.10883580148220062,21204713,R1.0697.5199.0
2025-01-20T05:13:14.500Z,0.06163046509027481,0.10883580148220062,21212835,R1.2172.7737.0
2025-01-20T05:13:15.000Z,0.04411318153142929,0.10883580148220062,21212835,R1.2172.7737.0
2025-01-20T05:13:15.500Z,0.030063433572649956,0.10883580148220062,40237728,R1.3027.11698.0
2025-01-20T05:13:16.000Z,0.02440045401453972,0.10883580148220062,40237728,R1.3027.11698.0
2025-01-20T05:13:16.500Z,0.014517659321427345,0.10883580148220062,40237728,R1.3027.11698.0
2025-01-20T05:13:17.000Z,0.017175372689962387,0.10883580148220062,51214531,R1.2900.11955.0
2025-01-20T05:13:17.500Z,0.028973089531064034,0.10883580148220062,71908906,R1.2900.11955.0
2025-01-20T05:13:18.000Z,0.01939575932919979,0.10883580148220062,71325295,R1.2900.11955.0
2025-01-20T05:13:18.500Z,0.007858299650251865,0.10883580148220062,40237728,R1.3027.11698.0
2025-01-20T05:13:19.000Z,0.012025938369333744,0.10883580148220062,71567810,R1.2900.11955.0
2025-01-20T05:13:19.500Z,0.009524178691208363,0.10883580148220062,71325295,R1.2900.11955.0
2025-01-20T05:13:20.000Z,0.02805621363222599,0.10883580148220062,21204713,R1.0697.5199.0
2025-01-20T05:13:20.500Z,0.020778970792889595,0.10883580148220062,21204713,R1.0697.5199.0
2025-01-20T05:13:21.000Z,0.00791845191270113,0.10883580148220062,40220017,R1.3027.11698.0
2025-01-20T05:13:21.500Z,0.0070536029525101185,0.10883580148220062,71567810,R1.2900.11955.0
2025-01-20T05:13:22.000Z,0.029605412855744362,0.10883580148220062,21204713,R1.0697.5199.0
2025-01-20T05:13:22.500Z,0.012353605590760708,0.10883580148220062,71567810,R1.2900.11955.0
2025-01-20T05:13:23.000Z,0.026329895481467247,0.10883580148220062,71325295,R1.2900.11955.0
2025-01-20T05:13:23.500Z,0.014701656997203827,0.10883580148220062,72359026,R1.2900.11955.0
2025-01-20T05:13:24.000Z,0.029997602105140686,0.10883580148220062,71908906,R1.2900.11955.0
2025-01-20T05:13:24.500Z,0.014927836135029793,0.10883580148220062,21204713,R1.0697.5199.0
2025-01-20T05:13:25.000Z,0.026506997644901276,0.10883580148220062,71325295,R1.2900.11955.0
2025-01-20T05:13:25.500Z,0.019261546432971954,0.10883580148220062,51214531,R1.2900.11955.0
2025-01-20T05:13:26.000Z,0.025128323584794998,0.10883580148220062,71567810,R1.2900.11955.0
2025-01-20T05:13:26.500Z,0.0341140516102314,0.10883580148220062,21212835,R1.2172.7737.0
2025-01-20T05:13:27.000Z,0.03807162120938301,0.10883580148220062,72154411,R1.2900.11955.0
2025-01-20T05:13:27.500Z,0.015534773468971252,0.10883580148220062,40237728,R1.3027.11698.0
2025-01-20T05:13:28.000Z,0.01867993175983429,0.10883580148220062,72359026,R1.2900.11955.0
2025-01-20T05:13:28.500Z,0.028226213529706,0.10883580148220062,21212835,R1.2172.7737.0
2025-01-20T05:13:29.000Z,0.029989639297127724,0.10883580148220062,21204713,R1.0697.5199.0
2025-01-20T05:13:29.500Z,0.01897561177611351,0.10883580148220062,40237728,R1.3027.11698.0
2025-01-20T05:13:30.000Z,0.015825403854250908,0.10883580148220062,71325295,R1.2900.11955.0
2025-01-20T05:13:30.500Z,0.040288470685482025,0.10883580148220062,21204713,R1.0697.5199.0
2025-01-20T05:13:31.000Z,0.02504511922597885,0.10883580148220062,71567810,R1.2900.11955.0
2025-01-20T05:13:31.500Z,0.03104022517800331,0.10883580148220062,21212835,R1.2172.7737.0
2025-01-20T05:13:32.000Z,0.028776342049241066,0.10883580148220062,71325295,R1.2900.11955.0
2025-01-20T05:13:32.500Z,0.016472069546580315,0.10883580148220062,40237728,R1.3027.11698.0
2025-01-20T05:13:33.000Z,0.024104055017232895,0.10883580148220062,40237728,R1.3027.11698.0
2025-01-20T05:13:33.500Z,0.02998967096209526,0.10883580148220062,40237728,R1.3027.11698.0
2025-01-20T05:13:34.000Z,0.022413134574890137,0.10883580148220062,71567810,R1.2900.11955.0
2025-01-20T05:13:34.500Z,0.030414069071412086,0.10883580148220062,72154411,R1.2900.11955.0
2025-01-20T05:13:35.000Z,0.039121806621551514,0.10883580148220062,71325295,R1.2900.11955.0
2025-01-20T05:13:35.500Z,0.02421501837670803,0.10883580148220062,40237728,R1.3027.11698.0
2025-01-20T05:13:36.000Z,0.024555355310440063,0.10883580148220062,72359026,R1.2900.11955.0
2025-01-20T05:13:36.500Z,0.008878210559487343,0.10883580148220062,21212835,R1.2172.7737.0
2025-01-20T05:13:37.000Z,0.025816673412919044,0.10883580148220062,71567810,R1.2900.11955.0
2025-01-20T05:13:37.500Z,0.01554583478718996,0.10883580148220062,51214531,R1.2900.11955.0
2025-01-20T05:13:38.000Z,0.011259304359555244,0.10883580148220062,71567810,R1.2900.11955.0
2025-01-20T05:13:38.500Z,0.008186432532966137,0.10883580148220062,72154411,R1.2900.11955.0
2025-01-20T05:13:39.000Z,0.02684035338461399,0.10883580148220062,21204713,R1.0697.5199.0
2025-01-20T05:13:39.500Z,0.02832762524485588,0.10883580148220062,71908906,R1.2900.11955.0
2025-01-20T05:13:40.000Z,0.018022656440734863,0.10883580148220062,40220017,R1.3027.11698.0
2025-01-20T05:13:40.500Z,0.01081770472228527,0.10883580148220062,72359026,R1.2900.11955.0
2025-01-20T05:13:41.000Z,0.014504214748740196,0.10883580148220062,21212835,R1.2172.7737.0
2025-01-20T05:13:41.500Z,0.007507774978876114,0.10883580148220062,40237728,R1.3027.11698.0
2025-01-20T05:13:42.000Z,0.014398638159036636,0.10883580148220062,21204713,R1.0697.5199.0
2025-01-20T05:13:42.500Z,0.032018981873989105,0.10883580148220062,21212835,R1.2172.7737.0
2025-01-20T05:13:43.000Z,0.009753517806529999,0.10883580148220062,51214531,R1.2900.11955.0
2025-01-20T05:13:43.500Z,0.010446637868881226,0.10883580148220062,21212835,R1.2172.7737.0
2025-01-20T05:13:44.000Z,0.012975528836250305,0.10883580148220062,21204713,R1.0697.5199.0
2025-01-20T05:13:44.500Z,0.043350134044885635,0.10883580148220062,21212835,R1.2172.7737.0
2025-01-20T05:13:45.000Z,0.008965765126049519,0.10883580148220062,71908906,R1.2900.11955.0
2025-01-20T05:13:45.500Z,0.03108101338148117,0.10883580148220062,40220017,R1.3027.11698.0
2025-01-20T05:13:46.000Z,0.012607689015567303,0.10883580148220062,40237728,R1.3027.11698.0
2025-01-20T05:13:46.500Z,0.017873957753181458,0.10883580148220062,71567810,R1.2900.11955.0
2025-01-20T05:13:47.000Z,0.035125669091939926,0.10883580148220062,51214531,R1.2900.11955.0
2025-01-20T05:13:47.500Z,0.021472368389368057,0.10883580148220062,40237728,R1.3027.11698.0
2025-01-20T05:13:48.000Z,0.032110825181007385,0.10883580148220062,21204713,R1.0697.5199.0
2025-01-20T05:13:48.500Z,0.02587214671075344,0.10883580148220062,21212835,R1.2172.7737.0
2025-01-20T05:13:49.000Z,0.014399797655642033,0.10883580148220062,40237728,R1.3027.11698.0
2025-01-20T05:13:49.500Z,0.026767201721668243,0.10883580148220062,72154411,R1.2900.11955.0
2025-01-20T05:13:50.000Z,0.016856854781508446,0.10883580148220062,40237728,R1.3027.11698.0
2025-01-20T05:13:50.500Z,0.00984827522188425,0.10883580148220062,40220017,R1.3027.11698.0
2025-01-20T05:13:51.000Z,0.011512232013046741,0.10883580148220062,71567810,R1.2900.11955.0
2025-01-20T05:13:51.500Z,0.013559804297983646,0.10883580148220062,71567810,R1.2900.11955.0
2025-01-20T05:13:52.000Z,0.015758397057652473,0.10883580148220062,72359026,R1.2900.11955.0
2025-01-20T05:13:52.500Z,0.0219124685972929,0.10883580148220062,21212835,R1.2172.7737.0
2025-01-20T05:13:53.000Z,0.014130888506770134,0.10883580148220062,21204713,R1.0697.5199.0
2025-01-20T05:13:53.500Z,0.025492621585726738,0.10883580148220062,21212835,R1.2172.7737.0
2025-01-20T05:13:54.000Z,0.02932576648890972,0.10883580148220062,71325295,R1.2900.11955.0
2025-01-20T05:13:54.500Z,0.009556939825415611,0.10883580148220062,51214531,R1.2900.11955.0
2025-01-20T05:13:55.000Z,0.025396212935447693,0.10883580148220062,40237728,R1.3027.11698.0
2025-01-20T05:13:55.500Z,0.02546568214893341,0.10883580148220062,21212835,R1.2172.7737.0
2025-01-20T05:13:56.000Z,0.021456940099596977,0.10883580148220062,71908906,R1.2900.11955.0
2025-01-20T05:13:56.500Z,0.023300305008888245,0.10883580148220062,72154411,R1.2900.11955.0
2025-01-20T05:13:57.000Z,0.02059158869087696,0.10883580148220062,40237728,R1.3027.11698.0
2025-01-20T05:13:57.500Z,0.021027546375989914,0.10883580148220062,21212835,R1.2172.7737.0
2025-01-20T05:13:58.000Z,0.020077398046851158,0.10883580148220062,40220017,R1.3027.11698.0
2025-01-20T05:13:58.500Z,0.01290342677384615,0.10883580148220062,51214531,R1.2900.11955.0
2025-01-20T05:13:59.000Z,0.017142759636044502,0.10883580148220062,71908906,R1.2900.11955.0
2025-01-20T05:13:59.500Z,0.016811208799481392,0.10883580148220062,40237728,R1.3027.11698.0
2025-01-20T05:14:00.000Z,0.025951137766242027,0.10883580148220062,72359026,R1.2900.11955.0
2025-01-20T05:14:00.500Z,0.03343399986624718,0.10883580148220062,21212835,R1.2172.7737.0
2025-01-20T05:14:01.000Z,0.021555349230766296,0.10883580148220062,72359026,R1.2900.11955.0
2025-01-20T05:14:01.500Z,0.0069412486627697945,0.10883580148220062,72359026,R1.2900.11955.0
2025-01-20T05:14:02.000Z,0.02806752547621727,0.10883580148220062,71908906,R1.2900.11955.0
2025-01-20T05:14:02.500Z,0.0362524539232254,0.10883580148220062,40237728,R1.3027.11698.0
2025-01-20T05:14:03.000Z,0.024409228935837746,0.10883580148220062,40220017,R1.3027.11698.0
2025-01-20T05:14:03.500Z,0.018822917714715004,0.10883580148220062,72154411,R1.2900.11955.0
2025-01-20T05:14:04.000Z,0.006697475910186768,0.10883580148220062,40237728,R1.3027.11698.0
2025-01-20T05:14:04.500Z,0.02232501469552517,0.10883580148220062,72154411,R1.2900.11955.0
2025-01-20T05:14:05.000Z,0.0381850004196167,0.10883580148220062,21212835,R1.2172.7737.0
2025-01-20T05:14:05.500Z,0.014651982113718987,0.10883580148220062,21204713,R1.0697.5199.0
2025-01-20T05:14:06.000Z,0.02800186164677143,0.10883580148220062,71908906,R1.2900.11955.0
2025-01-20T05:14:06.500Z,0.03098556585609913,0.10883580148220062,21212835,R1.2172.7737.0
2025-01-20T05:14:07.000Z,0.025173701345920563,0.10883580148220062,21212835,R1.2172.7737.0
2025-01-20T05:14:07.500Z,0.02888101153075695,0.10883580148220062,71567810,R1.2900.11955.0
2025-01-20T05:14:08.000Z,0.03283453732728958,0.10883580148220062,40237728,R1.3027.11698.0
2025-01-20T05:14:08.500Z,0.01611722819507122,0.10883580148220062,40220017,R1.3027.11698.0
2025-01-20T05:14:09.000Z,0.061565857380628586,0.10883580148220062,21212835,R1.2172.7737.0
2025-01-20T05:14:09.500Z,0.052614085376262665,0.10883580148220062,51214531,R1.2900.11955.0
2025-01-20T05:14:10.000Z,0.007138972170650959,0.10883580148220062,72154411,R1.2900.11955.0
2025-01-20T05:14:10.500Z,0.028513489291071892,0.10883580148220062,21204713,R1.0697.5199.0
2025-01-20T05:14:11.000Z,0.061282698065042496,0.10883580148220062,21204713,R1.0697.5199.0
2025-01-20T05:14:11.500Z,0.03326660767197609,0.10883580148220062,72154411,R1.2900.11955.0
2025-01-20T05:14:12.000Z,0.018445022404193878,0.10883580148220062,21204713,R1.0697.5199.0
2025-01-20T05:14:12.500Z,0.026648975908756256,0.10883580148220062,71567810,R1.2900.11955.0
2025-01-20T05:14:13.000Z,0.021585512906312943,0.10883580148220062,72359026,R1.2900.11955.0
2025-01-20T05:14:13.500Z,0.027126556262373924,0.10883580148220062,72359026,R1.2900.11955.0
2025-01-20T05:14:14.000Z,0.03137660026550293,0.10883580148220062,21204713,R1.0697.5199.0
2025-01-20T05:14:14.500Z,0.03284985199570656,0.10883580148220062,72154411,R1.2900.11955.0
2025-01-20T05:14:15.000Z,0.015355216339230537,0.10883580148220062,21204713,R1.0697.5199.0
2025-01-20T05:14:15.500Z,0.034729015082120895,0.10883580148220062,21204713,R1.0697.5199.0
2025-01-20T05:14:16.000Z,0.037098973989486694,0.10883580148220062,21212835,R1.2172.7737.0
2025-01-20T05:14:16.500Z,0.04189283773303032,0.10883580148220062,72359026,R1.2900.11955.0
2025-01-20T05:14:17.000Z,0.011844494380056858,0.10883580148220062,40237728,R1.3027.11698.0
2025-01-20T05:14:17.500Z,0.013373119756579399,0.10883580148220062,51214531,R1.2900.11955.0
2025-01-20T05:14:18.000Z,0.04858819395303726,0.10883580148220062,72359026,R1.2900.11955.0
2025-01-20T05:14:18.500Z,0.027335060760378838,0.10883580148220062,71325295,R1.2900.11955.0
2025-01-20T05:14:19.000Z,0.02415936253964901,0.10883580148220062,21212835,R1.2172.7737.0
2025-01-20T05:14:19.500Z,0.049068745225667953,0.10883580148220062,21212835,R1.2172.7737.0
2025-01-20T05:14:20.000Z,0.005743551533669233,0.10883580148220062,51214531,R1.2900.11955.0
2025-01-20T05:14:20.500Z,0.026891477406024933,0.10883580148220062,21212835,R1.2172.7737.0
2025-01-20T05:14:21.000Z,0.021867627277970314,0.10883580148220062,72154411,R1.2900.11955.0
2025-01-20T05:14:21.500Z,0.041977543383836746,0.10883580148220062,40237728,R1.3027.11698.0
2025-01-20T05:14:22.000Z,0.024586522951722145,0.10883580148220062,21204713,R1.0697.5199.0
2025-01-20T05:14:22.500Z,0.028760893270373344,0.10883580148220062,72359026,R1.2900.11955.0
2025-01-20T05:14:23.000Z,0.022737378254532814,0.10883580148220062,71325295,R1.2900.11955.0
2025-01-20T05:14:23.500Z,0.020038124173879623,0.10883580148220062,51214531,R1.2900.11955.0
2025-01-20T05:14:24.000Z,0.013318068347871304,0.10883580148220062,40237728,R1.3027.11698.0
2025-01-20T05:14:24.500Z,0.0533658005297184,0.10883580148220062,21204713,R1.0697.5199.0
2025-01-20T05:14:25.000Z,0.0408584326505661,0.10883580148220062,71567810,R1.2900.11955.0
2025-01-20T05:14:25.500Z,0.032598014920949936,0.10883580148220062,72154411,R1.2900.11955.0
2025-01-20T05:14:26.000Z,0.044043295085430145,0.10883580148220062,51214531,R1.2900.11955.0
2025-01-20T05:14:26.500Z,0.018321488052606583,0.10883580148220062,71325295,R1.2900.11955.0
2025-01-20T05:14:27.000Z,0.020921815186738968,0.10883580148220062,40237728,R1.3027.11698.0
2025-01-20T05:14:27.500Z,0.04061627760529518,0.10883580148220062,21212835,R1.2172.7737.0
2025-01-20T05:14:28.000Z,0.017930498346686363,0.10883580148220062,72359026,R1.2900.11955.0
2025-01-20T05:14:28.500Z,0.04261277616024017,0.10883580148220062,72154411,R1.2900.11955.0
2025-01-20T05:14:29.000Z,0.02368035912513733,0.10883580148220062,51214531,R1.2900.11955.0
2025-01-20T05:14:29.500Z,0.03063766099512577,0.10883580148220062,71908906,R1.2900.11955.0
2025-01-20T05:14:30.000Z,0.04093051701784134,0.10883580148220062,71567810,R1.2900.11955.0
2025-01-20T05:14:30.500Z,0.026660699397325516,0.10883580148220062,51214531,R1.2900.11955.0
2025-01-20T05:14:31.000Z,0.03177281841635704,0.10883580148220062,51214531,R1.2900.11955.0
2025-01-20T05:14:31.500Z,0.005762808490544558,0.10883580148220062,21212835,R1.2172.7737.0
2025-01-20T05:14:32.000Z,0.03508812561631203,0.10883580148220062,71908906,R1.2900.11955.0
2025-01-20T05:14:32.500Z,0.06016457825899124,0.10883580148220062,21212835,R1.2172.7737.0
2025-01-20T05:14:33.000Z,0.02976684831082821,0.10883580148220062,71567810,R1.2900.11955.0
2025-01-20T05:14:33.500Z,0.023402076214551926,0.10883580148220062,21204713,R1.0697.5199.0
2025-01-20T05:14:34.000Z,0.027721308171749115,0.10883580148220062,40220017,R1.3027.11698.0
2025-01-20T05:14:34.500Z,0.029239829629659653,0.10883580148220062,72154411,R1.2900.11955.0
2025-01-20T05:14:35.000Z,0.05163520574569702,0.10883580148220062,21212835,R1.2172.7737.0
2025-01-20T05:14:35.500Z,0.050556015223264694,0.10883580148220062,51214531,R1.2900.11955.0
2025-01-20T05:14:36.000Z,0.019005553796887398,0.10883580148220062,72359026,R1.2900.11955.0
2025-01-20T05:14:36.500Z,0.00953429564833641,0.10883580148220062,71325295,R1.2900.11955.0
2025-01-20T05:14:37.000Z,0.04952550679445267,0.10883580148220062,21204713,R1.0697.5199.0
2025-01-20T05:14:37.500Z,0.021544046700000763,0.10883580148220062,71567810,R1.2900.11955.0
2025-01-20T05:14:38.000Z,0.02017730288207531,0.10883580148220062,71325295,R1.2900.11955.0
2025-01-20T05:14:38.500Z,0.03568312153220177,0.10883580148220062,21204713,R1.0697.5199.0
2025-01-20T05:14:39.000Z,0.03021930903196335,0.10883580148220062,40237728,R1.3027.11698.0
2025-01-20T05:14:39.500Z,0.026246434077620506,0.10883580148220062,40237728,R1.3027.11698.0
2025-01-20T05:14:40.000Z,0.035224393010139465,0.10883580148220062,71325295,R1.2900.11955.0
2025-01-20T05:14:40.500Z,0.029952432960271835,0.10883580148220062,71908906,R1.2900.11955.0
2025-01-20T05:14:41.000Z,0.015803245827555656,0.10883580148220062,72154411,R1.2900.11955.0
2025-01-20T05:14:41.500Z,0.013203231617808342,0.10883580148220062,40237728,R1.3027.11698.0
2025-01-20T05:14:42.000Z,0.02242465317249298,0.10883580148220062,40237728,R1.3027.11698.0
2025-01-20T05:14:42.500Z,0.012392645701766014,0.10883580148220062,71567810,R1.2900.11955.0
2025-01-20T05:14:43.000Z,0.005171359516680241,0.10883580148220062,21212835,R1.2172.7737.0
2025-01-20T05:14:43.500Z,0.008417938835918903,0.10883580148220062,72359026,R1.2900.11955.0
2025-01-20T05:14:44.000Z,0.01283201016485691,0.10883580148220062,21204713,R1.0697.5199.0
2025-01-20T05:14:44.500Z,0.01791384071111679,0.10883580148220062,72359026,R1.2900.11955.0
2025-01-20T05:14:45.000Z,0.008750149980187416,0.10883580148220062,72154411,R1.2900.11955.0
2025-01-20T05:14:45.500Z,0.014913271181285381,0.10883580148220062,21212835,R1.2172.7737.0
2025-01-20T05:14:46.000Z,0.005645740311592817,0.10883580148220062,40237728,R1.3027.11698.0
2025-01-20T05:14:46.500Z,0.02387653850018978,0.10883580148220062,21204713,R1.0697.5199.0
2025-01-20T05:14:47.000Z,0.03505002334713936,0.10883580148220062,21212835,R1.2172.7737.0
2025-01-20T05:14:47.500Z,0.038641564548015594,0.10883580148220062,72359026,R1.2900.11955.0
2025-01-20T05:14:48.000Z,0.053645964711904526,0.10883580148220062,40237728,R1.3027.11698.0
2025-01-20T05:14:48.500Z,0.08012298494577408,0.10883580148220062,21212835,R1.2172.7737.0
2025-01-20T05:14:49.000Z,0.03618309646844864,0.10883580148220062,71908906,R1.2900.11955.0
2025-01-20T05:14:49.500Z,0.036790598183870316,0.10883580148220062,72359026,R1.2900.11955.0
2025-01-20T05:14:50.000Z,0.0277914609760046,0.10883580148220062,40220017,R1.3027.11698.0
2025-01-20T05:14:50.500Z,0.020867303013801575,0.10883580148220062,71908906,R1.2900.11955.0
2025-01-20T05:14:51.000Z,0.019511239603161812,0.10883580148220062,71567810,R1.2900.11955.0
2025-01-20T05:14:51.500Z,0.02122214436531067,0.10883580148220062,40220017,R1.3027.11698.0
2025-01-20T05:14:52.000Z,0.02479363977909088,0.10883580148220062,40237728,R1.3027.11698.0
2025-01-20T05:14:52.500Z,0.012858495116233826,0.10883580148220062,40237728,R1.3027.11698.0
2025-01-20T05:14:53.000Z,0.006552531849592924,0.10883580148220062,71325295,R1.2900.11955.0
2025-01-20T05:14:53.500Z,0.015605812892317772,0.10883580148220062,40220017,R1.3027.11698.0
2025-01-20T05:14:54.000Z,0.016751764342188835,0.10883580148220062,71567810,R1.2900.11955.0
2025-01-20T05:14:54.500Z,0.0520145520567894,0.10883580148220062,72154411,R1.2900.11955.0
2025-01-20T05:14:55.000Z,0.024991728365421295,0.10883580148220062,51214531,R1.2900.11955.0
2025-01-20T05:14:55.500Z,0.018702978268265724,0.10883580148220062,21204713,R1.0697.5199.0
2025-01-20T05:14:56.000Z,0.03628208860754967,0.10883580148220062,40220017,R1.3027.11698.0
2025-01-20T05:14:56.500Z,0.01439641136676073,0.10883580148220062,72154411,R1.2900.11955.0
2025-01-20T05:14:57.000Z,0.03402819111943245,0.10883580148220062,40237728,R1.3027.11698.0
2025-01-20T05:14:57.500Z,0.014320672489702702,0.10883580148220062,72359026,R1.2900.11955.0
2025-01-20T05:14:58.000Z,0.022398468106985092,0.10883580148220062,40220017,R1.3027.11698.0
2025-01-20T05:14:58.500Z,0.02021883800625801,0.10883580148220062,72154411,R1.2900.11955.0
2025-01-20T05:14:59.000Z,0.04128191992640495,0.10883580148220062,21212835,R1.2172.7737.0
2025-01-20T05:14:59.500Z,0.052672602236270905,0.10883580148220062,21212835,R1.2172.7737.0
2025-01-20T05:15:00.000Z,0.018688270822167397,0.10883580148220062,71567810,R1.2900.11955.0
2025-01-20T05:15:00.500Z,0.012178640812635422,0.10883580148220062,40220017,R1.3027.11698.0
2025-01-20T05:15:01.000Z,0.03279084339737892,0.10883580148220062,21204713,R1.0697.5199.0
2025-01-20T05:15:01.500Z,0.00327787222340703,0.10883580148220062,72154411,R1.2900.11955.0
2025-01-20T05:15:02.000Z,0.02804739773273468,0.10883580148220062,21212835,R1.2172.7737.0
2025-01-20T05:15:02.500Z,0.01463517639786005,0.10883580148220062,40237728,R1.3027.11698.0
2025-01-20T05:15:03.000Z,0.021305052563548088,0.10883580148220062,51214531,R1.2900.11955.0
2025-01-20T05:15:03.500Z,0.020294949412345886,0.10883580148220062,71908906,R1.2900.11955.0
2025-01-20T05:15:04.000Z,0.01816323585808277,0.10883580148220062,71567810,R1.2900.11955.0
2025-01-20T05:15:04.500Z,0.037400104105472565,0.10883580148220062,21212835,R1.2172.7737.0
2025-01-20T05:15:05.000Z,0.01875442825257778,0.10883580148220062,71325295,R1.2900.11955.0
2025-01-20T05:15:05.500Z,-0.006903588771820068,0.10883580148220062,40237728,R1.3027.11698.0
2025-01-20T05:15:06.000Z,0.02726474218070507,0.10883580148220062,21212835,R1.2172.7737.0
2025-01-20T05:15:06.500Z,0.03598858788609505,0.10883580148220062,21212835,R1.2172.7737.0
2025-01-20T05:15:07.000Z,0.019809484481811523,0.10883580148220062,71325295,R1.2900.11955.0
2025-01-20T05:15:07.500Z,0.023363636806607246,0.10883580148220062,72154411,R1.2900.11955.0
2025-01-20T05:15:08.000Z,0.04299844801425934,0.10883580148220062,72154411,R1.2900.11955.0
2025-01-20T05:15:08.500Z,0.025731736794114113,0.10883580148220062,21212835,R1.2172.7737.0
2025-01-20T05:15:09.000Z,0.02745228074491024,0.10883580148220062,21204713,R1.0697.5199.0
2025-01-20T05:15:09.500Z,0.03982545807957649,0.10883580148220062,71325295,R1.2900.11955.0
2025-01-20T05:15:10.000Z,0.05498432740569115,0.10883580148220062,21212835,R1.2172.7737.0
2025-01-20T05:15:10.500Z,0.0048444089479744434,0.10883580148220062,71325295,R1.2900.11955.0
2025-01-20T05:15:11.000Z,0.030709924176335335,0.10883580148220062,21204713,R1.0697.5199.0
2025-01-20T05:15:11.500Z,0.0425681434571743,0.10883580148220062,40237728,R1.3027.11698.0
2025-01-20T05:15:12.000Z,0.021468520164489746,0.10883580148220062,40220017,R1.3027.11698.0
2025-01-20T05:15:12.500Z,0.02687092125415802,0.10883580148220062,21212835,R1.2172.7737.0
2025-01-20T05:15:13.000Z,0.01878129318356514,0.10883580148220062,72154411,R1.2900.11955.0
2025-01-20T05:15:13.500Z,0.02823064848780632,0.10883580148220062,71908906,R1.2900.11955.0
2025-01-20T05:15:14.000Z,0.01928071491420269,0.10883580148220062,71325295,R1.2900.11955.0
2025-01-20T05:15:14.500Z,0.008011954836547375,0.10883580148220062,72359026,R1.2900.11955.0
2025-01-20T05:15:15.000Z,0.049182262271642685,0.10883580148220062,21212835,R1.2172.7737.0
2025-01-20T05:15:15.500Z,0.011662742123007774,0.10883580148220062,21204713,R1.0697.5199.0
2025-01-20T05:15:16.000Z,0.0536656454205513,0.10883580148220062,21212835,R1.2172.7737.0
2025-01-20T05:15:16.500Z,0.03176878020167351,0.10883580148220062,21212835,R1.2172.7737.0
2025-01-20T05:15:17.000Z,0.031433723866939545,0.10883580148220062,51214531,R1.2900.11955.0
2025-01-20T05:15:17.500Z,0.026394782587885857,0.10883580148220062,71325295,R1.2900.11955.0
2025-01-20T05:15:18.000Z,0.04450586438179016,0.10883580148220062,21204713,R1.0697.5199.0
2025-01-20T05:15:18.500Z,0.0352020338177681,0.10883580148220062,21204713,R1.0697.5199.0
2025-01-20T05:15:19.000Z,0.011462691240012646,0.10883580148220062,21212835,R1.2172.7737.0
2025-01-20T05:15:19.500Z,0.03302234038710594,0.10883580148220062,40220017,R1.3027.11698.0
2025-01-20T05:15:20.000Z,0.04648985341191292,0.10883580148220062,21212835,R1.2172.7737.0
2025-01-20T05:15:20.500Z,0.015854626893997192,0.10883580148220062,72154411,R1.2900.11955.0
2025-01-20T05:15:21.000Z,0.023032644763588905,0.10883580148220062,71567810,R1.2900.11955.0
2025-01-20T05:15:21.500Z,0.02175193466246128,0.10883580148220062,72154411,R1.2900.11955.0
2025-01-20T05:15:22.000Z,0.027115946635603905,0.10883580148220062,72359026,R1.2900.11955.0
2025-01-20T05:15:22.500Z,0.03121974878013134,0.10883580148220062,72154411,R1.2900.11955.0
2025-01-20T05:15:23.000Z,0.03218498080968857,0.10883580148220062,21212835,R1.2172.7737.0
2025-01-20T05:15:23.500Z,0.024064376950263977,0.10883580148220062,21212835,R1.2172.7737.0
2025-01-20T05:15:24.000Z,0.03317771479487419,0.10883580148220062,21204713,R1.0697.5199.0
2025-01-20T05:15:24.500Z,0.024521563202142715,0.10883580148220062,21204713,R1.0697.5199.0
2025-01-20T05:15:25.000Z,0.016482142731547356,0.10883580148220062,72359026,R1.2900.11955.0
2025-01-20T05:15:25.500Z,0.02296058088541031,0.10883580148220062,21204713,R1.0697.5199.0
2025-01-20T05:15:26.000Z,0.01438896730542183,0.10883580148220062,71908906,R1.2900.11955.0
2025-01-20T05:15:26.500Z,0.018232012167572975,0.10883580148220062,72359026,R1.2900.11955.0
2025-01-20T05:15:27.000Z,0.02799149416387081,0.10883580148220062,21212835,R1.2172.7737.0
2025-01-20T05:15:27.500Z,0.02993731014430523,0.10883580148220062,72154411,R1.2900.11955.0
2025-01-20T05:15:28.000Z,0.004629035945981741,0.10883580148220062,51214531,R1.2900.11955.0
2025-01-20T05:15:28.500Z,0.016455167904496193,0.10883580148220062,51214531,R1.2900.11955.0
2025-01-20T05:15:29.000Z,0.026495086029171944,0.10883580148220062,51214531,R1.2900.11955.0
2025-01-20T05:15:29.500Z,0.00848816055804491,0.10883580148220062,71325295,R1.2900.11955.0
2025-01-20T05:15:30.000Z,0.009775170125067234,0.10883580148220062,21204713,R1.0697.5199.0
2025-01-20T05:15:30.500Z,0.010519272647798061,0.10883580148220062,72359026,R1.2900.11955.0
2025-01-20T05:15:31.000Z,-0.0003753916535060853,0.10883580148220062,40237728,R1.3027.11698.0
2025-01-20T05:15:31.500Z,0.024383973330259323,0.10883580148220062,71908906,R1.2900.11955.0
2025-01-20T05:15:32.000Z,0.014495128765702248,0.10883580148220062,71908906,R1.2900.11955.0
2025-01-20T05:15:32.500Z,0.034673240035772324,0.10883580148220062,71908906,R1.2900.11955.0
2025-01-20T05:15:33.000Z,0.03055412508547306,0.10883580148220062,21204713,R1.0697.5199.0
2025-01-20T05:15:33.500Z,0.011609910987317562,0.10883580148220062,40237728,R1.3027.11698.0
2025-01-20T05:15:34.000Z,0.033847738057374954,0.10883580148220062,40237728,R1.3027.11698.0
2025-01-20T05:15:34.500Z,0.03360985592007637,0.10883580148220062,40220017,R1.3027.11698.0
2025-01-20T05:15:35.000Z,0.03905577212572098,0.10883580148220062,51214531,R1.2900.11955.0
2025-01-20T05:15:35.500Z,0.030028026551008224,0.10883580148220062,40220017,R1.3027.11698.0
2025-01-20T05:15:36.000Z,0.02587326616048813,0.10883580148220062,51214531,R1.2900.11955.0
2025-01-20T05:15:36.500Z,0.02229994535446167,0.10883580148220062,21212835,R1.2172.7737.0
2025-01-20T05:15:37.000Z,0.03807150572538376,0.10883580148220062,40237728,R1.3027.11698.0
2025-01-20T05:15:37.500Z,0.024414729326963425,0.10883580148220062,72154411,R1.2900.11955.0
2025-01-20T05:15:38.000Z,0.01651662029325962,0.10883580148220062,72154411,R1.2900.11955.0
2025-01-20T05:15:38.500Z,0.01697852835059166,0.10883580148220062,51214531,R1.2900.11955.0
2025-01-20T05:15:39.000Z,0.026367416605353355,0.10883580148220062,21204713,R1.0697.5199.0
2025-01-20T05:15:39.500Z,0.02398538589477539,0.10883580148220062,72154411,R1.2900.11955.0
2025-01-20T05:15:40.000Z,0.02112037129700184,0.10883580148220062,71567810,R1.2900.11955.0
2025-01-20T05:15:40.500Z,0.01889844797551632,0.10883580148220062,51214531,R1.2900.11955.0
2025-01-20T05:15:41.000Z,0.03911363333463669,0.10883580148220062,21204713,R1.0697.5199.0
2025-01-20T05:15:41.500Z,0.01552580762654543,0.10883580148220062,40237728,R1.3027.11698.0
2025-01-20T05:15:42.000Z,0.016231046989560127,0.10883580148220062,21204713,R1.0697.5199.0
2025-01-20T05:15:42.500Z,0.021321821957826614,0.10883580148220062,21204713,R1.0697.5199.0
2025-01-20T05:15:43.000Z,0.022468969225883484,0.10883580148220062,21212835,R1.2172.7737.0
2025-01-20T05:15:43.500Z,0.01747749373316765,0.10883580148220062,72359026,R1.2900.11955.0
2025-01-20T05:15:44.000Z,0.03081301972270012,0.10883580148220062,71567810,R1.2900.11955.0
2025-01-20T05:15:44.500Z,0.04067282751202583,0.10883580148220062,72154411,R1.2900.11955.0
2025-01-20T05:15:45.000Z,0.024977611377835274,0.10883580148220062,40220017,R1.3027.11698.0
2025-01-20T05:15:45.500Z,0.02280816249549389,0.10883580148220062,40237728,R1.3027.11698.0
2025-01-20T05:15:46.000Z,0.016259320080280304,0.10883580148220062,21212835,R1.2172.7737.0
2025-01-20T05:15:46.500Z,0.003117678686976433,0.10883580148220062,21204713,R1.0697.5199.0
2025-01-20T05:15:47.000Z,0.015970468521118164,0.10883580148220062,21212835,R1.2172.7737.0
2025-01-20T05:15:47.500Z,0.024431930854916573,0.10883580148220062,72154411,R1.2900.11955.0
2025-01-20T05:15:48.000Z,0.01667354255914688,0.10883580148220062,51214531,R1.2900.11955.0
2025-01-20T05:15:48.500Z,0.011565929278731346,0.10883580148220062,40237728,R1.3027.11698.0
2025-01-20T05:15:49.000Z,0.02162693440914154,0.10883580148220062,21204713,R1.0697.5199.0
2025-01-20T05:15:49.500Z,0.015500429086387157,0.10883580148220062,21204713,R1.0697.5199.0
2025-01-20T05:15:50.000Z,0.00929652713239193,0.10883580148220062,71325295,R1.2900.11955.0
2025-01-20T05:15:50.500Z,0.01563512347638607,0.10883580148220062,21212835,R1.2172.7737.0
2025-01-20T05:15:51.000Z,0.018150700256228447,0.10883580148220062,40237728,R1.3027.11698.0
2025-01-20T05:15:51.500Z,0.009056943468749523,0.10883580148220062,72154411,R1.2900.11955.0
2025-01-20T05:15:52.000Z,0.01547594927251339,0.10883580148220062,40237728,R1.3027.11698.0
2025-01-20T05:15:52.500Z,0.024395138025283813,0.10883580148220062,72154411,R1.2900.11955.0
2025-01-20T05:15:53.000Z,0.038732532411813736,0.10883580148220062,21212835,R1.2172.7737.0
2025-01-20T05:15:53.500Z,0.0393473319709301,0.10883580148220062,21212835,R1.2172.7737.0
2025-01-20T05:15:54.000Z,0.016602791845798492,0.10883580148220062,71908906,R1.2900.11955.0
2025-01-20T05:15:54.500Z,0.01632099226117134,0.10883580148220062,40220017,R1.3027.11698.0
2025-01-20T05:15:55.000Z,0.02474149316549301,0.10883580148220062,21212835,R1.2172.7737.0
2025-01-20T05:15:55.500Z,0.02103888802230358,0.10883580148220062,72359026,R1.2900.11955.0
2025-01-20T05:15:56.000Z,0.03705563768744469,0.10883580148220062,72359026,R1.2900.11955.0
2025-01-20T05:15:56.500Z,0.02940797246992588,0.10883580148220062,21204713,R1.0697.5199.0
2025-01-20T05:15:57.000Z,0.028739893808960915,0.10883580148220062,51214531,R1.2900.11955.0
2025-01-20T05:15:57.500Z,0.012069456279277802,0.10883580148220062,40237728,R1.3027.11698.0
2025-01-20T05:15:58.000Z,0.04368579015135765,0.10883580148220062,21204713,R1.0697.5199.0
2025-01-20T05:15:58.500Z,0.013684067875146866,0.10883580148220062,72154411,R1.2900.11955.0
2025-01-20T05:15:59.000Z,0.019686436280608177,0.10883580148220062,72154411,R1.2900.11955.0
2025-01-20T05:15:59.500Z,0.01768634095788002,0.10883580148220062,51214531,R1.2900.11955.0
2025-01-20T05:16:00.000Z,0.012172423303127289,0.10883580148220062,72359026,R1.2900.11955.0
2025-01-20T05:16:00.500Z,0.021198442205786705,0.10883580148220062,40237728,R1.3027.11698.0
2025-01-20T05:16:01.000Z,0.01400774996727705,0.10883580148220062,40220017,R1.3027.11698.0
2025-01-20T05:16:01.500Z,0.026207471266388893,0.10883580148220062,21204713,R1.0697.5199.0
2025-01-20T05:16:02.000Z,0.022860156372189522,0.10883580148220062,71325295,R1.2900.11955.0
2025-01-20T05:16:02.500Z,0.015923459082841873,0.10883580148220062,21212835,R1.2172.7737.0
2025-01-20T05:16:03.000Z,0.029936160892248154,0.10883580148220062,71908906,R1.2900.11955.0
2025-01-20T05:16:03.500Z,0.022933589294552803,0.10883580148220062,21212835,R1.2172.7737.0
2025-01-20T05:16:04.000Z,0.01688046008348465,0.10883580148220062,21212835,R1.2172.7737.0
2025-01-20T05:16:04.500Z,0.008790397085249424,0.10883580148220062,21204713,R1.0697.5199.0
2025-01-20T05:16:05.000Z,0.03334246203303337,0.10883580148220062,71567810,R1.2900.11955.0
2025-01-20T05:16:05.500Z,0.019588490948081017,0.10883580148220062,71567810,R1.2900.11955.0
2025-01-20T05:16:06.000Z,0.016746029257774353,0.10883580148220062,71567810,R1.2900.11955.0
2025-01-20T05:16:06.500Z,0.018248623237013817,0.10883580148220062,21212835,R1.2172.7737.0
2025-01-20T05:16:07.000Z,0.01256540510803461,0.10883580148220062,71325295,R1.2900.11955.0
2025-01-20T05:16:07.500Z,0.03220237046480179,0.10883580148220062,21204713,R1.0697.5199.0
2025-01-20T05:16:08.000Z,0.0207624901086092,0.10883580148220062,71567810,R1.2900.11955.0
2025-01-20T05:16:08.500Z,0.009091610088944435,0.10883580148220062,40237728,R1.3027.11698.0
2025-01-20T05:16:09.000Z,0.034506671130657196,0.10883580148220062,71567810,R1.2900.11955.0
2025-01-20T05:16:09.500Z,0.02064266800880432,0.10883580148220062,71325295,R1.2900.11955.0
2025-01-20T05:16:10.000Z,0.020185722038149834,0.10883580148220062,21204713,R1.0697.5199.0
2025-01-20T05:16:10.500Z,0.030582567676901817,0.10883580148220062,21204713,R1.0697.5199.0
2025-01-20T05:16:11.000Z,0.012927497737109661,0.10883580148220062,71567810,R1.2900.11955.0
2025-01-20T05:16:11.500Z,0.020156387239694595,0.10883580148220062,51214531,R1.2900.11955.0
2025-01-20T05:16:12.000Z,0.027030346915125847,0.10883580148220062,71567810,R1.2900.11955.0
2025-01-20T05:16:12.500Z,0.02189192920923233,0.10883580148220062,72359026,R1.2900.11955.0
2025-01-20T05:16:13.000Z,0.038834910839796066,0.10883580148220062,71567810,R1.2900.11955.0
2025-01-20T05:16:13.500Z,0.01535811647772789,0.10883580148220062,40220017,R1.3027.11698.0
2025-01-20T05:16:14.000Z,0.02891005575656891,0.10883580148220062,72154411,R1.2900.11955.0
2025-01-20T05:16:14.500Z,0.02954842336475849,0.10883580148220062,21212835,R1.2172.7737.0
2025-01-20T05:16:15.000Z,0.0064522032625973225,0.10883580148220062,51214531,R1.2900.11955.0
2025-01-20T05:16:15.500Z,0.03146108239889145,0.10883580148220062,72154411,R1.2900.11955.0
2025-01-20T05:16:16.000Z,0.036703113466501236,0.10883580148220062,71908906,R1.2900.11955.0
2025-01-20T05:16:16.500Z,0.021391727030277252,0.10883580148220062,72359026,R1.2900.11955.0
2025-01-20T05:16:17.000Z,0.03801339119672775,0.10883580148220062,71567810,R1.2900.11955.0
2025-01-20T05:16:17.500Z,0.027364064007997513,0.10883580148220062,21204713,R1.0697.5199.0
2025-01-20T05:16:18.000Z,0.01732555404305458,0.10883580148220062,40220017,R1.3027.11698.0
2025-01-20T05:16:18.500Z,0.016580870375037193,0.10883580148220062,40220017,R1.3027.11698.0
2025-01-20T05:16:19.000Z,0.022845981642603874,0.10883580148220062,71567810,R1.2900.11955.0
2025-01-20T05:16:19.500Z,0.01420951820909977,0.10883580148220062,71908906,R1.2900.11955.0
2025-01-20T05:16:20.000Z,0.028863683342933655,0.10883580148220062,51214531,R1.2900.11955.0
2025-01-20T05:16:20.500Z,0.0281029362231493,0.10883580148220062,21204713,R1.0697.5199.0
2025-01-20T05:16:21.000Z,0.03195314481854439,0.10883580148220062,40237728,R1.3027.11698.0
2025-01-20T05:16:21.500Z,0.01942024938762188,0.10883580148220062,72359026,R1.2900.11955.0
2025-01-20T05:16:22.000Z,0.03507610037922859,0.10883580148220062,21204713,R1.0697.5199.0
2025-01-20T05:16:22.500Z,0.016755985096096992,0.10883580148220062,72154411,R1.2900.11955.0
2025-01-20T05:16:23.000Z,0.016213160008192062,0.10883580148220062,72359026,R1.2900.11955.0
2025-01-20T05:16:23.500Z,0.03472522273659706,0.10883580148220062,71908906,R1.2900.11955.0
2025-01-20T05:16:24.000Z,0.035852767527103424,0.10883580148220062,72359026,R1.2900.11955.0
2025-01-20T05:16:24.500Z,0.02652321383357048,0.10883580148220062,40237728,R1.3027.11698.0
2025-01-20T05:16:25.000Z,0.023889213800430298,0.10883580148220062,72359026,R1.2900.11955.0
2025-01-20T05:16:25.500Z,0.014152397401630878,0.10883580148220062,51214531,R1.2900.11955.0
2025-01-20T05:16:26.000Z,0.01751752756536007,0.10883580148220062,40237728,R1.3027.11698.0
2025-01-20T05:16:26.500Z,0.041518598794937134,0.10883580148220062,71908906,R1.2900.11955.0
2025-01-20T05:16:27.000Z,0.01919425092637539,0.10883580148220062,40237728,R1.3027.11698.0
2025-01-20T05:16:27.500Z,0.01932593248784542,0.10883580148220062,51214531,R1.2900.11955.0
2025-01-20T05:16:28.000Z,0.021322058513760567,0.10883580148220062,71567810,R1.2900.11955.0
2025-01-20T05:16:28.500Z,0.02330797351896763,0.10883580148220062,21204713,R1.0697.5199.0
2025-01-20T05:16:29.000Z,0.03215982764959335,0.10883580148220062,71567810,R1.2900.11955.0
2025-01-20T05:16:29.500Z,0.0270594023168087,0.10883580148220062,51214531,R1.2900.11955.0
2025-01-20T05:16:30.000Z,0.009965498000383377,0.10883580148220062,40237728,R1.3027.11698.0
2025-01-20T05:16:30.500Z,0.01063980907201767,0.10883580148220062,72154411,R1.2900.11955.0
2025-01-20T05:16:31.000Z,0.03429178148508072,0.10883580148220062,71908906,R1.2900.11955.0
2025-01-20T05:16:31.500Z,0.02907579578459263,0.10883580148220062,21212835,R1.2172.7737.0
2025-01-20T05:16:32.000Z,0.02973826415836811,0.10883580148220062,21212835,R1.2172.7737.0
2025-01-20T05:16:32.500Z,-0.0034775263629853725,0.10883580148220062,72154411,R1.2900.11955.0
2025-01-20T05:16:33.000Z,0.023845549672842026,0.10883580148220062,51214531,R1.2900.11955.0
2025-01-20T05:16:33.500Z,0.02491024322807789,0.10883580148220062,71908906,R1.2900.11955.0
2025-01-20T05:16:34.000Z,0.01584869623184204,0.10883580148220062,51214531,R1.2900.11955.0
2025-01-20T05:16:34.500Z,0.06676256656646729,0.10883580148220062,51214531,R1.2900.11955.0
2025-01-20T05:16:35.000Z,0.01846827007830143,0.10883580148220062,40237728,R1.3027.11698.0
2025-01-20T05:16:35.500Z,0.035690292716026306,0.10883580148220062,51214531,R1.2900.11955.0
2025-01-20T05:16:36.000Z,0.03893405944108963,0.10883580148220062,21212835,R1.2172.7737.0
2025-01-20T05:16:36.500Z,0.014948842115700245,0.10883580148220062,51214531,R1.2900.11955.0
2025-01-20T05:16:37.000Z,0.007929853163659573,0.10883580148220062,21204713,R1.0697.5199.0
2025-01-20T05:16:37.500Z,0.02017303556203842,0.10883580148220062,72359026,R1.2900.11955.0
2025-01-20T05:16:38.000Z,0.021326955407857895,0.10883580148220062,21212835,R1.2172.7737.0
2025-01-20T05:16:38.500Z,0.011150594800710678,0.10883580148220062,40237728,R1.3027.11698.0
2025-01-20T05:16:39.000Z,0.006522647570818663,0.10883580148220062,40237728,R1.3027.11698.0
2025-01-20T05:16:39.500Z,0.0009398705442436039,0.10883580148220062,71567810,R1.2900.11955.0
2025-01-20T05:16:40.000Z,0.02395564503967762,0.10883580148220062,51214531,R1.2900.11955.0
2025-01-20T05:16:40.500Z,0.03691365197300911,0.10883580148220062,21204713,R1.0697.5199.0
2025-01-20T05:16:41.000Z,0.023085998371243477,0.10883580148220062,71567810,R1.2900.11955.0
2025-01-20T05:16:41.500Z,0.025658762082457542,0.10883580148220062,72359026,R1.2900.11955.0
2025-01-20T05:16:42.000Z,0.01967742294073105,0.10883580148220062,72359026,R1.2900.11955.0
2025-01-20T05:16:42.500Z,0.005094630643725395,0.10883580148220062,40237728,R1.3027.11698.0
2025-01-20T05:16:43.000Z,0.015640683472156525,0.10883580148220062,40237728,R1.3027.11698.0
2025-01-20T05:16:43.500Z,0.02257879078388214,0.10883580148220062,40220017,R1.3027.11698.0
2025-01-20T05:16:44.000Z,0.027794884517788887,0.10883580148220062,21212835,R1.2172.7737.0
2025-01-20T05:16:44.500Z,0.02846159040927887,0.10883580148220062,72154411,R1.2900.11955.0
2025-01-20T05:16:45.000Z,0.028438353911042213,0.10883580148220062,40237728,R1.3027.11698.0
2025-01-20T05:16:45.500Z,0.010444802232086658,0.10883580148220062,71325295,R1.2900.11955.0
2025-01-20T05:16:46.000Z,0.03554873540997505,0.10883580148220062,71567810,R1.2900.11955.0
2025-01-20T05:16:46.500Z,0.003512490773573518,0.10883580148220062,40220017,R1.3027.11698.0
2025-01-20T05:16:47.000Z,0.032219234853982925,0.10883580148220062,72359026,R1.2900.11955.0
2025-01-20T05:16:47.500Z,0.03120654821395874,0.10883580148220062,21204713,R1.0697.5199.0
2025-01-20T05:16:48.000Z,0.030773555859923363,0.10883580148220062,21204713,R1.0697.5199.0
2025-01-20T05:16:48.500Z,0.026397259905934334,0.10883580148220062,71567810,R1.2900.11955.0
2025-01-20T05:16:49.000Z,0.015448148362338543,0.10883580148220062,71908906,R1.2900.11955.0
2025-01-20T05:16:49.500Z,0.010027499869465828,0.10883580148220062,40237728,R1.3027.11698.0
2025-01-20T05:16:50.000Z,0.032557498663663864,0.10883580148220062,21204713,R1.0697.5199.0
2025-01-20T05:16:50.500Z,0.020568840205669403,0.10883580148220062,21204713,R1.0697.5199.0
2025-01-20T05:16:51.000Z,0.021538663655519485,0.10883580148220062,21204713,R1.0697.5199.0
2025-01-20T05:16:51.500Z,0.024226224049925804,0.10883580148220062,21204713,R1.0697.5199.0
2025-01-20T05:16:52.000Z,0.015161251649260521,0.10883580148220062,72359026,R1.2900.11955.0
2025-01-20T05:16:52.500Z,0.03834458068013191,0.10883580148220062,71567810,R1.2900.11955.0
2025-01-20T05:16:53.000Z,0.03286609426140785,0.10883580148220062,72154411,R1.2900.11955.0
2025-01-20T05:16:53.500Z,0.03009652905166149,0.10883580148220062,72154411,R1.2900.11955.0
2025-01-20T05:16:54.000Z,0.03459466993808746,0.10883580148220062,71567810,R1.2900.11955.0
2025-01-20T05:16:54.500Z,0.04724645987153053,0.10883580148220062,72154411,R1.2900.11955.0
2025-01-20T05:16:55.000Z,0.03607621416449547,0.10883580148220062,21204713,R1.0697.5199.0
2025-01-20T05:16:55.500Z,0.013827978633344173,0.10883580148220062,21204713,R1.0697.5199.0
2025-01-20T05:16:56.000Z,0.011938928626477718,0.10883580148220062,51214531,R1.2900.11955.0
2025-01-20T05:16:56.500Z,0.03044271655380726,0.10883580148220062,51214531,R1.2900.11955.0
2025-01-20T05:16:57.000Z,0.02486976981163025,0.10883580148220062,72154411,R1.2900.11955.0
2025-01-20T05:16:57.500Z,0.023435145616531372,0.10883580148220062,21204713,R1.0697.5199.0
2025-01-20T05:16:58.000Z,0.018866516649723053,0.10883580148220062,51214531,R1.2900.11955.0
2025-01-20T05:16:58.500Z,0.02053251676261425,0.10883580148220062,71325295,R1.2900.11955.0
2025-01-20T05:16:59.000Z,0.021025607362389565,0.10883580148220062,51214531,R1.2900.11955.0
2025-01-20T05:16:59.500Z,0.026905683800578117,0.10883580148220062,21212835,R1.2172.7737.0
2025-01-20T05:17:00.000Z,0.01667778752744198,0.10883580148220062,72154411,R1.2900.11955.0
2025-01-20T05:17:00.500Z,0.016986239701509476,0.10883580148220062,51214531,R1.2900.11955.0
2025-01-20T05:17:01.000Z,0.02094065584242344,0.10883580148220062,21204713,R1.0697.5199.0
2025-01-20T05:17:01.500Z,0.025272948667407036,0.10883580148220062,71567810,R1.2900.11955.0
2025-01-20T05:17:02.000Z,0.026557015255093575,0.10883580148220062,40220017,R1.3027.11698.0
2025-01-20T05:17:02.500Z,0.021744417026638985,0.10883580148220062,21204713,R1.0697.5199.0
2025-01-20T05:17:03.000Z,0.019803060218691826,0.10883580148220062,21212835,R1.2172.7737.0
2025-01-20T05:17:03.500Z,0.01908032037317753,0.10883580148220062,71908906,R1.2900.11955.0
2025-01-20T05:17:04.000Z,0.05600063130259514,0.10883580148220062,51214531,R1.2900.11955.0
2025-01-20T05:17:04.500Z,0.009148004464805126,0.10883580148220062,72359026,R1.2900.11955.0
2025-01-20T05:17:05.000Z,0.03309190273284912,0.10883580148220062,21204713,R1.0697.5199.0
2025-01-20T05:17:05.500Z,0.023937812075018883,0.10883580148220062,71908906,R1.2900.11955.0
2025-01-20T05:17:06.000Z,0.028583114966750145,0.10883580148220062,71908906,R1.2900.11955.0
2025-01-20T05:17:06.500Z,0.023964757099747658,0.10883580148220062,72154411,R1.2900.11955.0
2025-01-20T05:17:07.000Z,0.0008212112006731331,0.10883580148220062,72154411,R1.2900.11955.0
2025-01-20T05:17:07.500Z,0.041552141308784485,0.10883580148220062,71908906,R1.2900.11955.0
2025-01-20T05:17:08.000Z,0.011790451593697071,0.10883580148220062,71325295,R1.2900.11955.0
2025-01-20T05:17:08.500Z,0.020099060609936714,0.10883580148220062,40237728,R1.3027.11698.0
2025-01-20T05:17:09.000Z,0.044944923371076584,0.10883580148220062,21204713,R1.0697.5199.0
2025-01-20T05:17:09.500Z,0.019862543791532516,0.10883580148220062,40237728,R1.3027.11698.0
2025-01-20T05:17:10.000Z,0.02237233705818653,0.10883580148220062,21204713,R1.0697.5199.0
2025-01-20T05:17:10.500Z,0.02830464392900467,0.10883580148220062,72359026,R1.2900.11955.0
2025-01-20T05:17:11.000Z,0.025332579389214516,0.10883580148220062,51214531,R1.2900.11955.0
2025-01-20T05:17:11.500Z,0.00818293821066618,0.10883580148220062,40237728,R1.3027.11698.0
2025-01-20T05:17:12.000Z,0.004086791072040796,0.10883580148220062,72359026,R1.2900.11955.0
2025-01-20T05:17:12.500Z,0.022488107904791832,0.10883580148220062,40237728,R1.3027.11698.0
2025-01-20T05:17:13.000Z,0.01987369731068611,0.10883580148220062,21212835,R1.2172.7737.0
2025-01-20T05:17:13.500Z,0.03156793862581253,0.10883580148220062,21212835,R1.2172.7737.0
2025-01-20T05:17:14.000Z,0.024914197623729706,0.10883580148220062,21204713,R1.0697.5199.0
2025-01-20T05:17:14.500Z,0.028898756951093674,0.10883580148220062,71908906,R1.2900.11955.0
2025-01-20T05:17:15.000Z,0.012123044580221176,0.10883580148220062,72359026,R1.2900.11955.0
2025-01-20T05:17:15.500Z,0.019260574132204056,0.10883580148220062,21212835,R1.2172.7737.0
2025-01-20T05:17:16.000Z,0.022927138954401016,0.10883580148220062,71908906,R1.2900.11955.0
2025-01-20T05:17:16.500Z,0.008381991647183895,0.10883580148220062,72154411,R1.2900.11955.0
2025-01-20T05:17:17.000Z,0.027871981263160706,0.10883580148220062,72154411,R1.2900.11955.0
2025-01-20T05:17:17.500Z,0.023709658533334732,0.10883580148220062,71567810,R1.2900.11955.0
2025-01-20T05:17:18.000Z,0.01482495665550232,0.10883580148220062,40237728,R1.3027.11698.0
2025-01-20T05:17:18.500Z,0.044036805629730225,0.10883580148220062,51214531,R1.2900.11955.0
2025-01-20T05:17:19.000Z,0.04506958648562431,0.10883580148220062,21212835,R1.2172.7737.0
2025-01-20T05:17:19.500Z,0.017926929518580437,0.10883580148220062,72154411,R1.2900.11955.0
2025-01-20T05:17:20.000Z,0.024776259437203407,0.10883580148220062,72359026,R1.2900.11955.0
2025-01-20T05:17:20.500Z,0.028174487873911858,0.10883580148220062,71908906,R1.2900.11955.0
2025-01-20T05:17:21.000Z,0.010780522599816322,0.10883580148220062,40220017,R1.3027.11698.0
2025-01-20T05:17:21.500Z,0.016883578151464462,0.10883580148220062,71908906,R1.2900.11955.0
2025-01-20T05:17:22.000Z,0.03701165318489075,0.10883580148220062,72359026,R1.2900.11955.0
2025-01-20T05:17:22.500Z,0.0015629753470420837,0.10883580148220062,72154411,R1.2900.11955.0
2025-01-20T05:17:23.000Z,0.023708684369921684,0.10883580148220062,40237728,R1.3027.11698.0
2025-01-20T05:17:23.500Z,0.033953044563531876,0.10883580148220062,71908906,R1.2900.11955.0
2025-01-20T05:17:24.000Z,0.013035275042057037,0.10883580148220062,71908906,R1.2900.11955.0
2025-01-20T05:17:24.500Z,0.0358402281999588,0.10883580148220062,71908906,R1.2900.11955.0
2025-01-20T05:17:25.000Z,0.03458821401000023,0.10883580148220062,51214531,R1.2900.11955.0
2025-01-20T05:17:25.500Z,0.022860607132315636,0.10883580148220062,51214531,R1.2900.11955.0
2025-01-20T05:17:26.000Z,0.02198500744998455,0.10883580148220062,72359026,R1.2900.11955.0
2025-01-20T05:17:26.500Z,0.033023983240127563,0.10883580148220062,72154411,R1.2900.11955.0
2025-01-20T05:17:27.000Z,0.030149567872285843,0.10883580148220062,72359026,R1.2900.11955.0
2025-01-20T05:17:27.500Z,0.021634161472320557,0.10883580148220062,72359026,R1.2900.11955.0
2025-01-20T05:17:28.000Z,0.02930494025349617,0.10883580148220062,21212835,R1.2172.7737.0
2025-01-20T05:17:28.500Z,0.03381594642996788,0.10883580148220062,72359026,R1.2900.11955.0
2025-01-20T05:17:29.000Z,0.057942770421504974,0.10883580148220062,21204713,R1.0697.5199.0
2025-01-20T05:17:29.500Z,0.029741015285253525,0.10883580148220062,21212835,R1.2172.7737.0
2025-01-20T05:17:30.000Z,0.03307018429040909,0.10883580148220062,40237728,R1.3027.11698.0
2025-01-20T05:17:30.500Z,0.027809126302599907,0.10883580148220062,71567810,R1.2900.11955.0
2025-01-20T05:17:31.000Z,0.007134436164051294,0.10883580148220062,40237728,R1.3027.11698.0
2025-01-20T05:17:31.500Z,0.019212745130062103,0.10883580148220062,72154411,R1.2900.11955.0
2025-01-20T05:17:32.000Z,0.0158951785415411,0.10883580148220062,71908906,R1.2900.11955.0
2025-01-20T05:17:32.500Z,0.0416451096534729,0.10883580148220062,21204713,R1.0697.5199.0
2025-01-20T05:17:33.000Z,0.021335653960704803,0.10883580148220062,40237728,R1.3027.11698.0
2025-01-20T05:17:33.500Z,0.026818061247467995,0.10883580148220062,21204713,R1.0697.5199.0
2025-01-20T05:17:34.000Z,0.015053682960569859,0.10883580148220062,71567810,R1.2900.11955.0
2025-01-20T05:17:34.500Z,0.03404848650097847,0.10883580148220062,71325295,R1.2900.11955.0
2025-01-20T05:17:35.000Z,0.009114304557442665,0.10883580148220062,40237728,R1.3027.11698.0
2025-01-20T05:17:35.500Z,0.021125486120581627,0.10883580148220062,72359026,R1.2900.11955.0
2025-01-20T05:17:36.000Z,0.02354169636964798,0.10883580148220062,21212835,R1.2172.7737.0
2025-01-20T05:17:36.500Z,0.020630009472370148,0.10883580148220062,72154411,R1.2900.11955.0
2025-01-20T05:17:37.000Z,0.022033682093024254,0.10883580148220062,72154411,R1.2900.11955.0
2025-01-20T05:17:37.500Z,0.02341272495687008,0.10883580148220062,40237728,R1.3027.11698.0
2025-01-20T05:17:38.000Z,0.012585354968905449,0.10883580148220062,71567810,R1.2900.11955.0
2025-01-20T05:17:38.500Z,0.01499132253229618,0.10883580148220062,71325295,R1.2900.11955.0
2025-01-20T05:17:39.000Z,0.015968143939971924,0.10883580148220062,21204713,R1.0697.5199.0
2025-01-20T05:17:39.500Z,0.013039137236773968,0.10883580148220062,40237728,R1.3027.11698.0
2025-01-20T05:17:40.000Z,0.008961220271885395,0.10883580148220062,40237728,R1.3027.11698.0
2025-01-20T05:17:40.500Z,0.03814960643649101,0.10883580148220062,21212835,R1.2172.7737.0
2025-01-20T05:17:41.000Z,0.026328779757022858,0.10883580148220062,21212835,R1.2172.7737.0
2025-01-20T05:17:41.500Z,0.01604243367910385,0.10883580148220062,21212835,R1.2172.7737.0
2025-01-20T05:17:42.000Z,0.033691439777612686,0.10883580148220062,72359026,R1.2900.11955.0
2025-01-20T05:17:42.500Z,0.03390444815158844,0.10883580148220062,72154411,R1.2900.11955.0
2025-01-20T05:17:43.000Z,0.0308445505797863,0.10883580148220062,21204713,R1.0697.5199.0
2025-01-20T05:17:43.500Z,0.009336401708424091,0.10883580148220062,40220017,R1.3027.11698.0
2025-01-20T05:17:44.000Z,0.021731512621045113,0.10883580148220062,40237728,R1.3027.11698.0
2025-01-20T05:17:44.500Z,0.02031208947300911,0.10883580148220062,21204713,R1.0697.5199.0
2025-01-20T05:17:45.000Z,0.00983857549726963,0.10883580148220062,40237728,R1.3027.11698.0
2025-01-20T05:17:45.500Z,0.011966319754719734,0.10883580148220062,71567810,R1.2900.11955.0
2025-01-20T05:17:46.000Z,0.02336413785815239,0.10883580148220062,40237728,R1.3027.11698.0
2025-01-20T05:17:46.500Z,0.006539050489664078,0.10883580148220062,71908906,R1.2900.11955.0
2025-01-20T05:17:47.000Z,0.02029399387538433,0.10883580148220062,21204713,R1.0697.5199.0
2025-01-20T05:17:47.500Z,0.02291257679462433,0.10883580148220062,40237728,R1.3027.11698.0
2025-01-20T05:17:48.000Z,0.04078696668148041,0.10883580148220062,21204713,R1.0697.5199.0
2025-01-20T05:17:48.500Z,0.02843640372157097,0.10883580148220062,21212835,R1.2172.7737.0
2025-01-20T05:17:49.000Z,0.011948461644351482,0.10883580148220062,40237728,R1.3027.11698.0
2025-01-20T05:17:49.500Z,0.01113791111856699,0.10883580148220062,72359026,R1.2900.11955.0
2025-01-20T05:17:50.000Z,0.031359508633613586,0.10883580148220062,72359026,R1.2900.11955.0
2025-01-20T05:17:50.500Z,0.021596428006887436,0.10883580148220062,40220017,R1.3027.11698.0
2025-01-20T05:17:51.000Z,0.04460722580552101,0.10883580148220062,21204713,R1.0697.5199.0
2025-01-20T05:17:51.500Z,0.02190912701189518,0.10883580148220062,21204713,R1.0697.5199.0
2025-01-20T05:17:52.000Z,0.03129398077726364,0.10883580148220062,72154411,R1.2900.11955.0
2025-01-20T05:17:52.500Z,0.02395537681877613,0.10883580148220062,51214531,R1.2900.11955.0
2025-01-20T05:17:53.000Z,0.012883966788649559,0.10883580148220062,72154411,R1.2900.11955.0
2025-01-20T05:17:53.500Z,0.020992500707507133,0.10883580148220062,72359026,R1.2900.11955.0
2025-01-20T05:17:54.000Z,0.030702874064445496,0.10883580148220062,72359026,R1.2900.11955.0
2025-01-20T05:17:54.500Z,0.025639919564127922,0.10883580148220062,51214531,R1.2900.11955.0
2025-01-20T05:17:55.000Z,0.03551555424928665,0.10883580148220062,71567810,R1.2900.11955.0
2025-01-20T05:17:55.500Z,0.022187473252415657,0.10883580148220062,72359026,R1.2900.11955.0
2025-01-20T05:17:56.000Z,0.03402692452073097,0.10883580148220062,51214531,R1.2900.11955.0
2025-01-20T05:17:56.500Z,0.018555281683802605,0.10883580148220062,21204713,R1.0697.5199.0
2025-01-20T05:17:57.000Z,0.014180352911353111,0.10883580148220062,40220017,R1.3027.11698.0
2025-01-20T05:17:57.500Z,0.03225839510560036,0.10883580148220062,21204713,R1.0697.5199.0
2025-01-20T05:17:58.000Z,0.018933527171611786,0.10883580148220062,71567810,R1.2900.11955.0
2025-01-20T05:17:58.500Z,0.022308027371764183,0.10883580148220062,71567810,R1.2900.11955.0
2025-01-20T05:17:59.000Z,0.040414974093437195,0.10883580148220062,71908906,R1.2900.11955.0
2025-01-20T05:17:59.500Z,0.007856826297938824,0.10883580148220062,51214531,R1.2900.11955.0
2025-01-20T05:18:00.000Z,0.025154737755656242,0.10883580148220062,40237728,R1.3027.11698.0
2025-01-20T05:18:00.500Z,0.02576153166592121,0.10883580148220062,40237728,R1.3027.11698.0
2025-01-20T05:18:01.000Z,0.04022650420665741,0.10883580148220062,21204713,R1.0697.5199.0
2025-01-20T05:18:01.500Z,0.03369991108775139,0.10883580148220062,21204713,R1.0697.5199.0
2025-01-20T05:18:02.000Z,0.0035543018020689487,0.10883580148220062,72154411,R1.2900.11955.0
2025-01-20T05:18:02.500Z,0.0220782607793808,0.10883580148220062,72154411,R1.2900.11955.0
2025-01-20T05:18:03.000Z,0.024248570203781128,0.10883580148220062,21204713,R1.0697.5199.0
2025-01-20T05:18:03.500Z,0.024294806644320488,0.10883580148220062,40220017,R1.3027.11698.0
2025-01-20T05:18:04.000Z,0.022733373567461967,0.10883580148220062,51214531,R1.2900.11955.0
2025-01-20T05:18:04.500Z,0.013247936964035034,0.10883580148220062,71908906,R1.2900.11955.0
2025-01-20T05:18:05.000Z,0.046261515468358994,0.10883580148220062,21212835,R1.2172.7737.0
2025-01-20T05:18:05.500Z,0.038616832345724106,0.10883580148220062,72154411,R1.2900.11955.0
2025-01-20T05:18:06.000Z,0.019176140427589417,0.10883580148220062,21204713,R1.0697.5199.0
2025-01-20T05:18:06.500Z,0.030044589191675186,0.10883580148220062,71325295,R1.2900.11955.0
2025-01-20T05:18:07.000Z,0.02284916862845421,0.10883580148220062,51214531,R1.2900.11955.0
2025-01-20T05:18:07.500Z,0.028887098655104637,0.10883580148220062,72359026,R1.2900.11955.0
2025-01-20T05:18:08.000Z,0.016615403816103935,0.10883580148220062,72359026,R1.2900.11955.0
2025-01-20T05:18:08.500Z,0.029920633882284164,0.10883580148220062,21212835,R1.2172.7737.0
2025-01-20T05:18:09.000Z,0.034148722887039185,0.10883580148220062,21204713,R1.0697.5199.0
2025-01-20T05:18:09.500Z,0.021910157054662704,0.10883580148220062,71567810,R1.2900.11955.0
2025-01-20T05:18:10.000Z,0.022451559081673622,0.10883580148220062,51214531,R1.2900.11955.0
2025-01-20T05:18:10.500Z,0.02582320012152195,0.10883580148220062,21204713,R1.0697.5199.0
2025-01-20T05:18:11.000Z,0.011915275827050209,0.10883580148220062,72154411,R1.2900.11955.0
2025-01-20T05:18:11.500Z,0.029009990394115448,0.10883580148220062,71325295,R1.2900.11955.0
2025-01-20T05:18:12.000Z,0.019686052575707436,0.10883580148220062,40220017,R1.3027.11698.0
2025-01-20T05:18:12.500Z,0.03946320340037346,0.10883580148220062,71908906,R1.2900.11955.0
2025-01-20T05:18:13.000Z,0.008011899888515472,0.10883580148220062,40237728,R1.3027.11698.0
2025-01-20T05:18:13.500Z,0.01532924547791481,0.10883580148220062,72154411,R1.2900.11955.0
2025-01-20T05:18:14.000Z,0.03365889936685562,0.10883580148220062,21204713,R1.0697.5199.0
2025-01-20T05:18:14.500Z,0.02259894460439682,0.10883580148220062,51214531,R1.2900.11955.0
2025-01-20T05:18:15.000Z,0.0413661003112793,0.10883580148220062,51214531,R1.2900.11955.0
2025-01-20T05:18:15.500Z,0.013667615130543709,0.10883580148220062,71567810,R1.2900.11955.0
2025-01-20T05:18:16.000Z,0.03963166102766991,0.10883580148220062,21212835,R1.2172.7737.0
2025-01-20T05:18:16.500Z,0.025873752310872078,0.10883580148220062,21212835,R1.2172.7737.0
2025-01-20T05:18:17.000Z,0.02318192832171917,0.10883580148220062,71908906,R1.2900.11955.0
2025-01-20T05:18:17.500Z,0.047478243708610535,0.10883580148220062,72154411,R1.2900.11955.0
2025-01-20T05:18:18.000Z,0.017364444211125374,0.10883580148220062,51214531,R1.2900.11955.0
2025-01-20T05:18:18.500Z,0.02705809473991394,0.10883580148220062,21212835,R1.2172.7737.0
2025-01-20T05:18:19.000Z,0.0093403784558177,0.10883580148220062,71908906,R1.2900.11955.0
2025-01-20T05:18:19.500Z,0.012434911914169788,0.10883580148220062,40237728,R1.3027.11698.0
2025-01-20T05:18:20.000Z,0.02157605066895485,0.10883580148220062,72359026,R1.2900.11955.0
2025-01-20T05:18:20.500Z,0.023234639316797256,0.10883580148220062,71908906,R1.2900.11955.0
2025-01-20T05:18:21.000Z,0.017501188442111015,0.10883580148220062,71325295,R1.2900.11955.0
2025-01-20T05:18:21.500Z,0.015669213607907295,0.10883580148220062,21204713,R1.0697.5199.0
2025-01-20T05:18:22.000Z,0.02886742539703846,0.10883580148220062,40237728,R1.3027.11698.0
2025-01-20T05:18:22.500Z,0.028098776936531067,0.10883580148220062,40220017,R1.3027.11698.0
2025-01-20T05:18:23.000Z,0.04117811471223831,0.10883580148220062,21212835,R1.2172.7737.0
2025-01-20T05:18:23.500Z,0.022096585482358932,0.10883580148220062,40237728,R1.3027.11698.0
2025-01-20T05:18:24.000Z,0.020988013595342636,0.10883580148220062,21204713,R1.0697.5199.0
2025-01-20T05:18:24.500Z,0.011404871009290218,0.10883580148220062,71325295,R1.2900.11955.0
2025-01-20T05:18:25.000Z,0.022124849259853363,0.10883580148220062,71908906,R1.2900.11955.0
2025-01-20T05:18:25.500Z,0.040015920996665955,0.10883580148220062,40237728,R1.3027.11698.0
2025-01-20T05:18:26.000Z,0.028552809730172157,0.10883580148220062,21212835,R1.2172.7737.0
2025-01-20T05:18:26.500Z,0.03675030916929245,0.10883580148220062,71325295,R1.2900.11955.0
2025-01-20T05:18:27.000Z,0.028811445459723473,0.10883580148220062,21212835,R1.2172.7737.0
2025-01-20T05:18:27.500Z,0.017500581219792366,0.10883580148220062,72359026,R1.2900.11955.0
2025-01-20T05:18:28.000Z,0.02479875087738037,0.10883580148220062,21204713,R1.0697.5199.0
2025-01-20T05:18:28.500Z,0.028685130178928375,0.10883580148220062,21204713,R1.0697.5199.0
2025-01-20T05:18:29.000Z,0.024816742166876793,0.10883580148220062,72154411,R1.2900.11955.0
2025-01-20T05:18:29.500Z,0.043275136500597,0.10883580148220062,21212835,R1.2172.7737.0
2025-01-20T05:18:30.000Z,0.025948407128453255,0.10883580148220062,72359026,R1.2900.11955.0
2025-01-20T05:18:30.500Z,0.019757000729441643,0.10883580148220062,72154411,R1.2900.11955.0
2025-01-20T05:18:31.000Z,0.014438753947615623,0.10883580148220062,40220017,R1.3027.11698.0
2025-01-20T05:18:31.500Z,0.014235012233257294,0.10883580148220062,21212835,R1.2172.7737.0
2025-01-20T05:18:32.000Z,0.022732993587851524,0.10883580148220062,72154411,R1.2900.11955.0
2025-01-20T05:18:32.500Z,0.01946186274290085,0.10883580148220062,21204713,R1.0697.5199.0
2025-01-20T05:18:33.000Z,0.02613147720694542,0.10883580148220062,71325295,R1.2900.11955.0
2025-01-20T05:18:33.500Z,0.02849813736975193,0.10883580148220062,71567810,R1.2900.11955.0
2025-01-20T05:18:34.000Z,0.024915378540754318,0.10883580148220062,40220017,R1.3027.11698.0
2025-01-20T05:18:34.500Z,0.022954033687710762,0.10883580148220062,51214531,R1.2900.11955.0
2025-01-20T05:18:35.000Z,0.041609473526477814,0.10883580148220062,21204713,R1.0697.5199.0
2025-01-20T05:18:35.500Z,0.020204631611704826,0.10883580148220062,21212835,R1.2172.7737.0
2025-01-20T05:18:36.000Z,0.002273553516715765,0.10883580148220062,71908906,R1.2900.11955.0
2025-01-20T05:18:36.500Z,0.01641971245408058,0.10883580148220062,51214531,R1.2900.11955.0
2025-01-20T05:18:37.000Z,0.01470194011926651,0.10883580148220062,40220017,R1.3027.11698.0
2025-01-20T05:18:37.500Z,0.01814294047653675,0.10883580148220062,71908906,R1.2900.11955.0
2025-01-20T05:18:38.000Z,0.030454488471150398,0.10883580148220062,71908906,R1.2900.11955.0
2025-01-20T05:18:38.500Z,0.038645125925540924,0.10883580148220062,40237728,R1.3027.11698.0
2025-01-20T05:18:39.000Z,0.012029092758893967,0.10883580148220062,71567810,R1.2900.11955.0
2025-01-20T05:18:39.500Z,0.023953350260853767,0.10883580148220062,51214531,R1.2900.11955.0
2025-01-20T05:18:40.000Z,0.010202483274042606,0.10883580148220062,71567810,R1.2900.11955.0
2025-01-20T05:18:40.500Z,0.012387116439640522,0.10883580148220062,71567810,R1.2900.11955.0
2025-01-20T05:18:41.000Z,0.012814253568649292,0.10883580148220062,40237728,R1.3027.11698.0
2025-01-20T05:18:41.500Z,0.01887703128159046,0.10883580148220062,21204713,R1.0697.5199.0
2025-01-20T05:18:42.000Z,0.024436181411147118,0.10883580148220062,21204713,R1.0697.5199.0
2025-01-20T05:18:42.500Z,0.02964046411216259,0.10883580148220062,40220017,R1.3027.11698.0
2025-01-20T05:18:43.000Z,0.019782554358243942,0.10883580148220062,71567810,R1.2900.11955.0
2025-01-20T05:18:43.500Z,0.013344290666282177,0.10883580148220062,40237728,R1.3027.11698.0
2025-01-20T05:18:44.000Z,0.010323023423552513,0.10883580148220062,40220017,R1.3027.11698.0
2025-01-20T05:18:44.500Z,0.010396085679531097,0.10883580148220062,51214531,R1.2900.11955.0
2025-01-20T05:18:45.000Z,0.017629893496632576,0.10883580148220062,21204713,R1.0697.5199.0
2025-01-20T05:18:45.500Z,0.007799589075148106,0.10883580148220062,21204713,R1.0697.5199.0
2025-01-20T05:18:46.000Z,0.02341165393590927,0.10883580148220062,40237728,R1.3027.11698.0
2025-01-20T05:18:46.500Z,0.012510872446000576,0.10883580148220062,40220017,R1.3027.11698.0
2025-01-20T05:18:47.000Z,0.02954881079494953,0.10883580148220062,72154411,R1.2900.11955.0
2025-01-20T05:18:47.500Z,0.01963832974433899,0.10883580148220062,40237728,R1.3027.11698.0
2025-01-20T05:18:48.000Z,0.010122053325176239,0.10883580148220062,21204713,R1.0697.5199.0
2025-01-20T05:18:48.500Z,0.029243789613246918,0.10883580148220062,21204713,R1.0697.5199.0
2025-01-20T05:18:49.000Z,0.045593440532684326,0.10883580148220062,21204713,R1.0697.5199.0
2025-01-20T05:18:49.500Z,0.013202793896198273,0.10883580148220062,40237728,R1.3027.11698.0
2025-01-20T05:18:50.000Z,0.009944715537130833,0.10883580148220062,51214531,R1.2900.11955.0
2025-01-20T05:18:50.500Z,0.03218839690089226,0.10883580148220062,72154411,R1.2900.11955.0
2025-01-20T05:18:51.000Z,0.023979458957910538,0.10883580148220062,72359026,R1.2900.11955.0
2025-01-20T05:18:51.500Z,0.009021086618304253,0.10883580148220062,72359026,R1.2900.11955.0
2025-01-20T05:18:52.000Z,0.010002394206821918,0.10883580148220062,21204713,R1.0697.5199.0
2025-01-20T05:18:52.500Z,0.008028288371860981,0.10883580148220062,21204713,R1.0697.5199.0
2025-01-20T05:18:53.000Z,0.021098000928759575,0.10883580148220062,72359026,R1.2900.11955.0
2025-01-20T05:18:53.500Z,0.026568058878183365,0.10883580148220062,71325295,R1.2900.11955.0
2025-01-20T05:18:54.000Z,0.03203338012099266,0.10883580148220062,51214531,R1.2900.11955.0
2025-01-20T05:18:54.500Z,0.03366074338555336,0.10883580148220062,72154411,R1.2900.11955.0
2025-01-20T05:18:55.000Z,0.033904485404491425,0.10883580148220062,71325295,R1.2900.11955.0
2025-01-20T05:18:55.500Z,0.02048691362142563,0.10883580148220062,72359026,R1.2900.11955.0
2025-01-20T05:18:56.000Z,0.019030045717954636,0.10883580148220062,71908906,R1.2900.11955.0
2025-01-20T05:18:56.500Z,0.01860586367547512,0.10883580148220062,71567810,R1.2900.11955.0
2025-01-20T05:18:57.000Z,0.031362686306238174,0.10883580148220062,71325295,R1.2900.11955.0
2025-01-20T05:18:57.500Z,0.01742723397910595,0.10883580148220062,40237728,R1.3027.11698.0
2025-01-20T05:18:58.000Z,0.03869054466485977,0.10883580148220062,21204713,R1.0697.5199.0
2025-01-20T05:18:58.500Z,0.015414820052683353,0.10883580148220062,72359026,R1.2900.11955.0
2025-01-20T05:18:59.000Z,0.025250907987356186,0.10883580148220062,21204713,R1.0697.5199.0
2025-01-20T05:18:59.500Z,0.040386784821748734,0.10883580148220062,72359026,R1.2900.11955.0
2025-01-20T05:19:00.000Z,0.024533160030841827,0.10883580148220062,71567810,R1.2900.11955.0
2025-01-20T05:19:00.500Z,0.027597816661000252,0.10883580148220062,21212835,R1.2172.7737.0
2025-01-20T05:19:01.000Z,0.03274790570139885,0.10883580148220062,71567810,R1.2900.11955.0
2025-01-20T05:19:01.500Z,0.0303457360714674,0.10883580148220062,40237728,R1.3027.11698.0
2025-01-20T05:19:02.000Z,0.01375998929142952,0.10883580148220062,71325295,R1.2900.11955.0
2025-01-20T05:19:02.500Z,0.01545142661780119,0.10883580148220062,40237728,R1.3027.11698.0
2025-01-20T05:19:03.000Z,0.01843351684510708,0.10883580148220062,51214531,R1.2900.11955.0
2025-01-20T05:19:03.500Z,0.013982468284666538,0.10883580148220062,71908906,R1.2900.11955.0
2025-01-20T05:19:04.000Z,0.03615226969122887,0.10883580148220062,71567810,R1.2900.11955.0
2025-01-20T05:19:04.500Z,0.025975529104471207,0.10883580148220062,51214531,R1.2900.11955.0
2025-01-20T05:19:05.000Z,0.0010532590094953775,0.10883580148220062,71567810,R1.2900.11955.0
2025-01-20T05:19:05.500Z,0.023508433252573013,0.10883580148220062,51214531,R1.2900.11955.0
2025-01-20T05:19:06.000Z,0.03138655051589012,0.10883580148220062,40220017,R1.3027.11698.0
2025-01-20T05:19:06.500Z,0.02040041796863079,0.10883580148220062,40237728,R1.3027.11698.0
2025-01-20T05:19:07.000Z,0.038962479680776596,0.10883580148220062,21204713,R1.0697.5199.0
2025-01-20T05:19:07.500Z,0.017703920602798462,0.10883580148220062,21204713,R1.0697.5199.0
2025-01-20T05:19:08.000Z,0.00960607174783945,0.10883580148220062,51214531,R1.2900.11955.0
2025-01-20T05:19:08.500Z,0.024249698966741562,0.10883580148220062,72154411,R1.2900.11955.0
2025-01-20T05:19:09.000Z,0.020665179938077927,0.10883580148220062,40220017,R1.3027.11698.0
2025-01-20T05:19:09.500Z,0.03611799702048302,0.10883580148220062,71325295,R1.2900.11955.0
2025-01-20T05:19:10.000Z,0.024567056447267532,0.10883580148220062,21204713,R1.0697.5199.0
2025-01-20T05:19:10.500Z,0.02957245334982872,0.10883580148220062,71325295,R1.2900.11955.0
2025-01-20T05:19:11.000Z,0.028934212401509285,0.10883580148220062,21212835,R1.2172.7737.0
2025-01-20T05:19:11.500Z,0.029520943760871887,0.10883580148220062,21212835,R1.2172.7737.0
2025-01-20T05:19:12.000Z,0.029048092663288116,0.10883580148220062,40237728,R1.3027.11698.0
2025-01-20T05:19:12.500Z,0.018525486811995506,0.10883580148220062,71567810,R1.2900.11955.0
2025-01-20T05:19:13.000Z,0.02775772102177143,0.10883580148220062,71908906,R1.2900.11955.0
2025-01-20T05:19:13.500Z,0.020845670253038406,0.10883580148220062,40220017,R1.3027.11698.0
2025-01-20T05:19:14.000Z,0.039121177047491074,0.10883580148220062,72359026,R1.2900.11955.0
2025-01-20T05:19:14.500Z,0.030790023505687714,0.10883580148220062,40220017,R1.3027.11698.0
2025-01-20T05:19:15.000Z,0.021331405267119408,0.10883580148220062,40220017,R1.3027.11698.0
2025-01-20T05:19:15.500Z,0.030955296009778976,0.10883580148220062,71325295,R1.2900.11955.0
2025-01-20T05:19:16.000Z,0.021534904837608337,0.10883580148220062,71567810,R1.2900.11955.0
2025-01-20T05:19:16.500Z,0.014488080516457558,0.10883580148220062,72154411,R1.2900.11955.0
2025-01-20T05:19:17.000Z,0.01518996525555849,0.10883580148220062,21204713,R1.0697.5199.0
2025-01-20T05:19:17.500Z,0.02799505926668644,0.10883580148220062,21212835,R1.2172.7737.0
2025-01-20T05:19:18.000Z,0.0401512049138546,0.10883580148220062,21212835,R1.2172.7737.0
2025-01-20T05:19:18.500Z,0.025135118514299393,0.10883580148220062,21212835,R1.2172.7737.0
2025-01-20T05:19:19.000Z,0.024309230968356133,0.10883580148220062,71325295,R1.2900.11955.0
2025-01-20T05:19:19.500Z,0.007978270761668682,0.10883580148220062,40237728,R1.3027.11698.0
2025-01-20T05:19:20.000Z,0.026602378115057945,0.10883580148220062,21204713,R1.0697.5199.0
2025-01-20T05:19:20.500Z,0.0196396354585886,0.10883580148220062,72359026,R1.2900.11955.0
2025-01-20T05:19:21.000Z,0.017061037942767143,0.10883580148220062,51214531,R1.2900.11955.0
2025-01-20T05:19:21.500Z,0.016238875687122345,0.10883580148220062,40237728,R1.3027.11698.0
2025-01-20T05:19:22.000Z,0.01811801642179489,0.10883580148220062,21204713,R1.0697.5199.0
2025-01-20T05:19:22.500Z,0.03891559690237045,0.10883580148220062,40220017,R1.3027.11698.0
2025-01-20T05:19:23.000Z,0.015826253220438957,0.10883580148220062,71908906,R1.2900.11955.0
2025-01-20T05:19:23.500Z,0.040436431765556335,0.10883580148220062,71908906,R1.2900.11955.0
2025-01-20T05:19:24.000Z,0.030848778784275055,0.10883580148220062,72154411,R1.2900.11955.0
2025-01-20T05:19:24.500Z,0.026279892772436142,0.10883580148220062,72154411,R1.2900.11955.0
2025-01-20T05:19:25.000Z,0.015603453852236271,0.10883580148220062,21212835,R1.2172.7737.0
2025-01-20T05:19:25.500Z,0.018458660691976547,0.10883580148220062,71325295,R1.2900.11955.0
2025-01-20T05:19:26.000Z,0.017166797071695328,0.10883580148220062,40237728,R1.3027.11698.0
2025-01-20T05:19:26.500Z,0.010314659215509892,0.10883580148220062,51214531,R1.2900.11955.0
2025-01-20T05:19:27.000Z,0.03257892653346062,0.10883580148220062,72154411,R1.2900.11955.0
2025-01-20T05:19:27.500Z,0.03241671994328499,0.10883580148220062,21204713,R1.0697.5199.0
2025-01-20T05:19:28.000Z,0.025801856070756912,0.10883580148220062,21204713,R1.0697.5199.0
2025-01-20T05:19:28.500Z,0.03849294036626816,0.10883580148220062,21212835,R1.2172.7737.0
2025-01-20T05:19:29.000Z,0.033508721739053726,0.10883580148220062,21204713,R1.0697.5199.0
2025-01-20T05:19:29.500Z,0.025738585740327835,0.10883580148220062,71325295,R1.2900.11955.0
2025-01-20T05:19:30.000Z,0.018446655943989754,0.10883580148220062,21212835,R1.2172.7737.0
2025-01-20T05:19:30.500Z,0.02806767076253891,0.10883580148220062,72359026,R1.2900.11955.0
2025-01-20T05:19:31.000Z,0.02060987614095211,0.10883580148220062,21204713,R1.0697.5199.0
2025-01-20T05:19:31.500Z,0.018245471641421318,0.10883580148220062,21204713,R1.0697.5199.0
2025-01-20T05:19:32.000Z,0.0274569783359766,0.10883580148220062,21204713,R1.0697.5199.0
2025-01-20T05:19:32.500Z,0.015757350251078606,0.10883580148220062,40237728,R1.3027.11698.0
2025-01-20T05:19:33.000Z,0.013915564864873886,0.10883580148220062,72359026,R1.2900.11955.0
2025-01-20T05:19:33.500Z,0.017744630575180054,0.10883580148220062,72359026,R1.2900.11955.0
2025-01-20T05:19:34.000Z,0.01086841244250536,0.10883580148220062,21212835,R1.2172.7737.0
2025-01-20T05:19:34.500Z,0.027640042826533318,0.10883580148220062,71908906,R1.2900.11955.0
2025-01-20T05:19:35.000Z,0.014532580971717834,0.10883580148220062,71908906,R1.2900.11955.0
2025-01-20T05:19:35.500Z,0.02747553586959839,0.10883580148220062,72359026,R1.2900.11955.0
2025-01-20T05:19:36.000Z,0.006980970036238432,0.10883580148220062,51214531,R1.2900.11955.0
2025-01-20T05:19:36.500Z,0.0055715772323310375,0.10883580148220062,72359026,R1.2900.11955.0
2025-01-20T05:19:37.000Z,0.037467535585165024,0.10883580148220062,71908906,R1.2900.11955.0
2025-01-20T05:19:37.500Z,0.02661091461777687,0.10883580148220062,51214531,R1.2900.11955.0
2025-01-20T05:19:38.000Z,0.015672756358981133,0.10883580148220062,51214531,R1.2900.11955.0
2025-01-20T05:19:38.500Z,0.01583322510123253,0.10883580148220062,72359026,R1.2900.11955.0
2025-01-20T05:19:39.000Z,0.012416954152286053,0.10883580148220062,40237728,R1.3027.11698.0
2025-01-20T05:19:39.500Z,0.014337808825075626,0.10883580148220062,40220017,R1.3027.11698.0
2025-01-20T05:19:40.000Z,0.009110751561820507,0.10883580148220062,51214531,R1.2900.11955.0
2025-01-20T05:19:40.500Z,0.015041585080325603,0.10883580148220062,21212835,R1.2172.7737.0
2025-01-20T05:19:41.000Z,0.03080066479742527,0.10883580148220062,71567810,R1.2900.11955.0
2025-01-20T05:19:41.500Z,0.02894602343440056,0.10883580148220062,72154411,R1.2900.11955.0
2025-01-20T05:19:42.000Z,0.008701582439243793,0.10883580148220062,71567810,R1.2900.11955.0
2025-01-20T05:19:42.500Z,0.03686442971229553,0.10883580148220062,72359026,R1.2900.11955.0
2025-01-20T05:19:43.000Z,0.0184385534375906,0.10883580148220062,71325295,R1.2900.11955.0
2025-01-20T05:19:43.500Z,0.052841026335954666,0.10883580148220062,40237728,R1.3027.11698.0
2025-01-20T05:19:44.000Z,0.03185608610510826,0.10883580148220062,71567810,R1.2900.11955.0
2025-01-20T05:19:44.500Z,0.029064999893307686,0.10883580148220062,72154411,R1.2900.11955.0
2025-01-20T05:19:45.000Z,0.027252813801169395,0.10883580148220062,21204713,R1.0697.5199.0
2025-01-20T05:19:45.500Z,0.03289943188428879,0.10883580148220062,21212835,R1.2172.7737.0
2025-01-20T05:19:46.000Z,0.028977269306778908,0.10883580148220062,71325295,R1.2900.11955.0
2025-01-20T05:19:46.500Z,0.03211439773440361,0.10883580148220062,40220017,R1.3027.11698.0
2025-01-20T05:19:47.000Z,0.011964933946728706,0.10883580148220062,40220017,R1.3027.11698.0
2025-01-20T05:19:47.500Z,0.024261828511953354,0.10883580148220062,21204713,R1.0697.5199.0
2025-01-20T05:19:48.000Z,0.026097005233168602,0.10883580148220062,71908906,R1.2900.11955.0
2025-01-20T05:19:48.500Z,0.006985402666032314,0.10883580148220062,72154411,R1.2900.11955.0
2025-01-20T05:19:49.000Z,0.030153684318065643,0.10883580148220062,72359026,R1.2900.11955.0
2025-01-20T05:19:49.500Z,0.025645021349191666,0.10883580148220062,71325295,R1.2900.11955.0
2025-01-20T05:19:50.000Z,0.023797012865543365,0.10883580148220062,72359026,R1.2900.11955.0
2025-01-20T05:19:50.500Z,0.015070491470396519,0.10883580148220062,71567810,R1.2900.11955.0
2025-01-20T05:19:51.000Z,0.009811053052544594,0.10883580148220062,21212835,R1.2172.7737.0
2025-01-20T05:19:51.500Z,0.01155296340584755,0.10883580148220062,51214531,R1.2900.11955.0
2025-01-20T05:19:52.000Z,0.026496196165680885,0.10883580148220062,72154411,R1.2900.11955.0
2025-01-20T05:19:52.500Z,0.02048521116375923,0.10883580148220062,51214531,R1.2900.11955.0
2025-01-20T05:19:53.000Z,0.017818735912442207,0.10883580148220062,71908906,R1.2900.11955.0
2025-01-20T05:19:53.500Z,0.02547444961965084,0.10883580148220062,21204713,R1.0697.5199.0
2025-01-20T05:19:54.000Z,0.03899169713258743,0.10883580148220062,21204713,R1.0697.5199.0
2025-01-20T05:19:54.500Z,0.02799234166741371,0.10883580148220062,21204713,R1.0697.5199.0
2025-01-20T05:19:55.000Z,0.013471080921590328,0.10883580148220062,71908906,R1.2900.11955.0
2025-01-20T05:19:55.500Z,0.009191242977976799,0.10883580148220062,72154411,R1.2900.11955.0
2025-01-20T05:19:56.000Z,0.022928712889552116,0.10883580148220062,40237728,R1.3027.11698.0
2025-01-20T05:19:56.500Z,0.004112927243113518,0.10883580148220062,71567810,R1.2900.11955.0
2025-01-20T05:19:57.000Z,0.009593870490789413,0.10883580148220062,40237728,R1.3027.11698.0
2025-01-20T05:19:57.500Z,0.029174674302339554,0.10883580148220062,72154411,R1.2900.11955.0
2025-01-20T05:19:58.000Z,0.005731820594519377,0.10883580148220062,51214531,R1.2900.11955.0
2025-01-20T05:19:58.500Z,0.015176426619291306,0.10883580148220062,21212835,R1.2172.7737.0
2025-01-20T05:19:59.000Z,0.025251490995287895,0.10883580148220062,51214531,R1.2900.11955.0
2025-01-20T05:19:59.500Z,0.027920765802264214,0.10883580148220062,40237728,R1.3027.11698.0
2025-01-20T05:20:00.000Z,0.01627306453883648,0.10883580148220062,40237728,R1.3027.11698.0
2025-01-20T05:20:00.500Z,0.03150967136025429,0.10883580148220062,71908906,R1.2900.11955.0
2025-01-20T05:20:01.000Z,0.016960384324193,0.10883580148220062,40220017,R1.3027.11698.0
2025-01-20T05:20:01.500Z,0.037141188979148865,0.10883580148220062,21212835,R1.2172.7737.0
2025-01-20T05:20:02.000Z,0.02749147079885006,0.10883580148220062,21212835,R1.2172.7737.0
2025-01-20T05:20:02.500Z,0.010092223063111305,0.10883580148220062,40237728,R1.3027.11698.0
2025-01-20T05:20:03.000Z,0.017531219869852066,0.10883580148220062,51214531,R1.2900.11955.0
2025-01-20T05:20:03.500Z,0.016547011211514473,0.10883580148220062,40220017,R1.3027.11698.0
2025-01-20T05:20:04.000Z,0.03658878803253174,0.10883580148220062,71908906,R1.2900.11955.0
2025-01-20T05:20:04.500Z,0.028339218348264694,0.10883580148220062,71567810,R1.2900.11955.0
2025-01-20T05:20:05.000Z,0.022302599623799324,0.10883580148220062,51214531,R1.2900.11955.0
2025-01-20T05:20:05.500Z,0.035905223339796066,0.10883580148220062,71908906,R1.2900.11955.0
2025-01-20T05:20:06.000Z,0.032180823385715485,0.10883580148220062,72359026,R1.2900.11955.0
2025-01-20T05:20:06.500Z,0.038716718554496765,0.10883580148220062,21212835,R1.2172.7737.0
2025-01-20T05:20:07.000Z,0.02542385645210743,0.10883580148220062,71567810,R1.2900.11955.0
2025-01-20T05:20:07.500Z,0.01907496340572834,0.10883580148220062,72359026,R1.2900.11955.0
2025-01-20T05:20:08.000Z,0.012432824820280075,0.10883580148220062,40220017,R1.3027.11698.0
2025-01-20T05:20:08.500Z,0.017751840874552727,0.10883580148220062,21204713,R1.0697.5199.0
2025-01-20T05:20:09.000Z,0.02833416685461998,0.10883580148220062,40237728,R1.3027.11698.0
2025-01-20T05:20:09.500Z,0.02700834348797798,0.10883580148220062,71567810,R1.2900.11955.0
2025-01-20T05:20:10.000Z,0.01773456484079361,0.10883580148220062,21212835,R1.2172.7737.0
2025-01-20T05:20:10.500Z,0.01816720888018608,0.10883580148220062,40237728,R1.3027.11698.0
2025-01-20T05:20:11.000Z,0.012173918075859547,0.10883580148220062,71908906,R1.2900.11955.0
2025-01-20T05:20:11.500Z,0.020411385223269463,0.10883580148220062,21212835,R1.2172.7737.0
2025-01-20T05:20:12.000Z,0.02937772497534752,0.10883580148220062,40220017,R1.3027.11698.0
2025-01-20T05:20:12.500Z,0.03532950580120087,0.10883580148220062,21212835,R1.2172.7737.0
2025-01-20T05:20:13.000Z,0.019842352718114853,0.10883580148220062,72359026,R1.2900.11955.0
2025-01-20T05:20:13.500Z,0.019410887733101845,0.10883580148220062,72154411,R1.2900.11955.0
2025-01-20T05:20:14.000Z,0.023884620517492294,0.10883580148220062,71567810,R1.2900.11955.0
2025-01-20T05:20:14.500Z,0.04659870266914368,0.10883580148220062,21212835,R1.2172.7737.0
2025-01-20T05:20:15.000Z,0.026353107765316963,0.10883580148220062,71567810,R1.2900.11955.0
2025-01-20T05:20:15.500Z,0.03274207562208176,0.10883580148220062,71908906,R1.2900.11955.0
2025-01-20T05:20:16.000Z,0.029529256746172905,0.10883580148220062,21212835,R1.2172.7737.0
2025-01-20T05:20:16.500Z,0.03297142684459686,0.10883580148220062,51214531,R1.2900.11955.0
2025-01-20T05:20:17.000Z,0.01705850474536419,0.10883580148220062,71908906,R1.2900.11955.0
2025-01-20T05:20:17.500Z,0.006886017508804798,0.10883580148220062,71325295,R1.2900.11955.0
2025-01-20T05:20:18.000Z,0.024337220937013626,0.10883580148220062,51214531,R1.2900.11955.0
2025-01-20T05:20:18.500Z,0.005809072870761156,0.10883580148220062,21204713,R1.0697.5199.0
2025-01-20T05:20:19.000Z,0.02533385530114174,0.10883580148220062,72154411,R1.2900.11955.0
2025-01-20T05:20:19.500Z,0.016488464549183846,0.10883580148220062,72154411,R1.2900.11955.0
2025-01-20T05:20:20.000Z,0.025604823604226112,0.10883580148220062,21212835,R1.2172.7737.0
2025-01-20T05:20:20.500Z,0.010081561282277107,0.10883580148220062,21212835,R1.2172.7737.0
2025-01-20T05:20:21.000Z,0.030856985598802567,0.10883580148220062,21204713,R1.0697.5199.0
2025-01-20T05:20:21.500Z,0.014691832475364208,0.10883580148220062,71908906,R1.2900.11955.0
2025-01-20T05:20:22.000Z,0.02354714833199978,0.10883580148220062,72154411,R1.2900.11955.0
2025-01-20T05:20:22.500Z,0.03340588137507439,0.10883580148220062,40220017,R1.3027.11698.0
2025-01-20T05:20:23.000Z,0.022663135081529617,0.10883580148220062,40237728,R1.3027.11698.0
2025-01-20T05:20:23.500Z,0.050528816878795624,0.10883580148220062,71908906,R1.2900.11955.0
2025-01-20T05:20:24.000Z,0.01213962584733963,0.10883580148220062,21204713,R1.0697.5199.0
2025-01-20T05:20:24.500Z,0.013362172991037369,0.10883580148220062,72154411,R1.2900.11955.0
2025-01-20T05:20:25.000Z,0.018939031288027763,0.10883580148220062,71325295,R1.2900.11955.0
2025-01-20T05:20:25.500Z,0.011632056906819344,0.10883580148220062,71325295,R1.2900.11955.0
2025-01-20T05:20:26.000Z,0.017412053421139717,0.10883580148220062,40220017,R1.3027.11698.0
2025-01-20T05:20:26.500Z,0.01869887299835682,0.10883580148220062,21212835,R1.2172.7737.0
2025-01-20T05:20:27.000Z,0.049029331654310226,0.10883580148220062,72154411,R1.2900.11955.0
2025-01-20T05:20:27.500Z,0.024270983412861824,0.10883580148220062,71567810,R1.2900.11955.0
2025-01-20T05:20:28.000Z,0.022817105054855347,0.10883580148220062,71567810,R1.2900.11955.0
2025-01-20T05:20:28.500Z,0.008731353096663952,0.10883580148220062,71567810,R1.2900.11955.0
2025-01-20T05:20:29.000Z,0.02980540320277214,0.10883580148220062,51214531,R1.2900.11955.0
2025-01-20T05:20:29.500Z,0.015790753066539764,0.10883580148220062,72359026,R1.2900.11955.0
2025-01-20T05:20:30.000Z,0.02570514753460884,0.10883580148220062,21204713,R1.0697.5199.0
2025-01-20T05:20:30.500Z,0.01800122670829296,0.10883580148220062,51214531,R1.2900.11955.0
2025-01-20T05:20:31.000Z,0.003904526587575674,0.10883580148220062,72154411,R1.2900.11955.0
2025-01-20T05:20:31.500Z,0.036393728107213974,0.10883580148220062,71908906,R1.2900.11955.0
2025-01-20T05:20:32.000Z,0.024519197642803192,0.10883580148220062,72359026,R1.2900.11955.0
2025-01-20T05:20:32.500Z,0.025775492191314697,0.10883580148220062,40237728,R1.3027.11698.0
2025-01-20T05:20:33.000Z,0.023188211023807526,0.10883580148220062,71567810,R1.2900.11955.0
2025-01-20T05:20:33.500Z,0.029729772359132767,0.10883580148220062,51214531,R1.2900.11955.0
2025-01-20T05:20:34.000Z,0.037050724029541016,0.10883580148220062,72154411,R1.2900.11955.0
2025-01-20T05:20:34.500Z,0.01662672497332096,0.10883580148220062,72359026,R1.2900.11955.0
2025-01-20T05:20:35.000Z,0.021365009248256683,0.10883580148220062,21204713,R1.0697.5199.0
2025-01-20T05:20:35.500Z,0.026328442618250847,0.10883580148220062,71567810,R1.2900.11955.0
2025-01-20T05:20:36.000Z,0.010955641977488995,0.10883580148220062,40237728,R1.3027.11698.0
2025-01-20T05:20:36.500Z,0.04443546012043953,0.10883580148220062,71325295,R1.2900.11955.0
2025-01-20T05:20:37.000Z,0.028957072645425797,0.10883580148220062,40220017,R1.3027.11698.0
2025-01-20T05:20:37.500Z,0.034665901213884354,0.10883580148220062,72359026,R1.2900.11955.0
2025-01-20T05:20:38.000Z,0.01406303234398365,0.10883580148220062,51214531,R1.2900.11955.0
2025-01-20T05:20:38.500Z,0.020222190767526627,0.10883580148220062,71567810,R1.2900.11955.0
2025-01-20T05:20:39.000Z,0.03734872490167618,0.10883580148220062,21204713,R1.0697.5199.0
2025-01-20T05:20:39.500Z,0.037855103611946106,0.10883580148220062,21212835,R1.2172.7737.0
2025-01-20T05:20:40.000Z,0.03446099907159805,0.10883580148220062,21204713,R1.0697.5199.0
2025-01-20T05:20:40.500Z,0.012350295670330524,0.10883580148220062,51214531,R1.2900.11955.0
2025-01-20T05:20:41.000Z,0.011050604283809662,0.10883580148220062,71908906,R1.2900.11955.0
2025-01-20T05:20:41.500Z,0.004877063911408186,0.10883580148220062,40220017,R1.3027.11698.0
2025-01-20T05:20:42.000Z,0.021823490038514137,0.10883580148220062,40237728,R1.3027.11698.0
2025-01-20T05:20:42.500Z,0.022172605618834496,0.10883580148220062,21204713,R1.0697.5199.0
2025-01-20T05:20:43.000Z,0.06840430945158005,0.10883580148220062,21212835,R1.2172.7737.0
2025-01-20T05:20:43.500Z,0.018344981595873833,0.10883580148220062,72154411,R1.2900.11955.0
2025-01-20T05:20:44.000Z,0.02558339759707451,0.10883580148220062,72359026,R1.2900.11955.0
2025-01-20T05:20:44.500Z,0.03575575724244118,0.10883580148220062,72359026,R1.2900.11955.0
2025-01-20T05:20:45.000Z,0.008750407956540585,0.10883580148220062,72359026,R1.2900.11955.0
2025-01-20T05:20:45.500Z,0.02403665892779827,0.10883580148220062,21204713,R1.0697.5199.0
2025-01-20T05:20:46.000Z,0.018682753667235374,0.10883580148220062,71325295,R1.2900.11955.0
2025-01-20T05:20:46.500Z,0.024936631321907043,0.10883580148220062,40220017,R1.3027.11698.0
2025-01-20T05:20:47.000Z,0.02509315125644207,0.10883580148220062,40220017,R1.3027.11698.0
2025-01-20T05:20:47.500Z,0.021005922928452492,0.10883580148220062,71325295,R1.2900.11955.0
2025-01-20T05:20:48.000Z,0.017915282398462296,0.10883580148220062,51214531,R1.2900.11955.0
2025-01-20T05:20:48.500Z,0.019145628437399864,0.10883580148220062,72359026,R1.2900.11955.0
2025-01-20T05:20:49.000Z,0.030085060745477676,0.10883580148220062,21204713,R1.0697.5199.0
2025-01-20T05:20:49.500Z,0.01746959052979946,0.10883580148220062,72154411,R1.2900.11955.0
2025-01-20T05:20:50.000Z,0.029408970847725868,0.10883580148220062,40237728,R1.3027.11698.0
2025-01-20T05:20:50.500Z,0.024775249883532524,0.10883580148220062,51214531,R1.2900.11955.0
2025-01-20T05:20:51.000Z,0.015559697523713112,0.10883580148220062,40237728,R1.3027.11698.0
2025-01-20T05:20:51.500Z,0.02070068195462227,0.10883580148220062,40237728,R1.3027.11698.0
2025-01-20T05:20:52.000Z,0.014840751886367798,0.10883580148220062,40237728,R1.3027.11698.0
2025-01-20T05:20:52.500Z,0.029400832951068878,0.10883580148220062,21212835,R1.2172.7737.0
2025-01-20T05:20:53.000Z,0.02293439395725727,0.10883580148220062,21212835,R1.2172.7737.0
2025-01-20T05:20:53.500Z,0.016571728512644768,0.10883580148220062,71908906,R1.2900.11955.0
2025-01-20T05:20:54.000Z,0.019181709736585617,0.10883580148220062,71908906,R1.2900.11955.0
2025-01-20T05:20:54.500Z,0.023322857916355133,0.10883580148220062,71908906,R1.2900.11955.0
2025-01-20T05:20:55.000Z,0.03141449764370918,0.10883580148220062,72359026,R1.2900.11955.0
2025-01-20T05:20:55.500Z,0.015450793318450451,0.10883580148220062,71325295,R1.2900.11955.0
2025-01-20T05:20:56.000Z,0.03608640283346176,0.10883580148220062,21212835,R1.2172.7737.0
2025-01-20T05:20:56.500Z,0.02334551513195038,0.10883580148220062,71908906,R1.2900.11955.0
2025-01-20T05:20:57.000Z,0.014588776044547558,0.10883580148220062,40237728,R1.3027.11698.0
2025-01-20T05:20:57.500Z,0.04998515918850899,0.10883580148220062,51214531,R1.2900.11955.0
2025-01-20T05:20:58.000Z,0.014673023484647274,0.10883580148220062,40237728,R1.3027.11698.0
2025-01-20T05:20:58.500Z,0.027447760105133057,0.10883580148220062,71325295,R1.2900.11955.0
2025-01-20T05:20:59.000Z,0.020391566678881645,0.10883580148220062,72154411,R1.2900.11955.0
2025-01-20T05:20:59.500Z,0.014625933021306992,0.10883580148220062,40237728,R1.3027.11698.0
2025-01-20T05:21:00.000Z,0.032489024102687836,0.10883580148220062,71908906,R1.2900.11955.0
2025-01-20T05:21:00.500Z,0.028410663828253746,0.10883580148220062,71567810,R1.2900.11955.0
2025-01-20T05:21:01.000Z,0.03476672247052193,0.10883580148220062,71567810,R1.2900.11955.0
2025-01-20T05:21:01.500Z,0.011072247289121151,0.10883580148220062,40237728,R1.3027.11698.0
2025-01-20T05:21:02.000Z,0.030873561277985573,0.10883580148220062,21204713,R1.0697.5199.0
2025-01-20T05:21:02.500Z,0.0305196400731802,0.10883580148220062,21204713,R1.0697.5199.0
2025-01-20T05:21:03.000Z,0.024036327376961708,0.10883580148220062,21212835,R1.2172.7737.0
2025-01-20T05:21:03.500Z,0.02936248853802681,0.10883580148220062,71325295,R1.2900.11955.0
2025-01-20T05:21:04.000Z,0.035235438495874405,0.10883580148220062,21212835,R1.2172.7737.0
2025-01-20T05:21:04.500Z,0.01929125189781189,0.10883580148220062,71325295,R1.2900.11955.0
2025-01-20T05:21:05.000Z,0.026618679985404015,0.10883580148220062,21204713,R1.0697.5199.0
2025-01-20T05:21:05.500Z,0.015168867073953152,0.10883580148220062,21212835,R1.2172.7737.0
2025-01-20T05:21:06.000Z,0.024979256093502045,0.10883580148220062,51214531,R1.2900.11955.0
2025-01-20T05:21:06.500Z,0.003829263849183917,0.10883580148220062,40220017,R1.3027.11698.0
2025-01-20T05:21:07.000Z,0.0419662706553936,0.10883580148220062,71908906,R1.2900.11955.0
2025-01-20T05:21:07.500Z,0.030130524188280106,0.10883580148220062,21212835,R1.2172.7737.0
2025-01-20T05:21:08.000Z,0.018909433856606483,0.10883580148220062,71908906,R1.2900.11955.0
2025-01-20T05:21:08.500Z,0.02386792004108429,0.10883580148220062,71908906,R1.2900.11955.0
2025-01-20T05:21:09.000Z,0.02006678096950054,0.10883580148220062,72359026,R1.2900.11955.0
2025-01-20T05:21:09.500Z,0.015333611518144608,0.10883580148220062,40237728,R1.3027.11698.0
2025-01-20T05:21:10.000Z,0.01917216181755066,0.10883580148220062,51214531,R1.2900.11955.0
2025-01-20T05:21:10.500Z,0.011419977992773056,0.10883580148220062,51214531,R1.2900.11955.0
2025-01-20T05:21:11.000Z,0.014369801618158817,0.10883580148220062,21212835,R1.2172.7737.0
2025-01-20T05:21:11.500Z,0.013095073401927948,0.10883580148220062,40237728,R1.3027.11698.0
2025-01-20T05:21:12.000Z,0.027624191716313362,0.10883580148220062,21212835,R1.2172.7737.0
2025-01-20T05:21:12.500Z,0.030469387769699097,0.10883580148220062,72154411,R1.2900.11955.0
2025-01-20T05:21:13.000Z,0.007176299579441547,0.10883580148220062,51214531,R1.2900.11955.0
2025-01-20T05:21:13.500Z,0.012310137040913105,0.10883580148220062,40220017,R1.3027.11698.0
2025-01-20T05:21:14.000Z,0.009197122417390347,0.10883580148220062,71567810,R1.2900.11955.0
2025-01-20T05:21:14.500Z,0.02220780774950981,0.10883580148220062,71908906,R1.2900.11955.0
2025-01-20T05:21:15.000Z,0.02842344157397747,0.10883580148220062,72154411,R1.2900.11955.0
2025-01-20T05:21:15.500Z,0.03685877472162247,0.10883580148220062,40237728,R1.3027.11698.0
2025-01-20T05:21:16.000Z,0.03401058539748192,0.10883580148220062,21204713,R1.0697.5199.0
2025-01-20T05:21:16.500Z,0.028163263574242592,0.10883580148220062,21212835,R1.2172.7737.0
2025-01-20T05:21:17.000Z,0.047119420021772385,0.10883580148220062,51214531,R1.2900.11955.0
2025-01-20T05:21:17.500Z,0.03171253576874733,0.10883580148220062,21212835,R1.2172.7737.0
2025-01-20T05:21:18.000Z,0.04561154544353485,0.10883580148220062,72359026,R1.2900.11955.0
2025-01-20T05:21:18.500Z,0.0137034235522151,0.10883580148220062,40220017,R1.3027.11698.0
2025-01-20T05:21:19.000Z,0.02017468959093094,0.10883580148220062,72359026,R1.2900.11955.0
2025-01-20T05:21:19.500Z,0.011406573466956615,0.10883580148220062,72359026,R1.2900.11955.0
2025-01-20T05:21:20.000Z,0.03137856349349022,0.10883580148220062,71908906,R1.2900.11955.0
2025-01-20T05:21:20.500Z,0.024431783705949783,0.10883580148220062,72359026,R1.2900.11955.0
2025-01-20T05:21:21.000Z,0.020635122433304787,0.10883580148220062,71908906,R1.2900.11955.0
2025-01-20T05:21:21.500Z,0.01859579049050808,0.10883580148220062,40237728,R1.3027.11698.0
2025-01-20T05:21:22.000Z,0.02587294951081276,0.10883580148220062,71325295,R1.2900.11955.0
2025-01-20T05:21:22.500Z,0.029515981674194336,0.10883580148220062,21204713,R1.0697.5199.0
2025-01-20T05:21:23.000Z,0.022243017330765724,0.10883580148220062,71325295,R1.2900.11955.0
2025-01-20T05:21:23.500Z,0.011814731173217297,0.10883580148220062,72359026,R1.2900.11955.0
2025-01-20T05:21:24.000Z,0.012278004549443722,0.10883580148220062,21212835,R1.2172.7737.0
2025-01-20T05:21:24.500Z,0.013281120918691158,0.10883580148220062,40220017,R1.3027.11698.0
2025-01-20T05:21:25.000Z,0.013713602907955647,0.10883580148220062,71325295,R1.2900.11955.0
2025-01-20T05:21:25.500Z,0.016860131174325943,0.10883580148220062,40220017,R1.3027.11698.0
2025-01-20T05:21:26.000Z,0.0413438156247139,0.10883580148220062,51214531,R1.2900.11955.0
2025-01-20T05:21:26.500Z,0.010625122115015984,0.10883580148220062,72359026,R1.2900.11955.0
2025-01-20T05:21:27.000Z,0.022347012534737587,0.10883580148220062,72154411,R1.2900.11955.0
2025-01-20T05:21:27.500Z,0.03998873010277748,0.10883580148220062,72154411,R1.2900.11955.0
2025-01-20T05:21:28.000Z,0.016389766708016396,0.10883580148220062,71325295,R1.2900.11955.0
2025-01-20T05:21:28.500Z,0.03136439621448517,0.10883580148220062,40220017,R1.3027.11698.0
2025-01-20T05:21:29.000Z,0.02584511786699295,0.10883580148220062,72359026,R1.2900.11955.0
2025-01-20T05:21:29.500Z,0.011837772093713284,0.10883580148220062,21212835,R1.2172.7737.0
2025-01-20T05:21:30.000Z,0.034069232642650604,0.10883580148220062,72359026,R1.2900.11955.0
2025-01-20T05:21:30.500Z,0.028851445764303207,0.10883580148220062,51214531,R1.2900.11955.0
2025-01-20T05:21:31.000Z,-0.0013169310986995697,0.10883580148220062,40237728,R1.3027.11698.0
2025-01-20T05:21:31.500Z,0.026440413668751717,0.10883580148220062,40237728,R1.3027.11698.0
2025-01-20T05:21:32.000Z,0.0327802449464798,0.10883580148220062,21204713,R1.0697.5199.0
2025-01-20T05:21:32.500Z,0.007857944816350937,0.10883580148220062,21204713,R1.0697.5199.0
2025-01-20T05:21:33.000Z,0.020230447873473167,0.10883580148220062,71325295,R1.2900.11955.0
2025-01-20T05:21:33.500Z,0.010762607678771019,0.10883580148220062,72359026,R1.2900.11955.0
2025-01-20T05:21:34.000Z,0.026023676618933678,0.10883580148220062,72359026,R1.2900.11955.0
2025-01-20T05:21:34.500Z,0.017680956050753593,0.10883580148220062,71325295,R1.2900.11955.0
2025-01-20T05:21:35.000Z,0.022466644644737244,0.10883580148220062,71325295,R1.2900.11955.0
2025-01-20T05:21:35.500Z,-0.0003613856970332563,0.10883580148220062,40237728,R1.3027.11698.0
2025-01-20T05:21:36.000Z,0.02719128504395485,0.10883580148220062,51214531,R1.2900.11955.0
2025-01-20T05:21:36.500Z,0.016792651265859604,0.10883580148220062,40220017,R1.3027.11698.0
2025-01-20T05:21:37.000Z,0.0175259280949831,0.10883580148220062,72154411,R1.2900.11955.0
2025-01-20T05:21:37.500Z,0.017446214333176613,0.10883580148220062,51214531,R1.2900.11955.0
2025-01-20T05:21:38.000Z,0.03910122066736221,0.10883580148220062,71567810,R1.2900.11955.0
2025-01-20T05:21:38.500Z,0.024273976683616638,0.10883580148220062,72154411,R1.2900.11955.0
2025-01-20T05:21:39.000Z,0.012372616678476334,0.10883580148220062,72359026,R1.2900.11955.0
2025-01-20T05:21:39.500Z,0.039125218987464905,0.10883580148220062,21212835,R1.2172.7737.0
2025-01-20T05:21:40.000Z,0.015312368981540203,0.10883580148220062,72359026,R1.2900.11955.0
2025-01-20T05:21:40.500Z,0.007033364847302437,0.10883580148220062,71325295,R1.2900.11955.0
2025-01-20T05:21:41.000Z,0.01641872152686119,0.10883580148220062,40237728,R1.3027.11698.0
2025-01-20T05:21:41.500Z,0.015252145938575268,0.10883580148220062,72154411,R1.2900.11955.0
2025-01-20T05:21:42.000Z,0.029271624982357025,0.10883580148220062,40237728,R1.3027.11698.0
2025-01-20T05:21:42.500Z,0.01872372254729271,0.10883580148220062,71908906,R1.2900.11955.0
2025-01-20T05:21:43.000Z,0.020700620487332344,0.10883580148220062,71908906,R1.2900.11955.0
2025-01-20T05:21:43.500Z,0.022507088258862495,0.10883580148220062,51214531,R1.2900.11955.0
2025-01-20T05:21:44.000Z,0.022118810564279556,0.10883580148220062,72154411,R1.2900.11955.0
2025-01-20T05:21:44.500Z,0.032594434916973114,0.10883580148220062,71325295,R1.2900.11955.0
2025-01-20T05:21:45.000Z,0.010822932235896587,0.10883580148220062,40220017,R1.3027.11698.0
2025-01-20T05:21:45.500Z,0.022077593952417374,0.10883580148220062,51214531,R1.2900.11955.0
2025-01-20T05:21:46.000Z,0.019950708374381065,0.10883580148220062,71908906,R1.2900.11955.0
2025-01-20T05:21:46.500Z,0.020642302930355072,0.10883580148220062,71908906,R1.2900.11955.0
2025-01-20T05:21:47.000Z,0.026083538308739662,0.10883580148220062,40220017,R1.3027.11698.0
2025-01-20T05:21:47.500Z,0.01471907552331686,0.10883580148220062,40220017,R1.3027.11698.0
2025-01-20T05:21:48.000Z,0.0050551751628518105,0.10883580148220062,40237728,R1.3027.11698.0
2025-01-20T05:21:48.500Z,0.012108853086829185,0.10883580148220062,71908906,R1.2900.11955.0
2025-01-20T05:21:49.000Z,0.03303873911499977,0.10883580148220062,51214531,R1.2900.11955.0
2025-01-20T05:21:49.500Z,0.014700360596179962,0.10883580148220062,72359026,R1.2900.11955.0
2025-01-20T05:21:50.000Z,0.03249095752835274,0.10883580148220062,40220017,R1.3027.11698.0
2025-01-20T05:21:50.500Z,0.01473154965788126,0.10883580148220062,51214531,R1.2900.11955.0
2025-01-20T05:21:51.000Z,0.022329092025756836,0.10883580148220062,21212835,R1.2172.7737.0
2025-01-20T05:21:51.500Z,0.013693975284695625,0.10883580148220062,21204713,R1.0697.5199.0
2025-01-20T05:21:52.000Z,0.049737196415662766,0.10883580148220062,21204713,R1.0697.5199.0
2025-01-20T05:21:52.500Z,0.013418246991932392,0.10883580148220062,72154411,R1.2900.11955.0
2025-01-20T05:21:53.000Z,0.024124376475811005,0.10883580148220062,71908906,R1.2900.11955.0
2025-01-20T05:21:53.500Z,0.013713331893086433,0.10883580148220062,72154411,R1.2900.11955.0
2025-01-20T05:21:54.000Z,0.006277673412114382,0.10883580148220062,40237728,R1.3027.11698.0
2025-01-20T05:21:54.500Z,0.028272617608308792,0.10883580148220062,21212835,R1.2172.7737.0
2025-01-20T05:21:55.000Z,0.03422612324357033,0.10883580148220062,40237728,R1.3027.11698.0
2025-01-20T05:21:55.500Z,0.030306357890367508,0.10883580148220062,21204713,R1.0697.5199.0
2025-01-20T05:21:56.000Z,0.02977253682911396,0.10883580148220062,40220017,R1.3027.11698.0
2025-01-20T05:21:56.500Z,0.022487247362732887,0.10883580148220062,40220017,R1.3027.11698.0
2025-01-20T05:21:57.000Z,0.029562639072537422,0.10883580148220062,71325295,R1.2900.11955.0
2025-01-20T05:21:57.500Z,0.020444925874471664,0.10883580148220062,51214531,R1.2900.11955.0
2025-01-20T05:21:58.000Z,0.034186240285634995,0.10883580148220062,51214531,R1.2900.11955.0
2025-01-20T05:21:58.500Z,0.02780328132212162,0.10883580148220062,71908906,R1.2900.11955.0
2025-01-20T05:21:59.000Z,0.011875995434820652,0.10883580148220062,72154411,R1.2900.11955.0
2025-01-20T05:21:59.500Z,0.014612479135394096,0.10883580148220062,72359026,R1.2900.11955.0
2025-01-20T05:22:00.000Z,0.026656974107027054,0.10883580148220062,21204713,R1.0697.5199.0
2025-01-20T05:22:00.500Z,0.015744594857096672,0.10883580148220062,51214531,R1.2900.11955.0
2025-01-20T05:22:01.000Z,0.015133196488022804,0.10883580148220062,51214531,R1.2900.11955.0
2025-01-20T05:22:01.500Z,0.034421540796756744,0.10883580148220062,51214531,R1.2900.11955.0
2025-01-20T05:22:02.000Z,0.027385521680116653,0.10883580148220062,40237728,R1.3027.11698.0
2025-01-20T05:22:02.500Z,0.029799802228808403,0.10883580148220062,21212835,R1.2172.7737.0
2025-01-20T05:22:03.000Z,0.020408503711223602,0.10883580148220062,40220017,R1.3027.11698.0
2025-01-20T05:22:03.500Z,0.009588277898728848,0.10883580148220062,71567810,R1.2900.11955.0
2025-01-20T05:22:04.000Z,0.017356598749756813,0.10883580148220062,40237728,R1.3027.11698.0
2025-01-20T05:22:04.500Z,0.02128368429839611,0.10883580148220062,21204713,R1.0697.5199.0
2025-01-20T05:22:05.000Z,0.0117586525157094,0.10883580148220062,71567810,R1.2900.11955.0
2025-01-20T05:22:05.500Z,0.03382168710231781,0.10883580148220062,40220017,R1.3027.11698.0
2025-01-20T05:22:06.000Z,0.017534708604216576,0.10883580148220062,71908906,R1.2900.11955.0
2025-01-20T05:22:06.500Z,0.024841664358973503,0.10883580148220062,21204713,R1.0697.5199.0
2025-01-20T05:22:07.000Z,0.0124184126034379,0.10883580148220062,21212835,R1.2172.7737.0
2025-01-20T05:22:07.500Z,0.026828153058886528,0.10883580148220062,72359026,R1.2900.11955.0
2025-01-20T05:22:08.000Z,3.440526779741049e-05,0.10883580148220062,51214531,R1.2900.11955.0
2025-01-20T05:22:08.500Z,0.02661125734448433,0.10883580148220062,71908906,R1.2900.11955.0
2025-01-20T05:22:09.000Z,0.03880857303738594,0.10883580148220062,21212835,R1.2172.7737.0
2025-01-20T05:22:09.500Z,0.019634567201137543,0.10883580148220062,71567810,R1.2900.11955.0
2025-01-20T05:22:10.000Z,0.024015376344323158,0.10883580148220062,71325295,R1.2900.11955.0
2025-01-20T05:22:10.500Z,0.02176002971827984,0.10883580148220062,40237728,R1.3027.11698.0
2025-01-20T05:22:11.000Z,0.02705840766429901,0.10883580148220062,72359026,R1.2900.11955.0
2025-01-20T05:22:11.500Z,0.039609916508197784,0.10883580148220062,72154411,R1.2900.11955.0
2025-01-20T05:22:12.000Z,0.00869031809270382,0.10883580148220062,72154411,R1.2900.11955.0
2025-01-20T05:22:12.500Z,0.03377653285861015,0.10883580148220062,40237728,R1.3027.11698.0
2025-01-20T05:22:13.000Z,0.025844035670161247,0.10883580148220062,71908906,R1.2900.11955.0
2025-01-20T05:22:13.500Z,0.011465461924672127,0.10883580148220062,21204713,R1.0697.5199.0
2025-01-20T05:22:14.000Z,0.02032400481402874,0.10883580148220062,21212835,R1.2172.7737.0
2025-01-20T05:22:14.500Z,0.054410118609666824,0.10883580148220062,21204713,R1.0697.5199.0
2025-01-20T05:22:15.000Z,0.041607532650232315,0.10883580148220062,21212835,R1.2172.7737.0
2025-01-20T05:22:15.500Z,0.010014057159423828,0.10883580148220062,51214531,R1.2900.11955.0
2025-01-20T05:22:16.000Z,0.010450399480760098,0.10883580148220062,51214531,R1.2900.11955.0
2025-01-20T05:22:16.500Z,0.028702035546302795,0.10883580148220062,71567810,R1.2900.11955.0
2025-01-20T05:22:17.000Z,0.017331594601273537,0.10883580148220062,71908906,R1.2900.11955.0
2025-01-20T05:22:17.500Z,0.018371891230344772,0.10883580148220062,21204713,R1.0697.5199.0
2025-01-20T05:22:18.000Z,0.015652593225240707,0.10883580148220062,21212835,R1.2172.7737.0
2025-01-20T05:22:18.500Z,0.01787894405424595,0.10883580148220062,21212835,R1.2172.7737.0
2025-01-20T05:22:19.000Z,0.012941299937665462,0.10883580148220062,71325295,R1.2900.11955.0
2025-01-20T05:22:19.500Z,0.019340069964528084,0.10883580148220062,71325295,R1.2900.11955.0
2025-01-20T05:22:20.000Z,0.01846533641219139,0.10883580148220062,51214531,R1.2900.11955.0
2025-01-20T05:22:20.500Z,0.044936999678611755,0.10883580148220062,21204713,R1.0697.5199.0
2025-01-20T05:22:21.000Z,0.022221140563488007,0.10883580148220062,21212835,R1.2172.7737.0
2025-01-20T05:22:21.500Z,0.01833231747150421,0.10883580148220062,40237728,R1.3027.11698.0
2025-01-20T05:22:22.000Z,0.024340331554412842,0.10883580148220062,40237728,R1.3027.11698.0
2025-01-20T05:22:22.500Z,0.033068086951971054,0.10883580148220062,72154411,R1.2900.11955.0
2025-01-20T05:22:23.000Z,0.01877557672560215,0.10883580148220062,40237728,R1.3027.11698.0
2025-01-20T05:22:23.500Z,0.018653618171811104,0.10883580148220062,51214531,R1.2900.11955.0
2025-01-20T05:22:24.000Z,0.022444458678364754,0.10883580148220062,21204713,R1.0697.5199.0
2025-01-20T05:22:24.500Z,0.026551885530352592,0.10883580148220062,21212835,R1.2172.7737.0
2025-01-20T05:22:25.000Z,0.023006539791822433,0.10883580148220062,71908906,R1.2900.11955.0
2025-01-20T05:22:25.500Z,0.022965582087635994,0.10883580148220062,51214531,R1.2900.11955.0
2025-01-20T05:22:26.000Z,0.024385718628764153,0.10883580148220062,72154411,R1.2900.11955.0
2025-01-20T05:22:26.500Z,0.021934721618890762,0.10883580148220062,71567810,R1.2900.11955.0
2025-01-20T05:22:27.000Z,0.016338510438799858,0.10883580148220062,71567810,R1.2900.11955.0
2025-01-20T05:22:27.500Z,0.02472270466387272,0.10883580148220062,51214531,R1.2900.11955.0
2025-01-20T05:22:28.000Z,0.015490749850869179,0.10883580148220062,72359026,R1.2900.11955.0
2025-01-20T05:22:28.500Z,0.027063071727752686,0.10883580148220062,40237728,R1.3027.11698.0
2025-01-20T05:22:29.000Z,0.021257011219859123,0.10883580148220062,40237728,R1.3027.11698.0
2025-01-20T05:22:29.500Z,0.011298861354589462,0.10883580148220062,40237728,R1.3027.11698.0
2025-01-20T05:22:30.000Z,0.022412989288568497,0.10883580148220062,72154411,R1.2900.11955.0
2025-01-20T05:22:30.500Z,0.024193711578845978,0.10883580148220062,72359026,R1.2900.11955.0
2025-01-20T05:22:31.000Z,0.029865257441997528,0.10883580148220062,21204713,R1.0697.5199.0
2025-01-20T05:22:31.500Z,0.017080359160900116,0.10883580148220062,40237728,R1.3027.11698.0
2025-01-20T05:22:32.000Z,0.0273459292948246,0.10883580148220062,21204713,R1.0697.5199.0
2025-01-20T05:22:32.500Z,0.021005989983677864,0.10883580148220062,21212835,R1.2172.7737.0
2025-01-20T05:22:33.000Z,0.03360789641737938,0.10883580148220062,72154411,R1.2900.11955.0
2025-01-20T05:22:33.500Z,0.031225183978676796,0.10883580148220062,71567810,R1.2900.11955.0
2025-01-20T05:22:34.000Z,0.01565246656537056,0.10883580148220062,72154411,R1.2900.11955.0
2025-01-20T05:22:34.500Z,0.01367158256471157,0.10883580148220062,40237728,R1.3027.11698.0
2025-01-20T05:22:35.000Z,0.01998326927423477,0.10883580148220062,72154411,R1.2900.11955.0
2025-01-20T05:22:35.500Z,0.027609702199697495,0.10883580148220062,21212835,R1.2172.7737.0
2025-01-20T05:22:36.000Z,0.038764920085668564,0.10883580148220062,71908906,R1.2900.11955.0
2025-01-20T05:22:36.500Z,0.021818894892930984,0.10883580148220062,71325295,R1.2900.11955.0
2025-01-20T05:22:37.000Z,0.030795954167842865,0.10883580148220062,72154411,R1.2900.11955.0
2025-01-20T05:22:37.500Z,0.019522570073604584,0.10883580148220062,72359026,R1.2900.11955.0
2025-01-20T05:22:38.000Z,0.011760693974792957,0.10883580148220062,72359026,R1.2900.11955.0
2025-01-20T05:22:38.500Z,0.03064858727157116,0.10883580148220062,72154411,R1.2900.11955.0
2025-01-20T05:22:39.000Z,0.021373335272073746,0.10883580148220062,40220017,R1.3027.11698.0
2025-01-20T05:22:39.500Z,0.011237390339374542,0.10883580148220062,21204713,R1.0697.5199.0
2025-01-20T05:22:40.000Z,0.02076750062406063,0.10883580148220062,21204713,R1.0697.5199.0
2025-01-20T05:22:40.500Z,0.008287145756185055,0.10883580148220062,21212835,R1.2172.7737.0
2025-01-20T05:22:41.000Z,0.03746902570128441,0.10883580148220062,40220017,R1.3027.11698.0
2025-01-20T05:22:41.500Z,0.027459440752863884,0.10883580148220062,72154411,R1.2900.11955.0
2025-01-20T05:22:42.000Z,0.04147231578826904,0.10883580148220062,72154411,R1.2900.11955.0
2025-01-20T05:22:42.500Z,0.057682380080223083,0.10883580148220062,72359026,R1.2900.11955.0
2025-01-20T05:22:43.000Z,0.021055918186903,0.10883580148220062,21204713,R1.0697.5199.0
2025-01-20T05:22:43.500Z,0.02965901978313923,0.10883580148220062,21204713,R1.0697.5199.0
2025-01-20T05:22:44.000Z,0.030821599066257477,0.10883580148220062,21212835,R1.2172.7737.0
2025-01-20T05:22:44.500Z,0.03183737024664879,0.10883580148220062,21212835,R1.2172.7737.0
2025-01-20T05:22:45.000Z,0.029409417882561684,0.10883580148220062,71325295,R1.2900.11955.0
2025-01-20T05:22:45.500Z,0.018365176394581795,0.10883580148220062,40237728,R1.3027.11698.0
2025-01-20T05:22:46.000Z,0.012660060077905655,0.10883580148220062,40220017,R1.3027.11698.0
2025-01-20T05:22:46.500Z,0.03057894855737686,0.10883580148220062,21212835,R1.2172.7737.0
2025-01-20T05:22:47.000Z,0.005995883606374264,0.10883580148220062,71325295,R1.2900.11955.0
2025-01-20T05:22:47.500Z,0.018793262541294098,0.10883580148220062,71567810,R1.2900.11955.0
2025-01-20T05:22:48.000Z,0.02435891702771187,0.10883580148220062,71908906,R1.2900.11955.0
2025-01-20T05:22:48.500Z,0.020994368940591812,0.10883580148220062,21204713,R1.0697.5199.0
2025-01-20T05:22:49.000Z,0.024803774431347847,0.10883580148220062,40220017,R1.3027.11698.0
2025-01-20T05:22:49.500Z,0.02161177061498165,0.10883580148220062,72154411,R1.2900.11955.0
2025-01-20T05:22:50.000Z,0.029061343520879745,0.10883580148220062,71567810,R1.2900.11955.0
2025-01-20T05:22:50.500Z,0.01064257137477398,0.10883580148220062,40237728,R1.3027.11698.0
2025-01-20T05:22:51.000Z,0.01873227395117283,0.10883580148220062,71908906,R1.2900.11955.0
2025-01-20T05:22:51.500Z,0.006559734698385,0.10883580148220062,72154411,R1.2900.11955.0
2025-01-20T05:22:52.000Z,0.03979376703500748,0.10883580148220062,72359026,R1.2900.11955.0
2025-01-20T05:22:52.500Z,0.017816215753555298,0.10883580148220062,71908906,R1.2900.11955.0
2025-01-20T05:22:53.000Z,0.03501344099640846,0.10883580148220062,71908906,R1.2900.11955.0
2025-01-20T05:22:53.500Z,0.002800537273287773,0.10883580148220062,21212835,R1.2172.7737.0
2025-01-20T05:22:54.000Z,0.016554230824112892,0.10883580148220062,40237728,R1.3027.11698.0
2025-01-20T05:22:54.500Z,0.006839975249022245,0.10883580148220062,72154411,R1.2900.11955.0
2025-01-20T05:22:55.000Z,0.025588316842913628,0.10883580148220062,40220017,R1.3027.11698.0
2025-01-20T05:22:55.500Z,0.020279711112380028,0.10883580148220062,71908906,R1.2900.11955.0
2025-01-20T05:22:56.000Z,0.013869781978428364,0.10883580148220062,40220017,R1.3027.11698.0
2025-01-20T05:22:56.500Z,0.01633584313094616,0.10883580148220062,71567810,R1.2900.11955.0
2025-01-20T05:22:57.000Z,0.03576449304819107,0.10883580148220062,21204713,R1.0697.5199.0
2025-01-20T05:22:57.500Z,0.007472956087440252,0.10883580148220062,71567810,R1.2900.11955.0
2025-01-20T05:22:58.000Z,0.013667549937963486,0.10883580148220062,71567810,R1.2900.11955.0
2025-01-20T05:22:58.500Z,0.024004116654396057,0.10883580148220062,72359026,R1.2900.11955.0
2025-01-20T05:22:59.000Z,0.030693169683218002,0.10883580148220062,40237728,R1.3027.11698.0
2025-01-20T05:22:59.500Z,0.0142745990306139,0.10883580148220062,40237728,R1.3027.11698.0
2025-01-20T05:23:00.000Z,0.024876223877072334,0.10883580148220062,71908906,R1.2900.11955.0
2025-01-20T05:23:00.500Z,0.027912363409996033,0.10883580148220062,51214531,R1.2900.11955.0
2025-01-20T05:23:01.000Z,0.03069302812218666,0.10883580148220062,72154411,R1.2900.11955.0
2025-01-20T05:23:01.500Z,0.0024606462102383375,0.10883580148220062,21212835,R1.2172.7737.0
2025-01-20T05:23:02.000Z,0.01739109307527542,0.10883580148220062,40220017,R1.3027.11698.0
2025-01-20T05:23:02.500Z,0.021134158596396446,0.10883580148220062,40220017,R1.3027.11698.0
2025-01-20T05:23:03.000Z,0.013330365531146526,0.10883580148220062,72154411,R1.2900.11955.0
2025-01-20T05:23:03.500Z,0.02238680236041546,0.10883580148220062,21212835,R1.2172.7737.0
2025-01-20T05:23:04.000Z,0.006152870133519173,0.10883580148220062,40237728,R1.3027.11698.0
2025-01-20T05:23:04.500Z,-0.0010396485449746251,0.10883580148220062,40237728,R1.3027.11698.0
2025-01-20T05:23:05.000Z,0.02256709337234497,0.10883580148220062,21212835,R1.2172.7737.0
2025-01-20T05:23:05.500Z,0.020632078871130943,0.10883580148220062,71908906,R1.2900.11955.0
2025-01-20T05:23:06.000Z,0.02409442514181137,0.10883580148220062,72359026,R1.2900.11955.0
2025-01-20T05:23:06.500Z,0.020899981260299683,0.10883580148220062,21204713,R1.0697.5199.0
2025-01-20T05:23:07.000Z,0.03154826536774635,0.10883580148220062,40220017,R1.3027.11698.0
2025-01-20T05:23:07.500Z,0.02503037080168724,0.10883580148220062,71908906,R1.2900.11955.0
2025-01-20T05:23:08.000Z,0.026235919445753098,0.10883580148220062,72154411,R1.2900.11955.0
2025-01-20T05:23:08.500Z,0.015773776918649673,0.10883580148220062,71908906,R1.2900.11955.0
2025-01-20T05:23:09.000Z,0.018437184393405914,0.10883580148220062,72154411,R1.2900.11955.0
2025-01-20T05:23:09.500Z,0.024595070630311966,0.10883580148220062,40237728,R1.3027.11698.0
2025-01-20T05:23:10.000Z,0.022130627185106277,0.10883580148220062,40237728,R1.3027.11698.0
2025-01-20T05:23:10.500Z,0.016218502074480057,0.10883580148220062,71567810,R1.2900.11955.0
2025-01-20T05:23:11.000Z,0.017367878928780556,0.10883580148220062,51214531,R1.2900.11955.0
2025-01-20T05:23:11.500Z,0.020957201719284058,0.10883580148220062,21212835,R1.2172.7737.0
2025-01-20T05:23:12.000Z,0.025658026337623596,0.10883580148220062,51214531,R1.2900.11955.0
2025-01-20T05:23:12.500Z,0.022259371355175972,0.10883580148220062,40237728,R1.3027.11698.0
2025-01-20T05:23:13.000Z,0.012914984486997128,0.10883580148220062,40220017,R1.3027.11698.0
2025-01-20T05:23:13.500Z,0.012815695255994797,0.10883580148220062,40237728,R1.3027.11698.0
2025-01-20T05:23:14.000Z,0.028263263404369354,0.10883580148220062,72154411,R1.2900.11955.0
2025-01-20T05:23:14.500Z,0.04401874169707298,0.10883580148220062,21204713,R1.0697.5199.0
2025-01-20T05:23:15.000Z,0.015877878293395042,0.10883580148220062,51214531,R1.2900.11955.0
2025-01-20T05:23:15.500Z,0.01701878197491169,0.10883580148220062,21204713,R1.0697.5199.0
2025-01-20T05:23:16.000Z,0.012648170813918114,0.10883580148220062,21212835,R1.2172.7737.0
2025-01-20T05:23:16.500Z,0.025719692930579185,0.10883580148220062,71908906,R1.2900.11955.0
2025-01-20T05:23:17.000Z,0.021749572828412056,0.10883580148220062,21212835,R1.2172.7737.0
2025-01-20T05:23:17.500Z,0.008589266799390316,0.10883580148220062,40237728,R1.3027.11698.0
2025-01-20T05:23:18.000Z,0.018323950469493866,0.10883580148220062,21204713,R1.0697.5199.0
2025-01-20T05:23:18.500Z,0.021988937631249428,0.10883580148220062,71325295,R1.2900.11955.0
2025-01-20T05:23:19.000Z,0.023151736706495285,0.10883580148220062,51214531,R1.2900.11955.0
2025-01-20T05:23:19.500Z,0.03357692435383797,0.10883580148220062,21204713,R1.0697.5199.0
2025-01-20T05:23:20.000Z,0.011762656271457672,0.10883580148220062,51214531,R1.2900.11955.0
2025-01-20T05:23:20.500Z,0.03691601753234863,0.10883580148220062,21212835,R1.2172.7737.0
2025-01-20T05:23:21.000Z,0.028910798951983452,0.10883580148220062,21212835,R1.2172.7737.0
2025-01-20T05:23:21.500Z,0.012800539843738079,0.10883580148220062,21204713,R1.0697.5199.0
2025-01-20T05:23:22.000Z,0.023356212303042412,0.10883580148220062,40237728,R1.3027.11698.0
2025-01-20T05:23:22.500Z,0.01641755737364292,0.10883580148220062,71567810,R1.2900.11955.0
2025-01-20T05:23:23.000Z,0.015043440274894238,0.10883580148220062,21212835,R1.2172.7737.0
2025-01-20T05:23:23.500Z,-0.002386733889579773,0.10883580148220062,71567810,R1.2900.11955.0
2025-01-20T05:23:24.000Z,0.017408352345228195,0.10883580148220062,21212835,R1.2172.7737.0
2025-01-20T05:23:24.500Z,0.014284021221101284,0.10883580148220062,21204713,R1.0697.5199.0
2025-01-20T05:23:25.000Z,0.036403167992830276,0.10883580148220062,21212835,R1.2172.7737.0
2025-01-20T05:23:25.500Z,0.026471352204680443,0.10883580148220062,40237728,R1.3027.11698.0
2025-01-20T05:23:26.000Z,0.01760570891201496,0.10883580148220062,72154411,R1.2900.11955.0
2025-01-20T05:23:26.500Z,0.03826835751533508,0.10883580148220062,40220017,R1.3027.11698.0
2025-01-20T05:23:27.000Z,0.01778181456029415,0.10883580148220062,21204713,R1.0697.5199.0
2025-01-20T05:23:27.500Z,0.020876191556453705,0.10883580148220062,72154411,R1.2900.11955.0
2025-01-20T05:23:28.000Z,0.04760397970676422,0.10883580148220062,21204713,R1.0697.5199.0
2025-01-20T05:23:28.500Z,0.017201339825987816,0.10883580148220062,21204713,R1.0697.5199.0
2025-01-20T05:23:29.000Z,0.015696164220571518,0.10883580148220062,51214531,R1.2900.11955.0
2025-01-20T05:23:29.500Z,0.023771952837705612,0.10883580148220062,40220017,R1.3027.11698.0
2025-01-20T05:23:30.000Z,0.04862901568412781,0.10883580148220062,21212835,R1.2172.7737.0
2025-01-20T05:23:30.500Z,0.011883102357387543,0.10883580148220062,71567810,R1.2900.11955.0
2025-01-20T05:23:31.000Z,0.013114826753735542,0.10883580148220062,71567810,R1.2900.11955.0
2025-01-20T05:23:31.500Z,0.02176237851381302,0.10883580148220062,40220017,R1.3027.11698.0
2025-01-20T05:23:32.000Z,0.015419906005263329,0.10883580148220062,72359026,R1.2900.11955.0
2025-01-20T05:23:32.500Z,0.050732847303152084,0.10883580148220062,21212835,R1.2172.7737.0
2025-01-20T05:23:33.000Z,0.02242671512067318,0.10883580148220062,40220017,R1.3027.11698.0
2025-01-20T05:23:33.500Z,0.040469661355018616,0.10883580148220062,21204713,R1.0697.5199.0
2025-01-20T05:23:34.000Z,0.028417108580470085,0.10883580148220062,21212835,R1.2172.7737.0
2025-01-20T05:23:34.500Z,0.025465048849582672,0.10883580148220062,51214531,R1.2900.11955.0
2025-01-20T05:23:35.000Z,0.01662188209593296,0.10883580148220062,40237728,R1.3027.11698.0
2025-01-20T05:23:35.500Z,0.030599433928728104,0.10883580148220062,21204713,R1.0697.5199.0
2025-01-20T05:23:36.000Z,0.012699040584266186,0.10883580148220062,21212835,R1.2172.7737.0
2025-01-20T05:23:36.500Z,0.038618337363004684,0.10883580148220062,21212835,R1.2172.7737.0
2025-01-20T05:23:37.000Z,0.03960820659995079,0.10883580148220062,72154411,R1.2900.11955.0
2025-01-20T05:23:37.500Z,0.020008325576782227,0.10883580148220062,21212835,R1.2172.7737.0
2025-01-20T05:23:38.000Z,0.03032761812210083,0.10883580148220062,72359026,R1.2900.11955.0
2025-01-20T05:23:38.500Z,0.03139470890164375,0.10883580148220062,21204713,R1.0697.5199.0
2025-01-20T05:23:39.000Z,0.024021850898861885,0.10883580148220062,40237728,R1.3027.11698.0
2025-01-20T05:23:39.500Z,0.03342195227742195,0.10883580148220062,72359026,R1.2900.11955.0
2025-01-20T05:23:40.000Z,0.012654448859393597,0.10883580148220062,21212835,R1.2172.7737.0
2025-01-20T05:23:40.500Z,0.017761675640940666,0.10883580148220062,40220017,R1.3027.11698.0
2025-01-20T05:23:41.000Z,0.022770987823605537,0.10883580148220062,71325295,R1.2900.11955.0
2025-01-20T05:23:41.500Z,0.0014486153377220035,0.10883580148220062,71325295,R1.2900.11955.0
2025-01-20T05:23:42.000Z,0.011598831042647362,0.10883580148220062,40237728,R1.3027.11698.0
2025-01-20T05:23:42.500Z,0.04604056477546692,0.10883580148220062,21212835,R1.2172.7737.0
2025-01-20T05:23:43.000Z,0.03669688478112221,0.10883580148220062,21204713,R1.0697.5199.0
2025-01-20T05:23:43.500Z,0.0012882119044661522,0.10883580148220062,51214531,R1.2900.11955.0
2025-01-20T05:23:44.000Z,0.019353952258825302,0.10883580148220062,71325295,R1.2900.11955.0
2025-01-20T05:23:44.500Z,0.0313897468149662,0.10883580148220062,51214531,R1.2900.11955.0
2025-01-20T05:23:45.000Z,0.05544167384505272,0.10883580148220062,21204713,R1.0697.5199.0
2025-01-20T05:23:45.500Z,0.02113175392150879,0.10883580148220062,72359026,R1.2900.11955.0
2025-01-20T05:23:46.000Z,0.011446112766861916,0.10883580148220062,71567810,R1.2900.11955.0
2025-01-20T05:23:46.500Z,0.04086903855204582,0.10883580148220062,21212835,R1.2172.7737.0
2025-01-20T05:23:47.000Z,0.02160043641924858,0.10883580148220062,21212835,R1.2172.7737.0
2025-01-20T05:23:47.500Z,0.018279822543263435,0.10883580148220062,71908906,R1.2900.11955.0
2025-01-20T05:23:48.000Z,0.03349434211850166,0.10883580148220062,72154411,R1.2900.11955.0
2025-01-20T05:23:48.500Z,0.02091376669704914,0.10883580148220062,71567810,R1.2900.11955.0
2025-01-20T05:23:49.000Z,0.0344221331179142,0.10883580148220062,21204713,R1.0697.5199.0
2025-01-20T05:23:49.500Z,0.03613688796758652,0.10883580148220062,71325295,R1.2900.11955.0
2025-01-20T05:23:50.000Z,0.02017517015337944,0.10883580148220062,71567810,R1.2900.11955.0
2025-01-20T05:23:50.500Z,0.03374284505844116,0.10883580148220062,71908906,R1.2900.11955.0
2025-01-20T05:23:51.000Z,0.008277532644569874,0.10883580148220062,51214531,R1.2900.11955.0
2025-01-20T05:23:51.500Z,0.02624133974313736,0.10883580148220062,72154411,R1.2900.11955.0
2025-01-20T05:23:52.000Z,0.03654694929718971,0.10883580148220062,21212835,R1.2172.7737.0
2025-01-20T05:23:52.500Z,0.024044198915362358,0.10883580148220062,72359026,R1.2900.11955.0
2025-01-20T05:23:53.000Z,0.010428023524582386,0.10883580148220062,71325295,R1.2900.11955.0
2025-01-20T05:23:53.500Z,0.014671798795461655,0.10883580148220062,21212835,R1.2172.7737.0
2025-01-20T05:23:54.000Z,0.03167654573917389,0.10883580148220062,51214531,R1.2900.11955.0
2025-01-20T05:23:54.500Z,0.024176979437470436,0.10883580148220062,21212835,R1.2172.7737.0
2025-01-20T05:23:55.000Z,0.024536214768886566,0.10883580148220062,51214531,R1.2900.11955.0
2025-01-20T05:23:55.500Z,0.019189178943634033,0.10883580148220062,71325295,R1.2900.11955.0
2025-01-20T05:23:56.000Z,0.02898479998111725,0.10883580148220062,71325295,R1.2900.11955.0
2025-01-20T05:23:56.500Z,0.024391936138272285,0.10883580148220062,72154411,R1.2900.11955.0
2025-01-20T05:23:57.000Z,0.025917716324329376,0.10883580148220062,72359026,R1.2900.11955.0
2025-01-20T05:23:57.500Z,0.020033972337841988,0.10883580148220062,51214531,R1.2900.11955.0
2025-01-20T05:23:58.000Z,0.031180428341031075,0.10883580148220062,40237728,R1.3027.11698.0
2025-01-20T05:23:58.500Z,0.017316585406661034,0.10883580148220062,40237728,R1.3027.11698.0
2025-01-20T05:23:59.000Z,0.014638548716902733,0.10883580148220062,21212835,R1.2172.7737.0
2025-01-20T05:23:59.500Z,0.028041010722517967,0.10883580148220062,51214531,R1.2900.11955.0
2025-01-20T05:24:00.000Z,0.029271990060806274,0.10883580148220062,21204713,R1.0697.5199.0
2025-01-20T05:24:00.500Z,0.017338737845420837,0.10883580148220062,71325295,R1.2900.11955.0
2025-01-20T05:24:01.000Z,0.015043453313410282,0.10883580148220062,40220017,R1.3027.11698.0
2025-01-20T05:24:01.500Z,0.024938013404607773,0.10883580148220062,71567810,R1.2900.11955.0
2025-01-20T05:24:02.000Z,0.015180159360170364,0.10883580148220062,71567810,R1.2900.11955.0
2025-01-20T05:24:02.500Z,0.028538903221488,0.10883580148220062,71908906,R1.2900.11955.0
2025-01-20T05:24:03.000Z,0.030370259657502174,0.10883580148220062,72359026,R1.2900.11955.0
2025-01-20T05:24:03.500Z,0.042823564261198044,0.10883580148220062,72359026,R1.2900.11955.0
2025-01-20T05:24:04.000Z,0.01648830994963646,0.10883580148220062,72154411,R1.2900.11955.0
2025-01-20T05:24:04.500Z,0.026717565953731537,0.10883580148220062,71325295,R1.2900.11955.0
2025-01-20T05:24:05.000Z,0.037004899233579636,0.10883580148220062,72154411,R1.2900.11955.0
2025-01-20T05:24:05.500Z,0.009497605264186859,0.10883580148220062,72154411,R1.2900.11955.0
2025-01-20T05:24:06.000Z,0.02545403502881527,0.10883580148220062,51214531,R1.2900.11955.0
2025-01-20T05:24:06.500Z,0.032122015953063965,0.10883580148220062,21212835,R1.2172.7737.0
2025-01-20T05:24:07.000Z,0.019695427268743515,0.10883580148220062,71908906,R1.2900.11955.0
2025-01-20T05:24:07.500Z,0.047384798526763916,0.10883580148220062,51214531,R1.2900.11955.0
2025-01-20T05:24:08.000Z,0.022028865292668343,0.10883580148220062,51214531,R1.2900.11955.0
2025-01-20T05:24:08.500Z,0.010836238041520119,0.10883580148220062,72359026,R1.2900.11955.0
2025-01-20T05:24:09.000Z,0.007306861691176891,0.10883580148220062,72359026,R1.2900.11955.0
2025-01-20T05:24:09.500Z,0.010108141228556633,0.10883580148220062,40220017,R1.3027.11698.0
2025-01-20T05:24:10.000Z,0.01706058159470558,0.10883580148220062,72359026,R1.2900.11955.0
2025-01-20T05:24:10.500Z,0.030238240957260132,0.10883580148220062,71908906,R1.2900.11955.0
2025-01-20T05:24:11.000Z,0.03249707072973251,0.10883580148220062,21212835,R1.2172.7737.0
2025-01-20T05:24:11.500Z,0.027257800102233887,0.10883580148220062,71325295,R1.2900.11955.0
2025-01-20T05:24:12.000Z,0.04495745524764061,0.10883580148220062,21204713,R1.0697.5199.0
2025-01-20T05:24:12.500Z,0.030788006260991096,0.10883580148220062,71908906,R1.2900.11955.0
2025-01-20T05:24:13.000Z,0.010535613633692265,0.10883580148220062,40237728,R1.3027.11698.0
2025-01-20T05:24:13.500Z,0.02936243824660778,0.10883580148220062,72154411,R1.2900.11955.0
2025-01-20T05:24:14.000Z,0.021557873114943504,0.10883580148220062,71908906,R1.2900.11955.0
2025-01-20T05:24:14.500Z,0.02860252745449543,0.10883580148220062,71908906,R1.2900.11955.0
2025-01-20T05:24:15.000Z,0.025213858112692833,0.10883580148220062,51214531,R1.2900.11955.0
2025-01-20T05:24:15.500Z,0.014448928646743298,0.10883580148220062,51214531,R1.2900.11955.0
2025-01-20T05:24:16.000Z,0.023403825238347054,0.10883580148220062,21212835,R1.2172.7737.0
2025-01-20T05:24:16.500Z,0.004014026373624802,0.10883580148220062,72154411,R1.2900.11955.0
2025-01-20T05:24:17.000Z,0.014601931907236576,0.10883580148220062,40237728,R1.3027.11698.0
2025-01-20T05:24:17.500Z,0.028370091691613197,0.10883580148220062,71325295,R1.2900.11955.0
2025-01-20T05:24:18.000Z,0.016254961490631104,0.10883580148220062,40220017,R1.3027.11698.0
2025-01-20T05:24:18.500Z,0.0261942520737648,0.10883580148220062,21204713,R1.0697.5199.0
2025-01-20T05:24:19.000Z,0.01835891231894493,0.10883580148220062,21204713,R1.0697.5199.0
2025-01-20T05:24:19.500Z,0.018160510808229446,0.10883580148220062,71325295,R1.2900.11955.0
2025-01-20T05:24:20.000Z,0.029706185683608055,0.10883580148220062,71908906,R1.2900.11955.0
2025-01-20T05:24:20.500Z,0.02776532620191574,0.10883580148220062,51214531,R1.2900.11955.0
2025-01-20T05:24:21.000Z,0.016581088304519653,0.10883580148220062,72154411,R1.2900.11955.0
2025-01-20T05:24:21.500Z,0.0057763815857470036,0.10883580148220062,71908906,R1.2900.11955.0
2025-01-20T05:24:22.000Z,0.02159987948834896,0.10883580148220062,71908906,R1.2900.11955.0
2025-01-20T05:24:22.500Z,0.027613840997219086,0.10883580148220062,71325295,R1.2900.11955.0
2025-01-20T05:24:23.000Z,0.01628088392317295,0.10883580148220062,21204713,R1.0697.5199.0
2025-01-20T05:24:23.500Z,0.010273291729390621,0.10883580148220062,21204713,R1.0697.5199.0
2025-01-20T05:24:24.000Z,0.016846073791384697,0.10883580148220062,21204713,R1.0697.5199.0
2025-01-20T05:24:24.500Z,0.03162282332777977,0.10883580148220062,51214531,R1.2900.11955.0
2025-01-20T05:24:25.000Z,0.027821127325296402,0.10883580148220062,21204713,R1.0697.5199.0
2025-01-20T05:24:25.500Z,0.017782732844352722,0.10883580148220062,72359026,R1.2900.11955.0
2025-01-20T05:24:26.000Z,0.03444794937968254,0.10883580148220062,40220017,R1.3027.11698.0
2025-01-20T05:24:26.500Z,0.02473616413772106,0.10883580148220062,21204713,R1.0697.5199.0
2025-01-20T05:24:27.000Z,0.04169072210788727,0.10883580148220062,51214531,R1.2900.11955.0
2025-01-20T05:24:27.500Z,0.05133667215704918,0.10883580148220062,21212835,R1.2172.7737.0
2025-01-20T05:24:28.000Z,0.04054898023605347,0.10883580148220062,21212835,R1.2172.7737.0
2025-01-20T05:24:28.500Z,0.027992410585284233,0.10883580148220062,40237728,R1.3027.11698.0
2025-01-20T05:24:29.000Z,0.053253620862960815,0.10883580148220062,51214531,R1.2900.11955.0
2025-01-20T05:24:29.500Z,0.04167638719081879,0.10883580148220062,40220017,R1.3027.11698.0
2025-01-20T05:24:30.000Z,0.05360427498817444,0.10883580148220062,21204713,R1.0697.5199.0
2025-01-20T05:24:30.500Z,0.024377061054110527,0.10883580148220062,40237728,R1.3027.11698.0
2025-01-20T05:24:31.000Z,0.017511853948235512,0.10883580148220062,21204713,R1.0697.5199.0
2025-01-20T05:24:31.500Z,0.04970787093043327,0.10883580148220062,51214531,R1.2900.11955.0
2025-01-20T05:24:32.000Z,0.012526135891675949,0.10883580148220062,40220017,R1.3027.11698.0
2025-01-20T05:24:32.500Z,0.019373346120119095,0.10883580148220062,40237728,R1.3027.11698.0
2025-01-20T05:24:33.000Z,0.019473496824502945,0.10883580148220062,51214531,R1.2900.11955.0
2025-01-20T05:24:33.500Z,0.023705510422587395,0.10883580148220062,40220017,R1.3027.11698.0
2025-01-20T05:24:34.000Z,0.02470829337835312,0.10883580148220062,71325295,R1.2900.11955.0
2025-01-20T05:24:34.500Z,0.03031179867684841,0.10883580148220062,21212835,R1.2172.7737.0
2025-01-20T05:24:35.000Z,0.019162461161613464,0.10883580148220062,51214531,R1.2900.11955.0
2025-01-20T05:24:35.500Z,0.018877843394875526,0.10883580148220062,40237728,R1.3027.11698.0
2025-01-20T05:24:36.000Z,0.025369839742779732,0.10883580148220062,21212835,R1.2172.7737.0
2025-01-20T05:24:36.500Z,0.022702720016241074,0.10883580148220062,21204713,R1.0697.5199.0
2025-01-20T05:24:37.000Z,0.01552718598395586,0.10883580148220062,21212835,R1.2172.7737.0
2025-01-20T05:24:37.500Z,0.03582104295492172,0.10883580148220062,71567810,R1.2900.11955.0
2025-01-20T05:24:38.000Z,0.01610463671386242,0.10883580148220062,72154411,R1.2900.11955.0
2025-01-20T05:24:38.500Z,0.023749249055981636,0.10883580148220062,72154411,R1.2900.11955.0
2025-01-20T05:24:39.000Z,0.01002631988376379,0.10883580148220062,72154411,R1.2900.11955.0
2025-01-20T05:24:39.500Z,0.025475384667515755,0.10883580148220062,51214531,R1.2900.11955.0
2025-01-20T05:24:40.000Z,0.030653635039925575,0.10883580148220062,21204713,R1.0697.5199.0
2025-01-20T05:24:40.500Z,0.027415499091148376,0.10883580148220062,21212835,R1.2172.7737.0
2025-01-20T05:24:41.000Z,0.04419339820742607,0.10883580148220062,21212835,R1.2172.7737.0
2025-01-20T05:24:41.500Z,0.014393454417586327,0.10883580148220062,40220017,R1.3027.11698.0
2025-01-20T05:24:42.000Z,0.03969511389732361,0.10883580148220062,71325295,R1.2900.11955.0
2025-01-20T05:24:42.500Z,0.016411451622843742,0.10883580148220062,51214531,R1.2900.11955.0
2025-01-20T05:24:43.000Z,0.04855502396821976,0.10883580148220062,21212835,R1.2172.7737.0
2025-01-20T05:24:43.500Z,0.012641963548958302,0.10883580148220062,51214531,R1.2900.11955.0
2025-01-20T05:24:44.000Z,0.009454104118049145,0.10883580148220062,72154411,R1.2900.11955.0
2025-01-20T05:24:44.500Z,0.04848507419228554,0.10883580148220062,21212835,R1.2172.7737.0
2025-01-20T05:24:45.000Z,0.026470234617590904,0.10883580148220062,71325295,R1.2900.11955.0
2025-01-20T05:24:45.500Z,0.01517611276358366,0.10883580148220062,51214531,R1.2900.11955.0
2025-01-20T05:24:46.000Z,0.0219404399394989,0.10883580148220062,51214531,R1.2900.11955.0
2025-01-20T05:24:46.500Z,0.048488009721040726,0.10883580148220062,72359026,R1.2900.11955.0
2025-01-20T05:24:47.000Z,0.0279427170753479,0.10883580148220062,21212835,R1.2172.7737.0
2025-01-20T05:24:47.500Z,0.01786339282989502,0.10883580148220062,51214531,R1.2900.11955.0
2025-01-20T05:24:48.000Z,0.008474959060549736,0.10883580148220062,72359026,R1.2900.11955.0
2025-01-20T05:24:48.500Z,0.020491762086749077,0.10883580148220062,71325295,R1.2900.11955.0
2025-01-20T05:24:49.000Z,0.03868022933602333,0.10883580148220062,40237728,R1.3027.11698.0
2025-01-20T05:24:49.500Z,0.02377285808324814,0.10883580148220062,72359026,R1.2900.11955.0
2025-01-20T05:24:50.000Z,0.05210835114121437,0.10883580148220062,51214531,R1.2900.11955.0
2025-01-20T05:24:50.500Z,0.07019131630659103,0.10883580148220062,21204713,R1.0697.5199.0
2025-01-20T05:24:51.000Z,0.019190900027751923,0.10883580148220062,21204713,R1.0697.5199.0
2025-01-20T05:24:51.500Z,0.01273941621184349,0.10883580148220062,71567810,R1.2900.11955.0
2025-01-20T05:24:52.000Z,0.023461686447262764,0.10883580148220062,21212835,R1.2172.7737.0
2025-01-20T05:24:52.500Z,0.01613546907901764,0.10883580148220062,71567810,R1.2900.11955.0
2025-01-20T05:24:53.000Z,0.018619215115904808,0.10883580148220062,21204713,R1.0697.5199.0
2025-01-20T05:24:53.500Z,0.0180779080837965,0.10883580148220062,40237728,R1.3027.11698.0
2025-01-20T05:24:54.000Z,0.016657015308737755,0.10883580148220062,40237728,R1.3027.11698.0
2025-01-20T05:24:54.500Z,0.009423610754311085,0.10883580148220062,71325295,R1.2900.11955.0
2025-01-20T05:24:55.000Z,0.012947501614689827,0.10883580148220062,40237728,R1.3027.11698.0
2025-01-20T05:24:55.500Z,0.02901788242161274,0.10883580148220062,40220017,R1.3027.11698.0
2025-01-20T05:24:56.000Z,0.011357244104146957,0.10883580148220062,40220017,R1.3027.11698.0
2025-01-20T05:24:56.500Z,0.019825279712677002,0.10883580148220062,51214531,R1.2900.11955.0
2025-01-20T05:24:57.000Z,0.027845000848174095,0.10883580148220062,21204713,R1.0697.5199.0
2025-01-20T05:24:57.500Z,0.024252865463495255,0.10883580148220062,51214531,R1.2900.11955.0
2025-01-20T05:24:58.000Z,0.012146363966166973,0.10883580148220062,40220017,R1.3027.11698.0
2025-01-20T05:24:58.500Z,0.027912504971027374,0.10883580148220062,72359026,R1.2900.11955.0
2025-01-20T05:24:59.000Z,0.032335638999938965,0.10883580148220062,21204713,R1.0697.5199.0
2025-01-20T05:24:59.500Z,0.05798354744911194,0.10883580148220062,21204713,R1.0697.5199.0
2025-01-20T05:25:00.000Z,0.04239360988140106,0.10883580148220062,21212835,R1.2172.7737.0
2025-01-20T05:25:00.500Z,0.011003966443240643,0.10883580148220062,72154411,R1.2900.11955.0
2025-01-20T05:25:01.000Z,0.03466341644525528,0.10883580148220062,72359026,R1.2900.11955.0
2025-01-20T05:25:01.500Z,0.035462893545627594,0.10883580148220062,71325295,R1.2900.11955.0
2025-01-20T05:25:02.000Z,0.016931582242250443,0.10883580148220062,72154411,R1.2900.11955.0
2025-01-20T05:25:02.500Z,0.03491094335913658,0.10883580148220062,40237728,R1.3027.11698.0
2025-01-20T05:25:03.000Z,0.016852397471666336,0.10883580148220062,40237728,R1.3027.11698.0
2025-01-20T05:25:03.500Z,0.02472269907593727,0.10883580148220062,21204713,R1.0697.5199.0
2025-01-20T05:25:04.000Z,0.05411199852824211,0.10883580148220062,21212835,R1.2172.7737.0
2025-01-20T05:25:04.500Z,0.045074839144945145,0.10883580148220062,21204713,R1.0697.5199.0
2025-01-20T05:25:05.000Z,0.029411954805254936,0.10883580148220062,21204713,R1.0697.5199.0
2025-01-20T05:25:05.500Z,0.012872415594756603,0.10883580148220062,71325295,R1.2900.11955.0
2025-01-20T05:25:06.000Z,0.01748652011156082,0.10883580148220062,71908906,R1.2900.11955.0
2025-01-20T05:25:06.500Z,0.029161544516682625,0.10883580148220062,71908906,R1.2900.11955.0
2025-01-20T05:25:07.000Z,0.02244218997657299,0.10883580148220062,72359026,R1.2900.11955.0
2025-01-20T05:25:07.500Z,0.026478752493858337,0.10883580148220062,72359026,R1.2900.11955.0
2025-01-20T05:25:08.000Z,0.014519108459353447,0.10883580148220062,71325295,R1.2900.11955.0
2025-01-20T05:25:08.500Z,0.037036169320344925,0.10883580148220062,51214531,R1.2900.11955.0
2025-01-20T05:25:09.000Z,0.03784888610243797,0.10883580148220062,72154411,R1.2900.11955.0
2025-01-20T05:25:09.500Z,0.014650538563728333,0.10883580148220062,71908906,R1.2900.11955.0
2025-01-20T05:25:10.000Z,0.032184768468141556,0.10883580148220062,51214531,R1.2900.11955.0
2025-01-20T05:25:10.500Z,0.0372905507683754,0.10883580148220062,72359026,R1.2900.11955.0
2025-01-20T05:25:11.000Z,0.008817756548523903,0.10883580148220062,71325295,R1.2900.11955.0
2025-01-20T05:25:11.500Z,0.026360925287008286,0.10883580148220062,40237728,R1.3027.11698.0
2025-01-20T05:25:12.000Z,0.025706524029374123,0.10883580148220062,40237728,R1.3027.11698.0
2025-01-20T05:25:12.500Z,0.011555824428796768,0.10883580148220062,72359026,R1.2900.11955.0
2025-01-20T05:25:13.000Z,0.00999064277857542,0.10883580148220062,51214531,R1.2900.11955.0
2025-01-20T05:25:13.500Z,0.01298396848142147,0.10883580148220062,21204713,R1.0697.5199.0
2025-01-20T05:25:14.000Z,0.04186747223138809,0.10883580148220062,21212835,R1.2172.7737.0
2025-01-20T05:25:14.500Z,0.030381763353943825,0.10883580148220062,72154411,R1.2900.11955.0
2025-01-20T05:25:15.000Z,0.03271908685564995,0.10883580148220062,71325295,R1.2900.11955.0
2025-01-20T05:25:15.500Z,-0.0014921975089237094,0.10883580148220062,71567810,R1.2900.11955.0
2025-01-20T05:25:16.000Z,0.0481606051325798,0.10883580148220062,51214531,R1.2900.11955.0
2025-01-20T05:25:16.500Z,0.015371628105640411,0.10883580148220062,72154411,R1.2900.11955.0
2025-01-20T05:25:17.000Z,0.023594681173563004,0.10883580148220062,40237728,R1.3027.11698.0
2025-01-20T05:25:17.500Z,0.020573174580931664,0.10883580148220062,40220017,R1.3027.11698.0
2025-01-20T05:25:18.000Z,0.04042567312717438,0.10883580148220062,21212835,R1.2172.7737.0
2025-01-20T05:25:18.500Z,0.03843383118510246,0.10883580148220062,21204713,R1.0697.5199.0
2025-01-20T05:25:19.000Z,0.014215272851288319,0.10883580148220062,71567810,R1.2900.11955.0
2025-01-20T05:25:19.500Z,0.024479560554027557,0.10883580148220062,40237728,R1.3027.11698.0
2025-01-20T05:25:20.000Z,0.021120470017194748,0.10883580148220062,21204713,R1.0697.5199.0
2025-01-20T05:25:20.500Z,0.02249731868505478,0.10883580148220062,21212835,R1.2172.7737.0
2025-01-20T05:25:21.000Z,0.03293103352189064,0.10883580148220062,72154411,R1.2900.11955.0
2025-01-20T05:25:21.500Z,0.03662567213177681,0.10883580148220062,40237728,R1.3027.11698.0
2025-01-20T05:25:22.000Z,0.014736752025783062,0.10883580148220062,21204713,R1.0697.5199.0
2025-01-20T05:25:22.500Z,0.058242082595825195,0.10883580148220062,51214531,R1.2900.11955.0
2025-01-20T05:25:23.000Z,0.04156433045864105,0.10883580148220062,21212835,R1.2172.7737.0
2025-01-20T05:25:23.500Z,0.026989474892616272,0.10883580148220062,21212835,R1.2172.7737.0
2025-01-20T05:25:24.000Z,0.0198003388941288,0.10883580148220062,51214531,R1.2900.11955.0
2025-01-20T05:25:24.500Z,0.04415540769696236,0.10883580148220062,21204713,R1.0697.5199.0
2025-01-20T05:25:25.000Z,0.07441074401140213,0.10883580148220062,21212835,R1.2172.7737.0
2025-01-20T05:25:25.500Z,0.04447074234485626,0.10883580148220062,21212835,R1.2172.7737.0
2025-01-20T05:25:26.000Z,0.006866799667477608,0.10883580148220062,71567810,R1.2900.11955.0
2025-01-20T05:25:26.500Z,0.028782807290554047,0.10883580148220062,72359026,R1.2900.11955.0
2025-01-20T05:25:27.000Z,0.028831981122493744,0.10883580148220062,51214531,R1.2900.11955.0
2025-01-20T05:25:27.500Z,0.020214702934026718,0.10883580148220062,71908906,R1.2900.11955.0
2025-01-20T05:25:28.000Z,0.012528698891401291,0.10883580148220062,72359026,R1.2900.11955.0
2025-01-20T05:25:28.500Z,0.031748950481414795,0.10883580148220062,21212835,R1.2172.7737.0
2025-01-20T05:25:29.000Z,0.04293731227517128,0.10883580148220062,40237728,R1.3027.11698.0
2025-01-20T05:25:29.500Z,0.01529698632657528,0.10883580148220062,40237728,R1.3027.11698.0
2025-01-20T05:25:30.000Z,0.01999019831418991,0.10883580148220062,51214531,R1.2900.11955.0
2025-01-20T05:25:30.500Z,0.03861582279205322,0.10883580148220062,21212835,R1.2172.7737.0
2025-01-20T05:25:31.000Z,0.04218676686286926,0.10883580148220062,21212835,R1.2172.7737.0
2025-01-20T05:25:31.500Z,0.020865406841039658,0.10883580148220062,71325295,R1.2900.11955.0
2025-01-20T05:25:32.000Z,0.0203329399228096,0.10883580148220062,72359026,R1.2900.11955.0
2025-01-20T05:25:32.500Z,0.007252015173435211,0.10883580148220062,51214531,R1.2900.11955.0
2025-01-20T05:25:33.000Z,0.05938306078314781,0.10883580148220062,21212835,R1.2172.7737.0
2025-01-20T05:25:33.500Z,0.020299861207604408,0.10883580148220062,40220017,R1.3027.11698.0
2025-01-20T05:25:34.000Z,0.01597198098897934,0.10883580148220062,72359026,R1.2900.11955.0
2025-01-20T05:25:34.500Z,0.01671404205262661,0.10883580148220062,40237728,R1.3027.11698.0
2025-01-20T05:25:35.000Z,0.007764648646116257,0.10883580148220062,71325295,R1.2900.11955.0
2025-01-20T05:25:35.500Z,0.010515721514821053,0.10883580148220062,40220017,R1.3027.11698.0
2025-01-20T05:25:36.000Z,0.031025946140289307,0.10883580148220062,21204713,R1.0697.5199.0
2025-01-20T05:25:36.500Z,0.024584906175732613,0.10883580148220062,21204713,R1.0697.5199.0
2025-01-20T05:25:37.000Z,0.04036668688058853,0.10883580148220062,21212835,R1.2172.7737.0
2025-01-20T05:25:37.500Z,0.027028026059269905,0.10883580148220062,21204713,R1.0697.5199.0
2025-01-20T05:25:38.000Z,0.018813904374837875,0.10883580148220062,21212835,R1.2172.7737.0
2025-01-20T05:25:38.500Z,0.02731943503022194,0.10883580148220062,72154411,R1.2900.11955.0
2025-01-20T05:25:39.000Z,0.012134909629821777,0.10883580148220062,71567810,R1.2900.11955.0
2025-01-20T05:25:39.500Z,0.016180410981178284,0.10883580148220062,51214531,R1.2900.11955.0
2025-01-20T05:25:40.000Z,0.02600199356675148,0.10883580148220062,51214531,R1.2900.11955.0
2025-01-20T05:25:40.500Z,0.02811712771654129,0.10883580148220062,71325295,R1.2900.11955.0
2025-01-20T05:25:41.000Z,0.03781620413064957,0.10883580148220062,21204713,R1.0697.5199.0
2025-01-20T05:25:41.500Z,0.02646653726696968,0.10883580148220062,21212835,R1.2172.7737.0
2025-01-20T05:25:42.000Z,0.025731252506375313,0.10883580148220062,21204713,R1.0697.5199.0
2025-01-20T05:25:42.500Z,0.01691403239965439,0.10883580148220062,51214531,R1.2900.11955.0
2025-01-20T05:25:43.000Z,0.023234447464346886,0.10883580148220062,72154411,R1.2900.11955.0
2025-01-20T05:25:43.500Z,0.01018182560801506,0.10883580148220062,72359026,R1.2900.11955.0
2025-01-20T05:25:44.000Z,0.010935909114778042,0.10883580148220062,21204713,R1.0697.5199.0
2025-01-20T05:25:44.500Z,0.01665014773607254,0.10883580148220062,72359026,R1.2900.11955.0
2025-01-20T05:25:45.000Z,0.026866409927606583,0.10883580148220062,71567810,R1.2900.11955.0
2025-01-20T05:25:45.500Z,0.022586990147829056,0.10883580148220062,71908906,R1.2900.11955.0
2025-01-20T05:25:46.000Z,0.02035539224743843,0.10883580148220062,40237728,R1.3027.11698.0
2025-01-20T05:25:46.500Z,0.027630280703306198,0.10883580148220062,72154411,R1.2900.11955.0
2025-01-20T05:25:47.000Z,0.017127156257629395,0.10883580148220062,21204713,R1.0697.5199.0
2025-01-20T05:25:47.500Z,0.05079520121216774,0.10883580148220062,40237728,R1.3027.11698.0
2025-01-20T05:25:48.000Z,0.033690445125103,0.10883580148220062,71908906,R1.2900.11955.0
2025-01-20T05:25:48.500Z,0.012822864577174187,0.10883580148220062,71567810,R1.2900.11955.0
2025-01-20T05:25:49.000Z,0.024137435480952263,0.10883580148220062,21212835,R1.2172.7737.0
2025-01-20T05:25:49.500Z,0.04186517372727394,0.10883580148220062,40220017,R1.3027.11698.0
2025-01-20T05:25:50.000Z,0.029010504484176636,0.10883580148220062,21204713,R1.0697.5199.0
2025-01-20T05:25:50.500Z,0.033456381410360336,0.10883580148220062,21204713,R1.0697.5199.0
2025-01-20T05:25:51.000Z,0.024097027257084846,0.10883580148220062,72359026,R1.2900.11955.0
2025-01-20T05:25:51.500Z,0.022906050086021423,0.10883580148220062,71908906,R1.2900.11955.0
2025-01-20T05:25:52.000Z,0.018373722210526466,0.10883580148220062,51214531,R1.2900.11955.0
2025-01-20T05:25:52.500Z,0.03392384573817253,0.10883580148220062,40220017,R1.3027.11698.0
2025-01-20T05:25:53.000Z,0.029232870787382126,0.10883580148220062,21212835,R1.2172.7737.0
2025-01-20T05:25:53.500Z,0.024697424843907356,0.10883580148220062,51214531,R1.2900.11955.0
2025-01-20T05:25:54.000Z,0.024791402742266655,0.10883580148220062,21204713,R1.0697.5199.0
2025-01-20T05:25:54.500Z,0.008567755110561848,0.10883580148220062,72154411,R1.2900.11955.0
2025-01-20T05:25:55.000Z,0.033510446548461914,0.10883580148220062,71567810,R1.2900.11955.0
2025-01-20T05:25:55.500Z,0.025045519694685936,0.10883580148220062,71567810,R1.2900.11955.0
2025-01-20T05:25:56.000Z,0.020200561732053757,0.10883580148220062,72154411,R1.2900.11955.0
2025-01-20T05:25:56.500Z,0.022205710411071777,0.10883580148220062,72154411,R1.2900.11955.0
2025-01-20T05:25:57.000Z,0.04694199562072754,0.10883580148220062,71325295,R1.2900.11955.0
2025-01-20T05:25:57.500Z,0.022609315812587738,0.10883580148220062,21204713,R1.0697.5199.0
2025-01-20T05:25:58.000Z,0.021930236369371414,0.10883580148220062,21204713,R1.0697.5199.0
2025-01-20T05:25:58.500Z,0.03068246692419052,0.10883580148220062,21212835,R1.2172.7737.0
2025-01-20T05:25:59.000Z,0.043491628021001816,0.10883580148220062,21204713,R1.0697.5199.0
2025-01-20T05:25:59.500Z,0.01894683763384819,0.10883580148220062,72359026,R1.2900.11955.0
2025-01-20T05:26:00.000Z,0.01142975129187107,0.10883580148220062,71325295,R1.2900.11955.0
2025-01-20T05:26:00.500Z,0.01609926111996174,0.10883580148220062,21204713,R1.0697.5199.0
2025-01-20T05:26:01.000Z,0.004306130576878786,0.10883580148220062,40237728,R1.3027.11698.0
2025-01-20T05:26:01.500Z,0.024068931117653847,0.10883580148220062,21204713,R1.0697.5199.0
2025-01-20T05:26:02.000Z,0.018679199740290642,0.10883580148220062,71325295,R1.2900.11955.0
2025-01-20T05:26:02.500Z,0.0181136317551136,0.10883580148220062,71567810,R1.2900.11955.0
2025-01-20T05:26:03.000Z,0.022536730393767357,0.10883580148220062,51214531,R1.2900.11955.0
2025-01-20T05:26:03.500Z,0.026788441464304924,0.10883580148220062,51214531,R1.2900.11955.0
2025-01-20T05:26:04.000Z,0.018370356410741806,0.10883580148220062,40237728,R1.3027.11698.0
2025-01-20T05:26:04.500Z,0.027551284059882164,0.10883580148220062,21212835,R1.2172.7737.0
2025-01-20T05:26:05.000Z,0.017260441556572914,0.10883580148220062,40237728,R1.3027.11698.0
2025-01-20T05:26:05.500Z,0.022972339764237404,0.10883580148220062,21204713,R1.0697.5199.0
2025-01-20T05:26:06.000Z,0.011705112643539906,0.10883580148220062,71567810,R1.2900.11955.0
2025-01-20T05:26:06.500Z,0.019841967150568962,0.10883580148220062,72359026,R1.2900.11955.0
2025-01-20T05:26:07.000Z,0.01454343181103468,0.10883580148220062,51214531,R1.2900.11955.0
2025-01-20T05:26:07.500Z,0.013895264826714993,0.10883580148220062,71325295,R1.2900.11955.0
2025-01-20T05:26:08.000Z,0.035157401114702225,0.10883580148220062,21212835,R1.2172.7737.0
2025-01-20T05:26:08.500Z,0.03258025646209717,0.10883580148220062,21204713,R1.0697.5199.0
2025-01-20T05:26:09.000Z,0.031116744503378868,0.10883580148220062,21212835,R1.2172.7737.0
2025-01-20T05:26:09.500Z,0.035428665578365326,0.10883580148220062,72154411,R1.2900.11955.0
2025-01-20T05:26:10.000Z,0.01028936542570591,0.10883580148220062,71325295,R1.2900.11955.0
2025-01-20T05:26:10.500Z,0.012192836962640285,0.10883580148220062,51214531,R1.2900.11955.0
2025-01-20T05:26:11.000Z,0.035179708153009415,0.10883580148220062,21204713,R1.0697.5199.0
2025-01-20T05:26:11.500Z,0.022064972668886185,0.10883580148220062,72359026,R1.2900.11955.0
2025-01-20T05:26:12.000Z,0.006315901409834623,0.10883580148220062,40237728,R1.3027.11698.0
2025-01-20T05:26:12.500Z,0.03085356019437313,0.10883580148220062,72359026,R1.2900.11955.0
2025-01-20T05:26:13.000Z,0.022268088534474373,0.10883580148220062,71567810,R1.2900.11955.0
2025-01-20T05:26:13.500Z,0.01491307932883501,0.10883580148220062,71567810,R1.2900.11955.0
2025-01-20T05:26:14.000Z,0.013659886084496975,0.10883580148220062,21204713,R1.0697.5199.0
2025-01-20T05:26:14.500Z,0.031243903562426567,0.10883580148220062,21204713,R1.0697.5199.0
2025-01-20T05:26:15.000Z,0.030255010351538658,0.10883580148220062,71325295,R1.2900.11955.0
2025-01-20T05:26:15.500Z,0.0018769967136904597,0.10883580148220062,40237728,R1.3027.11698.0
2025-01-20T05:26:16.000Z,0.0177879948168993,0.10883580148220062,40220017,R1.3027.11698.0
2025-01-20T05:26:16.500Z,0.01331347320228815,0.10883580148220062,71908906,R1.2900.11955.0
2025-01-20T05:26:17.000Z,0.04300704225897789,0.10883580148220062,40220017,R1.3027.11698.0
2025-01-20T05:26:17.500Z,0.024385223165154457,0.10883580148220062,21212835,R1.2172.7737.0
2025-01-20T05:26:18.000Z,0.0321655236184597,0.10883580148220062,71325295,R1.2900.11955.0
2025-01-20T05:26:18.500Z,0.0317811444401741,0.10883580148220062,40220017,R1.3027.11698.0
2025-01-20T05:26:19.000Z,0.0081379609182477,0.10883580148220062,72359026,R1.2900.11955.0
2025-01-20T05:26:19.500Z,0.03508343547582626,0.10883580148220062,40237728,R1.3027.11698.0
2025-01-20T05:26:20.000Z,0.04283757880330086,0.10883580148220062,71325295,R1.2900.11955.0
2025-01-20T05:26:20.500Z,0.007364803459495306,0.10883580148220062,71567810,R1.2900.11955.0
2025-01-20T05:26:21.000Z,0.018278473988175392,0.10883580148220062,21204713,R1.0697.5199.0
2025-01-20T05:26:21.500Z,0.04644704610109329,0.10883580148220062,72359026,R1.2900.11955.0
2025-01-20T05:26:22.000Z,0.027097994461655617,0.10883580148220062,71908906,R1.2900.11955.0
2025-01-20T05:26:22.500Z,0.016193224117159843,0.10883580148220062,40237728,R1.3027.11698.0
2025-01-20T05:26:23.000Z,0.024097226560115814,0.10883580148220062,40237728,R1.3027.11698.0
2025-01-20T05:26:23.500Z,0.02070353925228119,0.10883580148220062,71567810,R1.2900.11955.0
2025-01-20T05:26:24.000Z,0.018498949706554413,0.10883580148220062,71567810,R1.2900.11955.0
2025-01-20T05:26:24.500Z,0.033313874155282974,0.10883580148220062,21204713,R1.0697.5199.0
2025-01-20T05:26:25.000Z,0.014909708872437477,0.10883580148220062,51214531,R1.2900.11955.0
2025-01-20T05:26:25.500Z,0.010290035046637058,0.10883580148220062,40237728,R1.3027.11698.0
2025-01-20T05:26:26.000Z,0.0292703527957201,0.10883580148220062,71908906,R1.2900.11955.0
2025-01-20T05:26:26.500Z,0.03506259247660637,0.10883580148220062,71567810,R1.2900.11955.0
2025-01-20T05:26:27.000Z,0.028239937499165535,0.10883580148220062,40237728,R1.3027.11698.0
2025-01-20T05:26:27.500Z,0.03207515925168991,0.10883580148220062,71567810,R1.2900.11955.0
2025-01-20T05:26:28.000Z,0.015120180323719978,0.10883580148220062,40220017,R1.3027.11698.0
2025-01-20T05:26:28.500Z,0.01596708409488201,0.10883580148220062,71908906,R1.2900.11955.0
2025-01-20T05:26:29.000Z,0.03148419037461281,0.10883580148220062,21204713,R1.0697.5199.0
2025-01-20T05:26:29.500Z,0.03771522641181946,0.10883580148220062,21212835,R1.2172.7737.0
2025-01-20T05:26:30.000Z,0.016428397968411446,0.10883580148220062,72154411,R1.2900.11955.0
2025-01-20T05:26:30.500Z,0.020347870886325836,0.10883580148220062,40237728,R1.3027.11698.0
2025-01-20T05:26:31.000Z,0.01403015200048685,0.10883580148220062,40220017,R1.3027.11698.0
2025-01-20T05:26:31.500Z,0.01384785957634449,0.10883580148220062,72359026,R1.2900.11955.0
2025-01-20T05:26:32.000Z,0.015545575879514217,0.10883580148220062,21204713,R1.0697.5199.0
2025-01-20T05:26:32.500Z,0.01881789043545723,0.10883580148220062,72154411,R1.2900.11955.0
2025-01-20T05:26:33.000Z,0.03497428447008133,0.10883580148220062,72154411,R1.2900.11955.0
2025-01-20T05:26:33.500Z,0.021725857630372047,0.10883580148220062,72154411,R1.2900.11955.0
2025-01-20T05:26:34.000Z,0.021624712273478508,0.10883580148220062,71908906,R1.2900.11955.0
2025-01-20T05:26:34.500Z,0.015991559252142906,0.10883580148220062,51214531,R1.2900.11955.0
2025-01-20T05:26:35.000Z,0.0328243151307106,0.10883580148220062,71567810,R1.2900.11955.0
2025-01-20T05:26:35.500Z,0.03028448112308979,0.10883580148220062,71325295,R1.2900.11955.0
2025-01-20T05:26:36.000Z,0.017846787348389626,0.10883580148220062,71567810,R1.2900.11955.0
2025-01-20T05:26:36.500Z,0.01450326293706894,0.10883580148220062,71908906,R1.2900.11955.0
2025-01-20T05:26:37.000Z,0.03912798687815666,0.10883580148220062,21204713,R1.0697.5199.0
2025-01-20T05:26:37.500Z,0.0345693975687027,0.10883580148220062,40237728,R1.3027.11698.0
2025-01-20T05:26:38.000Z,0.024030441418290138,0.10883580148220062,40237728,R1.3027.11698.0
2025-01-20T05:26:38.500Z,0.022279731929302216,0.10883580148220062,71567810,R1.2900.11955.0
2025-01-20T05:26:39.000Z,0.03981050103902817,0.10883580148220062,40237728,R1.3027.11698.0
2025-01-20T05:26:39.500Z,0.03631407395005226,0.10883580148220062,40237728,R1.3027.11698.0
2025-01-20T05:26:40.000Z,0.016257843002676964,0.10883580148220062,40237728,R1.3027.11698.0
2025-01-20T05:26:40.500Z,0.02138889580965042,0.10883580148220062,72359026,R1.2900.11955.0
2025-01-20T05:26:41.000Z,0.02479402907192707,0.10883580148220062,21204713,R1.0697.5199.0
2025-01-20T05:26:41.500Z,0.033313315361738205,0.10883580148220062,72154411,R1.2900.11955.0
2025-01-20T05:26:42.000Z,0.030220139771699905,0.10883580148220062,21204713,R1.0697.5199.0
2025-01-20T05:26:42.500Z,0.02255750633776188,0.10883580148220062,40237728,R1.3027.11698.0
2025-01-20T05:26:43.000Z,0.03035552240908146,0.10883580148220062,51214531,R1.2900.11955.0
2025-01-20T05:26:43.500Z,0.011524643748998642,0.10883580148220062,71567810,R1.2900.11955.0
2025-01-20T05:26:44.000Z,0.011200577020645142,0.10883580148220062,72359026,R1.2900.11955.0
2025-01-20T05:26:44.500Z,0.021468443796038628,0.10883580148220062,71325295,R1.2900.11955.0
2025-01-20T05:26:45.000Z,0.024156300351023674,0.10883580148220062,40237728,R1.3027.11698.0
2025-01-20T05:26:45.500Z,0.010707167908549309,0.10883580148220062,21204713,R1.0697.5199.0
2025-01-20T05:26:46.000Z,0.01694592833518982,0.10883580148220062,21212835,R1.2172.7737.0
2025-01-20T05:26:46.500Z,0.025859637185931206,0.10883580148220062,71325295,R1.2900.11955.0
2025-01-20T05:26:47.000Z,0.003123412374407053,0.10883580148220062,71567810,R1.2900.11955.0
2025-01-20T05:26:47.500Z,0.017085108906030655,0.10883580148220062,21212835,R1.2172.7737.0
2025-01-20T05:26:48.000Z,0.020812606438994408,0.10883580148220062,72359026,R1.2900.11955.0
2025-01-20T05:26:48.500Z,0.014755276031792164,0.10883580148220062,72359026,R1.2900.11955.0
2025-01-20T05:26:49.000Z,0.02387004718184471,0.10883580148220062,40220017,R1.3027.11698.0
2025-01-20T05:26:49.500Z,0.016862282529473305,0.10883580148220062,71325295,R1.2900.11955.0
2025-01-20T05:26:50.000Z,0.03664994239807129,0.10883580148220062,72154411,R1.2900.11955.0
2025-01-20T05:26:50.500Z,0.026346808299422264,0.10883580148220062,71325295,R1.2900.11955.0
2025-01-20T05:26:51.000Z,0.01254664920270443,0.10883580148220062,40220017,R1.3027.11698.0
2025-01-20T05:26:51.500Z,0.04119185730814934,0.10883580148220062,21212835,R1.2172.7737.0
2025-01-20T05:26:52.000Z,0.021678458899259567,0.10883580148220062,40237728,R1.3027.11698.0
2025-01-20T05:26:52.500Z,0.01959671452641487,0.10883580148220062,71325295,R1.2900.11955.0
2025-01-20T05:26:53.000Z,0.015462007373571396,0.10883580148220062,40237728,R1.3027.11698.0
2025-01-20T05:26:53.500Z,0.03638516366481781,0.10883580148220062,21204713,R1.0697.5199.0
2025-01-20T05:26:54.000Z,0.017593076452612877,0.10883580148220062,71325295,R1.2900.11955.0
2025-01-20T05:26:54.500Z,0.009310008026659489,0.10883580148220062,40220017,R1.3027.11698.0
2025-01-20T05:26:55.000Z,0.02429807372391224,0.10883580148220062,51214531,R1.2900.11955.0
2025-01-20T05:26:55.500Z,0.018202323466539383,0.10883580148220062,21204713,R1.0697.5199.0
2025-01-20T05:26:56.000Z,0.02294936403632164,0.10883580148220062,71567810,R1.2900.11955.0
2025-01-20T05:26:56.500Z,0.012585910968482494,0.10883580148220062,40237728,R1.3027.11698.0
2025-01-20T05:26:57.000Z,0.0036014141514897346,0.10883580148220062,40220017,R1.3027.11698.0
2025-01-20T05:26:57.500Z,0.021113144233822823,0.10883580148220062,21212835,R1.2172.7737.0
2025-01-20T05:26:58.000Z,0.032854288816452026,0.10883580148220062,21204713,R1.0697.5199.0
2025-01-20T05:26:58.500Z,0.02556150034070015,0.10883580148220062,51214531,R1.2900.11955.0
2025-01-20T05:26:59.000Z,0.019085736945271492,0.10883580148220062,71325295,R1.2900.11955.0
2025-01-20T05:26:59.500Z,0.010815383866429329,0.10883580148220062,71567810,R1.2900.11955.0
2025-01-20T05:27:00.000Z,0.011362779885530472,0.10883580148220062,51214531,R1.2900.11955.0
2025-01-20T05:27:00.500Z,0.007612813729792833,0.10883580148220062,71567810,R1.2900.11955.0
2025-01-20T05:27:01.000Z,0.03128986805677414,0.10883580148220062,71908906,R1.2900.11955.0
2025-01-20T05:27:01.500Z,0.029536018148064613,0.10883580148220062,71908906,R1.2900.11955.0
2025-01-20T05:27:02.000Z,0.031104329973459244,0.10883580148220062,40237728,R1.3027.11698.0
2025-01-20T05:27:02.500Z,0.028623465448617935,0.10883580148220062,40237728,R1.3027.11698.0
2025-01-20T05:27:03.000Z,0.020111430436372757,0.10883580148220062,51214531,R1.2900.11955.0
2025-01-20T05:27:03.500Z,0.0395934097468853,0.10883580148220062,72154411,R1.2900.11955.0
2025-01-20T05:27:04.000Z,0.02809022180736065,0.10883580148220062,51214531,R1.2900.11955.0
2025-01-20T05:27:04.500Z,0.027529647573828697,0.10883580148220062,71908906,R1.2900.11955.0
2025-01-20T05:27:05.000Z,0.006650237832218409,0.10883580148220062,72154411,R1.2900.11955.0
2025-01-20T05:27:05.500Z,0.01754210703074932,0.10883580148220062,71325295,R1.2900.11955.0
2025-01-20T05:27:06.000Z,0.032967064529657364,0.10883580148220062,71908906,R1.2900.11955.0
2025-01-20T05:27:06.500Z,0.05621613562107086,0.10883580148220062,21204713,R1.0697.5199.0
2025-01-20T05:27:07.000Z,0.02580276131629944,0.10883580148220062,72154411,R1.2900.11955.0
2025-01-20T05:27:07.500Z,0.010030394420027733,0.10883580148220062,51214531,R1.2900.11955.0
2025-01-20T05:27:08.000Z,0.02240113541483879,0.10883580148220062,21212835,R1.2172.7737.0
2025-01-20T05:27:08.500Z,0.010208427906036377,0.10883580148220062,72359026,R1.2900.11955.0
2025-01-20T05:27:09.000Z,0.011227953247725964,0.10883580148220062,40237728,R1.3027.11698.0
2025-01-20T05:27:09.500Z,0.020957250148057938,0.10883580148220062,72154411,R1.2900.11955.0
2025-01-20T05:27:10.000Z,0.02067926526069641,0.10883580148220062,40237728,R1.3027.11698.0
2025-01-20T05:27:10.500Z,0.05712927505373955,0.10883580148220062,21212835,R1.2172.7737.0
2025-01-20T05:27:11.000Z,0.02368795871734619,0.10883580148220062,71567810,R1.2900.11955.0
2025-01-20T05:27:11.500Z,0.021860770881175995,0.10883580148220062,21212835,R1.2172.7737.0
2025-01-20T05:27:12.000Z,0.031637001782655716,0.10883580148220062,40237728,R1.3027.11698.0
2025-01-20T05:27:12.500Z,0.013011263683438301,0.10883580148220062,40237728,R1.3027.11698.0
2025-01-20T05:27:13.000Z,0.017740363255143166,0.10883580148220062,71567810,R1.2900.11955.0
2025-01-20T05:27:13.500Z,0.022722827270627022,0.10883580148220062,51214531,R1.2900.11955.0
2025-01-20T05:27:14.000Z,0.023108208552002907,0.10883580148220062,40237728,R1.3027.11698.0
2025-01-20T05:27:14.500Z,0.03791917860507965,0.10883580148220062,51214531,R1.2900.11955.0
2025-01-20T05:27:15.000Z,0.04459376260638237,0.10883580148220062,21204713,R1.0697.5199.0
2025-01-20T05:27:15.500Z,0.030650073662400246,0.10883580148220062,71325295,R1.2900.11955.0
2025-01-20T05:27:16.000Z,0.0149247320368886,0.10883580148220062,72359026,R1.2900.11955.0
2025-01-20T05:27:16.500Z,0.04252186045050621,0.10883580148220062,72154411,R1.2900.11955.0
2025-01-20T05:27:17.000Z,0.016465825960040092,0.10883580148220062,51214531,R1.2900.11955.0
2025-01-20T05:27:17.500Z,0.020325366407632828,0.10883580148220062,72359026,R1.2900.11955.0
2025-01-20T05:27:18.000Z,0.01616786979138851,0.10883580148220062,71325295,R1.2900.11955.0
2025-01-20T05:27:18.500Z,0.03743922337889671,0.10883580148220062,21212835,R1.2172.7737.0
2025-01-20T05:27:19.000Z,0.029965270310640335,0.10883580148220062,40237728,R1.3027.11698.0
2025-01-20T05:27:19.500Z,0.024252502247691154,0.10883580148220062,72359026,R1.2900.11955.0
2025-01-20T05:27:20.000Z,0.014247658662497997,0.10883580148220062,71325295,R1.2900.11955.0
2025-01-20T05:27:20.500Z,0.02517867088317871,0.10883580148220062,72359026,R1.2900.11955.0
2025-01-20T05:27:21.000Z,0.024637414142489433,0.10883580148220062,71908906,R1.2900.11955.0
2025-01-20T05:27:21.500Z,0.013739447109401226,0.10883580148220062,40237728,R1.3027.11698.0
2025-01-20T05:27:22.000Z,0.022893372923135757,0.10883580148220062,72154411,R1.2900.11955.0
2025-01-20T05:27:22.500Z,0.005763949826359749,0.10883580148220062,40237728,R1.3027.11698.0
2025-01-20T05:27:23.000Z,0.032810769975185394,0.10883580148220062,71567810,R1.2900.11955.0
2025-01-20T05:27:23.500Z,0.019208375364542007,0.10883580148220062,51214531,R1.2900.11955.0
2025-01-20T05:27:24.000Z,0.024466758593916893,0.10883580148220062,72359026,R1.2900.11955.0
2025-01-20T05:27:24.500Z,0.048941485583782196,0.10883580148220062,72154411,R1.2900.11955.0
2025-01-20T05:27:25.000Z,0.01656997576355934,0.10883580148220062,40220017,R1.3027.11698.0
2025-01-20T05:27:25.500Z,0.028838342055678368,0.10883580148220062,21204713,R1.0697.5199.0
2025-01-20T05:27:26.000Z,0.019427606835961342,0.10883580148220062,21212835,R1.2172.7737.0
2025-01-20T05:27:26.500Z,0.033878665417432785,0.10883580148220062,21204713,R1.0697.5199.0
2025-01-20T05:27:27.000Z,0.009648830629885197,0.10883580148220062,72154411,R1.2900.11955.0
2025-01-20T05:27:27.500Z,0.031246686354279518,0.10883580148220062,71908906,R1.2900.11955.0
2025-01-20T05:27:28.000Z,0.018628884106874466,0.10883580148220062,72359026,R1.2900.11955.0
2025-01-20T05:27:28.500Z,0.018737681210041046,0.10883580148220062,40237728,R1.3027.11698.0
2025-01-20T05:27:29.000Z,0.021296720951795578,0.10883580148220062,71567810,R1.2900.11955.0
2025-01-20T05:27:29.500Z,0.02996606007218361,0.10883580148220062,40237728,R1.3027.11698.0
2025-01-20T05:27:30.000Z,0.012548277154564857,0.10883580148220062,51214531,R1.2900.11955.0
2025-01-20T05:27:30.500Z,0.02544805407524109,0.10883580148220062,40220017,R1.3027.11698.0
2025-01-20T05:27:31.000Z,0.02265649288892746,0.10883580148220062,72359026,R1.2900.11955.0
2025-01-20T05:27:31.500Z,0.006598285399377346,0.10883580148220062,71325295,R1.2900.11955.0
2025-01-20T05:27:32.000Z,0.02677433006465435,0.10883580148220062,51214531,R1.2900.11955.0
2025-01-20T05:27:32.500Z,0.013496451079845428,0.10883580148220062,40237728,R1.3027.11698.0
2025-01-20T05:27:33.000Z,0.009645803831517696,0.10883580148220062,21204713,R1.0697.5199.0
2025-01-20T05:27:33.500Z,0.01689971052110195,0.10883580148220062,71567810,R1.2900.11955.0
2025-01-20T05:27:34.000Z,0.014747735112905502,0.10883580148220062,71567810,R1.2900.11955.0
2025-01-20T05:27:34.500Z,0.029018500819802284,0.10883580148220062,72154411,R1.2900.11955.0
2025-01-20T05:27:35.000Z,0.018749844282865524,0.10883580148220062,40220017,R1.3027.11698.0
2025-01-20T05:27:35.500Z,0.01896538957953453,0.10883580148220062,71908906,R1.2900.11955.0
2025-01-20T05:27:36.000Z,0.022413669154047966,0.10883580148220062,21204713,R1.0697.5199.0
2025-01-20T05:27:36.500Z,0.06009524688124657,0.10883580148220062,21204713,R1.0697.5199.0
2025-01-20T05:27:37.000Z,0.04252820461988449,0.10883580148220062,40220017,R1.3027.11698.0
2025-01-20T05:27:37.500Z,0.031514182686805725,0.10883580148220062,21212835,R1.2172.7737.0
2025-01-20T05:27:38.000Z,0.011104801669716835,0.10883580148220062,72154411,R1.2900.11955.0
2025-01-20T05:27:38.500Z,0.007576048374176025,0.10883580148220062,71908906,R1.2900.11955.0
2025-01-20T05:27:39.000Z,0.011459111236035824,0.10883580148220062,71567810,R1.2900.11955.0
2025-01-20T05:27:39.500Z,0.03130212426185608,0.10883580148220062,72359026,R1.2900.11955.0
2025-01-20T05:27:40.000Z,0.024235382676124573,0.10883580148220062,21212835,R1.2172.7737.0
2025-01-20T05:27:40.500Z,0.024021675810217857,0.10883580148220062,21212835,R1.2172.7737.0
2025-01-20T05:27:41.000Z,0.011695833876729012,0.10883580148220062,71325295,R1.2900.11955.0
2025-01-20T05:27:41.500Z,0.00813268031924963,0.10883580148220062,72154411,R1.2900.11955.0
2025-01-20T05:27:42.000Z,0.04608987644314766,0.10883580148220062,72359026,R1.2900.11955.0
2025-01-20T05:27:42.500Z,0.044731926172971725,0.10883580148220062,51214531,R1.2900.11955.0
2025-01-20T05:27:43.000Z,0.019507255405187607,0.10883580148220062,72359026,R1.2900.11955.0
2025-01-20T05:27:43.500Z,0.02558763697743416,0.10883580148220062,72359026,R1.2900.11955.0
2025-01-20T05:27:44.000Z,0.009835777804255486,0.10883580148220062,40237728,R1.3027.11698.0
2025-01-20T05:27:44.500Z,0.014576060697436333,0.10883580148220062,51214531,R1.2900.11955.0
2025-01-20T05:27:45.000Z,0.019114596769213676,0.10883580148220062,21212835,R1.2172.7737.0
2025-01-20T05:27:45.500Z,0.031247343868017197,0.10883580148220062,72154411,R1.2900.11955.0
2025-01-20T05:27:46.000Z,0.024725839495658875,0.10883580148220062,71325295,R1.2900.11955.0
2025-01-20T05:27:46.500Z,0.04010483995079994,0.10883580148220062,21212835,R1.2172.7737.0
2025-01-20T05:27:47.000Z,0.04234164580702782,0.10883580148220062,21204713,R1.0697.5199.0
2025-01-20T05:27:47.500Z,0.011259186081588268,0.10883580148220062,71567810,R1.2900.11955.0
2025-01-20T05:27:48.000Z,0.0208340622484684,0.10883580148220062,40220017,R1.3027.11698.0
2025-01-20T05:27:48.500Z,0.014291321858763695,0.10883580148220062,21212835,R1.2172.7737.0
2025-01-20T05:27:49.000Z,0.01961136795580387,0.10883580148220062,71325295,R1.2900.11955.0
2025-01-20T05:27:49.500Z,0.042271990329027176,0.10883580148220062,21204713,R1.0697.5199.0
2025-01-20T05:27:50.000Z,0.0072348774410784245,0.10883580148220062,21212835,R1.2172.7737.0
2025-01-20T05:27:50.500Z,0.019289683550596237,0.10883580148220062,21204713,R1.0697.5199.0
2025-01-20T05:27:51.000Z,0.011234799399971962,0.10883580148220062,71908906,R1.2900.11955.0
2025-01-20T05:27:51.500Z,0.013589832931756973,0.10883580148220062,71908906,R1.2900.11955.0
2025-01-20T05:27:52.000Z,0.03750459477305412,0.10883580148220062,21204713,R1.0697.5199.0
2025-01-20T05:27:52.500Z,0.020377445966005325,0.10883580148220062,51214531,R1.2900.11955.0
2025-01-20T05:27:53.000Z,0.024806903675198555,0.10883580148220062,21212835,R1.2172.7737.0
2025-01-20T05:27:53.500Z,0.025869568809866905,0.10883580148220062,21212835,R1.2172.7737.0
2025-01-20T05:27:54.000Z,0.027756396681070328,0.10883580148220062,72154411,R1.2900.11955.0
2025-01-20T05:27:54.500Z,0.014410885982215405,0.10883580148220062,71567810,R1.2900.11955.0
2025-01-20T05:27:55.000Z,0.03193956986069679,0.10883580148220062,21204713,R1.0697.5199.0
2025-01-20T05:27:55.500Z,0.024257900193333626,0.10883580148220062,21204713,R1.0697.5199.0
2025-01-20T05:27:56.000Z,0.03245190903544426,0.10883580148220062,21212835,R1.2172.7737.0
2025-01-20T05:27:56.500Z,0.02353106066584587,0.10883580148220062,71325295,R1.2900.11955.0
2025-01-20T05:27:57.000Z,0.02063525654375553,0.10883580148220062,40237728,R1.3027.11698.0
2025-01-20T05:27:57.500Z,0.01038412470370531,0.10883580148220062,71325295,R1.2900.11955.0
2025-01-20T05:27:58.000Z,0.021132102236151695,0.10883580148220062,72154411,R1.2900.11955.0
2025-01-20T05:27:58.500Z,0.013841819018125534,0.10883580148220062,40237728,R1.3027.11698.0
2025-01-20T05:27:59.000Z,0.023168807849287987,0.10883580148220062,40237728,R1.3027.11698.0
2025-01-20T05:27:59.500Z,0.024634545668959618,0.10883580148220062,21212835,R1.2172.7737.0
2025-01-20T05:28:00.000Z,0.04519195482134819,0.10883580148220062,51214531,R1.2900.11955.0
2025-01-20T05:28:00.500Z,0.012743102386593819,0.10883580148220062,21212835,R1.2172.7737.0
2025-01-20T05:28:01.000Z,0.010916074737906456,0.10883580148220062,71908906,R1.2900.11955.0
2025-01-20T05:28:01.500Z,0.00690064812079072,0.10883580148220062,51214531,R1.2900.11955.0
2025-01-20T05:28:02.000Z,0.01220816932618618,0.10883580148220062,40237728,R1.3027.11698.0
2025-01-20T05:28:02.500Z,0.013604630716145039,0.10883580148220062,72359026,R1.2900.11955.0
2025-01-20T05:28:03.000Z,0.02001762203872204,0.10883580148220062,51214531,R1.2900.11955.0
2025-01-20T05:28:03.500Z,0.012426051311194897,0.10883580148220062,72359026,R1.2900.11955.0
2025-01-20T05:28:04.000Z,0.022583061829209328,0.10883580148220062,71908906,R1.2900.11955.0
2025-01-20T05:28:04.500Z,0.019578004255890846,0.10883580148220062,21204713,R1.0697.5199.0
2025-01-20T05:28:05.000Z,0.0243525467813015,0.10883580148220062,21204713,R1.0697.5199.0
2025-01-20T05:28:05.500Z,0.013412400148808956,0.10883580148220062,21212835,R1.2172.7737.0
2025-01-20T05:28:06.000Z,0.040722478181123734,0.10883580148220062,40237728,R1.3027.11698.0
2025-01-20T05:28:06.500Z,0.01613977551460266,0.10883580148220062,71567810,R1.2900.11955.0
2025-01-20T05:28:07.000Z,0.046876806765794754,0.10883580148220062,71908906,R1.2900.11955.0
2025-01-20T05:28:07.500Z,0.03400207310914993,0.10883580148220062,51214531,R1.2900.11955.0
2025-01-20T05:28:08.000Z,0.030614223331212997,0.10883580148220062,71908906,R1.2900.11955.0
2025-01-20T05:28:08.500Z,0.025609701871871948,0.10883580148220062,51214531,R1.2900.11955.0
2025-01-20T05:28:09.000Z,0.02660323865711689,0.10883580148220062,21204713,R1.0697.5199.0
2025-01-20T05:28:09.500Z,0.020681636407971382,0.10883580148220062,51214531,R1.2900.11955.0
2025-01-20T05:28:10.000Z,0.01656341180205345,0.10883580148220062,71325295,R1.2900.11955.0
2025-01-20T05:28:10.500Z,0.03608543798327446,0.10883580148220062,71325295,R1.2900.11955.0
2025-01-20T05:28:11.000Z,0.018481751903891563,0.10883580148220062,40237728,R1.3027.11698.0
2025-01-20T05:28:11.500Z,0.04084885120391846,0.10883580148220062,71567810,R1.2900.11955.0
2025-01-20T05:28:12.000Z,0.020142268389463425,0.10883580148220062,71325295,R1.2900.11955.0
2025-01-20T05:28:12.500Z,0.011296845972537994,0.10883580148220062,72359026,R1.2900.11955.0
2025-01-20T05:28:13.000Z,0.02734685316681862,0.10883580148220062,51214531,R1.2900.11955.0
2025-01-20T05:28:13.500Z,0.03811303526163101,0.10883580148220062,72359026,R1.2900.11955.0
2025-01-20T05:28:14.000Z,0.01630699634552002,0.10883580148220062,40220017,R1.3027.11698.0
2025-01-20T05:28:14.500Z,0.07022485882043839,0.10883580148220062,51214531,R1.2900.11955.0
2025-01-20T05:28:15.000Z,0.01599065773189068,0.10883580148220062,71567810,R1.2900.11955.0
2025-01-20T05:28:15.500Z,0.04073948785662651,0.10883580148220062,51214531,R1.2900.11955.0
2025-01-20T05:28:16.000Z,0.025253992527723312,0.10883580148220062,51214531,R1.2900.11955.0
2025-01-20T05:28:16.500Z,0.021937791258096695,0.10883580148220062,40237728,R1.3027.11698.0
2025-01-20T05:28:17.000Z,0.02735576592385769,0.10883580148220062,72154411,R1.2900.11955.0
2025-01-20T05:28:17.500Z,0.013005639426410198,0.10883580148220062,40220017,R1.3027.11698.0
2025-01-20T05:28:18.000Z,0.017538657411932945,0.10883580148220062,40237728,R1.3027.11698.0
2025-01-20T05:28:18.500Z,0.02728242427110672,0.10883580148220062,21204713,R1.0697.5199.0
2025-01-20T05:28:19.000Z,0.02080327458679676,0.10883580148220062,51214531,R1.2900.11955.0
2025-01-20T05:28:19.500Z,0.01933044008910656,0.10883580148220062,21212835,R1.2172.7737.0
2025-01-20T05:28:20.000Z,0.02308579906821251,0.10883580148220062,40220017,R1.3027.11698.0
2025-01-20T05:28:20.500Z,0.022018587216734886,0.10883580148220062,71908906,R1.2900.11955.0
2025-01-20T05:28:21.000Z,-0.00048131952644325793,0.10883580148220062,71908906,R1.2900.11955.0
2025-01-20T05:28:21.500Z,0.0200820192694664,0.10883580148220062,40237728,R1.3027.11698.0
2025-01-20T05:28:22.000Z,0.02249661274254322,0.10883580148220062,51214531,R1.2900.11955.0
2025-01-20T05:28:22.500Z,0.024979472160339355,0.10883580148220062,72359026,R1.2900.11955.0
2025-01-20T05:28:23.000Z,0.018163541331887245,0.10883580148220062,72154411,R1.2900.11955.0
2025-01-20T05:28:23.500Z,0.021288875490427017,0.10883580148220062,21204713,R1.0697.5199.0
2025-01-20T05:28:24.000Z,0.0049758050590753555,0.10883580148220062,71325295,R1.2900.11955.0
2025-01-20T05:28:24.500Z,0.021342387422919273,0.10883580148220062,40237728,R1.3027.11698.0
2025-01-20T05:28:25.000Z,0.027390465140342712,0.10883580148220062,21204713,R1.0697.5199.0
2025-01-20T05:28:25.500Z,0.0031848675571382046,0.10883580148220062,40237728,R1.3027.11698.0
2025-01-20T05:28:26.000Z,0.025961359962821007,0.10883580148220062,71325295,R1.2900.11955.0
2025-01-20T05:28:26.500Z,0.011925817467272282,0.10883580148220062,40237728,R1.3027.11698.0
2025-01-20T05:28:27.000Z,0.011115899309515953,0.10883580148220062,21204713,R1.0697.5199.0
2025-01-20T05:28:27.500Z,0.02899320051074028,0.10883580148220062,72154411,R1.2900.11955.0
2025-01-20T05:28:28.000Z,0.014942727982997894,0.10883580148220062,71325295,R1.2900.11955.0
2025-01-20T05:28:28.500Z,0.02279805578291416,0.10883580148220062,51214531,R1.2900.11955.0
2025-01-20T05:28:29.000Z,0.019195018336176872,0.10883580148220062,72154411,R1.2900.11955.0
2025-01-20T05:28:29.500Z,0.006624699104577303,0.10883580148220062,40237728,R1.3027.11698.0
2025-01-20T05:28:30.000Z,0.025181539356708527,0.10883580148220062,71325295,R1.2900.11955.0
2025-01-20T05:28:30.500Z,0.012258517555892467,0.10883580148220062,72154411,R1.2900.11955.0
2025-01-20T05:28:31.000Z,0.0321028046309948,0.10883580148220062,40237728,R1.3027.11698.0
2025-01-20T05:28:31.500Z,0.0368853323161602,0.10883580148220062,21212835,R1.2172.7737.0
2025-01-20T05:28:32.000Z,0.009465530514717102,0.10883580148220062,40237728,R1.3027.11698.0
2025-01-20T05:28:32.500Z,0.00784238986670971,0.10883580148220062,72154411,R1.2900.11955.0
2025-01-20T05:28:33.000Z,0.0163409560918808,0.10883580148220062,71908906,R1.2900.11955.0
2025-01-20T05:28:33.500Z,0.019254308193922043,0.10883580148220062,40220017,R1.3027.11698.0
2025-01-20T05:28:34.000Z,0.025291332975029945,0.10883580148220062,21204713,R1.0697.5199.0
2025-01-20T05:28:34.500Z,0.042961426079273224,0.10883580148220062,21204713,R1.0697.5199.0
2025-01-20T05:28:35.000Z,0.030052999034523964,0.10883580148220062,21204713,R1.0697.5199.0
2025-01-20T05:28:35.500Z,0.009227161295711994,0.10883580148220062,51214531,R1.2900.11955.0
2025-01-20T05:28:36.000Z,0.012880790047347546,0.10883580148220062,71908906,R1.2900.11955.0
2025-01-20T05:28:36.500Z,0.011606181040406227,0.10883580148220062,71908906,R1.2900.11955.0
2025-01-20T05:28:37.000Z,0.016597507521510124,0.10883580148220062,51214531,R1.2900.11955.0
2025-01-20T05:28:37.500Z,0.01871098019182682,0.10883580148220062,72359026,R1.2900.11955.0
2025-01-20T05:28:38.000Z,0.03660015016794205,0.10883580148220062,72154411,R1.2900.11955.0
2025-01-20T05:28:38.500Z,0.02505023591220379,0.10883580148220062,21204713,R1.0697.5199.0
2025-01-20T05:28:39.000Z,0.028149530291557312,0.10883580148220062,40220017,R1.3027.11698.0
2025-01-20T05:28:39.500Z,0.03903378173708916,0.10883580148220062,21204713,R1.0697.5199.0
2025-01-20T05:28:40.000Z,0.023090964183211327,0.10883580148220062,51214531,R1.2900.11955.0
2025-01-20T05:28:40.500Z,0.025846082717180252,0.10883580148220062,40237728,R1.3027.11698.0
2025-01-20T05:28:41.000Z,0.03113238699734211,0.10883580148220062,72359026,R1.2900.11955.0
2025-01-20T05:28:41.500Z,0.013332129456102848,0.10883580148220062,72359026,R1.2900.11955.0
2025-01-20T05:28:42.000Z,0.018237052485346794,0.10883580148220062,72359026,R1.2900.11955.0
2025-01-20T05:28:42.500Z,0.026886140927672386,0.10883580148220062,51214531,R1.2900.11955.0
2025-01-20T05:28:43.000Z,0.01203788910061121,0.10883580148220062,51214531,R1.2900.11955.0
2025-01-20T05:28:43.500Z,0.02604498341679573,0.10883580148220062,51214531,R1.2900.11955.0
2025-01-20T05:28:44.000Z,0.013970281928777695,0.10883580148220062,71908906,R1.2900.11955.0
2025-01-20T05:28:44.500Z,0.02497604489326477,0.10883580148220062,71567810,R1.2900.11955.0
2025-01-20T05:28:45.000Z,0.01956498995423317,0.10883580148220062,21212835,R1.2172.7737.0
2025-01-20T05:28:45.500Z,0.038868892937898636,0.10883580148220062,71908906,R1.2900.11955.0
2025-01-20T05:28:46.000Z,0.03173914551734924,0.10883580148220062,72359026,R1.2900.11955.0
2025-01-20T05:28:46.500Z,0.02918444760143757,0.10883580148220062,71567810,R1.2900.11955.0
2025-01-20T05:28:47.000Z,0.017880305647850037,0.10883580148220062,72359026,R1.2900.11955.0
2025-01-20T05:28:47.500Z,0.0591663159430027,0.10883580148220062,21204713,R1.0697.5199.0
2025-01-20T05:28:48.000Z,0.0372319221496582,0.10883580148220062,21212835,R1.2172.7737.0
2025-01-20T05:28:48.500Z,0.032261524349451065,0.10883580148220062,72154411,R1.2900.11955.0
2025-01-20T05:28:49.000Z,0.013222015462815762,0.10883580148220062,51214531,R1.2900.11955.0
2025-01-20T05:28:49.500Z,0.017955854535102844,0.10883580148220062,72154411,R1.2900.11955.0
2025-01-20T05:28:50.000Z,0.02107904478907585,0.10883580148220062,51214531,R1.2900.11955.0
2025-01-20T05:28:50.500Z,0.02021421119570732,0.10883580148220062,40237728,R1.3027.11698.0
2025-01-20T05:28:51.000Z,0.031754568219184875,0.10883580148220062,40237728,R1.3027.11698.0
2025-01-20T05:28:51.500Z,0.041705287992954254,0.10883580148220062,71908906,R1.2900.11955.0
2025-01-20T05:28:52.000Z,0.039756715297698975,0.10883580148220062,71908906,R1.2900.11955.0
2025-01-20T05:28:52.500Z,0.008196072652935982,0.10883580148220062,72359026,R1.2900.11955.0
2025-01-20T05:28:53.000Z,0.027855543419718742,0.10883580148220062,40237728,R1.3027.11698.0
2025-01-20T05:28:53.500Z,0.04261164367198944,0.10883580148220062,21212835,R1.2172.7737.0
2025-01-20T05:28:54.000Z,0.01944476179778576,0.10883580148220062,21212835,R1.2172.7737.0
2025-01-20T05:28:54.500Z,0.0034967008978128433,0.10883580148220062,40220017,R1.3027.11698.0
2025-01-20T05:28:55.000Z,-0.005748080555349588,0.10883580148220062,40220017,R1.3027.11698.0
2025-01-20T05:28:55.500Z,0.01655888743698597,0.10883580148220062,21204713,R1.0697.5199.0
2025-01-20T05:28:56.000Z,0.010737167671322823,0.10883580148220062,71567810,R1.2900.11955.0
2025-01-20T05:28:56.500Z,0.03481537848711014,0.10883580148220062,40220017,R1.3027.11698.0
2025-01-20T05:28:57.000Z,0.03135179728269577,0.10883580148220062,40220017,R1.3027.11698.0
2025-01-20T05:28:57.500Z,0.014615940861403942,0.10883580148220062,21204713,R1.0697.5199.0
2025-01-20T05:28:58.000Z,0.010277689434587955,0.10883580148220062,21204713,R1.0697.5199.0
2025-01-20T05:28:58.500Z,0.029412517324090004,0.10883580148220062,51214531,R1.2900.11955.0
2025-01-20T05:28:59.000Z,0.014416350051760674,0.10883580148220062,71908906,R1.2900.11955.0
2025-01-20T05:28:59.500Z,0.03253411874175072,0.10883580148220062,51214531,R1.2900.11955.0
2025-01-20T05:29:00.000Z,0.025568556040525436,0.10883580148220062,40237728,R1.3027.11698.0
2025-01-20T05:29:00.500Z,0.024260789155960083,0.10883580148220062,21212835,R1.2172.7737.0
2025-01-20T05:29:01.000Z,0.026461536064743996,0.10883580148220062,40220017,R1.3027.11698.0
2025-01-20T05:29:01.500Z,0.01589556597173214,0.10883580148220062,21204713,R1.0697.5199.0
2025-01-20T05:29:02.000Z,0.02689400315284729,0.10883580148220062,51214531,R1.2900.11955.0
2025-01-20T05:29:02.500Z,0.0537337027490139,0.10883580148220062,21204713,R1.0697.5199.0
2025-01-20T05:29:03.000Z,0.029296688735485077,0.10883580148220062,21212835,R1.2172.7737.0
2025-01-20T05:29:03.500Z,0.023617392405867577,0.10883580148220062,21212835,R1.2172.7737.0
2025-01-20T05:29:04.000Z,0.02045994997024536,0.10883580148220062,72154411,R1.2900.11955.0
2025-01-20T05:29:04.500Z,0.036962855607271194,0.10883580148220062,21212835,R1.2172.7737.0
2025-01-20T05:29:05.000Z,0.018253730610013008,0.10883580148220062,71325295,R1.2900.11955.0
2025-01-20T05:29:05.500Z,0.022114325314760208,0.10883580148220062,71325295,R1.2900.11955.0
2025-01-20T05:29:06.000Z,0.06421934813261032,0.10883580148220062,21212835,R1.2172.7737.0
2025-01-20T05:29:06.500Z,0.03616872802376747,0.10883580148220062,51214531,R1.2900.11955.0
2025-01-20T05:29:07.000Z,0.015194857493042946,0.10883580148220062,71908906,R1.2900.11955.0
2025-01-20T05:29:07.500Z,0.014418888837099075,0.10883580148220062,72154411,R1.2900.11955.0
2025-01-20T05:29:08.000Z,0.03300108388066292,0.10883580148220062,40220017,R1.3027.11698.0
2025-01-20T05:29:08.500Z,0.0071676610969007015,0.10883580148220062,21204713,R1.0697.5199.0
2025-01-20T05:29:09.000Z,0.017168032005429268,0.10883580148220062,51214531,R1.2900.11955.0
2025-01-20T05:29:09.500Z,0.01779426448047161,0.10883580148220062,72359026,R1.2900.11955.0
2025-01-20T05:29:10.000Z,0.013857168145477772,0.10883580148220062,72154411,R1.2900.11955.0
2025-01-20T05:29:10.500Z,0.020294880494475365,0.10883580148220062,71325295,R1.2900.11955.0
2025-01-20T05:29:11.000Z,0.02302899770438671,0.10883580148220062,40220017,R1.3027.11698.0
2025-01-20T05:29:11.500Z,0.029826221987605095,0.10883580148220062,40237728,R1.3027.11698.0
2025-01-20T05:29:12.000Z,0.04487389326095581,0.10883580148220062,21212835,R1.2172.7737.0
2025-01-20T05:29:12.500Z,0.03600594401359558,0.10883580148220062,71325295,R1.2900.11955.0
2025-01-20T05:29:13.000Z,0.017270242795348167,0.10883580148220062,21212835,R1.2172.7737.0
2025-01-20T05:29:13.500Z,0.012258550152182579,0.10883580148220062,40237728,R1.3027.11698.0
2025-01-20T05:29:14.000Z,0.02264425717294216,0.10883580148220062,51214531,R1.2900.11955.0
2025-01-20T05:29:14.500Z,0.025296984240412712,0.10883580148220062,21212835,R1.2172.7737.0
2025-01-20T05:29:15.000Z,0.04581645503640175,0.10883580148220062,71325295,R1.2900.11955.0
2025-01-20T05:29:15.500Z,-0.0005517883109860122,0.10883580148220062,71908906,R1.2900.11955.0
2025-01-20T05:29:16.000Z,0.02500634454190731,0.10883580148220062,71567810,R1.2900.11955.0
2025-01-20T05:29:16.500Z,0.015595356933772564,0.10883580148220062,40237728,R1.3027.11698.0
2025-01-20T05:29:17.000Z,0.02576279640197754,0.10883580148220062,72359026,R1.2900.11955.0
2025-01-20T05:29:17.500Z,0.04965880140662193,0.10883580148220062,72154411,R1.2900.11955.0
2025-01-20T05:29:18.000Z,0.015085124410688877,0.10883580148220062,51214531,R1.2900.11955.0
2025-01-20T05:29:18.500Z,0.036244601011276245,0.10883580148220062,72154411,R1.2900.11955.0
2025-01-20T05:29:19.000Z,0.022734496742486954,0.10883580148220062,71908906,R1.2900.11955.0
2025-01-20T05:29:19.500Z,0.020548082888126373,0.10883580148220062,51214531,R1.2900.11955.0
2025-01-20T05:29:20.000Z,0.013356650248169899,0.10883580148220062,51214531,R1.2900.11955.0
2025-01-20T05:29:20.500Z,0.030987605452537537,0.10883580148220062,21212835,R1.2172.7737.0
2025-01-20T05:29:21.000Z,0.02397087588906288,0.10883580148220062,40220017,R1.3027.11698.0
2025-01-20T05:29:21.500Z,0.039195116609334946,0.10883580148220062,21212835,R1.2172.7737.0
2025-01-20T05:29:22.000Z,0.028796108439564705,0.10883580148220062,72359026,R1.2900.11955.0
2025-01-20T05:29:22.500Z,0.015630001202225685,0.10883580148220062,21212835,R1.2172.7737.0
2025-01-20T05:29:23.000Z,0.028856057673692703,0.10883580148220062,71908906,R1.2900.11955.0
2025-01-20T05:29:23.500Z,0.028972206637263298,0.10883580148220062,71908906,R1.2900.11955.0
2025-01-20T05:29:24.000Z,0.017056865617632866,0.10883580148220062,40237728,R1.3027.11698.0
2025-01-20T05:29:24.500Z,0.016945598646998405,0.10883580148220062,21212835,R1.2172.7737.0
2025-01-20T05:29:25.000Z,0.023096583783626556,0.10883580148220062,21212835,R1.2172.7737.0
2025-01-20T05:29:25.500Z,0.041086990386247635,0.10883580148220062,71567810,R1.2900.11955.0
2025-01-20T05:29:26.000Z,0.01448050606995821,0.10883580148220062,40237728,R1.3027.11698.0
2025-01-20T05:29:26.500Z,0.01783118210732937,0.10883580148220062,71908906,R1.2900.11955.0
2025-01-20T05:29:27.000Z,0.03556988760828972,0.10883580148220062,51214531,R1.2900.11955.0
2025-01-20T05:29:27.500Z,0.015639614313840866,0.10883580148220062,71567810,R1.2900.11955.0
2025-01-20T05:29:28.000Z,0.01786482334136963,0.10883580148220062,21204713,R1.0697.5199.0
2025-01-20T05:29:28.500Z,0.032881226390600204,0.10883580148220062,21212835,R1.2172.7737.0
2025-01-20T05:29:29.000Z,0.013283144682645798,0.10883580148220062,72359026,R1.2900.11955.0
2025-01-20T05:29:29.500Z,0.02093934454023838,0.10883580148220062,72359026,R1.2900.11955.0
2025-01-20T05:29:30.000Z,0.03619382157921791,0.10883580148220062,40237728,R1.3027.11698.0
2025-01-20T05:29:30.500Z,0.01875251904129982,0.10883580148220062,40220017,R1.3027.11698.0
2025-01-20T05:29:31.000Z,0.02575993537902832,0.10883580148220062,21204713,R1.0697.5199.0
2025-01-20T05:29:31.500Z,0.04093968868255615,0.10883580148220062,71325295,R1.2900.11955.0
2025-01-20T05:29:32.000Z,0.027309488505125046,0.10883580148220062,40237728,R1.3027.11698.0
2025-01-20T05:29:32.500Z,0.023948201909661293,0.10883580148220062,40237728,R1.3027.11698.0
2025-01-20T05:29:33.000Z,0.01552241574972868,0.10883580148220062,72154411,R1.2900.11955.0
2025-01-20T05:29:33.500Z,0.02887922339141369,0.10883580148220062,51214531,R1.2900.11955.0
2025-01-20T05:29:34.000Z,0.013710265047848225,0.10883580148220062,72154411,R1.2900.11955.0
2025-01-20T05:29:34.500Z,0.016939815133810043,0.10883580148220062,40237728,R1.3027.11698.0
2025-01-20T05:29:35.000Z,0.022582530975341797,0.10883580148220062,71908906,R1.2900.11955.0
2025-01-20T05:29:35.500Z,0.0361369252204895,0.10883580148220062,71567810,R1.2900.11955.0
2025-01-20T05:29:36.000Z,0.03042001836001873,0.10883580148220062,72154411,R1.2900.11955.0
2025-01-20T05:29:36.500Z,0.014543669298291206,0.10883580148220062,21204713,R1.0697.5199.0
2025-01-20T05:29:37.000Z,0.01996840164065361,0.10883580148220062,21212835,R1.2172.7737.0
2025-01-20T05:29:37.500Z,0.028474625200033188,0.10883580148220062,72154411,R1.2900.11955.0
2025-01-20T05:29:38.000Z,0.02481563575565815,0.10883580148220062,21212835,R1.2172.7737.0
2025-01-20T05:29:38.500Z,0.016902735456824303,0.10883580148220062,72359026,R1.2900.11955.0
2025-01-20T05:29:39.000Z,0.024718845263123512,0.10883580148220062,21212835,R1.2172.7737.0
2025-01-20T05:29:39.500Z,0.014089023694396019,0.10883580148220062,40237728,R1.3027.11698.0
2025-01-20T05:29:40.000Z,0.026187635958194733,0.10883580148220062,72154411,R1.2900.11955.0
2025-01-20T05:29:40.500Z,0.028967486694455147,0.10883580148220062,21212835,R1.2172.7737.0
2025-01-20T05:29:41.000Z,0.025699296966195107,0.10883580148220062,40237728,R1.3027.11698.0
2025-01-20T05:29:41.500Z,0.02385818585753441,0.10883580148220062,21212835,R1.2172.7737.0
2025-01-20T05:29:42.000Z,0.013883918523788452,0.10883580148220062,71567810,R1.2900.11955.0
2025-01-20T05:29:42.500Z,0.02036270685493946,0.10883580148220062,40220017,R1.3027.11698.0
2025-01-20T05:29:43.000Z,0.01532010268419981,0.10883580148220062,21212835,R1.2172.7737.0
2025-01-20T05:29:43.500Z,0.01166589092463255,0.10883580148220062,51214531,R1.2900.11955.0
2025-01-20T05:29:44.000Z,0.038509007543325424,0.10883580148220062,21204713,R1.0697.5199.0
2025-01-20T05:29:44.500Z,0.0440341979265213,0.10883580148220062,51214531,R1.2900.11955.0
2025-01-20T05:29:45.000Z,0.020195821300148964,0.10883580148220062,21204713,R1.0697.5199.0
2025-01-20T05:29:45.500Z,0.025626270100474358,0.10883580148220062,21212835,R1.2172.7737.0
2025-01-20T05:29:46.000Z,0.029355477541685104,0.10883580148220062,71908906,R1.2900.11955.0
2025-01-20T05:29:46.500Z,0.028423316776752472,0.10883580148220062,71325295,R1.2900.11955.0
2025-01-20T05:29:47.000Z,0.014481551945209503,0.10883580148220062,51214531,R1.2900.11955.0
2025-01-20T05:29:47.500Z,0.018234722316265106,0.10883580148220062,51214531,R1.2900.11955.0
2025-01-20T05:29:48.000Z,0.03615719825029373,0.10883580148220062,21204713,R1.0697.5199.0
2025-01-20T05:29:48.500Z,0.023338250815868378,0.10883580148220062,21204713,R1.0697.5199.0
2025-01-20T05:29:49.000Z,0.012017941102385521,0.10883580148220062,71567810,R1.2900.11955.0
2025-01-20T05:29:49.500Z,0.013106663711369038,0.10883580148220062,71325295,R1.2900.11955.0
2025-01-20T05:29:50.000Z,0.028709404170513153,0.10883580148220062,51214531,R1.2900.11955.0
2025-01-20T05:29:50.500Z,0.013419373892247677,0.10883580148220062,71908906,R1.2900.11955.0
2025-01-20T05:29:51.000Z,0.05242451652884483,0.10883580148220062,21212835,R1.2172.7737.0
2025-01-20T05:29:51.500Z,0.01573972776532173,0.10883580148220062,40220017,R1.3027.11698.0
2025-01-20T05:29:52.000Z,0.040713123977184296,0.10883580148220062,71325295,R1.2900.11955.0
2025-01-20T05:29:52.500Z,0.008208067156374454,0.10883580148220062,21212835,R1.2172.7737.0
2025-01-20T05:29:53.000Z,0.010518457740545273,0.10883580148220062,71908906,R1.2900.11955.0
2025-01-20T05:29:53.500Z,0.03151025250554085,0.10883580148220062,71325295,R1.2900.11955.0
2025-01-20T05:29:54.000Z,0.020937832072377205,0.10883580148220062,21212835,R1.2172.7737.0
2025-01-20T05:29:54.500Z,0.03379633277654648,0.10883580148220062,71908906,R1.2900.11955.0
2025-01-20T05:29:55.000Z,0.01690811850130558,0.10883580148220062,40220017,R1.3027.11698.0
2025-01-20T05:29:55.500Z,0.040337562561035156,0.10883580148220062,21204713,R1.0697.5199.0
2025-01-20T05:29:56.000Z,0.0402706116437912,0.10883580148220062,72359026,R1.2900.11955.0
2025-01-20T05:29:56.500Z,0.03903011977672577,0.10883580148220062,21212835,R1.2172.7737.0
2025-01-20T05:29:57.000Z,0.0024850929621607065,0.10883580148220062,71908906,R1.2900.11955.0
2025-01-20T05:29:57.500Z,0.027749281376600266,0.10883580148220062,51214531,R1.2900.11955.0
2025-01-20T05:29:58.000Z,0.015178710222244263,0.10883580148220062,21204713,R1.0697.5199.0
2025-01-20T05:29:58.500Z,0.020262517035007477,0.10883580148220062,40237728,R1.3027.11698.0
2025-01-20T05:29:59.000Z,0.031166445463895798,0.10883580148220062,40237728,R1.3027.11698.0
2025-01-20T05:29:59.500Z,0.02759086713194847,0.10883580148220062,21212835,R1.2172.7737.0
2025-01-20T05:30:00.000Z,0.02918056584894657,0.10883580148220062,21204713,R1.0697.5199.0
2025-01-20T05:30:00.500Z,0.0333755724132061,0.10883580148220062,51214531,R1.2900.11955.0
2025-01-20T05:30:01.000Z,0.012343383394181728,0.10883580148220062,40237728,R1.3027.11698.0
2025-01-20T05:30:01.500Z,0.024157188832759857,0.10883580148220062,40220017,R1.3027.11698.0
2025-01-20T05:30:02.000Z,0.024846261367201805,0.10883580148220062,72359026,R1.2900.11955.0
2025-01-20T05:30:02.500Z,0.029388101771473885,0.10883580148220062,21212835,R1.2172.7737.0
2025-01-20T05:30:03.000Z,0.033407919108867645,0.10883580148220062,72359026,R1.2900.11955.0
2025-01-20T05:30:03.500Z,0.04420620575547218,0.10883580148220062,21204713,R1.0697.5199.0
2025-01-20T05:30:04.000Z,0.0064151412807404995,0.10883580148220062,72359026,R1.2900.11955.0
2025-01-20T05:30:04.500Z,0.022936291992664337,0.10883580148220062,21212835,R1.2172.7737.0
2025-01-20T05:30:05.000Z,0.022241007536649704,0.10883580148220062,71325295,R1.2900.11955.0
2025-01-20T05:30:05.500Z,0.02142774872481823,0.10883580148220062,40237728,R1.3027.11698.0
2025-01-20T05:30:06.000Z,0.017290879040956497,0.10883580148220062,40220017,R1.3027.11698.0
2025-01-20T05:30:06.500Z,0.003836435964331031,0.10883580148220062,40220017,R1.3027.11698.0
2025-01-20T05:30:07.000Z,0.029144372791051865,0.10883580148220062,40220017,R1.3027.11698.0
2025-01-20T05:30:07.500Z,0.025210291147232056,0.10883580148220062,71908906,R1.2900.11955.0
2025-01-20T05:30:08.000Z,0.013805967755615711,0.10883580148220062,21204713,R1.0697.5199.0
2025-01-20T05:30:08.500Z,0.023921778425574303,0.10883580148220062,21212835,R1.2172.7737.0
2025-01-20T05:30:09.000Z,0.011912288144230843,0.10883580148220062,21204713,R1.0697.5199.0
2025-01-20T05:30:09.500Z,0.04167497158050537,0.10883580148220062,72154411,R1.2900.11955.0
2025-01-20T05:30:10.000Z,0.03726331144571304,0.10883580148220062,71908906,R1.2900.11955.0
2025-01-20T05:30:10.500Z,0.010222592391073704,0.10883580148220062,21212835,R1.2172.7737.0
2025-01-20T05:30:11.000Z,0.022344574332237244,0.10883580148220062,40220017,R1.3027.11698.0
2025-01-20T05:30:11.500Z,0.02711833268404007,0.10883580148220062,71908906,R1.2900.11955.0
2025-01-20T05:30:12.000Z,0.007064771838486195,0.10883580148220062,72154411,R1.2900.11955.0
2025-01-20T05:30:12.500Z,0.02989199571311474,0.10883580148220062,71908906,R1.2900.11955.0
2025-01-20T05:30:13.000Z,0.020609820261597633,0.10883580148220062,40237728,R1.3027.11698.0
2025-01-20T05:30:13.500Z,0.02132648229598999,0.10883580148220062,72359026,R1.2900.11955.0
2025-01-20T05:30:14.000Z,0.01620020531117916,0.10883580148220062,40220017,R1.3027.11698.0
2025-01-20T05:30:14.500Z,0.017792999744415283,0.10883580148220062,71908906,R1.2900.11955.0
2025-01-20T05:30:15.000Z,0.027535129338502884,0.10883580148220062,71567810,R1.2900.11955.0
2025-01-20T05:30:15.500Z,0.017002899199724197,0.10883580148220062,21212835,R1.2172.7737.0
2025-01-20T05:30:16.000Z,0.03462131321430206,0.10883580148220062,21212835,R1.2172.7737.0
2025-01-20T05:30:16.500Z,0.03428087383508682,0.10883580148220062,21212835,R1.2172.7737.0
2025-01-20T05:30:17.000Z,0.025737768039107323,0.10883580148220062,71908906,R1.2900.11955.0
2025-01-20T05:30:17.500Z,0.04342441260814667,0.10883580148220062,72154411,R1.2900.11955.0
2025-01-20T05:30:18.000Z,0.004665149375796318,0.10883580148220062,72154411,R1.2900.11955.0
2025-01-20T05:30:18.500Z,0.03920777887105942,0.10883580148220062,21212835,R1.2172.7737.0
2025-01-20T05:30:19.000Z,0.011705773882567883,0.10883580148220062,40220017,R1.3027.11698.0
2025-01-20T05:30:19.500Z,0.03207748383283615,0.10883580148220062,21212835,R1.2172.7737.0
2025-01-20T05:30:20.000Z,0.034410808235406876,0.10883580148220062,71908906,R1.2900.11955.0
2025-01-20T05:30:20.500Z,0.035273581743240356,0.10883580148220062,40237728,R1.3027.11698.0
2025-01-20T05:30:21.000Z,0.013422202318906784,0.10883580148220062,71325295,R1.2900.11955.0
2025-01-20T05:30:21.500Z,0.02459065057337284,0.10883580148220062,40237728,R1.3027.11698.0
2025-01-20T05:30:22.000Z,0.020209265872836113,0.10883580148220062,21204713,R1.0697.5199.0
2025-01-20T05:30:22.500Z,0.01116088591516018,0.10883580148220062,71908906,R1.2900.11955.0
2025-01-20T05:30:23.000Z,0.021424783393740654,0.10883580148220062,71567810,R1.2900.11955.0
2025-01-20T05:30:23.500Z,0.03949883207678795,0.10883580148220062,21204713,R1.0697.5199.0
2025-01-20T05:30:24.000Z,0.027415074408054352,0.10883580148220062,21204713,R1.0697.5199.0
2025-01-20T05:30:24.500Z,0.029538866132497787,0.10883580148220062,71908906,R1.2900.11955.0
2025-01-20T05:30:25.000Z,0.02149835228919983,0.10883580148220062,71325295,R1.2900.11955.0
2025-01-20T05:30:25.500Z,0.022984806448221207,0.10883580148220062,72154411,R1.2900.11955.0
2025-01-20T05:30:26.000Z,0.016777483746409416,0.10883580148220062,40237728,R1.3027.11698.0
2025-01-20T05:30:26.500Z,0.007375821471214294,0.10883580148220062,51214531,R1.2900.11955.0
2025-01-20T05:30:27.000Z,0.014798566699028015,0.10883580148220062,40220017,R1.3027.11698.0
2025-01-20T05:30:27.500Z,0.04326160252094269,0.10883580148220062,71567810,R1.2900.11955.0
2025-01-20T05:30:28.000Z,0.025484221056103706,0.10883580148220062,51214531,R1.2900.11955.0
2025-01-20T05:30:28.500Z,0.021972855553030968,0.10883580148220062,21212835,R1.2172.7737.0
2025-01-20T05:30:29.000Z,0.034460797905921936,0.10883580148220062,71567810,R1.2900.11955.0
2025-01-20T05:30:29.500Z,0.04979519918560982,0.10883580148220062,21204713,R1.0697.5199.0
2025-01-20T05:30:30.000Z,0.013823222368955612,0.10883580148220062,21212835,R1.2172.7737.0
2025-01-20T05:30:30.500Z,0.011181480251252651,0.10883580148220062,72359026,R1.2900.11955.0
2025-01-20T05:30:31.000Z,0.015281710773706436,0.10883580148220062,72154411,R1.2900.11955.0
2025-01-20T05:30:31.500Z,0.04205569624900818,0.10883580148220062,40237728,R1.3027.11698.0
2025-01-20T05:30:32.000Z,0.024638433009386063,0.10883580148220062,40237728,R1.3027.11698.0
2025-01-20T05:30:32.500Z,0.02719234488904476,0.10883580148220062,72359026,R1.2900.11955.0
2025-01-20T05:30:33.000Z,0.01905890181660652,0.10883580148220062,21212835,R1.2172.7737.0
2025-01-20T05:30:33.500Z,0.015990907326340675,0.10883580148220062,72359026,R1.2900.11955.0
2025-01-20T05:30:34.000Z,0.0049955882132053375,0.10883580148220062,40237728,R1.3027.11698.0
2025-01-20T05:30:34.500Z,0.024454711005091667,0.10883580148220062,71908906,R1.2900.11955.0
2025-01-20T05:30:35.000Z,0.0274004265666008,0.10883580148220062,71908906,R1.2900.11955.0
2025-01-20T05:30:35.500Z,0.011276784352958202,0.10883580148220062,51214531,R1.2900.11955.0
2025-01-20T05:30:36.000Z,0.022974062711000443,0.10883580148220062,72154411,R1.2900.11955.0
2025-01-20T05:30:36.500Z,0.03487655520439148,0.10883580148220062,40237728,R1.3027.11698.0
2025-01-20T05:30:37.000Z,0.03300849720835686,0.10883580148220062,72359026,R1.2900.11955.0
2025-01-20T05:30:37.500Z,0.011528929695487022,0.10883580148220062,72359026,R1.2900.11955.0
2025-01-20T05:30:38.000Z,0.024017442017793655,0.10883580148220062,71908906,R1.2900.11955.0
2025-01-20T05:30:38.500Z,0.025235196575522423,0.10883580148220062,40237728,R1.3027.11698.0
2025-01-20T05:30:39.000Z,0.00951265636831522,0.10883580148220062,71325295,R1.2900.11955.0
2025-01-20T05:30:39.500Z,0.027573823928833008,0.10883580148220062,71325295,R1.2900.11955.0
2025-01-20T05:30:40.000Z,0.032358571887016296,0.10883580148220062,21204713,R1.0697.5199.0
2025-01-20T05:30:40.500Z,0.03869042918086052,0.10883580148220062,21212835,R1.2172.7737.0
2025-01-20T05:30:41.000Z,0.0254275631159544,0.10883580148220062,21212835,R1.2172.7737.0
2025-01-20T05:30:41.500Z,0.027808645740151405,0.10883580148220062,21212835,R1.2172.7737.0
2025-01-20T05:30:42.000Z,0.028368838131427765,0.10883580148220062,21204713,R1.0697.5199.0
2025-01-20T05:30:42.500Z,0.023777270689606667,0.10883580148220062,71567810,R1.2900.11955.0
2025-01-20T05:30:43.000Z,0.01952999271452427,0.10883580148220062,21212835,R1.2172.7737.0
2025-01-20T05:30:43.500Z,0.0342843271791935,0.10883580148220062,72359026,R1.2900.11955.0
2025-01-20T05:30:44.000Z,0.00953901931643486,0.10883580148220062,71325295,R1.2900.11955.0
2025-01-20T05:30:44.500Z,0.031445834785699844,0.10883580148220062,21204713,R1.0697.5199.0
2025-01-20T05:30:45.000Z,0.02709469571709633,0.10883580148220062,72154411,R1.2900.11955.0
2025-01-20T05:30:45.500Z,0.044782355427742004,0.10883580148220062,72359026,R1.2900.11955.0
2025-01-20T05:30:46.000Z,0.03313069045543671,0.10883580148220062,71908906,R1.2900.11955.0
2025-01-20T05:30:46.500Z,0.025198491290211678,0.10883580148220062,71908906,R1.2900.11955.0
2025-01-20T05:30:47.000Z,0.015570012852549553,0.10883580148220062,21212835,R1.2172.7737.0
2025-01-20T05:30:47.500Z,0.010325858369469643,0.10883580148220062,40237728,R1.3027.11698.0
2025-01-20T05:30:48.000Z,0.010267593897879124,0.10883580148220062,72154411,R1.2900.11955.0
2025-01-20T05:30:48.500Z,0.0463884174823761,0.10883580148220062,72154411,R1.2900.11955.0
2025-01-20T05:30:49.000Z,0.041825223714113235,0.10883580148220062,21212835,R1.2172.7737.0
2025-01-20T05:30:49.500Z,0.031423065811395645,0.10883580148220062,21212835,R1.2172.7737.0
2025-01-20T05:30:50.000Z,0.018883146345615387,0.10883580148220062,21212835,R1.2172.7737.0
2025-01-20T05:30:50.500Z,0.0145968496799469,0.10883580148220062,51214531,R1.2900.11955.0
2025-01-20T05:30:51.000Z,0.01810285449028015,0.10883580148220062,72154411,R1.2900.11955.0
2025-01-20T05:30:51.500Z,0.04781202971935272,0.10883580148220062,71567810,R1.2900.11955.0
2025-01-20T05:30:52.000Z,0.02391427755355835,0.10883580148220062,72359026,R1.2900.11955.0
2025-01-20T05:30:52.500Z,0.024824151769280434,0.10883580148220062,71908906,R1.2900.11955.0
2025-01-20T05:30:53.000Z,0.022435937076807022,0.10883580148220062,72359026,R1.2900.11955.0
2025-01-20T05:30:53.500Z,0.042520880699157715,0.10883580148220062,21204713,R1.0697.5199.0
2025-01-20T05:30:54.000Z,0.03021949529647827,0.10883580148220062,51214531,R1.2900.11955.0
2025-01-20T05:30:54.500Z,0.028028244152665138,0.10883580148220062,40220017,R1.3027.11698.0
2025-01-20T05:30:55.000Z,0.034978676587343216,0.10883580148220062,71325295,R1.2900.11955.0
2025-01-20T05:30:55.500Z,0.009763653390109539,0.10883580148220062,72154411,R1.2900.11955.0
2025-01-20T05:30:56.000Z,0.0040570516139268875,0.10883580148220062,21212835,R1.2172.7737.0
2025-01-20T05:30:56.500Z,0.010692603886127472,0.10883580148220062,71908906,R1.2900.11955.0
2025-01-20T05:30:57.000Z,0.026332980021834373,0.10883580148220062,40220017,R1.3027.11698.0
2025-01-20T05:30:57.500Z,0.02138722501695156,0.10883580148220062,21204713,R1.0697.5199.0
2025-01-20T05:30:58.000Z,0.030747832730412483,0.10883580148220062,51214531,R1.2900.11955.0
2025-01-20T05:30:58.500Z,0.015087326057255268,0.10883580148220062,71567810,R1.2900.11955.0
2025-01-20T05:30:59.000Z,0.029540112242102623,0.10883580148220062,71567810,R1.2900.11955.0
2025-01-20T05:30:59.500Z,0.01227548811584711,0.10883580148220062,21212835,R1.2172.7737.0
2025-01-20T05:31:00.000Z,0.0050612203776836395,0.10883580148220062,72359026,R1.2900.11955.0
2025-01-20T05:31:00.500Z,0.0167267806828022,0.10883580148220062,72359026,R1.2900.11955.0
2025-01-20T05:31:01.000Z,0.021243702620267868,0.10883580148220062,71325295,R1.2900.11955.0
2025-01-20T05:31:01.500Z,0.016475820913910866,0.10883580148220062,72359026,R1.2900.11955.0
2025-01-20T05:31:02.000Z,-0.00029749891837127507,0.10883580148220062,72359026,R1.2900.11955.0
2025-01-20T05:31:02.500Z,0.025491900742053986,0.10883580148220062,21212835,R1.2172.7737.0
2025-01-20T05:31:03.000Z,0.03790709376335144,0.10883580148220062,21204713,R1.0697.5199.0
2025-01-20T05:31:03.500Z,0.014389438554644585,0.10883580148220062,71567810,R1.2900.11955.0
2025-01-20T05:31:04.000Z,0.026352129876613617,0.10883580148220062,21212835,R1.2172.7737.0
2025-01-20T05:31:04.500Z,0.02846289984881878,0.10883580148220062,71325295,R1.2900.11955.0
2025-01-20T05:31:05.000Z,0.032537199556827545,0.10883580148220062,71325295,R1.2900.11955.0
2025-01-20T05:31:05.500Z,0.015901662409305573,0.10883580148220062,72154411,R1.2900.11955.0
2025-01-20T05:31:06.000Z,0.006922346074134111,0.10883580148220062,40237728,R1.3027.11698.0
2025-01-20T05:31:06.500Z,0.02773594856262207,0.10883580148220062,71908906,R1.2900.11955.0
2025-01-20T05:31:07.000Z,0.008590692654252052,0.10883580148220062,21212835,R1.2172.7737.0
2025-01-20T05:31:07.500Z,0.017574865370988846,0.10883580148220062,72359026,R1.2900.11955.0
2025-01-20T05:31:08.000Z,0.009727203287184238,0.10883580148220062,71325295,R1.2900.11955.0
2025-01-20T05:31:08.500Z,0.024619044736027718,0.10883580148220062,40220017,R1.3027.11698.0
2025-01-20T05:31:09.000Z,0.04508382827043533,0.10883580148220062,21204713,R1.0697.5199.0
2025-01-20T05:31:09.500Z,0.03178565576672554,0.10883580148220062,71325295,R1.2900.11955.0
2025-01-20T05:31:10.000Z,0.012882333248853683,0.10883580148220062,21212835,R1.2172.7737.0
2025-01-20T05:31:10.500Z,0.032295264303684235,0.10883580148220062,71567810,R1.2900.11955.0
2025-01-20T05:31:11.000Z,-0.0004215176741126925,0.10883580148220062,40220017,R1.3027.11698.0
2025-01-20T05:31:11.500Z,0.024117842316627502,0.10883580148220062,71908906,R1.2900.11955.0
2025-01-20T05:31:12.000Z,0.026948248967528343,0.10883580148220062,71567810,R1.2900.11955.0
2025-01-20T05:31:12.500Z,0.029454898089170456,0.10883580148220062,40237728,R1.3027.11698.0
2025-01-20T05:31:13.000Z,0.0300075002014637,0.10883580148220062,40237728,R1.3027.11698.0
2025-01-20T05:31:13.500Z,0.013742756098508835,0.10883580148220062,72154411,R1.2900.11955.0
2025-01-20T05:31:14.000Z,0.0281898882240057,0.10883580148220062,71325295,R1.2900.11955.0
2025-01-20T05:31:14.500Z,0.03900369629263878,0.10883580148220062,51214531,R1.2900.11955.0
2025-01-20T05:31:15.000Z,0.014502288773655891,0.10883580148220062,71908906,R1.2900.11955.0
2025-01-20T05:31:15.500Z,0.01967395283281803,0.10883580148220062,71908906,R1.2900.11955.0
2025-01-20T05:31:16.000Z,0.022504087537527084,0.10883580148220062,40237728,R1.3027.11698.0
2025-01-20T05:31:16.500Z,0.0225286353379488,0.10883580148220062,40237728,R1.3027.11698.0
2025-01-20T05:31:17.000Z,0.027412230148911476,0.10883580148220062,71567810,R1.2900.11955.0
2025-01-20T05:31:17.500Z,0.009050020016729832,0.10883580148220062,72359026,R1.2900.11955.0
2025-01-20T05:31:18.000Z,0.03635505586862564,0.10883580148220062,40237728,R1.3027.11698.0
2025-01-20T05:31:18.500Z,0.0166782159358263,0.10883580148220062,71567810,R1.2900.11955.0
2025-01-20T05:31:19.000Z,0.03498326241970062,0.10883580148220062,72154411,R1.2900.11955.0
2025-01-20T05:31:19.500Z,0.022049635648727417,0.10883580148220062,72359026,R1.2900.11955.0
2025-01-20T05:31:20.000Z,0.027951151132583618,0.10883580148220062,71908906,R1.2900.11955.0
2025-01-20T05:31:20.500Z,0.009359254501760006,0.10883580148220062,21204713,R1.0697.5199.0
2025-01-20T05:31:21.000Z,0.03880304843187332,0.10883580148220062,21204713,R1.0697.5199.0
2025-01-20T05:31:21.500Z,0.028603414073586464,0.10883580148220062,72154411,R1.2900.11955.0
2025-01-20T05:31:22.000Z,0.034596409648656845,0.10883580148220062,40237728,R1.3027.11698.0
2025-01-20T05:31:22.500Z,0.010959501378238201,0.10883580148220062,51214531,R1.2900.11955.0
2025-01-20T05:31:23.000Z,0.013566834852099419,0.10883580148220062,72359026,R1.2900.11955.0
2025-01-20T05:31:23.500Z,0.02675427868962288,0.10883580148220062,40220017,R1.3027.11698.0
2025-01-20T05:31:24.000Z,0.02959955856204033,0.10883580148220062,40220017,R1.3027.11698.0
2025-01-20T05:31:24.500Z,0.02619330585002899,0.10883580148220062,72154411,R1.2900.11955.0
2025-01-20T05:31:25.000Z,0.009458902291953564,0.10883580148220062,72154411,R1.2900.11955.0
2025-01-20T05:31:25.500Z,0.008893769234418869,0.10883580148220062,71908906,R1.2900.11955.0
2025-01-20T05:31:26.000Z,0.03961137682199478,0.10883580148220062,21212835,R1.2172.7737.0
2025-01-20T05:31:26.500Z,0.012987984344363213,0.10883580148220062,40237728,R1.3027.11698.0
2025-01-20T05:31:27.000Z,0.017794335260987282,0.10883580148220062,40220017,R1.3027.11698.0
2025-01-20T05:31:27.500Z,0.04285644367337227,0.10883580148220062,72154411,R1.2900.11955.0
2025-01-20T05:31:28.000Z,0.03193783015012741,0.10883580148220062,51214531,R1.2900.11955.0
2025-01-20T05:31:28.500Z,0.024332283064723015,0.10883580148220062,72154411,R1.2900.11955.0
2025-01-20T05:31:29.000Z,0.018159525468945503,0.10883580148220062,40237728,R1.3027.11698.0
2025-01-20T05:31:29.500Z,0.03950175270438194,0.10883580148220062,40237728,R1.3027.11698.0
2025-01-20T05:31:30.000Z,0.004261568654328585,0.10883580148220062,40237728,R1.3027.11698.0
2025-01-20T05:31:30.500Z,0.032496076077222824,0.10883580148220062,71325295,R1.2900.11955.0
2025-01-20T05:31:31.000Z,0.020765120163559914,0.10883580148220062,72359026,R1.2900.11955.0
2025-01-20T05:31:31.500Z,0.018587758764624596,0.10883580148220062,40237728,R1.3027.11698.0
2025-01-20T05:31:32.000Z,0.01689247041940689,0.10883580148220062,40220017,R1.3027.11698.0
2025-01-20T05:31:32.500Z,0.012733075767755508,0.10883580148220062,51214531,R1.2900.11955.0
2025-01-20T05:31:33.000Z,0.026281246915459633,0.10883580148220062,72154411,R1.2900.11955.0
2025-01-20T05:31:33.500Z,0.024881215766072273,0.10883580148220062,71567810,R1.2900.11955.0
2025-01-20T05:31:34.000Z,0.026337292045354843,0.10883580148220062,21204713,R1.0697.5199.0
2025-01-20T05:31:34.500Z,0.03369102254509926,0.10883580148220062,40237728,R1.3027.11698.0
2025-01-20T05:31:35.000Z,0.014941387809813023,0.10883580148220062,72359026,R1.2900.11955.0
2025-01-20T05:31:35.500Z,0.029728034511208534,0.10883580148220062,40237728,R1.3027.11698.0
2025-01-20T05:31:36.000Z,0.010250942781567574,0.10883580148220062,72359026,R1.2900.11955.0
2025-01-20T05:31:36.500Z,0.04207490384578705,0.10883580148220062,21212835,R1.2172.7737.0
2025-01-20T05:31:37.000Z,0.019415412098169327,0.10883580148220062,21212835,R1.2172.7737.0
2025-01-20T05:31:37.500Z,0.01684989593923092,0.10883580148220062,40237728,R1.3027.11698.0
2025-01-20T05:31:38.000Z,0.033579371869564056,0.10883580148220062,21212835,R1.2172.7737.0
2025-01-20T05:31:38.500Z,0.02255299501121044,0.10883580148220062,21204713,R1.0697.5199.0
2025-01-20T05:31:39.000Z,0.027321353554725647,0.10883580148220062,71567810,R1.2900.11955.0
2025-01-20T05:31:39.500Z,0.03868214786052704,0.10883580148220062,40237728,R1.3027.11698.0
2025-01-20T05:31:40.000Z,0.015912242233753204,0.10883580148220062,71908906,R1.2900.11955.0
2025-01-20T05:31:40.500Z,0.04392603412270546,0.10883580148220062,71567810,R1.2900.11955.0
2025-01-20T05:31:41.000Z,0.02972567453980446,0.10883580148220062,21204713,R1.0697.5199.0
2025-01-20T05:31:41.500Z,0.029121939092874527,0.10883580148220062,40237728,R1.3027.11698.0
2025-01-20T05:31:42.000Z,0.020045951008796692,0.10883580148220062,40220017,R1.3027.11698.0
2025-01-20T05:31:42.500Z,0.046004001051187515,0.10883580148220062,72359026,R1.2900.11955.0
2025-01-20T05:31:43.000Z,0.013254839926958084,0.10883580148220062,40237728,R1.3027.11698.0
2025-01-20T05:31:43.500Z,0.013248496688902378,0.10883580148220062,71908906,R1.2900.11955.0
2025-01-20T05:31:44.000Z,0.015841219574213028,0.10883580148220062,40237728,R1.3027.11698.0
2025-01-20T05:31:44.500Z,0.015033227391541004,0.10883580148220062,40237728,R1.3027.11698.0
2025-01-20T05:31:45.000Z,0.027731362730264664,0.10883580148220062,51214531,R1.2900.11955.0
2025-01-20T05:31:45.500Z,0.008999423123896122,0.10883580148220062,72154411,R1.2900.11955.0
2025-01-20T05:31:46.000Z,0.029359443113207817,0.10883580148220062,72154411,R1.2900.11955.0
2025-01-20T05:31:46.500Z,0.013059178367257118,0.10883580148220062,72359026,R1.2900.11955.0
2025-01-20T05:31:47.000Z,0.05754861608147621,0.10883580148220062,21204713,R1.0697.5199.0
2025-01-20T05:31:47.500Z,0.01977858692407608,0.10883580148220062,71908906,R1.2900.11955.0
2025-01-20T05:31:48.000Z,0.020821383222937584,0.10883580148220062,40237728,R1.3027.11698.0
2025-01-20T05:31:48.500Z,0.015696944668889046,0.10883580148220062,40237728,R1.3027.11698.0
2025-01-20T05:31:49.000Z,0.024975474923849106,0.10883580148220062,40220017,R1.3027.11698.0
2025-01-20T05:31:49.500Z,0.023991979658603668,0.10883580148220062,71908906,R1.2900.11955.0
2025-01-20T05:31:50.000Z,0.0167373213917017,0.10883580148220062,40237728,R1.3027.11698.0
2025-01-20T05:31:50.500Z,0.020701685920357704,0.10883580148220062,71567810,R1.2900.11955.0
2025-01-20T05:31:51.000Z,0.02419041469693184,0.10883580148220062,71325295,R1.2900.11955.0
2025-01-20T05:31:51.500Z,0.03571644052863121,0.10883580148220062,40220017,R1.3027.11698.0
2025-01-20T05:31:52.000Z,0.024458805099129677,0.10883580148220062,51214531,R1.2900.11955.0
2025-01-20T05:31:52.500Z,0.02484614960849285,0.10883580148220062,71908906,R1.2900.11955.0
2025-01-20T05:31:53.000Z,0.019346242770552635,0.10883580148220062,72154411,R1.2900.11955.0
2025-01-20T05:31:53.500Z,0.03487556800246239,0.10883580148220062,51214531,R1.2900.11955.0
2025-01-20T05:31:54.000Z,0.02829429693520069,0.10883580148220062,21212835,R1.2172.7737.0
2025-01-20T05:31:54.500Z,0.017746787518262863,0.10883580148220062,71567810,R1.2900.11955.0
2025-01-20T05:31:55.000Z,0.01522186677902937,0.10883580148220062,40220017,R1.3027.11698.0
2025-01-20T05:31:55.500Z,0.04336721822619438,0.10883580148220062,21204713,R1.0697.5199.0
2025-01-20T05:31:56.000Z,0.017603423446416855,0.10883580148220062,51214531,R1.2900.11955.0
2025-01-20T05:31:56.500Z,0.030507370829582214,0.10883580148220062,71908906,R1.2900.11955.0
2025-01-20T05:31:57.000Z,0.019471868872642517,0.10883580148220062,21212835,R1.2172.7737.0
2025-01-20T05:31:57.500Z,0.012772666290402412,0.10883580148220062,72154411,R1.2900.11955.0
2025-01-20T05:31:58.000Z,0.025935836136341095,0.10883580148220062,72359026,R1.2900.11955.0
2025-01-20T05:31:58.500Z,0.01493893750011921,0.10883580148220062,72359026,R1.2900.11955.0
2025-01-20T05:31:59.000Z,0.021478038281202316,0.10883580148220062,21204713,R1.0697.5199.0
2025-01-20T05:31:59.500Z,0.023074613884091377,0.10883580148220062,21212835,R1.2172.7737.0
2025-01-20T05:32:00.000Z,0.03682422637939453,0.10883580148220062,72359026,R1.2900.11955.0
2025-01-20T05:32:00.500Z,0.0092472480610013,0.10883580148220062,72359026,R1.2900.11955.0
2025-01-20T05:32:01.000Z,0.020181499421596527,0.10883580148220062,21204713,R1.0697.5199.0
2025-01-20T05:32:01.500Z,0.012875180691480637,0.10883580148220062,40237728,R1.3027.11698.0
2025-01-20T05:32:02.000Z,0.04611261934041977,0.10883580148220062,21204713,R1.0697.5199.0
2025-01-20T05:32:02.500Z,0.019474197179079056,0.10883580148220062,40237728,R1.3027.11698.0
2025-01-20T05:32:03.000Z,0.012029212899506092,0.10883580148220062,51214531,R1.2900.11955.0
2025-01-20T05:32:03.500Z,0.0063491216860711575,0.10883580148220062,71567810,R1.2900.11955.0
2025-01-20T05:32:04.000Z,0.018477005884051323,0.10883580148220062,71908906,R1.2900.11955.0
2025-01-20T05:32:04.500Z,0.01623302325606346,0.10883580148220062,51214531,R1.2900.11955.0
2025-01-20T05:32:05.000Z,0.014617162756621838,0.10883580148220062,21204713,R1.0697.5199.0
2025-01-20T05:32:05.500Z,0.039232026785612106,0.10883580148220062,51214531,R1.2900.11955.0
2025-01-20T05:32:06.000Z,0.032459042966365814,0.10883580148220062,71325295,R1.2900.11955.0
2025-01-20T05:32:06.500Z,0.02976962924003601,0.10883580148220062,71908906,R1.2900.11955.0
2025-01-20T05:32:07.000Z,0.014205419458448887,0.10883580148220062,71908906,R1.2900.11955.0
2025-01-20T05:32:07.500Z,0.02238413132727146,0.10883580148220062,21204713,R1.0697.5199.0
2025-01-20T05:32:08.000Z,0.019833998754620552,0.10883580148220062,71567810,R1.2900.11955.0
2025-01-20T05:32:08.500Z,0.015156038105487823,0.10883580148220062,40220017,R1.3027.11698.0
2025-01-20T05:32:09.000Z,0.06443054229021072,0.10883580148220062,21212835,R1.2172.7737.0
2025-01-20T05:32:09.500Z,0.02441483363509178,0.10883580148220062,51214531,R1.2900.11955.0
2025-01-20T05:32:10.000Z,0.01750107668340206,0.10883580148220062,51214531,R1.2900.11955.0
2025-01-20T05:32:10.500Z,0.040556978434324265,0.10883580148220062,71908906,R1.2900.11955.0
2025-01-20T05:32:11.000Z,0.015645764768123627,0.10883580148220062,40237728,R1.3027.11698.0
2025-01-20T05:32:11.500Z,0.034686699509620667,0.10883580148220062,71325295,R1.2900.11955.0
2025-01-20T05:32:12.000Z,0.02249748446047306,0.10883580148220062,71567810,R1.2900.11955.0
2025-01-20T05:32:12.500Z,0.025566309690475464,0.10883580148220062,51214531,R1.2900.11955.0
2025-01-20T05:32:13.000Z,0.016018565744161606,0.10883580148220062,72359026,R1.2900.11955.0
2025-01-20T05:32:13.500Z,0.040682725608348846,0.10883580148220062,72359026,R1.2900.11955.0
2025-01-20T05:32:14.000Z,0.035881754010915756,0.10883580148220062,71325295,R1.2900.11955.0
2025-01-20T05:32:14.500Z,0.03259702026844025,0.10883580148220062,21204713,R1.0697.5199.0
2025-01-20T05:32:15.000Z,0.017228184267878532,0.10883580148220062,72154411,R1.2900.11955.0
2025-01-20T05:32:15.500Z,0.017995337024331093,0.10883580148220062,72154411,R1.2900.11955.0
2025-01-20T05:32:16.000Z,0.04229610413312912,0.10883580148220062,72154411,R1.2900.11955.0
2025-01-20T05:32:16.500Z,0.03507043793797493,0.10883580148220062,71567810,R1.2900.11955.0
2025-01-20T05:32:17.000Z,0.025210127234458923,0.10883580148220062,51214531,R1.2900.11955.0
2025-01-20T05:32:17.500Z,0.01789754256606102,0.10883580148220062,71567810,R1.2900.11955.0
2025-01-20T05:32:18.000Z,0.03025856800377369,0.10883580148220062,72359026,R1.2900.11955.0
2025-01-20T05:32:18.500Z,0.04548823460936546,0.10883580148220062,51214531,R1.2900.11955.0
2025-01-20T05:32:19.000Z,0.019189663231372833,0.10883580148220062,40237728,R1.3027.11698.0
2025-01-20T05:32:19.500Z,0.03002772480249405,0.10883580148220062,72154411,R1.2900.11955.0
2025-01-20T05:32:20.000Z,0.02294985018670559,0.10883580148220062,21204713,R1.0697.5199.0
2025-01-20T05:32:20.500Z,0.00999591313302517,0.10883580148220062,40237728,R1.3027.11698.0
2025-01-20T05:32:21.000Z,0.02896703965961933,0.10883580148220062,40237728,R1.3027.11698.0
2025-01-20T05:32:21.500Z,0.012930894270539284,0.10883580148220062,71567810,R1.2900.11955.0
2025-01-20T05:32:22.000Z,0.024902885779738426,0.10883580148220062,72359026,R1.2900.11955.0
2025-01-20T05:32:22.500Z,0.020720163360238075,0.10883580148220062,71567810,R1.2900.11955.0
2025-01-20T05:32:23.000Z,0.0330611951649189,0.10883580148220062,51214531,R1.2900.11955.0
2025-01-20T05:32:23.500Z,0.015616469085216522,0.10883580148220062,21212835,R1.2172.7737.0
2025-01-20T05:32:24.000Z,0.007363556418567896,0.10883580148220062,40237728,R1.3027.11698.0
2025-01-20T05:32:24.500Z,0.010221059434115887,0.10883580148220062,51214531,R1.2900.11955.0
2025-01-20T05:32:25.000Z,0.017584700137376785,0.10883580148220062,40237728,R1.3027.11698.0
2025-01-20T05:32:25.500Z,0.008229649625718594,0.10883580148220062,40237728,R1.3027.11698.0
2025-01-20T05:32:26.000Z,0.03447658568620682,0.10883580148220062,72154411,R1.2900.11955.0
2025-01-20T05:32:26.500Z,0.027199283242225647,0.10883580148220062,51214531,R1.2900.11955.0
2025-01-20T05:32:27.000Z,0.02952747978270054,0.10883580148220062,40237728,R1.3027.11698.0
2025-01-20T05:32:27.500Z,0.01873798668384552,0.10883580148220062,21204713,R1.0697.5199.0
2025-01-20T05:32:28.000Z,0.03993279114365578,0.10883580148220062,21212835,R1.2172.7737.0
2025-01-20T05:32:28.500Z,0.02392997033894062,0.10883580148220062,51214531,R1.2900.11955.0
2025-01-20T05:32:29.000Z,0.022792324423789978,0.10883580148220062,40237728,R1.3027.11698.0
2025-01-20T05:32:29.500Z,0.03172288462519646,0.10883580148220062,71567810,R1.2900.11955.0
2025-01-20T05:32:30.000Z,0.026249069720506668,0.10883580148220062,71908906,R1.2900.11955.0
2025-01-20T05:32:30.500Z,0.011634647846221924,0.10883580148220062,72154411,R1.2900.11955.0
2025-01-20T05:32:31.000Z,0.02585594356060028,0.10883580148220062,51214531,R1.2900.11955.0
2025-01-20T05:32:31.500Z,0.019816268235445023,0.10883580148220062,21212835,R1.2172.7737.0
2025-01-20T05:32:32.000Z,0.03260163217782974,0.10883580148220062,71908906,R1.2900.11955.0
2025-01-20T05:32:32.500Z,0.022653382271528244,0.10883580148220062,71567810,R1.2900.11955.0
2025-01-20T05:32:33.000Z,0.01668412983417511,0.10883580148220062,51214531,R1.2900.11955.0
2025-01-20T05:32:33.500Z,0.021613193675875664,0.10883580148220062,40220017,R1.3027.11698.0
2025-01-20T05:32:34.000Z,0.02655593492090702,0.10883580148220062,21212835,R1.2172.7737.0
2025-01-20T05:32:34.500Z,0.028633035719394684,0.10883580148220062,72154411,R1.2900.11955.0
2025-01-20T05:32:35.000Z,0.02914690412580967,0.10883580148220062,51214531,R1.2900.11955.0
2025-01-20T05:32:35.500Z,0.0263558067381382,0.10883580148220062,71908906,R1.2900.11955.0
2025-01-20T05:32:36.000Z,0.023970676586031914,0.10883580148220062,72154411,R1.2900.11955.0
2025-01-20T05:32:36.500Z,0.010247084312140942,0.10883580148220062,71567810,R1.2900.11955.0
2025-01-20T05:32:37.000Z,0.011841393075883389,0.10883580148220062,72154411,R1.2900.11955.0
2025-01-20T05:32:37.500Z,0.008605175651609898,0.10883580148220062,21212835,R1.2172.7737.0
2025-01-20T05:32:38.000Z,0.02726150117814541,0.10883580148220062,71325295,R1.2900.11955.0
2025-01-20T05:32:38.500Z,0.019648367539048195,0.10883580148220062,51214531,R1.2900.11955.0
2025-01-20T05:32:39.000Z,0.0232631154358387,0.10883580148220062,21212835,R1.2172.7737.0
2025-01-20T05:32:39.500Z,0.025814563035964966,0.10883580148220062,21212835,R1.2172.7737.0
2025-01-20T05:32:40.000Z,0.018474051728844643,0.10883580148220062,51214531,R1.2900.11955.0
2025-01-20T05:32:40.500Z,0.028009062632918358,0.10883580148220062,21204713,R1.0697.5199.0
2025-01-20T05:32:41.000Z,0.03188261017203331,0.10883580148220062,21212835,R1.2172.7737.0
2025-01-20T05:32:41.500Z,0.030241526663303375,0.10883580148220062,21212835,R1.2172.7737.0
2025-01-20T05:32:42.000Z,0.02857235074043274,0.10883580148220062,40237728,R1.3027.11698.0
2025-01-20T05:32:42.500Z,0.04083060473203659,0.10883580148220062,72359026,R1.2900.11955.0
2025-01-20T05:32:43.000Z,0.015462863259017467,0.10883580148220062,40237728,R1.3027.11698.0
2025-01-20T05:32:43.500Z,0.017840275540947914,0.10883580148220062,40237728,R1.3027.11698.0
2025-01-20T05:32:44.000Z,0.017267830669879913,0.10883580148220062,51214531,R1.2900.11955.0
2025-01-20T05:32:44.500Z,0.01741744950413704,0.10883580148220062,72154411,R1.2900.11955.0
2025-01-20T05:32:45.000Z,0.014571030624210835,0.10883580148220062,51214531,R1.2900.11955.0
2025-01-20T05:32:45.500Z,0.027621421962976456,0.10883580148220062,40237728,R1.3027.11698.0
2025-01-20T05:32:46.000Z,0.027606450021266937,0.10883580148220062,72154411,R1.2900.11955.0
2025-01-20T05:32:46.500Z,0.025161631405353546,0.10883580148220062,71567810,R1.2900.11955.0
2025-01-20T05:32:47.000Z,0.024941997602581978,0.10883580148220062,40237728,R1.3027.11698.0
2025-01-20T05:32:47.500Z,0.017320355400443077,0.10883580148220062,71908906,R1.2900.11955.0
2025-01-20T05:32:48.000Z,0.016613703221082687,0.10883580148220062,21204713,R1.0697.5199.0
2025-01-20T05:32:48.500Z,0.02139991708099842,0.10883580148220062,71908906,R1.2900.11955.0
2025-01-20T05:32:49.000Z,0.019698085263371468,0.10883580148220062,72154411,R1.2900.11955.0
2025-01-20T05:32:49.500Z,0.013136815279722214,0.10883580148220062,71325295,R1.2900.11955.0
2025-01-20T05:32:50.000Z,0.018842222169041634,0.10883580148220062,51214531,R1.2900.11955.0
2025-01-20T05:32:50.500Z,0.022175032645463943,0.10883580148220062,51214531,R1.2900.11955.0
2025-01-20T05:32:51.000Z,0.022154612466692924,0.10883580148220062,71908906,R1.2900.11955.0
2025-01-20T05:32:51.500Z,0.028974158689379692,0.10883580148220062,40237728,R1.3027.11698.0
2025-01-20T05:32:52.000Z,0.01770404353737831,0.10883580148220062,72359026,R1.2900.11955.0
2025-01-20T05:32:52.500Z,0.011667572893202305,0.10883580148220062,72359026,R1.2900.11955.0
2025-01-20T05:32:53.000Z,0.012449419125914574,0.10883580148220062,72154411,R1.2900.11955.0
2025-01-20T05:32:53.500Z,0.04216331988573074,0.10883580148220062,72154411,R1.2900.11955.0
2025-01-20T05:32:54.000Z,0.009859615005552769,0.10883580148220062,40220017,R1.3027.11698.0
2025-01-20T05:32:54.500Z,0.029114531353116035,0.10883580148220062,71567810,R1.2900.11955.0
2025-01-20T05:32:55.000Z,0.04735766351222992,0.10883580148220062,21204713,R1.0697.5199.0
2025-01-20T05:32:55.500Z,0.02304399572312832,0.10883580148220062,21212835,R1.2172.7737.0
2025-01-20T05:32:56.000Z,0.029252801090478897,0.10883580148220062,71325295,R1.2900.11955.0
2025-01-20T05:32:56.500Z,0.015717266127467155,0.10883580148220062,40220017,R1.3027.11698.0
2025-01-20T05:32:57.000Z,0.02294117584824562,0.10883580148220062,71325295,R1.2900.11955.0
2025-01-20T05:32:57.500Z,0.003846049541607499,0.10883580148220062,71325295,R1.2900.11955.0
2025-01-20T05:32:58.000Z,0.020241715013980865,0.10883580148220062,51214531,R1.2900.11955.0
2025-01-20T05:32:58.500Z,0.0075278691947460175,0.10883580148220062,51214531,R1.2900.11955.0
2025-01-20T05:32:59.000Z,0.03364703059196472,0.10883580148220062,71325295,R1.2900.11955.0
2025-01-20T05:32:59.500Z,0.02738448977470398,0.10883580148220062,72154411,R1.2900.11955.0
2025-01-20T05:33:00.000Z,0.017092682421207428,0.10883580148220062,51214531,R1.2900.11955.0
2025-01-20T05:33:00.500Z,0.029820526018738747,0.10883580148220062,21204713,R1.0697.5199.0
2025-01-20T05:33:01.000Z,0.017848972231149673,0.10883580148220062,71567810,R1.2900.11955.0
2025-01-20T05:33:01.500Z,0.021322734653949738,0.10883580148220062,71567810,R1.2900.11955.0
2025-01-20T05:33:02.000Z,0.037702545523643494,0.10883580148220062,21204713,R1.0697.5199.0
2025-01-20T05:33:02.500Z,0.050001658499240875,0.10883580148220062,21204713,R1.0697.5199.0
2025-01-20T05:33:03.000Z,0.04725727438926697,0.10883580148220062,40237728,R1.3027.11698.0
2025-01-20T05:33:03.500Z,0.013939318247139454,0.10883580148220062,21204713,R1.0697.5199.0
2025-01-20T05:33:04.000Z,0.03470377251505852,0.10883580148220062,21212835,R1.2172.7737.0
2025-01-20T05:33:04.500Z,0.026097897440195084,0.10883580148220062,51214531,R1.2900.11955.0
2025-01-20T05:33:05.000Z,0.01578279212117195,0.10883580148220062,72359026,R1.2900.11955.0
2025-01-20T05:33:05.500Z,0.02471388503909111,0.10883580148220062,72154411,R1.2900.11955.0
2025-01-20T05:33:06.000Z,0.0374566987156868,0.10883580148220062,40237728,R1.3027.11698.0
2025-01-20T05:33:06.500Z,0.027681590989232063,0.10883580148220062,71908906,R1.2900.11955.0
2025-01-20T05:33:07.000Z,0.011212985031306744,0.10883580148220062,71908906,R1.2900.11955.0
2025-01-20T05:33:07.500Z,0.014849125407636166,0.10883580148220062,40237728,R1.3027.11698.0
2025-01-20T05:33:08.000Z,0.013876586221158504,0.10883580148220062,40220017,R1.3027.11698.0
2025-01-20T05:33:08.500Z,0.014401954598724842,0.10883580148220062,40237728,R1.3027.11698.0
2025-01-20T05:33:09.000Z,0.03540368750691414,0.10883580148220062,72154411,R1.2900.11955.0
2025-01-20T05:33:09.500Z,0.05116913840174675,0.10883580148220062,51214531,R1.2900.11955.0
2025-01-20T05:33:10.000Z,0.025006700307130814,0.10883580148220062,21204713,R1.0697.5199.0
2025-01-20T05:33:10.500Z,0.02321379818022251,0.10883580148220062,71567810,R1.2900.11955.0
2025-01-20T05:33:11.000Z,0.02450448088347912,0.10883580148220062,40220017,R1.3027.11698.0
2025-01-20T05:33:11.500Z,0.03394012525677681,0.10883580148220062,71908906,R1.2900.11955.0
2025-01-20T05:33:12.000Z,0.020473869517445564,0.10883580148220062,71325295,R1.2900.11955.0
2025-01-20T05:33:12.500Z,0.025609979405999184,0.10883580148220062,72359026,R1.2900.11955.0
2025-01-20T05:33:13.000Z,0.04341253265738487,0.10883580148220062,21212835,R1.2172.7737.0
2025-01-20T05:33:13.500Z,0.0203083623200655,0.10883580148220062,21204713,R1.0697.5199.0
2025-01-20T05:33:14.000Z,0.01790703646838665,0.10883580148220062,21204713,R1.0697.5199.0
2025-01-20T05:33:14.500Z,0.005941266659647226,0.10883580148220062,72359026,R1.2900.11955.0
2025-01-20T05:33:15.000Z,0.038359422236680984,0.10883580148220062,72359026,R1.2900.11955.0
2025-01-20T05:33:15.500Z,0.007938576862215996,0.10883580148220062,71567810,R1.2900.11955.0
2025-01-20T05:33:16.000Z,0.01560874842107296,0.10883580148220062,71325295,R1.2900.11955.0
2025-01-20T05:33:16.500Z,0.019284961745142937,0.10883580148220062,21212835,R1.2172.7737.0
2025-01-20T05:33:17.000Z,0.017285404726862907,0.10883580148220062,72359026,R1.2900.11955.0
2025-01-20T05:33:17.500Z,0.027080822736024857,0.10883580148220062,40237728,R1.3027.11698.0
2025-01-20T05:33:18.000Z,0.01988588459789753,0.10883580148220062,72359026,R1.2900.11955.0
2025-01-20T05:33:18.500Z,0.005827912595123053,0.10883580148220062,40237728,R1.3027.11698.0
2025-01-20T05:33:19.000Z,0.025196073576807976,0.10883580148220062,71325295,R1.2900.11955.0
2025-01-20T05:33:19.500Z,0.029559794813394547,0.10883580148220062,21204713,R1.0697.5199.0
2025-01-20T05:33:20.000Z,0.043014489114284515,0.10883580148220062,21204713,R1.0697.5199.0
2025-01-20T05:33:20.500Z,0.01556636206805706,0.10883580148220062,21204713,R1.0697.5199.0
2025-01-20T05:33:21.000Z,0.0290986318141222,0.10883580148220062,21212835,R1.2172.7737.0
2025-01-20T05:33:21.500Z,0.0066674137488007545,0.10883580148220062,21204713,R1.0697.5199.0
2025-01-20T05:33:22.000Z,0.014005362056195736,0.10883580148220062,71567810,R1.2900.11955.0
2025-01-20T05:33:22.500Z,0.026907410472631454,0.10883580148220062,72154411,R1.2900.11955.0
2025-01-20T05:33:23.000Z,0.02683950588107109,0.10883580148220062,71325295,R1.2900.11955.0
2025-01-20T05:33:23.500Z,0.028557363897562027,0.10883580148220062,51214531,R1.2900.11955.0
2025-01-20T05:33:24.000Z,0.01792573742568493,0.10883580148220062,72154411,R1.2900.11955.0
2025-01-20T05:33:24.500Z,0.00852700974792242,0.10883580148220062,71908906,R1.2900.11955.0
2025-01-20T05:33:25.000Z,0.03969590365886688,0.10883580148220062,71325295,R1.2900.11955.0
2025-01-20T05:33:25.500Z,0.01638748124241829,0.10883580148220062,71325295,R1.2900.11955.0
2025-01-20T05:33:26.000Z,0.02164427377283573,0.10883580148220062,71567810,R1.2900.11955.0
2025-01-20T05:33:26.500Z,0.026735946536064148,0.10883580148220062,40237728,R1.3027.11698.0
2025-01-20T05:33:27.000Z,0.03222944214940071,0.10883580148220062,71908906,R1.2900.11955.0
2025-01-20T05:33:27.500Z,0.03453608229756355,0.10883580148220062,51214531,R1.2900.11955.0
2025-01-20T05:33:28.000Z,0.027608582749962807,0.10883580148220062,51214531,R1.2900.11955.0
2025-01-20T05:33:28.500Z,0.013861099258065224,0.10883580148220062,71908906,R1.2900.11955.0
2025-01-20T05:33:29.000Z,0.021338658407330513,0.10883580148220062,21204713,R1.0697.5199.0
2025-01-20T05:33:29.500Z,0.030756959691643715,0.10883580148220062,40237728,R1.3027.11698.0
2025-01-20T05:33:30.000Z,0.034136757254600525,0.10883580148220062,21204713,R1.0697.5199.0
2025-01-20T05:33:30.500Z,0.010488377884030342,0.10883580148220062,71567810,R1.2900.11955.0
2025-01-20T05:33:31.000Z,0.008396323770284653,0.10883580148220062,40220017,R1.3027.11698.0
2025-01-20T05:33:31.500Z,0.02393263578414917,0.10883580148220062,21212835,R1.2172.7737.0
2025-01-20T05:33:32.000Z,0.020068487152457237,0.10883580148220062,40237728,R1.3027.11698.0
2025-01-20T05:33:32.500Z,0.02236935682594776,0.10883580148220062,40220017,R1.3027.11698.0
2025-01-20T05:33:33.000Z,0.05434631556272507,0.10883580148220062,21212835,R1.2172.7737.0
2025-01-20T05:33:33.500Z,0.01754150167107582,0.10883580148220062,21204713,R1.0697.5199.0
2025-01-20T05:33:34.000Z,0.02353617362678051,0.10883580148220062,71325295,R1.2900.11955.0
2025-01-20T05:33:34.500Z,0.01325902994722128,0.10883580148220062,71567810,R1.2900.11955.0
2025-01-20T05:33:35.000Z,0.02998209185898304,0.10883580148220062,21212835,R1.2172.7737.0
2025-01-20T05:33:35.500Z,0.010919254273176193,0.10883580148220062,40220017,R1.3027.11698.0
2025-01-20T05:33:36.000Z,0.013546647503972054,0.10883580148220062,72154411,R1.2900.11955.0
2025-01-20T05:33:36.500Z,0.010907595977187157,0.10883580148220062,71908906,R1.2900.11955.0
2025-01-20T05:33:37.000Z,0.011925259605050087,0.10883580148220062,71567810,R1.2900.11955.0
2025-01-20T05:33:37.500Z,0.027286382392048836,0.10883580148220062,71908906,R1.2900.11955.0
2025-01-20T05:33:38.000Z,0.06911899894475937,0.10883580148220062,21204713,R1.0697.5199.0
2025-01-20T05:33:38.500Z,0.013759600929915905,0.10883580148220062,21212835,R1.2172.7737.0
2025-01-20T05:33:39.000Z,0.015569811686873436,0.10883580148220062,21204713,R1.0697.5199.0
2025-01-20T05:33:39.500Z,0.02166307345032692,0.10883580148220062,71325295,R1.2900.11955.0
2025-01-20T05:33:40.000Z,0.02169891633093357,0.10883580148220062,72359026,R1.2900.11955.0
2025-01-20T05:33:40.500Z,0.018160108476877213,0.10883580148220062,40220017,R1.3027.11698.0
2025-01-20T05:33:41.000Z,0.021532732993364334,0.10883580148220062,21212835,R1.2172.7737.0
2025-01-20T05:33:41.500Z,0.017418289557099342,0.10883580148220062,72154411,R1.2900.11955.0
2025-01-20T05:33:42.000Z,0.016120998188853264,0.10883580148220062,40220017,R1.3027.11698.0
2025-01-20T05:33:42.500Z,0.01578160561621189,0.10883580148220062,71908906,R1.2900.11955.0
2025-01-20T05:33:43.000Z,0.024470075964927673,0.10883580148220062,72154411,R1.2900.11955.0
2025-01-20T05:33:43.500Z,0.01560714840888977,0.10883580148220062,71567810,R1.2900.11955.0
2025-01-20T05:33:44.000Z,0.02870393730700016,0.10883580148220062,21204713,R1.0697.5199.0
2025-01-20T05:33:44.500Z,0.035223059356212616,0.10883580148220062,72359026,R1.2900.11955.0
2025-01-20T05:33:45.000Z,0.028145641088485718,0.10883580148220062,21204713,R1.0697.5199.0
2025-01-20T05:33:45.500Z,0.016571253538131714,0.10883580148220062,71908906,R1.2900.11955.0
2025-01-20T05:33:46.000Z,0.02365698106586933,0.10883580148220062,72154411,R1.2900.11955.0
2025-01-20T05:33:46.500Z,0.023639963939785957,0.10883580148220062,21212835,R1.2172.7737.0
2025-01-20T05:33:47.000Z,0.012393789365887642,0.10883580148220062,21212835,R1.2172.7737.0
2025-01-20T05:33:47.500Z,0.010906339623034,0.10883580148220062,40237728,R1.3027.11698.0
2025-01-20T05:33:48.000Z,0.0386105515062809,0.10883580148220062,21204713,R1.0697.5199.0
2025-01-20T05:33:48.500Z,0.02979339100420475,0.10883580148220062,71567810,R1.2900.11955.0
2025-01-20T05:33:49.000Z,0.04681549221277237,0.10883580148220062,21212835,R1.2172.7737.0
2025-01-20T05:33:49.500Z,0.022772131487727165,0.10883580148220062,21212835,R1.2172.7737.0
2025-01-20T05:33:50.000Z,0.007193836849182844,0.10883580148220062,71567810,R1.2900.11955.0
2025-01-20T05:33:50.500Z,0.020970972254872322,0.10883580148220062,40220017,R1.3027.11698.0
2025-01-20T05:33:51.000Z,0.043473150581121445,0.10883580148220062,21212835,R1.2172.7737.0
2025-01-20T05:33:51.500Z,0.030018985271453857,0.10883580148220062,21212835,R1.2172.7737.0
2025-01-20T05:33:52.000Z,0.025827260687947273,0.10883580148220062,21204713,R1.0697.5199.0
2025-01-20T05:33:52.500Z,0.03161840885877609,0.10883580148220062,21212835,R1.2172.7737.0
2025-01-20T05:33:53.000Z,0.028256170451641083,0.10883580148220062,71567810,R1.2900.11955.0
2025-01-20T05:33:53.500Z,0.03424186259508133,0.10883580148220062,21212835,R1.2172.7737.0
2025-01-20T05:33:54.000Z,0.02167019620537758,0.10883580148220062,71567810,R1.2900.11955.0
2025-01-20T05:33:54.500Z,0.015782831236720085,0.10883580148220062,71908906,R1.2900.11955.0
2025-01-20T05:33:55.000Z,0.017743883654475212,0.10883580148220062,71908906,R1.2900.11955.0
2025-01-20T05:33:55.500Z,0.03329242393374443,0.10883580148220062,71908906,R1.2900.11955.0
2025-01-20T05:33:56.000Z,0.01940959505736828,0.10883580148220062,40237728,R1.3027.11698.0
2025-01-20T05:33:56.500Z,0.022385992109775543,0.10883580148220062,72359026,R1.2900.11955.0
2025-01-20T05:33:57.000Z,0.03453589230775833,0.10883580148220062,40237728,R1.3027.11698.0
2025-01-20T05:33:57.500Z,-0.00011356745380908251,0.10883580148220062,72154411,R1.2900.11955.0
2025-01-20T05:33:58.000Z,0.033901624381542206,0.10883580148220062,21204713,R1.0697.5199.0
2025-01-20T05:33:58.500Z,0.03231794759631157,0.10883580148220062,21212835,R1.2172.7737.0
2025-01-20T05:33:59.000Z,0.02653745748102665,0.10883580148220062,21212835,R1.2172.7737.0
2025-01-20T05:33:59.500Z,0.018557991832494736,0.10883580148220062,51214531,R1.2900.11955.0
2025-01-20T05:34:00.000Z,0.02563074603676796,0.10883580148220062,71567810,R1.2900.11955.0
2025-01-20T05:34:00.500Z,0.02299988456070423,0.10883580148220062,40237728,R1.3027.11698.0
2025-01-20T05:34:01.000Z,0.03231138736009598,0.10883580148220062,40220017,R1.3027.11698.0
2025-01-20T05:34:01.500Z,0.019335508346557617,0.10883580148220062,40237728,R1.3027.11698.0
2025-01-20T05:34:02.000Z,0.021934442222118378,0.10883580148220062,71567810,R1.2900.11955.0
2025-01-20T05:34:02.500Z,0.020925888791680336,0.10883580148220062,51214531,R1.2900.11955.0
2025-01-20T05:34:03.000Z,0.030076729133725166,0.10883580148220062,71325295,R1.2900.11955.0
2025-01-20T05:34:03.500Z,0.023286737501621246,0.10883580148220062,21212835,R1.2172.7737.0
2025-01-20T05:34:04.000Z,0.03193565830588341,0.10883580148220062,21212835,R1.2172.7737.0
2025-01-20T05:34:04.500Z,0.02042873576283455,0.10883580148220062,71325295,R1.2900.11955.0
2025-01-20T05:34:05.000Z,0.03207492455840111,0.10883580148220062,21204713,R1.0697.5199.0
2025-01-20T05:34:05.500Z,0.013689924031496048,0.10883580148220062,40237728,R1.3027.11698.0
2025-01-20T05:34:06.000Z,0.01779528148472309,0.10883580148220062,21204713,R1.0697.5199.0
2025-01-20T05:34:06.500Z,0.024957027286291122,0.10883580148220062,21204713,R1.0697.5199.0
2025-01-20T05:34:07.000Z,0.01931922882795334,0.10883580148220062,40237728,R1.3027.11698.0
2025-01-20T05:34:07.500Z,0.009507913142442703,0.10883580148220062,71908906,R1.2900.11955.0
2025-01-20T05:34:08.000Z,0.029441438615322113,0.10883580148220062,21204713,R1.0697.5199.0
2025-01-20T05:34:08.500Z,0.022779371589422226,0.10883580148220062,40220017,R1.3027.11698.0
2025-01-20T05:34:09.000Z,0.012061120942234993,0.10883580148220062,71567810,R1.2900.11955.0
2025-01-20T05:34:09.500Z,0.03207704424858093,0.10883580148220062,21204713,R1.0697.5199.0
2025-01-20T05:34:10.000Z,0.032680872827768326,0.10883580148220062,21212835,R1.2172.7737.0
2025-01-20T05:34:10.500Z,0.022448601201176643,0.10883580148220062,72359026,R1.2900.11955.0
2025-01-20T05:34:11.000Z,0.0021424717269837856,0.10883580148220062,40220017,R1.3027.11698.0
2025-01-20T05:34:11.500Z,0.017089257016777992,0.10883580148220062,71908906,R1.2900.11955.0
2025-01-20T05:34:12.000Z,0.02221137098968029,0.10883580148220062,71567810,R1.2900.11955.0
2025-01-20T05:34:12.500Z,0.023518988862633705,0.10883580148220062,51214531,R1.2900.11955.0
2025-01-20T05:34:13.000Z,0.054056715220212936,0.10883580148220062,21212835,R1.2172.7737.0
2025-01-20T05:34:13.500Z,0.009644264355301857,0.10883580148220062,40237728,R1.3027.11698.0
2025-01-20T05:34:14.000Z,0.025869783014059067,0.10883580148220062,71567810,R1.2900.11955.0
2025-01-20T05:34:14.500Z,0.039186909794807434,0.10883580148220062,21212835,R1.2172.7737.0
2025-01-20T05:34:15.000Z,0.016758672893047333,0.10883580148220062,21204713,R1.0697.5199.0
2025-01-20T05:34:15.500Z,0.01616368442773819,0.10883580148220062,21204713,R1.0697.5199.0
2025-01-20T05:34:16.000Z,0.027503134682774544,0.10883580148220062,71908906,R1.2900.11955.0
2025-01-20T05:34:16.500Z,0.02065056748688221,0.10883580148220062,71908906,R1.2900.11955.0
2025-01-20T05:34:17.000Z,0.021751878783106804,0.10883580148220062,40237728,R1.3027.11698.0
2025-01-20T05:34:17.500Z,0.023178305476903915,0.10883580148220062,72154411,R1.2900.11955.0
2025-01-20T05:34:18.000Z,0.01594788022339344,0.10883580148220062,71567810,R1.2900.11955.0
2025-01-20T05:34:18.500Z,0.016925444826483727,0.10883580148220062,40237728,R1.3027.11698.0
2025-01-20T05:34:19.000Z,0.02117522619664669,0.10883580148220062,21212835,R1.2172.7737.0
2025-01-20T05:34:19.500Z,0.022081725299358368,0.10883580148220062,40220017,R1.3027.11698.0
2025-01-20T05:34:20.000Z,0.029271744191646576,0.10883580148220062,72359026,R1.2900.11955.0
2025-01-20T05:34:20.500Z,0.014594130218029022,0.10883580148220062,51214531,R1.2900.11955.0
2025-01-20T05:34:21.000Z,0.04687182977795601,0.10883580148220062,72359026,R1.2900.11955.0
2025-01-20T05:34:21.500Z,0.026961158961057663,0.10883580148220062,71908906,R1.2900.11955.0
2025-01-20T05:34:22.000Z,0.029236355796456337,0.10883580148220062,40237728,R1.3027.11698.0
2025-01-20T05:34:22.500Z,0.01688000187277794,0.10883580148220062,71567810,R1.2900.11955.0
2025-01-20T05:34:23.000Z,0.02168329991400242,0.10883580148220062,51214531,R1.2900.11955.0
2025-01-20T05:34:23.500Z,0.03035139851272106,0.10883580148220062,21212835,R1.2172.7737.0
2025-01-20T05:34:24.000Z,0.011579053476452827,0.10883580148220062,21204713,R1.0697.5199.0
2025-01-20T05:34:24.500Z,0.03673616796731949,0.10883580148220062,71908906,R1.2900.11955.0
2025-01-20T05:34:25.000Z,0.021201716735959053,0.10883580148220062,71325295,R1.2900.11955.0
2025-01-20T05:34:25.500Z,0.01778336986899376,0.10883580148220062,51214531,R1.2900.11955.0
2025-01-20T05:34:26.000Z,0.024854497984051704,0.10883580148220062,71567810,R1.2900.11955.0
2025-01-20T05:34:26.500Z,0.008545579388737679,0.10883580148220062,51214531,R1.2900.11955.0
2025-01-20T05:34:27.000Z,0.014762632548809052,0.10883580148220062,72154411,R1.2900.11955.0
2025-01-20T05:34:27.500Z,0.035420771688222885,0.10883580148220062,71567810,R1.2900.11955.0
2025-01-20T05:34:28.000Z,0.03336798772215843,0.10883580148220062,21212835,R1.2172.7737.0
2025-01-20T05:34:28.500Z,0.02295837178826332,0.10883580148220062,21204713,R1.0697.5199.0
2025-01-20T05:34:29.000Z,0.0020123689901083708,0.10883580148220062,40220017,R1.3027.11698.0
2025-01-20T05:34:29.500Z,0.01827404461801052,0.10883580148220062,72359026,R1.2900.11955.0
2025-01-20T05:34:30.000Z,0.023572096601128578,0.10883580148220062,21212835,R1.2172.7737.0
2025-01-20T05:34:30.500Z,0.034912675619125366,0.10883580148220062,21212835,R1.2172.7737.0
2025-01-20T05:34:31.000Z,0.01374373771250248,0.10883580148220062,51214531,R1.2900.11955.0
2025-01-20T05:34:31.500Z,0.02210376411676407,0.10883580148220062,72359026,R1.2900.11955.0
2025-01-20T05:34:32.000Z,0.04618534818291664,0.10883580148220062,40237728,R1.3027.11698.0
2025-01-20T05:34:32.500Z,0.029938573017716408,0.10883580148220062,71908906,R1.2900.11955.0
2025-01-20T05:34:33.000Z,0.01841207593679428,0.10883580148220062,72154411,R1.2900.11955.0
2025-01-20T05:34:33.500Z,0.041233282536268234,0.10883580148220062,71567810,R1.2900.11955.0
2025-01-20T05:34:34.000Z,0.029752003028988838,0.10883580148220062,21212835,R1.2172.7737.0
2025-01-20T05:34:34.500Z,0.027687519788742065,0.10883580148220062,72154411,R1.2900.11955.0
2025-01-20T05:34:35.000Z,0.014736921526491642,0.10883580148220062,71325295,R1.2900.11955.0
2025-01-20T05:34:35.500Z,0.01875237189233303,0.10883580148220062,71567810,R1.2900.11955.0
2025-01-20T05:34:36.000Z,0.021825160831212997,0.10883580148220062,40220017,R1.3027.11698.0
2025-01-20T05:34:36.500Z,0.025846228003501892,0.10883580148220062,21204713,R1.0697.5199.0
2025-01-20T05:34:37.000Z,0.018673058599233627,0.10883580148220062,21204713,R1.0697.5199.0
2025-01-20T05:34:37.500Z,0.027921641245484352,0.10883580148220062,72359026,R1.2900.11955.0
2025-01-20T05:34:38.000Z,0.028227578848600388,0.10883580148220062,72154411,R1.2900.11955.0
2025-01-20T05:34:38.500Z,0.016519958153367043,0.10883580148220062,40220017,R1.3027.11698.0
2025-01-20T05:34:39.000Z,0.022066501900553703,0.10883580148220062,72359026,R1.2900.11955.0
2025-01-20T05:34:39.500Z,0.015663938596844673,0.10883580148220062,72359026,R1.2900.11955.0
2025-01-20T05:34:40.000Z,0.012674705125391483,0.10883580148220062,40237728,R1.3027.11698.0
2025-01-20T05:34:40.500Z,0.02197945863008499,0.10883580148220062,71567810,R1.2900.11955.0
2025-01-20T05:34:41.000Z,0.01566212996840477,0.10883580148220062,21204713,R1.0697.5199.0
2025-01-20T05:34:41.500Z,0.029475297778844833,0.10883580148220062,40237728,R1.3027.11698.0
2025-01-20T05:34:42.000Z,0.023010874167084694,0.10883580148220062,71325295,R1.2900.11955.0
2025-01-20T05:34:42.500Z,0.02646694704890251,0.10883580148220062,21204713,R1.0697.5199.0
2025-01-20T05:34:43.000Z,0.0231898445636034,0.10883580148220062,72154411,R1.2900.11955.0
2025-01-20T05:34:43.500Z,0.02678443305194378,0.10883580148220062,71567810,R1.2900.11955.0
2025-01-20T05:34:44.000Z,0.035577885806560516,0.10883580148220062,21212835,R1.2172.7737.0
2025-01-20T05:34:44.500Z,0.004484971519559622,0.10883580148220062,51214531,R1.2900.11955.0
2025-01-20T05:34:45.000Z,0.007897558622062206,0.10883580148220062,71908906,R1.2900.11955.0
2025-01-20T05:34:45.500Z,0.017998049035668373,0.10883580148220062,51214531,R1.2900.11955.0
2025-01-20T05:34:46.000Z,0.01965542696416378,0.10883580148220062,72359026,R1.2900.11955.0
2025-01-20T05:34:46.500Z,0.030164029449224472,0.10883580148220062,21204713,R1.0697.5199.0
2025-01-20T05:34:47.000Z,0.03081844002008438,0.10883580148220062,71567810,R1.2900.11955.0
2025-01-20T05:34:47.500Z,0.037802401930093765,0.10883580148220062,71567810,R1.2900.11955.0
2025-01-20T05:34:48.000Z,0.01981930620968342,0.10883580148220062,72154411,R1.2900.11955.0
2025-01-20T05:34:48.500Z,0.047010041773319244,0.10883580148220062,21212835,R1.2172.7737.0
2025-01-20T05:34:49.000Z,0.012577402405440807,0.10883580148220062,72359026,R1.2900.11955.0
2025-01-20T05:34:49.500Z,0.03433157503604889,0.10883580148220062,21204713,R1.0697.5199.0
2025-01-20T05:34:50.000Z,0.0518760159611702,0.10883580148220062,21212835,R1.2172.7737.0
2025-01-20T05:34:50.500Z,0.029017679393291473,0.10883580148220062,21204713,R1.0697.5199.0
2025-01-20T05:34:51.000Z,0.028449969366192818,0.10883580148220062,21212835,R1.2172.7737.0
2025-01-20T05:34:51.500Z,0.03137665614485741,0.10883580148220062,71325295,R1.2900.11955.0
2025-01-20T05:34:52.000Z,0.022388312965631485,0.10883580148220062,51214531,R1.2900.11955.0
2025-01-20T05:34:52.500Z,0.0036198622547090054,0.10883580148220062,40237728,R1.3027.11698.0
2025-01-20T05:34:53.000Z,0.019532090052962303,0.10883580148220062,21212835,R1.2172.7737.0
2025-01-20T05:34:53.500Z,0.010924393311142921,0.10883580148220062,40237728,R1.3027.11698.0
2025-01-20T05:34:54.000Z,0.04058267921209335,0.10883580148220062,21204713,R1.0697.5199.0
2025-01-20T05:34:54.500Z,0.014472519047558308,0.10883580148220062,40220017,R1.3027.11698.0
2025-01-20T05:34:55.000Z,0.007928622886538506,0.10883580148220062,21212835,R1.2172.7737.0
2025-01-20T05:34:55.500Z,0.019802356138825417,0.10883580148220062,21212835,R1.2172.7737.0
2025-01-20T05:34:56.000Z,0.03231063112616539,0.10883580148220062,71908906,R1.2900.11955.0
2025-01-20T05:34:56.500Z,0.018425455316901207,0.10883580148220062,72154411,R1.2900.11955.0
2025-01-20T05:34:57.000Z,0.014783920720219612,0.10883580148220062,72154411,R1.2900.11955.0
2025-01-20T05:34:57.500Z,0.03575972095131874,0.10883580148220062,72359026,R1.2900.11955.0
2025-01-20T05:34:58.000Z,0.02633858472108841,0.10883580148220062,21204713,R1.0697.5199.0
2025-01-20T05:34:58.500Z,0.042523741722106934,0.10883580148220062,21212835,R1.2172.7737.0
2025-01-20T05:34:59.000Z,0.03197192773222923,0.10883580148220062,71567810,R1.2900.11955.0
2025-01-20T05:34:59.500Z,0.02493729256093502,0.10883580148220062,51214531,R1.2900.11955.0
2025-01-20T05:35:00.000Z,0.03197871148586273,0.10883580148220062,21212835,R1.2172.7737.0
2025-01-20T05:35:00.500Z,0.030500944703817368,0.10883580148220062,21212835,R1.2172.7737.0
2025-01-20T05:35:01.000Z,0.01740848273038864,0.10883580148220062,21212835,R1.2172.7737.0
2025-01-20T05:35:01.500Z,0.011973629705607891,0.10883580148220062,71567810,R1.2900.11955.0
2025-01-20T05:35:02.000Z,0.015725266188383102,0.10883580148220062,51214531,R1.2900.11955.0
2025-01-20T05:35:02.500Z,0.02303262986242771,0.10883580148220062,21212835,R1.2172.7737.0
2025-01-20T05:35:03.000Z,0.01928812265396118,0.10883580148220062,40237728,R1.3027.11698.0
2025-01-20T05:35:03.500Z,0.015201309695839882,0.10883580148220062,21204713,R1.0697.5199.0
2025-01-20T05:35:04.000Z,0.022344691678881645,0.10883580148220062,21204713,R1.0697.5199.0
2025-01-20T05:35:04.500Z,0.023559855297207832,0.10883580148220062,21212835,R1.2172.7737.0
2025-01-20T05:35:05.000Z,0.041050054132938385,0.10883580148220062,21212835,R1.2172.7737.0
2025-01-20T05:35:05.500Z,0.03238363564014435,0.10883580148220062,40220017,R1.3027.11698.0
2025-01-20T05:35:06.000Z,0.029023965820670128,0.10883580148220062,71567810,R1.2900.11955.0
2025-01-20T05:35:06.500Z,0.0171564482152462,0.10883580148220062,71325295,R1.2900.11955.0
2025-01-20T05:35:07.000Z,0.01038410421460867,0.10883580148220062,71908906,R1.2900.11955.0
2025-01-20T05:35:07.500Z,0.05333901569247246,0.10883580148220062,71908906,R1.2900.11955.0
2025-01-20T05:35:08.000Z,0.025527041405439377,0.10883580148220062,40237728,R1.3027.11698.0
2025-01-20T05:35:08.500Z,0.021512461826205254,0.10883580148220062,71325295,R1.2900.11955.0
2025-01-20T05:35:09.000Z,0.017388323321938515,0.10883580148220062,71325295,R1.2900.11955.0
2025-01-20T05:35:09.500Z,0.016406532377004623,0.10883580148220062,21212835,R1.2172.7737.0
2025-01-20T05:35:10.000Z,0.03192899748682976,0.10883580148220062,72359026,R1.2900.11955.0
2025-01-20T05:35:10.500Z,0.016720321029424667,0.10883580148220062,21204713,R1.0697.5199.0
2025-01-20T05:35:11.000Z,0.026192452758550644,0.10883580148220062,71325295,R1.2900.11955.0
2025-01-20T05:35:11.500Z,0.02884555794298649,0.10883580148220062,40220017,R1.3027.11698.0
2025-01-20T05:35:12.000Z,0.020463330671191216,0.10883580148220062,51214531,R1.2900.11955.0
2025-01-20T05:35:12.500Z,0.037176307290792465,0.10883580148220062,21204713,R1.0697.5199.0
2025-01-20T05:35:13.000Z,0.0235262643545866,0.10883580148220062,72359026,R1.2900.11955.0
2025-01-20T05:35:13.500Z,0.010376766324043274,0.10883580148220062,40237728,R1.3027.11698.0
2025-01-20T05:35:14.000Z,0.027311936020851135,0.10883580148220062,21212835,R1.2172.7737.0
2025-01-20T05:35:14.500Z,0.02021927572786808,0.10883580148220062,51214531,R1.2900.11955.0
2025-01-20T05:35:15.000Z,0.007296230643987656,0.10883580148220062,40237728,R1.3027.11698.0
2025-01-20T05:35:15.500Z,0.012347119860351086,0.10883580148220062,72154411,R1.2900.11955.0
2025-01-20T05:35:16.000Z,0.017185119912028313,0.10883580148220062,71325295,R1.2900.11955.0
2025-01-20T05:35:16.500Z,0.00990514550358057,0.10883580148220062,72359026,R1.2900.11955.0
2025-01-20T05:35:17.000Z,-0.0015227640978991985,0.10883580148220062,40237728,R1.3027.11698.0
2025-01-20T05:35:17.500Z,0.023351067677140236,0.10883580148220062,72359026,R1.2900.11955.0
2025-01-20T05:35:18.000Z,0.03123614937067032,0.10883580148220062,72154411,R1.2900.11955.0
2025-01-20T05:35:18.500Z,0.006100415252149105,0.10883580148220062,72154411,R1.2900.11955.0
2025-01-20T05:35:19.000Z,0.013433020561933517,0.10883580148220062,40220017,R1.3027.11698.0
2025-01-20T05:35:19.500Z,0.010062579065561295,0.10883580148220062,72154411,R1.2900.11955.0
2025-01-20T05:35:20.000Z,0.015009839087724686,0.10883580148220062,21204713,R1.0697.5199.0
2025-01-20T05:35:20.500Z,0.010967436246573925,0.10883580148220062,72154411,R1.2900.11955.0
2025-01-20T05:35:21.000Z,0.015105480328202248,0.10883580148220062,40220017,R1.3027.11698.0
2025-01-20T05:35:21.500Z,0.026480374857783318,0.10883580148220062,72154411,R1.2900.11955.0
2025-01-20T05:35:22.000Z,0.03960617259144783,0.10883580148220062,71325295,R1.2900.11955.0
2025-01-20T05:35:22.500Z,0.0091535784304142,0.10883580148220062,72359026,R1.2900.11955.0
2025-01-20T05:35:23.000Z,0.019130034372210503,0.10883580148220062,40237728,R1.3027.11698.0
2025-01-20T05:35:23.500Z,0.009774492122232914,0.10883580148220062,51214531,R1.2900.11955.0
2025-01-20T05:35:24.000Z,0.01627790555357933,0.10883580148220062,71567810,R1.2900.11955.0
2025-01-20T05:35:24.500Z,0.01496888417750597,0.10883580148220062,21204713,R1.0697.5199.0
2025-01-20T05:35:25.000Z,0.02656692825257778,0.10883580148220062,51214531,R1.2900.11955.0
2025-01-20T05:35:25.500Z,0.0044716899283230305,0.10883580148220062,72359026,R1.2900.11955.0
2025-01-20T05:35:26.000Z,0.017656521871685982,0.10883580148220062,71325295,R1.2900.11955.0
2025-01-20T05:35:26.500Z,0.014743288978934288,0.10883580148220062,72154411,R1.2900.11955.0
2025-01-20T05:35:27.000Z,0.0184241384267807,0.10883580148220062,71908906,R1.2900.11955.0
2025-01-20T05:35:27.500Z,0.01568843610584736,0.10883580148220062,72154411,R1.2900.11955.0
2025-01-20T05:35:28.000Z,0.01962176337838173,0.10883580148220062,40237728,R1.3027.11698.0
2025-01-20T05:35:28.500Z,0.0400184765458107,0.10883580148220062,40237728,R1.3027.11698.0
2025-01-20T05:35:29.000Z,0.02839677408337593,0.10883580148220062,21204713,R1.0697.5199.0
2025-01-20T05:35:29.500Z,0.049446530640125275,0.10883580148220062,21212835,R1.2172.7737.0
2025-01-20T05:35:30.000Z,0.0052565778605639935,0.10883580148220062,72154411,R1.2900.11955.0
2025-01-20T05:35:30.500Z,0.01247335784137249,0.10883580148220062,40220017,R1.3027.11698.0
2025-01-20T05:35:31.000Z,0.013749619945883751,0.10883580148220062,71908906,R1.2900.11955.0
2025-01-20T05:35:31.500Z,0.0369507260620594,0.10883580148220062,71908906,R1.2900.11955.0
2025-01-20T05:35:32.000Z,0.021001510322093964,0.10883580148220062,21204713,R1.0697.5199.0
2025-01-20T05:35:32.500Z,0.009406824596226215,0.10883580148220062,72359026,R1.2900.11955.0
2025-01-20T05:35:33.000Z,0.011737018823623657,0.10883580148220062,21212835,R1.2172.7737.0
2025-01-20T05:35:33.500Z,0.016878766939044,0.10883580148220062,51214531,R1.2900.11955.0
2025-01-20T05:35:34.000Z,0.036333341151475906,0.10883580148220062,21204713,R1.0697.5199.0
2025-01-20T05:35:34.500Z,0.018420876935124397,0.10883580148220062,21204713,R1.0697.5199.0
2025-01-20T05:35:35.000Z,0.009613323025405407,0.10883580148220062,21204713,R1.0697.5199.0
2025-01-20T05:35:35.500Z,0.011874454095959663,0.10883580148220062,71567810,R1.2900.11955.0
2025-01-20T05:35:36.000Z,0.012103522196412086,0.10883580148220062,51214531,R1.2900.11955.0
2025-01-20T05:35:36.500Z,0.017330311238765717,0.10883580148220062,40237728,R1.3027.11698.0
2025-01-20T05:35:37.000Z,0.01476635318249464,0.10883580148220062,72154411,R1.2900.11955.0
2025-01-20T05:35:37.500Z,0.006534837651997805,0.10883580148220062,21204713,R1.0697.5199.0
2025-01-20T05:35:38.000Z,0.007147734519094229,0.10883580148220062,51214531,R1.2900.11955.0
2025-01-20T05:35:38.500Z,0.021206367760896683,0.10883580148220062,71567810,R1.2900.11955.0
2025-01-20T05:35:39.000Z,0.017046304419636726,0.10883580148220062,21212835,R1.2172.7737.0
2025-01-20T05:35:39.500Z,0.02977609820663929,0.10883580148220062,40220017,R1.3027.11698.0
2025-01-20T05:35:40.000Z,0.010061973705887794,0.10883580148220062,40237728,R1.3027.11698.0
2025-01-20T05:35:40.500Z,0.010774480178952217,0.10883580148220062,40220017,R1.3027.11698.0
2025-01-20T05:35:41.000Z,0.016801603138446808,0.10883580148220062,40237728,R1.3027.11698.0
2025-01-20T05:35:41.500Z,0.020393431186676025,0.10883580148220062,71908906,R1.2900.11955.0
2025-01-20T05:35:42.000Z,0.02632129192352295,0.10883580148220062,51214531,R1.2900.11955.0
2025-01-20T05:35:42.500Z,0.03291509300470352,0.10883580148220062,21212835,R1.2172.7737.0
2025-01-20T05:35:43.000Z,0.0307944156229496,0.10883580148220062,21212835,R1.2172.7737.0
2025-01-20T05:35:43.500Z,0.03280521184206009,0.10883580148220062,72154411,R1.2900.11955.0
2025-01-20T05:35:44.000Z,0.022171949967741966,0.10883580148220062,72359026,R1.2900.11955.0
2025-01-20T05:35:44.500Z,0.03339431434869766,0.10883580148220062,40237728,R1.3027.11698.0
2025-01-20T05:35:45.000Z,0.021537045016884804,0.10883580148220062,71325295,R1.2900.11955.0
2025-01-20T05:35:45.500Z,0.0397070050239563,0.10883580148220062,71567810,R1.2900.11955.0
2025-01-20T05:35:46.000Z,0.03123902529478073,0.10883580148220062,51214531,R1.2900.11955.0
2025-01-20T05:35:46.500Z,0.01625692844390869,0.10883580148220062,51214531,R1.2900.11955.0
2025-01-20T05:35:47.000Z,0.026781603693962097,0.10883580148220062,40220017,R1.3027.11698.0
2025-01-20T05:35:47.500Z,0.020699691027402878,0.10883580148220062,21212835,R1.2172.7737.0
2025-01-20T05:35:48.000Z,0.02274765633046627,0.10883580148220062,21212835,R1.2172.7737.0
2025-01-20T05:35:48.500Z,0.009029792621731758,0.10883580148220062,21204713,R1.0697.5199.0
2025-01-20T05:35:49.000Z,0.014390968717634678,0.10883580148220062,71325295,R1.2900.11955.0
2025-01-20T05:35:49.500Z,0.0266520194709301,0.10883580148220062,21212835,R1.2172.7737.0
2025-01-20T05:35:50.000Z,0.009791032411158085,0.10883580148220062,51214531,R1.2900.11955.0
2025-01-20T05:35:50.500Z,0.018360810354351997,0.10883580148220062,21204713,R1.0697.5199.0
2025-01-20T05:35:51.000Z,0.020781811326742172,0.10883580148220062,71567810,R1.2900.11955.0
2025-01-20T05:35:51.500Z,0.021107308566570282,0.10883580148220062,40237728,R1.3027.11698.0
2025-01-20T05:35:52.000Z,0.01765003800392151,0.10883580148220062,72154411,R1.2900.11955.0
2025-01-20T05:35:52.500Z,0.01636453904211521,0.10883580148220062,72154411,R1.2900.11955.0
2025-01-20T05:35:53.000Z,0.004297531209886074,0.10883580148220062,51214531,R1.2900.11955.0
2025-01-20T05:35:53.500Z,0.02259262651205063,0.10883580148220062,71567810,R1.2900.11955.0
2025-01-20T05:35:54.000Z,0.013208708725869656,0.10883580148220062,40220017,R1.3027.11698.0
2025-01-20T05:35:54.500Z,0.022792698815464973,0.10883580148220062,21212835,R1.2172.7737.0
2025-01-20T05:35:55.000Z,0.03752535209059715,0.10883580148220062,21212835,R1.2172.7737.0
2025-01-20T05:35:55.500Z,0.00781129440292716,0.10883580148220062,51214531,R1.2900.11955.0
2025-01-20T05:35:56.000Z,0.021494170650839806,0.10883580148220062,21212835,R1.2172.7737.0
2025-01-20T05:35:56.500Z,0.00411493144929409,0.10883580148220062,40237728,R1.3027.11698.0
2025-01-20T05:35:57.000Z,0.030348895117640495,0.10883580148220062,51214531,R1.2900.11955.0
2025-01-20T05:35:57.500Z,0.04633874073624611,0.10883580148220062,71908906,R1.2900.11955.0
2025-01-20T05:35:58.000Z,0.021384751424193382,0.10883580148220062,21212835,R1.2172.7737.0
2025-01-20T05:35:58.500Z,0.0167368296533823,0.10883580148220062,21212835,R1.2172.7737.0
2025-01-20T05:35:59.000Z,0.017728867009282112,0.10883580148220062,51214531,R1.2900.11955.0
2025-01-20T05:35:59.500Z,0.025540824979543686,0.10883580148220062,72359026,R1.2900.11955.0
2025-01-20T05:36:00.000Z,0.03232630342245102,0.10883580148220062,51214531,R1.2900.11955.0
2025-01-20T05:36:00.500Z,0.019237948581576347,0.10883580148220062,40237728,R1.3027.11698.0
2025-01-20T05:36:01.000Z,0.029279476031661034,0.10883580148220062,72154411,R1.2900.11955.0
2025-01-20T05:36:01.500Z,0.02862991765141487,0.10883580148220062,71908906,R1.2900.11955.0
2025-01-20T05:36:02.000Z,0.023502930998802185,0.10883580148220062,40237728,R1.3027.11698.0
2025-01-20T05:36:02.500Z,0.011771827936172485,0.10883580148220062,21204713,R1.0697.5199.0
2025-01-20T05:36:03.000Z,0.028893476352095604,0.10883580148220062,71908906,R1.2900.11955.0
2025-01-20T05:36:03.500Z,0.02315264381468296,0.10883580148220062,71567810,R1.2900.11955.0
2025-01-20T05:36:04.000Z,0.022414270788431168,0.10883580148220062,21204713,R1.0697.5199.0
2025-01-20T05:36:04.500Z,0.0105584766715765,0.10883580148220062,72154411,R1.2900.11955.0
2025-01-20T05:36:05.000Z,0.020669134333729744,0.10883580148220062,40237728,R1.3027.11698.0
2025-01-20T05:36:05.500Z,0.016005991026759148,0.10883580148220062,40237728,R1.3027.11698.0
2025-01-20T05:36:06.000Z,0.03229130432009697,0.10883580148220062,21204713,R1.0697.5199.0
2025-01-20T05:36:06.500Z,0.010182451456785202,0.10883580148220062,71325295,R1.2900.11955.0
2025-01-20T05:36:07.000Z,0.0167646836489439,0.10883580148220062,40220017,R1.3027.11698.0
2025-01-20T05:36:07.500Z,0.021943815052509308,0.10883580148220062,21204713,R1.0697.5199.0
2025-01-20T05:36:08.000Z,0.03644660860300064,0.10883580148220062,21204713,R1.0697.5199.0
2025-01-20T05:36:08.500Z,0.014320723712444305,0.10883580148220062,71567810,R1.2900.11955.0
2025-01-20T05:36:09.000Z,0.023983122780919075,0.10883580148220062,21212835,R1.2172.7737.0
2025-01-20T05:36:09.500Z,0.0261077918112278,0.10883580148220062,40220017,R1.3027.11698.0
2025-01-20T05:36:10.000Z,0.029866265133023262,0.10883580148220062,72154411,R1.2900.11955.0
2025-01-20T05:36:10.500Z,0.05196243152022362,0.10883580148220062,21212835,R1.2172.7737.0
2025-01-20T05:36:11.000Z,0.021555835381150246,0.10883580148220062,71567810,R1.2900.11955.0
2025-01-20T05:36:11.500Z,0.03078612871468067,0.10883580148220062,21212835,R1.2172.7737.0
2025-01-20T05:36:12.000Z,0.013790884055197239,0.10883580148220062,21212835,R1.2172.7737.0
2025-01-20T05:36:12.500Z,0.030727751553058624,0.10883580148220062,21212835,R1.2172.7737.0
2025-01-20T05:36:13.000Z,0.025212695822119713,0.10883580148220062,72154411,R1.2900.11955.0
2025-01-20T05:36:13.500Z,0.012505141086876392,0.10883580148220062,40237728,R1.3027.11698.0
2025-01-20T05:36:14.000Z,0.021055802702903748,0.10883580148220062,51214531,R1.2900.11955.0
2025-01-20T05:36:14.500Z,0.03377692773938179,0.10883580148220062,71567810,R1.2900.11955.0
2025-01-20T05:36:15.000Z,0.004980219528079033,0.10883580148220062,40237728,R1.3027.11698.0
2025-01-20T05:36:15.500Z,0.024374671280384064,0.10883580148220062,21204713,R1.0697.5199.0
2025-01-20T05:36:16.000Z,0.020878175273537636,0.10883580148220062,21212835,R1.2172.7737.0
2025-01-20T05:36:16.500Z,0.00148294260725379,0.10883580148220062,71567810,R1.2900.11955.0
2025-01-20T05:36:17.000Z,0.015257593244314194,0.10883580148220062,71325295,R1.2900.11955.0
2025-01-20T05:36:17.500Z,0.017458517104387283,0.10883580148220062,40220017,R1.3027.11698.0
2025-01-20T05:36:18.000Z,0.026200544089078903,0.10883580148220062,21212835,R1.2172.7737.0
2025-01-20T05:36:18.500Z,0.03373660147190094,0.10883580148220062,21204713,R1.0697.5199.0
2025-01-20T05:36:19.000Z,0.0325167179107666,0.10883580148220062,21212835,R1.2172.7737.0
2025-01-20T05:36:19.500Z,0.024410905316472054,0.10883580148220062,71908906,R1.2900.11955.0
2025-01-20T05:36:20.000Z,0.01942972093820572,0.10883580148220062,21212835,R1.2172.7737.0
2025-01-20T05:36:20.500Z,0.012746354565024376,0.10883580148220062,71567810,R1.2900.11955.0
2025-01-20T05:36:21.000Z,0.013868574053049088,0.10883580148220062,72359026,R1.2900.11955.0
2025-01-20T05:36:21.500Z,0.02834983915090561,0.10883580148220062,72154411,R1.2900.11955.0
2025-01-20T05:36:22.000Z,0.039507102221250534,0.10883580148220062,21204713,R1.0697.5199.0
2025-01-20T05:36:22.500Z,0.04790108650922775,0.10883580148220062,21212835,R1.2172.7737.0
2025-01-20T05:36:23.000Z,0.010969146154820919,0.10883580148220062,21204713,R1.0697.5199.0
2025-01-20T05:36:23.500Z,0.03132656216621399,0.10883580148220062,72154411,R1.2900.11955.0
2025-01-20T05:36:24.000Z,0.036249060183763504,0.10883580148220062,51214531,R1.2900.11955.0
2025-01-20T05:36:24.500Z,0.013052687048912048,0.10883580148220062,72154411,R1.2900.11955.0
2025-01-20T05:36:25.000Z,0.0013538618804886937,0.10883580148220062,40220017,R1.3027.11698.0
2025-01-20T05:36:25.500Z,0.035474423319101334,0.10883580148220062,21212835,R1.2172.7737.0
2025-01-20T05:36:26.000Z,0.027540726587176323,0.10883580148220062,21212835,R1.2172.7737.0
2025-01-20T05:36:26.500Z,0.020137041807174683,0.10883580148220062,51214531,R1.2900.11955.0
2025-01-20T05:36:27.000Z,0.02207256481051445,0.10883580148220062,40220017,R1.3027.11698.0
2025-01-20T05:36:27.500Z,0.04945337399840355,0.10883580148220062,21212835,R1.2172.7737.0
2025-01-20T05:36:28.000Z,0.01475466601550579,0.10883580148220062,40237728,R1.3027.11698.0
2025-01-20T05:36:28.500Z,0.030056800693273544,0.10883580148220062,72359026,R1.2900.11955.0
2025-01-20T05:36:29.000Z,0.02750043198466301,0.10883580148220062,21212835,R1.2172.7737.0
2025-01-20T05:36:29.500Z,0.025024982169270515,0.10883580148220062,72154411,R1.2900.11955.0
2025-01-20T05:36:30.000Z,0.03837353363633156,0.10883580148220062,21212835,R1.2172.7737.0
2025-01-20T05:36:30.500Z,0.025642724707722664,0.10883580148220062,71908906,R1.2900.11955.0
2025-01-20T05:36:31.000Z,0.02692410536110401,0.10883580148220062,21204713,R1.0697.5199.0
2025-01-20T05:36:31.500Z,0.030986737459897995,0.10883580148220062,21212835,R1.2172.7737.0
2025-01-20T05:36:32.000Z,0.017753247171640396,0.10883580148220062,71908906,R1.2900.11955.0
2025-01-20T05:36:32.500Z,0.018485840409994125,0.10883580148220062,21212835,R1.2172.7737.0
2025-01-20T05:36:33.000Z,0.039004068821668625,0.10883580148220062,72359026,R1.2900.11955.0
2025-01-20T05:36:33.500Z,0.03480732440948486,0.10883580148220062,21204713,R1.0697.5199.0
2025-01-20T05:36:34.000Z,0.021413564682006836,0.10883580148220062,40237728,R1.3027.11698.0
2025-01-20T05:36:34.500Z,0.023105330765247345,0.10883580148220062,72359026,R1.2900.11955.0
2025-01-20T05:36:35.000Z,0.0156047772616148,0.10883580148220062,21204713,R1.0697.5199.0
2025-01-20T05:36:35.500Z,0.022027621045708656,0.10883580148220062,40220017,R1.3027.11698.0
2025-01-20T05:36:36.000Z,0.021984247490763664,0.10883580148220062,51214531,R1.2900.11955.0
2025-01-20T05:36:36.500Z,0.028094595298171043,0.10883580148220062,40220017,R1.3027.11698.0
2025-01-20T05:36:37.000Z,0.026329629123210907,0.10883580148220062,21212835,R1.2172.7737.0
2025-01-20T05:36:37.500Z,0.013864915817975998,0.10883580148220062,72154411,R1.2900.11955.0
2025-01-20T05:36:38.000Z,0.04572489112615585,0.10883580148220062,72359026,R1.2900.11955.0
2025-01-20T05:36:38.500Z,0.019829299300909042,0.10883580148220062,51214531,R1.2900.11955.0
2025-01-20T05:36:39.000Z,0.013391491957008839,0.10883580148220062,71908906,R1.2900.11955.0
2025-01-20T05:36:39.500Z,0.014655083417892456,0.10883580148220062,21204713,R1.0697.5199.0
2025-01-20T05:36:40.000Z,0.04187723621726036,0.10883580148220062,21212835,R1.2172.7737.0
2025-01-20T05:36:40.500Z,0.0084841288626194,0.10883580148220062,40237728,R1.3027.11698.0
2025-01-20T05:36:41.000Z,0.01833789050579071,0.10883580148220062,21212835,R1.2172.7737.0
2025-01-20T05:36:41.500Z,0.020613979548215866,0.10883580148220062,51214531,R1.2900.11955.0
2025-01-20T05:36:42.000Z,0.02195824682712555,0.10883580148220062,71567810,R1.2900.11955.0
2025-01-20T05:36:42.500Z,0.024106597527861595,0.10883580148220062,72359026,R1.2900.11955.0
2025-01-20T05:36:43.000Z,0.019779147580266,0.10883580148220062,40237728,R1.3027.11698.0
2025-01-20T05:36:43.500Z,0.028937436640262604,0.10883580148220062,40237728,R1.3027.11698.0
2025-01-20T05:36:44.000Z,0.024391228333115578,0.10883580148220062,51214531,R1.2900.11955.0
2025-01-20T05:36:44.500Z,0.013408242724835873,0.10883580148220062,21204713,R1.0697.5199.0
2025-01-20T05:36:45.000Z,0.003301837481558323,0.10883580148220062,72359026,R1.2900.11955.0
2025-01-20T05:36:45.500Z,0.017616525292396545,0.10883580148220062,40237728,R1.3027.11698.0
2025-01-20T05:36:46.000Z,0.024465691298246384,0.10883580148220062,72359026,R1.2900.11955.0
2025-01-20T05:36:46.500Z,0.012721884064376354,0.10883580148220062,71325295,R1.2900.11955.0
2025-01-20T05:36:47.000Z,0.04380186274647713,0.10883580148220062,21212835,R1.2172.7737.0
2025-01-20T05:36:47.500Z,0.0139788668602705,0.10883580148220062,21204713,R1.0697.5199.0
2025-01-20T05:36:48.000Z,0.012713362462818623,0.10883580148220062,71567810,R1.2900.11955.0
2025-01-20T05:36:48.500Z,0.031292010098695755,0.10883580148220062,71567810,R1.2900.11955.0
2025-01-20T05:36:49.000Z,0.028499633073806763,0.10883580148220062,21212835,R1.2172.7737.0
2025-01-20T05:36:49.500Z,0.0058651212602853775,0.10883580148220062,40220017,R1.3027.11698.0
2025-01-20T05:36:50.000Z,0.021814744919538498,0.10883580148220062,71567810,R1.2900.11955.0
2025-01-20T05:36:50.500Z,0.04154964163899422,0.10883580148220062,40220017,R1.3027.11698.0
2025-01-20T05:36:51.000Z,0.017375867813825607,0.10883580148220062,72359026,R1.2900.11955.0
2025-01-20T05:36:51.500Z,0.018528766930103302,0.10883580148220062,72154411,R1.2900.11955.0
2025-01-20T05:36:52.000Z,0.0304479468613863,0.10883580148220062,72359026,R1.2900.11955.0
2025-01-20T05:36:52.500Z,0.016927938908338547,0.10883580148220062,40237728,R1.3027.11698.0
2025-01-20T05:36:53.000Z,0.008962970227003098,0.10883580148220062,40220017,R1.3027.11698.0
2025-01-20T05:36:53.500Z,0.01620388776063919,0.10883580148220062,72154411,R1.2900.11955.0
2025-01-20T05:36:54.000Z,0.024044224992394447,0.10883580148220062,71567810,R1.2900.11955.0
2025-01-20T05:36:54.500Z,0.010055160149931908,0.10883580148220062,51214531,R1.2900.11955.0
2025-01-20T05:36:55.000Z,0.01975899003446102,0.10883580148220062,51214531,R1.2900.11955.0
2025-01-20T05:36:55.500Z,0.013229845091700554,0.10883580148220062,71325295,R1.2900.11955.0
2025-01-20T05:36:56.000Z,0.016534311696887016,0.10883580148220062,21204713,R1.0697.5199.0
2025-01-20T05:36:56.500Z,0.04737035185098648,0.10883580148220062,71567810,R1.2900.11955.0
2025-01-20T05:36:57.000Z,0.010992618277668953,0.10883580148220062,51214531,R1.2900.11955.0
2025-01-20T05:36:57.500Z,0.01985383778810501,0.10883580148220062,21204713,R1.0697.5199.0
2025-01-20T05:36:58.000Z,0.023954110220074654,0.10883580148220062,51214531,R1.2900.11955.0
2025-01-20T05:36:58.500Z,0.015692468732595444,0.10883580148220062,71325295,R1.2900.11955.0
2025-01-20T05:36:59.000Z,0.03549548238515854,0.10883580148220062,21212835,R1.2172.7737.0
2025-01-20T05:36:59.500Z,0.025366192683577538,0.10883580148220062,51214531,R1.2900.11955.0
2025-01-20T05:37:00.000Z,0.027727888897061348,0.10883580148220062,72359026,R1.2900.11955.0
2025-01-20T05:37:00.500Z,0.02329438365995884,0.10883580148220062,71908906,R1.2900.11955.0
2025-01-20T05:37:01.000Z,0.01512902695685625,0.10883580148220062,51214531,R1.2900.11955.0
2025-01-20T05:37:01.500Z,0.04470333456993103,0.10883580148220062,51214531,R1.2900.11955.0
2025-01-20T05:37:02.000Z,0.01857970468699932,0.10883580148220062,21212835,R1.2172.7737.0
2025-01-20T05:37:02.500Z,0.043726298958063126,0.10883580148220062,21204713,R1.0697.5199.0
2025-01-20T05:37:03.000Z,0.019647886976599693,0.10883580148220062,21212835,R1.2172.7737.0
2025-01-20T05:37:03.500Z,0.02901610918343067,0.10883580148220062,71567810,R1.2900.11955.0
2025-01-20T05:37:04.000Z,0.0241963192820549,0.10883580148220062,71325295,R1.2900.11955.0
2025-01-20T05:37:04.500Z,0.020877325907349586,0.10883580148220062,21212835,R1.2172.7737.0
2025-01-20T05:37:05.000Z,0.021977499127388,0.10883580148220062,21204713,R1.0697.5199.0
2025-01-20T05:37:05.500Z,0.014146313071250916,0.10883580148220062,21204713,R1.0697.5199.0
2025-01-20T05:37:06.000Z,0.024514101445674896,0.10883580148220062,72359026,R1.2900.11955.0
2025-01-20T05:37:06.500Z,0.033743035048246384,0.10883580148220062,21204713,R1.0697.5199.0
2025-01-20T05:37:07.000Z,0.018575405701994896,0.10883580148220062,21212835,R1.2172.7737.0
2025-01-20T05:37:07.500Z,0.019604934379458427,0.10883580148220062,21204713,R1.0697.5199.0
2025-01-20T05:37:08.000Z,0.015458582900464535,0.10883580148220062,51214531,R1.2900.11955.0
2025-01-20T05:37:08.500Z,0.026912149041891098,0.10883580148220062,40220017,R1.3027.11698.0
2025-01-20T05:37:09.000Z,0.021403755992650986,0.10883580148220062,71567810,R1.2900.11955.0
2025-01-20T05:37:09.500Z,0.060481347143650055,0.10883580148220062,21204713,R1.0697.5199.0
2025-01-20T05:37:10.000Z,0.028408128768205643,0.10883580148220062,71325295,R1.2900.11955.0
2025-01-20T05:37:10.500Z,0.015224345959722996,0.10883580148220062,71908906,R1.2900.11955.0
2025-01-20T05:37:11.000Z,0.03343978524208069,0.10883580148220062,71325295,R1.2900.11955.0
2025-01-20T05:37:11.500Z,0.03121856227517128,0.10883580148220062,72359026,R1.2900.11955.0
2025-01-20T05:37:12.000Z,0.024022668600082397,0.10883580148220062,21204713,R1.0697.5199.0
2025-01-20T05:37:12.500Z,0.01083111297339201,0.10883580148220062,40237728,R1.3027.11698.0
2025-01-20T05:37:13.000Z,0.021990809589624405,0.10883580148220062,72154411,R1.2900.11955.0
2025-01-20T05:37:13.500Z,0.040504876524209976,0.10883580148220062,21212835,R1.2172.7737.0
2025-01-20T05:37:14.000Z,0.023878086358308792,0.10883580148220062,72359026,R1.2900.11955.0
2025-01-20T05:37:14.500Z,0.01520682405680418,0.10883580148220062,72359026,R1.2900.11955.0
2025-01-20T05:37:15.000Z,0.024761104956269264,0.10883580148220062,71567810,R1.2900.11955.0
2025-01-20T05:37:15.500Z,0.0189648550003767,0.10883580148220062,40220017,R1.3027.11698.0
2025-01-20T05:37:16.000Z,0.019459301605820656,0.10883580148220062,21212835,R1.2172.7737.0
2025-01-20T05:37:16.500Z,0.02026090770959854,0.10883580148220062,71908906,R1.2900.11955.0
2025-01-20T05:37:17.000Z,-0.0014063853304833174,0.10883580148220062,71325295,R1.2900.11955.0
2025-01-20T05:37:17.500Z,0.026083167642354965,0.10883580148220062,71908906,R1.2900.11955.0
2025-01-20T05:37:18.000Z,0.021658796817064285,0.10883580148220062,21204713,R1.0697.5199.0
2025-01-20T05:37:18.500Z,0.019773265346884727,0.10883580148220062,40237728,R1.3027.11698.0
2025-01-20T05:37:19.000Z,0.03739224374294281,0.10883580148220062,21212835,R1.2172.7737.0
2025-01-20T05:37:19.500Z,0.0218313280493021,0.10883580148220062,21212835,R1.2172.7737.0
2025-01-20T05:37:20.000Z,0.015783164650201797,0.10883580148220062,71567810,R1.2900.11955.0
2025-01-20T05:37:20.500Z,0.028918737545609474,0.10883580148220062,72154411,R1.2900.11955.0
2025-01-20T05:37:21.000Z,0.003156356979161501,0.10883580148220062,40237728,R1.3027.11698.0
2025-01-20T05:37:21.500Z,0.020457014441490173,0.10883580148220062,72359026,R1.2900.11955.0
2025-01-20T05:37:22.000Z,0.02000308968126774,0.10883580148220062,40237728,R1.3027.11698.0
2025-01-20T05:37:22.500Z,0.0037203559186309576,0.10883580148220062,71908906,R1.2900.11955.0
2025-01-20T05:37:23.000Z,0.008420703932642937,0.10883580148220062,21204713,R1.0697.5199.0
2025-01-20T05:37:23.500Z,0.022780174389481544,0.10883580148220062,21204713,R1.0697.5199.0
2025-01-20T05:37:24.000Z,0.025371162220835686,0.10883580148220062,21212835,R1.2172.7737.0
2025-01-20T05:37:24.500Z,0.0309129748493433,0.10883580148220062,71325295,R1.2900.11955.0
2025-01-20T05:37:25.000Z,0.030932128429412842,0.10883580148220062,21204713,R1.0697.5199.0
2025-01-20T05:37:25.500Z,0.031250953674316406,0.10883580148220062,71908906,R1.2900.11955.0
2025-01-20T05:37:26.000Z,0.022204680368304253,0.10883580148220062,40237728,R1.3027.11698.0
2025-01-20T05:37:26.500Z,0.023882951587438583,0.10883580148220062,72154411,R1.2900.11955.0
2025-01-20T05:37:27.000Z,0.020626554265618324,0.10883580148220062,71567810,R1.2900.11955.0
2025-01-20T05:37:27.500Z,0.021131465211510658,0.10883580148220062,72359026,R1.2900.11955.0
2025-01-20T05:37:28.000Z,0.01922444999217987,0.10883580148220062,51214531,R1.2900.11955.0
2025-01-20T05:37:28.500Z,0.0017633580137044191,0.10883580148220062,40237728,R1.3027.11698.0
2025-01-20T05:37:29.000Z,0.02169286273419857,0.10883580148220062,51214531,R1.2900.11955.0
2025-01-20T05:37:29.500Z,0.028356075286865234,0.10883580148220062,21204713,R1.0697.5199.0
2025-01-20T05:37:30.000Z,0.030262334272265434,0.10883580148220062,72359026,R1.2900.11955.0
2025-01-20T05:37:30.500Z,0.014399103820323944,0.10883580148220062,51214531,R1.2900.11955.0
2025-01-20T05:37:31.000Z,0.032405465841293335,0.10883580148220062,40237728,R1.3027.11698.0
2025-01-20T05:37:31.500Z,0.014240581542253494,0.10883580148220062,72154411,R1.2900.11955.0
2025-01-20T05:37:32.000Z,0.026352902874350548,0.10883580148220062,72359026,R1.2900.11955.0
2025-01-20T05:37:32.500Z,0.041804373264312744,0.10883580148220062,72154411,R1.2900.11955.0
2025-01-20T05:37:33.000Z,0.016291670501232147,0.10883580148220062,51214531,R1.2900.11955.0
2025-01-20T05:37:33.500Z,0.019787335768342018,0.10883580148220062,21204713,R1.0697.5199.0
2025-01-20T05:37:34.000Z,0.04199935123324394,0.10883580148220062,72359026,R1.2900.11955.0
2025-01-20T05:37:34.500Z,0.01224922388792038,0.10883580148220062,21204713,R1.0697.5199.0
2025-01-20T05:37:35.000Z,0.01801932230591774,0.10883580148220062,51214531,R1.2900.11955.0
2025-01-20T05:37:35.500Z,0.03138287365436554,0.10883580148220062,21204713,R1.0697.5199.0
2025-01-20T05:37:36.000Z,0.013739458285272121,0.10883580148220062,40237728,R1.3027.11698.0
2025-01-20T05:37:36.500Z,0.030301688238978386,0.10883580148220062,72154411,R1.2900.11955.0
2025-01-20T05:37:37.000Z,0.026229925453662872,0.10883580148220062,21212835,R1.2172.7737.0
2025-01-20T05:37:37.500Z,0.042062338441610336,0.10883580148220062,72154411,R1.2900.11955.0
2025-01-20T05:37:38.000Z,0.01793406531214714,0.10883580148220062,40237728,R1.3027.11698.0
2025-01-20T05:37:38.500Z,0.01961928978562355,0.10883580148220062,51214531,R1.2900.11955.0
2025-01-20T05:37:39.000Z,0.02086322009563446,0.10883580148220062,71325295,R1.2900.11955.0
2025-01-20T05:37:39.500Z,0.014085646718740463,0.10883580148220062,40237728,R1.3027.11698.0
2025-01-20T05:37:40.000Z,0.015348648652434349,0.10883580148220062,71567810,R1.2900.11955.0
2025-01-20T05:37:40.500Z,0.026097804307937622,0.10883580148220062,71567810,R1.2900.11955.0
2025-01-20T05:37:41.000Z,0.0507071278989315,0.10883580148220062,72154411,R1.2900.11955.0
2025-01-20T05:37:41.500Z,0.012479624710977077,0.10883580148220062,21204713,R1.0697.5199.0
2025-01-20T05:37:42.000Z,0.014134468510746956,0.10883580148220062,51214531,R1.2900.11955.0
2025-01-20T05:37:42.500Z,0.012110340408980846,0.10883580148220062,21212835,R1.2172.7737.0
2025-01-20T05:37:43.000Z,0.025041600689291954,0.10883580148220062,72359026,R1.2900.11955.0
2025-01-20T05:37:43.500Z,0.032058823853731155,0.10883580148220062,72154411,R1.2900.11955.0
2025-01-20T05:37:44.000Z,0.017314724624156952,0.10883580148220062,21212835,R1.2172.7737.0
2025-01-20T05:37:44.500Z,0.04598333686590195,0.10883580148220062,72154411,R1.2900.11955.0
2025-01-20T05:37:45.000Z,0.031016957014799118,0.10883580148220062,40220017,R1.3027.11698.0
2025-01-20T05:37:45.500Z,0.023379625752568245,0.10883580148220062,72154411,R1.2900.11955.0
2025-01-20T05:37:46.000Z,0.037342965602874756,0.10883580148220062,72154411,R1.2900.11955.0
2025-01-20T05:37:46.500Z,0.02559996210038662,0.10883580148220062,21204713,R1.0697.5199.0
2025-01-20T05:37:47.000Z,0.026959599927067757,0.10883580148220062,40220017,R1.3027.11698.0
2025-01-20T05:37:47.500Z,0.03086862526834011,0.10883580148220062,72154411,R1.2900.11955.0
2025-01-20T05:37:48.000Z,0.033076219260692596,0.10883580148220062,51214531,R1.2900.11955.0
2025-01-20T05:37:48.500Z,0.020656662061810493,0.10883580148220062,72359026,R1.2900.11955.0
2025-01-20T05:37:49.000Z,0.016476787626743317,0.10883580148220062,71908906,R1.2900.11955.0
2025-01-20T05:37:49.500Z,0.011396603658795357,0.10883580148220062,72359026,R1.2900.11955.0
2025-01-20T05:37:50.000Z,0.012051107361912727,0.10883580148220062,40237728,R1.3027.11698.0
2025-01-20T05:37:50.500Z,0.022619986906647682,0.10883580148220062,71908906,R1.2900.11955.0
2025-01-20T05:37:51.000Z,0.034441862255334854,0.10883580148220062,71567810,R1.2900.11955.0
2025-01-20T05:37:51.500Z,0.02297971397638321,0.10883580148220062,72359026,R1.2900.11955.0
2025-01-20T05:37:52.000Z,0.023817425593733788,0.10883580148220062,21212835,R1.2172.7737.0
2025-01-20T05:37:52.500Z,0.022663448005914688,0.10883580148220062,71908906,R1.2900.11955.0
2025-01-20T05:37:53.000Z,0.042877260595560074,0.10883580148220062,71325295,R1.2900.11955.0
2025-01-20T05:37:53.500Z,0.020527034997940063,0.10883580148220062,72154411,R1.2900.11955.0
2025-01-20T05:37:54.000Z,0.027504578232765198,0.10883580148220062,72359026,R1.2900.11955.0
2025-01-20T05:37:54.500Z,0.018756525591015816,0.10883580148220062,71908906,R1.2900.11955.0
2025-01-20T05:37:55.000Z,0.02764109894633293,0.10883580148220062,21204713,R1.0697.5199.0
2025-01-20T05:37:55.500Z,0.03358091041445732,0.10883580148220062,21212835,R1.2172.7737.0
2025-01-20T05:37:56.000Z,0.01474621333181858,0.10883580148220062,21212835,R1.2172.7737.0
2025-01-20T05:37:56.500Z,0.030780432745814323,0.10883580148220062,71325295,R1.2900.11955.0
2025-01-20T05:37:57.000Z,0.005413242615759373,0.10883580148220062,72359026,R1.2900.11955.0
2025-01-20T05:37:57.500Z,0.009708233177661896,0.10883580148220062,72154411,R1.2900.11955.0
2025-01-20T05:37:58.000Z,0.04186960682272911,0.10883580148220062,21204713,R1.0697.5199.0
2025-01-20T05:37:58.500Z,0.024658139795064926,0.10883580148220062,40237728,R1.3027.11698.0
2025-01-20T05:37:59.000Z,0.024373658001422882,0.10883580148220062,21204713,R1.0697.5199.0
2025-01-20T05:37:59.500Z,0.005739562213420868,0.10883580148220062,40237728,R1.3027.11698.0
2025-01-20T05:38:00.000Z,0.012622546404600143,0.10883580148220062,21204713,R1.0697.5199.0
2025-01-20T05:38:00.500Z,0.02077196165919304,0.10883580148220062,21204713,R1.0697.5199.0
2025-01-20T05:38:01.000Z,0.021297553554177284,0.10883580148220062,71325295,R1.2900.11955.0
2025-01-20T05:38:01.500Z,0.024628771468997,0.10883580148220062,71908906,R1.2900.11955.0
2025-01-20T05:38:02.000Z,0.013106828555464745,0.10883580148220062,72359026,R1.2900.11955.0
2025-01-20T05:38:02.500Z,0.04359336197376251,0.10883580148220062,72359026,R1.2900.11955.0
2025-01-20T05:38:03.000Z,0.008610882796347141,0.10883580148220062,71567810,R1.2900.11955.0
2025-01-20T05:38:03.500Z,0.025170864537358284,0.10883580148220062,21204713,R1.0697.5199.0
2025-01-20T05:38:04.000Z,0.019973913207650185,0.10883580148220062,40220017,R1.3027.11698.0
2025-01-20T05:38:04.500Z,0.024619290605187416,0.10883580148220062,40237728,R1.3027.11698.0
2025-01-20T05:38:05.000Z,0.03225411847233772,0.10883580148220062,51214531,R1.2900.11955.0
2025-01-20T05:38:05.500Z,0.031663283705711365,0.10883580148220062,51214531,R1.2900.11955.0
2025-01-20T05:38:06.000Z,0.03601320832967758,0.10883580148220062,21204713,R1.0697.5199.0
2025-01-20T05:38:06.500Z,0.021005339920520782,0.10883580148220062,71567810,R1.2900.11955.0
2025-01-20T05:38:07.000Z,0.012548535130918026,0.10883580148220062,51214531,R1.2900.11955.0
2025-01-20T05:38:07.500Z,0.01872643455862999,0.10883580148220062,21204713,R1.0697.5199.0
2025-01-20T05:38:08.000Z,0.013753802515566349,0.10883580148220062,71567810,R1.2900.11955.0
2025-01-20T05:38:08.500Z,0.03061193786561489,0.10883580148220062,21212835,R1.2172.7737.0
2025-01-20T05:38:09.000Z,0.02286011353135109,0.10883580148220062,21204713,R1.0697.5199.0
2025-01-20T05:38:09.500Z,0.013550736010074615,0.10883580148220062,51214531,R1.2900.11955.0
2025-01-20T05:38:10.000Z,0.03909780830144882,0.10883580148220062,72154411,R1.2900.11955.0
2025-01-20T05:38:10.500Z,0.006666248664259911,0.10883580148220062,21204713,R1.0697.5199.0
2025-01-20T05:38:11.000Z,0.018380602821707726,0.10883580148220062,21204713,R1.0697.5199.0
2025-01-20T05:38:11.500Z,0.018862657248973846,0.10883580148220062,71908906,R1.2900.11955.0
2025-01-20T05:38:12.000Z,0.023921506479382515,0.10883580148220062,40237728,R1.3027.11698.0
2025-01-20T05:38:12.500Z,0.01514096837490797,0.10883580148220062,71567810,R1.2900.11955.0
2025-01-20T05:38:13.000Z,0.026470182463526726,0.10883580148220062,21212835,R1.2172.7737.0
2025-01-20T05:38:13.500Z,0.028495505452156067,0.10883580148220062,71908906,R1.2900.11955.0
2025-01-20T05:38:14.000Z,0.0360301211476326,0.10883580148220062,21204713,R1.0697.5199.0
2025-01-20T05:38:14.500Z,0.02239094115793705,0.10883580148220062,71567810,R1.2900.11955.0
2025-01-20T05:38:15.000Z,0.0286832544952631,0.10883580148220062,71567810,R1.2900.11955.0
2025-01-20T05:38:15.500Z,0.018885944038629532,0.10883580148220062,40237728,R1.3027.11698.0
2025-01-20T05:38:16.000Z,0.02393825724720955,0.10883580148220062,40220017,R1.3027.11698.0
2025-01-20T05:38:16.500Z,0.01329116988927126,0.10883580148220062,21204713,R1.0697.5199.0
2025-01-20T05:38:17.000Z,0.011131556704640388,0.10883580148220062,51214531,R1.2900.11955.0
2025-01-20T05:38:17.500Z,0.025054151192307472,0.10883580148220062,21204713,R1.0697.5199.0
2025-01-20T05:38:18.000Z,0.0312730111181736,0.10883580148220062,72359026,R1.2900.11955.0
2025-01-20T05:38:18.500Z,0.01678687147796154,0.10883580148220062,71567810,R1.2900.11955.0
2025-01-20T05:38:19.000Z,0.015454894863069057,0.10883580148220062,21204713,R1.0697.5199.0
2025-01-20T05:38:19.500Z,0.032807715237140656,0.10883580148220062,72359026,R1.2900.11955.0
2025-01-20T05:38:20.000Z,0.004541309550404549,0.10883580148220062,40237728,R1.3027.11698.0
2025-01-20T05:38:20.500Z,0.024530863389372826,0.10883580148220062,72154411,R1.2900.11955.0
2025-01-20T05:38:21.000Z,0.025098245590925217,0.10883580148220062,72154411,R1.2900.11955.0
2025-01-20T05:38:21.500Z,0.027870362624526024,0.10883580148220062,51214531,R1.2900.11955.0
2025-01-20T05:38:22.000Z,0.02091291919350624,0.10883580148220062,51214531,R1.2900.11955.0
2025-01-20T05:38:22.500Z,0.02142729051411152,0.10883580148220062,40220017,R1.3027.11698.0
2025-01-20T05:38:23.000Z,0.01721983402967453,0.10883580148220062,71908906,R1.2900.11955.0
2025-01-20T05:38:23.500Z,0.002101091668009758,0.10883580148220062,40220017,R1.3027.11698.0
2025-01-20T05:38:24.000Z,0.01654364913702011,0.10883580148220062,40237728,R1.3027.11698.0
2025-01-20T05:38:24.500Z,0.009848833084106445,0.10883580148220062,71325295,R1.2900.11955.0
2025-01-20T05:38:25.000Z,0.04083715006709099,0.10883580148220062,51214531,R1.2900.11955.0
2025-01-20T05:38:25.500Z,0.015327556990087032,0.10883580148220062,51214531,R1.2900.11955.0
2025-01-20T05:38:26.000Z,0.010684161446988583,0.10883580148220062,21212835,R1.2172.7737.0
2025-01-20T05:38:26.500Z,0.021238036453723907,0.10883580148220062,72154411,R1.2900.11955.0
2025-01-20T05:38:27.000Z,0.007557733450084925,0.10883580148220062,40220017,R1.3027.11698.0
2025-01-20T05:38:27.500Z,0.05442894250154495,0.10883580148220062,21212835,R1.2172.7737.0
2025-01-20T05:38:28.000Z,0.011840534396469593,0.10883580148220062,21204713,R1.0697.5199.0
2025-01-20T05:38:28.500Z,0.04336468130350113,0.10883580148220062,21212835,R1.2172.7737.0
2025-01-20T05:38:29.000Z,0.011876569129526615,0.10883580148220062,71325295,R1.2900.11955.0
2025-01-20T05:38:29.500Z,0.02342984452843666,0.10883580148220062,71567810,R1.2900.11955.0
2025-01-20T05:38:30.000Z,0.029054300859570503,0.10883580148220062,72154411,R1.2900.11955.0
2025-01-20T05:38:30.500Z,0.010979575105011463,0.10883580148220062,51214531,R1.2900.11955.0
2025-01-20T05:38:31.000Z,0.016735021024942398,0.10883580148220062,40237728,R1.3027.11698.0
2025-01-20T05:38:31.500Z,0.011712292209267616,0.10883580148220062,21212835,R1.2172.7737.0
2025-01-20T05:38:32.000Z,0.004078173544257879,0.10883580148220062,40220017,R1.3027.11698.0
2025-01-20T05:38:32.500Z,0.012590448372066021,0.10883580148220062,72359026,R1.2900.11955.0
2025-01-20T05:38:33.000Z,0.019505631178617477,0.10883580148220062,21204713,R1.0697.5199.0
2025-01-20T05:38:33.500Z,0.02534979023039341,0.10883580148220062,21212835,R1.2172.7737.0
2025-01-20T05:38:34.000Z,0.0015462536830455065,0.10883580148220062,40220017,R1.3027.11698.0
2025-01-20T05:38:34.500Z,0.04112841561436653,0.10883580148220062,71908906,R1.2900.11955.0
2025-01-20T05:38:35.000Z,0.018776820972561836,0.10883580148220062,40237728,R1.3027.11698.0
2025-01-20T05:38:35.500Z,0.03383242338895798,0.10883580148220062,71908906,R1.2900.11955.0
2025-01-20T05:38:36.000Z,0.050199009478092194,0.10883580148220062,21212835,R1.2172.7737.0
2025-01-20T05:38:36.500Z,0.025349361822009087,0.10883580148220062,71325295,R1.2900.11955.0
2025-01-20T05:38:37.000Z,0.02921493537724018,0.10883580148220062,71325295,R1.2900.11955.0
2025-01-20T05:38:37.500Z,0.02915598638355732,0.10883580148220062,72359026,R1.2900.11955.0
2025-01-20T05:38:38.000Z,0.017698654904961586,0.10883580148220062,51214531,R1.2900.11955.0
2025-01-20T05:38:38.500Z,0.019068757072091103,0.10883580148220062,71908906,R1.2900.11955.0
2025-01-20T05:38:39.000Z,0.03503105789422989,0.10883580148220062,21204713,R1.0697.5199.0
2025-01-20T05:38:39.500Z,0.04433615505695343,0.10883580148220062,21212835,R1.2172.7737.0
2025-01-20T05:38:40.000Z,0.024031715467572212,0.10883580148220062,72154411,R1.2900.11955.0
2025-01-20T05:38:40.500Z,0.02930455654859543,0.10883580148220062,40237728,R1.3027.11698.0
2025-01-20T05:38:41.000Z,0.04565758630633354,0.10883580148220062,40220017,R1.3027.11698.0
2025-01-20T05:38:41.500Z,0.013132392428815365,0.10883580148220062,21212835,R1.2172.7737.0
2025-01-20T05:38:42.000Z,0.009257249534130096,0.10883580148220062,72359026,R1.2900.11955.0
2025-01-20T05:38:42.500Z,0.024698294699192047,0.10883580148220062,40237728,R1.3027.11698.0
2025-01-20T05:38:43.000Z,0.02232700027525425,0.10883580148220062,72154411,R1.2900.11955.0
2025-01-20T05:38:43.500Z,0.039992064237594604,0.10883580148220062,72154411,R1.2900.11955.0
2025-01-20T05:38:44.000Z,0.046402689069509506,0.10883580148220062,21204713,R1.0697.5199.0
2025-01-20T05:38:44.500Z,0.013929474167525768,0.10883580148220062,72154411,R1.2900.11955.0
2025-01-20T05:38:45.000Z,0.04063689708709717,0.10883580148220062,71325295,R1.2900.11955.0
2025-01-20T05:38:45.500Z,0.024817582219839096,0.10883580148220062,72154411,R1.2900.11955.0
2025-01-20T05:38:46.000Z,0.049379829317331314,0.10883580148220062,21204713,R1.0697.5199.0
2025-01-20T05:38:46.500Z,0.026026388630270958,0.10883580148220062,72359026,R1.2900.11955.0
2025-01-20T05:38:47.000Z,0.040534473955631256,0.10883580148220062,21212835,R1.2172.7737.0
2025-01-20T05:38:47.500Z,0.024008551612496376,0.10883580148220062,71908906,R1.2900.11955.0
2025-01-20T05:38:48.000Z,0.034402649849653244,0.10883580148220062,21212835,R1.2172.7737.0
2025-01-20T05:38:48.500Z,0.012973479926586151,0.10883580148220062,21204713,R1.0697.5199.0
2025-01-20T05:38:49.000Z,0.0202861949801445,0.10883580148220062,21212835,R1.2172.7737.0
2025-01-20T05:38:49.500Z,0.040673308074474335,0.10883580148220062,51214531,R1.2900.11955.0
2025-01-20T05:38:50.000Z,0.012496532872319221,0.10883580148220062,51214531,R1.2900.11955.0
2025-01-20T05:38:50.500Z,0.03293563425540924,0.10883580148220062,71567810,R1.2900.11955.0
2025-01-20T05:38:51.000Z,0.003640534356236458,0.10883580148220062,40220017,R1.3027.11698.0
2025-01-20T05:38:51.500Z,0.02024094946682453,0.10883580148220062,21212835,R1.2172.7737.0
2025-01-20T05:38:52.000Z,0.0035431834403425455,0.10883580148220062,71325295,R1.2900.11955.0
2025-01-20T05:38:52.500Z,0.009406503289937973,0.10883580148220062,40237728,R1.3027.11698.0
2025-01-20T05:38:53.000Z,0.0097774313762784,0.10883580148220062,51214531,R1.2900.11955.0
2025-01-20T05:38:53.500Z,0.01889546401798725,0.10883580148220062,71567810,R1.2900.11955.0
2025-01-20T05:38:54.000Z,0.024128057062625885,0.10883580148220062,21212835,R1.2172.7737.0
2025-01-20T05:38:54.500Z,0.04156361520290375,0.10883580148220062,72359026,R1.2900.11955.0
2025-01-20T05:38:55.000Z,0.02520838938653469,0.10883580148220062,51214531,R1.2900.11955.0
2025-01-20T05:38:55.500Z,0.02130192704498768,0.10883580148220062,21212835,R1.2172.7737.0
2025-01-20T05:38:56.000Z,0.010687490925192833,0.10883580148220062,40237728,R1.3027.11698.0
2025-01-20T05:38:56.500Z,0.01399698294699192,0.10883580148220062,40220017,R1.3027.11698.0
2025-01-20T05:38:57.000Z,0.01860063150525093,0.10883580148220062,40220017,R1.3027.11698.0
2025-01-20T05:38:57.500Z,0.027901198714971542,0.10883580148220062,72154411,R1.2900.11955.0
2025-01-20T05:38:58.000Z,0.0352897085249424,0.10883580148220062,51214531,R1.2900.11955.0
2025-01-20T05:38:58.500Z,0.012398911640048027,0.10883580148220062,21204713,R1.0697.5199.0
2025-01-20T05:38:59.000Z,0.01322903111577034,0.10883580148220062,40220017,R1.3027.11698.0
2025-01-20T05:38:59.500Z,0.014749189838767052,0.10883580148220062,40237728,R1.3027.11698.0
2025-01-20T05:39:00.000Z,0.0228912141174078,0.10883580148220062,71325295,R1.2900.11955.0
2025-01-20T05:39:00.500Z,0.016010895371437073,0.10883580148220062,71567810,R1.2900.11955.0
2025-01-20T05:39:01.000Z,0.04226713255047798,0.10883580148220062,21204713,R1.0697.5199.0
2025-01-20T05:39:01.500Z,0.03240841254591942,0.10883580148220062,72359026,R1.2900.11955.0
2025-01-20T05:39:02.000Z,0.025863591581583023,0.10883580148220062,72154411,R1.2900.11955.0
2025-01-20T05:39:02.500Z,0.022445978596806526,0.10883580148220062,72359026,R1.2900.11955.0
2025-01-20T05:39:03.000Z,0.02395670861005783,0.10883580148220062,71567810,R1.2900.11955.0
2025-01-20T05:39:03.500Z,0.0006560676265507936,0.10883580148220062,40237728,R1.3027.11698.0
2025-01-20T05:39:04.000Z,0.023894956335425377,0.10883580148220062,21212835,R1.2172.7737.0
2025-01-20T05:39:04.500Z,0.04405171424150467,0.10883580148220062,40237728,R1.3027.11698.0
2025-01-20T05:39:05.000Z,0.0020566622260957956,0.10883580148220062,40237728,R1.3027.11698.0
2025-01-20T05:39:05.500Z,0.028003456071019173,0.10883580148220062,71908906,R1.2900.11955.0
2025-01-20T05:39:06.000Z,0.03144188970327377,0.10883580148220062,21212835,R1.2172.7737.0
2025-01-20T05:39:06.500Z,0.011792493984103203,0.10883580148220062,40220017,R1.3027.11698.0
2025-01-20T05:39:07.000Z,0.010126607492566109,0.10883580148220062,40220017,R1.3027.11698.0
2025-01-20T05:39:07.500Z,0.037245091050863266,0.10883580148220062,71908906,R1.2900.11955.0
2025-01-20T05:39:08.000Z,0.0041025374084711075,0.10883580148220062,51214531,R1.2900.11955.0
2025-01-20T05:39:08.500Z,0.014913082122802734,0.10883580148220062,21212835,R1.2172.7737.0
2025-01-20T05:39:09.000Z,0.023595750331878662,0.10883580148220062,71908906,R1.2900.11955.0
2025-01-20T05:39:09.500Z,0.029514815658330917,0.10883580148220062,21204713,R1.0697.5199.0
2025-01-20T05:39:10.000Z,0.026394523680210114,0.10883580148220062,21212835,R1.2172.7737.0
2025-01-20T05:39:10.500Z,0.02084503322839737,0.10883580148220062,71567810,R1.2900.11955.0
2025-01-20T05:39:11.000Z,0.01863883249461651,0.10883580148220062,40220017,R1.3027.11698.0
2025-01-20T05:39:11.500Z,0.010741446167230606,0.10883580148220062,71567810,R1.2900.11955.0
2025-01-20T05:39:12.000Z,0.01770210638642311,0.10883580148220062,40237728,R1.3027.11698.0
2025-01-20T05:39:12.500Z,0.04212645813822746,0.10883580148220062,21204713,R1.0697.5199.0
2025-01-20T05:39:13.000Z,0.012510564178228378,0.10883580148220062,21204713,R1.0697.5199.0
2025-01-20T05:39:13.500Z,0.008247251622378826,0.10883580148220062,72359026,R1.2900.11955.0
2025-01-20T05:39:14.000Z,0.0145414462313056,0.10883580148220062,72359026,R1.2900.11955.0
2025-01-20T05:39:14.500Z,0.034929461777210236,0.10883580148220062,40237728,R1.3027.11698.0
2025-01-20T05:39:15.000Z,0.023255091160535812,0.10883580148220062,51214531,R1.2900.11955.0
2025-01-20T05:39:15.500Z,0.021368784829974174,0.10883580148220062,40220017,R1.3027.11698.0
2025-01-20T05:39:16.000Z,0.02424914948642254,0.10883580148220062,71567810,R1.2900.11955.0
2025-01-20T05:39:16.500Z,0.028459826484322548,0.10883580148220062,21212835,R1.2172.7737.0
2025-01-20T05:39:17.000Z,0.01791924051940441,0.10883580148220062,71908906,R1.2900.11955.0
2025-01-20T05:39:17.500Z,0.0328330397605896,0.10883580148220062,72359026,R1.2900.11955.0
2025-01-20T05:39:18.000Z,0.032146528363227844,0.10883580148220062,21212835,R1.2172.7737.0
2025-01-20T05:39:18.500Z,0.01414028275758028,0.10883580148220062,51214531,R1.2900.11955.0
2025-01-20T05:39:19.000Z,0.03671213239431381,0.10883580148220062,51214531,R1.2900.11955.0
2025-01-20T05:39:19.500Z,0.017747607082128525,0.10883580148220062,71567810,R1.2900.11955.0
2025-01-20T05:39:20.000Z,0.03687213361263275,0.10883580148220062,72154411,R1.2900.11955.0
2025-01-20T05:39:20.500Z,0.030926687642931938,0.10883580148220062,21204713,R1.0697.5199.0
2025-01-20T05:39:21.000Z,0.02910780720412731,0.10883580148220062,21204713,R1.0697.5199.0
2025-01-20T05:39:21.500Z,0.009934857487678528,0.10883580148220062,71908906,R1.2900.11955.0
2025-01-20T05:39:22.000Z,0.019375955685973167,0.10883580148220062,71567810,R1.2900.11955.0
2025-01-20T05:39:22.500Z,0.018084043636918068,0.10883580148220062,72359026,R1.2900.11955.0
2025-01-20T05:39:23.000Z,0.04064175859093666,0.10883580148220062,21212835,R1.2172.7737.0
2025-01-20T05:39:23.500Z,0.01218467578291893,0.10883580148220062,21204713,R1.0697.5199.0
2025-01-20T05:39:24.000Z,0.028399482369422913,0.10883580148220062,72154411,R1.2900.11955.0
2025-01-20T05:39:24.500Z,0.013310039415955544,0.10883580148220062,72154411,R1.2900.11955.0
2025-01-20T05:39:25.000Z,0.030284175649285316,0.10883580148220062,40237728,R1.3027.11698.0
2025-01-20T05:39:25.500Z,0.025904908776283264,0.10883580148220062,72359026,R1.2900.11955.0
2025-01-20T05:39:26.000Z,0.02240864932537079,0.10883580148220062,51214531,R1.2900.11955.0
2025-01-20T05:39:26.500Z,0.038046859204769135,0.10883580148220062,72154411,R1.2900.11955.0
2025-01-20T05:39:27.000Z,0.04200934246182442,0.10883580148220062,21204713,R1.0697.5199.0
2025-01-20T05:39:27.500Z,0.020991621538996696,0.10883580148220062,71908906,R1.2900.11955.0
2025-01-20T05:39:28.000Z,0.015840638428926468,0.10883580148220062,72154411,R1.2900.11955.0
2025-01-20T05:39:28.500Z,0.0028164417017251253,0.10883580148220062,21204713,R1.0697.5199.0
2025-01-20T05:39:29.000Z,0.02294822968542576,0.10883580148220062,71908906,R1.2900.11955.0
2025-01-20T05:39:29.500Z,0.015110382810235023,0.10883580148220062,72154411,R1.2900.11955.0
2025-01-20T05:39:30.000Z,0.03097626008093357,0.10883580148220062,71325295,R1.2900.11955.0
2025-01-20T05:39:30.500Z,0.019090835005044937,0.10883580148220062,71908906,R1.2900.11955.0
2025-01-20T05:39:31.000Z,0.029148340225219727,0.10883580148220062,40237728,R1.3027.11698.0
2025-01-20T05:39:31.500Z,0.013890385627746582,0.10883580148220062,21204713,R1.0697.5199.0
2025-01-20T05:39:32.000Z,0.040187086910009384,0.10883580148220062,71567810,R1.2900.11955.0
2025-01-20T05:39:32.500Z,0.034400612115859985,0.10883580148220062,72154411,R1.2900.11955.0
2025-01-20T05:39:33.000Z,0.024265106767416,0.10883580148220062,40220017,R1.3027.11698.0
2025-01-20T05:39:33.500Z,0.03129260987043381,0.10883580148220062,21204713,R1.0697.5199.0
2025-01-20T05:39:34.000Z,0.03249221295118332,0.10883580148220062,71325295,R1.2900.11955.0
2025-01-20T05:39:34.500Z,0.015168286859989166,0.10883580148220062,51214531,R1.2900.11955.0
2025-01-20T05:39:35.000Z,0.03309114649891853,0.10883580148220062,71567810,R1.2900.11955.0
2025-01-20T05:39:35.500Z,0.0058226315304636955,0.10883580148220062,71325295,R1.2900.11955.0
2025-01-20T05:39:36.000Z,0.023182034492492676,0.10883580148220062,40220017,R1.3027.11698.0
2025-01-20T05:39:36.500Z,0.034586526453495026,0.10883580148220062,71325295,R1.2900.11955.0
2025-01-20T05:39:37.000Z,0.0413011871278286,0.10883580148220062,71567810,R1.2900.11955.0
2025-01-20T05:39:37.500Z,0.01909562200307846,0.10883580148220062,51214531,R1.2900.11955.0
2025-01-20T05:39:38.000Z,0.02759598009288311,0.10883580148220062,51214531,R1.2900.11955.0
2025-01-20T05:39:38.500Z,0.015303974971175194,0.10883580148220062,21212835,R1.2172.7737.0
2025-01-20T05:39:39.000Z,0.010679066181182861,0.10883580148220062,21212835,R1.2172.7737.0
2025-01-20T05:39:39.500Z,0.022356130182743073,0.10883580148220062,51214531,R1.2900.11955.0
2025-01-20T05:39:40.000Z,0.021034611389040947,0.10883580148220062,71908906,R1.2900.11955.0
2025-01-20T05:39:40.500Z,0.021247990429401398,0.10883580148220062,72359026,R1.2900.11955.0
2025-01-20T05:39:41.000Z,0.007759252563118935,0.10883580148220062,71567810,R1.2900.11955.0
2025-01-20T05:39:41.500Z,0.015891846269369125,0.10883580148220062,40237728,R1.3027.11698.0
2025-01-20T05:39:42.000Z,0.02025393396615982,0.10883580148220062,21212835,R1.2172.7737.0
2025-01-20T05:39:42.500Z,0.024968575686216354,0.10883580148220062,72359026,R1.2900.11955.0
2025-01-20T05:39:43.000Z,0.04415612667798996,0.10883580148220062,72359026,R1.2900.11955.0
2025-01-20T05:39:43.500Z,0.027614105492830276,0.10883580148220062,21204713,R1.0697.5199.0
2025-01-20T05:39:44.000Z,0.027920881286263466,0.10883580148220062,21212835,R1.2172.7737.0
2025-01-20T05:39:44.500Z,0.018642928451299667,0.10883580148220062,71325295,R1.2900.11955.0
2025-01-20T05:39:45.000Z,0.004749087151139975,0.10883580148220062,71567810,R1.2900.11955.0
2025-01-20T05:39:45.500Z,0.025509702041745186,0.10883580148220062,71908906,R1.2900.11955.0
2025-01-20T05:39:46.000Z,0.03914550319314003,0.10883580148220062,71908906,R1.2900.11955.0
2025-01-20T05:39:46.500Z,0.036117345094680786,0.10883580148220062,40237728,R1.3027.11698.0
2025-01-20T05:39:47.000Z,0.0350833460688591,0.10883580148220062,72154411,R1.2900.11955.0
2025-01-20T05:39:47.500Z,0.009310404770076275,0.10883580148220062,51214531,R1.2900.11955.0
2025-01-20T05:39:48.000Z,0.014351132325828075,0.10883580148220062,72154411,R1.2900.11955.0
2025-01-20T05:39:48.500Z,0.005640996620059013,0.10883580148220062,72154411,R1.2900.11955.0
2025-01-20T05:39:49.000Z,0.01727512665092945,0.10883580148220062,40237728,R1.3027.11698.0
2025-01-20T05:39:49.500Z,0.018074695020914078,0.10883580148220062,71325295,R1.2900.11955.0
2025-01-20T05:39:50.000Z,0.03383185714483261,0.10883580148220062,71567810,R1.2900.11955.0
2025-01-20T05:39:50.500Z,0.007132969330996275,0.10883580148220062,51214531,R1.2900.11955.0
2025-01-20T05:39:51.000Z,0.010082917287945747,0.10883580148220062,51214531,R1.2900.11955.0
2025-01-20T05:39:51.500Z,0.022072982043027878,0.10883580148220062,71908906,R1.2900.11955.0
2025-01-20T05:39:52.000Z,0.009279642254114151,0.10883580148220062,40237728,R1.3027.11698.0
2025-01-20T05:39:52.500Z,0.015898415818810463,0.10883580148220062,21204713,R1.0697.5199.0
2025-01-20T05:39:53.000Z,0.01944109797477722,0.10883580148220062,72154411,R1.2900.11955.0
2025-01-20T05:39:53.500Z,0.01167593989521265,0.10883580148220062,51214531,R1.2900.11955.0
2025-01-20T05:39:54.000Z,0.027754805982112885,0.10883580148220062,21212835,R1.2172.7737.0
2025-01-20T05:39:54.500Z,0.04034506902098656,0.10883580148220062,51214531,R1.2900.11955.0
2025-01-20T05:39:55.000Z,0.017118409276008606,0.10883580148220062,71567810,R1.2900.11955.0
2025-01-20T05:39:55.500Z,0.0213876124471426,0.10883580148220062,40237728,R1.3027.11698.0
2025-01-20T05:39:56.000Z,0.015708591789007187,0.10883580148220062,71567810,R1.2900.11955.0
2025-01-20T05:39:56.500Z,0.009036272764205933,0.10883580148220062,72359026,R1.2900.11955.0
2025-01-20T05:39:57.000Z,0.023157253861427307,0.10883580148220062,21212835,R1.2172.7737.0
2025-01-20T05:39:57.500Z,0.024480413645505905,0.10883580148220062,72154411,R1.2900.11955.0
2025-01-20T05:39:58.000Z,0.026074454188346863,0.10883580148220062,21204713,R1.0697.5199.0
2025-01-20T05:39:58.500Z,0.021775860339403152,0.10883580148220062,71567810,R1.2900.11955.0
2025-01-20T05:39:59.000Z,0.035754986107349396,0.10883580148220062,71908906,R1.2900.11955.0
2025-01-20T05:39:59.500Z,0.0165584497153759,0.10883580148220062,40220017,R1.3027.11698.0
2025-01-20T05:40:00.000Z,0.007669968064874411,0.10883580148220062,40237728,R1.3027.11698.0
2025-01-20T05:40:00.500Z,0.02075957879424095,0.10883580148220062,21204713,R1.0697.5199.0
2025-01-20T05:40:01.000Z,0.021597525104880333,0.10883580148220062,21212835,R1.2172.7737.0
2025-01-20T05:40:01.500Z,0.023473653942346573,0.10883580148220062,72154411,R1.2900.11955.0
2025-01-20T05:40:02.000Z,0.023390552029013634,0.10883580148220062,71567810,R1.2900.11955.0
2025-01-20T05:40:02.500Z,0.01701674982905388,0.10883580148220062,21204713,R1.0697.5199.0
2025-01-20T05:40:03.000Z,0.0326072983443737,0.10883580148220062,40220017,R1.3027.11698.0
2025-01-20T05:40:03.500Z,0.015538644045591354,0.10883580148220062,51214531,R1.2900.11955.0
2025-01-20T05:40:04.000Z,0.032477427273988724,0.10883580148220062,51214531,R1.2900.11955.0
2025-01-20T05:40:04.500Z,0.031119462102651596,0.10883580148220062,51214531,R1.2900.11955.0
2025-01-20T05:40:05.000Z,0.019348958507180214,0.10883580148220062,21204713,R1.0697.5199.0
2025-01-20T05:40:05.500Z,0.030174244195222855,0.10883580148220062,21204713,R1.0697.5199.0
2025-01-20T05:40:06.000Z,0.01935080997645855,0.10883580148220062,51214531,R1.2900.11955.0
2025-01-20T05:40:06.500Z,0.024667399004101753,0.10883580148220062,21204713,R1.0697.5199.0
2025-01-20T05:40:07.000Z,0.015545250847935677,0.10883580148220062,71908906,R1.2900.11955.0
2025-01-20T05:40:07.500Z,0.016782958060503006,0.10883580148220062,72154411,R1.2900.11955.0
2025-01-20T05:40:08.000Z,0.023126032203435898,0.10883580148220062,71325295,R1.2900.11955.0
2025-01-20T05:40:08.500Z,0.02750551886856556,0.10883580148220062,40237728,R1.3027.11698.0
2025-01-20T05:40:09.000Z,0.0063910046592354774,0.10883580148220062,72154411,R1.2900.11955.0
2025-01-20T05:40:09.500Z,0.01479677390307188,0.10883580148220062,40220017,R1.3027.11698.0
2025-01-20T05:40:10.000Z,0.02319776639342308,0.10883580148220062,21212835,R1.2172.7737.0
2025-01-20T05:40:10.500Z,0.026145093142986298,0.10883580148220062,40220017,R1.3027.11698.0
2025-01-20T05:40:11.000Z,0.01192567404359579,0.10883580148220062,40220017,R1.3027.11698.0
2025-01-20T05:40:11.500Z,0.017839202657341957,0.10883580148220062,40237728,R1.3027.11698.0
2025-01-20T05:40:12.000Z,0.022086990997195244,0.10883580148220062,21212835,R1.2172.7737.0
2025-01-20T05:40:12.500Z,0.028203105553984642,0.10883580148220062,51214531,R1.2900.11955.0
2025-01-20T05:40:13.000Z,0.015523944981396198,0.10883580148220062,40220017,R1.3027.11698.0
2025-01-20T05:40:13.500Z,0.007637142203748226,0.10883580148220062,40237728,R1.3027.11698.0
2025-01-20T05:40:14.000Z,0.034952595829963684,0.10883580148220062,71325295,R1.2900.11955.0
2025-01-20T05:40:14.500Z,0.03704262152314186,0.10883580148220062,21204713,R1.0697.5199.0
2025-01-20T05:40:15.000Z,0.032057687640190125,0.10883580148220062,21212835,R1.2172.7737.0
2025-01-20T05:40:15.500Z,0.03456426039338112,0.10883580148220062,21212835,R1.2172.7737.0
2025-01-20T05:40:16.000Z,0.018749307841062546,0.10883580148220062,21212835,R1.2172.7737.0
2025-01-20T05:40:16.500Z,0.015469307079911232,0.10883580148220062,71567810,R1.2900.11955.0
2025-01-20T05:40:17.000Z,0.04393843188881874,0.10883580148220062,72154411,R1.2900.11955.0
2025-01-20T05:40:17.500Z,0.014207717031240463,0.10883580148220062,51214531,R1.2900.11955.0
2025-01-20T05:40:18.000Z,0.048204950988292694,0.10883580148220062,71908906,R1.2900.11955.0
2025-01-20T05:40:18.500Z,0.02096126228570938,0.10883580148220062,71908906,R1.2900.11955.0
2025-01-20T05:40:19.000Z,0.01365972962230444,0.10883580148220062,40220017,R1.3027.11698.0
2025-01-20T05:40:19.500Z,0.006987438537180424,0.10883580148220062,51214531,R1.2900.11955.0
2025-01-20T05:40:20.000Z,0.01887667179107666,0.10883580148220062,71325295,R1.2900.11955.0
2025-01-20T05:40:20.500Z,0.012395687401294708,0.10883580148220062,51214531,R1.2900.11955.0
2025-01-20T05:40:21.000Z,0.020570572465658188,0.10883580148220062,71567810,R1.2900.11955.0
2025-01-20T05:40:21.500Z,0.04304758831858635,0.10883580148220062,21212835,R1.2172.7737.0
2025-01-20T05:40:22.000Z,0.017441080883145332,0.10883580148220062,72359026,R1.2900.11955.0
2025-01-20T05:40:22.500Z,0.02381270006299019,0.10883580148220062,21204713,R1.0697.5199.0
2025-01-20T05:40:23.000Z,0.0128403902053833,0.10883580148220062,40237728,R1.3027.11698.0
2025-01-20T05:40:23.500Z,0.021784691140055656,0.10883580148220062,71908906,R1.2900.11955.0
2025-01-20T05:40:24.000Z,0.02093670703470707,0.10883580148220062,40237728,R1.3027.11698.0
2025-01-20T05:40:24.500Z,0.027707811444997787,0.10883580148220062,71908906,R1.2900.11955.0
2025-01-20T05:40:25.000Z,0.03857670724391937,0.10883580148220062,71567810,R1.2900.11955.0
2025-01-20T05:40:25.500Z,0.03049071691930294,0.10883580148220062,21204713,R1.0697.5199.0
2025-01-20T05:40:26.000Z,0.020361769944429398,0.10883580148220062,51214531,R1.2900.11955.0
2025-01-20T05:40:26.500Z,0.023919809609651566,0.10883580148220062,21212835,R1.2172.7737.0
2025-01-20T05:40:27.000Z,0.030881287530064583,0.10883580148220062,51214531,R1.2900.11955.0
2025-01-20T05:40:27.500Z,0.019221743568778038,0.10883580148220062,51214531,R1.2900.11955.0
2025-01-20T05:40:28.000Z,0.015660511329770088,0.10883580148220062,72359026,R1.2900.11955.0
2025-01-20T05:40:28.500Z,0.020338093861937523,0.10883580148220062,40237728,R1.3027.11698.0
2025-01-20T05:40:29.000Z,0.014568335376679897,0.10883580148220062,51214531,R1.2900.11955.0
2025-01-20T05:40:29.500Z,0.02706877328455448,0.10883580148220062,71325295,R1.2900.11955.0
2025-01-20T05:40:30.000Z,0.025202356278896332,0.10883580148220062,72154411,R1.2900.11955.0
2025-01-20T05:40:30.500Z,0.008365358226001263,0.10883580148220062,21204713,R1.0697.5199.0
2025-01-20T05:40:31.000Z,0.017748979851603508,0.10883580148220062,71908906,R1.2900.11955.0
2025-01-20T05:40:31.500Z,0.02955975942313671,0.10883580148220062,40237728,R1.3027.11698.0
2025-01-20T05:40:32.000Z,0.022902892902493477,0.10883580148220062,40237728,R1.3027.11698.0
2025-01-20T05:40:32.500Z,0.026343772187829018,0.10883580148220062,72154411,R1.2900.11955.0
2025-01-20T05:40:33.000Z,0.029942935332655907,0.10883580148220062,71567810,R1.2900.11955.0
2025-01-20T05:40:33.500Z,0.02286350540816784,0.10883580148220062,40237728,R1.3027.11698.0
2025-01-20T05:40:34.000Z,0.009447082877159119,0.10883580148220062,71325295,R1.2900.11955.0
2025-01-20T05:40:34.500Z,0.023989517241716385,0.10883580148220062,51214531,R1.2900.11955.0
2025-01-20T05:40:35.000Z,0.02881052903831005,0.10883580148220062,72154411,R1.2900.11955.0
2025-01-20T05:40:35.500Z,0.009387393482029438,0.10883580148220062,71908906,R1.2900.11955.0
2025-01-20T05:40:36.000Z,0.01018101442605257,0.10883580148220062,51214531,R1.2900.11955.0
2025-01-20T05:40:36.500Z,0.02258148230612278,0.10883580148220062,72154411,R1.2900.11955.0
2025-01-20T05:40:37.000Z,0.014657920226454735,0.10883580148220062,51214531,R1.2900.11955.0
2025-01-20T05:40:37.500Z,0.035938091576099396,0.10883580148220062,21204713,R1.0697.5199.0
2025-01-20T05:40:38.000Z,0.01736404560506344,0.10883580148220062,71567810,R1.2900.11955.0
2025-01-20T05:40:38.500Z,0.014193419367074966,0.10883580148220062,71325295,R1.2900.11955.0
2025-01-20T05:40:39.000Z,0.021763276308774948,0.10883580148220062,21212835,R1.2172.7737.0
2025-01-20T05:40:39.500Z,0.03417998179793358,0.10883580148220062,21212835,R1.2172.7737.0
2025-01-20T05:40:40.000Z,0.01887335628271103,0.10883580148220062,51214531,R1.2900.11955.0
2025-01-20T05:40:40.500Z,0.025853881612420082,0.10883580148220062,21204713,R1.0697.5199.0
2025-01-20T05:40:41.000Z,0.04180695489048958,0.10883580148220062,51214531,R1.2900.11955.0
2025-01-20T05:40:41.500Z,0.012682191096246243,0.10883580148220062,51214531,R1.2900.11955.0
2025-01-20T05:40:42.000Z,0.025025175884366035,0.10883580148220062,40237728,R1.3027.11698.0
2025-01-20T05:40:42.500Z,0.019310059025883675,0.10883580148220062,72154411,R1.2900.11955.0
2025-01-20T05:40:43.000Z,0.02808322012424469,0.10883580148220062,72154411,R1.2900.11955.0
2025-01-20T05:40:43.500Z,0.02303910069167614,0.10883580148220062,72154411,R1.2900.11955.0
2025-01-20T05:40:44.000Z,0.007178124040365219,0.10883580148220062,40237728,R1.3027.11698.0
2025-01-20T05:40:44.500Z,0.023916317149996758,0.10883580148220062,71908906,R1.2900.11955.0
2025-01-20T05:40:45.000Z,0.012874329462647438,0.10883580148220062,72154411,R1.2900.11955.0
2025-01-20T05:40:45.500Z,0.0216523464769125,0.10883580148220062,71567810,R1.2900.11955.0
2025-01-20T05:40:46.000Z,0.019025633111596107,0.10883580148220062,40237728,R1.3027.11698.0
2025-01-20T05:40:46.500Z,0.023508364334702492,0.10883580148220062,21204713,R1.0697.5199.0
2025-01-20T05:40:47.000Z,0.01684051752090454,0.10883580148220062,72359026,R1.2900.11955.0
2025-01-20T05:40:47.500Z,0.048352908343076706,0.10883580148220062,21204713,R1.0697.5199.0
2025-01-20T05:40:48.000Z,0.028436418622732162,0.10883580148220062,21212835,R1.2172.7737.0
2025-01-20T05:40:48.500Z,0.016555288806557655,0.10883580148220062,71325295,R1.2900.11955.0
2025-01-20T05:40:49.000Z,0.013458923436701298,0.10883580148220062,71567810,R1.2900.11955.0
2025-01-20T05:40:49.500Z,0.021128997206687927,0.10883580148220062,72154411,R1.2900.11955.0
2025-01-20T05:40:50.000Z,0.02530718594789505,0.10883580148220062,71567810,R1.2900.11955.0
2025-01-20T05:40:50.500Z,0.013331838883459568,0.10883580148220062,21204713,R1.0697.5199.0
2025-01-20T05:40:51.000Z,0.017633821815252304,0.10883580148220062,40237728,R1.3027.11698.0
2025-01-20T05:40:51.500Z,0.009197240695357323,0.10883580148220062,72154411,R1.2900.11955.0
2025-01-20T05:40:52.000Z,0.04748724028468132,0.10883580148220062,72359026,R1.2900.11955.0
2025-01-20T05:40:52.500Z,0.018254859372973442,0.10883580148220062,21204713,R1.0697.5199.0
2025-01-20T05:40:53.000Z,0.014257799834012985,0.10883580148220062,72154411,R1.2900.11955.0
2025-01-20T05:40:53.500Z,0.013667113147675991,0.10883580148220062,71567810,R1.2900.11955.0
2025-01-20T05:40:54.000Z,0.012355799786746502,0.10883580148220062,51214531,R1.2900.11955.0
2025-01-20T05:40:54.500Z,0.023997487500309944,0.10883580148220062,71908906,R1.2900.11955.0
2025-01-20T05:40:55.000Z,0.032312072813510895,0.10883580148220062,51214531,R1.2900.11955.0
2025-01-20T05:40:55.500Z,0.03912048786878586,0.10883580148220062,21212835,R1.2172.7737.0
2025-01-20T05:40:56.000Z,0.01865253411233425,0.10883580148220062,51214531,R1.2900.11955.0
2025-01-20T05:40:56.500Z,0.02436862699687481,0.10883580148220062,40220017,R1.3027.11698.0
2025-01-20T05:40:57.000Z,0.021189887076616287,0.10883580148220062,71567810,R1.2900.11955.0
2025-01-20T05:40:57.500Z,0.022082315757870674,0.10883580148220062,51214531,R1.2900.11955.0
2025-01-20T05:40:58.000Z,0.019117197021842003,0.10883580148220062,40220017,R1.3027.11698.0
2025-01-20T05:40:58.500Z,0.022436844184994698,0.10883580148220062,72359026,R1.2900.11955.0
2025-01-20T05:40:59.000Z,0.014731132425367832,0.10883580148220062,21212835,R1.2172.7737.0
2025-01-20T05:40:59.500Z,0.03611842170357704,0.10883580148220062,71908906,R1.2900.11955.0
2025-01-20T05:41:00.000Z,0.018846960738301277,0.10883580148220062,21212835,R1.2172.7737.0
2025-01-20T05:41:00.500Z,0.021514836698770523,0.10883580148220062,71908906,R1.2900.11955.0
2025-01-20T05:41:01.000Z,0.013773586601018906,0.10883580148220062,71567810,R1.2900.11955.0
2025-01-20T05:41:01.500Z,0.027722248807549477,0.10883580148220062,72154411,R1.2900.11955.0
2025-01-20T05:41:02.000Z,0.0307626910507679,0.10883580148220062,40237728,R1.3027.11698.0
2025-01-20T05:41:02.500Z,0.009805344045162201,0.10883580148220062,71908906,R1.2900.11955.0
2025-01-20T05:41:03.000Z,0.005193038377910852,0.10883580148220062,21204713,R1.0697.5199.0
2025-01-20T05:41:03.500Z,0.006824582815170288,0.10883580148220062,72359026,R1.2900.11955.0
2025-01-20T05:41:04.000Z,0.030127044767141342,0.10883580148220062,21204713,R1.0697.5199.0
2025-01-20T05:41:04.500Z,0.02718016691505909,0.10883580148220062,51214531,R1.2900.11955.0
2025-01-20T05:41:05.000Z,0.016280103474855423,0.10883580148220062,72359026,R1.2900.11955.0
2025-01-20T05:41:05.500Z,0.02515736036002636,0.10883580148220062,51214531,R1.2900.11955.0
2025-01-20T05:41:06.000Z,0.0301310233771801,0.10883580148220062,71908906,R1.2900.11955.0
2025-01-20T05:41:06.500Z,0.044023312628269196,0.10883580148220062,51214531,R1.2900.11955.0
2025-01-20T05:41:07.000Z,0.017451096326112747,0.10883580148220062,71567810,R1.2900.11955.0
2025-01-20T05:41:07.500Z,0.013213783502578735,0.10883580148220062,40237728,R1.3027.11698.0
2025-01-20T05:41:08.000Z,0.02608359418809414,0.10883580148220062,21204713,R1.0697.5199.0
2025-01-20T05:41:08.500Z,0.008707300759851933,0.10883580148220062,72154411,R1.2900.11955.0
2025-01-20T05:41:09.000Z,0.01746436022222042,0.10883580148220062,51214531,R1.2900.11955.0
2025-01-20T05:41:09.500Z,0.019641390070319176,0.10883580148220062,72154411,R1.2900.11955.0
2025-01-20T05:41:10.000Z,0.015434568747878075,0.10883580148220062,51214531,R1.2900.11955.0
2025-01-20T05:41:10.500Z,0.01776880770921707,0.10883580148220062,40237728,R1.3027.11698.0
2025-01-20T05:41:11.000Z,0.018114358186721802,0.10883580148220062,21204713,R1.0697.5199.0
2025-01-20T05:41:11.500Z,0.012647834606468678,0.10883580148220062,40237728,R1.3027.11698.0
2025-01-20T05:41:12.000Z,0.012653140351176262,0.10883580148220062,71325295,R1.2900.11955.0
2025-01-20T05:41:12.500Z,0.024273857474327087,0.10883580148220062,21204713,R1.0697.5199.0
2025-01-20T05:41:13.000Z,0.022931987419724464,0.10883580148220062,21204713,R1.0697.5199.0
2025-01-20T05:41:13.500Z,0.0031620278023183346,0.10883580148220062,72154411,R1.2900.11955.0
2025-01-20T05:41:14.000Z,0.009863915853202343,0.10883580148220062,71325295,R1.2900.11955.0
2025-01-20T05:41:14.500Z,0.009481641463935375,0.10883580148220062,72154411,R1.2900.11955.0
2025-01-20T05:41:15.000Z,0.03661438450217247,0.10883580148220062,51214531,R1.2900.11955.0
2025-01-20T05:41:15.500Z,0.04843539372086525,0.10883580148220062,51214531,R1.2900.11955.0
2025-01-20T05:41:16.000Z,0.028604939579963684,0.10883580148220062,21204713,R1.0697.5199.0
2025-01-20T05:41:16.500Z,0.031069155782461166,0.10883580148220062,21204713,R1.0697.5199.0
2025-01-20T05:41:17.000Z,0.02546943537890911,0.10883580148220062,40220017,R1.3027.11698.0
2025-01-20T05:41:17.500Z,0.02061479352414608,0.10883580148220062,72154411,R1.2900.11955.0
2025-01-20T05:41:18.000Z,0.0195840522646904,0.10883580148220062,72359026,R1.2900.11955.0
2025-01-20T05:41:18.500Z,0.015595821663737297,0.10883580148220062,71325295,R1.2900.11955.0
2025-01-20T05:41:19.000Z,0.01635056361556053,0.10883580148220062,21204713,R1.0697.5199.0
2025-01-20T05:41:19.500Z,0.011723567731678486,0.10883580148220062,72154411,R1.2900.11955.0
2025-01-20T05:41:20.000Z,0.01488175243139267,0.10883580148220062,72154411,R1.2900.11955.0
2025-01-20T05:41:20.500Z,0.029639678075909615,0.10883580148220062,21212835,R1.2172.7737.0
2025-01-20T05:41:21.000Z,0.03883087635040283,0.10883580148220062,21204713,R1.0697.5199.0
2025-01-20T05:41:21.500Z,0.02605445683002472,0.10883580148220062,72154411,R1.2900.11955.0
2025-01-20T05:41:22.000Z,0.01174926944077015,0.10883580148220062,21212835,R1.2172.7737.0
2025-01-20T05:41:22.500Z,0.007797769736498594,0.10883580148220062,21212835,R1.2172.7737.0
2025-01-20T05:41:23.000Z,0.010315701365470886,0.10883580148220062,72359026,R1.2900.11955.0
2025-01-20T05:41:23.500Z,0.027490606531500816,0.10883580148220062,51214531,R1.2900.11955.0
2025-01-20T05:41:24.000Z,0.021099578589200974,0.10883580148220062,21204713,R1.0697.5199.0
2025-01-20T05:41:24.500Z,0.031293291598558426,0.10883580148220062,21204713,R1.0697.5199.0
2025-01-20T05:41:25.000Z,0.030712870880961418,0.10883580148220062,21212835,R1.2172.7737.0
2025-01-20T05:41:25.500Z,0.013393530622124672,0.10883580148220062,71908906,R1.2900.11955.0
2025-01-20T05:41:26.000Z,0.03605089709162712,0.10883580148220062,71325295,R1.2900.11955.0
2025-01-20T05:41:26.500Z,0.00290148938074708,0.10883580148220062,40220017,R1.3027.11698.0
2025-01-20T05:41:27.000Z,0.017328893765807152,0.10883580148220062,21204713,R1.0697.5199.0
2025-01-20T05:41:27.500Z,0.0157918781042099,0.10883580148220062,71567810,R1.2900.11955.0
2025-01-20T05:41:28.000Z,0.02249019965529442,0.10883580148220062,40237728,R1.3027.11698.0
2025-01-20T05:41:28.500Z,0.04174067825078964,0.10883580148220062,21212835,R1.2172.7737.0
2025-01-20T05:41:29.000Z,0.017708715051412582,0.10883580148220062,71567810,R1.2900.11955.0
2025-01-20T05:41:29.500Z,0.022816097363829613,0.10883580148220062,40220017,R1.3027.11698.0
2025-01-20T05:41:30.000Z,0.014149551279842854,0.10883580148220062,51214531,R1.2900.11955.0
2025-01-20T05:41:30.500Z,0.041519466787576675,0.10883580148220062,21212835,R1.2172.7737.0
2025-01-20T05:41:31.000Z,0.0152243971824646,0.10883580148220062,72154411,R1.2900.11955.0
2025-01-20T05:41:31.500Z,0.015915555879473686,0.10883580148220062,71567810,R1.2900.11955.0
2025-01-20T05:41:32.000Z,0.01763193868100643,0.10883580148220062,71567810,R1.2900.11955.0
2025-01-20T05:41:32.500Z,0.010574494488537312,0.10883580148220062,72154411,R1.2900.11955.0
2025-01-20T05:41:33.000Z,0.02521967515349388,0.10883580148220062,72154411,R1.2900.11955.0
2025-01-20T05:41:33.500Z,0.030240321531891823,0.10883580148220062,21204713,R1.0697.5199.0
2025-01-20T05:41:34.000Z,0.02807161584496498,0.10883580148220062,51214531,R1.2900.11955.0
2025-01-20T05:41:34.500Z,0.01907270774245262,0.10883580148220062,72154411,R1.2900.11955.0
2025-01-20T05:41:35.000Z,0.018190763890743256,0.10883580148220062,21212835,R1.2172.7737.0
2025-01-20T05:41:35.500Z,0.028192905709147453,0.10883580148220062,72154411,R1.2900.11955.0
2025-01-20T05:41:36.000Z,0.03381906822323799,0.10883580148220062,40237728,R1.3027.11698.0
2025-01-20T05:41:36.500Z,0.022692784667015076,0.10883580148220062,40220017,R1.3027.11698.0
2025-01-20T05:41:37.000Z,0.016239063814282417,0.10883580148220062,71567810,R1.2900.11955.0
2025-01-20T05:41:37.500Z,0.03586365282535553,0.10883580148220062,72154411,R1.2900.11955.0
2025-01-20T05:41:38.000Z,0.00784738827496767,0.10883580148220062,21204713,R1.0697.5199.0
2025-01-20T05:41:38.500Z,0.022700579836964607,0.10883580148220062,40220017,R1.3027.11698.0
2025-01-20T05:41:39.000Z,0.013345212675631046,0.10883580148220062,40220017,R1.3027.11698.0
2025-01-20T05:41:39.500Z,0.037864480167627335,0.10883580148220062,21212835,R1.2172.7737.0
2025-01-20T05:41:40.000Z,0.03297362104058266,0.10883580148220062,71908906,R1.2900.11955.0
2025-01-20T05:41:40.500Z,0.023430110886693,0.10883580148220062,72154411,R1.2900.11955.0
2025-01-20T05:41:41.000Z,0.016835279762744904,0.10883580148220062,21204713,R1.0697.5199.0
2025-01-20T05:41:41.500Z,0.028102092444896698,0.10883580148220062,21204713,R1.0697.5199.0
2025-01-20T05:41:42.000Z,0.032649654895067215,0.10883580148220062,72154411,R1.2900.11955.0
2025-01-20T05:41:42.500Z,0.026120945811271667,0.10883580148220062,71325295,R1.2900.11955.0
2025-01-20T05:41:43.000Z,0.04163893312215805,0.10883580148220062,72154411,R1.2900.11955.0
2025-01-20T05:41:43.500Z,-0.00021405507868621498,0.10883580148220062,40220017,R1.3027.11698.0
2025-01-20T05:41:44.000Z,0.010815133340656757,0.10883580148220062,72154411,R1.2900.11955.0
2025-01-20T05:41:44.500Z,0.02971222624182701,0.10883580148220062,21212835,R1.2172.7737.0
2025-01-20T05:41:45.000Z,0.023951895534992218,0.10883580148220062,21204713,R1.0697.5199.0
2025-01-20T05:41:45.500Z,0.026565589010715485,0.10883580148220062,21212835,R1.2172.7737.0
2025-01-20T05:41:46.000Z,0.02436920814216137,0.10883580148220062,71908906,R1.2900.11955.0
2025-01-20T05:41:46.500Z,0.02363697998225689,0.10883580148220062,21212835,R1.2172.7737.0
2025-01-20T05:41:47.000Z,0.040642160922288895,0.10883580148220062,71908906,R1.2900.11955.0
2025-01-20T05:41:47.500Z,0.027972683310508728,0.10883580148220062,21212835,R1.2172.7737.0
2025-01-20T05:41:48.000Z,0.021741079166531563,0.10883580148220062,21212835,R1.2172.7737.0
2025-01-20T05:41:48.500Z,0.011940361000597477,0.10883580148220062,71908906,R1.2900.11955.0
2025-01-20T05:41:49.000Z,0.012229762971401215,0.10883580148220062,71325295,R1.2900.11955.0
2025-01-20T05:41:49.500Z,0.02012842334806919,0.10883580148220062,40237728,R1.3027.11698.0
2025-01-20T05:41:50.000Z,0.014078187756240368,0.10883580148220062,72154411,R1.2900.11955.0
2025-01-20T05:41:50.500Z,0.03373660519719124,0.10883580148220062,72359026,R1.2900.11955.0
2025-01-20T05:41:51.000Z,0.013948597945272923,0.10883580148220062,40220017,R1.3027.11698.0
2025-01-20T05:41:51.500Z,0.023272816091775894,0.10883580148220062,21204713,R1.0697.5199.0
2025-01-20T05:41:52.000Z,0.024726618081331253,0.10883580148220062,51214531,R1.2900.11955.0
2025-01-20T05:41:52.500Z,0.022302523255348206,0.10883580148220062,51214531,R1.2900.11955.0
2025-01-20T05:41:53.000Z,0.03175365552306175,0.10883580148220062,21212835,R1.2172.7737.0
2025-01-20T05:41:53.500Z,0.020454274490475655,0.10883580148220062,40237728,R1.3027.11698.0
2025-01-20T05:41:54.000Z,0.01731881871819496,0.10883580148220062,21204713,R1.0697.5199.0
2025-01-20T05:41:54.500Z,0.015220276080071926,0.10883580148220062,71908906,R1.2900.11955.0
2025-01-20T05:41:55.000Z,0.01520367432385683,0.10883580148220062,40237728,R1.3027.11698.0
2025-01-20T05:41:55.500Z,0.012022215873003006,0.10883580148220062,21204713,R1.0697.5199.0
2025-01-20T05:41:56.000Z,0.06104455515742302,0.10883580148220062,21204713,R1.0697.5199.0
2025-01-20T05:41:56.500Z,0.026110418140888214,0.10883580148220062,21204713,R1.0697.5199.0
2025-01-20T05:41:57.000Z,0.028967129066586494,0.10883580148220062,51214531,R1.2900.11955.0
2025-01-20T05:41:57.500Z,0.01546784583479166,0.10883580148220062,72154411,R1.2900.11955.0
2025-01-20T05:41:58.000Z,0.021355580538511276,0.10883580148220062,71567810,R1.2900.11955.0
2025-01-20T05:41:58.500Z,0.009080614894628525,0.10883580148220062,71325295,R1.2900.11955.0
2025-01-20T05:41:59.000Z,0.038614287972450256,0.10883580148220062,40237728,R1.3027.11698.0
2025-01-20T05:41:59.500Z,0.027944181114435196,0.10883580148220062,40237728,R1.3027.11698.0
2025-01-20T05:42:00.000Z,0.022491412237286568,0.10883580148220062,21204713,R1.0697.5199.0
2025-01-20T05:42:00.500Z,0.03176289424300194,0.10883580148220062,71325295,R1.2900.11955.0
2025-01-20T05:42:01.000Z,0.01414710283279419,0.10883580148220062,71567810,R1.2900.11955.0
2025-01-20T05:42:01.500Z,0.017386769875884056,0.10883580148220062,40237728,R1.3027.11698.0
2025-01-20T05:42:02.000Z,0.031195731833577156,0.10883580148220062,21212835,R1.2172.7737.0
2025-01-20T05:42:02.500Z,0.02942785620689392,0.10883580148220062,51214531,R1.2900.11955.0
2025-01-20T05:42:03.000Z,0.013880177401006222,0.10883580148220062,40237728,R1.3027.11698.0
2025-01-20T05:42:03.500Z,0.02652123011648655,0.10883580148220062,72359026,R1.2900.11955.0
2025-01-20T05:42:04.000Z,0.018224621191620827,0.10883580148220062,51214531,R1.2900.11955.0
2025-01-20T05:42:04.500Z,0.018105292692780495,0.10883580148220062,71908906,R1.2900.11955.0
2025-01-20T05:42:05.000Z,0.01877485401928425,0.10883580148220062,21204713,R1.0697.5199.0
2025-01-20T05:42:05.500Z,0.021576914936304092,0.10883580148220062,21204713,R1.0697.5199.0
2025-01-20T05:42:06.000Z,0.028127489611506462,0.10883580148220062,71567810,R1.2900.11955.0
2025-01-20T05:42:06.500Z,0.03774643316864967,0.10883580148220062,21204713,R1.0697.5199.0
2025-01-20T05:42:07.000Z,0.03399638086557388,0.10883580148220062,72154411,R1.2900.11955.0
2025-01-20T05:42:07.500Z,0.04155123606324196,0.10883580148220062,40237728,R1.3027.11698.0
2025-01-20T05:42:08.000Z,0.017276044934988022,0.10883580148220062,72154411,R1.2900.11955.0
2025-01-20T05:42:08.500Z,0.012351146899163723,0.10883580148220062,71325295,R1.2900.11955.0
2025-01-20T05:42:09.000Z,0.023095760494470596,0.10883580148220062,72359026,R1.2900.11955.0
2025-01-20T05:42:09.500Z,0.022629333660006523,0.10883580148220062,21204713,R1.0697.5199.0
2025-01-20T05:42:10.000Z,0.015093542635440826,0.10883580148220062,71567810,R1.2900.11955.0
2025-01-20T05:42:10.500Z,0.05593640357255936,0.10883580148220062,21212835,R1.2172.7737.0
2025-01-20T05:42:11.000Z,0.026686573401093483,0.10883580148220062,71908906,R1.2900.11955.0
2025-01-20T05:42:11.500Z,0.010035493411123753,0.10883580148220062,51214531,R1.2900.11955.0
2025-01-20T05:42:12.000Z,0.020941229537129402,0.10883580148220062,21212835,R1.2172.7737.0
2025-01-20T05:42:12.500Z,0.017952673137187958,0.10883580148220062,21204713,R1.0697.5199.0
2025-01-20T05:42:13.000Z,0.055972397327423096,0.10883580148220062,21212835,R1.2172.7737.0
2025-01-20T05:42:13.500Z,0.01097011100500822,0.10883580148220062,71325295,R1.2900.11955.0
2025-01-20T05:42:14.000Z,0.04165325686335564,0.10883580148220062,71325295,R1.2900.11955.0
2025-01-20T05:42:14.500Z,0.01787477359175682,0.10883580148220062,51214531,R1.2900.11955.0
2025-01-20T05:42:15.000Z,0.015121364034712315,0.10883580148220062,71325295,R1.2900.11955.0
2025-01-20T05:42:15.500Z,0.013876283541321754,0.10883580148220062,40237728,R1.3027.11698.0
2025-01-20T05:42:16.000Z,0.03865742310881615,0.10883580148220062,21212835,R1.2172.7737.0
2025-01-20T05:42:16.500Z,0.025908663868904114,0.10883580148220062,21212835,R1.2172.7737.0
2025-01-20T05:42:17.000Z,0.03859324008226395,0.10883580148220062,40237728,R1.3027.11698.0
2025-01-20T05:42:17.500Z,0.012986485846340656,0.10883580148220062,40237728,R1.3027.11698.0
2025-01-20T05:42:18.000Z,0.010497521609067917,0.10883580148220062,72154411,R1.2900.11955.0
2025-01-20T05:42:18.500Z,0.020816706120967865,0.10883580148220062,72359026,R1.2900.11955.0
2025-01-20T05:42:19.000Z,0.028474481776356697,0.10883580148220062,71908906,R1.2900.11955.0
2025-01-20T05:42:19.500Z,0.009701088070869446,0.10883580148220062,71325295,R1.2900.11955.0
2025-01-20T05:42:20.000Z,0.01606648601591587,0.10883580148220062,51214531,R1.2900.11955.0
2025-01-20T05:42:20.500Z,0.018624793738126755,0.10883580148220062,72154411,R1.2900.11955.0
2025-01-20T05:42:21.000Z,0.026566283777356148,0.10883580148220062,71908906,R1.2900.11955.0
2025-01-20T05:42:21.500Z,0.034286100417375565,0.10883580148220062,21204713,R1.0697.5199.0
2025-01-20T05:42:22.000Z,0.013233528472483158,0.10883580148220062,21204713,R1.0697.5199.0
2025-01-20T05:42:22.500Z,0.01825214922428131,0.10883580148220062,72359026,R1.2900.11955.0
2025-01-20T05:42:23.000Z,0.025313833728432655,0.10883580148220062,72154411,R1.2900.11955.0
2025-01-20T05:42:23.500Z,0.004582153167575598,0.10883580148220062,51214531,R1.2900.11955.0
2025-01-20T05:42:24.000Z,0.0306407380849123,0.10883580148220062,71567810,R1.2900.11955.0
2025-01-20T05:42:24.500Z,0.017131853848695755,0.10883580148220062,72154411,R1.2900.11955.0
2025-01-20T05:42:25.000Z,0.022950682789087296,0.10883580148220062,72154411,R1.2900.11955.0
2025-01-20T05:42:25.500Z,0.006920809857547283,0.10883580148220062,40220017,R1.3027.11698.0
2025-01-20T05:42:26.000Z,0.027135364711284637,0.10883580148220062,51214531,R1.2900.11955.0
2025-01-20T05:42:26.500Z,0.006448563188314438,0.10883580148220062,71567810,R1.2900.11955.0
2025-01-20T05:42:27.000Z,0.02391987480223179,0.10883580148220062,72154411,R1.2900.11955.0
2025-01-20T05:42:27.500Z,0.01521452609449625,0.10883580148220062,71325295,R1.2900.11955.0
2025-01-20T05:42:28.000Z,0.02333754673600197,0.10883580148220062,51214531,R1.2900.11955.0
2025-01-20T05:42:28.500Z,0.032108504325151443,0.10883580148220062,51214531,R1.2900.11955.0
2025-01-20T05:42:29.000Z,0.006657380610704422,0.10883580148220062,71325295,R1.2900.11955.0
2025-01-20T05:42:29.500Z,0.022178377956151962,0.10883580148220062,72154411,R1.2900.11955.0
2025-01-20T05:42:30.000Z,0.029443256556987762,0.10883580148220062,21212835,R1.2172.7737.0
2025-01-20T05:42:30.500Z,0.016563188284635544,0.10883580148220062,40237728,R1.3027.11698.0
2025-01-20T05:42:31.000Z,0.025097792968153954,0.10883580148220062,72154411,R1.2900.11955.0
2025-01-20T05:42:31.500Z,0.012318328022956848,0.10883580148220062,40220017,R1.3027.11698.0
2025-01-20T05:42:32.000Z,0.02245425432920456,0.10883580148220062,51214531,R1.2900.11955.0
2025-01-20T05:42:32.500Z,0.03278828412294388,0.10883580148220062,71567810,R1.2900.11955.0
2025-01-20T05:42:33.000Z,0.03406656160950661,0.10883580148220062,72359026,R1.2900.11955.0
2025-01-20T05:42:33.500Z,0.020153939723968506,0.10883580148220062,71908906,R1.2900.11955.0
2025-01-20T05:42:34.000Z,0.0055898684076964855,0.10883580148220062,51214531,R1.2900.11955.0
2025-01-20T05:42:34.500Z,0.02071230858564377,0.10883580148220062,72359026,R1.2900.11955.0
2025-01-20T05:42:35.000Z,0.04319518804550171,0.10883580148220062,21212835,R1.2172.7737.0
2025-01-20T05:42:35.500Z,0.02479870431125164,0.10883580148220062,40237728,R1.3027.11698.0
2025-01-20T05:42:36.000Z,0.0162475798279047,0.10883580148220062,21212835,R1.2172.7737.0
2025-01-20T05:42:36.500Z,0.02582252211868763,0.10883580148220062,21212835,R1.2172.7737.0
2025-01-20T05:42:37.000Z,0.01997973956167698,0.10883580148220062,71908906,R1.2900.11955.0
2025-01-20T05:42:37.500Z,0.01454400084912777,0.10883580148220062,21204713,R1.0697.5199.0
2025-01-20T05:42:38.000Z,0.020274197682738304,0.10883580148220062,21204713,R1.0697.5199.0
2025-01-20T05:42:38.500Z,0.021264871582388878,0.10883580148220062,71908906,R1.2900.11955.0
2025-01-20T05:42:39.000Z,0.014275441877543926,0.10883580148220062,40237728,R1.3027.11698.0
2025-01-20T05:42:39.500Z,0.010694543831050396,0.10883580148220062,21204713,R1.0697.5199.0
2025-01-20T05:42:40.000Z,0.00912860780954361,0.10883580148220062,72359026,R1.2900.11955.0
2025-01-20T05:42:40.500Z,0.0404813326895237,0.10883580148220062,21212835,R1.2172.7737.0
2025-01-20T05:42:41.000Z,0.020383000373840332,0.10883580148220062,72154411,R1.2900.11955.0
2025-01-20T05:42:41.500Z,0.03453122079372406,0.10883580148220062,71908906,R1.2900.11955.0
2025-01-20T05:42:42.000Z,0.02897285856306553,0.10883580148220062,71567810,R1.2900.11955.0
2025-01-20T05:42:42.500Z,0.008936546742916107,0.10883580148220062,21204713,R1.0697.5199.0
2025-01-20T05:42:43.000Z,0.0057829516008496284,0.10883580148220062,21212835,R1.2172.7737.0
2025-01-20T05:42:43.500Z,0.015571330673992634,0.10883580148220062,71325295,R1.2900.11955.0
2025-01-20T05:42:44.000Z,0.0278934296220541,0.10883580148220062,71908906,R1.2900.11955.0
2025-01-20T05:42:44.500Z,0.017857767641544342,0.10883580148220062,40237728,R1.3027.11698.0
2025-01-20T05:42:45.000Z,0.018545687198638916,0.10883580148220062,21212835,R1.2172.7737.0
2025-01-20T05:42:45.500Z,0.012295776046812534,0.10883580148220062,72359026,R1.2900.11955.0
2025-01-20T05:42:46.000Z,0.036283668130636215,0.10883580148220062,72154411,R1.2900.11955.0
2025-01-20T05:42:46.500Z,0.026604194194078445,0.10883580148220062,21212835,R1.2172.7737.0
2025-01-20T05:42:47.000Z,0.025115109980106354,0.10883580148220062,71567810,R1.2900.11955.0
2025-01-20T05:42:47.500Z,0.03952820599079132,0.10883580148220062,21204713,R1.0697.5199.0
2025-01-20T05:42:48.000Z,0.027263889089226723,0.10883580148220062,72154411,R1.2900.11955.0
2025-01-20T05:42:48.500Z,0.02856590785086155,0.10883580148220062,21212835,R1.2172.7737.0
2025-01-20T05:42:49.000Z,0.03704110532999039,0.10883580148220062,72154411,R1.2900.11955.0
2025-01-20T05:42:49.500Z,0.029002167284488678,0.10883580148220062,71908906,R1.2900.11955.0
2025-01-20T05:42:50.000Z,0.03362336382269859,0.10883580148220062,51214531,R1.2900.11955.0
2025-01-20T05:42:50.500Z,0.011562948115170002,0.10883580148220062,71567810,R1.2900.11955.0
2025-01-20T05:42:51.000Z,0.024190442636609077,0.10883580148220062,51214531,R1.2900.11955.0
2025-01-20T05:42:51.500Z,0.0352482944726944,0.10883580148220062,21212835,R1.2172.7737.0
2025-01-20T05:42:52.000Z,0.01943187601864338,0.10883580148220062,72154411,R1.2900.11955.0
2025-01-20T05:42:52.500Z,0.016393128782510757,0.10883580148220062,72359026,R1.2900.11955.0
2025-01-20T05:42:53.000Z,0.01809142902493477,0.10883580148220062,51214531,R1.2900.11955.0
2025-01-20T05:42:53.500Z,0.025598062202334404,0.10883580148220062,51214531,R1.2900.11955.0
2025-01-20T05:42:54.000Z,0.022858314216136932,0.10883580148220062,51214531,R1.2900.11955.0
2025-01-20T05:42:54.500Z,0.020698659121990204,0.10883580148220062,40237728,R1.3027.11698.0
2025-01-20T05:42:55.000Z,0.020558949559926987,0.10883580148220062,71567810,R1.2900.11955.0
2025-01-20T05:42:55.500Z,0.04561677947640419,0.10883580148220062,51214531,R1.2900.11955.0
2025-01-20T05:42:56.000Z,0.022997308522462845,0.10883580148220062,51214531,R1.2900.11955.0
2025-01-20T05:42:56.500Z,0.011808522045612335,0.10883580148220062,40237728,R1.3027.11698.0
2025-01-20T05:42:57.000Z,0.012425705790519714,0.10883580148220062,71567810,R1.2900.11955.0
2025-01-20T05:42:57.500Z,0.02532706968486309,0.10883580148220062,72359026,R1.2900.11955.0
2025-01-20T05:42:58.000Z,0.03651416674256325,0.10883580148220062,72359026,R1.2900.11955.0
2025-01-20T05:42:58.500Z,0.020035987719893456,0.10883580148220062,40237728,R1.3027.11698.0
2025-01-20T05:42:59.000Z,0.025545749813318253,0.10883580148220062,71567810,R1.2900.11955.0
2025-01-20T05:42:59.500Z,0.027359234169125557,0.10883580148220062,71567810,R1.2900.11955.0
2025-01-20T05:43:00.000Z,0.03179892525076866,0.10883580148220062,21212835,R1.2172.7737.0
2025-01-20T05:43:00.500Z,0.0331239216029644,0.10883580148220062,21212835,R1.2172.7737.0
2025-01-20T05:43:01.000Z,0.020153934136033058,0.10883580148220062,71567810,R1.2900.11955.0
2025-01-20T05:43:01.500Z,0.01104375533759594,0.10883580148220062,51214531,R1.2900.11955.0
2025-01-20T05:43:02.000Z,0.021209001541137695,0.10883580148220062,71908906,R1.2900.11955.0
2025-01-20T05:43:02.500Z,0.02227165363729,0.10883580148220062,51214531,R1.2900.11955.0
2025-01-20T05:43:03.000Z,0.03181585669517517,0.10883580148220062,71325295,R1.2900.11955.0
2025-01-20T05:43:03.500Z,0.025130530819296837,0.10883580148220062,21212835,R1.2172.7737.0
2025-01-20T05:43:04.000Z,0.03400375321507454,0.10883580148220062,21212835,R1.2172.7737.0
2025-01-20T05:43:04.500Z,0.03805147483944893,0.10883580148220062,71325295,R1.2900.11955.0
2025-01-20T05:43:05.000Z,0.02287667617201805,0.10883580148220062,71325295,R1.2900.11955.0
2025-01-20T05:43:05.500Z,0.017696231603622437,0.10883580148220062,71908906,R1.2900.11955.0
2025-01-20T05:43:06.000Z,0.02490379847586155,0.10883580148220062,21212835,R1.2172.7737.0
2025-01-20T05:43:06.500Z,0.024182600900530815,0.10883580148220062,71908906,R1.2900.11955.0
2025-01-20T05:43:07.000Z,0.02584228850901127,0.10883580148220062,51214531,R1.2900.11955.0
2025-01-20T05:43:07.500Z,0.018919141963124275,0.10883580148220062,21204713,R1.0697.5199.0
2025-01-20T05:43:08.000Z,0.0338083952665329,0.10883580148220062,71567810,R1.2900.11955.0
2025-01-20T05:43:08.500Z,0.013466485776007175,0.10883580148220062,72154411,R1.2900.11955.0
2025-01-20T05:43:09.000Z,0.0061921230517327785,0.10883580148220062,71908906,R1.2900.11955.0
2025-01-20T05:43:09.500Z,0.036689311265945435,0.10883580148220062,51214531,R1.2900.11955.0
2025-01-20T05:43:10.000Z,0.021497685462236404,0.10883580148220062,51214531,R1.2900.11955.0
2025-01-20T05:43:10.500Z,0.02068343386054039,0.10883580148220062,21212835,R1.2172.7737.0
2025-01-20T05:43:11.000Z,0.021154038608074188,0.10883580148220062,71567810,R1.2900.11955.0
2025-01-20T05:43:11.500Z,0.009339261800050735,0.10883580148220062,71325295,R1.2900.11955.0
2025-01-20T05:43:12.000Z,0.04570520296692848,0.10883580148220062,40237728,R1.3027.11698.0
2025-01-20T05:43:12.500Z,0.015306052751839161,0.10883580148220062,21204713,R1.0697.5199.0
2025-01-20T05:43:13.000Z,0.04335019364953041,0.10883580148220062,21212835,R1.2172.7737.0
2025-01-20T05:43:13.500Z,0.01055720541626215,0.10883580148220062,21212835,R1.2172.7737.0
2025-01-20T05:43:14.000Z,0.01865290477871895,0.10883580148220062,71908906,R1.2900.11955.0
2025-01-20T05:43:14.500Z,0.023203788325190544,0.10883580148220062,71908906,R1.2900.11955.0
2025-01-20T05:43:15.000Z,0.024944502860307693,0.10883580148220062,40237728,R1.3027.11698.0
2025-01-20T05:43:15.500Z,0.02218838781118393,0.10883580148220062,21204713,R1.0697.5199.0
2025-01-20T05:43:16.000Z,0.02320086769759655,0.10883580148220062,72359026,R1.2900.11955.0
2025-01-20T05:43:16.500Z,0.01846892386674881,0.10883580148220062,72359026,R1.2900.11955.0
2025-01-20T05:43:17.000Z,0.02086697891354561,0.10883580148220062,21212835,R1.2172.7737.0
2025-01-20T05:43:17.500Z,0.03406444191932678,0.10883580148220062,21204713,R1.0697.5199.0
2025-01-20T05:43:18.000Z,0.011782964691519737,0.10883580148220062,21212835,R1.2172.7737.0
2025-01-20T05:43:18.500Z,0.02920990251004696,0.10883580148220062,21212835,R1.2172.7737.0
2025-01-20T05:43:19.000Z,0.030366621911525726,0.10883580148220062,21212835,R1.2172.7737.0
2025-01-20T05:43:19.500Z,0.03355875983834267,0.10883580148220062,21204713,R1.0697.5199.0
2025-01-20T05:43:20.000Z,0.028432272374629974,0.10883580148220062,71325295,R1.2900.11955.0
2025-01-20T05:43:20.500Z,0.04270455986261368,0.10883580148220062,21212835,R1.2172.7737.0
2025-01-20T05:43:21.000Z,0.020014531910419464,0.10883580148220062,71908906,R1.2900.11955.0
2025-01-20T05:43:21.500Z,0.010739448480308056,0.10883580148220062,71908906,R1.2900.11955.0
2025-01-20T05:43:22.000Z,0.029414735734462738,0.10883580148220062,71567810,R1.2900.11955.0
2025-01-20T05:43:22.500Z,0.015121448785066605,0.10883580148220062,72359026,R1.2900.11955.0
2025-01-20T05:43:23.000Z,0.025817746296525,0.10883580148220062,21204713,R1.0697.5199.0
2025-01-20T05:43:23.500Z,0.030636819079518318,0.10883580148220062,21212835,R1.2172.7737.0
2025-01-20T05:43:24.000Z,0.021417196840047836,0.10883580148220062,51214531,R1.2900.11955.0
2025-01-20T05:43:24.500Z,0.009355379268527031,0.10883580148220062,72359026,R1.2900.11955.0
2025-01-20T05:43:25.000Z,0.015322746708989143,0.10883580148220062,71908906,R1.2900.11955.0
2025-01-20T05:43:25.500Z,0.02394280396401882,0.10883580148220062,21204713,R1.0697.5199.0
2025-01-20T05:43:26.000Z,0.005573988892138004,0.10883580148220062,72154411,R1.2900.11955.0
2025-01-20T05:43:26.500Z,0.010606139898300171,0.10883580148220062,72359026,R1.2900.11955.0
2025-01-20T05:43:27.000Z,0.02750103920698166,0.10883580148220062,72359026,R1.2900.11955.0
2025-01-20T05:43:27.500Z,0.017789095640182495,0.10883580148220062,71325295,R1.2900.11955.0
2025-01-20T05:43:28.000Z,0.04207797348499298,0.10883580148220062,21212835,R1.2172.7737.0
2025-01-20T05:43:28.500Z,0.03117533028125763,0.10883580148220062,71325295,R1.2900.11955.0
2025-01-20T05:43:29.000Z,0.025534482672810555,0.10883580148220062,21212835,R1.2172.7737.0
2025-01-20T05:43:29.500Z,0.0169754009693861,0.10883580148220062,71567810,R1.2900.11955.0
2025-01-20T05:43:30.000Z,0.020845428109169006,0.10883580148220062,51214531,R1.2900.11955.0
2025-01-20T05:43:30.500Z,0.032266583293676376,0.10883580148220062,72359026,R1.2900.11955.0
2025-01-20T05:43:31.000Z,0.01685185171663761,0.10883580148220062,72359026,R1.2900.11955.0
2025-01-20T05:43:31.500Z,0.04627527296543121,0.10883580148220062,71325295,R1.2900.11955.0
2025-01-20T05:43:32.000Z,0.018605949357151985,0.10883580148220062,71908906,R1.2900.11955.0
2025-01-20T05:43:32.500Z,0.01219759788364172,0.10883580148220062,71908906,R1.2900.11955.0
2025-01-20T05:43:33.000Z,0.04099002107977867,0.10883580148220062,40220017,R1.3027.11698.0
2025-01-20T05:43:33.500Z,0.019781136885285378,0.10883580148220062,51214531,R1.2900.11955.0
2025-01-20T05:43:34.000Z,0.01774245873093605,0.10883580148220062,40220017,R1.3027.11698.0
2025-01-20T05:43:34.500Z,0.00943569466471672,0.10883580148220062,51214531,R1.2900.11955.0
2025-01-20T05:43:35.000Z,0.016659317538142204,0.10883580148220062,21212835,R1.2172.7737.0
2025-01-20T05:43:35.500Z,0.029949812218546867,0.10883580148220062,40237728,R1.3027.11698.0
2025-01-20T05:43:36.000Z,0.03273553028702736,0.10883580148220062,40220017,R1.3027.11698.0
2025-01-20T05:43:36.500Z,0.024593856185674667,0.10883580148220062,71908906,R1.2900.11955.0
2025-01-20T05:43:37.000Z,0.015948833897709846,0.10883580148220062,51214531,R1.2900.11955.0
2025-01-20T05:43:37.500Z,0.013991073705255985,0.10883580148220062,21204713,R1.0697.5199.0
2025-01-20T05:43:38.000Z,0.024724960327148438,0.10883580148220062,51214531,R1.2900.11955.0
2025-01-20T05:43:38.500Z,0.012821068987250328,0.10883580148220062,71908906,R1.2900.11955.0
2025-01-20T05:43:39.000Z,0.03379867970943451,0.10883580148220062,72359026,R1.2900.11955.0
2025-01-20T05:43:39.500Z,0.02210823819041252,0.10883580148220062,71567810,R1.2900.11955.0
2025-01-20T05:43:40.000Z,0.040183424949645996,0.10883580148220062,21204713,R1.0697.5199.0
2025-01-20T05:43:40.500Z,0.03831271827220917,0.10883580148220062,21212835,R1.2172.7737.0
2025-01-20T05:43:41.000Z,0.03389674052596092,0.10883580148220062,71567810,R1.2900.11955.0
2025-01-20T05:43:41.500Z,0.012656412087380886,0.10883580148220062,21204713,R1.0697.5199.0
2025-01-20T05:43:42.000Z,0.018963661044836044,0.10883580148220062,21204713,R1.0697.5199.0
2025-01-20T05:43:42.500Z,0.03666919097304344,0.10883580148220062,72359026,R1.2900.11955.0
2025-01-20T05:43:43.000Z,0.014715422876179218,0.10883580148220062,51214531,R1.2900.11955.0
2025-01-20T05:43:43.500Z,0.021267520263791084,0.10883580148220062,71325295,R1.2900.11955.0
2025-01-20T05:43:44.000Z,0.03440497815608978,0.10883580148220062,72359026,R1.2900.11955.0
2025-01-20T05:43:44.500Z,0.03207755461335182,0.10883580148220062,72154411,R1.2900.11955.0
2025-01-20T05:43:45.000Z,0.030152777209877968,0.10883580148220062,71325295,R1.2900.11955.0
2025-01-20T05:43:45.500Z,0.02314385212957859,0.10883580148220062,51214531,R1.2900.11955.0
2025-01-20T05:43:46.000Z,0.022911321371793747,0.10883580148220062,71908906,R1.2900.11955.0
2025-01-20T05:43:46.500Z,0.02023695781826973,0.10883580148220062,40220017,R1.3027.11698.0
2025-01-20T05:43:47.000Z,0.0031299744732677937,0.10883580148220062,40220017,R1.3027.11698.0
2025-01-20T05:43:47.500Z,0.02451646700501442,0.10883580148220062,21204713,R1.0697.5199.0
2025-01-20T05:43:48.000Z,0.03514641150832176,0.10883580148220062,21204713,R1.0697.5199.0
2025-01-20T05:43:48.500Z,0.019417937844991684,0.10883580148220062,51214531,R1.2900.11955.0
2025-01-20T05:43:49.000Z,0.016222495585680008,0.10883580148220062,72154411,R1.2900.11955.0
2025-01-20T05:43:49.500Z,0.04078975319862366,0.10883580148220062,21212835,R1.2172.7737.0
2025-01-20T05:43:50.000Z,0.013210922479629517,0.10883580148220062,71325295,R1.2900.11955.0
2025-01-20T05:43:50.500Z,0.015500319190323353,0.10883580148220062,40220017,R1.3027.11698.0
2025-01-20T05:43:51.000Z,0.02991752326488495,0.10883580148220062,72154411,R1.2900.11955.0
2025-01-20T05:43:51.500Z,0.048707157373428345,0.10883580148220062,40237728,R1.3027.11698.0
2025-01-20T05:43:52.000Z,0.01578151434659958,0.10883580148220062,21204713,R1.0697.5199.0
2025-01-20T05:43:52.500Z,0.022675391286611557,0.10883580148220062,21212835,R1.2172.7737.0
2025-01-20T05:43:53.000Z,0.03368818387389183,0.10883580148220062,71325295,R1.2900.11955.0
2025-01-20T05:43:53.500Z,0.00960599072277546,0.10883580148220062,71908906,R1.2900.11955.0
2025-01-20T05:43:54.000Z,0.026251081377267838,0.10883580148220062,40220017,R1.3027.11698.0
2025-01-20T05:43:54.500Z,0.03222915530204773,0.10883580148220062,72359026,R1.2900.11955.0
2025-01-20T05:43:55.000Z,0.022963302209973335,0.10883580148220062,40237728,R1.3027.11698.0
2025-01-20T05:43:55.500Z,0.01623270846903324,0.10883580148220062,71567810,R1.2900.11955.0
2025-01-20T05:43:56.000Z,0.025176044553518295,0.10883580148220062,21212835,R1.2172.7737.0
2025-01-20T05:43:56.500Z,0.04942210391163826,0.10883580148220062,21204713,R1.0697.5199.0
2025-01-20T05:43:57.000Z,0.023708917200565338,0.10883580148220062,72359026,R1.2900.11955.0
2025-01-20T05:43:57.500Z,0.027866531163454056,0.10883580148220062,72359026,R1.2900.11955.0
2025-01-20T05:43:58.000Z,0.0412970632314682,0.10883580148220062,71567810,R1.2900.11955.0
2025-01-20T05:43:58.500Z,0.016355173662304878,0.10883580148220062,51214531,R1.2900.11955.0
2025-01-20T05:43:59.000Z,0.03252030909061432,0.10883580148220062,21212835,R1.2172.7737.0
2025-01-20T05:43:59.500Z,0.023953471332788467,0.10883580148220062,21212835,R1.2172.7737.0
2025-01-20T05:44:00.000Z,0.04430975764989853,0.10883580148220062,21204713,R1.0697.5199.0
2025-01-20T05:44:00.500Z,0.02092478610575199,0.10883580148220062,71325295,R1.2900.11955.0
2025-01-20T05:44:01.000Z,0.013180756941437721,0.10883580148220062,72154411,R1.2900.11955.0
2025-01-20T05:44:01.500Z,0.03982216492295265,0.10883580148220062,21204713,R1.0697.5199.0
2025-01-20T05:44:02.000Z,0.01301125343888998,0.10883580148220062,40237728,R1.3027.11698.0
2025-01-20T05:44:02.500Z,0.026381898671388626,0.10883580148220062,51214531,R1.2900.11955.0
2025-01-20T05:44:03.000Z,0.03350955992937088,0.10883580148220062,72359026,R1.2900.11955.0
2025-01-20T05:44:03.500Z,0.042753469198942184,0.10883580148220062,71325295,R1.2900.11955.0
2025-01-20T05:44:04.000Z,0.007566340733319521,0.10883580148220062,72359026,R1.2900.11955.0
2025-01-20T05:44:04.500Z,0.0066576795652508736,0.10883580148220062,72359026,R1.2900.11955.0
2025-01-20T05:44:05.000Z,0.026350580155849457,0.10883580148220062,71567810,R1.2900.11955.0
2025-01-20T05:44:05.500Z,0.027029136195778847,0.10883580148220062,40220017,R1.3027.11698.0
2025-01-20T05:44:06.000Z,0.01951063796877861,0.10883580148220062,71325295,R1.2900.11955.0
2025-01-20T05:44:06.500Z,0.029094720259308815,0.10883580148220062,21212835,R1.2172.7737.0
2025-01-20T05:44:07.000Z,0.014457114972174168,0.10883580148220062,72359026,R1.2900.11955.0
2025-01-20T05:44:07.500Z,0.02491343952715397,0.10883580148220062,51214531,R1.2900.11955.0
2025-01-20T05:44:08.000Z,0.014978880062699318,0.10883580148220062,71567810,R1.2900.11955.0
2025-01-20T05:44:08.500Z,0.012709144502878189,0.10883580148220062,72154411,R1.2900.11955.0
2025-01-20T05:44:09.000Z,0.009248382411897182,0.10883580148220062,71567810,R1.2900.11955.0
2025-01-20T05:44:09.500Z,0.027971014380455017,0.10883580148220062,40237728,R1.3027.11698.0
2025-01-20T05:44:10.000Z,0.01958501525223255,0.10883580148220062,72154411,R1.2900.11955.0
2025-01-20T05:44:10.500Z,0.01453953143209219,0.10883580148220062,71325295,R1.2900.11955.0
2025-01-20T05:44:11.000Z,0.03508548438549042,0.10883580148220062,40237728,R1.3027.11698.0
2025-01-20T05:44:11.500Z,0.02302301675081253,0.10883580148220062,40237728,R1.3027.11698.0
2025-01-20T05:44:12.000Z,0.012185714207589626,0.10883580148220062,72154411,R1.2900.11955.0
2025-01-20T05:44:12.500Z,0.0176579337567091,0.10883580148220062,51214531,R1.2900.11955.0
2025-01-20T05:44:13.000Z,0.024368057027459145,0.10883580148220062,72359026,R1.2900.11955.0
2025-01-20T05:44:13.500Z,0.023777198046445847,0.10883580148220062,51214531,R1.2900.11955.0
2025-01-20T05:44:14.000Z,0.030076617375016212,0.10883580148220062,71325295,R1.2900.11955.0
2025-01-20T05:44:14.500Z,0.025332288816571236,0.10883580148220062,71325295,R1.2900.11955.0
2025-01-20T05:44:15.000Z,0.03389738127589226,0.10883580148220062,21212835,R1.2172.7737.0
2025-01-20T05:44:15.500Z,0.023727647960186005,0.10883580148220062,72359026,R1.2900.11955.0
2025-01-20T05:44:16.000Z,0.02486526221036911,0.10883580148220062,40237728,R1.3027.11698.0
2025-01-20T05:44:16.500Z,0.024998674169182777,0.10883580148220062,51214531,R1.2900.11955.0
2025-01-20T05:44:17.000Z,0.009165159426629543,0.10883580148220062,71908906,R1.2900.11955.0
2025-01-20T05:44:17.500Z,0.02787928096950054,0.10883580148220062,51214531,R1.2900.11955.0
2025-01-20T05:44:18.000Z,0.023203926160931587,0.10883580148220062,40220017,R1.3027.11698.0
2025-01-20T05:44:18.500Z,0.022302180528640747,0.10883580148220062,72359026,R1.2900.11955.0
2025-01-20T05:44:19.000Z,0.0024933479726314545,0.10883580148220062,51214531,R1.2900.11955.0
2025-01-20T05:44:19.500Z,0.015476617030799389,0.10883580148220062,71908906,R1.2900.11955.0
2025-01-20T05:44:20.000Z,0.013459238223731518,0.10883580148220062,21212835,R1.2172.7737.0
2025-01-20T05:44:20.500Z,0.020854337140917778,0.10883580148220062,40220017,R1.3027.11698.0
2025-01-20T05:44:21.000Z,0.014250381849706173,0.10883580148220062,40237728,R1.3027.11698.0
2025-01-20T05:44:21.500Z,0.02751009352505207,0.10883580148220062,71325295,R1.2900.11955.0
2025-01-20T05:44:22.000Z,0.023578450083732605,0.10883580148220062,71567810,R1.2900.11955.0
2025-01-20T05:44:22.500Z,0.014225581660866737,0.10883580148220062,21204713,R1.0697.5199.0
2025-01-20T05:44:23.000Z,0.03174462541937828,0.10883580148220062,21212835,R1.2172.7737.0
2025-01-20T05:44:23.500Z,0.02308684214949608,0.10883580148220062,40237728,R1.3027.11698.0
2025-01-20T05:44:24.000Z,0.038371492177248,0.10883580148220062,40220017,R1.3027.11698.0
2025-01-20T05:44:24.500Z,0.021037736907601357,0.10883580148220062,40220017,R1.3027.11698.0
2025-01-20T05:44:25.000Z,0.024378301575779915,0.10883580148220062,71567810,R1.2900.11955.0
2025-01-20T05:44:25.500Z,0.02441602759063244,0.10883580148220062,71908906,R1.2900.11955.0
2025-01-20T05:44:26.000Z,0.03952411934733391,0.10883580148220062,21212835,R1.2172.7737.0
2025-01-20T05:44:26.500Z,0.006708104629069567,0.10883580148220062,51214531,R1.2900.11955.0
2025-01-20T05:44:27.000Z,0.018319573253393173,0.10883580148220062,51214531,R1.2900.11955.0
2025-01-20T05:44:27.500Z,0.028299594298005104,0.10883580148220062,72359026,R1.2900.11955.0
2025-01-20T05:44:28.000Z,0.03401133790612221,0.10883580148220062,21212835,R1.2172.7737.0
2025-01-20T05:44:28.500Z,0.022633645683526993,0.10883580148220062,21212835,R1.2172.7737.0
2025-01-20T05:44:29.000Z,0.028555268421769142,0.10883580148220062,72154411,R1.2900.11955.0
2025-01-20T05:44:29.500Z,0.005647085607051849,0.10883580148220062,21204713,R1.0697.5199.0
2025-01-20T05:44:30.000Z,0.02917873114347458,0.10883580148220062,71325295,R1.2900.11955.0
2025-01-20T05:44:30.500Z,0.04045277461409569,0.10883580148220062,40237728,R1.3027.11698.0
2025-01-20T05:44:31.000Z,0.017706455662846565,0.10883580148220062,21212835,R1.2172.7737.0
2025-01-20T05:44:31.500Z,0.020361216738820076,0.10883580148220062,72359026,R1.2900.11955.0
2025-01-20T05:44:32.000Z,0.014524339698255062,0.10883580148220062,72359026,R1.2900.11955.0
2025-01-20T05:44:32.500Z,0.015134349465370178,0.10883580148220062,71908906,R1.2900.11955.0
2025-01-20T05:44:33.000Z,0.00501028960570693,0.10883580148220062,40237728,R1.3027.11698.0
2025-01-20T05:44:33.500Z,0.019610794261097908,0.10883580148220062,21204713,R1.0697.5199.0
2025-01-20T05:44:34.000Z,0.052645061165094376,0.10883580148220062,21212835,R1.2172.7737.0
2025-01-20T05:44:34.500Z,0.023579219356179237,0.10883580148220062,71567810,R1.2900.11955.0
2025-01-20T05:44:35.000Z,0.035839688032865524,0.10883580148220062,21212835,R1.2172.7737.0
2025-01-20T05:44:35.500Z,0.02555041015148163,0.10883580148220062,71325295,R1.2900.11955.0
2025-01-20T05:44:36.000Z,0.008569114841520786,0.10883580148220062,40220017,R1.3027.11698.0
2025-01-20T05:44:36.500Z,0.023649977520108223,0.10883580148220062,71908906,R1.2900.11955.0
2025-01-20T05:44:37.000Z,0.025157365947961807,0.10883580148220062,21204713,R1.0697.5199.0
2025-01-20T05:44:37.500Z,0.019790932536125183,0.10883580148220062,72154411,R1.2900.11955.0
2025-01-20T05:44:38.000Z,0.020726772025227547,0.10883580148220062,21204713,R1.0697.5199.0
2025-01-20T05:44:38.500Z,0.027688948437571526,0.10883580148220062,21204713,R1.0697.5199.0
2025-01-20T05:44:39.000Z,0.01649610698223114,0.10883580148220062,21204713,R1.0697.5199.0
2025-01-20T05:44:39.500Z,0.016513459384441376,0.10883580148220062,40220017,R1.3027.11698.0
2025-01-20T05:44:40.000Z,0.028232788667082787,0.10883580148220062,71567810,R1.2900.11955.0
2025-01-20T05:44:40.500Z,0.009409909136593342,0.10883580148220062,71325295,R1.2900.11955.0
2025-01-20T05:44:41.000Z,0.022435566410422325,0.10883580148220062,40237728,R1.3027.11698.0
2025-01-20T05:44:41.500Z,0.01980230212211609,0.10883580148220062,21212835,R1.2172.7737.0
2025-01-20T05:44:42.000Z,0.02620556391775608,0.10883580148220062,51214531,R1.2900.11955.0
2025-01-20T05:44:42.500Z,0.024712927639484406,0.10883580148220062,51214531,R1.2900.11955.0
2025-01-20T05:44:43.000Z,0.021439632400870323,0.10883580148220062,72154411,R1.2900.11955.0
2025-01-20T05:44:43.500Z,0.014409215189516544,0.10883580148220062,72154411,R1.2900.11955.0
2025-01-20T05:44:44.000Z,0.017884472385048866,0.10883580148220062,21212835,R1.2172.7737.0
2025-01-20T05:44:44.500Z,0.03116696886718273,0.10883580148220062,21204713,R1.0697.5199.0
2025-01-20T05:44:45.000Z,0.01022016629576683,0.10883580148220062,40220017,R1.3027.11698.0
2025-01-20T05:44:45.500Z,0.03416666015982628,0.10883580148220062,72359026,R1.2900.11955.0
2025-01-20T05:44:46.000Z,0.02106170915067196,0.10883580148220062,72359026,R1.2900.11955.0
2025-01-20T05:44:46.500Z,0.010070351883769035,0.10883580148220062,21212835,R1.2172.7737.0
2025-01-20T05:44:47.000Z,0.027720514684915543,0.10883580148220062,72154411,R1.2900.11955.0
2025-01-20T05:44:47.500Z,0.01930171437561512,0.10883580148220062,71567810,R1.2900.11955.0
2025-01-20T05:44:48.000Z,0.010295769199728966,0.10883580148220062,40220017,R1.3027.11698.0
2025-01-20T05:44:48.500Z,0.01557836588472128,0.10883580148220062,21204713,R1.0697.5199.0
2025-01-20T05:44:49.000Z,0.014749635010957718,0.10883580148220062,51214531,R1.2900.11955.0
2025-01-20T05:44:49.500Z,0.019425151869654655,0.10883580148220062,21204713,R1.0697.5199.0
2025-01-20T05:44:50.000Z,0.019323548302054405,0.10883580148220062,71325295,R1.2900.11955.0
2025-01-20T05:44:50.500Z,0.004771871492266655,0.10883580148220062,21204713,R1.0697.5199.0
2025-01-20T05:44:51.000Z,0.029161076992750168,0.10883580148220062,71567810,R1.2900.11955.0
2025-01-20T05:44:51.500Z,0.023563073948025703,0.10883580148220062,40237728,R1.3027.11698.0
2025-01-20T05:44:52.000Z,0.024245070293545723,0.10883580148220062,71908906,R1.2900.11955.0
2025-01-20T05:44:52.500Z,0.010258062742650509,0.10883580148220062,71567810,R1.2900.11955.0
2025-01-20T05:44:53.000Z,0.02854836732149124,0.10883580148220062,40220017,R1.3027.11698.0
2025-01-20T05:44:53.500Z,0.022134093567728996,0.10883580148220062,72359026,R1.2900.11955.0
2025-01-20T05:44:54.000Z,0.026881352066993713,0.10883580148220062,21212835,R1.2172.7737.0
2025-01-20T05:44:54.500Z,0.03357941657304764,0.10883580148220062,71567810,R1.2900.11955.0
2025-01-20T05:44:55.000Z,0.024709073826670647,0.10883580148220062,72359026,R1.2900.11955.0
2025-01-20T05:44:55.500Z,0.016009774059057236,0.10883580148220062,51214531,R1.2900.11955.0
2025-01-20T05:44:56.000Z,0.03406641632318497,0.10883580148220062,21212835,R1.2172.7737.0
2025-01-20T05:44:56.500Z,0.037886716425418854,0.10883580148220062,40237728,R1.3027.11698.0
2025-01-20T05:44:57.000Z,0.030908962711691856,0.10883580148220062,21204713,R1.0697.5199.0
2025-01-20T05:44:57.500Z,0.0260409414768219,0.10883580148220062,72359026,R1.2900.11955.0
2025-01-20T05:44:58.000Z,0.02978498488664627,0.10883580148220062,71567810,R1.2900.11955.0
2025-01-20T05:44:58.500Z,0.01784360408782959,0.10883580148220062,71325295,R1.2900.11955.0
2025-01-20T05:44:59.000Z,0.021561244502663612,0.10883580148220062,21204713,R1.0697.5199.0
2025-01-20T05:44:59.500Z,0.019374750554561615,0.10883580148220062,71567810,R1.2900.11955.0
