trigger_time,trigger_epoch_s,coincidence_score,threshold,block_support_count_at_declared_ratio
2025-01-20T04:55:00.001Z,1737348900.0016,1.2290167808532715,1.3984489440917969,0
2025-01-20T04:55:00.501Z,1737348900.5016,1.0851011276245117,1.3984489440917969,0
2025-01-20T04:55:01.001Z,1737348901.0016,0.8850975036621094,1.3984489440917969,0
2025-01-20T04:55:01.501Z,1737348901.5016,0.9593389630317688,1.3984489440917969,0
2025-01-20T04:55:02.001Z,1737348902.0016,0.7664250135421753,1.3984489440917969,0
2025-01-20T04:55:02.501Z,1737348902.5016,0.869965672492981,1.3984489440917969,0
2025-01-20T04:55:03.001Z,1737348903.0016,0.8458156585693359,1.3984489440917969,0
2025-01-20T04:55:03.501Z,1737348903.5016,1.0371835231781006,1.3984489440917969,0
2025-01-20T04:55:04.001Z,1737348904.0016,0.8419821858406067,1.3984489440917969,0
2025-01-20T04:55:04.501Z,1737348904.5016,0.9390007257461548,1.3984489440917969,0
2025-01-20T04:55:05.001Z,1737348905.0016,1.154536485671997,1.3984489440917969,0
2025-01-20T04:55:05.501Z,1737348905.5016,0.8913694024085999,1.3984489440917969,0
2025-01-20T04:55:06.001Z,1737348906.0016,1.1506340503692627,1.3984489440917969,0
2025-01-20T04:55:06.501Z,1737348906.5016,0.9756351709365845,1.3984489440917969,0
2025-01-20T04:55:07.001Z,1737348907.0016,0.8406224250793457,1.3984489440917969,0
2025-01-20T04:55:07.501Z,1737348907.5016,1.1394896507263184,1.3984489440917969,0
2025-01-20T04:55:08.001Z,1737348908.0016,0.9673707485198975,1.3984489440917969,0
2025-01-20T04:55:08.501Z,1737348908.5016,1.292431354522705,1.3984489440917969,0
2025-01-20T04:55:09.001Z,1737348909.0016,0.978988766670227,1.3984489440917969,0
2025-01-20T04:55:09.501Z,1737348909.5016,0.7394940853118896,1.3984489440917969,0
2025-01-20T04:55:10.001Z,1737348910.0016,0.98637855052948,1.3984489440917969,0
2025-01-20T04:55:10.501Z,1737348910.5016,0.7579915523529053,1.3984489440917969,0
2025-01-20T04:55:11.001Z,1737348911.0016,0.9232403039932251,1.3984489440917969,0
2025-01-20T04:55:11.501Z,1737348911.5016,0.8856618404388428,1.3984489440917969,0
2025-01-20T04:55:12.001Z,1737348912.0016,0.8724676370620728,1.3984489440917969,0
2025-01-20T04:55:12.501Z,1737348912.5016,0.8090099096298218,1.3984489440917969,0
2025-01-20T04:55:13.001Z,1737348913.0016,0.935002326965332,1.3984489440917969,0
2025-01-20T04:55:13.501Z,1737348913.5016,0.8273752927780151,1.3984489440917969,0
2025-01-20T04:55:14.001Z,1737348914.0016,0.9374619126319885,1.3984489440917969,0
2025-01-20T04:55:14.501Z,1737348914.5016,0.8733198642730713,1.3984489440917969,0
2025-01-20T04:55:15.001Z,1737348915.0016,0.9391976594924927,1.3984489440917969,0
2025-01-20T04:55:15.501Z,1737348915.5016,0.9514648914337158,1.3984489440917969,0
2025-01-20T04:55:16.001Z,1737348916.0016,1.096470832824707,1.3984489440917969,0
2025-01-20T04:55:16.501Z,1737348916.5016,0.9564295411109924,1.3984489440917969,0
2025-01-20T04:55:17.001Z,1737348917.0016,1.2351990938186646,1.3984489440917969,0
2025-01-20T04:55:17.501Z,1737348917.5016,0.9666844010353088,1.3984489440917969,0
2025-01-20T04:55:18.001Z,1737348918.0016,1.2384510040283203,1.3984489440917969,0
2025-01-20T04:55:18.501Z,1737348918.5016,0.842100203037262,1.3984489440917969,0
2025-01-20T04:55:19.001Z,1737348919.0016,1.035976529121399,1.3984489440917969,0
2025-01-20T04:55:19.501Z,1737348919.5016,0.9471300840377808,1.3984489440917969,0
2025-01-20T04:55:20.001Z,1737348920.0016,1.3504598140716553,1.3984489440917969,0
2025-01-20T04:55:20.501Z,1737348920.5016,0.8571261167526245,1.3984489440917969,0
2025-01-20T04:55:21.001Z,1737348921.0016,0.7925147414207458,1.3984489440917969,0
2025-01-20T04:55:21.501Z,1737348921.5016,0.7816596031188965,1.3984489440917969,0
2025-01-20T04:55:22.001Z,1737348922.0016,1.0963573455810547,1.3984489440917969,0
2025-01-20T04:55:22.501Z,1737348922.5016,0.9376184344291687,1.3984489440917969,0
2025-01-20T04:55:23.001Z,1737348923.0016,1.049631118774414,1.3984489440917969,0
2025-01-20T04:55:23.501Z,1737348923.5016,0.8812224864959717,1.3984489440917969,0
2025-01-20T04:55:24.001Z,1737348924.0016,0.9783517718315125,1.3984489440917969,0
2025-01-20T04:55:24.501Z,1737348924.5016,0.905826985836029,1.3984489440917969,0
2025-01-20T04:55:25.001Z,1737348925.0016,0.6881132125854492,1.3984489440917969,0
2025-01-20T04:55:25.501Z,1737348925.5016,0.7549129724502563,1.3984489440917969,0
2025-01-20T04:55:26.001Z,1737348926.0016,0.7224740982055664,1.3984489440917969,0
2025-01-20T04:55:26.501Z,1737348926.5016,0.8926016688346863,1.3984489440917969,0
2025-01-20T04:55:27.001Z,1737348927.0016,1.100990653038025,1.3984489440917969,0
2025-01-20T04:55:27.501Z,1737348927.5016,0.9200030565261841,1.3984489440917969,0
2025-01-20T04:55:28.001Z,1737348928.0016,0.8240739107131958,1.3984489440917969,0
2025-01-20T04:55:28.501Z,1737348928.5016,0.8295955061912537,1.3984489440917969,0
2025-01-20T04:55:29.001Z,1737348929.0016,0.7398173809051514,1.3984489440917969,0
2025-01-20T04:55:29.501Z,1737348929.5016,0.8349162340164185,1.3984489440917969,0
2025-01-20T04:55:30.001Z,1737348930.0016,0.8840758800506592,1.3984489440917969,0
2025-01-20T04:55:30.501Z,1737348930.5016,0.8698443174362183,1.3984489440917969,0
2025-01-20T04:55:31.001Z,1737348931.0016,0.9861081838607788,1.3984489440917969,0
2025-01-20T04:55:31.501Z,1737348931.5016,0.9511286020278931,1.3984489440917969,0
2025-01-20T04:55:32.001Z,1737348932.0016,1.239288568496704,1.3984489440917969,0
2025-01-20T04:55:32.501Z,1737348932.5016,1.24076509475708,1.3984489440917969,0
2025-01-20T04:55:33.001Z,1737348933.0016,1.2708011865615845,1.3984489440917969,0
2025-01-20T04:55:33.501Z,1737348933.5016,1.0862705707550049,1.3984489440917969,0
2025-01-20T04:55:34.001Z,1737348934.0016,0.7905882596969604,1.3984489440917969,0
2025-01-20T04:55:34.501Z,1737348934.5016,0.950491726398468,1.3984489440917969,0
2025-01-20T04:55:35.001Z,1737348935.0016,0.9157720804214478,1.3984489440917969,0
2025-01-20T04:55:35.501Z,1737348935.5016,0.8158136606216431,1.3984489440917969,0
2025-01-20T04:55:36.001Z,1737348936.0016,0.8574055433273315,1.3984489440917969,0
2025-01-20T04:55:36.501Z,1737348936.5016,0.8028267621994019,1.3984489440917969,0
2025-01-20T04:55:37.001Z,1737348937.0016,1.0737110376358032,1.3984489440917969,0
2025-01-20T04:55:37.501Z,1737348937.5016,0.6956892013549805,1.3984489440917969,0
2025-01-20T04:55:38.001Z,1737348938.0016,1.0195235013961792,1.3984489440917969,0
2025-01-20T04:55:38.501Z,1737348938.5016,1.1421377658843994,1.3984489440917969,0
2025-01-20T04:55:39.001Z,1737348939.0016,0.9287987947463989,1.3984489440917969,0
2025-01-20T04:55:39.501Z,1737348939.5016,0.9196549654006958,1.3984489440917969,0
2025-01-20T04:55:40.001Z,1737348940.0016,0.9391772747039795,1.3984489440917969,0
2025-01-20T04:55:40.501Z,1737348940.5016,1.007408857345581,1.3984489440917969,0
2025-01-20T04:55:41.001Z,1737348941.0016,0.7806417942047119,1.3984489440917969,0
2025-01-20T04:55:41.501Z,1737348941.5016,0.7940465211868286,1.3984489440917969,0
2025-01-20T04:55:42.001Z,1737348942.0016,1.0693144798278809,1.3984489440917969,0
2025-01-20T04:55:42.501Z,1737348942.5016,0.817518949508667,1.3984489440917969,0
2025-01-20T04:55:43.001Z,1737348943.0016,1.1745879650115967,1.3984489440917969,0
2025-01-20T04:55:43.501Z,1737348943.5016,1.0612952709197998,1.3984489440917969,0
2025-01-20T04:55:44.001Z,1737348944.0016,0.8440070152282715,1.3984489440917969,0
2025-01-20T04:55:44.501Z,1737348944.5016,0.9595350623130798,1.3984489440917969,0
2025-01-20T04:55:45.001Z,1737348945.0016,1.1001830101013184,1.3984489440917969,0
2025-01-20T04:55:45.501Z,1737348945.5016,0.9630234241485596,1.3984489440917969,0
2025-01-20T04:55:46.001Z,1737348946.0016,0.8642047047615051,1.3984489440917969,0
2025-01-20T04:55:46.501Z,1737348946.5016,0.9531140327453613,1.3984489440917969,0
2025-01-20T04:55:47.001Z,1737348947.0016,0.7056820392608643,1.3984489440917969,0
2025-01-20T04:55:47.501Z,1737348947.5016,0.8209304809570312,1.3984489440917969,0
2025-01-20T04:55:48.001Z,1737348948.0016,1.0537331104278564,1.3984489440917969,0
2025-01-20T04:55:48.501Z,1737348948.5016,0.785151481628418,1.3984489440917969,0
2025-01-20T04:55:49.001Z,1737348949.0016,1.2842869758605957,1.3984489440917969,0
2025-01-20T04:55:49.501Z,1737348949.5016,0.99066162109375,1.3984489440917969,0
2025-01-20T04:55:50.001Z,1737348950.0016,0.9355491399765015,1.3984489440917969,0
2025-01-20T04:55:50.501Z,1737348950.5016,0.8203427791595459,1.3984489440917969,0
2025-01-20T04:55:51.001Z,1737348951.0016,1.0184533596038818,1.3984489440917969,0
2025-01-20T04:55:51.501Z,1737348951.5016,0.9516968727111816,1.3984489440917969,0
2025-01-20T04:55:52.001Z,1737348952.0016,1.100928783416748,1.3984489440917969,0
2025-01-20T04:55:52.501Z,1737348952.5016,0.9776095151901245,1.3984489440917969,0
2025-01-20T04:55:53.001Z,1737348953.0016,1.0309288501739502,1.3984489440917969,0
2025-01-20T04:55:53.501Z,1737348953.5016,1.1490473747253418,1.3984489440917969,0
2025-01-20T04:55:54.001Z,1737348954.0016,1.4517877101898193,1.3984489440917969,0
2025-01-20T04:55:54.501Z,1737348954.5016,0.9530576467514038,1.3984489440917969,0
2025-01-20T04:55:55.001Z,1737348955.0016,1.0665591955184937,1.3984489440917969,0
2025-01-20T04:55:55.501Z,1737348955.5016,1.1744251251220703,1.3984489440917969,0
2025-01-20T04:55:56.001Z,1737348956.0016,1.063918113708496,1.3984489440917969,0
2025-01-20T04:55:56.501Z,1737348956.5016,1.032386302947998,1.3984489440917969,0
2025-01-20T04:55:57.001Z,1737348957.0016,0.8132797479629517,1.3984489440917969,0
2025-01-20T04:55:57.501Z,1737348957.5016,0.7648366689682007,1.3984489440917969,0
2025-01-20T04:55:58.001Z,1737348958.0016,0.9620440006256104,1.3984489440917969,0
2025-01-20T04:55:58.501Z,1737348958.5016,1.11661696434021,1.3984489440917969,0
2025-01-20T04:55:59.001Z,1737348959.0016,0.8581806421279907,1.3984489440917969,0
2025-01-20T04:55:59.501Z,1737348959.5016,0.787291944026947,1.3984489440917969,0
2025-01-20T04:56:00.001Z,1737348960.0016,0.7229959964752197,1.3984489440917969,0
2025-01-20T04:56:00.501Z,1737348960.5016,0.9083892107009888,1.3984489440917969,0
2025-01-20T04:56:01.001Z,1737348961.0016,0.8567005395889282,1.3984489440917969,0
2025-01-20T04:56:01.501Z,1737348961.5016,0.6896282434463501,1.3984489440917969,0
2025-01-20T04:56:02.001Z,1737348962.0016,0.9046876430511475,1.3984489440917969,0
2025-01-20T04:56:02.501Z,1737348962.5016,0.7206435203552246,1.3984489440917969,0
2025-01-20T04:56:03.001Z,1737348963.0016,0.8015002012252808,1.3984489440917969,0
2025-01-20T04:56:03.501Z,1737348963.5016,1.31900155544281,1.3984489440917969,0
2025-01-20T04:56:04.001Z,1737348964.0016,0.8116650581359863,1.3984489440917969,0
2025-01-20T04:56:04.501Z,1737348964.5016,1.1684057712554932,1.3984489440917969,0
2025-01-20T04:56:05.001Z,1737348965.0016,1.2178449630737305,1.3984489440917969,0
2025-01-20T04:56:05.501Z,1737348965.5016,1.0894503593444824,1.3984489440917969,0
2025-01-20T04:56:06.001Z,1737348966.0016,0.9643027186393738,1.3984489440917969,0
2025-01-20T04:56:06.501Z,1737348966.5016,1.2190947532653809,1.3984489440917969,0
2025-01-20T04:56:07.001Z,1737348967.0016,0.9752228260040283,1.3984489440917969,0
2025-01-20T04:56:07.501Z,1737348967.5016,0.7894666790962219,1.3984489440917969,0
2025-01-20T04:56:08.001Z,1737348968.0016,0.8590376973152161,1.3984489440917969,0
2025-01-20T04:56:08.501Z,1737348968.5016,0.9462129473686218,1.3984489440917969,0
2025-01-20T04:56:09.001Z,1737348969.0016,1.0858452320098877,1.3984489440917969,0
2025-01-20T04:56:09.501Z,1737348969.5016,0.6978797912597656,1.3984489440917969,0
2025-01-20T04:56:10.001Z,1737348970.0016,1.0529464483261108,1.3984489440917969,0
2025-01-20T04:56:10.501Z,1737348970.5016,1.1489002704620361,1.3984489440917969,0
2025-01-20T04:56:11.001Z,1737348971.0016,1.0941104888916016,1.3984489440917969,0
2025-01-20T04:56:11.501Z,1737348971.5016,0.8729636669158936,1.3984489440917969,0
2025-01-20T04:56:12.001Z,1737348972.0016,0.7678850889205933,1.3984489440917969,0
2025-01-20T04:56:12.501Z,1737348972.5016,1.1957533359527588,1.3984489440917969,0
2025-01-20T04:56:13.001Z,1737348973.0016,1.0844976902008057,1.3984489440917969,0
2025-01-20T04:56:13.501Z,1737348973.5016,1.0840387344360352,1.3984489440917969,0
2025-01-20T04:56:14.001Z,1737348974.0016,0.6818690896034241,1.3984489440917969,0
2025-01-20T04:56:14.501Z,1737348974.5016,0.8078581094741821,1.3984489440917969,0
2025-01-20T04:56:15.001Z,1737348975.0016,1.1180884838104248,1.3984489440917969,0
2025-01-20T04:56:15.501Z,1737348975.5016,0.9139881134033203,1.3984489440917969,0
2025-01-20T04:56:16.001Z,1737348976.0016,1.2122700214385986,1.3984489440917969,0
2025-01-20T04:56:16.501Z,1737348976.5016,0.8759241104125977,1.3984489440917969,0
2025-01-20T04:56:17.001Z,1737348977.0016,0.649878740310669,1.3984489440917969,0
2025-01-20T04:56:17.501Z,1737348977.5016,0.7547242641448975,1.3984489440917969,0
2025-01-20T04:56:18.001Z,1737348978.0016,0.936079204082489,1.3984489440917969,0
2025-01-20T04:56:18.501Z,1737348978.5016,0.9741051197052002,1.3984489440917969,0
2025-01-20T04:56:19.001Z,1737348979.0016,0.9470100402832031,1.3984489440917969,0
2025-01-20T04:56:19.501Z,1737348979.5016,0.805583119392395,1.3984489440917969,0
2025-01-20T04:56:20.001Z,1737348980.0016,0.9530144929885864,1.3984489440917969,0
2025-01-20T04:56:20.501Z,1737348980.5016,0.929326057434082,1.3984489440917969,0
2025-01-20T04:56:21.001Z,1737348981.0016,0.981217622756958,1.3984489440917969,0
2025-01-20T04:56:21.501Z,1737348981.5016,1.1610331535339355,1.3984489440917969,0
2025-01-20T04:56:22.001Z,1737348982.0016,0.754539966583252,1.3984489440917969,0
2025-01-20T04:56:22.501Z,1737348982.5016,0.8181976079940796,1.3984489440917969,0
2025-01-20T04:56:23.001Z,1737348983.0016,0.8847208023071289,1.3984489440917969,0
2025-01-20T04:56:23.501Z,1737348983.5016,0.8690794706344604,1.3984489440917969,0
2025-01-20T04:56:24.001Z,1737348984.0016,0.9117679595947266,1.3984489440917969,0
2025-01-20T04:56:24.501Z,1737348984.5016,1.0431344509124756,1.3984489440917969,0
2025-01-20T04:56:25.001Z,1737348985.0016,1.0053138732910156,1.3984489440917969,0
2025-01-20T04:56:25.501Z,1737348985.5016,1.0453691482543945,1.3984489440917969,0
2025-01-20T04:56:26.001Z,1737348986.0016,0.978487491607666,1.3984489440917969,0
2025-01-20T04:56:26.501Z,1737348986.5016,1.1656795740127563,1.3984489440917969,0
2025-01-20T04:56:27.001Z,1737348987.0016,1.288329839706421,1.3984489440917969,0
2025-01-20T04:56:27.501Z,1737348987.5016,1.1762897968292236,1.3984489440917969,0
2025-01-20T04:56:28.001Z,1737348988.0016,0.8301659822463989,1.3984489440917969,0
2025-01-20T04:56:28.501Z,1737348988.5016,0.838027834892273,1.3984489440917969,0
2025-01-20T04:56:29.001Z,1737348989.0016,0.8893342018127441,1.3984489440917969,0
2025-01-20T04:56:29.501Z,1737348989.5016,0.8051270246505737,1.3984489440917969,0
2025-01-20T04:56:30.001Z,1737348990.0016,0.9110092520713806,1.3984489440917969,0
2025-01-20T04:56:30.501Z,1737348990.5016,1.0496559143066406,1.3984489440917969,0
2025-01-20T04:56:31.001Z,1737348991.0016,0.797545313835144,1.3984489440917969,0
2025-01-20T04:56:31.501Z,1737348991.5016,0.8474100232124329,1.3984489440917969,0
2025-01-20T04:56:32.001Z,1737348992.0016,1.027600884437561,1.3984489440917969,0
2025-01-20T04:56:32.501Z,1737348992.5016,0.9943422079086304,1.3984489440917969,0
2025-01-20T04:56:33.001Z,1737348993.0016,0.8978791236877441,1.3984489440917969,0
2025-01-20T04:56:33.501Z,1737348993.5016,0.8753939867019653,1.3984489440917969,0
2025-01-20T04:56:34.001Z,1737348994.0016,1.149754285812378,1.3984489440917969,0
2025-01-20T04:56:34.501Z,1737348994.5016,0.787077784538269,1.3984489440917969,0
2025-01-20T04:56:35.001Z,1737348995.0016,0.8110148906707764,1.3984489440917969,0
2025-01-20T04:56:35.501Z,1737348995.5016,1.2029213905334473,1.3984489440917969,0
2025-01-20T04:56:36.001Z,1737348996.0016,0.9572498798370361,1.3984489440917969,0
2025-01-20T04:56:36.501Z,1737348996.5016,1.1150081157684326,1.3984489440917969,0
2025-01-20T04:56:37.001Z,1737348997.0016,0.8189621567726135,1.3984489440917969,0
2025-01-20T04:56:37.501Z,1737348997.5016,0.9504221677780151,1.3984489440917969,0
2025-01-20T04:56:38.001Z,1737348998.0016,0.943535566329956,1.3984489440917969,0
2025-01-20T04:56:38.501Z,1737348998.5016,0.7988224029541016,1.3984489440917969,0
2025-01-20T04:56:39.001Z,1737348999.0016,0.863518476486206,1.3984489440917969,0
2025-01-20T04:56:39.501Z,1737348999.5016,0.921430230140686,1.3984489440917969,0
2025-01-20T04:56:40.001Z,1737349000.0016,0.8589233160018921,1.3984489440917969,0
2025-01-20T04:56:40.501Z,1737349000.5016,0.792022168636322,1.3984489440917969,0
2025-01-20T04:56:41.001Z,1737349001.0016,0.9165576100349426,1.3984489440917969,0
2025-01-20T04:56:41.501Z,1737349001.5016,0.8702104091644287,1.3984489440917969,0
2025-01-20T04:56:42.001Z,1737349002.0016,0.8911669850349426,1.3984489440917969,0
2025-01-20T04:56:42.501Z,1737349002.5016,0.635558009147644,1.3984489440917969,0
2025-01-20T04:56:43.001Z,1737349003.0016,0.9918258190155029,1.3984489440917969,0
2025-01-20T04:56:43.501Z,1737349003.5016,0.8922386169433594,1.3984489440917969,0
2025-01-20T04:56:44.001Z,1737349004.0016,1.1522929668426514,1.3984489440917969,0
2025-01-20T04:56:44.501Z,1737349004.5016,1.3185101747512817,1.3984489440917969,0
2025-01-20T04:56:45.001Z,1737349005.0016,0.9017083644866943,1.3984489440917969,0
2025-01-20T04:56:45.501Z,1737349005.5016,0.9212402701377869,1.3984489440917969,0
2025-01-20T04:56:46.001Z,1737349006.0016,0.978735625743866,1.3984489440917969,0
2025-01-20T04:56:46.501Z,1737349006.5016,1.0707921981811523,1.3984489440917969,0
2025-01-20T04:56:47.001Z,1737349007.0016,0.7413920164108276,1.3984489440917969,0
2025-01-20T04:56:47.501Z,1737349007.5016,0.716745138168335,1.3984489440917969,0
2025-01-20T04:56:48.001Z,1737349008.0016,0.8565502762794495,1.3984489440917969,0
2025-01-20T04:56:48.501Z,1737349008.5016,1.0729408264160156,1.3984489440917969,0
2025-01-20T04:56:49.001Z,1737349009.0016,1.0204545259475708,1.3984489440917969,0
2025-01-20T04:56:49.501Z,1737349009.5016,1.1798617839813232,1.3984489440917969,0
2025-01-20T04:56:50.001Z,1737349010.0016,1.0113966464996338,1.3984489440917969,0
2025-01-20T04:56:50.501Z,1737349010.5016,0.8840386867523193,1.3984489440917969,0
2025-01-20T04:56:51.001Z,1737349011.0016,0.8533422350883484,1.3984489440917969,0
2025-01-20T04:56:51.501Z,1737349011.5016,1.0946253538131714,1.3984489440917969,0
2025-01-20T04:56:52.001Z,1737349012.0016,0.7911349534988403,1.3984489440917969,0
2025-01-20T04:56:52.501Z,1737349012.5016,0.8401950597763062,1.3984489440917969,0
2025-01-20T04:56:53.001Z,1737349013.0016,0.8787981271743774,1.3984489440917969,0
2025-01-20T04:56:53.501Z,1737349013.5016,0.8673408031463623,1.3984489440917969,0
2025-01-20T04:56:54.001Z,1737349014.0016,1.0649571418762207,1.3984489440917969,0
2025-01-20T04:56:54.501Z,1737349014.5016,0.9013832807540894,1.3984489440917969,0
2025-01-20T04:56:55.001Z,1737349015.0016,0.8379408121109009,1.3984489440917969,0
2025-01-20T04:56:55.501Z,1737349015.5016,1.068082332611084,1.3984489440917969,0
2025-01-20T04:56:56.001Z,1737349016.0016,0.8533363938331604,1.3984489440917969,0
2025-01-20T04:56:56.501Z,1737349016.5016,0.8195741772651672,1.3984489440917969,0
2025-01-20T04:56:57.001Z,1737349017.0016,1.103931188583374,1.3984489440917969,0
2025-01-20T04:56:57.501Z,1737349017.5016,0.9242902994155884,1.3984489440917969,0
2025-01-20T04:56:58.001Z,1737349018.0016,0.9460594654083252,1.3984489440917969,0
2025-01-20T04:56:58.501Z,1737349018.5016,0.9055299758911133,1.3984489440917969,0
2025-01-20T04:56:59.001Z,1737349019.0016,0.6528360843658447,1.3984489440917969,0
2025-01-20T04:56:59.501Z,1737349019.5016,0.7730789184570312,1.3984489440917969,0
2025-01-20T04:57:00.001Z,1737349020.0016,1.0472471714019775,1.3984489440917969,0
2025-01-20T04:57:00.501Z,1737349020.5016,0.9417192935943604,1.3984489440917969,0
2025-01-20T04:57:01.001Z,1737349021.0016,0.8897059559822083,1.3984489440917969,0
2025-01-20T04:57:01.501Z,1737349021.5016,1.1646859645843506,1.3984489440917969,0
2025-01-20T04:57:02.001Z,1737349022.0016,0.9747315645217896,1.3984489440917969,0
2025-01-20T04:57:02.501Z,1737349022.5016,0.8407167196273804,1.3984489440917969,0
2025-01-20T04:57:03.001Z,1737349023.0016,0.8011656999588013,1.3984489440917969,0
2025-01-20T04:57:03.501Z,1737349023.5016,0.830826997756958,1.3984489440917969,0
2025-01-20T04:57:04.001Z,1737349024.0016,0.9046742916107178,1.3984489440917969,0
2025-01-20T04:57:04.501Z,1737349024.5016,0.9553795456886292,1.3984489440917969,0
2025-01-20T04:57:05.001Z,1737349025.0016,0.778779923915863,1.3984489440917969,0
2025-01-20T04:57:05.501Z,1737349025.5016,0.9272519946098328,1.3984489440917969,0
2025-01-20T04:57:06.001Z,1737349026.0016,0.8959802985191345,1.3984489440917969,0
2025-01-20T04:57:06.501Z,1737349026.5016,0.9365261793136597,1.3984489440917969,0
2025-01-20T04:57:07.001Z,1737349027.0016,0.8742609620094299,1.3984489440917969,0
2025-01-20T04:57:07.501Z,1737349027.5016,0.9544552564620972,1.3984489440917969,0
2025-01-20T04:57:08.001Z,1737349028.0016,1.1594297885894775,1.3984489440917969,0
2025-01-20T04:57:08.501Z,1737349028.5016,0.8477127552032471,1.3984489440917969,0
2025-01-20T04:57:09.001Z,1737349029.0016,0.9936838746070862,1.3984489440917969,0
2025-01-20T04:57:09.501Z,1737349029.5016,0.6960632801055908,1.3984489440917969,0
2025-01-20T04:57:10.001Z,1737349030.0016,1.4466090202331543,1.3984489440917969,0
2025-01-20T04:57:10.501Z,1737349030.5016,0.9611818790435791,1.3984489440917969,0
2025-01-20T04:57:11.001Z,1737349031.0016,0.9271048307418823,1.3984489440917969,0
2025-01-20T04:57:11.501Z,1737349031.5016,1.237058162689209,1.3984489440917969,0
2025-01-20T04:57:12.001Z,1737349032.0016,1.1741459369659424,1.3984489440917969,0
2025-01-20T04:57:12.501Z,1737349032.5016,1.071939468383789,1.3984489440917969,0
2025-01-20T04:57:13.001Z,1737349033.0016,0.7395904660224915,1.3984489440917969,0
2025-01-20T04:57:13.501Z,1737349033.5016,0.7570298910140991,1.3984489440917969,0
2025-01-20T04:57:14.001Z,1737349034.0016,0.9120175838470459,1.3984489440917969,0
2025-01-20T04:57:14.501Z,1737349034.5016,0.9657689332962036,1.3984489440917969,0
2025-01-20T04:57:15.001Z,1737349035.0016,0.8542612791061401,1.3984489440917969,0
2025-01-20T04:57:15.501Z,1737349035.5016,1.0993983745574951,1.3984489440917969,0
2025-01-20T04:57:16.001Z,1737349036.0016,0.9463387727737427,1.3984489440917969,0
2025-01-20T04:57:16.501Z,1737349036.5016,0.8571341037750244,1.3984489440917969,0
2025-01-20T04:57:17.001Z,1737349037.0016,0.7557738423347473,1.3984489440917969,0
2025-01-20T04:57:17.501Z,1737349037.5016,1.1398179531097412,1.3984489440917969,0
2025-01-20T04:57:18.001Z,1737349038.0016,0.7851753234863281,1.3984489440917969,0
2025-01-20T04:57:18.501Z,1737349038.5016,0.8455801010131836,1.3984489440917969,0
2025-01-20T04:57:19.001Z,1737349039.0016,0.9445574879646301,1.3984489440917969,0
2025-01-20T04:57:19.501Z,1737349039.5016,0.9819785952568054,1.3984489440917969,0
2025-01-20T04:57:20.001Z,1737349040.0016,1.020146369934082,1.3984489440917969,0
2025-01-20T04:57:20.501Z,1737349040.5016,0.9160668849945068,1.3984489440917969,0
2025-01-20T04:57:21.001Z,1737349041.0016,1.1573505401611328,1.3984489440917969,0
2025-01-20T04:57:21.501Z,1737349041.5016,1.152845859527588,1.3984489440917969,0
2025-01-20T04:57:22.001Z,1737349042.0016,0.9427773952484131,1.3984489440917969,0
2025-01-20T04:57:22.501Z,1737349042.5016,0.9351532459259033,1.3984489440917969,0
2025-01-20T04:57:23.001Z,1737349043.0016,1.075950026512146,1.3984489440917969,0
2025-01-20T04:57:23.501Z,1737349043.5016,0.7843248844146729,1.3984489440917969,0
2025-01-20T04:57:24.001Z,1737349044.0016,0.7417049407958984,1.3984489440917969,0
2025-01-20T04:57:24.501Z,1737349044.5016,0.6677751541137695,1.3984489440917969,0
2025-01-20T04:57:25.001Z,1737349045.0016,0.6905630826950073,1.3984489440917969,0
2025-01-20T04:57:25.501Z,1737349045.5016,1.098634958267212,1.3984489440917969,0
2025-01-20T04:57:26.001Z,1737349046.0016,1.0837409496307373,1.3984489440917969,0
2025-01-20T04:57:26.501Z,1737349046.5016,1.1177887916564941,1.3984489440917969,0
2025-01-20T04:57:27.001Z,1737349047.0016,0.8339297771453857,1.3984489440917969,0
2025-01-20T04:57:27.501Z,1737349047.5016,0.895331859588623,1.3984489440917969,0
2025-01-20T04:57:28.001Z,1737349048.0016,1.0965591669082642,1.3984489440917969,0
2025-01-20T04:57:28.501Z,1737349048.5016,1.231320858001709,1.3984489440917969,0
2025-01-20T04:57:29.001Z,1737349049.0016,1.0371754169464111,1.3984489440917969,0
2025-01-20T04:57:29.501Z,1737349049.5016,0.9954574704170227,1.3984489440917969,0
2025-01-20T04:57:30.001Z,1737349050.0016,0.6764763593673706,1.3984489440917969,0
2025-01-20T04:57:30.501Z,1737349050.5016,0.8552173972129822,1.3984489440917969,0
2025-01-20T04:57:31.001Z,1737349051.0016,0.8158347010612488,1.3984489440917969,0
2025-01-20T04:57:31.501Z,1737349051.5016,0.8225467801094055,1.3984489440917969,0
2025-01-20T04:57:32.001Z,1737349052.0016,0.7528986930847168,1.3984489440917969,0
2025-01-20T04:57:32.501Z,1737349052.5016,0.8168604969978333,1.3984489440917969,0
2025-01-20T04:57:33.001Z,1737349053.0016,0.900526225566864,1.3984489440917969,0
2025-01-20T04:57:33.501Z,1737349053.5016,1.0029000043869019,1.3984489440917969,0
2025-01-20T04:57:34.001Z,1737349054.0016,0.9948170185089111,1.3984489440917969,0
2025-01-20T04:57:34.501Z,1737349054.5016,0.8136394023895264,1.3984489440917969,0
2025-01-20T04:57:35.001Z,1737349055.0016,0.949836015701294,1.3984489440917969,0
2025-01-20T04:57:35.501Z,1737349055.5016,0.9296907186508179,1.3984489440917969,0
2025-01-20T04:57:36.001Z,1737349056.0016,1.108404278755188,1.3984489440917969,0
2025-01-20T04:57:36.501Z,1737349056.5016,1.1691319942474365,1.3984489440917969,0
2025-01-20T04:57:37.001Z,1737349057.0016,0.9524011611938477,1.3984489440917969,0
2025-01-20T04:57:37.501Z,1737349057.5016,1.011299729347229,1.3984489440917969,0
2025-01-20T04:57:38.001Z,1737349058.0016,0.9468949437141418,1.3984489440917969,0
2025-01-20T04:57:38.501Z,1737349058.5016,1.1077945232391357,1.3984489440917969,0
2025-01-20T04:57:39.001Z,1737349059.0016,1.1428759098052979,1.3984489440917969,0
2025-01-20T04:57:39.501Z,1737349059.5016,1.1083738803863525,1.3984489440917969,0
2025-01-20T04:57:40.001Z,1737349060.0016,1.1753711700439453,1.3984489440917969,0
2025-01-20T04:57:40.501Z,1737349060.5016,0.6808451414108276,1.3984489440917969,0
2025-01-20T04:57:41.001Z,1737349061.0016,0.7883267998695374,1.3984489440917969,0
2025-01-20T04:57:41.501Z,1737349061.5016,1.1394784450531006,1.3984489440917969,0
2025-01-20T04:57:42.001Z,1737349062.0016,0.9537642002105713,1.3984489440917969,0
2025-01-20T04:57:42.501Z,1737349062.5016,1.0201306343078613,1.3984489440917969,0
2025-01-20T04:57:43.001Z,1737349063.0016,0.8824646472930908,1.3984489440917969,0
2025-01-20T04:57:43.501Z,1737349063.5016,0.9201596975326538,1.3984489440917969,0
2025-01-20T04:57:44.001Z,1737349064.0016,1.0169711112976074,1.3984489440917969,0
2025-01-20T04:57:44.501Z,1737349064.5016,0.9083088636398315,1.3984489440917969,0
2025-01-20T04:57:45.001Z,1737349065.0016,0.9486581087112427,1.3984489440917969,0
2025-01-20T04:57:45.501Z,1737349065.5016,0.9573084115982056,1.3984489440917969,0
2025-01-20T04:57:46.001Z,1737349066.0016,0.8341150283813477,1.3984489440917969,0
2025-01-20T04:57:46.501Z,1737349066.5016,1.1019420623779297,1.3984489440917969,0
2025-01-20T04:57:47.001Z,1737349067.0016,1.0051757097244263,1.3984489440917969,0
2025-01-20T04:57:47.501Z,1737349067.5016,1.4931087493896484,1.3984489440917969,0
2025-01-20T04:57:48.001Z,1737349068.0016,1.1466889381408691,1.3984489440917969,0
2025-01-20T04:57:48.501Z,1737349068.5016,0.7625293731689453,1.3984489440917969,0
2025-01-20T04:57:49.001Z,1737349069.0016,1.0711517333984375,1.3984489440917969,0
2025-01-20T04:57:49.501Z,1737349069.5016,0.9143432974815369,1.3984489440917969,0
2025-01-20T04:57:50.001Z,1737349070.0016,0.8146332502365112,1.3984489440917969,0
2025-01-20T04:57:50.501Z,1737349070.5016,1.0842130184173584,1.3984489440917969,0
2025-01-20T04:57:51.001Z,1737349071.0016,0.9879305362701416,1.3984489440917969,0
2025-01-20T04:57:51.501Z,1737349071.5016,0.8315643668174744,1.3984489440917969,0
2025-01-20T04:57:52.001Z,1737349072.0016,0.9472906589508057,1.3984489440917969,0
2025-01-20T04:57:52.501Z,1737349072.5016,1.0004652738571167,1.3984489440917969,0
2025-01-20T04:57:53.001Z,1737349073.0016,1.0292680263519287,1.3984489440917969,0
2025-01-20T04:57:53.501Z,1737349073.5016,0.8594498634338379,1.3984489440917969,0
2025-01-20T04:57:54.001Z,1737349074.0016,0.855011522769928,1.3984489440917969,0
2025-01-20T04:57:54.501Z,1737349074.5016,1.0866553783416748,1.3984489440917969,0
2025-01-20T04:57:55.001Z,1737349075.0016,0.8391680717468262,1.3984489440917969,0
2025-01-20T04:57:55.501Z,1737349075.5016,0.9294294118881226,1.3984489440917969,0
2025-01-20T04:57:56.001Z,1737349076.0016,1.0076894760131836,1.3984489440917969,0
2025-01-20T04:57:56.501Z,1737349076.5016,0.9905991554260254,1.3984489440917969,0
2025-01-20T04:57:57.001Z,1737349077.0016,0.8586475849151611,1.3984489440917969,0
2025-01-20T04:57:57.501Z,1737349077.5016,0.7270870804786682,1.3984489440917969,0
2025-01-20T04:57:58.001Z,1737349078.0016,0.8170311450958252,1.3984489440917969,0
2025-01-20T04:57:58.501Z,1737349078.5016,0.9638388156890869,1.3984489440917969,0
2025-01-20T04:57:59.001Z,1737349079.0016,0.9615002870559692,1.3984489440917969,0
2025-01-20T04:57:59.501Z,1737349079.5016,0.7507873773574829,1.3984489440917969,0
2025-01-20T04:58:00.001Z,1737349080.0016,1.0514150857925415,1.3984489440917969,0
2025-01-20T04:58:00.501Z,1737349080.5016,0.9346328973770142,1.3984489440917969,0
2025-01-20T04:58:01.001Z,1737349081.0016,1.1085245609283447,1.3984489440917969,0
2025-01-20T04:58:01.501Z,1737349081.5016,1.424436092376709,1.3984489440917969,0
2025-01-20T04:58:02.001Z,1737349082.0016,1.0818747282028198,1.3984489440917969,0
2025-01-20T04:58:02.501Z,1737349082.5016,0.8746616840362549,1.3984489440917969,0
2025-01-20T04:58:03.001Z,1737349083.0016,0.7821770310401917,1.3984489440917969,0
2025-01-20T04:58:03.501Z,1737349083.5016,0.7028694748878479,1.3984489440917969,0
2025-01-20T04:58:04.001Z,1737349084.0016,0.8743253946304321,1.3984489440917969,0
2025-01-20T04:58:04.501Z,1737349084.5016,1.0168280601501465,1.3984489440917969,0
2025-01-20T04:58:05.001Z,1737349085.0016,1.2118840217590332,1.3984489440917969,0
2025-01-20T04:58:05.501Z,1737349085.5016,0.9438486099243164,1.3984489440917969,0
2025-01-20T04:58:06.001Z,1737349086.0016,0.9062446355819702,1.3984489440917969,0
2025-01-20T04:58:06.501Z,1737349086.5016,0.9247099161148071,1.3984489440917969,0
2025-01-20T04:58:07.001Z,1737349087.0016,1.247908115386963,1.3984489440917969,0
2025-01-20T04:58:07.501Z,1737349087.5016,0.973116397857666,1.3984489440917969,0
2025-01-20T04:58:08.001Z,1737349088.0016,0.8060715198516846,1.3984489440917969,0
2025-01-20T04:58:08.501Z,1737349088.5016,0.8770569562911987,1.3984489440917969,0
2025-01-20T04:58:09.001Z,1737349089.0016,0.9593783617019653,1.3984489440917969,0
2025-01-20T04:58:09.501Z,1737349089.5016,0.9180045127868652,1.3984489440917969,0
2025-01-20T04:58:10.001Z,1737349090.0016,1.028679609298706,1.3984489440917969,0
2025-01-20T04:58:10.501Z,1737349090.5016,0.8582554459571838,1.3984489440917969,0
2025-01-20T04:58:11.001Z,1737349091.0016,0.6711931228637695,1.3984489440917969,0
2025-01-20T04:58:11.501Z,1737349091.5016,0.6731277704238892,1.3984489440917969,0
2025-01-20T04:58:12.001Z,1737349092.0016,0.7365084886550903,1.3984489440917969,0
2025-01-20T04:58:12.501Z,1737349092.5016,0.7823622226715088,1.3984489440917969,0
2025-01-20T04:58:13.001Z,1737349093.0016,0.8564198017120361,1.3984489440917969,0
2025-01-20T04:58:13.501Z,1737349093.5016,0.9452379941940308,1.3984489440917969,0
2025-01-20T04:58:14.001Z,1737349094.0016,0.9010404348373413,1.3984489440917969,0
2025-01-20T04:58:14.501Z,1737349094.5016,0.8454355597496033,1.3984489440917969,0
2025-01-20T04:58:15.001Z,1737349095.0016,0.8579626083374023,1.3984489440917969,0
2025-01-20T04:58:15.501Z,1737349095.5016,0.921005129814148,1.3984489440917969,0
2025-01-20T04:58:16.001Z,1737349096.0016,1.3639421463012695,1.3984489440917969,0
2025-01-20T04:58:16.501Z,1737349096.5016,0.9484649896621704,1.3984489440917969,0
2025-01-20T04:58:17.001Z,1737349097.0016,0.8872348070144653,1.3984489440917969,0
2025-01-20T04:58:17.501Z,1737349097.5016,0.8037044405937195,1.3984489440917969,0
2025-01-20T04:58:18.001Z,1737349098.0016,1.0337321758270264,1.3984489440917969,0
2025-01-20T04:58:18.501Z,1737349098.5016,1.0507633686065674,1.3984489440917969,0
2025-01-20T04:58:19.001Z,1737349099.0016,0.923923134803772,1.3984489440917969,0
2025-01-20T04:58:19.501Z,1737349099.5016,0.9225112199783325,1.3984489440917969,0
2025-01-20T04:58:20.001Z,1737349100.0016,0.8242058753967285,1.3984489440917969,0
2025-01-20T04:58:20.501Z,1737349100.5016,1.0854061841964722,1.3984489440917969,0
2025-01-20T04:58:21.001Z,1737349101.0016,1.0091049671173096,1.3984489440917969,0
2025-01-20T04:58:21.501Z,1737349101.5016,0.9366149306297302,1.3984489440917969,0
2025-01-20T04:58:22.001Z,1737349102.0016,0.9337296485900879,1.3984489440917969,0
2025-01-20T04:58:22.501Z,1737349102.5016,1.0648918151855469,1.3984489440917969,0
2025-01-20T04:58:23.001Z,1737349103.0016,1.2784223556518555,1.3984489440917969,0
2025-01-20T04:58:23.501Z,1737349103.5016,0.8227479457855225,1.3984489440917969,0
2025-01-20T04:58:24.001Z,1737349104.0016,0.8272504806518555,1.3984489440917969,0
2025-01-20T04:58:24.501Z,1737349104.5016,0.9479089975357056,1.3984489440917969,0
2025-01-20T04:58:25.001Z,1737349105.0016,0.8646364212036133,1.3984489440917969,0
2025-01-20T04:58:25.501Z,1737349105.5016,0.7775402665138245,1.3984489440917969,0
2025-01-20T04:58:26.001Z,1737349106.0016,1.133575439453125,1.3984489440917969,0
2025-01-20T04:58:26.501Z,1737349106.5016,0.8076245784759521,1.3984489440917969,0
2025-01-20T04:58:27.001Z,1737349107.0016,0.8611366748809814,1.3984489440917969,0
2025-01-20T04:58:27.501Z,1737349107.5016,1.3212575912475586,1.3984489440917969,0
2025-01-20T04:58:28.001Z,1737349108.0016,0.9362991452217102,1.3984489440917969,0
2025-01-20T04:58:28.501Z,1737349108.5016,0.8859459757804871,1.3984489440917969,0
2025-01-20T04:58:29.001Z,1737349109.0016,1.1249613761901855,1.3984489440917969,0
2025-01-20T04:58:29.501Z,1737349109.5016,0.8293665051460266,1.3984489440917969,0
2025-01-20T04:58:30.001Z,1737349110.0016,0.7517696022987366,1.3984489440917969,0
2025-01-20T04:58:30.501Z,1737349110.5016,1.01975679397583,1.3984489440917969,0
2025-01-20T04:58:31.001Z,1737349111.0016,1.0229036808013916,1.3984489440917969,0
2025-01-20T04:58:31.501Z,1737349111.5016,1.0020008087158203,1.3984489440917969,0
2025-01-20T04:58:32.001Z,1737349112.0016,0.8647477626800537,1.3984489440917969,0
2025-01-20T04:58:32.501Z,1737349112.5016,1.0821008682250977,1.3984489440917969,0
2025-01-20T04:58:33.001Z,1737349113.0016,1.0274853706359863,1.3984489440917969,0
2025-01-20T04:58:33.501Z,1737349113.5016,0.7413229942321777,1.3984489440917969,0
2025-01-20T04:58:34.001Z,1737349114.0016,0.9919579029083252,1.3984489440917969,0
2025-01-20T04:58:34.501Z,1737349114.5016,0.7389695644378662,1.3984489440917969,0
2025-01-20T04:58:35.001Z,1737349115.0016,0.7670705318450928,1.3984489440917969,0
2025-01-20T04:58:35.501Z,1737349115.5016,0.8488773107528687,1.3984489440917969,0
2025-01-20T04:58:36.001Z,1737349116.0016,1.1348668336868286,1.3984489440917969,0
2025-01-20T04:58:36.501Z,1737349116.5016,0.9662842154502869,1.3984489440917969,0
2025-01-20T04:58:37.001Z,1737349117.0016,1.1153066158294678,1.3984489440917969,0
2025-01-20T04:58:37.501Z,1737349117.5016,1.1587042808532715,1.3984489440917969,0
2025-01-20T04:58:38.001Z,1737349118.0016,0.8676102757453918,1.3984489440917969,0
2025-01-20T04:58:38.501Z,1737349118.5016,1.147270679473877,1.3984489440917969,0
2025-01-20T04:58:39.001Z,1737349119.0016,0.887267529964447,1.3984489440917969,0
2025-01-20T04:58:39.501Z,1737349119.5016,1.126678466796875,1.3984489440917969,0
2025-01-20T04:58:40.001Z,1737349120.0016,1.0005886554718018,1.3984489440917969,0
2025-01-20T04:58:40.501Z,1737349120.5016,1.0757524967193604,1.3984489440917969,0
2025-01-20T04:58:41.001Z,1737349121.0016,0.849023163318634,1.3984489440917969,0
2025-01-20T04:58:41.501Z,1737349121.5016,0.8967534303665161,1.3984489440917969,0
2025-01-20T04:58:42.001Z,1737349122.0016,0.8190473914146423,1.3984489440917969,0
2025-01-20T04:58:42.501Z,1737349122.5016,1.0590354204177856,1.3984489440917969,0
2025-01-20T04:58:43.001Z,1737349123.0016,0.8841612339019775,1.3984489440917969,0
2025-01-20T04:58:43.501Z,1737349123.5016,1.0178446769714355,1.3984489440917969,0
2025-01-20T04:58:44.001Z,1737349124.0016,0.8178648352622986,1.3984489440917969,0
2025-01-20T04:58:44.501Z,1737349124.5016,0.8272609114646912,1.3984489440917969,0
2025-01-20T04:58:45.001Z,1737349125.0016,1.0463415384292603,1.3984489440917969,0
2025-01-20T04:58:45.501Z,1737349125.5016,1.114427924156189,1.3984489440917969,0
2025-01-20T04:58:46.001Z,1737349126.0016,0.7475128173828125,1.3984489440917969,0
2025-01-20T04:58:46.501Z,1737349126.5016,0.9821470975875854,1.3984489440917969,0
2025-01-20T04:58:47.001Z,1737349127.0016,0.7737808227539062,1.3984489440917969,0
2025-01-20T04:58:47.501Z,1737349127.5016,0.7406169772148132,1.3984489440917969,0
2025-01-20T04:58:48.001Z,1737349128.0016,0.9651925563812256,1.3984489440917969,0
2025-01-20T04:58:48.501Z,1737349128.5016,0.7830297946929932,1.3984489440917969,0
2025-01-20T04:58:49.001Z,1737349129.0016,1.1852458715438843,1.3984489440917969,0
2025-01-20T04:58:49.501Z,1737349129.5016,0.8999504446983337,1.3984489440917969,0
2025-01-20T04:58:50.001Z,1737349130.0016,0.866562008857727,1.3984489440917969,0
2025-01-20T04:58:50.501Z,1737349130.5016,0.7362911701202393,1.3984489440917969,0
2025-01-20T04:58:51.001Z,1737349131.0016,0.87813401222229,1.3984489440917969,0
2025-01-20T04:58:51.501Z,1737349131.5016,1.0448342561721802,1.3984489440917969,0
2025-01-20T04:58:52.001Z,1737349132.0016,0.9512351751327515,1.3984489440917969,0
2025-01-20T04:58:52.501Z,1737349132.5016,0.9895551204681396,1.3984489440917969,0
2025-01-20T04:58:53.001Z,1737349133.0016,0.8490850329399109,1.3984489440917969,0
2025-01-20T04:58:53.501Z,1737349133.5016,1.171787142753601,1.3984489440917969,0
2025-01-20T04:58:54.001Z,1737349134.0016,1.1291511058807373,1.3984489440917969,0
2025-01-20T04:58:54.501Z,1737349134.5016,0.9844335913658142,1.3984489440917969,0
2025-01-20T04:58:55.001Z,1737349135.0016,0.7260600328445435,1.3984489440917969,0
2025-01-20T04:58:55.501Z,1737349135.5016,1.1529326438903809,1.3984489440917969,0
2025-01-20T04:58:56.001Z,1737349136.0016,1.690255880355835,1.3984489440917969,0
2025-01-20T04:58:56.501Z,1737349136.5016,0.9267301559448242,1.3984489440917969,0
2025-01-20T04:58:57.001Z,1737349137.0016,1.0069172382354736,1.3984489440917969,0
2025-01-20T04:58:57.501Z,1737349137.5016,0.9222022891044617,1.3984489440917969,0
2025-01-20T04:58:58.001Z,1737349138.0016,0.8779622316360474,1.3984489440917969,0
2025-01-20T04:58:58.501Z,1737349138.5016,0.9766535758972168,1.3984489440917969,0
2025-01-20T04:58:59.001Z,1737349139.0016,1.1721404790878296,1.3984489440917969,0
2025-01-20T04:58:59.501Z,1737349139.5016,1.2842726707458496,1.3984489440917969,0
2025-01-20T04:59:00.001Z,1737349140.0016,1.0952935218811035,1.3984489440917969,0
2025-01-20T04:59:00.501Z,1737349140.5016,0.8564859628677368,1.3984489440917969,0
2025-01-20T04:59:01.001Z,1737349141.0016,0.7807618379592896,1.3984489440917969,0
2025-01-20T04:59:01.501Z,1737349141.5016,0.5693939328193665,1.3984489440917969,0
2025-01-20T04:59:02.001Z,1737349142.0016,0.8075454235076904,1.3984489440917969,0
2025-01-20T04:59:02.501Z,1737349142.5016,0.8994804620742798,1.3984489440917969,0
2025-01-20T04:59:03.001Z,1737349143.0016,0.768470048904419,1.3984489440917969,0
2025-01-20T04:59:03.501Z,1737349143.5016,0.6855312585830688,1.3984489440917969,0
2025-01-20T04:59:04.001Z,1737349144.0016,0.9583730697631836,1.3984489440917969,0
2025-01-20T04:59:04.501Z,1737349144.5016,0.9357538819313049,1.3984489440917969,0
2025-01-20T04:59:05.001Z,1737349145.0016,0.940663754940033,1.3984489440917969,0
2025-01-20T04:59:05.501Z,1737349145.5016,0.8519852161407471,1.3984489440917969,0
2025-01-20T04:59:06.001Z,1737349146.0016,0.982593297958374,1.3984489440917969,0
2025-01-20T04:59:06.501Z,1737349146.5016,0.9549189209938049,1.3984489440917969,0
2025-01-20T04:59:07.001Z,1737349147.0016,1.0575999021530151,1.3984489440917969,0
2025-01-20T04:59:07.501Z,1737349147.5016,0.8843882083892822,1.3984489440917969,0
2025-01-20T04:59:08.001Z,1737349148.0016,0.8086355924606323,1.3984489440917969,0
2025-01-20T04:59:08.501Z,1737349148.5016,0.8073135614395142,1.3984489440917969,0
2025-01-20T04:59:09.001Z,1737349149.0016,0.5664229393005371,1.3984489440917969,0
2025-01-20T04:59:09.501Z,1737349149.5016,0.972131609916687,1.3984489440917969,0
2025-01-20T04:59:10.001Z,1737349150.0016,1.0633535385131836,1.3984489440917969,0
2025-01-20T04:59:10.501Z,1737349150.5016,1.2351561784744263,1.3984489440917969,0
2025-01-20T04:59:11.001Z,1737349151.0016,1.0122439861297607,1.3984489440917969,0
2025-01-20T04:59:11.501Z,1737349151.5016,1.0508402585983276,1.3984489440917969,0
2025-01-20T04:59:12.001Z,1737349152.0016,0.7889325618743896,1.3984489440917969,0
2025-01-20T04:59:12.501Z,1737349152.5016,1.059478998184204,1.3984489440917969,0
2025-01-20T04:59:13.001Z,1737349153.0016,1.0328357219696045,1.3984489440917969,0
2025-01-20T04:59:13.501Z,1737349153.5016,0.9490807056427002,1.3984489440917969,0
2025-01-20T04:59:14.001Z,1737349154.0016,0.8669281005859375,1.3984489440917969,0
2025-01-20T04:59:14.501Z,1737349154.5016,0.9923490285873413,1.3984489440917969,0
2025-01-20T04:59:15.001Z,1737349155.0016,0.8971915245056152,1.3984489440917969,0
2025-01-20T04:59:15.501Z,1737349155.5016,1.131891131401062,1.3984489440917969,0
2025-01-20T04:59:16.001Z,1737349156.0016,1.0862131118774414,1.3984489440917969,0
2025-01-20T04:59:16.501Z,1737349156.5016,1.1590003967285156,1.3984489440917969,0
2025-01-20T04:59:17.001Z,1737349157.0016,0.8246284127235413,1.3984489440917969,0
2025-01-20T04:59:17.501Z,1737349157.5016,1.046121597290039,1.3984489440917969,0
2025-01-20T04:59:18.001Z,1737349158.0016,0.8427327871322632,1.3984489440917969,0
2025-01-20T04:59:18.501Z,1737349158.5016,0.9341880679130554,1.3984489440917969,0
2025-01-20T04:59:19.001Z,1737349159.0016,0.8280890583992004,1.3984489440917969,0
2025-01-20T04:59:19.501Z,1737349159.5016,0.7343554496765137,1.3984489440917969,0
2025-01-20T04:59:20.001Z,1737349160.0016,0.7809625864028931,1.3984489440917969,0
2025-01-20T04:59:20.501Z,1737349160.5016,1.1953717470169067,1.3984489440917969,0
2025-01-20T04:59:21.001Z,1737349161.0016,0.8934945464134216,1.3984489440917969,0
2025-01-20T04:59:21.501Z,1737349161.5016,0.9944082498550415,1.3984489440917969,0
2025-01-20T04:59:22.001Z,1737349162.0016,0.9021818041801453,1.3984489440917969,0
2025-01-20T04:59:22.501Z,1737349162.5016,1.0734587907791138,1.3984489440917969,0
2025-01-20T04:59:23.001Z,1737349163.0016,0.8643432855606079,1.3984489440917969,0
2025-01-20T04:59:23.501Z,1737349163.5016,1.1934274435043335,1.3984489440917969,0
2025-01-20T04:59:24.001Z,1737349164.0016,0.8030796051025391,1.3984489440917969,0
2025-01-20T04:59:24.501Z,1737349164.5016,0.7547401189804077,1.3984489440917969,0
2025-01-20T04:59:25.001Z,1737349165.0016,0.9174990653991699,1.3984489440917969,0
2025-01-20T04:59:25.501Z,1737349165.5016,1.1886417865753174,1.3984489440917969,0
2025-01-20T04:59:26.001Z,1737349166.0016,0.8841843605041504,1.3984489440917969,0
2025-01-20T04:59:26.501Z,1737349166.5016,1.0502792596817017,1.3984489440917969,0
2025-01-20T04:59:27.001Z,1737349167.0016,0.7956597208976746,1.3984489440917969,0
2025-01-20T04:59:27.501Z,1737349167.5016,0.9558666944503784,1.3984489440917969,0
2025-01-20T04:59:28.001Z,1737349168.0016,1.1581082344055176,1.3984489440917969,0
2025-01-20T04:59:28.501Z,1737349168.5016,0.9317187070846558,1.3984489440917969,0
2025-01-20T04:59:29.001Z,1737349169.0016,0.7084913849830627,1.3984489440917969,0
2025-01-20T04:59:29.501Z,1737349169.5016,0.8925029039382935,1.3984489440917969,0
2025-01-20T04:59:30.001Z,1737349170.0016,0.8043887615203857,1.3984489440917969,0
2025-01-20T04:59:30.501Z,1737349170.5016,0.7115564346313477,1.3984489440917969,0
2025-01-20T04:59:31.001Z,1737349171.0016,0.9612014293670654,1.3984489440917969,0
2025-01-20T04:59:31.501Z,1737349171.5016,1.0486276149749756,1.3984489440917969,0
2025-01-20T04:59:32.001Z,1737349172.0016,0.8595281839370728,1.3984489440917969,0
2025-01-20T04:59:32.501Z,1737349172.5016,0.8097723126411438,1.3984489440917969,0
2025-01-20T04:59:33.001Z,1737349173.0016,0.8783373832702637,1.3984489440917969,0
2025-01-20T04:59:33.501Z,1737349173.5016,1.162948489189148,1.3984489440917969,0
2025-01-20T04:59:34.001Z,1737349174.0016,0.9468255639076233,1.3984489440917969,0
2025-01-20T04:59:34.501Z,1737349174.5016,0.8506115674972534,1.3984489440917969,0
2025-01-20T04:59:35.001Z,1737349175.0016,0.9126513004302979,1.3984489440917969,0
2025-01-20T04:59:35.501Z,1737349175.5016,0.8020707368850708,1.3984489440917969,0
2025-01-20T04:59:36.001Z,1737349176.0016,0.8895028829574585,1.3984489440917969,0
2025-01-20T04:59:36.501Z,1737349176.5016,0.7940558195114136,1.3984489440917969,0
2025-01-20T04:59:37.001Z,1737349177.0016,1.1404330730438232,1.3984489440917969,0
2025-01-20T04:59:37.501Z,1737349177.5016,1.1214208602905273,1.3984489440917969,0
2025-01-20T04:59:38.001Z,1737349178.0016,0.9507291316986084,1.3984489440917969,0
2025-01-20T04:59:38.501Z,1737349178.5016,1.0240025520324707,1.3984489440917969,0
2025-01-20T04:59:39.001Z,1737349179.0016,1.2958943843841553,1.3984489440917969,0
2025-01-20T04:59:39.501Z,1737349179.5016,0.825649619102478,1.3984489440917969,0
2025-01-20T04:59:40.001Z,1737349180.0016,1.1833977699279785,1.3984489440917969,0
2025-01-20T04:59:40.501Z,1737349180.5016,1.4127180576324463,1.3984489440917969,0
2025-01-20T04:59:41.001Z,1737349181.0016,0.8922692537307739,1.3984489440917969,0
2025-01-20T04:59:41.501Z,1737349181.5016,0.8437381982803345,1.3984489440917969,0
2025-01-20T04:59:42.001Z,1737349182.0016,0.951833963394165,1.3984489440917969,0
2025-01-20T04:59:42.501Z,1737349182.5016,1.123544692993164,1.3984489440917969,0
2025-01-20T04:59:43.001Z,1737349183.0016,0.8141657114028931,1.3984489440917969,0
2025-01-20T04:59:43.501Z,1737349183.5016,0.8907519578933716,1.3984489440917969,0
2025-01-20T04:59:44.001Z,1737349184.0016,0.8806334137916565,1.3984489440917969,0
2025-01-20T04:59:44.501Z,1737349184.5016,0.8760415315628052,1.3984489440917969,0
2025-01-20T04:59:45.001Z,1737349185.0016,0.9658567905426025,1.3984489440917969,0
2025-01-20T04:59:45.501Z,1737349185.5016,1.051271677017212,1.3984489440917969,0
2025-01-20T04:59:46.001Z,1737349186.0016,1.263573408126831,1.3984489440917969,0
2025-01-20T04:59:46.501Z,1737349186.5016,1.134105920791626,1.3984489440917969,0
2025-01-20T04:59:47.001Z,1737349187.0016,0.9716391563415527,1.3984489440917969,0
2025-01-20T04:59:47.501Z,1737349187.5016,0.7615038156509399,1.3984489440917969,0
2025-01-20T04:59:48.001Z,1737349188.0016,0.8256340026855469,1.3984489440917969,0
2025-01-20T04:59:48.501Z,1737349188.5016,0.9043456315994263,1.3984489440917969,0
2025-01-20T04:59:49.001Z,1737349189.0016,0.9796377420425415,1.3984489440917969,0
2025-01-20T04:59:49.501Z,1737349189.5016,0.7940213680267334,1.3984489440917969,0
2025-01-20T04:59:50.001Z,1737349190.0016,1.0293940305709839,1.3984489440917969,0
2025-01-20T04:59:50.501Z,1737349190.5016,1.212465763092041,1.3984489440917969,0
2025-01-20T04:59:51.001Z,1737349191.0016,1.068515658378601,1.3984489440917969,0
2025-01-20T04:59:51.501Z,1737349191.5016,1.0087881088256836,1.3984489440917969,0
2025-01-20T04:59:52.001Z,1737349192.0016,0.7688667178153992,1.3984489440917969,0
2025-01-20T04:59:52.501Z,1737349192.5016,0.7630605697631836,1.3984489440917969,0
2025-01-20T04:59:53.001Z,1737349193.0016,0.8348414897918701,1.3984489440917969,0
2025-01-20T04:59:53.501Z,1737349193.5016,0.9937479496002197,1.3984489440917969,0
2025-01-20T04:59:54.001Z,1737349194.0016,0.6907791495323181,1.3984489440917969,0
2025-01-20T04:59:54.501Z,1737349194.5016,0.8696624636650085,1.3984489440917969,0
2025-01-20T04:59:55.001Z,1737349195.0016,1.0083788633346558,1.3984489440917969,0
2025-01-20T04:59:55.501Z,1737349195.5016,0.9009889364242554,1.3984489440917969,0
2025-01-20T04:59:56.001Z,1737349196.0016,0.9244753122329712,1.3984489440917969,0
2025-01-20T04:59:56.501Z,1737349196.5016,1.2827420234680176,1.3984489440917969,0
2025-01-20T04:59:57.001Z,1737349197.0016,0.8282045125961304,1.3984489440917969,0
2025-01-20T04:59:57.501Z,1737349197.5016,0.9465227127075195,1.3984489440917969,0
2025-01-20T04:59:58.001Z,1737349198.0016,0.8535724878311157,1.3984489440917969,0
2025-01-20T04:59:58.501Z,1737349198.5016,0.8694496154785156,1.3984489440917969,0
2025-01-20T04:59:59.001Z,1737349199.0016,0.8211863040924072,1.3984489440917969,0
2025-01-20T04:59:59.501Z,1737349199.5016,0.8732149600982666,1.3984489440917969,0
2025-01-20T05:00:00.001Z,1737349200.0016,0.8535912036895752,1.3984489440917969,0
2025-01-20T05:00:00.501Z,1737349200.5016,1.145607352256775,1.3984489440917969,0
2025-01-20T05:00:01.001Z,1737349201.0016,0.8532617092132568,1.3984489440917969,0
2025-01-20T05:00:01.501Z,1737349201.5016,1.047170639038086,1.3984489440917969,0
2025-01-20T05:00:02.001Z,1737349202.0016,0.9531443119049072,1.3984489440917969,0
2025-01-20T05:00:02.501Z,1737349202.5016,1.189284324645996,1.3984489440917969,0
2025-01-20T05:00:03.001Z,1737349203.0016,1.0965592861175537,1.3984489440917969,0
2025-01-20T05:00:03.501Z,1737349203.5016,1.4269039630889893,1.3984489440917969,0
2025-01-20T05:00:04.001Z,1737349204.0016,0.7166675329208374,1.3984489440917969,0
2025-01-20T05:00:04.501Z,1737349204.5016,0.7529728412628174,1.3984489440917969,0
2025-01-20T05:00:05.001Z,1737349205.0016,0.9001197814941406,1.3984489440917969,0
2025-01-20T05:00:05.501Z,1737349205.5016,0.628880500793457,1.3984489440917969,0
2025-01-20T05:00:06.001Z,1737349206.0016,0.9612694382667542,1.3984489440917969,0
2025-01-20T05:00:06.501Z,1737349206.5016,1.069606065750122,1.3984489440917969,0
2025-01-20T05:00:07.001Z,1737349207.0016,0.802232027053833,1.3984489440917969,0
2025-01-20T05:00:07.501Z,1737349207.5016,0.8376988172531128,1.3984489440917969,0
2025-01-20T05:00:08.001Z,1737349208.0016,0.9141654968261719,1.3984489440917969,0
2025-01-20T05:00:08.501Z,1737349208.5016,0.7595382928848267,1.3984489440917969,0
2025-01-20T05:00:09.001Z,1737349209.0016,0.9170900583267212,1.3984489440917969,0
2025-01-20T05:00:09.501Z,1737349209.5016,1.013856053352356,1.3984489440917969,0
2025-01-20T05:00:10.001Z,1737349210.0016,1.2481377124786377,1.3984489440917969,0
2025-01-20T05:00:10.501Z,1737349210.5016,0.8451269268989563,1.3984489440917969,0
2025-01-20T05:00:11.001Z,1737349211.0016,0.7913823127746582,1.3984489440917969,0
2025-01-20T05:00:11.501Z,1737349211.5016,0.861464262008667,1.3984489440917969,0
2025-01-20T05:00:12.001Z,1737349212.0016,0.7874418497085571,1.3984489440917969,0
2025-01-20T05:00:12.501Z,1737349212.5016,1.0888344049453735,1.3984489440917969,0
2025-01-20T05:00:13.001Z,1737349213.0016,0.914580225944519,1.3984489440917969,0
2025-01-20T05:00:13.501Z,1737349213.5016,1.1252696514129639,1.3984489440917969,0
2025-01-20T05:00:14.001Z,1737349214.0016,1.0327959060668945,1.3984489440917969,0
2025-01-20T05:00:14.501Z,1737349214.5016,1.1417033672332764,1.3984489440917969,0
2025-01-20T05:00:15.001Z,1737349215.0016,1.0444399118423462,1.3984489440917969,0
2025-01-20T05:00:15.501Z,1737349215.5016,1.1723887920379639,1.3984489440917969,0
2025-01-20T05:00:16.001Z,1737349216.0016,1.1119639873504639,1.3984489440917969,0
2025-01-20T05:00:16.501Z,1737349216.5016,0.7968952655792236,1.3984489440917969,0
2025-01-20T05:00:17.001Z,1737349217.0016,0.8566478490829468,1.3984489440917969,0
2025-01-20T05:00:17.501Z,1737349217.5016,1.0813634395599365,1.3984489440917969,0
2025-01-20T05:00:18.001Z,1737349218.0016,0.9766287207603455,1.3984489440917969,0
2025-01-20T05:00:18.501Z,1737349218.5016,0.9159088134765625,1.3984489440917969,0
2025-01-20T05:00:19.001Z,1737349219.0016,0.9260795712471008,1.3984489440917969,0
2025-01-20T05:00:19.501Z,1737349219.5016,0.9391980171203613,1.3984489440917969,0
2025-01-20T05:00:20.001Z,1737349220.0016,0.7398383617401123,1.3984489440917969,0
2025-01-20T05:00:20.501Z,1737349220.5016,0.9584373235702515,1.3984489440917969,0
2025-01-20T05:00:21.001Z,1737349221.0016,1.0479068756103516,1.3984489440917969,0
2025-01-20T05:00:21.501Z,1737349221.5016,0.894813597202301,1.3984489440917969,0
2025-01-20T05:00:22.001Z,1737349222.0016,0.886498749256134,1.3984489440917969,0
2025-01-20T05:00:22.501Z,1737349222.5016,1.1479954719543457,1.3984489440917969,0
2025-01-20T05:00:23.001Z,1737349223.0016,0.9643824100494385,1.3984489440917969,0
2025-01-20T05:00:23.501Z,1737349223.5016,0.8625854849815369,1.3984489440917969,0
2025-01-20T05:00:24.001Z,1737349224.0016,0.9843024611473083,1.3984489440917969,0
2025-01-20T05:00:24.501Z,1737349224.5016,1.2782676219940186,1.3984489440917969,0
2025-01-20T05:00:25.001Z,1737349225.0016,1.115075707435608,1.3984489440917969,0
2025-01-20T05:00:25.501Z,1737349225.5016,0.9200541973114014,1.3984489440917969,0
2025-01-20T05:00:26.001Z,1737349226.0016,1.0191515684127808,1.3984489440917969,0
2025-01-20T05:00:26.501Z,1737349226.5016,1.0553573369979858,1.3984489440917969,0
2025-01-20T05:00:27.001Z,1737349227.0016,0.8755015134811401,1.3984489440917969,0
2025-01-20T05:00:27.501Z,1737349227.5016,0.9305239915847778,1.3984489440917969,0
2025-01-20T05:00:28.001Z,1737349228.0016,0.6786202192306519,1.3984489440917969,0
2025-01-20T05:00:28.501Z,1737349228.5016,0.9146366715431213,1.3984489440917969,0
2025-01-20T05:00:29.001Z,1737349229.0016,0.9172680974006653,1.3984489440917969,0
2025-01-20T05:00:29.501Z,1737349229.5016,0.8835176229476929,1.3984489440917969,0
2025-01-20T05:00:30.001Z,1737349230.0016,0.9591528177261353,1.3984489440917969,0
2025-01-20T05:00:30.501Z,1737349230.5016,0.9276770353317261,1.3984489440917969,0
2025-01-20T05:00:31.001Z,1737349231.0016,1.2084054946899414,1.3984489440917969,0
2025-01-20T05:00:31.501Z,1737349231.5016,0.8518484234809875,1.3984489440917969,0
2025-01-20T05:00:32.001Z,1737349232.0016,1.04775071144104,1.3984489440917969,0
2025-01-20T05:00:32.501Z,1737349232.5016,0.8203524351119995,1.3984489440917969,0
2025-01-20T05:00:33.001Z,1737349233.0016,1.1007429361343384,1.3984489440917969,0
2025-01-20T05:00:33.501Z,1737349233.5016,0.9450058937072754,1.3984489440917969,0
2025-01-20T05:00:34.001Z,1737349234.0016,0.9479321241378784,1.3984489440917969,0
2025-01-20T05:00:34.501Z,1737349234.5016,0.7702548503875732,1.3984489440917969,0
2025-01-20T05:00:35.001Z,1737349235.0016,0.9607917666435242,1.3984489440917969,0
2025-01-20T05:00:35.501Z,1737349235.5016,0.7978954315185547,1.3984489440917969,0
2025-01-20T05:00:36.001Z,1737349236.0016,0.9956399202346802,1.3984489440917969,0
2025-01-20T05:00:36.501Z,1737349236.5016,0.911524772644043,1.3984489440917969,0
2025-01-20T05:00:37.001Z,1737349237.0016,0.9743013381958008,1.3984489440917969,0
2025-01-20T05:00:37.501Z,1737349237.5016,1.0989892482757568,1.3984489440917969,0
2025-01-20T05:00:38.001Z,1737349238.0016,1.1501299142837524,1.3984489440917969,0
2025-01-20T05:00:38.501Z,1737349238.5016,1.0664963722229004,1.3984489440917969,0
2025-01-20T05:00:39.001Z,1737349239.0016,0.9497065544128418,1.3984489440917969,0
2025-01-20T05:00:39.501Z,1737349239.5016,1.002732515335083,1.3984489440917969,0
2025-01-20T05:00:40.001Z,1737349240.0016,1.167116403579712,1.3984489440917969,0
2025-01-20T05:00:40.501Z,1737349240.5016,0.938107967376709,1.3984489440917969,0
2025-01-20T05:00:41.001Z,1737349241.0016,1.2326269149780273,1.3984489440917969,0
2025-01-20T05:00:41.501Z,1737349241.5016,0.8270196318626404,1.3984489440917969,0
2025-01-20T05:00:42.001Z,1737349242.0016,0.890501856803894,1.3984489440917969,0
2025-01-20T05:00:42.501Z,1737349242.5016,0.9306090474128723,1.3984489440917969,0
2025-01-20T05:00:43.001Z,1737349243.0016,1.0780150890350342,1.3984489440917969,0
2025-01-20T05:00:43.501Z,1737349243.5016,0.7779412269592285,1.3984489440917969,0
2025-01-20T05:00:44.001Z,1737349244.0016,0.915361762046814,1.3984489440917969,0
2025-01-20T05:00:44.501Z,1737349244.5016,1.0627861022949219,1.3984489440917969,0
2025-01-20T05:00:45.001Z,1737349245.0016,0.9667845964431763,1.3984489440917969,0
2025-01-20T05:00:45.501Z,1737349245.5016,1.0384169816970825,1.3984489440917969,0
2025-01-20T05:00:46.001Z,1737349246.0016,0.8694251775741577,1.3984489440917969,0
2025-01-20T05:00:46.501Z,1737349246.5016,0.8522106409072876,1.3984489440917969,0
2025-01-20T05:00:47.001Z,1737349247.0016,1.0923030376434326,1.3984489440917969,0
2025-01-20T05:00:47.501Z,1737349247.5016,0.842182993888855,1.3984489440917969,0
2025-01-20T05:00:48.001Z,1737349248.0016,0.8220926523208618,1.3984489440917969,0
2025-01-20T05:00:48.501Z,1737349248.5016,0.8741401433944702,1.3984489440917969,0
2025-01-20T05:00:49.001Z,1737349249.0016,0.8336284160614014,1.3984489440917969,0
2025-01-20T05:00:49.501Z,1737349249.5016,0.8238966464996338,1.3984489440917969,0
2025-01-20T05:00:50.001Z,1737349250.0016,0.9746066927909851,1.3984489440917969,0
2025-01-20T05:00:50.501Z,1737349250.5016,0.860852837562561,1.3984489440917969,0
2025-01-20T05:00:51.001Z,1737349251.0016,0.8693162798881531,1.3984489440917969,0
2025-01-20T05:00:51.501Z,1737349251.5016,0.9032833576202393,1.3984489440917969,0
2025-01-20T05:00:52.001Z,1737349252.0016,1.0021649599075317,1.3984489440917969,0
2025-01-20T05:00:52.501Z,1737349252.5016,0.9906599521636963,1.3984489440917969,0
2025-01-20T05:00:53.001Z,1737349253.0016,1.1488237380981445,1.3984489440917969,0
2025-01-20T05:00:53.501Z,1737349253.5016,0.9949988126754761,1.3984489440917969,0
2025-01-20T05:00:54.001Z,1737349254.0016,0.8096860647201538,1.3984489440917969,0
2025-01-20T05:00:54.501Z,1737349254.5016,1.0216463804244995,1.3984489440917969,0
2025-01-20T05:00:55.001Z,1737349255.0016,1.1754732131958008,1.3984489440917969,0
2025-01-20T05:00:55.501Z,1737349255.5016,0.8376579284667969,1.3984489440917969,0
2025-01-20T05:00:56.001Z,1737349256.0016,0.929874062538147,1.3984489440917969,0
2025-01-20T05:00:56.501Z,1737349256.5016,0.9810072779655457,1.3984489440917969,0
2025-01-20T05:00:57.001Z,1737349257.0016,0.9821793437004089,1.3984489440917969,0
2025-01-20T05:00:57.501Z,1737349257.5016,0.9146654605865479,1.3984489440917969,0
2025-01-20T05:00:58.001Z,1737349258.0016,0.8388758897781372,1.3984489440917969,0
2025-01-20T05:00:58.501Z,1737349258.5016,1.192946195602417,1.3984489440917969,0
2025-01-20T05:00:59.001Z,1737349259.0016,1.0916603803634644,1.3984489440917969,0
2025-01-20T05:00:59.501Z,1737349259.5016,0.8300865888595581,1.3984489440917969,0
2025-01-20T05:01:00.001Z,1737349260.0016,1.087693691253662,1.3984489440917969,0
2025-01-20T05:01:00.501Z,1737349260.5016,0.8411383628845215,1.3984489440917969,0
2025-01-20T05:01:01.001Z,1737349261.0016,1.0031119585037231,1.3984489440917969,0
2025-01-20T05:01:01.501Z,1737349261.5016,0.9907218217849731,1.3984489440917969,0
2025-01-20T05:01:02.001Z,1737349262.0016,1.0437791347503662,1.3984489440917969,0
2025-01-20T05:01:02.501Z,1737349262.5016,0.9566982984542847,1.3984489440917969,0
2025-01-20T05:01:03.001Z,1737349263.0016,1.0505545139312744,1.3984489440917969,0
2025-01-20T05:01:03.501Z,1737349263.5016,0.9652320146560669,1.3984489440917969,0
2025-01-20T05:01:04.001Z,1737349264.0016,0.932916522026062,1.3984489440917969,0
2025-01-20T05:01:04.501Z,1737349264.5016,1.0103874206542969,1.3984489440917969,0
2025-01-20T05:01:05.001Z,1737349265.0016,1.0338075160980225,1.3984489440917969,0
2025-01-20T05:01:05.501Z,1737349265.5016,0.9861128330230713,1.3984489440917969,0
2025-01-20T05:01:06.001Z,1737349266.0016,0.8754026293754578,1.3984489440917969,0
2025-01-20T05:01:06.501Z,1737349266.5016,0.7732208967208862,1.3984489440917969,0
2025-01-20T05:01:07.001Z,1737349267.0016,0.8246680498123169,1.3984489440917969,0
2025-01-20T05:01:07.501Z,1737349267.5016,0.9076594710350037,1.3984489440917969,0
2025-01-20T05:01:08.001Z,1737349268.0016,0.8391967415809631,1.3984489440917969,0
2025-01-20T05:01:08.501Z,1737349268.5016,0.9791246056556702,1.3984489440917969,0
2025-01-20T05:01:09.001Z,1737349269.0016,1.0222666263580322,1.3984489440917969,0
2025-01-20T05:01:09.501Z,1737349269.5016,0.9508739709854126,1.3984489440917969,0
2025-01-20T05:01:10.001Z,1737349270.0016,0.9173156023025513,1.3984489440917969,0
2025-01-20T05:01:10.501Z,1737349270.5016,0.7643643617630005,1.3984489440917969,0
2025-01-20T05:01:11.001Z,1737349271.0016,0.8048908710479736,1.3984489440917969,0
2025-01-20T05:01:11.501Z,1737349271.5016,0.8368443846702576,1.3984489440917969,0
2025-01-20T05:01:12.001Z,1737349272.0016,1.098559856414795,1.3984489440917969,0
2025-01-20T05:01:12.501Z,1737349272.5016,1.0148264169692993,1.3984489440917969,0
2025-01-20T05:01:13.001Z,1737349273.0016,1.119924783706665,1.3984489440917969,0
2025-01-20T05:01:13.501Z,1737349273.5016,0.7710727453231812,1.3984489440917969,0
2025-01-20T05:01:14.001Z,1737349274.0016,1.0306427478790283,1.3984489440917969,0
2025-01-20T05:01:14.501Z,1737349274.5016,0.8944987058639526,1.3984489440917969,0
2025-01-20T05:01:15.001Z,1737349275.0016,1.0110313892364502,1.3984489440917969,0
2025-01-20T05:01:15.501Z,1737349275.5016,1.1746909618377686,1.3984489440917969,0
2025-01-20T05:01:16.001Z,1737349276.0016,1.1427799463272095,1.3984489440917969,0
2025-01-20T05:01:16.501Z,1737349276.5016,0.8988430500030518,1.3984489440917969,0
2025-01-20T05:01:17.001Z,1737349277.0016,0.9902766942977905,1.3984489440917969,0
2025-01-20T05:01:17.501Z,1737349277.5016,0.8411661386489868,1.3984489440917969,0
2025-01-20T05:01:18.001Z,1737349278.0016,0.8658163547515869,1.3984489440917969,0
2025-01-20T05:01:18.501Z,1737349278.5016,0.8192939758300781,1.3984489440917969,0
2025-01-20T05:01:19.001Z,1737349279.0016,1.010033130645752,1.3984489440917969,0
2025-01-20T05:01:19.501Z,1737349279.5016,1.0088587999343872,1.3984489440917969,0
2025-01-20T05:01:20.001Z,1737349280.0016,0.899530291557312,1.3984489440917969,0
2025-01-20T05:01:20.501Z,1737349280.5016,1.1681500673294067,1.3984489440917969,0
2025-01-20T05:01:21.001Z,1737349281.0016,0.8637560606002808,1.3984489440917969,0
2025-01-20T05:01:21.501Z,1737349281.5016,0.8166589736938477,1.3984489440917969,0
2025-01-20T05:01:22.001Z,1737349282.0016,0.8591648936271667,1.3984489440917969,0
2025-01-20T05:01:22.501Z,1737349282.5016,0.8866347074508667,1.3984489440917969,0
2025-01-20T05:01:23.001Z,1737349283.0016,0.7968496084213257,1.3984489440917969,0
2025-01-20T05:01:23.501Z,1737349283.5016,1.2191293239593506,1.3984489440917969,0
2025-01-20T05:01:24.001Z,1737349284.0016,0.8668859004974365,1.3984489440917969,0
2025-01-20T05:01:24.501Z,1737349284.5016,0.8987417221069336,1.3984489440917969,0
2025-01-20T05:01:25.001Z,1737349285.0016,0.9885356426239014,1.3984489440917969,0
2025-01-20T05:01:25.501Z,1737349285.5016,1.0268186330795288,1.3984489440917969,0
2025-01-20T05:01:26.001Z,1737349286.0016,0.8072164058685303,1.3984489440917969,0
2025-01-20T05:01:26.501Z,1737349286.5016,0.9821975231170654,1.3984489440917969,0
2025-01-20T05:01:27.001Z,1737349287.0016,0.8777145147323608,1.3984489440917969,0
2025-01-20T05:01:27.501Z,1737349287.5016,0.9995919466018677,1.3984489440917969,0
2025-01-20T05:01:28.001Z,1737349288.0016,1.037245750427246,1.3984489440917969,0
2025-01-20T05:01:28.501Z,1737349288.5016,0.9489699006080627,1.3984489440917969,0
2025-01-20T05:01:29.001Z,1737349289.0016,1.0200194120407104,1.3984489440917969,0
2025-01-20T05:01:29.501Z,1737349289.5016,0.8163811564445496,1.3984489440917969,0
2025-01-20T05:01:30.001Z,1737349290.0016,0.7992738485336304,1.3984489440917969,0
2025-01-20T05:01:30.501Z,1737349290.5016,1.243149757385254,1.3984489440917969,0
2025-01-20T05:01:31.001Z,1737349291.0016,1.2045786380767822,1.3984489440917969,0
2025-01-20T05:01:31.501Z,1737349291.5016,0.7367689609527588,1.3984489440917969,0
2025-01-20T05:01:32.001Z,1737349292.0016,0.961006760597229,1.3984489440917969,0
2025-01-20T05:01:32.501Z,1737349292.5016,0.8376299738883972,1.3984489440917969,0
2025-01-20T05:01:33.001Z,1737349293.0016,0.8513946533203125,1.3984489440917969,0
2025-01-20T05:01:33.501Z,1737349293.5016,0.9569640159606934,1.3984489440917969,0
2025-01-20T05:01:34.001Z,1737349294.0016,0.928260326385498,1.3984489440917969,0
2025-01-20T05:01:34.501Z,1737349294.5016,0.9962295889854431,1.3984489440917969,0
2025-01-20T05:01:35.001Z,1737349295.0016,1.040464162826538,1.3984489440917969,0
2025-01-20T05:01:35.501Z,1737349295.5016,1.0168366432189941,1.3984489440917969,0
2025-01-20T05:01:36.001Z,1737349296.0016,0.8472766876220703,1.3984489440917969,0
2025-01-20T05:01:36.501Z,1737349296.5016,0.9502208232879639,1.3984489440917969,0
2025-01-20T05:01:37.001Z,1737349297.0016,0.9751584529876709,1.3984489440917969,0
2025-01-20T05:01:37.501Z,1737349297.5016,0.9388238191604614,1.3984489440917969,0
2025-01-20T05:01:38.001Z,1737349298.0016,1.097550630569458,1.3984489440917969,0
2025-01-20T05:01:38.501Z,1737349298.5016,1.3770625591278076,1.3984489440917969,0
2025-01-20T05:01:39.001Z,1737349299.0016,0.9421582221984863,1.3984489440917969,0
2025-01-20T05:01:39.501Z,1737349299.5016,0.7454665303230286,1.3984489440917969,0
2025-01-20T05:01:40.001Z,1737349300.0016,0.9971833229064941,1.3984489440917969,0
2025-01-20T05:01:40.501Z,1737349300.5016,1.2717366218566895,1.3984489440917969,0
2025-01-20T05:01:41.001Z,1737349301.0016,1.207188367843628,1.3984489440917969,0
2025-01-20T05:01:41.501Z,1737349301.5016,1.091214895248413,1.3984489440917969,0
2025-01-20T05:01:42.001Z,1737349302.0016,0.7891857624053955,1.3984489440917969,0
2025-01-20T05:01:42.501Z,1737349302.5016,0.7422910332679749,1.3984489440917969,0
2025-01-20T05:01:43.001Z,1737349303.0016,0.847174882888794,1.3984489440917969,0
2025-01-20T05:01:43.501Z,1737349303.5016,0.7853510975837708,1.3984489440917969,0
2025-01-20T05:01:44.001Z,1737349304.0016,1.0291582345962524,1.3984489440917969,0
2025-01-20T05:01:44.501Z,1737349304.5016,0.9296630620956421,1.3984489440917969,0
2025-01-20T05:01:45.001Z,1737349305.0016,0.821325957775116,1.3984489440917969,0
2025-01-20T05:01:45.501Z,1737349305.5016,0.9019756317138672,1.3984489440917969,0
2025-01-20T05:01:46.001Z,1737349306.0016,1.118863821029663,1.3984489440917969,0
2025-01-20T05:01:46.501Z,1737349306.5016,0.9892867803573608,1.3984489440917969,0
2025-01-20T05:01:47.001Z,1737349307.0016,1.0040371417999268,1.3984489440917969,0
2025-01-20T05:01:47.501Z,1737349307.5016,1.051369309425354,1.3984489440917969,0
2025-01-20T05:01:48.001Z,1737349308.0016,0.7042391896247864,1.3984489440917969,0
2025-01-20T05:01:48.501Z,1737349308.5016,1.0390193462371826,1.3984489440917969,0
2025-01-20T05:01:49.001Z,1737349309.0016,0.9624621868133545,1.3984489440917969,0
2025-01-20T05:01:49.501Z,1737349309.5016,0.8642328977584839,1.3984489440917969,0
2025-01-20T05:01:50.001Z,1737349310.0016,0.8466275930404663,1.3984489440917969,0
2025-01-20T05:01:50.501Z,1737349310.5016,0.8989173173904419,1.3984489440917969,0
2025-01-20T05:01:51.001Z,1737349311.0016,0.8336325883865356,1.3984489440917969,0
2025-01-20T05:01:51.501Z,1737349311.5016,0.984128475189209,1.3984489440917969,0
2025-01-20T05:01:52.001Z,1737349312.0016,1.2028846740722656,1.3984489440917969,0
2025-01-20T05:01:52.501Z,1737349312.5016,0.8210173845291138,1.3984489440917969,0
2025-01-20T05:01:53.001Z,1737349313.0016,0.7600462436676025,1.3984489440917969,0
2025-01-20T05:01:53.501Z,1737349313.5016,0.8034908771514893,1.3984489440917969,0
2025-01-20T05:01:54.001Z,1737349314.0016,1.0121712684631348,1.3984489440917969,0
2025-01-20T05:01:54.501Z,1737349314.5016,0.9227028489112854,1.3984489440917969,0
2025-01-20T05:01:55.001Z,1737349315.0016,1.2525393962860107,1.3984489440917969,0
2025-01-20T05:01:55.501Z,1737349315.5016,0.9415085315704346,1.3984489440917969,0
2025-01-20T05:01:56.001Z,1737349316.0016,0.8685845732688904,1.3984489440917969,0
2025-01-20T05:01:56.501Z,1737349316.5016,0.8076332807540894,1.3984489440917969,0
2025-01-20T05:01:57.001Z,1737349317.0016,0.8836355209350586,1.3984489440917969,0
2025-01-20T05:01:57.501Z,1737349317.5016,0.8905586004257202,1.3984489440917969,0
2025-01-20T05:01:58.001Z,1737349318.0016,0.8607099056243896,1.3984489440917969,0
2025-01-20T05:01:58.501Z,1737349318.5016,1.0470564365386963,1.3984489440917969,0
2025-01-20T05:01:59.001Z,1737349319.0016,1.078547716140747,1.3984489440917969,0
2025-01-20T05:01:59.501Z,1737349319.5016,0.9245081543922424,1.3984489440917969,0
2025-01-20T05:02:00.001Z,1737349320.0016,0.8704613447189331,1.3984489440917969,0
2025-01-20T05:02:00.501Z,1737349320.5016,0.9345003366470337,1.3984489440917969,0
2025-01-20T05:02:01.001Z,1737349321.0016,0.800150990486145,1.3984489440917969,0
2025-01-20T05:02:01.501Z,1737349321.5016,0.8734850287437439,1.3984489440917969,0
2025-01-20T05:02:02.001Z,1737349322.0016,0.8328975439071655,1.3984489440917969,0
2025-01-20T05:02:02.501Z,1737349322.5016,0.9104833602905273,1.3984489440917969,0
2025-01-20T05:02:03.001Z,1737349323.0016,1.0059919357299805,1.3984489440917969,0
2025-01-20T05:02:03.501Z,1737349323.5016,0.9354258179664612,1.3984489440917969,0
2025-01-20T05:02:04.001Z,1737349324.0016,1.1388499736785889,1.3984489440917969,0
2025-01-20T05:02:04.501Z,1737349324.5016,0.8496055006980896,1.3984489440917969,0
2025-01-20T05:02:05.001Z,1737349325.0016,0.9200761318206787,1.3984489440917969,0
2025-01-20T05:02:05.501Z,1737349325.5016,0.7825518250465393,1.3984489440917969,0
2025-01-20T05:02:06.001Z,1737349326.0016,1.0017651319503784,1.3984489440917969,0
2025-01-20T05:02:06.501Z,1737349326.5016,1.0852001905441284,1.3984489440917969,0
2025-01-20T05:02:07.001Z,1737349327.0016,0.8332639932632446,1.3984489440917969,0
2025-01-20T05:02:07.501Z,1737349327.5016,0.7789424657821655,1.3984489440917969,0
2025-01-20T05:02:08.001Z,1737349328.0016,0.8198989629745483,1.3984489440917969,0
2025-01-20T05:02:08.501Z,1737349328.5016,0.7220981121063232,1.3984489440917969,0
2025-01-20T05:02:09.001Z,1737349329.0016,0.8660260438919067,1.3984489440917969,0
2025-01-20T05:02:09.501Z,1737349329.5016,1.263871192932129,1.3984489440917969,0
2025-01-20T05:02:10.001Z,1737349330.0016,1.0394350290298462,1.3984489440917969,0
2025-01-20T05:02:10.501Z,1737349330.5016,1.015073537826538,1.3984489440917969,0
2025-01-20T05:02:11.001Z,1737349331.0016,0.9981783628463745,1.3984489440917969,0
2025-01-20T05:02:11.501Z,1737349331.5016,0.6731773614883423,1.3984489440917969,0
2025-01-20T05:02:12.001Z,1737349332.0016,0.9595972299575806,1.3984489440917969,0
2025-01-20T05:02:12.501Z,1737349332.5016,0.9447357654571533,1.3984489440917969,0
2025-01-20T05:02:13.001Z,1737349333.0016,0.8335226774215698,1.3984489440917969,0
2025-01-20T05:02:13.501Z,1737349333.5016,0.6665650606155396,1.3984489440917969,0
2025-01-20T05:02:14.001Z,1737349334.0016,0.9202537536621094,1.3984489440917969,0
2025-01-20T05:02:14.501Z,1737349334.5016,1.1187076568603516,1.3984489440917969,0
2025-01-20T05:02:15.001Z,1737349335.0016,0.8705917596817017,1.3984489440917969,0
2025-01-20T05:02:15.501Z,1737349335.5016,0.8158779144287109,1.3984489440917969,0
2025-01-20T05:02:16.001Z,1737349336.0016,0.9223783016204834,1.3984489440917969,0
2025-01-20T05:02:16.501Z,1737349336.5016,1.1896038055419922,1.3984489440917969,0
2025-01-20T05:02:17.001Z,1737349337.0016,1.1897293329238892,1.3984489440917969,0
2025-01-20T05:02:17.501Z,1737349337.5016,1.1155517101287842,1.3984489440917969,0
2025-01-20T05:02:18.001Z,1737349338.0016,1.3038268089294434,1.3984489440917969,0
2025-01-20T05:02:18.501Z,1737349338.5016,0.933752179145813,1.3984489440917969,0
2025-01-20T05:02:19.001Z,1737349339.0016,0.9915895462036133,1.3984489440917969,0
2025-01-20T05:02:19.501Z,1737349339.5016,1.0915486812591553,1.3984489440917969,0
2025-01-20T05:02:20.001Z,1737349340.0016,0.8391525745391846,1.3984489440917969,0
2025-01-20T05:02:20.501Z,1737349340.5016,1.0265649557113647,1.3984489440917969,0
2025-01-20T05:02:21.001Z,1737349341.0016,1.156192421913147,1.3984489440917969,0
2025-01-20T05:02:21.501Z,1737349341.5016,1.1696423292160034,1.3984489440917969,0
2025-01-20T05:02:22.001Z,1737349342.0016,1.1773955821990967,1.3984489440917969,0
2025-01-20T05:02:22.501Z,1737349342.5016,1.0942635536193848,1.3984489440917969,0
2025-01-20T05:02:23.001Z,1737349343.0016,0.9147869944572449,1.3984489440917969,0
2025-01-20T05:02:23.501Z,1737349343.5016,1.0791963338851929,1.3984489440917969,0
2025-01-20T05:02:24.001Z,1737349344.0016,0.9906765818595886,1.3984489440917969,0
2025-01-20T05:02:24.501Z,1737349344.5016,0.8309509754180908,1.3984489440917969,0
2025-01-20T05:02:25.001Z,1737349345.0016,0.960472583770752,1.3984489440917969,0
2025-01-20T05:02:25.501Z,1737349345.5016,0.7247992157936096,1.3984489440917969,0
2025-01-20T05:02:26.001Z,1737349346.0016,0.7558969259262085,1.3984489440917969,0
2025-01-20T05:02:26.501Z,1737349346.5016,0.8468035459518433,1.3984489440917969,0
2025-01-20T05:02:27.001Z,1737349347.0016,1.0067460536956787,1.3984489440917969,0
2025-01-20T05:02:27.501Z,1737349347.5016,1.118161678314209,1.3984489440917969,0
2025-01-20T05:02:28.001Z,1737349348.0016,1.0679482221603394,1.3984489440917969,0
2025-01-20T05:02:28.501Z,1737349348.5016,1.2446520328521729,1.3984489440917969,0
2025-01-20T05:02:29.001Z,1737349349.0016,0.975382924079895,1.3984489440917969,0
2025-01-20T05:02:29.501Z,1737349349.5016,0.7578147649765015,1.3984489440917969,0
2025-01-20T05:02:30.001Z,1737349350.0016,0.8991779088973999,1.3984489440917969,0
2025-01-20T05:02:30.501Z,1737349350.5016,0.9524556398391724,1.3984489440917969,0
2025-01-20T05:02:31.001Z,1737349351.0016,0.9064146876335144,1.3984489440917969,0
2025-01-20T05:02:31.501Z,1737349351.5016,0.8031049966812134,1.3984489440917969,0
2025-01-20T05:02:32.001Z,1737349352.0016,0.7144455313682556,1.3984489440917969,0
2025-01-20T05:02:32.501Z,1737349352.5016,0.8964958190917969,1.3984489440917969,0
2025-01-20T05:02:33.001Z,1737349353.0016,0.8005126714706421,1.3984489440917969,0
2025-01-20T05:02:33.501Z,1737349353.5016,1.0793299674987793,1.3984489440917969,0
2025-01-20T05:02:34.001Z,1737349354.0016,0.8944874405860901,1.3984489440917969,0
2025-01-20T05:02:34.501Z,1737349354.5016,0.7777165174484253,1.3984489440917969,0
2025-01-20T05:02:35.001Z,1737349355.0016,1.0745294094085693,1.3984489440917969,0
2025-01-20T05:02:35.501Z,1737349355.5016,0.7889581918716431,1.3984489440917969,0
2025-01-20T05:02:36.001Z,1737349356.0016,0.9595010280609131,1.3984489440917969,0
2025-01-20T05:02:36.501Z,1737349356.5016,1.0061390399932861,1.3984489440917969,0
2025-01-20T05:02:37.001Z,1737349357.0016,0.9389941096305847,1.3984489440917969,0
2025-01-20T05:02:37.501Z,1737349357.5016,1.09360933303833,1.3984489440917969,0
2025-01-20T05:02:38.001Z,1737349358.0016,1.1680611371994019,1.3984489440917969,0
2025-01-20T05:02:38.501Z,1737349358.5016,0.8954235315322876,1.3984489440917969,0
2025-01-20T05:02:39.001Z,1737349359.0016,0.7563537359237671,1.3984489440917969,0
2025-01-20T05:02:39.501Z,1737349359.5016,1.0128610134124756,1.3984489440917969,0
2025-01-20T05:02:40.001Z,1737349360.0016,0.8933571577072144,1.3984489440917969,0
2025-01-20T05:02:40.501Z,1737349360.5016,1.1717699766159058,1.3984489440917969,0
2025-01-20T05:02:41.001Z,1737349361.0016,1.0948760509490967,1.3984489440917969,0
2025-01-20T05:02:41.501Z,1737349361.5016,0.922447681427002,1.3984489440917969,0
2025-01-20T05:02:42.001Z,1737349362.0016,0.9897670149803162,1.3984489440917969,0
2025-01-20T05:02:42.501Z,1737349362.5016,1.2095497846603394,1.3984489440917969,0
2025-01-20T05:02:43.001Z,1737349363.0016,0.9985523223876953,1.3984489440917969,0
2025-01-20T05:02:43.501Z,1737349363.5016,1.050600290298462,1.3984489440917969,0
2025-01-20T05:02:44.001Z,1737349364.0016,1.2252724170684814,1.3984489440917969,0
2025-01-20T05:02:44.501Z,1737349364.5016,0.973816454410553,1.3984489440917969,0
2025-01-20T05:02:45.001Z,1737349365.0016,0.9701001644134521,1.3984489440917969,0
2025-01-20T05:02:45.501Z,1737349365.5016,1.1103246212005615,1.3984489440917969,0
2025-01-20T05:02:46.001Z,1737349366.0016,0.8046643137931824,1.3984489440917969,0
2025-01-20T05:02:46.501Z,1737349366.5016,0.9851101636886597,1.3984489440917969,0
2025-01-20T05:02:47.001Z,1737349367.0016,0.8663533926010132,1.3984489440917969,0
2025-01-20T05:02:47.501Z,1737349367.5016,0.6705542206764221,1.3984489440917969,0
2025-01-20T05:02:48.001Z,1737349368.0016,0.9025357365608215,1.3984489440917969,0
2025-01-20T05:02:48.501Z,1737349368.5016,0.942845344543457,1.3984489440917969,0
2025-01-20T05:02:49.001Z,1737349369.0016,1.0077192783355713,1.3984489440917969,0
2025-01-20T05:02:49.501Z,1737349369.5016,1.215839147567749,1.3984489440917969,0
2025-01-20T05:02:50.001Z,1737349370.0016,0.8874539732933044,1.3984489440917969,0
2025-01-20T05:02:50.501Z,1737349370.5016,0.9471597671508789,1.3984489440917969,0
2025-01-20T05:02:51.001Z,1737349371.0016,0.8018138408660889,1.3984489440917969,0
2025-01-20T05:02:51.501Z,1737349371.5016,0.9954460263252258,1.3984489440917969,0
2025-01-20T05:02:52.001Z,1737349372.0016,0.7737928628921509,1.3984489440917969,0
2025-01-20T05:02:52.501Z,1737349372.5016,0.7054456472396851,1.3984489440917969,0
2025-01-20T05:02:53.001Z,1737349373.0016,0.8856606483459473,1.3984489440917969,0
2025-01-20T05:02:53.501Z,1737349373.5016,0.6965741515159607,1.3984489440917969,0
2025-01-20T05:02:54.001Z,1737349374.0016,0.8855103254318237,1.3984489440917969,0
2025-01-20T05:02:54.501Z,1737349374.5016,0.7883460521697998,1.3984489440917969,0
2025-01-20T05:02:55.001Z,1737349375.0016,0.9838868975639343,1.3984489440917969,0
2025-01-20T05:02:55.501Z,1737349375.5016,0.964941143989563,1.3984489440917969,0
2025-01-20T05:02:56.001Z,1737349376.0016,0.9296717643737793,1.3984489440917969,0
2025-01-20T05:02:56.501Z,1737349376.5016,1.1070034503936768,1.3984489440917969,0
2025-01-20T05:02:57.001Z,1737349377.0016,1.1912860870361328,1.3984489440917969,0
2025-01-20T05:02:57.501Z,1737349377.5016,0.9046945571899414,1.3984489440917969,0
2025-01-20T05:02:58.001Z,1737349378.0016,0.7817158699035645,1.3984489440917969,0
2025-01-20T05:02:58.501Z,1737349378.5016,0.6518570184707642,1.3984489440917969,0
2025-01-20T05:02:59.001Z,1737349379.0016,0.9764465093612671,1.3984489440917969,0
2025-01-20T05:02:59.501Z,1737349379.5016,0.8231452703475952,1.3984489440917969,0
2025-01-20T05:03:00.001Z,1737349380.0016,0.9021443128585815,1.3984489440917969,0
2025-01-20T05:03:00.501Z,1737349380.5016,1.0125846862792969,1.3984489440917969,0
2025-01-20T05:03:01.001Z,1737349381.0016,1.0906035900115967,1.3984489440917969,0
2025-01-20T05:03:01.501Z,1737349381.5016,1.0914816856384277,1.3984489440917969,0
2025-01-20T05:03:02.001Z,1737349382.0016,1.0696591138839722,1.3984489440917969,0
2025-01-20T05:03:02.501Z,1737349382.5016,1.0242748260498047,1.3984489440917969,0
2025-01-20T05:03:03.001Z,1737349383.0016,1.0189355611801147,1.3984489440917969,0
2025-01-20T05:03:03.501Z,1737349383.5016,1.0127017498016357,1.3984489440917969,0
2025-01-20T05:03:04.001Z,1737349384.0016,0.8658080101013184,1.3984489440917969,0
2025-01-20T05:03:04.501Z,1737349384.5016,0.8835616111755371,1.3984489440917969,0
2025-01-20T05:03:05.001Z,1737349385.0016,0.9968733787536621,1.3984489440917969,0
2025-01-20T05:03:05.501Z,1737349385.5016,1.0985345840454102,1.3984489440917969,0
2025-01-20T05:03:06.001Z,1737349386.0016,1.2964407205581665,1.3984489440917969,0
2025-01-20T05:03:06.501Z,1737349386.5016,1.1484081745147705,1.3984489440917969,0
2025-01-20T05:03:07.001Z,1737349387.0016,0.8339991569519043,1.3984489440917969,0
2025-01-20T05:03:07.501Z,1737349387.5016,0.8900421857833862,1.3984489440917969,0
2025-01-20T05:03:08.001Z,1737349388.0016,0.8849622011184692,1.3984489440917969,0
2025-01-20T05:03:08.501Z,1737349388.5016,0.9906730651855469,1.3984489440917969,0
2025-01-20T05:03:09.001Z,1737349389.0016,0.7799953818321228,1.3984489440917969,0
2025-01-20T05:03:09.501Z,1737349389.5016,1.080679178237915,1.3984489440917969,0
2025-01-20T05:03:10.001Z,1737349390.0016,0.9305242300033569,1.3984489440917969,0
2025-01-20T05:03:10.501Z,1737349390.5016,1.0725080966949463,1.3984489440917969,0
2025-01-20T05:03:11.001Z,1737349391.0016,1.0295699834823608,1.3984489440917969,0
2025-01-20T05:03:11.501Z,1737349391.5016,0.8298451900482178,1.3984489440917969,0
2025-01-20T05:03:12.001Z,1737349392.0016,1.0078771114349365,1.3984489440917969,0
2025-01-20T05:03:12.501Z,1737349392.5016,0.8670357465744019,1.3984489440917969,0
2025-01-20T05:03:13.001Z,1737349393.0016,0.7835509777069092,1.3984489440917969,0
2025-01-20T05:03:13.501Z,1737349393.5016,0.9391539096832275,1.3984489440917969,0
2025-01-20T05:03:14.001Z,1737349394.0016,0.9800507426261902,1.3984489440917969,0
2025-01-20T05:03:14.501Z,1737349394.5016,0.8395062685012817,1.3984489440917969,0
2025-01-20T05:03:15.001Z,1737349395.0016,1.158629059791565,1.3984489440917969,0
2025-01-20T05:03:15.501Z,1737349395.5016,0.7943642735481262,1.3984489440917969,0
2025-01-20T05:03:16.001Z,1737349396.0016,0.9451018571853638,1.3984489440917969,0
2025-01-20T05:03:16.501Z,1737349396.5016,0.9227274656295776,1.3984489440917969,0
2025-01-20T05:03:17.001Z,1737349397.0016,0.9127523303031921,1.3984489440917969,0
2025-01-20T05:03:17.501Z,1737349397.5016,0.9834883213043213,1.3984489440917969,0
2025-01-20T05:03:18.001Z,1737349398.0016,1.0242247581481934,1.3984489440917969,0
2025-01-20T05:03:18.501Z,1737349398.5016,0.8522799015045166,1.3984489440917969,0
2025-01-20T05:03:19.001Z,1737349399.0016,0.8622359037399292,1.3984489440917969,0
2025-01-20T05:03:19.501Z,1737349399.5016,0.9356368780136108,1.3984489440917969,0
2025-01-20T05:03:20.001Z,1737349400.0016,1.0126574039459229,1.3984489440917969,0
2025-01-20T05:03:20.501Z,1737349400.5016,0.998292088508606,1.3984489440917969,0
2025-01-20T05:03:21.001Z,1737349401.0016,0.9209693670272827,1.3984489440917969,0
2025-01-20T05:03:21.501Z,1737349401.5016,1.0922083854675293,1.3984489440917969,0
2025-01-20T05:03:22.001Z,1737349402.0016,0.9107000231742859,1.3984489440917969,0
2025-01-20T05:03:22.501Z,1737349402.5016,0.7574582695960999,1.3984489440917969,0
2025-01-20T05:03:23.001Z,1737349403.0016,1.0363905429840088,1.3984489440917969,0
2025-01-20T05:03:23.501Z,1737349403.5016,1.2041001319885254,1.3984489440917969,0
2025-01-20T05:03:24.001Z,1737349404.0016,1.0424885749816895,1.3984489440917969,0
2025-01-20T05:03:24.501Z,1737349404.5016,0.9823865294456482,1.3984489440917969,0
2025-01-20T05:03:25.001Z,1737349405.0016,0.7937594652175903,1.3984489440917969,0
2025-01-20T05:03:25.501Z,1737349405.5016,0.8608982563018799,1.3984489440917969,0
2025-01-20T05:03:26.001Z,1737349406.0016,0.6897587776184082,1.3984489440917969,0
2025-01-20T05:03:26.501Z,1737349406.5016,0.9573522806167603,1.3984489440917969,0
2025-01-20T05:03:27.001Z,1737349407.0016,1.1485886573791504,1.3984489440917969,0
2025-01-20T05:03:27.501Z,1737349407.5016,0.9606271386146545,1.3984489440917969,0
2025-01-20T05:03:28.001Z,1737349408.0016,0.833795428276062,1.3984489440917969,0
2025-01-20T05:03:28.501Z,1737349408.5016,0.8981332778930664,1.3984489440917969,0
2025-01-20T05:03:29.001Z,1737349409.0016,0.9075151681900024,1.3984489440917969,0
2025-01-20T05:03:29.501Z,1737349409.5016,0.9724090099334717,1.3984489440917969,0
2025-01-20T05:03:30.001Z,1737349410.0016,0.9125626683235168,1.3984489440917969,0
2025-01-20T05:03:30.501Z,1737349410.5016,0.9684706926345825,1.3984489440917969,0
2025-01-20T05:03:31.001Z,1737349411.0016,0.9552257061004639,1.3984489440917969,0
2025-01-20T05:03:31.501Z,1737349411.5016,0.9807636141777039,1.3984489440917969,0
2025-01-20T05:03:32.001Z,1737349412.0016,1.1162328720092773,1.3984489440917969,0
2025-01-20T05:03:32.501Z,1737349412.5016,0.8692014217376709,1.3984489440917969,0
2025-01-20T05:03:33.001Z,1737349413.0016,1.0289443731307983,1.3984489440917969,0
2025-01-20T05:03:33.501Z,1737349413.5016,1.0455641746520996,1.3984489440917969,0
2025-01-20T05:03:34.001Z,1737349414.0016,1.26759934425354,1.3984489440917969,0
2025-01-20T05:03:34.501Z,1737349414.5016,1.1730973720550537,1.3984489440917969,0
2025-01-20T05:03:35.001Z,1737349415.0016,0.766372561454773,1.3984489440917969,0
2025-01-20T05:03:35.501Z,1737349415.5016,0.9058372378349304,1.3984489440917969,0
2025-01-20T05:03:36.001Z,1737349416.0016,0.9755896329879761,1.3984489440917969,0
2025-01-20T05:03:36.501Z,1737349416.5016,1.241249680519104,1.3984489440917969,0
2025-01-20T05:03:37.001Z,1737349417.0016,0.9762363433837891,1.3984489440917969,0
2025-01-20T05:03:37.501Z,1737349417.5016,0.9516239166259766,1.3984489440917969,0
2025-01-20T05:03:38.001Z,1737349418.0016,1.0609948635101318,1.3984489440917969,0
2025-01-20T05:03:38.501Z,1737349418.5016,0.8646948337554932,1.3984489440917969,0
2025-01-20T05:03:39.001Z,1737349419.0016,1.0214923620224,1.3984489440917969,0
2025-01-20T05:03:39.501Z,1737349419.5016,1.0269207954406738,1.3984489440917969,0
2025-01-20T05:03:40.001Z,1737349420.0016,0.7961260080337524,1.3984489440917969,0
2025-01-20T05:03:40.501Z,1737349420.5016,0.8815178871154785,1.3984489440917969,0
2025-01-20T05:03:41.001Z,1737349421.0016,1.0241016149520874,1.3984489440917969,0
2025-01-20T05:03:41.501Z,1737349421.5016,1.0181130170822144,1.3984489440917969,0
2025-01-20T05:03:42.001Z,1737349422.0016,0.8898086547851562,1.3984489440917969,0
2025-01-20T05:03:42.501Z,1737349422.5016,0.8360315561294556,1.3984489440917969,0
2025-01-20T05:03:43.001Z,1737349423.0016,0.7954903841018677,1.3984489440917969,0
2025-01-20T05:03:43.501Z,1737349423.5016,0.9397350549697876,1.3984489440917969,0
2025-01-20T05:03:44.001Z,1737349424.0016,1.0726364850997925,1.3984489440917969,0
2025-01-20T05:03:44.501Z,1737349424.5016,0.8162742257118225,1.3984489440917969,0
2025-01-20T05:03:45.001Z,1737349425.0016,1.080574631690979,1.3984489440917969,0
2025-01-20T05:03:45.501Z,1737349425.5016,1.0065498352050781,1.3984489440917969,0
2025-01-20T05:03:46.001Z,1737349426.0016,0.9641520977020264,1.3984489440917969,0
2025-01-20T05:03:46.501Z,1737349426.5016,0.9811546802520752,1.3984489440917969,0
2025-01-20T05:03:47.001Z,1737349427.0016,1.0871479511260986,1.3984489440917969,0
2025-01-20T05:03:47.501Z,1737349427.5016,0.8381924629211426,1.3984489440917969,0
2025-01-20T05:03:48.001Z,1737349428.0016,1.0539090633392334,1.3984489440917969,0
2025-01-20T05:03:48.501Z,1737349428.5016,0.7996538877487183,1.3984489440917969,0
2025-01-20T05:03:49.001Z,1737349429.0016,0.9531224966049194,1.3984489440917969,0
2025-01-20T05:03:49.501Z,1737349429.5016,0.9634358882904053,1.3984489440917969,0
2025-01-20T05:03:50.001Z,1737349430.0016,1.1131374835968018,1.3984489440917969,0
2025-01-20T05:03:50.501Z,1737349430.5016,1.076879620552063,1.3984489440917969,0
2025-01-20T05:03:51.001Z,1737349431.0016,0.9212728142738342,1.3984489440917969,0
2025-01-20T05:03:51.501Z,1737349431.5016,0.915579617023468,1.3984489440917969,0
2025-01-20T05:03:52.001Z,1737349432.0016,0.9496884346008301,1.3984489440917969,0
2025-01-20T05:03:52.501Z,1737349432.5016,0.8401721715927124,1.3984489440917969,0
2025-01-20T05:03:53.001Z,1737349433.0016,0.8625064492225647,1.3984489440917969,0
2025-01-20T05:03:53.501Z,1737349433.5016,0.7540157437324524,1.3984489440917969,0
2025-01-20T05:03:54.001Z,1737349434.0016,0.9232048988342285,1.3984489440917969,0
2025-01-20T05:03:54.501Z,1737349434.5016,0.8144481182098389,1.3984489440917969,0
2025-01-20T05:03:55.001Z,1737349435.0016,0.912599503993988,1.3984489440917969,0
2025-01-20T05:03:55.501Z,1737349435.5016,0.8915969133377075,1.3984489440917969,0
2025-01-20T05:03:56.001Z,1737349436.0016,1.2352076768875122,1.3984489440917969,0
2025-01-20T05:03:56.501Z,1737349436.5016,1.4114642143249512,1.3984489440917969,0
2025-01-20T05:03:57.001Z,1737349437.0016,0.8268877267837524,1.3984489440917969,0
2025-01-20T05:03:57.501Z,1737349437.5016,1.0386677980422974,1.3984489440917969,0
2025-01-20T05:03:58.001Z,1737349438.0016,1.02490234375,1.3984489440917969,0
2025-01-20T05:03:58.501Z,1737349438.5016,0.9096711874008179,1.3984489440917969,0
2025-01-20T05:03:59.001Z,1737349439.0016,0.7308528423309326,1.3984489440917969,0
2025-01-20T05:03:59.501Z,1737349439.5016,0.8269566297531128,1.3984489440917969,0
2025-01-20T05:04:00.001Z,1737349440.0016,0.7622827291488647,1.3984489440917969,0
2025-01-20T05:04:00.501Z,1737349440.5016,1.0319130420684814,1.3984489440917969,0
2025-01-20T05:04:01.001Z,1737349441.0016,0.8265012502670288,1.3984489440917969,0
2025-01-20T05:04:01.501Z,1737349441.5016,0.8578975200653076,1.3984489440917969,0
2025-01-20T05:04:02.001Z,1737349442.0016,0.8097382187843323,1.3984489440917969,0
2025-01-20T05:04:02.501Z,1737349442.5016,0.8274484872817993,1.3984489440917969,0
2025-01-20T05:04:03.001Z,1737349443.0016,1.1424123048782349,1.3984489440917969,0
2025-01-20T05:04:03.501Z,1737349443.5016,0.848747730255127,1.3984489440917969,0
2025-01-20T05:04:04.001Z,1737349444.0016,1.138667106628418,1.3984489440917969,0
2025-01-20T05:04:04.501Z,1737349444.5016,0.8270182609558105,1.3984489440917969,0
2025-01-20T05:04:05.001Z,1737349445.0016,0.8235205411911011,1.3984489440917969,0
2025-01-20T05:04:05.501Z,1737349445.5016,0.9431840181350708,1.3984489440917969,0
2025-01-20T05:04:06.001Z,1737349446.0016,0.8948110938072205,1.3984489440917969,0
2025-01-20T05:04:06.501Z,1737349446.5016,0.9083050489425659,1.3984489440917969,0
2025-01-20T05:04:07.001Z,1737349447.0016,0.8857229351997375,1.3984489440917969,0
2025-01-20T05:04:07.501Z,1737349447.5016,1.081986665725708,1.3984489440917969,0
2025-01-20T05:04:08.001Z,1737349448.0016,1.3767189979553223,1.3984489440917969,0
2025-01-20T05:04:08.501Z,1737349448.5016,1.0861539840698242,1.3984489440917969,0
2025-01-20T05:04:09.001Z,1737349449.0016,1.2772575616836548,1.3984489440917969,0
2025-01-20T05:04:09.501Z,1737349449.5016,0.9825811386108398,1.3984489440917969,0
2025-01-20T05:04:10.001Z,1737349450.0016,0.966389536857605,1.3984489440917969,0
2025-01-20T05:04:10.501Z,1737349450.5016,1.0894174575805664,1.3984489440917969,0
2025-01-20T05:04:11.001Z,1737349451.0016,0.7945346832275391,1.3984489440917969,0
2025-01-20T05:04:11.501Z,1737349451.5016,0.8243962526321411,1.3984489440917969,0
2025-01-20T05:04:12.001Z,1737349452.0016,0.8654024600982666,1.3984489440917969,0
2025-01-20T05:04:12.501Z,1737349452.5016,1.076869249343872,1.3984489440917969,0
2025-01-20T05:04:13.001Z,1737349453.0016,0.8639563322067261,1.3984489440917969,0
2025-01-20T05:04:13.501Z,1737349453.5016,1.0589587688446045,1.3984489440917969,0
2025-01-20T05:04:14.001Z,1737349454.0016,1.0393365621566772,1.3984489440917969,0
2025-01-20T05:04:14.501Z,1737349454.5016,0.8443408608436584,1.3984489440917969,0
2025-01-20T05:04:15.001Z,1737349455.0016,1.0920864343643188,1.3984489440917969,0
2025-01-20T05:04:15.501Z,1737349455.5016,1.0698210000991821,1.3984489440917969,0
2025-01-20T05:04:16.001Z,1737349456.0016,0.9776914119720459,1.3984489440917969,0
2025-01-20T05:04:16.501Z,1737349456.5016,0.8574966192245483,1.3984489440917969,0
2025-01-20T05:04:17.001Z,1737349457.0016,0.8959280252456665,1.3984489440917969,0
2025-01-20T05:04:17.501Z,1737349457.5016,0.9050301909446716,1.3984489440917969,0
2025-01-20T05:04:18.001Z,1737349458.0016,0.8456116914749146,1.3984489440917969,0
2025-01-20T05:04:18.501Z,1737349458.5016,0.847553014755249,1.3984489440917969,0
2025-01-20T05:04:19.001Z,1737349459.0016,0.9898169040679932,1.3984489440917969,0
2025-01-20T05:04:19.501Z,1737349459.5016,0.9791957139968872,1.3984489440917969,0
2025-01-20T05:04:20.001Z,1737349460.0016,1.0763320922851562,1.3984489440917969,0
2025-01-20T05:04:20.501Z,1737349460.5016,0.8739410042762756,1.3984489440917969,0
2025-01-20T05:04:21.001Z,1737349461.0016,0.8897679448127747,1.3984489440917969,0
2025-01-20T05:04:21.501Z,1737349461.5016,0.9181582927703857,1.3984489440917969,0
2025-01-20T05:04:22.001Z,1737349462.0016,0.9042683839797974,1.3984489440917969,0
2025-01-20T05:04:22.501Z,1737349462.5016,0.689495861530304,1.3984489440917969,0
2025-01-20T05:04:23.001Z,1737349463.0016,0.9847898483276367,1.3984489440917969,0
2025-01-20T05:04:23.501Z,1737349463.5016,0.8598010540008545,1.3984489440917969,0
2025-01-20T05:04:24.001Z,1737349464.0016,0.9839143753051758,1.3984489440917969,0
2025-01-20T05:04:24.501Z,1737349464.5016,0.9686082005500793,1.3984489440917969,0
2025-01-20T05:04:25.001Z,1737349465.0016,1.0446913242340088,1.3984489440917969,0
2025-01-20T05:04:25.501Z,1737349465.5016,1.1670372486114502,1.3984489440917969,0
2025-01-20T05:04:26.001Z,1737349466.0016,0.958991289138794,1.3984489440917969,0
2025-01-20T05:04:26.501Z,1737349466.5016,0.9647437334060669,1.3984489440917969,0
2025-01-20T05:04:27.001Z,1737349467.0016,1.0832877159118652,1.3984489440917969,0
2025-01-20T05:04:27.501Z,1737349467.5016,1.0492498874664307,1.3984489440917969,0
2025-01-20T05:04:28.001Z,1737349468.0016,0.8574864864349365,1.3984489440917969,0
2025-01-20T05:04:28.501Z,1737349468.5016,0.9697840213775635,1.3984489440917969,0
2025-01-20T05:04:29.001Z,1737349469.0016,0.9746187925338745,1.3984489440917969,0
2025-01-20T05:04:29.501Z,1737349469.5016,0.7408534288406372,1.3984489440917969,0
2025-01-20T05:04:30.001Z,1737349470.0016,0.8275871872901917,1.3984489440917969,0
2025-01-20T05:04:30.501Z,1737349470.5016,0.9499302506446838,1.3984489440917969,0
2025-01-20T05:04:31.001Z,1737349471.0016,0.9384334683418274,1.3984489440917969,0
2025-01-20T05:04:31.501Z,1737349471.5016,1.062222957611084,1.3984489440917969,0
2025-01-20T05:04:32.001Z,1737349472.0016,0.9458658695220947,1.3984489440917969,0
2025-01-20T05:04:32.501Z,1737349472.5016,0.8065091371536255,1.3984489440917969,0
2025-01-20T05:04:33.001Z,1737349473.0016,0.7905105352401733,1.3984489440917969,0
2025-01-20T05:04:33.501Z,1737349473.5016,0.6771460771560669,1.3984489440917969,0
2025-01-20T05:04:34.001Z,1737349474.0016,1.069896936416626,1.3984489440917969,0
2025-01-20T05:04:34.501Z,1737349474.5016,1.2384908199310303,1.3984489440917969,0
2025-01-20T05:04:35.001Z,1737349475.0016,0.9524200558662415,1.3984489440917969,0
2025-01-20T05:04:35.501Z,1737349475.5016,1.033773422241211,1.3984489440917969,0
2025-01-20T05:04:36.001Z,1737349476.0016,1.1363327503204346,1.3984489440917969,0
2025-01-20T05:04:36.501Z,1737349476.5016,0.7865486145019531,1.3984489440917969,0
2025-01-20T05:04:37.001Z,1737349477.0016,0.690479040145874,1.3984489440917969,0
2025-01-20T05:04:37.501Z,1737349477.5016,0.8901722431182861,1.3984489440917969,0
2025-01-20T05:04:38.001Z,1737349478.0016,1.0059731006622314,1.3984489440917969,0
2025-01-20T05:04:38.501Z,1737349478.5016,1.1458415985107422,1.3984489440917969,0
2025-01-20T05:04:39.001Z,1737349479.0016,0.7465192079544067,1.3984489440917969,0
2025-01-20T05:04:39.501Z,1737349479.5016,1.0173437595367432,1.3984489440917969,0
2025-01-20T05:04:40.001Z,1737349480.0016,1.1856071949005127,1.3984489440917969,0
2025-01-20T05:04:40.501Z,1737349480.5016,0.940885066986084,1.3984489440917969,0
2025-01-20T05:04:41.001Z,1737349481.0016,0.8254867792129517,1.3984489440917969,0
2025-01-20T05:04:41.501Z,1737349481.5016,1.3309941291809082,1.3984489440917969,0
2025-01-20T05:04:42.001Z,1737349482.0016,0.8547406196594238,1.3984489440917969,0
2025-01-20T05:04:42.501Z,1737349482.5016,1.1298491954803467,1.3984489440917969,0
2025-01-20T05:04:43.001Z,1737349483.0016,0.8984386920928955,1.3984489440917969,0
2025-01-20T05:04:43.501Z,1737349483.5016,1.0908234119415283,1.3984489440917969,0
2025-01-20T05:04:44.001Z,1737349484.0016,1.061020851135254,1.3984489440917969,0
2025-01-20T05:04:44.501Z,1737349484.5016,1.055101990699768,1.3984489440917969,0
2025-01-20T05:04:45.001Z,1737349485.0016,0.9656897187232971,1.3984489440917969,0
2025-01-20T05:04:45.501Z,1737349485.5016,0.7461809515953064,1.3984489440917969,0
2025-01-20T05:04:46.001Z,1737349486.0016,0.9538991451263428,1.3984489440917969,0
2025-01-20T05:04:46.501Z,1737349486.5016,1.0374963283538818,1.3984489440917969,0
2025-01-20T05:04:47.001Z,1737349487.0016,1.0796310901641846,1.3984489440917969,0
2025-01-20T05:04:47.501Z,1737349487.5016,1.156032919883728,1.3984489440917969,0
2025-01-20T05:04:48.001Z,1737349488.0016,0.8011540770530701,1.3984489440917969,0
2025-01-20T05:04:48.501Z,1737349488.5016,0.8305572867393494,1.3984489440917969,0
2025-01-20T05:04:49.001Z,1737349489.0016,0.8550032377243042,1.3984489440917969,0
2025-01-20T05:04:49.501Z,1737349489.5016,0.8508859872817993,1.3984489440917969,0
2025-01-20T05:04:50.001Z,1737349490.0016,0.9395670890808105,1.3984489440917969,0
2025-01-20T05:04:50.501Z,1737349490.5016,1.065873622894287,1.3984489440917969,0
2025-01-20T05:04:51.001Z,1737349491.0016,0.8373605012893677,1.3984489440917969,0
2025-01-20T05:04:51.501Z,1737349491.5016,1.1145563125610352,1.3984489440917969,0
2025-01-20T05:04:52.001Z,1737349492.0016,0.773070216178894,1.3984489440917969,0
2025-01-20T05:04:52.501Z,1737349492.5016,0.9189053773880005,1.3984489440917969,0
2025-01-20T05:04:53.001Z,1737349493.0016,0.9432293176651001,1.3984489440917969,0
2025-01-20T05:04:53.501Z,1737349493.5016,0.7233725786209106,1.3984489440917969,0
2025-01-20T05:04:54.001Z,1737349494.0016,0.9311213493347168,1.3984489440917969,0
2025-01-20T05:04:54.501Z,1737349494.5016,0.9046715497970581,1.3984489440917969,0
2025-01-20T05:04:55.001Z,1737349495.0016,0.9547356963157654,1.3984489440917969,0
2025-01-20T05:04:55.501Z,1737349495.5016,1.0266363620758057,1.3984489440917969,0
2025-01-20T05:04:56.001Z,1737349496.0016,0.8914825320243835,1.3984489440917969,0
2025-01-20T05:04:56.501Z,1737349496.5016,1.1290431022644043,1.3984489440917969,0
2025-01-20T05:04:57.001Z,1737349497.0016,1.2916812896728516,1.3984489440917969,0
2025-01-20T05:04:57.501Z,1737349497.5016,1.142242193222046,1.3984489440917969,0
2025-01-20T05:04:58.001Z,1737349498.0016,0.9339514970779419,1.3984489440917969,0
2025-01-20T05:04:58.501Z,1737349498.5016,0.7982708811759949,1.3984489440917969,0
2025-01-20T05:04:59.001Z,1737349499.0016,0.8288122415542603,1.3984489440917969,0
2025-01-20T05:04:59.501Z,1737349499.5016,0.8573075532913208,1.3984489440917969,0
2025-01-20T05:05:00.001Z,1737349500.0016,0.8401097059249878,1.3984489440917969,0
2025-01-20T05:05:00.501Z,1737349500.5016,0.8261126279830933,1.3984489440917969,0
2025-01-20T05:05:01.001Z,1737349501.0016,0.8657676577568054,1.3984489440917969,0
2025-01-20T05:05:01.501Z,1737349501.5016,1.041259527206421,1.3984489440917969,0
2025-01-20T05:05:02.001Z,1737349502.0016,0.9513111114501953,1.3984489440917969,0
2025-01-20T05:05:02.501Z,1737349502.5016,0.7730567455291748,1.3984489440917969,0
2025-01-20T05:05:03.001Z,1737349503.0016,0.7858988642692566,1.3984489440917969,0
2025-01-20T05:05:03.501Z,1737349503.5016,0.9369004368782043,1.3984489440917969,0
2025-01-20T05:05:04.001Z,1737349504.0016,0.9466030597686768,1.3984489440917969,0
2025-01-20T05:05:04.501Z,1737349504.5016,0.7899614572525024,1.3984489440917969,0
2025-01-20T05:05:05.001Z,1737349505.0016,0.7265955209732056,1.3984489440917969,0
2025-01-20T05:05:05.501Z,1737349505.5016,0.9337522983551025,1.3984489440917969,0
2025-01-20T05:05:06.001Z,1737349506.0016,1.0742300748825073,1.3984489440917969,0
2025-01-20T05:05:06.501Z,1737349506.5016,1.3937067985534668,1.3984489440917969,0
2025-01-20T05:05:07.001Z,1737349507.0016,0.7761301398277283,1.3984489440917969,0
2025-01-20T05:05:07.501Z,1737349507.5016,1.0232908725738525,1.3984489440917969,0
2025-01-20T05:05:08.001Z,1737349508.0016,0.9321467280387878,1.3984489440917969,0
2025-01-20T05:05:08.501Z,1737349508.5016,1.0524709224700928,1.3984489440917969,0
2025-01-20T05:05:09.001Z,1737349509.0016,1.296086072921753,1.3984489440917969,0
2025-01-20T05:05:09.501Z,1737349509.5016,1.1480450630187988,1.3984489440917969,0
2025-01-20T05:05:10.001Z,1737349510.0016,1.0481929779052734,1.3984489440917969,0
2025-01-20T05:05:10.501Z,1737349510.5016,1.0646491050720215,1.3984489440917969,0
2025-01-20T05:05:11.001Z,1737349511.0016,0.8863174915313721,1.3984489440917969,0
2025-01-20T05:05:11.501Z,1737349511.5016,0.8621528148651123,1.3984489440917969,0
2025-01-20T05:05:12.001Z,1737349512.0016,0.8833855390548706,1.3984489440917969,0
2025-01-20T05:05:12.501Z,1737349512.5016,0.9960657358169556,1.3984489440917969,0
2025-01-20T05:05:13.001Z,1737349513.0016,0.8057949542999268,1.3984489440917969,0
2025-01-20T05:05:13.501Z,1737349513.5016,0.8747011423110962,1.3984489440917969,0
2025-01-20T05:05:14.001Z,1737349514.0016,0.8593730926513672,1.3984489440917969,0
2025-01-20T05:05:14.501Z,1737349514.5016,1.0202337503433228,1.3984489440917969,0
2025-01-20T05:05:15.001Z,1737349515.0016,0.9013826847076416,1.3984489440917969,0
2025-01-20T05:05:15.501Z,1737349515.5016,0.6929702758789062,1.3984489440917969,0
2025-01-20T05:05:16.001Z,1737349516.0016,0.9488263130187988,1.3984489440917969,0
2025-01-20T05:05:16.501Z,1737349516.5016,0.9478737115859985,1.3984489440917969,0
2025-01-20T05:05:17.001Z,1737349517.0016,1.0132944583892822,1.3984489440917969,0
2025-01-20T05:05:17.501Z,1737349517.5016,0.8940912485122681,1.3984489440917969,0
2025-01-20T05:05:18.001Z,1737349518.0016,1.0775251388549805,1.3984489440917969,0
2025-01-20T05:05:18.501Z,1737349518.5016,1.1974303722381592,1.3984489440917969,0
2025-01-20T05:05:19.001Z,1737349519.0016,0.8833926320075989,1.3984489440917969,0
2025-01-20T05:05:19.501Z,1737349519.5016,0.8851419687271118,1.3984489440917969,0
2025-01-20T05:05:20.001Z,1737349520.0016,0.9272083044052124,1.3984489440917969,0
2025-01-20T05:05:20.501Z,1737349520.5016,0.8429503440856934,1.3984489440917969,0
2025-01-20T05:05:21.001Z,1737349521.0016,0.8312221765518188,1.3984489440917969,0
2025-01-20T05:05:21.501Z,1737349521.5016,0.7224260568618774,1.3984489440917969,0
2025-01-20T05:05:22.001Z,1737349522.0016,0.7160014510154724,1.3984489440917969,0
2025-01-20T05:05:22.501Z,1737349522.5016,0.8956785202026367,1.3984489440917969,0
2025-01-20T05:05:23.001Z,1737349523.0016,1.0724502801895142,1.3984489440917969,0
2025-01-20T05:05:23.501Z,1737349523.5016,1.1532683372497559,1.3984489440917969,0
2025-01-20T05:05:24.001Z,1737349524.0016,0.8423733711242676,1.3984489440917969,0
2025-01-20T05:05:24.501Z,1737349524.5016,0.8620572090148926,1.3984489440917969,0
2025-01-20T05:05:25.001Z,1737349525.0016,0.8172441124916077,1.3984489440917969,0
2025-01-20T05:05:25.501Z,1737349525.5016,1.1108894348144531,1.3984489440917969,0
2025-01-20T05:05:26.001Z,1737349526.0016,1.0354297161102295,1.3984489440917969,0
2025-01-20T05:05:26.501Z,1737349526.5016,0.8203698396682739,1.3984489440917969,0
2025-01-20T05:05:27.001Z,1737349527.0016,0.990967869758606,1.3984489440917969,0
2025-01-20T05:05:27.501Z,1737349527.5016,1.4922401905059814,1.3984489440917969,0
2025-01-20T05:05:28.001Z,1737349528.0016,1.0065300464630127,1.3984489440917969,0
2025-01-20T05:05:28.501Z,1737349528.5016,1.0728681087493896,1.3984489440917969,0
2025-01-20T05:05:29.001Z,1737349529.0016,0.9505109786987305,1.3984489440917969,0
2025-01-20T05:05:29.501Z,1737349529.5016,1.0248557329177856,1.3984489440917969,0
2025-01-20T05:05:30.001Z,1737349530.0016,1.112154483795166,1.3984489440917969,0
2025-01-20T05:05:30.501Z,1737349530.5016,0.8614280819892883,1.3984489440917969,0
2025-01-20T05:05:31.001Z,1737349531.0016,0.9432629942893982,1.3984489440917969,0
2025-01-20T05:05:31.501Z,1737349531.5016,1.1630394458770752,1.3984489440917969,0
2025-01-20T05:05:32.001Z,1737349532.0016,0.7563779354095459,1.3984489440917969,0
2025-01-20T05:05:32.501Z,1737349532.5016,0.754683256149292,1.3984489440917969,0
2025-01-20T05:05:33.001Z,1737349533.0016,0.8136210441589355,1.3984489440917969,0
2025-01-20T05:05:33.501Z,1737349533.5016,0.7785708904266357,1.3984489440917969,0
2025-01-20T05:05:34.001Z,1737349534.0016,0.7999578714370728,1.3984489440917969,0
2025-01-20T05:05:34.501Z,1737349534.5016,1.0823020935058594,1.3984489440917969,0
2025-01-20T05:05:35.001Z,1737349535.0016,0.8725966215133667,1.3984489440917969,0
2025-01-20T05:05:35.501Z,1737349535.5016,1.0432907342910767,1.3984489440917969,0
2025-01-20T05:05:36.001Z,1737349536.0016,0.8841848373413086,1.3984489440917969,0
2025-01-20T05:05:36.501Z,1737349536.5016,0.9155838489532471,1.3984489440917969,0
2025-01-20T05:05:37.001Z,1737349537.0016,1.0317959785461426,1.3984489440917969,0
2025-01-20T05:05:37.501Z,1737349537.5016,0.9838978052139282,1.3984489440917969,0
2025-01-20T05:05:38.001Z,1737349538.0016,1.0741859674453735,1.3984489440917969,0
2025-01-20T05:05:38.501Z,1737349538.5016,1.2191661596298218,1.3984489440917969,0
2025-01-20T05:05:39.001Z,1737349539.0016,1.2296127080917358,1.3984489440917969,0
2025-01-20T05:05:39.501Z,1737349539.5016,0.9869111180305481,1.3984489440917969,0
2025-01-20T05:05:40.001Z,1737349540.0016,0.8838611245155334,1.3984489440917969,0
2025-01-20T05:05:40.501Z,1737349540.5016,0.9331573843955994,1.3984489440917969,0
2025-01-20T05:05:41.001Z,1737349541.0016,0.8421880006790161,1.3984489440917969,0
2025-01-20T05:05:41.501Z,1737349541.5016,0.9867056012153625,1.3984489440917969,0
2025-01-20T05:05:42.001Z,1737349542.0016,0.8250765800476074,1.3984489440917969,0
2025-01-20T05:05:42.501Z,1737349542.5016,0.8044428825378418,1.3984489440917969,0
2025-01-20T05:05:43.001Z,1737349543.0016,0.6483520269393921,1.3984489440917969,0
2025-01-20T05:05:43.501Z,1737349543.5016,0.875953197479248,1.3984489440917969,0
2025-01-20T05:05:44.001Z,1737349544.0016,1.1096737384796143,1.3984489440917969,0
2025-01-20T05:05:44.501Z,1737349544.5016,0.8545656204223633,1.3984489440917969,0
2025-01-20T05:05:45.001Z,1737349545.0016,0.8552578687667847,1.3984489440917969,0
2025-01-20T05:05:45.501Z,1737349545.5016,0.760482132434845,1.3984489440917969,0
2025-01-20T05:05:46.001Z,1737349546.0016,0.7660465240478516,1.3984489440917969,0
2025-01-20T05:05:46.501Z,1737349546.5016,1.0184553861618042,1.3984489440917969,0
2025-01-20T05:05:47.001Z,1737349547.0016,1.0848102569580078,1.3984489440917969,0
2025-01-20T05:05:47.501Z,1737349547.5016,1.2167166471481323,1.3984489440917969,0
2025-01-20T05:05:48.001Z,1737349548.0016,0.9049685001373291,1.3984489440917969,0
2025-01-20T05:05:48.501Z,1737349548.5016,0.8303968906402588,1.3984489440917969,0
2025-01-20T05:05:49.001Z,1737349549.0016,0.936356782913208,1.3984489440917969,0
2025-01-20T05:05:49.501Z,1737349549.5016,0.8484259843826294,1.3984489440917969,0
2025-01-20T05:05:50.001Z,1737349550.0016,0.8326647281646729,1.3984489440917969,0
2025-01-20T05:05:50.501Z,1737349550.5016,0.8246915340423584,1.3984489440917969,0
2025-01-20T05:05:51.001Z,1737349551.0016,0.9398185014724731,1.3984489440917969,0
2025-01-20T05:05:51.501Z,1737349551.5016,0.8813827037811279,1.3984489440917969,0
2025-01-20T05:05:52.001Z,1737349552.0016,1.0299433469772339,1.3984489440917969,0
2025-01-20T05:05:52.501Z,1737349552.5016,1.268730878829956,1.3984489440917969,0
2025-01-20T05:05:53.001Z,1737349553.0016,1.0849566459655762,1.3984489440917969,0
2025-01-20T05:05:53.501Z,1737349553.5016,1.0543791055679321,1.3984489440917969,0
2025-01-20T05:05:54.001Z,1737349554.0016,0.9732134342193604,1.3984489440917969,0
2025-01-20T05:05:54.501Z,1737349554.5016,1.176166296005249,1.3984489440917969,0
2025-01-20T05:05:55.001Z,1737349555.0016,0.8351127505302429,1.3984489440917969,0
2025-01-20T05:05:55.501Z,1737349555.5016,1.0824204683303833,1.3984489440917969,0
2025-01-20T05:05:56.001Z,1737349556.0016,0.9607208967208862,1.3984489440917969,0
2025-01-20T05:05:56.501Z,1737349556.5016,1.1548444032669067,1.3984489440917969,0
2025-01-20T05:05:57.001Z,1737349557.0016,0.7674165368080139,1.3984489440917969,0
2025-01-20T05:05:57.501Z,1737349557.5016,0.7999081015586853,1.3984489440917969,0
2025-01-20T05:05:58.001Z,1737349558.0016,0.9920506477355957,1.3984489440917969,0
2025-01-20T05:05:58.501Z,1737349558.5016,1.202040672302246,1.3984489440917969,0
2025-01-20T05:05:59.001Z,1737349559.0016,0.985803484916687,1.3984489440917969,0
2025-01-20T05:05:59.501Z,1737349559.5016,0.7995456457138062,1.3984489440917969,0
2025-01-20T05:06:00.001Z,1737349560.0016,1.0786423683166504,1.3984489440917969,0
2025-01-20T05:06:00.501Z,1737349560.5016,0.7805002331733704,1.3984489440917969,0
2025-01-20T05:06:01.001Z,1737349561.0016,0.9156878590583801,1.3984489440917969,0
2025-01-20T05:06:01.501Z,1737349561.5016,0.9108127951622009,1.3984489440917969,0
2025-01-20T05:06:02.001Z,1737349562.0016,1.0977566242218018,1.3984489440917969,0
2025-01-20T05:06:02.501Z,1737349562.5016,0.9435797333717346,1.3984489440917969,0
2025-01-20T05:06:03.001Z,1737349563.0016,0.8868057727813721,1.3984489440917969,0
2025-01-20T05:06:03.501Z,1737349563.5016,0.9982545375823975,1.3984489440917969,0
2025-01-20T05:06:04.001Z,1737349564.0016,0.9503166675567627,1.3984489440917969,0
2025-01-20T05:06:04.501Z,1737349564.5016,0.924500584602356,1.3984489440917969,0
2025-01-20T05:06:05.001Z,1737349565.0016,0.9657701253890991,1.3984489440917969,0
2025-01-20T05:06:05.501Z,1737349565.5016,0.95542311668396,1.3984489440917969,0
2025-01-20T05:06:06.001Z,1737349566.0016,0.9339326620101929,1.3984489440917969,0
2025-01-20T05:06:06.501Z,1737349566.5016,0.7320351600646973,1.3984489440917969,0
2025-01-20T05:06:07.001Z,1737349567.0016,0.9628870487213135,1.3984489440917969,0
2025-01-20T05:06:07.501Z,1737349567.5016,0.7469192743301392,1.3984489440917969,0
2025-01-20T05:06:08.001Z,1737349568.0016,0.777999758720398,1.3984489440917969,0
2025-01-20T05:06:08.501Z,1737349568.5016,1.074282169342041,1.3984489440917969,0
2025-01-20T05:06:09.001Z,1737349569.0016,0.9299936294555664,1.3984489440917969,0
2025-01-20T05:06:09.501Z,1737349569.5016,1.0246686935424805,1.3984489440917969,0
2025-01-20T05:06:10.001Z,1737349570.0016,1.0361433029174805,1.3984489440917969,0
2025-01-20T05:06:10.501Z,1737349570.5016,0.9343383312225342,1.3984489440917969,0
2025-01-20T05:06:11.001Z,1737349571.0016,0.9912515878677368,1.3984489440917969,0
2025-01-20T05:06:11.501Z,1737349571.5016,1.0304551124572754,1.3984489440917969,0
2025-01-20T05:06:12.001Z,1737349572.0016,1.2216064929962158,1.3984489440917969,0
2025-01-20T05:06:12.501Z,1737349572.5016,1.102635145187378,1.3984489440917969,0
2025-01-20T05:06:13.001Z,1737349573.0016,0.9308744668960571,1.3984489440917969,0
2025-01-20T05:06:13.501Z,1737349573.5016,0.8941621780395508,1.3984489440917969,0
2025-01-20T05:06:14.001Z,1737349574.0016,1.0931029319763184,1.3984489440917969,0
2025-01-20T05:06:14.501Z,1737349574.5016,1.271463394165039,1.3984489440917969,0
2025-01-20T05:06:15.001Z,1737349575.0016,0.9854464530944824,1.3984489440917969,0
2025-01-20T05:06:15.501Z,1737349575.5016,1.1196824312210083,1.3984489440917969,0
2025-01-20T05:06:16.001Z,1737349576.0016,0.8819068074226379,1.3984489440917969,0
2025-01-20T05:06:16.501Z,1737349576.5016,0.7505656480789185,1.3984489440917969,0
2025-01-20T05:06:17.001Z,1737349577.0016,0.9966272711753845,1.3984489440917969,0
2025-01-20T05:06:17.501Z,1737349577.5016,0.7692572474479675,1.3984489440917969,0
2025-01-20T05:06:18.001Z,1737349578.0016,0.8876457214355469,1.3984489440917969,0
2025-01-20T05:06:18.501Z,1737349578.5016,0.8477939367294312,1.3984489440917969,0
2025-01-20T05:06:19.001Z,1737349579.0016,0.8948936462402344,1.3984489440917969,0
2025-01-20T05:06:19.501Z,1737349579.5016,0.7977789640426636,1.3984489440917969,0
2025-01-20T05:06:20.001Z,1737349580.0016,0.9419757723808289,1.3984489440917969,0
2025-01-20T05:06:20.501Z,1737349580.5016,0.8078736066818237,1.3984489440917969,0
2025-01-20T05:06:21.001Z,1737349581.0016,1.0811543464660645,1.3984489440917969,0
2025-01-20T05:06:21.501Z,1737349581.5016,0.9676871299743652,1.3984489440917969,0
2025-01-20T05:06:22.001Z,1737349582.0016,1.1152873039245605,1.3984489440917969,0
2025-01-20T05:06:22.501Z,1737349582.5016,0.853157639503479,1.3984489440917969,0
2025-01-20T05:06:23.001Z,1737349583.0016,1.0101561546325684,1.3984489440917969,0
2025-01-20T05:06:23.501Z,1737349583.5016,0.9576139450073242,1.3984489440917969,0
2025-01-20T05:06:24.001Z,1737349584.0016,0.9431554079055786,1.3984489440917969,0
2025-01-20T05:06:24.501Z,1737349584.5016,1.0470763444900513,1.3984489440917969,0
2025-01-20T05:06:25.001Z,1737349585.0016,0.9161320328712463,1.3984489440917969,0
2025-01-20T05:06:25.501Z,1737349585.5016,0.8220206499099731,1.3984489440917969,0
2025-01-20T05:06:26.001Z,1737349586.0016,0.7976571321487427,1.3984489440917969,0
2025-01-20T05:06:26.501Z,1737349586.5016,0.8656948804855347,1.3984489440917969,0
2025-01-20T05:06:27.001Z,1737349587.0016,1.1116070747375488,1.3984489440917969,0
2025-01-20T05:06:27.501Z,1737349587.5016,1.0536482334136963,1.3984489440917969,0
2025-01-20T05:06:28.001Z,1737349588.0016,0.8366221189498901,1.3984489440917969,0
2025-01-20T05:06:28.501Z,1737349588.5016,0.8862655162811279,1.3984489440917969,0
2025-01-20T05:06:29.001Z,1737349589.0016,0.8764931559562683,1.3984489440917969,0
2025-01-20T05:06:29.501Z,1737349589.5016,0.9258771538734436,1.3984489440917969,0
2025-01-20T05:06:30.001Z,1737349590.0016,0.8372542262077332,1.3984489440917969,0
2025-01-20T05:06:30.501Z,1737349590.5016,0.908765435218811,1.3984489440917969,0
2025-01-20T05:06:31.001Z,1737349591.0016,1.0195910930633545,1.3984489440917969,0
2025-01-20T05:06:31.501Z,1737349591.5016,1.1836856603622437,1.3984489440917969,0
2025-01-20T05:06:32.001Z,1737349592.0016,1.0027071237564087,1.3984489440917969,0
2025-01-20T05:06:32.501Z,1737349592.5016,0.9083884358406067,1.3984489440917969,0
2025-01-20T05:06:33.001Z,1737349593.0016,1.2497045993804932,1.3984489440917969,0
2025-01-20T05:06:33.501Z,1737349593.5016,1.0518150329589844,1.3984489440917969,0
2025-01-20T05:06:34.001Z,1737349594.0016,0.8012475967407227,1.3984489440917969,0
2025-01-20T05:06:34.501Z,1737349594.5016,0.8331655263900757,1.3984489440917969,0
2025-01-20T05:06:35.001Z,1737349595.0016,1.0026273727416992,1.3984489440917969,0
2025-01-20T05:06:35.501Z,1737349595.5016,1.0831788778305054,1.3984489440917969,0
2025-01-20T05:06:36.001Z,1737349596.0016,1.032059907913208,1.3984489440917969,0
2025-01-20T05:06:36.501Z,1737349596.5016,0.8097549080848694,1.3984489440917969,0
2025-01-20T05:06:37.001Z,1737349597.0016,1.0967154502868652,1.3984489440917969,0
2025-01-20T05:06:37.501Z,1737349597.5016,1.0575532913208008,1.3984489440917969,0
2025-01-20T05:06:38.001Z,1737349598.0016,0.9759523868560791,1.3984489440917969,0
2025-01-20T05:06:38.501Z,1737349598.5016,0.9469624757766724,1.3984489440917969,0
2025-01-20T05:06:39.001Z,1737349599.0016,0.8574587106704712,1.3984489440917969,0
2025-01-20T05:06:39.501Z,1737349599.5016,0.8655371069908142,1.3984489440917969,0
2025-01-20T05:06:40.001Z,1737349600.0016,0.8030030727386475,1.3984489440917969,0
2025-01-20T05:06:40.501Z,1737349600.5016,0.8559682965278625,1.3984489440917969,0
2025-01-20T05:06:41.001Z,1737349601.0016,1.0276895761489868,1.3984489440917969,0
2025-01-20T05:06:41.501Z,1737349601.5016,1.0376906394958496,1.3984489440917969,0
2025-01-20T05:06:42.001Z,1737349602.0016,0.7664712071418762,1.3984489440917969,0
2025-01-20T05:06:42.501Z,1737349602.5016,0.9183485507965088,1.3984489440917969,0
2025-01-20T05:06:43.001Z,1737349603.0016,0.8432174324989319,1.3984489440917969,0
2025-01-20T05:06:43.501Z,1737349603.5016,0.8027126789093018,1.3984489440917969,0
2025-01-20T05:06:44.001Z,1737349604.0016,0.8107839822769165,1.3984489440917969,0
2025-01-20T05:06:44.501Z,1737349604.5016,0.891735851764679,1.3984489440917969,0
2025-01-20T05:06:45.001Z,1737349605.0016,0.8370451331138611,1.3984489440917969,0
2025-01-20T05:06:45.501Z,1737349605.5016,0.7678145170211792,1.3984489440917969,0
2025-01-20T05:06:46.001Z,1737349606.0016,1.0331685543060303,1.3984489440917969,0
2025-01-20T05:06:46.501Z,1737349606.5016,0.938770055770874,1.3984489440917969,0
2025-01-20T05:06:47.001Z,1737349607.0016,0.8504660725593567,1.3984489440917969,0
2025-01-20T05:06:47.501Z,1737349607.5016,0.9992790222167969,1.3984489440917969,0
2025-01-20T05:06:48.001Z,1737349608.0016,0.8916019201278687,1.3984489440917969,0
2025-01-20T05:06:48.501Z,1737349608.5016,1.0528404712677002,1.3984489440917969,0
2025-01-20T05:06:49.001Z,1737349609.0016,1.040806531906128,1.3984489440917969,0
2025-01-20T05:06:49.501Z,1737349609.5016,0.9449966549873352,1.3984489440917969,0
2025-01-20T05:06:50.001Z,1737349610.0016,1.205281376838684,1.3984489440917969,0
2025-01-20T05:06:50.501Z,1737349610.5016,1.0691368579864502,1.3984489440917969,0
2025-01-20T05:06:51.001Z,1737349611.0016,0.8543123006820679,1.3984489440917969,0
2025-01-20T05:06:51.501Z,1737349611.5016,0.9897279739379883,1.3984489440917969,0
2025-01-20T05:06:52.001Z,1737349612.0016,0.8573153018951416,1.3984489440917969,0
2025-01-20T05:06:52.501Z,1737349612.5016,1.1710213422775269,1.3984489440917969,0
2025-01-20T05:06:53.001Z,1737349613.0016,0.9935594797134399,1.3984489440917969,0
2025-01-20T05:06:53.501Z,1737349613.5016,1.0547517538070679,1.3984489440917969,0
2025-01-20T05:06:54.001Z,1737349614.0016,0.925823986530304,1.3984489440917969,0
2025-01-20T05:06:54.501Z,1737349614.5016,0.9108016490936279,1.3984489440917969,0
2025-01-20T05:06:55.001Z,1737349615.0016,0.8590062856674194,1.3984489440917969,0
2025-01-20T05:06:55.501Z,1737349615.5016,0.7647902369499207,1.3984489440917969,0
2025-01-20T05:06:56.001Z,1737349616.0016,1.0714080333709717,1.3984489440917969,0
2025-01-20T05:06:56.501Z,1737349616.5016,1.1487069129943848,1.3984489440917969,0
2025-01-20T05:06:57.001Z,1737349617.0016,1.0425772666931152,1.3984489440917969,0
2025-01-20T05:06:57.501Z,1737349617.5016,1.0617204904556274,1.3984489440917969,0
2025-01-20T05:06:58.001Z,1737349618.0016,0.9592984318733215,1.3984489440917969,0
2025-01-20T05:06:58.501Z,1737349618.5016,0.7159298658370972,1.3984489440917969,0
2025-01-20T05:06:59.001Z,1737349619.0016,0.9021464586257935,1.3984489440917969,0
2025-01-20T05:06:59.501Z,1737349619.5016,0.8630852699279785,1.3984489440917969,0
2025-01-20T05:07:00.001Z,1737349620.0016,0.8889633417129517,1.3984489440917969,0
2025-01-20T05:07:00.501Z,1737349620.5016,1.0185130834579468,1.3984489440917969,0
2025-01-20T05:07:01.001Z,1737349621.0016,1.163175344467163,1.3984489440917969,0
2025-01-20T05:07:01.501Z,1737349621.5016,0.9742038249969482,1.3984489440917969,0
2025-01-20T05:07:02.001Z,1737349622.0016,1.007556676864624,1.3984489440917969,0
2025-01-20T05:07:02.501Z,1737349622.5016,1.1729915142059326,1.3984489440917969,0
2025-01-20T05:07:03.001Z,1737349623.0016,1.100144624710083,1.3984489440917969,0
2025-01-20T05:07:03.501Z,1737349623.5016,1.112347960472107,1.3984489440917969,0
2025-01-20T05:07:04.001Z,1737349624.0016,1.2317466735839844,1.3984489440917969,0
2025-01-20T05:07:04.501Z,1737349624.5016,0.8905315399169922,1.3984489440917969,0
2025-01-20T05:07:05.001Z,1737349625.0016,0.7840127944946289,1.3984489440917969,0
2025-01-20T05:07:05.501Z,1737349625.5016,0.7897003889083862,1.3984489440917969,0
2025-01-20T05:07:06.001Z,1737349626.0016,1.1209162473678589,1.3984489440917969,0
2025-01-20T05:07:06.501Z,1737349626.5016,1.1531777381896973,1.3984489440917969,0
2025-01-20T05:07:07.001Z,1737349627.0016,0.8615279197692871,1.3984489440917969,0
2025-01-20T05:07:07.501Z,1737349627.5016,1.0169717073440552,1.3984489440917969,0
2025-01-20T05:07:08.001Z,1737349628.0016,1.2634906768798828,1.3984489440917969,0
2025-01-20T05:07:08.501Z,1737349628.5016,0.9483503103256226,1.3984489440917969,0
2025-01-20T05:07:09.001Z,1737349629.0016,1.0325231552124023,1.3984489440917969,0
2025-01-20T05:07:09.501Z,1737349629.5016,1.1535147428512573,1.3984489440917969,0
2025-01-20T05:07:10.001Z,1737349630.0016,0.8391668796539307,1.3984489440917969,0
2025-01-20T05:07:10.501Z,1737349630.5016,0.6620082259178162,1.3984489440917969,0
2025-01-20T05:07:11.001Z,1737349631.0016,1.0074070692062378,1.3984489440917969,0
2025-01-20T05:07:11.501Z,1737349631.5016,0.8920232057571411,1.3984489440917969,0
2025-01-20T05:07:12.001Z,1737349632.0016,1.1028332710266113,1.3984489440917969,0
2025-01-20T05:07:12.501Z,1737349632.5016,1.0403342247009277,1.3984489440917969,0
2025-01-20T05:07:13.001Z,1737349633.0016,0.8793833255767822,1.3984489440917969,0
2025-01-20T05:07:13.501Z,1737349633.5016,0.9164526462554932,1.3984489440917969,0
2025-01-20T05:07:14.001Z,1737349634.0016,1.0494920015335083,1.3984489440917969,0
2025-01-20T05:07:14.501Z,1737349634.5016,0.7655313014984131,1.3984489440917969,0
2025-01-20T05:07:15.001Z,1737349635.0016,1.1044745445251465,1.3984489440917969,0
2025-01-20T05:07:15.501Z,1737349635.5016,0.9681106805801392,1.3984489440917969,0
2025-01-20T05:07:16.001Z,1737349636.0016,0.7803547978401184,1.3984489440917969,0
2025-01-20T05:07:16.501Z,1737349636.5016,0.7975393533706665,1.3984489440917969,0
2025-01-20T05:07:17.001Z,1737349637.0016,0.7551099061965942,1.3984489440917969,0
2025-01-20T05:07:17.501Z,1737349637.5016,1.2427468299865723,1.3984489440917969,0
2025-01-20T05:07:18.001Z,1737349638.0016,0.9359100461006165,1.3984489440917969,0
2025-01-20T05:07:18.501Z,1737349638.5016,0.8784928917884827,1.3984489440917969,0
2025-01-20T05:07:19.001Z,1737349639.0016,1.0129101276397705,1.3984489440917969,0
2025-01-20T05:07:19.501Z,1737349639.5016,0.7479471564292908,1.3984489440917969,0
2025-01-20T05:07:20.001Z,1737349640.0016,0.8362957835197449,1.3984489440917969,0
2025-01-20T05:07:20.501Z,1737349640.5016,0.9288413524627686,1.3984489440917969,0
2025-01-20T05:07:21.001Z,1737349641.0016,0.8721202611923218,1.3984489440917969,0
2025-01-20T05:07:21.501Z,1737349641.5016,0.9380166530609131,1.3984489440917969,0
2025-01-20T05:07:22.001Z,1737349642.0016,0.8605599403381348,1.3984489440917969,0
2025-01-20T05:07:22.501Z,1737349642.5016,0.707328736782074,1.3984489440917969,0
2025-01-20T05:07:23.001Z,1737349643.0016,0.8653594255447388,1.3984489440917969,0
2025-01-20T05:07:23.501Z,1737349643.5016,0.9697134494781494,1.3984489440917969,0
2025-01-20T05:07:24.001Z,1737349644.0016,1.1196470260620117,1.3984489440917969,0
2025-01-20T05:07:24.501Z,1737349644.5016,0.8875720500946045,1.3984489440917969,0
2025-01-20T05:07:25.001Z,1737349645.0016,1.038529872894287,1.3984489440917969,0
2025-01-20T05:07:25.501Z,1737349645.5016,0.8527166247367859,1.3984489440917969,0
2025-01-20T05:07:26.001Z,1737349646.0016,0.9372737407684326,1.3984489440917969,0
2025-01-20T05:07:26.501Z,1737349646.5016,0.9053959846496582,1.3984489440917969,0
2025-01-20T05:07:27.001Z,1737349647.0016,0.83515465259552,1.3984489440917969,0
2025-01-20T05:07:27.501Z,1737349647.5016,0.9671094417572021,1.3984489440917969,0
2025-01-20T05:07:28.001Z,1737349648.0016,0.9036893248558044,1.3984489440917969,0
2025-01-20T05:07:28.501Z,1737349648.5016,0.9151608943939209,1.3984489440917969,0
2025-01-20T05:07:29.001Z,1737349649.0016,0.9545742273330688,1.3984489440917969,0
2025-01-20T05:07:29.501Z,1737349649.5016,0.9726555347442627,1.3984489440917969,0
2025-01-20T05:07:30.001Z,1737349650.0016,0.9181003570556641,1.3984489440917969,0
2025-01-20T05:07:30.501Z,1737349650.5016,1.1947104930877686,1.3984489440917969,0
2025-01-20T05:07:31.001Z,1737349651.0016,0.7862898111343384,1.3984489440917969,0
2025-01-20T05:07:31.501Z,1737349651.5016,0.8971536159515381,1.3984489440917969,0
2025-01-20T05:07:32.001Z,1737349652.0016,0.9860694408416748,1.3984489440917969,0
2025-01-20T05:07:32.501Z,1737349652.5016,0.9485676884651184,1.3984489440917969,0
2025-01-20T05:07:33.001Z,1737349653.0016,1.1445695161819458,1.3984489440917969,0
2025-01-20T05:07:33.501Z,1737349653.5016,1.1900615692138672,1.3984489440917969,0
2025-01-20T05:07:34.001Z,1737349654.0016,1.0483858585357666,1.3984489440917969,0
2025-01-20T05:07:34.501Z,1737349654.5016,1.094031810760498,1.3984489440917969,0
2025-01-20T05:07:35.001Z,1737349655.0016,1.0070617198944092,1.3984489440917969,0
2025-01-20T05:07:35.501Z,1737349655.5016,0.9171575307846069,1.3984489440917969,0
2025-01-20T05:07:36.001Z,1737349656.0016,0.8323574066162109,1.3984489440917969,0
2025-01-20T05:07:36.501Z,1737349656.5016,0.790791392326355,1.3984489440917969,0
2025-01-20T05:07:37.001Z,1737349657.0016,0.8711521625518799,1.3984489440917969,0
2025-01-20T05:07:37.501Z,1737349657.5016,1.0657631158828735,1.3984489440917969,0
2025-01-20T05:07:38.001Z,1737349658.0016,0.8101277351379395,1.3984489440917969,0
2025-01-20T05:07:38.501Z,1737349658.5016,0.9619532823562622,1.3984489440917969,0
2025-01-20T05:07:39.001Z,1737349659.0016,0.7893003821372986,1.3984489440917969,0
2025-01-20T05:07:39.501Z,1737349659.5016,1.0159375667572021,1.3984489440917969,0
2025-01-20T05:07:40.001Z,1737349660.0016,0.9071969985961914,1.3984489440917969,0
2025-01-20T05:07:40.501Z,1737349660.5016,0.9780977964401245,1.3984489440917969,0
2025-01-20T05:07:41.001Z,1737349661.0016,0.8174058198928833,1.3984489440917969,0
2025-01-20T05:07:41.501Z,1737349661.5016,1.0435837507247925,1.3984489440917969,0
2025-01-20T05:07:42.001Z,1737349662.0016,1.054060935974121,1.3984489440917969,0
2025-01-20T05:07:42.501Z,1737349662.5016,0.9042054414749146,1.3984489440917969,0
2025-01-20T05:07:43.001Z,1737349663.0016,0.8925708532333374,1.3984489440917969,0
2025-01-20T05:07:43.501Z,1737349663.5016,0.8895766735076904,1.3984489440917969,0
2025-01-20T05:07:44.001Z,1737349664.0016,0.9523866176605225,1.3984489440917969,0
2025-01-20T05:07:44.501Z,1737349664.5016,0.8998303413391113,1.3984489440917969,0
2025-01-20T05:07:45.001Z,1737349665.0016,0.9479345083236694,1.3984489440917969,0
2025-01-20T05:07:45.501Z,1737349665.5016,1.2385289669036865,1.3984489440917969,0
2025-01-20T05:07:46.001Z,1737349666.0016,0.9697962999343872,1.3984489440917969,0
2025-01-20T05:07:46.501Z,1737349666.5016,1.0835646390914917,1.3984489440917969,0
2025-01-20T05:07:47.001Z,1737349667.0016,1.0264285802841187,1.3984489440917969,0
2025-01-20T05:07:47.501Z,1737349667.5016,0.807202160358429,1.3984489440917969,0
2025-01-20T05:07:48.001Z,1737349668.0016,0.8292551040649414,1.3984489440917969,0
2025-01-20T05:07:48.501Z,1737349668.5016,0.9481168389320374,1.3984489440917969,0
2025-01-20T05:07:49.001Z,1737349669.0016,1.1978273391723633,1.3984489440917969,0
2025-01-20T05:07:49.501Z,1737349669.5016,1.028111219406128,1.3984489440917969,0
2025-01-20T05:07:50.001Z,1737349670.0016,0.9230626821517944,1.3984489440917969,0
2025-01-20T05:07:50.501Z,1737349670.5016,1.058910608291626,1.3984489440917969,0
2025-01-20T05:07:51.001Z,1737349671.0016,0.9971808195114136,1.3984489440917969,0
2025-01-20T05:07:51.501Z,1737349671.5016,1.313495397567749,1.3984489440917969,0
2025-01-20T05:07:52.001Z,1737349672.0016,0.8795008659362793,1.3984489440917969,0
2025-01-20T05:07:52.501Z,1737349672.5016,1.0797927379608154,1.3984489440917969,0
2025-01-20T05:07:53.001Z,1737349673.0016,0.8345722556114197,1.3984489440917969,0
2025-01-20T05:07:53.501Z,1737349673.5016,0.8518027067184448,1.3984489440917969,0
2025-01-20T05:07:54.001Z,1737349674.0016,1.0541162490844727,1.3984489440917969,0
2025-01-20T05:07:54.501Z,1737349674.5016,1.005287766456604,1.3984489440917969,0
2025-01-20T05:07:55.001Z,1737349675.0016,0.904999315738678,1.3984489440917969,0
2025-01-20T05:07:55.501Z,1737349675.5016,0.8371567726135254,1.3984489440917969,0
2025-01-20T05:07:56.001Z,1737349676.0016,1.027486801147461,1.3984489440917969,0
2025-01-20T05:07:56.501Z,1737349676.5016,1.114422082901001,1.3984489440917969,0
2025-01-20T05:07:57.001Z,1737349677.0016,0.6926716566085815,1.3984489440917969,0
2025-01-20T05:07:57.501Z,1737349677.5016,0.7591092586517334,1.3984489440917969,0
2025-01-20T05:07:58.001Z,1737349678.0016,0.930975615978241,1.3984489440917969,0
2025-01-20T05:07:58.501Z,1737349678.5016,0.9970127940177917,1.3984489440917969,0
2025-01-20T05:07:59.001Z,1737349679.0016,1.014801025390625,1.3984489440917969,0
2025-01-20T05:07:59.501Z,1737349679.5016,0.9537065029144287,1.3984489440917969,0
2025-01-20T05:08:00.001Z,1737349680.0016,0.7303332090377808,1.3984489440917969,0
2025-01-20T05:08:00.501Z,1737349680.5016,0.8628645539283752,1.3984489440917969,0
2025-01-20T05:08:01.001Z,1737349681.0016,0.8180035352706909,1.3984489440917969,0
2025-01-20T05:08:01.501Z,1737349681.5016,0.9171370267868042,1.3984489440917969,0
2025-01-20T05:08:02.001Z,1737349682.0016,0.9692215919494629,1.3984489440917969,0
2025-01-20T05:08:02.501Z,1737349682.5016,1.0210884809494019,1.3984489440917969,0
2025-01-20T05:08:03.001Z,1737349683.0016,0.9720165729522705,1.3984489440917969,0
2025-01-20T05:08:03.501Z,1737349683.5016,0.8301253318786621,1.3984489440917969,0
2025-01-20T05:08:04.001Z,1737349684.0016,1.1320579051971436,1.3984489440917969,0
2025-01-20T05:08:04.501Z,1737349684.5016,0.936113715171814,1.3984489440917969,0
2025-01-20T05:08:05.001Z,1737349685.0016,1.0555002689361572,1.3984489440917969,0
2025-01-20T05:08:05.501Z,1737349685.5016,0.7688893675804138,1.3984489440917969,0
2025-01-20T05:08:06.001Z,1737349686.0016,0.9346702694892883,1.3984489440917969,0
2025-01-20T05:08:06.501Z,1737349686.5016,1.191547155380249,1.3984489440917969,0
2025-01-20T05:08:07.001Z,1737349687.0016,1.1937634944915771,1.3984489440917969,0
2025-01-20T05:08:07.501Z,1737349687.5016,1.1912561655044556,1.3984489440917969,0
2025-01-20T05:08:08.001Z,1737349688.0016,1.2619976997375488,1.3984489440917969,0
2025-01-20T05:08:08.501Z,1737349688.5016,1.0750672817230225,1.3984489440917969,0
2025-01-20T05:08:09.001Z,1737349689.0016,0.8855307102203369,1.3984489440917969,0
2025-01-20T05:08:09.501Z,1737349689.5016,0.8402658700942993,1.3984489440917969,0
2025-01-20T05:08:10.001Z,1737349690.0016,0.8336000442504883,1.3984489440917969,0
2025-01-20T05:08:10.501Z,1737349690.5016,1.160478949546814,1.3984489440917969,0
2025-01-20T05:08:11.001Z,1737349691.0016,1.097252607345581,1.3984489440917969,0
2025-01-20T05:08:11.501Z,1737349691.5016,0.9217479825019836,1.3984489440917969,0
2025-01-20T05:08:12.001Z,1737349692.0016,0.8906477093696594,1.3984489440917969,0
2025-01-20T05:08:12.501Z,1737349692.5016,0.6894876956939697,1.3984489440917969,0
2025-01-20T05:08:13.001Z,1737349693.0016,0.819529116153717,1.3984489440917969,0
2025-01-20T05:08:13.501Z,1737349693.5016,0.9344916343688965,1.3984489440917969,0
2025-01-20T05:08:14.001Z,1737349694.0016,0.9107198119163513,1.3984489440917969,0
2025-01-20T05:08:14.501Z,1737349694.5016,1.2498228549957275,1.3984489440917969,0
2025-01-20T05:08:15.001Z,1737349695.0016,1.0241680145263672,1.3984489440917969,0
2025-01-20T05:08:15.501Z,1737349695.5016,1.1022005081176758,1.3984489440917969,0
2025-01-20T05:08:16.001Z,1737349696.0016,0.9336621761322021,1.3984489440917969,0
2025-01-20T05:08:16.501Z,1737349696.5016,0.9680874347686768,1.3984489440917969,0
2025-01-20T05:08:17.001Z,1737349697.0016,0.7938631772994995,1.3984489440917969,0
2025-01-20T05:08:17.501Z,1737349697.5016,0.8656545877456665,1.3984489440917969,0
2025-01-20T05:08:18.001Z,1737349698.0016,0.7936801910400391,1.3984489440917969,0
2025-01-20T05:08:18.501Z,1737349698.5016,0.9123992919921875,1.3984489440917969,0
2025-01-20T05:08:19.001Z,1737349699.0016,0.7787549495697021,1.3984489440917969,0
2025-01-20T05:08:19.501Z,1737349699.5016,0.8517166376113892,1.3984489440917969,0
2025-01-20T05:08:20.001Z,1737349700.0016,1.1573491096496582,1.3984489440917969,0
2025-01-20T05:08:20.501Z,1737349700.5016,1.1590986251831055,1.3984489440917969,0
2025-01-20T05:08:21.001Z,1737349701.0016,0.8749567270278931,1.3984489440917969,0
2025-01-20T05:08:21.501Z,1737349701.5016,0.9242877960205078,1.3984489440917969,0
2025-01-20T05:08:22.001Z,1737349702.0016,1.01041841506958,1.3984489440917969,0
2025-01-20T05:08:22.501Z,1737349702.5016,0.8597381114959717,1.3984489440917969,0
2025-01-20T05:08:23.001Z,1737349703.0016,1.0939561128616333,1.3984489440917969,0
2025-01-20T05:08:23.501Z,1737349703.5016,0.9800165891647339,1.3984489440917969,0
2025-01-20T05:08:24.001Z,1737349704.0016,0.8608683347702026,1.3984489440917969,0
2025-01-20T05:08:24.501Z,1737349704.5016,0.9843727350234985,1.3984489440917969,0
2025-01-20T05:08:25.001Z,1737349705.0016,1.1501965522766113,1.3984489440917969,0
2025-01-20T05:08:25.501Z,1737349705.5016,1.0187814235687256,1.3984489440917969,0
2025-01-20T05:08:26.001Z,1737349706.0016,1.006364345550537,1.3984489440917969,0
2025-01-20T05:08:26.501Z,1737349706.5016,0.9844905138015747,1.3984489440917969,0
2025-01-20T05:08:27.001Z,1737349707.0016,0.9172134399414062,1.3984489440917969,0
2025-01-20T05:08:27.501Z,1737349707.5016,0.8902982473373413,1.3984489440917969,0
2025-01-20T05:08:28.001Z,1737349708.0016,1.0384830236434937,1.3984489440917969,0
2025-01-20T05:08:28.501Z,1737349708.5016,0.9826422929763794,1.3984489440917969,0
2025-01-20T05:08:29.001Z,1737349709.0016,0.940829873085022,1.3984489440917969,0
2025-01-20T05:08:29.501Z,1737349709.5016,1.121060848236084,1.3984489440917969,0
2025-01-20T05:08:30.001Z,1737349710.0016,0.986522376537323,1.3984489440917969,0
2025-01-20T05:08:30.501Z,1737349710.5016,0.8602438569068909,1.3984489440917969,0
2025-01-20T05:08:31.001Z,1737349711.0016,0.8676501512527466,1.3984489440917969,0
2025-01-20T05:08:31.501Z,1737349711.5016,0.7474791407585144,1.3984489440917969,0
2025-01-20T05:08:32.001Z,1737349712.0016,0.7045367956161499,1.3984489440917969,0
2025-01-20T05:08:32.501Z,1737349712.5016,0.8602350950241089,1.3984489440917969,0
2025-01-20T05:08:33.001Z,1737349713.0016,0.7967866659164429,1.3984489440917969,0
2025-01-20T05:08:33.501Z,1737349713.5016,0.9597055912017822,1.3984489440917969,0
2025-01-20T05:08:34.001Z,1737349714.0016,0.9328950643539429,1.3984489440917969,0
2025-01-20T05:08:34.501Z,1737349714.5016,1.3844947814941406,1.3984489440917969,0
2025-01-20T05:08:35.001Z,1737349715.0016,0.8901963233947754,1.3984489440917969,0
2025-01-20T05:08:35.501Z,1737349715.5016,0.9864445924758911,1.3984489440917969,0
2025-01-20T05:08:36.001Z,1737349716.0016,1.1671534776687622,1.3984489440917969,0
2025-01-20T05:08:36.501Z,1737349716.5016,0.981635570526123,1.3984489440917969,0
2025-01-20T05:08:37.001Z,1737349717.0016,0.766338586807251,1.3984489440917969,0
2025-01-20T05:08:37.501Z,1737349717.5016,0.9420171976089478,1.3984489440917969,0
2025-01-20T05:08:38.001Z,1737349718.0016,0.9623353481292725,1.3984489440917969,0
2025-01-20T05:08:38.501Z,1737349718.5016,1.3496534824371338,1.3984489440917969,0
2025-01-20T05:08:39.001Z,1737349719.0016,0.8703632354736328,1.3984489440917969,0
2025-01-20T05:08:39.501Z,1737349719.5016,1.155134677886963,1.3984489440917969,0
2025-01-20T05:08:40.001Z,1737349720.0016,1.1003544330596924,1.3984489440917969,0
2025-01-20T05:08:40.501Z,1737349720.5016,1.140169620513916,1.3984489440917969,0
2025-01-20T05:08:41.001Z,1737349721.0016,0.7877199649810791,1.3984489440917969,0
2025-01-20T05:08:41.501Z,1737349721.5016,0.9183228015899658,1.3984489440917969,0
2025-01-20T05:08:42.001Z,1737349722.0016,0.9541021585464478,1.3984489440917969,0
2025-01-20T05:08:42.501Z,1737349722.5016,1.0665698051452637,1.3984489440917969,0
2025-01-20T05:08:43.001Z,1737349723.0016,0.8317151069641113,1.3984489440917969,0
2025-01-20T05:08:43.501Z,1737349723.5016,0.754331111907959,1.3984489440917969,0
2025-01-20T05:08:44.001Z,1737349724.0016,0.8546758890151978,1.3984489440917969,0
2025-01-20T05:08:44.501Z,1737349724.5016,0.770281195640564,1.3984489440917969,0
2025-01-20T05:08:45.001Z,1737349725.0016,0.8396587371826172,1.3984489440917969,0
2025-01-20T05:08:45.501Z,1737349725.5016,0.9276092052459717,1.3984489440917969,0
2025-01-20T05:08:46.001Z,1737349726.0016,0.7581174373626709,1.3984489440917969,0
2025-01-20T05:08:46.501Z,1737349726.5016,0.6887404918670654,1.3984489440917969,0
2025-01-20T05:08:47.001Z,1737349727.0016,0.9231652021408081,1.3984489440917969,0
2025-01-20T05:08:47.501Z,1737349727.5016,0.7549026012420654,1.3984489440917969,0
2025-01-20T05:08:48.001Z,1737349728.0016,0.9824225902557373,1.3984489440917969,0
2025-01-20T05:08:48.501Z,1737349728.5016,1.3247778415679932,1.3984489440917969,0
2025-01-20T05:08:49.001Z,1737349729.0016,0.685232400894165,1.3984489440917969,0
2025-01-20T05:08:49.501Z,1737349729.5016,1.0006394386291504,1.3984489440917969,0
2025-01-20T05:08:50.001Z,1737349730.0016,1.0530369281768799,1.3984489440917969,0
2025-01-20T05:08:50.501Z,1737349730.5016,0.8775339126586914,1.3984489440917969,0
2025-01-20T05:08:51.001Z,1737349731.0016,0.9833043217658997,1.3984489440917969,0
2025-01-20T05:08:51.501Z,1737349731.5016,0.9485512971878052,1.3984489440917969,0
2025-01-20T05:08:52.001Z,1737349732.0016,1.1020314693450928,1.3984489440917969,0
2025-01-20T05:08:52.501Z,1737349732.5016,0.7890546917915344,1.3984489440917969,0
2025-01-20T05:08:53.001Z,1737349733.0016,1.2933368682861328,1.3984489440917969,0
2025-01-20T05:08:53.501Z,1737349733.5016,0.8349473476409912,1.3984489440917969,0
2025-01-20T05:08:54.001Z,1737349734.0016,0.8129050731658936,1.3984489440917969,0
2025-01-20T05:08:54.501Z,1737349734.5016,0.9880865812301636,1.3984489440917969,0
2025-01-20T05:08:55.001Z,1737349735.0016,0.8645603656768799,1.3984489440917969,0
2025-01-20T05:08:55.501Z,1737349735.5016,0.9766553640365601,1.3984489440917969,0
2025-01-20T05:08:56.001Z,1737349736.0016,1.0104566812515259,1.3984489440917969,0
2025-01-20T05:08:56.501Z,1737349736.5016,1.0583370923995972,1.3984489440917969,0
2025-01-20T05:08:57.001Z,1737349737.0016,0.9881037473678589,1.3984489440917969,0
2025-01-20T05:08:57.501Z,1737349737.5016,0.728217601776123,1.3984489440917969,0
2025-01-20T05:08:58.001Z,1737349738.0016,0.9431801438331604,1.3984489440917969,0
2025-01-20T05:08:58.501Z,1737349738.5016,0.9085253477096558,1.3984489440917969,0
2025-01-20T05:08:59.001Z,1737349739.0016,0.8826864957809448,1.3984489440917969,0
2025-01-20T05:08:59.501Z,1737349739.5016,1.0610190629959106,1.3984489440917969,0
2025-01-20T05:09:00.001Z,1737349740.0016,0.9748516082763672,1.3984489440917969,0
2025-01-20T05:09:00.501Z,1737349740.5016,1.0384316444396973,1.3984489440917969,0
2025-01-20T05:09:01.001Z,1737349741.0016,0.7762788534164429,1.3984489440917969,0
2025-01-20T05:09:01.501Z,1737349741.5016,0.8071380257606506,1.3984489440917969,0
2025-01-20T05:09:02.001Z,1737349742.0016,0.9243298172950745,1.3984489440917969,0
2025-01-20T05:09:02.501Z,1737349742.5016,1.0854699611663818,1.3984489440917969,0
2025-01-20T05:09:03.001Z,1737349743.0016,0.8973160982131958,1.3984489440917969,0
2025-01-20T05:09:03.501Z,1737349743.5016,1.0217714309692383,1.3984489440917969,0
2025-01-20T05:09:04.001Z,1737349744.0016,1.0164539813995361,1.3984489440917969,0
2025-01-20T05:09:04.501Z,1737349744.5016,1.1372880935668945,1.3984489440917969,0
2025-01-20T05:09:05.001Z,1737349745.0016,0.9776699542999268,1.3984489440917969,0
2025-01-20T05:09:05.501Z,1737349745.5016,0.9960200786590576,1.3984489440917969,0
2025-01-20T05:09:06.001Z,1737349746.0016,0.9802565574645996,1.3984489440917969,0
2025-01-20T05:09:06.501Z,1737349746.5016,1.0606348514556885,1.3984489440917969,0
2025-01-20T05:09:07.001Z,1737349747.0016,0.9205602407455444,1.3984489440917969,0
2025-01-20T05:09:07.501Z,1737349747.5016,0.9887020587921143,1.3984489440917969,0
2025-01-20T05:09:08.001Z,1737349748.0016,0.7696213126182556,1.3984489440917969,0
2025-01-20T05:09:08.501Z,1737349748.5016,0.9652888774871826,1.3984489440917969,0
2025-01-20T05:09:09.001Z,1737349749.0016,0.86543869972229,1.3984489440917969,0
2025-01-20T05:09:09.501Z,1737349749.5016,0.8846276998519897,1.3984489440917969,0
2025-01-20T05:09:10.001Z,1737349750.0016,1.0504987239837646,1.3984489440917969,0
2025-01-20T05:09:10.501Z,1737349750.5016,0.8504328727722168,1.3984489440917969,0
2025-01-20T05:09:11.001Z,1737349751.0016,1.0658679008483887,1.3984489440917969,0
2025-01-20T05:09:11.501Z,1737349751.5016,0.9976704716682434,1.3984489440917969,0
2025-01-20T05:09:12.001Z,1737349752.0016,0.8940978646278381,1.3984489440917969,0
2025-01-20T05:09:12.501Z,1737349752.5016,1.0261039733886719,1.3984489440917969,0
2025-01-20T05:09:13.001Z,1737349753.0016,0.9457900524139404,1.3984489440917969,0
2025-01-20T05:09:13.501Z,1737349753.5016,0.783521294593811,1.3984489440917969,0
2025-01-20T05:09:14.001Z,1737349754.0016,0.9597159624099731,1.3984489440917969,0
2025-01-20T05:09:14.501Z,1737349754.5016,0.8972064852714539,1.3984489440917969,0
2025-01-20T05:09:15.001Z,1737349755.0016,0.801709771156311,1.3984489440917969,0
2025-01-20T05:09:15.501Z,1737349755.5016,0.9509181976318359,1.3984489440917969,0
2025-01-20T05:09:16.001Z,1737349756.0016,0.9796714782714844,1.3984489440917969,0
2025-01-20T05:09:16.501Z,1737349756.5016,0.8372844457626343,1.3984489440917969,0
2025-01-20T05:09:17.001Z,1737349757.0016,0.7707735300064087,1.3984489440917969,0
2025-01-20T05:09:17.501Z,1737349757.5016,0.948011577129364,1.3984489440917969,0
2025-01-20T05:09:18.001Z,1737349758.0016,1.0088139772415161,1.3984489440917969,0
2025-01-20T05:09:18.501Z,1737349758.5016,0.9781612157821655,1.3984489440917969,0
2025-01-20T05:09:19.001Z,1737349759.0016,1.0226998329162598,1.3984489440917969,0
2025-01-20T05:09:19.501Z,1737349759.5016,1.0966532230377197,1.3984489440917969,0
2025-01-20T05:09:20.001Z,1737349760.0016,1.0416351556777954,1.3984489440917969,0
2025-01-20T05:09:20.501Z,1737349760.5016,1.062266230583191,1.3984489440917969,0
2025-01-20T05:09:21.001Z,1737349761.0016,1.027024745941162,1.3984489440917969,0
2025-01-20T05:09:21.501Z,1737349761.5016,0.8038260340690613,1.3984489440917969,0
2025-01-20T05:09:22.001Z,1737349762.0016,0.8161320090293884,1.3984489440917969,0
2025-01-20T05:09:22.501Z,1737349762.5016,0.9629454612731934,1.3984489440917969,0
2025-01-20T05:09:23.001Z,1737349763.0016,1.0316956043243408,1.3984489440917969,0
2025-01-20T05:09:23.501Z,1737349763.5016,0.8903339505195618,1.3984489440917969,0
2025-01-20T05:09:24.001Z,1737349764.0016,0.9605939388275146,1.3984489440917969,0
2025-01-20T05:09:24.501Z,1737349764.5016,0.8043630123138428,1.3984489440917969,0
2025-01-20T05:09:25.001Z,1737349765.0016,0.879775881767273,1.3984489440917969,0
2025-01-20T05:09:25.501Z,1737349765.5016,0.924224317073822,1.3984489440917969,0
2025-01-20T05:09:26.001Z,1737349766.0016,0.9606607556343079,1.3984489440917969,0
2025-01-20T05:09:26.501Z,1737349766.5016,1.0172278881072998,1.3984489440917969,0
2025-01-20T05:09:27.001Z,1737349767.0016,0.9925678968429565,1.3984489440917969,0
2025-01-20T05:09:27.501Z,1737349767.5016,1.2668166160583496,1.3984489440917969,0
2025-01-20T05:09:28.001Z,1737349768.0016,0.9049992561340332,1.3984489440917969,0
2025-01-20T05:09:28.501Z,1737349768.5016,0.7864741086959839,1.3984489440917969,0
2025-01-20T05:09:29.001Z,1737349769.0016,0.8667236566543579,1.3984489440917969,0
2025-01-20T05:09:29.501Z,1737349769.5016,1.0290428400039673,1.3984489440917969,0
2025-01-20T05:09:30.001Z,1737349770.0016,0.8179131746292114,1.3984489440917969,0
2025-01-20T05:09:30.501Z,1737349770.5016,0.9557998180389404,1.3984489440917969,0
2025-01-20T05:09:31.001Z,1737349771.0016,1.1952486038208008,1.3984489440917969,0
2025-01-20T05:09:31.501Z,1737349771.5016,0.9240497350692749,1.3984489440917969,0
2025-01-20T05:09:32.001Z,1737349772.0016,1.3333436250686646,1.3984489440917969,0
2025-01-20T05:09:32.501Z,1737349772.5016,0.8765608072280884,1.3984489440917969,0
2025-01-20T05:09:33.001Z,1737349773.0016,0.9124984741210938,1.3984489440917969,0
2025-01-20T05:09:33.501Z,1737349773.5016,1.0174847841262817,1.3984489440917969,0
2025-01-20T05:09:34.001Z,1737349774.0016,1.1663882732391357,1.3984489440917969,0
2025-01-20T05:09:34.501Z,1737349774.5016,1.1219360828399658,1.3984489440917969,0
2025-01-20T05:09:35.001Z,1737349775.0016,1.0396112203598022,1.3984489440917969,0
2025-01-20T05:09:35.501Z,1737349775.5016,0.9674956798553467,1.3984489440917969,0
2025-01-20T05:09:36.001Z,1737349776.0016,0.8222981691360474,1.3984489440917969,0
2025-01-20T05:09:36.501Z,1737349776.5016,0.9583560824394226,1.3984489440917969,0
2025-01-20T05:09:37.001Z,1737349777.0016,0.8589197397232056,1.3984489440917969,0
2025-01-20T05:09:37.501Z,1737349777.5016,0.9343163967132568,1.3984489440917969,0
2025-01-20T05:09:38.001Z,1737349778.0016,1.0598700046539307,1.3984489440917969,0
2025-01-20T05:09:38.501Z,1737349778.5016,1.082669973373413,1.3984489440917969,0
2025-01-20T05:09:39.001Z,1737349779.0016,0.9196158647537231,1.3984489440917969,0
2025-01-20T05:09:39.501Z,1737349779.5016,0.8604284524917603,1.3984489440917969,0
2025-01-20T05:09:40.001Z,1737349780.0016,0.9124541282653809,1.3984489440917969,0
2025-01-20T05:09:40.501Z,1737349780.5016,0.9522438645362854,1.3984489440917969,0
2025-01-20T05:09:41.001Z,1737349781.0016,0.9302445650100708,1.3984489440917969,0
2025-01-20T05:09:41.501Z,1737349781.5016,0.7559971809387207,1.3984489440917969,0
2025-01-20T05:09:42.001Z,1737349782.0016,1.0555064678192139,1.3984489440917969,0
2025-01-20T05:09:42.501Z,1737349782.5016,1.3791042566299438,1.3984489440917969,0
2025-01-20T05:09:43.001Z,1737349783.0016,0.8732256293296814,1.3984489440917969,0
2025-01-20T05:09:43.501Z,1737349783.5016,0.8621315360069275,1.3984489440917969,0
2025-01-20T05:09:44.001Z,1737349784.0016,1.0415515899658203,1.3984489440917969,0
2025-01-20T05:09:44.501Z,1737349784.5016,0.8088514804840088,1.3984489440917969,0
2025-01-20T05:09:45.001Z,1737349785.0016,1.0858213901519775,1.3984489440917969,0
2025-01-20T05:09:45.501Z,1737349785.5016,1.1913115978240967,1.3984489440917969,0
2025-01-20T05:09:46.001Z,1737349786.0016,0.9027364253997803,1.3984489440917969,0
2025-01-20T05:09:46.501Z,1737349786.5016,0.8583268523216248,1.3984489440917969,0
2025-01-20T05:09:47.001Z,1737349787.0016,0.874930739402771,1.3984489440917969,0
2025-01-20T05:09:47.501Z,1737349787.5016,0.7773364782333374,1.3984489440917969,0
2025-01-20T05:09:48.001Z,1737349788.0016,1.2112295627593994,1.3984489440917969,0
2025-01-20T05:09:48.501Z,1737349788.5016,1.1284139156341553,1.3984489440917969,0
2025-01-20T05:09:49.001Z,1737349789.0016,1.070953130722046,1.3984489440917969,0
2025-01-20T05:09:49.501Z,1737349789.5016,0.769767165184021,1.3984489440917969,0
2025-01-20T05:09:50.001Z,1737349790.0016,0.9465236663818359,1.3984489440917969,0
2025-01-20T05:09:50.501Z,1737349790.5016,0.9920488595962524,1.3984489440917969,0
2025-01-20T05:09:51.001Z,1737349791.0016,0.9604681730270386,1.3984489440917969,0
2025-01-20T05:09:51.501Z,1737349791.5016,0.911553680896759,1.3984489440917969,0
2025-01-20T05:09:52.001Z,1737349792.0016,1.1685571670532227,1.3984489440917969,0
2025-01-20T05:09:52.501Z,1737349792.5016,1.068007230758667,1.3984489440917969,0
2025-01-20T05:09:53.001Z,1737349793.0016,1.0029352903366089,1.3984489440917969,0
2025-01-20T05:09:53.501Z,1737349793.5016,1.3130443096160889,1.3984489440917969,0
2025-01-20T05:09:54.001Z,1737349794.0016,1.0588083267211914,1.3984489440917969,0
2025-01-20T05:09:54.501Z,1737349794.5016,1.1280875205993652,1.3984489440917969,0
2025-01-20T05:09:55.001Z,1737349795.0016,0.9761052131652832,1.3984489440917969,0
2025-01-20T05:09:55.501Z,1737349795.5016,0.9818724393844604,1.3984489440917969,0
2025-01-20T05:09:56.001Z,1737349796.0016,1.0123169422149658,1.3984489440917969,0
2025-01-20T05:09:56.501Z,1737349796.5016,0.9543875455856323,1.3984489440917969,0
2025-01-20T05:09:57.001Z,1737349797.0016,0.8636720776557922,1.3984489440917969,0
2025-01-20T05:09:57.501Z,1737349797.5016,0.8432884216308594,1.3984489440917969,0
2025-01-20T05:09:58.001Z,1737349798.0016,0.9866617918014526,1.3984489440917969,0
2025-01-20T05:09:58.501Z,1737349798.5016,0.8903890252113342,1.3984489440917969,0
2025-01-20T05:09:59.001Z,1737349799.0016,0.9306082725524902,1.3984489440917969,0
2025-01-20T05:09:59.501Z,1737349799.5016,0.7003988027572632,1.3984489440917969,0
2025-01-20T05:10:00.001Z,1737349800.0016,0.6548187732696533,1.3984489440917969,0
2025-01-20T05:10:00.501Z,1737349800.5016,0.9668809175491333,1.3984489440917969,0
2025-01-20T05:10:01.001Z,1737349801.0016,0.8286060094833374,1.3984489440917969,0
2025-01-20T05:10:01.501Z,1737349801.5016,0.9548896551132202,1.3984489440917969,0
2025-01-20T05:10:02.001Z,1737349802.0016,0.9465599060058594,1.3984489440917969,0
2025-01-20T05:10:02.501Z,1737349802.5016,1.1562341451644897,1.3984489440917969,0
2025-01-20T05:10:03.001Z,1737349803.0016,0.6838197708129883,1.3984489440917969,0
2025-01-20T05:10:03.501Z,1737349803.5016,1.1584270000457764,1.3984489440917969,0
2025-01-20T05:10:04.001Z,1737349804.0016,0.769620954990387,1.3984489440917969,0
2025-01-20T05:10:04.501Z,1737349804.5016,0.9065961837768555,1.3984489440917969,0
2025-01-20T05:10:05.001Z,1737349805.0016,0.6590241193771362,1.3984489440917969,0
2025-01-20T05:10:05.501Z,1737349805.5016,0.7642040848731995,1.3984489440917969,0
2025-01-20T05:10:06.001Z,1737349806.0016,1.12420654296875,1.3984489440917969,0
2025-01-20T05:10:06.501Z,1737349806.5016,1.0130434036254883,1.3984489440917969,0
2025-01-20T05:10:07.001Z,1737349807.0016,0.9362781047821045,1.3984489440917969,0
2025-01-20T05:10:07.501Z,1737349807.5016,0.9667907953262329,1.3984489440917969,0
2025-01-20T05:10:08.001Z,1737349808.0016,1.0975979566574097,1.3984489440917969,0
2025-01-20T05:10:08.501Z,1737349808.5016,1.091811180114746,1.3984489440917969,0
2025-01-20T05:10:09.001Z,1737349809.0016,1.0233286619186401,1.3984489440917969,0
2025-01-20T05:10:09.501Z,1737349809.5016,0.8196053504943848,1.3984489440917969,0
2025-01-20T05:10:10.001Z,1737349810.0016,0.8648877143859863,1.3984489440917969,0
2025-01-20T05:10:10.501Z,1737349810.5016,1.059450387954712,1.3984489440917969,0
2025-01-20T05:10:11.001Z,1737349811.0016,0.7850968837738037,1.3984489440917969,0
2025-01-20T05:10:11.501Z,1737349811.5016,0.9945640563964844,1.3984489440917969,0
2025-01-20T05:10:12.001Z,1737349812.0016,0.9887828230857849,1.3984489440917969,0
2025-01-20T05:10:12.501Z,1737349812.5016,1.250319004058838,1.3984489440917969,0
2025-01-20T05:10:13.001Z,1737349813.0016,1.0199339389801025,1.3984489440917969,0
2025-01-20T05:10:13.501Z,1737349813.5016,1.1921589374542236,1.3984489440917969,0
2025-01-20T05:10:14.001Z,1737349814.0016,1.1301391124725342,1.3984489440917969,0
2025-01-20T05:10:14.501Z,1737349814.5016,1.096387267112732,1.3984489440917969,0
2025-01-20T05:10:15.001Z,1737349815.0016,0.9191886782646179,1.3984489440917969,0
2025-01-20T05:10:15.501Z,1737349815.5016,0.8965760469436646,1.3984489440917969,0
2025-01-20T05:10:16.001Z,1737349816.0016,0.7465749979019165,1.3984489440917969,0
2025-01-20T05:10:16.501Z,1737349816.5016,0.8281341195106506,1.3984489440917969,0
2025-01-20T05:10:17.001Z,1737349817.0016,0.8783752918243408,1.3984489440917969,0
2025-01-20T05:10:17.501Z,1737349817.5016,0.9592170119285583,1.3984489440917969,0
2025-01-20T05:10:18.001Z,1737349818.0016,0.7567217946052551,1.3984489440917969,0
2025-01-20T05:10:18.501Z,1737349818.5016,0.798879086971283,1.3984489440917969,0
2025-01-20T05:10:19.001Z,1737349819.0016,0.9211963415145874,1.3984489440917969,0
2025-01-20T05:10:19.501Z,1737349819.5016,0.8269504904747009,1.3984489440917969,0
2025-01-20T05:10:20.001Z,1737349820.0016,0.9690178632736206,1.3984489440917969,0
2025-01-20T05:10:20.501Z,1737349820.5016,0.6536015272140503,1.3984489440917969,0
2025-01-20T05:10:21.001Z,1737349821.0016,1.1860988140106201,1.3984489440917969,0
2025-01-20T05:10:21.501Z,1737349821.5016,0.9015297293663025,1.3984489440917969,0
2025-01-20T05:10:22.001Z,1737349822.0016,0.7823333144187927,1.3984489440917969,0
2025-01-20T05:10:22.501Z,1737349822.5016,0.9723661541938782,1.3984489440917969,0
2025-01-20T05:10:23.001Z,1737349823.0016,1.0290043354034424,1.3984489440917969,0
2025-01-20T05:10:23.501Z,1737349823.5016,1.2056353092193604,1.3984489440917969,0
2025-01-20T05:10:24.001Z,1737349824.0016,0.9257122278213501,1.3984489440917969,0
2025-01-20T05:10:24.501Z,1737349824.5016,0.827265739440918,1.3984489440917969,0
2025-01-20T05:10:25.001Z,1737349825.0016,0.9823917150497437,1.3984489440917969,0
2025-01-20T05:10:25.501Z,1737349825.5016,1.302927017211914,1.3984489440917969,0
2025-01-20T05:10:26.001Z,1737349826.0016,0.9714717268943787,1.3984489440917969,0
2025-01-20T05:10:26.501Z,1737349826.5016,1.0493446588516235,1.3984489440917969,0
2025-01-20T05:10:27.001Z,1737349827.0016,1.098494529724121,1.3984489440917969,0
2025-01-20T05:10:27.501Z,1737349827.5016,0.9723453521728516,1.3984489440917969,0
2025-01-20T05:10:28.001Z,1737349828.0016,0.8623236417770386,1.3984489440917969,0
2025-01-20T05:10:28.501Z,1737349828.5016,0.8067271113395691,1.3984489440917969,0
2025-01-20T05:10:29.001Z,1737349829.0016,0.7568868398666382,1.3984489440917969,0
2025-01-20T05:10:29.501Z,1737349829.5016,0.9695731401443481,1.3984489440917969,0
2025-01-20T05:10:30.001Z,1737349830.0016,1.2242239713668823,1.3984489440917969,0
2025-01-20T05:10:30.501Z,1737349830.5016,0.9873055219650269,1.3984489440917969,0
2025-01-20T05:10:31.001Z,1737349831.0016,0.9499757289886475,1.3984489440917969,0
2025-01-20T05:10:31.501Z,1737349831.5016,0.8487000465393066,1.3984489440917969,0
2025-01-20T05:10:32.001Z,1737349832.0016,0.9396576881408691,1.3984489440917969,0
2025-01-20T05:10:32.501Z,1737349832.5016,0.7133560180664062,1.3984489440917969,0
2025-01-20T05:10:33.001Z,1737349833.0016,0.9216261506080627,1.3984489440917969,0
2025-01-20T05:10:33.501Z,1737349833.5016,0.8984383344650269,1.3984489440917969,0
2025-01-20T05:10:34.001Z,1737349834.0016,0.8630232810974121,1.3984489440917969,0
2025-01-20T05:10:34.501Z,1737349834.5016,0.8458425998687744,1.3984489440917969,0
2025-01-20T05:10:35.001Z,1737349835.0016,0.9192535877227783,1.3984489440917969,0
2025-01-20T05:10:35.501Z,1737349835.5016,0.9427119493484497,1.3984489440917969,0
2025-01-20T05:10:36.001Z,1737349836.0016,1.1156725883483887,1.3984489440917969,0
2025-01-20T05:10:36.501Z,1737349836.5016,0.7041581273078918,1.3984489440917969,0
2025-01-20T05:10:37.001Z,1737349837.0016,0.9182127714157104,1.3984489440917969,0
2025-01-20T05:10:37.501Z,1737349837.5016,1.0194225311279297,1.3984489440917969,0
2025-01-20T05:10:38.001Z,1737349838.0016,0.9226032495498657,1.3984489440917969,0
2025-01-20T05:10:38.501Z,1737349838.5016,1.1823723316192627,1.3984489440917969,0
2025-01-20T05:10:39.001Z,1737349839.0016,1.1297729015350342,1.3984489440917969,0
2025-01-20T05:10:39.501Z,1737349839.5016,1.0265483856201172,1.3984489440917969,0
2025-01-20T05:10:40.001Z,1737349840.0016,0.9730379581451416,1.3984489440917969,0
2025-01-20T05:10:40.501Z,1737349840.5016,0.9670393466949463,1.3984489440917969,0
2025-01-20T05:10:41.001Z,1737349841.0016,0.8733416795730591,1.3984489440917969,0
2025-01-20T05:10:41.501Z,1737349841.5016,0.8103622198104858,1.3984489440917969,0
2025-01-20T05:10:42.001Z,1737349842.0016,0.9853470921516418,1.3984489440917969,0
2025-01-20T05:10:42.501Z,1737349842.5016,1.0583511590957642,1.3984489440917969,0
2025-01-20T05:10:43.001Z,1737349843.0016,0.9836989045143127,1.3984489440917969,0
2025-01-20T05:10:43.501Z,1737349843.5016,0.9616321325302124,1.3984489440917969,0
2025-01-20T05:10:44.001Z,1737349844.0016,1.0961618423461914,1.3984489440917969,0
2025-01-20T05:10:44.501Z,1737349844.5016,1.0223604440689087,1.3984489440917969,0
2025-01-20T05:10:45.001Z,1737349845.0016,0.8381218910217285,1.3984489440917969,0
2025-01-20T05:10:45.501Z,1737349845.5016,0.9347594976425171,1.3984489440917969,0
2025-01-20T05:10:46.001Z,1737349846.0016,1.1365678310394287,1.3984489440917969,0
2025-01-20T05:10:46.501Z,1737349846.5016,1.0786688327789307,1.3984489440917969,0
2025-01-20T05:10:47.001Z,1737349847.0016,0.9705508351325989,1.3984489440917969,0
2025-01-20T05:10:47.501Z,1737349847.5016,1.0018508434295654,1.3984489440917969,0
2025-01-20T05:10:48.001Z,1737349848.0016,0.8527129888534546,1.3984489440917969,0
2025-01-20T05:10:48.501Z,1737349848.5016,1.0941009521484375,1.3984489440917969,0
2025-01-20T05:10:49.001Z,1737349849.0016,0.7419192790985107,1.3984489440917969,0
2025-01-20T05:10:49.501Z,1737349849.5016,1.0138194561004639,1.3984489440917969,0
2025-01-20T05:10:50.001Z,1737349850.0016,1.1020206212997437,1.3984489440917969,0
2025-01-20T05:10:50.501Z,1737349850.5016,0.7673373818397522,1.3984489440917969,0
2025-01-20T05:10:51.001Z,1737349851.0016,1.025574803352356,1.3984489440917969,0
2025-01-20T05:10:51.501Z,1737349851.5016,1.1755660772323608,1.3984489440917969,0
2025-01-20T05:10:52.001Z,1737349852.0016,0.8804981112480164,1.3984489440917969,0
2025-01-20T05:10:52.501Z,1737349852.5016,1.1180243492126465,1.3984489440917969,0
2025-01-20T05:10:53.001Z,1737349853.0016,0.8201297521591187,1.3984489440917969,0
2025-01-20T05:10:53.501Z,1737349853.5016,0.9530242681503296,1.3984489440917969,0
2025-01-20T05:10:54.001Z,1737349854.0016,1.2547907829284668,1.3984489440917969,0
2025-01-20T05:10:54.501Z,1737349854.5016,0.852254331111908,1.3984489440917969,0
2025-01-20T05:10:55.001Z,1737349855.0016,0.8430782556533813,1.3984489440917969,0
2025-01-20T05:10:55.501Z,1737349855.5016,1.0084993839263916,1.3984489440917969,0
2025-01-20T05:10:56.001Z,1737349856.0016,0.9281163811683655,1.3984489440917969,0
2025-01-20T05:10:56.501Z,1737349856.5016,1.2342767715454102,1.3984489440917969,0
2025-01-20T05:10:57.001Z,1737349857.0016,0.8603657484054565,1.3984489440917969,0
2025-01-20T05:10:57.501Z,1737349857.5016,0.7381460666656494,1.3984489440917969,0
2025-01-20T05:10:58.001Z,1737349858.0016,1.0001575946807861,1.3984489440917969,0
2025-01-20T05:10:58.501Z,1737349858.5016,0.8991824984550476,1.3984489440917969,0
2025-01-20T05:10:59.001Z,1737349859.0016,0.8537545204162598,1.3984489440917969,0
2025-01-20T05:10:59.501Z,1737349859.5016,0.8602684736251831,1.3984489440917969,0
2025-01-20T05:11:00.001Z,1737349860.0016,0.8177752494812012,1.3984489440917969,0
2025-01-20T05:11:00.501Z,1737349860.5016,1.0762946605682373,1.3984489440917969,0
2025-01-20T05:11:01.001Z,1737349861.0016,1.0514411926269531,1.3984489440917969,0
2025-01-20T05:11:01.501Z,1737349861.5016,0.896135687828064,1.3984489440917969,0
2025-01-20T05:11:02.001Z,1737349862.0016,1.0166658163070679,1.3984489440917969,0
2025-01-20T05:11:02.501Z,1737349862.5016,1.027374267578125,1.3984489440917969,0
2025-01-20T05:11:03.001Z,1737349863.0016,0.8454635143280029,1.3984489440917969,0
2025-01-20T05:11:03.501Z,1737349863.5016,0.9786337614059448,1.3984489440917969,0
2025-01-20T05:11:04.001Z,1737349864.0016,1.0275145769119263,1.3984489440917969,0
2025-01-20T05:11:04.501Z,1737349864.5016,0.9496653079986572,1.3984489440917969,0
2025-01-20T05:11:05.001Z,1737349865.0016,0.8367372751235962,1.3984489440917969,0
2025-01-20T05:11:05.501Z,1737349865.5016,0.83030104637146,1.3984489440917969,0
2025-01-20T05:11:06.001Z,1737349866.0016,0.8871324062347412,1.3984489440917969,0
2025-01-20T05:11:06.501Z,1737349866.5016,1.147261142730713,1.3984489440917969,0
2025-01-20T05:11:07.001Z,1737349867.0016,0.9575017094612122,1.3984489440917969,0
2025-01-20T05:11:07.501Z,1737349867.5016,0.9806800484657288,1.3984489440917969,0
2025-01-20T05:11:08.001Z,1737349868.0016,0.9766689538955688,1.3984489440917969,0
2025-01-20T05:11:08.501Z,1737349868.5016,0.7760703563690186,1.3984489440917969,0
2025-01-20T05:11:09.001Z,1737349869.0016,1.0077215433120728,1.3984489440917969,0
2025-01-20T05:11:09.501Z,1737349869.5016,0.8244807720184326,1.3984489440917969,0
2025-01-20T05:11:10.001Z,1737349870.0016,0.8942798376083374,1.3984489440917969,0
2025-01-20T05:11:10.501Z,1737349870.5016,0.9941717386245728,1.3984489440917969,0
2025-01-20T05:11:11.001Z,1737349871.0016,1.0041786432266235,1.3984489440917969,0
2025-01-20T05:11:11.501Z,1737349871.5016,1.1892805099487305,1.3984489440917969,0
2025-01-20T05:11:12.001Z,1737349872.0016,0.9918726682662964,1.3984489440917969,0
2025-01-20T05:11:12.501Z,1737349872.5016,1.0626200437545776,1.3984489440917969,0
2025-01-20T05:11:13.001Z,1737349873.0016,0.9975205659866333,1.3984489440917969,0
2025-01-20T05:11:13.501Z,1737349873.5016,0.838270902633667,1.3984489440917969,0
2025-01-20T05:11:14.001Z,1737349874.0016,0.9579055905342102,1.3984489440917969,0
2025-01-20T05:11:14.501Z,1737349874.5016,1.165351390838623,1.3984489440917969,0
2025-01-20T05:11:15.001Z,1737349875.0016,1.0573720932006836,1.3984489440917969,0
2025-01-20T05:11:15.501Z,1737349875.5016,1.045290470123291,1.3984489440917969,0
2025-01-20T05:11:16.001Z,1737349876.0016,1.105341911315918,1.3984489440917969,0
2025-01-20T05:11:16.501Z,1737349876.5016,1.0038061141967773,1.3984489440917969,0
2025-01-20T05:11:17.001Z,1737349877.0016,0.7187191247940063,1.3984489440917969,0
2025-01-20T05:11:17.501Z,1737349877.5016,0.8330954313278198,1.3984489440917969,0
2025-01-20T05:11:18.001Z,1737349878.0016,0.8814977407455444,1.3984489440917969,0
2025-01-20T05:11:18.501Z,1737349878.5016,0.8275648951530457,1.3984489440917969,0
2025-01-20T05:11:19.001Z,1737349879.0016,0.8483418226242065,1.3984489440917969,0
2025-01-20T05:11:19.501Z,1737349879.5016,0.8465633392333984,1.3984489440917969,0
2025-01-20T05:11:20.001Z,1737349880.0016,0.7570158839225769,1.3984489440917969,0
2025-01-20T05:11:20.501Z,1737349880.5016,0.8848332762718201,1.3984489440917969,0
2025-01-20T05:11:21.001Z,1737349881.0016,0.8775458335876465,1.3984489440917969,0
2025-01-20T05:11:21.501Z,1737349881.5016,1.1629549264907837,1.3984489440917969,0
2025-01-20T05:11:22.001Z,1737349882.0016,1.1187539100646973,1.3984489440917969,0
2025-01-20T05:11:22.501Z,1737349882.5016,0.9099401235580444,1.3984489440917969,0
2025-01-20T05:11:23.001Z,1737349883.0016,1.2063204050064087,1.3984489440917969,0
2025-01-20T05:11:23.501Z,1737349883.5016,1.4410274028778076,1.3984489440917969,0
2025-01-20T05:11:24.001Z,1737349884.0016,1.0823519229888916,1.3984489440917969,0
2025-01-20T05:11:24.501Z,1737349884.5016,1.1318626403808594,1.3984489440917969,0
2025-01-20T05:11:25.001Z,1737349885.0016,1.224714994430542,1.3984489440917969,0
2025-01-20T05:11:25.501Z,1737349885.5016,1.17551589012146,1.3984489440917969,0
2025-01-20T05:11:26.001Z,1737349886.0016,0.8366367816925049,1.3984489440917969,0
2025-01-20T05:11:26.501Z,1737349886.5016,0.827126145362854,1.3984489440917969,0
2025-01-20T05:11:27.001Z,1737349887.0016,0.896882176399231,1.3984489440917969,0
2025-01-20T05:11:27.501Z,1737349887.5016,0.8440127372741699,1.3984489440917969,0
2025-01-20T05:11:28.001Z,1737349888.0016,0.8849225640296936,1.3984489440917969,0
2025-01-20T05:11:28.501Z,1737349888.5016,0.8860030174255371,1.3984489440917969,0
2025-01-20T05:11:29.001Z,1737349889.0016,0.838965654373169,1.3984489440917969,0
2025-01-20T05:11:29.501Z,1737349889.5016,0.8110098838806152,1.3984489440917969,0
2025-01-20T05:11:30.001Z,1737349890.0016,0.9291844964027405,1.3984489440917969,0
2025-01-20T05:11:30.501Z,1737349890.5016,0.8652626276016235,1.3984489440917969,0
2025-01-20T05:11:31.001Z,1737349891.0016,0.9005977511405945,1.3984489440917969,0
2025-01-20T05:11:31.501Z,1737349891.5016,1.0029006004333496,1.3984489440917969,0
2025-01-20T05:11:32.001Z,1737349892.0016,0.9611305594444275,1.3984489440917969,0
2025-01-20T05:11:32.501Z,1737349892.5016,1.0685244798660278,1.3984489440917969,0
2025-01-20T05:11:33.001Z,1737349893.0016,0.7292555570602417,1.3984489440917969,0
2025-01-20T05:11:33.501Z,1737349893.5016,0.8926109075546265,1.3984489440917969,0
2025-01-20T05:11:34.001Z,1737349894.0016,0.8349839448928833,1.3984489440917969,0
2025-01-20T05:11:34.501Z,1737349894.5016,0.9514200687408447,1.3984489440917969,0
2025-01-20T05:11:35.001Z,1737349895.0016,0.7688460350036621,1.3984489440917969,0
2025-01-20T05:11:35.501Z,1737349895.5016,0.9470354914665222,1.3984489440917969,0
2025-01-20T05:11:36.001Z,1737349896.0016,0.7752172946929932,1.3984489440917969,0
2025-01-20T05:11:36.501Z,1737349896.5016,0.9406312108039856,1.3984489440917969,0
2025-01-20T05:11:37.001Z,1737349897.0016,0.7956903576850891,1.3984489440917969,0
2025-01-20T05:11:37.501Z,1737349897.5016,0.910689115524292,1.3984489440917969,0
2025-01-20T05:11:38.001Z,1737349898.0016,0.848092794418335,1.3984489440917969,0
2025-01-20T05:11:38.501Z,1737349898.5016,0.6744351983070374,1.3984489440917969,0
2025-01-20T05:11:39.001Z,1737349899.0016,0.8546113967895508,1.3984489440917969,0
2025-01-20T05:11:39.501Z,1737349899.5016,0.9594377875328064,1.3984489440917969,0
2025-01-20T05:11:40.001Z,1737349900.0016,0.8797937035560608,1.3984489440917969,0
2025-01-20T05:11:40.501Z,1737349900.5016,1.1675100326538086,1.3984489440917969,0
2025-01-20T05:11:41.001Z,1737349901.0016,1.2690719366073608,1.3984489440917969,0
2025-01-20T05:11:41.501Z,1737349901.5016,1.2960326671600342,1.3984489440917969,0
2025-01-20T05:11:42.001Z,1737349902.0016,1.232968807220459,1.3984489440917969,0
2025-01-20T05:11:42.501Z,1737349902.5016,0.8279138803482056,1.3984489440917969,0
2025-01-20T05:11:43.001Z,1737349903.0016,0.9365197420120239,1.3984489440917969,0
2025-01-20T05:11:43.501Z,1737349903.5016,0.8352940082550049,1.3984489440917969,0
2025-01-20T05:11:44.001Z,1737349904.0016,0.9742480516433716,1.3984489440917969,0
2025-01-20T05:11:44.501Z,1737349904.5016,0.7866144180297852,1.3984489440917969,0
2025-01-20T05:11:45.001Z,1737349905.0016,0.796803891658783,1.3984489440917969,0
2025-01-20T05:11:45.501Z,1737349905.5016,0.9021707773208618,1.3984489440917969,0
2025-01-20T05:11:46.001Z,1737349906.0016,0.7204261422157288,1.3984489440917969,0
2025-01-20T05:11:46.501Z,1737349906.5016,0.9780789017677307,1.3984489440917969,0
2025-01-20T05:11:47.001Z,1737349907.0016,0.7243973016738892,1.3984489440917969,0
2025-01-20T05:11:47.501Z,1737349907.5016,1.0604829788208008,1.3984489440917969,0
2025-01-20T05:11:48.001Z,1737349908.0016,0.6876714825630188,1.3984489440917969,0
2025-01-20T05:11:48.501Z,1737349908.5016,0.6825541257858276,1.3984489440917969,0
2025-01-20T05:11:49.001Z,1737349909.0016,0.889120876789093,1.3984489440917969,0
2025-01-20T05:11:49.501Z,1737349909.5016,1.0835567712783813,1.3984489440917969,0
2025-01-20T05:11:50.001Z,1737349910.0016,0.758556067943573,1.3984489440917969,0
2025-01-20T05:11:50.501Z,1737349910.5016,0.9820764064788818,1.3984489440917969,0
2025-01-20T05:11:51.001Z,1737349911.0016,0.7531418800354004,1.3984489440917969,0
2025-01-20T05:11:51.501Z,1737349911.5016,0.8806824684143066,1.3984489440917969,0
2025-01-20T05:11:52.001Z,1737349912.0016,0.7296873331069946,1.3984489440917969,0
2025-01-20T05:11:52.501Z,1737349912.5016,0.9075143337249756,1.3984489440917969,0
2025-01-20T05:11:53.001Z,1737349913.0016,1.1261794567108154,1.3984489440917969,0
2025-01-20T05:11:53.501Z,1737349913.5016,1.0612274408340454,1.3984489440917969,0
2025-01-20T05:11:54.001Z,1737349914.0016,1.0552053451538086,1.3984489440917969,0
2025-01-20T05:11:54.501Z,1737349914.5016,1.166187047958374,1.3984489440917969,0
2025-01-20T05:11:55.001Z,1737349915.0016,1.1505221128463745,1.3984489440917969,0
2025-01-20T05:11:55.501Z,1737349915.5016,1.09051513671875,1.3984489440917969,0
2025-01-20T05:11:56.001Z,1737349916.0016,1.0585250854492188,1.3984489440917969,0
2025-01-20T05:11:56.501Z,1737349916.5016,0.9298287034034729,1.3984489440917969,0
2025-01-20T05:11:57.001Z,1737349917.0016,0.7374039888381958,1.3984489440917969,0
2025-01-20T05:11:57.501Z,1737349917.5016,0.8456146717071533,1.3984489440917969,0
2025-01-20T05:11:58.001Z,1737349918.0016,0.9386190176010132,1.3984489440917969,0
2025-01-20T05:11:58.501Z,1737349918.5016,1.013183355331421,1.3984489440917969,0
2025-01-20T05:11:59.001Z,1737349919.0016,0.8953031301498413,1.3984489440917969,0
2025-01-20T05:11:59.501Z,1737349919.5016,0.9137674570083618,1.3984489440917969,0
2025-01-20T05:12:00.001Z,1737349920.0016,1.1265106201171875,1.3984489440917969,0
2025-01-20T05:12:00.501Z,1737349920.5016,1.0618095397949219,1.3984489440917969,0
2025-01-20T05:12:01.001Z,1737349921.0016,0.9504504203796387,1.3984489440917969,0
2025-01-20T05:12:01.501Z,1737349921.5016,1.0624195337295532,1.3984489440917969,0
2025-01-20T05:12:02.001Z,1737349922.0016,0.9550250768661499,1.3984489440917969,0
2025-01-20T05:12:02.501Z,1737349922.5016,0.8732807636260986,1.3984489440917969,0
2025-01-20T05:12:03.001Z,1737349923.0016,0.9966268539428711,1.3984489440917969,0
2025-01-20T05:12:03.501Z,1737349923.5016,0.9259926080703735,1.3984489440917969,0
2025-01-20T05:12:04.001Z,1737349924.0016,0.9630679488182068,1.3984489440917969,0
2025-01-20T05:12:04.501Z,1737349924.5016,0.8874648809432983,1.3984489440917969,0
2025-01-20T05:12:05.001Z,1737349925.0016,1.0229506492614746,1.3984489440917969,0
2025-01-20T05:12:05.501Z,1737349925.5016,0.845705509185791,1.3984489440917969,0
2025-01-20T05:12:06.001Z,1737349926.0016,0.8843576908111572,1.3984489440917969,0
2025-01-20T05:12:06.501Z,1737349926.5016,1.0083589553833008,1.3984489440917969,0
2025-01-20T05:12:07.001Z,1737349927.0016,1.1300673484802246,1.3984489440917969,0
2025-01-20T05:12:07.501Z,1737349927.5016,1.3733079433441162,1.3984489440917969,0
2025-01-20T05:12:08.001Z,1737349928.0016,1.2653677463531494,1.3984489440917969,0
2025-01-20T05:12:08.501Z,1737349928.5016,0.937554657459259,1.3984489440917969,0
2025-01-20T05:12:09.001Z,1737349929.0016,0.9455825090408325,1.3984489440917969,0
2025-01-20T05:12:09.501Z,1737349929.5016,0.9667648077011108,1.3984489440917969,0
2025-01-20T05:12:10.001Z,1737349930.0016,0.7729998826980591,1.3984489440917969,0
2025-01-20T05:12:10.501Z,1737349930.5016,0.9292486310005188,1.3984489440917969,0
2025-01-20T05:12:11.001Z,1737349931.0016,1.0690953731536865,1.3984489440917969,0
2025-01-20T05:12:11.501Z,1737349931.5016,0.8238470554351807,1.3984489440917969,0
2025-01-20T05:12:12.001Z,1737349932.0016,1.0841796398162842,1.3984489440917969,0
2025-01-20T05:12:12.501Z,1737349932.5016,0.7719813585281372,1.3984489440917969,0
2025-01-20T05:12:13.001Z,1737349933.0016,1.107802152633667,1.3984489440917969,0
2025-01-20T05:12:13.501Z,1737349933.5016,1.0645968914031982,1.3984489440917969,0
2025-01-20T05:12:14.001Z,1737349934.0016,0.797455906867981,1.3984489440917969,0
2025-01-20T05:12:14.501Z,1737349934.5016,0.7454910278320312,1.3984489440917969,0
2025-01-20T05:12:15.001Z,1737349935.0016,0.8695266246795654,1.3984489440917969,0
2025-01-20T05:12:15.501Z,1737349935.5016,1.0212957859039307,1.3984489440917969,0
2025-01-20T05:12:16.001Z,1737349936.0016,0.7725697755813599,1.3984489440917969,0
2025-01-20T05:12:16.501Z,1737349936.5016,0.7524718046188354,1.3984489440917969,0
2025-01-20T05:12:17.001Z,1737349937.0016,0.8913781642913818,1.3984489440917969,0
2025-01-20T05:12:17.501Z,1737349937.5016,0.9255772233009338,1.3984489440917969,0
2025-01-20T05:12:18.001Z,1737349938.0016,0.7827490568161011,1.3984489440917969,0
2025-01-20T05:12:18.501Z,1737349938.5016,1.083113431930542,1.3984489440917969,0
2025-01-20T05:12:19.001Z,1737349939.0016,1.1298812627792358,1.3984489440917969,0
2025-01-20T05:12:19.501Z,1737349939.5016,0.9481737613677979,1.3984489440917969,0
2025-01-20T05:12:20.001Z,1737349940.0016,0.7258895635604858,1.3984489440917969,0
2025-01-20T05:12:20.501Z,1737349940.5016,0.8901293277740479,1.3984489440917969,0
2025-01-20T05:12:21.001Z,1737349941.0016,1.0204774141311646,1.3984489440917969,0
2025-01-20T05:12:21.501Z,1737349941.5016,0.8246957063674927,1.3984489440917969,0
2025-01-20T05:12:22.001Z,1737349942.0016,1.0009907484054565,1.3984489440917969,0
2025-01-20T05:12:22.501Z,1737349942.5016,0.9396363496780396,1.3984489440917969,0
2025-01-20T05:12:23.001Z,1737349943.0016,0.9513100385665894,1.3984489440917969,0
2025-01-20T05:12:23.501Z,1737349943.5016,0.8987445831298828,1.3984489440917969,0
2025-01-20T05:12:24.001Z,1737349944.0016,0.784376859664917,1.3984489440917969,0
2025-01-20T05:12:24.501Z,1737349944.5016,1.0848138332366943,1.3984489440917969,0
2025-01-20T05:12:25.001Z,1737349945.0016,1.12510085105896,1.3984489440917969,0
2025-01-20T05:12:25.501Z,1737349945.5016,1.3849598169326782,1.3984489440917969,1
2025-01-20T05:12:26.001Z,1737349946.0016,1.2025997638702393,1.3984489440917969,0
2025-01-20T05:12:26.501Z,1737349946.5016,1.0380693674087524,1.3984489440917969,0
2025-01-20T05:12:27.001Z,1737349947.0016,0.8068928122520447,1.3984489440917969,0
2025-01-20T05:12:27.501Z,1737349947.5016,0.9879783987998962,1.3984489440917969,0
2025-01-20T05:12:28.001Z,1737349948.0016,0.897596001625061,1.3984489440917969,0
2025-01-20T05:12:28.501Z,1737349948.5016,0.8015010952949524,1.3984489440917969,0
2025-01-20T05:12:29.001Z,1737349949.0016,0.9413578510284424,1.3984489440917969,0
2025-01-20T05:12:29.501Z,1737349949.5016,0.9937034249305725,1.3984489440917969,0
2025-01-20T05:12:30.001Z,1737349950.0016,0.827961266040802,1.3984489440917969,0
2025-01-20T05:12:30.501Z,1737349950.5016,0.9902381896972656,1.3984489440917969,0
2025-01-20T05:12:31.001Z,1737349951.0016,1.0933470726013184,1.3984489440917969,0
2025-01-20T05:12:31.501Z,1737349951.5016,1.0243287086486816,1.3984489440917969,0
2025-01-20T05:12:32.001Z,1737349952.0016,0.980771541595459,1.3984489440917969,0
2025-01-20T05:12:32.501Z,1737349952.5016,1.1010301113128662,1.3984489440917969,0
2025-01-20T05:12:33.001Z,1737349953.0016,0.989929735660553,1.3984489440917969,0
2025-01-20T05:12:33.501Z,1737349953.5016,0.780686616897583,1.3984489440917969,0
2025-01-20T05:12:34.001Z,1737349954.0016,1.042015552520752,1.3984489440917969,0
2025-01-20T05:12:34.501Z,1737349954.5016,0.8234639167785645,1.3984489440917969,0
2025-01-20T05:12:35.001Z,1737349955.0016,0.970986008644104,1.3984489440917969,0
2025-01-20T05:12:35.501Z,1737349955.5016,0.8630346059799194,1.3984489440917969,0
2025-01-20T05:12:36.001Z,1737349956.0016,1.0468077659606934,1.3984489440917969,0
2025-01-20T05:12:36.501Z,1737349956.5016,0.8664351105690002,1.3984489440917969,0
2025-01-20T05:12:37.001Z,1737349957.0016,1.0665466785430908,1.3984489440917969,0
2025-01-20T05:12:37.501Z,1737349957.5016,0.9356906414031982,1.3984489440917969,0
2025-01-20T05:12:38.001Z,1737349958.0016,0.9730699062347412,1.3984489440917969,0
2025-01-20T05:12:38.501Z,1737349958.5016,0.9834932088851929,1.3984489440917969,0
2025-01-20T05:12:39.001Z,1737349959.0016,1.123241662979126,1.3984489440917969,0
2025-01-20T05:12:39.501Z,1737349959.5016,0.9110926389694214,1.3984489440917969,0
2025-01-20T05:12:40.001Z,1737349960.0016,0.9628886580467224,1.3984489440917969,0
2025-01-20T05:12:40.501Z,1737349960.5016,0.7603791952133179,1.3984489440917969,0
2025-01-20T05:12:41.001Z,1737349961.0016,0.9484407901763916,1.3984489440917969,0
2025-01-20T05:12:41.501Z,1737349961.5016,0.9128012657165527,1.3984489440917969,0
2025-01-20T05:12:42.001Z,1737349962.0016,0.8409297466278076,1.3984489440917969,0
2025-01-20T05:12:42.501Z,1737349962.5016,0.766899824142456,1.3984489440917969,0
2025-01-20T05:12:43.001Z,1737349963.0016,0.769089937210083,1.3984489440917969,0
2025-01-20T05:12:43.501Z,1737349963.5016,1.0418154001235962,1.3984489440917969,0
2025-01-20T05:12:44.001Z,1737349964.0016,0.770624041557312,1.3984489440917969,0
2025-01-20T05:12:44.501Z,1737349964.5016,0.9668138027191162,1.3984489440917969,0
2025-01-20T05:12:45.001Z,1737349965.0016,0.9152171611785889,1.3984489440917969,0
2025-01-20T05:12:45.501Z,1737349965.5016,1.0039846897125244,1.3984489440917969,0
2025-01-20T05:12:46.001Z,1737349966.0016,1.0681039094924927,1.3984489440917969,0
2025-01-20T05:12:46.501Z,1737349966.5016,0.8358162641525269,1.3984489440917969,0
2025-01-20T05:12:47.001Z,1737349967.0016,0.9204025864601135,1.3984489440917969,0
2025-01-20T05:12:47.501Z,1737349967.5016,0.759644627571106,1.3984489440917969,0
2025-01-20T05:12:48.001Z,1737349968.0016,0.79682457447052,1.3984489440917969,0
2025-01-20T05:12:48.501Z,1737349968.5016,0.9877719879150391,1.3984489440917969,0
2025-01-20T05:12:49.001Z,1737349969.0016,1.0084385871887207,1.3984489440917969,0
2025-01-20T05:12:49.501Z,1737349969.5016,0.9685900211334229,1.3984489440917969,0
2025-01-20T05:12:50.001Z,1737349970.0016,0.8959103226661682,1.3984489440917969,0
2025-01-20T05:12:50.501Z,1737349970.5016,0.8691429495811462,1.3984489440917969,0
2025-01-20T05:12:51.001Z,1737349971.0016,0.8421111702919006,1.3984489440917969,0
2025-01-20T05:12:51.501Z,1737349971.5016,0.9518523216247559,1.3984489440917969,0
2025-01-20T05:12:52.001Z,1737349972.0016,1.2805119752883911,1.3984489440917969,0
2025-01-20T05:12:52.501Z,1737349972.5016,0.9011386632919312,1.3984489440917969,0
2025-01-20T05:12:53.001Z,1737349973.0016,0.9727814793586731,1.3984489440917969,0
2025-01-20T05:12:53.501Z,1737349973.5016,0.9725074768066406,1.3984489440917969,0
2025-01-20T05:12:54.001Z,1737349974.0016,0.9210931062698364,1.3984489440917969,0
2025-01-20T05:12:54.501Z,1737349974.5016,1.1125473976135254,1.3984489440917969,0
2025-01-20T05:12:55.001Z,1737349975.0016,1.12491774559021,1.3984489440917969,0
2025-01-20T05:12:55.501Z,1737349975.5016,0.9522159099578857,1.3984489440917969,0
2025-01-20T05:12:56.001Z,1737349976.0016,0.77435302734375,1.3984489440917969,0
2025-01-20T05:12:56.501Z,1737349976.5016,1.0612099170684814,1.3984489440917969,0
2025-01-20T05:12:57.001Z,1737349977.0016,0.9905233383178711,1.3984489440917969,0
2025-01-20T05:12:57.501Z,1737349977.5016,0.8869699239730835,1.3984489440917969,0
2025-01-20T05:12:58.001Z,1737349978.0016,0.9496617317199707,1.3984489440917969,0
2025-01-20T05:12:58.501Z,1737349978.5016,1.0317811965942383,1.3984489440917969,0
2025-01-20T05:12:59.001Z,1737349979.0016,0.7205560207366943,1.3984489440917969,0
2025-01-20T05:12:59.501Z,1737349979.5016,0.8916075229644775,1.3984489440917969,0
2025-01-20T05:13:00.001Z,1737349980.0016,0.8964410424232483,1.3984489440917969,0
2025-01-20T05:13:00.501Z,1737349980.5016,0.8341164588928223,1.3984489440917969,0
2025-01-20T05:13:01.001Z,1737349981.0016,0.9490541219711304,1.3984489440917969,0
2025-01-20T05:13:01.501Z,1737349981.5016,1.0048623085021973,1.3984489440917969,0
2025-01-20T05:13:02.001Z,1737349982.0016,0.838013231754303,1.3984489440917969,0
2025-01-20T05:13:02.501Z,1737349982.5016,1.071852207183838,1.3984489440917969,0
2025-01-20T05:13:03.001Z,1737349983.0016,1.0780103206634521,1.3984489440917969,0
2025-01-20T05:13:03.501Z,1737349983.5016,1.0663714408874512,1.3984489440917969,0
2025-01-20T05:13:04.001Z,1737349984.0016,0.7811815142631531,1.3984489440917969,0
2025-01-20T05:13:04.501Z,1737349984.5016,0.9374477863311768,1.3984489440917969,0
2025-01-20T05:13:05.001Z,1737349985.0016,0.9641390442848206,1.3984489440917969,0
2025-01-20T05:13:05.501Z,1737349985.5016,1.1553150415420532,1.3984489440917969,0
2025-01-20T05:13:06.001Z,1737349986.0016,0.9933198690414429,1.3984489440917969,0
2025-01-20T05:13:06.501Z,1737349986.5016,1.3333160877227783,1.3984489440917969,0
2025-01-20T05:13:07.001Z,1737349987.0016,1.1147191524505615,1.3984489440917969,0
2025-01-20T05:13:07.501Z,1737349987.5016,1.106567621231079,1.3984489440917969,0
2025-01-20T05:13:08.001Z,1737349988.0016,0.7270045280456543,1.3984489440917969,0
2025-01-20T05:13:08.501Z,1737349988.5016,1.0606920719146729,1.3984489440917969,0
2025-01-20T05:13:09.001Z,1737349989.0016,0.9370064735412598,1.3984489440917969,0
2025-01-20T05:13:09.501Z,1737349989.5016,0.8647921085357666,1.3984489440917969,0
2025-01-20T05:13:10.001Z,1737349990.0016,0.8511948585510254,1.3984489440917969,0
2025-01-20T05:13:10.501Z,1737349990.5016,0.8206005096435547,1.3984489440917969,0
2025-01-20T05:13:11.001Z,1737349991.0016,0.9556965827941895,1.3984489440917969,0
2025-01-20T05:13:11.501Z,1737349991.5016,0.9017771482467651,1.3984489440917969,0
2025-01-20T05:13:12.001Z,1737349992.0016,0.9137455224990845,1.3984489440917969,0
2025-01-20T05:13:12.501Z,1737349992.5016,0.8658921718597412,1.3984489440917969,0
2025-01-20T05:13:13.001Z,1737349993.0016,1.0247673988342285,1.3984489440917969,0
2025-01-20T05:13:13.501Z,1737349993.5016,1.0490756034851074,1.3984489440917969,0
2025-01-20T05:13:14.001Z,1737349994.0016,0.9869213700294495,1.3984489440917969,0
2025-01-20T05:13:14.501Z,1737349994.5016,0.8245195150375366,1.3984489440917969,0
2025-01-20T05:13:15.001Z,1737349995.0016,0.9647049307823181,1.3984489440917969,0
2025-01-20T05:13:15.501Z,1737349995.5016,1.033817172050476,1.3984489440917969,0
2025-01-20T05:13:16.001Z,1737349996.0016,0.8123144507408142,1.3984489440917969,0
2025-01-20T05:13:16.501Z,1737349996.5016,0.8982487916946411,1.3984489440917969,0
2025-01-20T05:13:17.001Z,1737349997.0016,0.8837631940841675,1.3984489440917969,0
2025-01-20T05:13:17.501Z,1737349997.5016,1.039675235748291,1.3984489440917969,0
2025-01-20T05:13:18.001Z,1737349998.0016,1.177896499633789,1.3984489440917969,0
2025-01-20T05:13:18.501Z,1737349998.5016,0.8137215971946716,1.3984489440917969,0
2025-01-20T05:13:19.001Z,1737349999.0016,1.0760796070098877,1.3984489440917969,0
2025-01-20T05:13:19.501Z,1737349999.5016,0.9145246744155884,1.3984489440917969,0
2025-01-20T05:13:20.001Z,1737350000.0016,0.9499647617340088,1.3984489440917969,0
2025-01-20T05:13:20.501Z,1737350000.5016,1.2801859378814697,1.3984489440917969,0
2025-01-20T05:13:21.001Z,1737350001.0016,1.0728682279586792,1.3984489440917969,0
2025-01-20T05:13:21.501Z,1737350001.5016,0.8738175630569458,1.3984489440917969,0
2025-01-20T05:13:22.001Z,1737350002.0016,0.9449357986450195,1.3984489440917969,0
2025-01-20T05:13:22.501Z,1737350002.5016,0.8271597623825073,1.3984489440917969,0
2025-01-20T05:13:23.001Z,1737350003.0016,0.8100892305374146,1.3984489440917969,0
2025-01-20T05:13:23.501Z,1737350003.5016,0.9297393560409546,1.3984489440917969,0
2025-01-20T05:13:24.001Z,1737350004.0016,1.0194435119628906,1.3984489440917969,0
2025-01-20T05:13:24.501Z,1737350004.5016,0.8919795751571655,1.3984489440917969,0
2025-01-20T05:13:25.001Z,1737350005.0016,0.8896216154098511,1.3984489440917969,0
2025-01-20T05:13:25.501Z,1737350005.5016,0.9439561367034912,1.3984489440917969,0
2025-01-20T05:13:26.001Z,1737350006.0016,0.9242638349533081,1.3984489440917969,0
2025-01-20T05:13:26.501Z,1737350006.5016,0.9546693563461304,1.3984489440917969,0
2025-01-20T05:13:27.001Z,1737350007.0016,0.9095012545585632,1.3984489440917969,0
2025-01-20T05:13:27.501Z,1737350007.5016,0.9083040952682495,1.3984489440917969,0
2025-01-20T05:13:28.001Z,1737350008.0016,0.803725004196167,1.3984489440917969,0
2025-01-20T05:13:28.501Z,1737350008.5016,0.9002597332000732,1.3984489440917969,0
2025-01-20T05:13:29.001Z,1737350009.0016,1.0143609046936035,1.3984489440917969,0
2025-01-20T05:13:29.501Z,1737350009.5016,1.1146667003631592,1.3984489440917969,0
2025-01-20T05:13:30.001Z,1737350010.0016,0.9625470042228699,1.3984489440917969,0
2025-01-20T05:13:30.501Z,1737350010.5016,1.1729381084442139,1.3984489440917969,0
2025-01-20T05:13:31.001Z,1737350011.0016,1.5375688076019287,1.3984489440917969,0
2025-01-20T05:13:31.501Z,1737350011.5016,1.184190034866333,1.3984489440917969,0
2025-01-20T05:13:32.001Z,1737350012.0016,1.0000988245010376,1.3984489440917969,0
2025-01-20T05:13:32.501Z,1737350012.5016,0.9454402327537537,1.3984489440917969,0
2025-01-20T05:13:33.001Z,1737350013.0016,0.9715222120285034,1.3984489440917969,0
2025-01-20T05:13:33.501Z,1737350013.5016,0.7227403521537781,1.3984489440917969,0
2025-01-20T05:13:34.001Z,1737350014.0016,0.9369781613349915,1.3984489440917969,0
2025-01-20T05:13:34.501Z,1737350014.5016,0.7289457321166992,1.3984489440917969,0
2025-01-20T05:13:35.001Z,1737350015.0016,0.6446404457092285,1.3984489440917969,0
2025-01-20T05:13:35.501Z,1737350015.5016,1.0167326927185059,1.3984489440917969,0
2025-01-20T05:13:36.001Z,1737350016.0016,0.9187272787094116,1.3984489440917969,0
2025-01-20T05:13:36.501Z,1737350016.5016,0.9168161153793335,1.3984489440917969,0
2025-01-20T05:13:37.001Z,1737350017.0016,0.8606349229812622,1.3984489440917969,0
2025-01-20T05:13:37.501Z,1737350017.5016,1.124908447265625,1.3984489440917969,0
2025-01-20T05:13:38.001Z,1737350018.0016,0.8401662707328796,1.3984489440917969,0
2025-01-20T05:13:38.501Z,1737350018.5016,0.7194808721542358,1.3984489440917969,0
2025-01-20T05:13:39.001Z,1737350019.0016,0.7182680368423462,1.3984489440917969,0
2025-01-20T05:13:39.501Z,1737350019.5016,0.8906000852584839,1.3984489440917969,0
2025-01-20T05:13:40.001Z,1737350020.0016,0.8844777345657349,1.3984489440917969,0
2025-01-20T05:13:40.501Z,1737350020.5016,1.1142644882202148,1.3984489440917969,0
2025-01-20T05:13:41.001Z,1737350021.0016,0.8969284892082214,1.3984489440917969,0
2025-01-20T05:13:41.501Z,1737350021.5016,1.22629976272583,1.3984489440917969,0
2025-01-20T05:13:42.001Z,1737350022.0016,1.1492784023284912,1.3984489440917969,0
2025-01-20T05:13:42.501Z,1737350022.5016,1.0651867389678955,1.3984489440917969,0
2025-01-20T05:13:43.001Z,1737350023.0016,1.0583429336547852,1.3984489440917969,0
2025-01-20T05:13:43.501Z,1737350023.5016,1.0112502574920654,1.3984489440917969,0
2025-01-20T05:13:44.001Z,1737350024.0016,0.9679442644119263,1.3984489440917969,0
2025-01-20T05:13:44.501Z,1737350024.5016,1.1205451488494873,1.3984489440917969,0
2025-01-20T05:13:45.001Z,1737350025.0016,0.9698314666748047,1.3984489440917969,0
2025-01-20T05:13:45.501Z,1737350025.5016,0.9022120237350464,1.3984489440917969,0
2025-01-20T05:13:46.001Z,1737350026.0016,0.9148576259613037,1.3984489440917969,0
2025-01-20T05:13:46.501Z,1737350026.5016,0.9984416961669922,1.3984489440917969,0
2025-01-20T05:13:47.001Z,1737350027.0016,0.8964670896530151,1.3984489440917969,0
2025-01-20T05:13:47.501Z,1737350027.5016,0.9701554179191589,1.3984489440917969,0
2025-01-20T05:13:48.001Z,1737350028.0016,1.0721521377563477,1.3984489440917969,0
2025-01-20T05:13:48.501Z,1737350028.5016,0.7664405107498169,1.3984489440917969,0
2025-01-20T05:13:49.001Z,1737350029.0016,0.7906060814857483,1.3984489440917969,0
2025-01-20T05:13:49.501Z,1737350029.5016,1.0961344242095947,1.3984489440917969,0
2025-01-20T05:13:50.001Z,1737350030.0016,1.182793378829956,1.3984489440917969,0
2025-01-20T05:13:50.501Z,1737350030.5016,1.0884231328964233,1.3984489440917969,0
2025-01-20T05:13:51.001Z,1737350031.0016,1.0520923137664795,1.3984489440917969,0
2025-01-20T05:13:51.501Z,1737350031.5016,1.2588579654693604,1.3984489440917969,0
2025-01-20T05:13:52.001Z,1737350032.0016,0.804408848285675,1.3984489440917969,0
2025-01-20T05:13:52.501Z,1737350032.5016,0.7154444456100464,1.3984489440917969,0
2025-01-20T05:13:53.001Z,1737350033.0016,0.7319248914718628,1.3984489440917969,0
2025-01-20T05:13:53.501Z,1737350033.5016,0.8393204212188721,1.3984489440917969,0
2025-01-20T05:13:54.001Z,1737350034.0016,0.9612355828285217,1.3984489440917969,0
2025-01-20T05:13:54.501Z,1737350034.5016,0.8734614849090576,1.3984489440917969,0
2025-01-20T05:13:55.001Z,1737350035.0016,0.9173879027366638,1.3984489440917969,0
2025-01-20T05:13:55.501Z,1737350035.5016,0.7564683556556702,1.3984489440917969,0
2025-01-20T05:13:56.001Z,1737350036.0016,0.9175100326538086,1.3984489440917969,0
2025-01-20T05:13:56.501Z,1737350036.5016,0.9530805349349976,1.3984489440917969,0
2025-01-20T05:13:57.001Z,1737350037.0016,1.0045533180236816,1.3984489440917969,0
2025-01-20T05:13:57.501Z,1737350037.5016,0.7131820321083069,1.3984489440917969,0
2025-01-20T05:13:58.001Z,1737350038.0016,0.6606850624084473,1.3984489440917969,0
2025-01-20T05:13:58.501Z,1737350038.5016,0.8005694150924683,1.3984489440917969,0
2025-01-20T05:13:59.001Z,1737350039.0016,0.818690299987793,1.3984489440917969,0
2025-01-20T05:13:59.501Z,1737350039.5016,1.144599437713623,1.3984489440917969,0
2025-01-20T05:14:00.001Z,1737350040.0016,0.9282239675521851,1.3984489440917969,0
2025-01-20T05:14:00.501Z,1737350040.5016,0.8323860168457031,1.3984489440917969,0
2025-01-20T05:14:01.001Z,1737350041.0016,0.8566737771034241,1.3984489440917969,0
2025-01-20T05:14:01.501Z,1737350041.5016,0.9002774953842163,1.3984489440917969,0
2025-01-20T05:14:02.001Z,1737350042.0016,1.0381754636764526,1.3984489440917969,0
2025-01-20T05:14:02.501Z,1737350042.5016,0.8593571782112122,1.3984489440917969,0
2025-01-20T05:14:03.001Z,1737350043.0016,0.9907972812652588,1.3984489440917969,0
2025-01-20T05:14:03.501Z,1737350043.5016,0.9248844385147095,1.3984489440917969,0
2025-01-20T05:14:04.001Z,1737350044.0016,0.9853955507278442,1.3984489440917969,0
2025-01-20T05:14:04.501Z,1737350044.5016,1.0625877380371094,1.3984489440917969,0
2025-01-20T05:14:05.001Z,1737350045.0016,0.9807904958724976,1.3984489440917969,0
2025-01-20T05:14:05.501Z,1737350045.5016,0.9891538619995117,1.3984489440917969,0
2025-01-20T05:14:06.001Z,1737350046.0016,0.8701751232147217,1.3984489440917969,0
2025-01-20T05:14:06.501Z,1737350046.5016,1.3956456184387207,1.3984489440917969,0
2025-01-20T05:14:07.001Z,1737350047.0016,1.3166495561599731,1.3984489440917969,0
2025-01-20T05:14:07.501Z,1737350047.5016,1.0046675205230713,1.3984489440917969,0
2025-01-20T05:14:08.001Z,1737350048.0016,0.9061805009841919,1.3984489440917969,0
2025-01-20T05:14:08.501Z,1737350048.5016,1.0354971885681152,1.3984489440917969,0
2025-01-20T05:14:09.001Z,1737350049.0016,0.9649506211280823,1.3984489440917969,0
2025-01-20T05:14:09.501Z,1737350049.5016,0.9528930187225342,1.3984489440917969,0
2025-01-20T05:14:10.001Z,1737350050.0016,0.789089560508728,1.3984489440917969,0
2025-01-20T05:14:10.501Z,1737350050.5016,0.6981838941574097,1.3984489440917969,0
2025-01-20T05:14:11.001Z,1737350051.0016,0.9868602752685547,1.3984489440917969,0
2025-01-20T05:14:11.501Z,1737350051.5016,0.908524215221405,1.3984489440917969,0
2025-01-20T05:14:12.001Z,1737350052.0016,1.2387757301330566,1.3984489440917969,0
2025-01-20T05:14:12.501Z,1737350052.5016,0.7779661417007446,1.3984489440917969,0
2025-01-20T05:14:13.001Z,1737350053.0016,0.8268013000488281,1.3984489440917969,0
2025-01-20T05:14:13.501Z,1737350053.5016,0.8859654664993286,1.3984489440917969,0
2025-01-20T05:14:14.001Z,1737350054.0016,0.9365247488021851,1.3984489440917969,0
2025-01-20T05:14:14.501Z,1737350054.5016,0.7550441026687622,1.3984489440917969,0
2025-01-20T05:14:15.001Z,1737350055.0016,0.9388179779052734,1.3984489440917969,0
2025-01-20T05:14:15.501Z,1737350055.5016,0.6892859935760498,1.3984489440917969,0
2025-01-20T05:14:16.001Z,1737350056.0016,0.7726458311080933,1.3984489440917969,0
2025-01-20T05:14:16.501Z,1737350056.5016,0.6754886507987976,1.3984489440917969,0
2025-01-20T05:14:17.001Z,1737350057.0016,0.8633334636688232,1.3984489440917969,0
2025-01-20T05:14:17.501Z,1737350057.5016,0.9376108646392822,1.3984489440917969,0
2025-01-20T05:14:18.001Z,1737350058.0016,1.012331247329712,1.3984489440917969,0
2025-01-20T05:14:18.501Z,1737350058.5016,1.1281733512878418,1.3984489440917969,0
2025-01-20T05:14:19.001Z,1737350059.0016,1.067251443862915,1.3984489440917969,0
2025-01-20T05:14:19.501Z,1737350059.5016,0.826698899269104,1.3984489440917969,0
2025-01-20T05:14:20.001Z,1737350060.0016,0.9765515327453613,1.3984489440917969,0
2025-01-20T05:14:20.501Z,1737350060.5016,0.9388843774795532,1.3984489440917969,0
2025-01-20T05:14:21.001Z,1737350061.0016,0.9000440239906311,1.3984489440917969,0
2025-01-20T05:14:21.501Z,1737350061.5016,1.1294718980789185,1.3984489440917969,0
2025-01-20T05:14:22.001Z,1737350062.0016,1.040924310684204,1.3984489440917969,0
2025-01-20T05:14:22.501Z,1737350062.5016,1.0540416240692139,1.3984489440917969,0
2025-01-20T05:14:23.001Z,1737350063.0016,1.0547335147857666,1.3984489440917969,0
2025-01-20T05:14:23.501Z,1737350063.5016,1.1415987014770508,1.3984489440917969,0
2025-01-20T05:14:24.001Z,1737350064.0016,0.8864946365356445,1.3984489440917969,0
2025-01-20T05:14:24.501Z,1737350064.5016,0.9151265621185303,1.3984489440917969,0
2025-01-20T05:14:25.001Z,1737350065.0016,1.0308690071105957,1.3984489440917969,0
2025-01-20T05:14:25.501Z,1737350065.5016,1.030550479888916,1.3984489440917969,0
2025-01-20T05:14:26.001Z,1737350066.0016,0.9342044591903687,1.3984489440917969,0
2025-01-20T05:14:26.501Z,1737350066.5016,0.9258748888969421,1.3984489440917969,0
2025-01-20T05:14:27.001Z,1737350067.0016,0.9883490800857544,1.3984489440917969,0
2025-01-20T05:14:27.501Z,1737350067.5016,0.7387292385101318,1.3984489440917969,0
2025-01-20T05:14:28.001Z,1737350068.0016,1.1100008487701416,1.3984489440917969,0
2025-01-20T05:14:28.501Z,1737350068.5016,1.1912158727645874,1.3984489440917969,0
2025-01-20T05:14:29.001Z,1737350069.0016,1.0379087924957275,1.3984489440917969,0
2025-01-20T05:14:29.501Z,1737350069.5016,0.9155639410018921,1.3984489440917969,0
2025-01-20T05:14:30.001Z,1737350070.0016,0.8485617637634277,1.3984489440917969,0
2025-01-20T05:14:30.501Z,1737350070.5016,1.0716533660888672,1.3984489440917969,0
2025-01-20T05:14:31.001Z,1737350071.0016,0.7986416816711426,1.3984489440917969,0
2025-01-20T05:14:31.501Z,1737350071.5016,1.0972821712493896,1.3984489440917969,0
2025-01-20T05:14:32.001Z,1737350072.0016,0.8970839381217957,1.3984489440917969,0
2025-01-20T05:14:32.501Z,1737350072.5016,0.953600287437439,1.3984489440917969,0
2025-01-20T05:14:33.001Z,1737350073.0016,1.0632293224334717,1.3984489440917969,0
2025-01-20T05:14:33.501Z,1737350073.5016,1.2936888933181763,1.3984489440917969,0
2025-01-20T05:14:34.001Z,1737350074.0016,1.1480145454406738,1.3984489440917969,0
2025-01-20T05:14:34.501Z,1737350074.5016,0.9127205610275269,1.3984489440917969,0
2025-01-20T05:14:35.001Z,1737350075.0016,0.9641121625900269,1.3984489440917969,0
2025-01-20T05:14:35.501Z,1737350075.5016,0.9166915416717529,1.3984489440917969,0
2025-01-20T05:14:36.001Z,1737350076.0016,0.8093634247779846,1.3984489440917969,0
2025-01-20T05:14:36.501Z,1737350076.5016,0.8930267691612244,1.3984489440917969,0
2025-01-20T05:14:37.001Z,1737350077.0016,0.8875409364700317,1.3984489440917969,0
2025-01-20T05:14:37.501Z,1737350077.5016,0.880774736404419,1.3984489440917969,0
2025-01-20T05:14:38.001Z,1737350078.0016,1.002163290977478,1.3984489440917969,0
2025-01-20T05:14:38.501Z,1737350078.5016,0.9633745551109314,1.3984489440917969,0
2025-01-20T05:14:39.001Z,1737350079.0016,0.7903645038604736,1.3984489440917969,0
2025-01-20T05:14:39.501Z,1737350079.5016,1.1168062686920166,1.3984489440917969,0
2025-01-20T05:14:40.001Z,1737350080.0016,1.156943917274475,1.3984489440917969,0
2025-01-20T05:14:40.501Z,1737350080.5016,0.8969696164131165,1.3984489440917969,0
2025-01-20T05:14:41.001Z,1737350081.0016,0.9892358183860779,1.3984489440917969,0
2025-01-20T05:14:41.501Z,1737350081.5016,0.8932275176048279,1.3984489440917969,0
2025-01-20T05:14:42.001Z,1737350082.0016,1.0700581073760986,1.3984489440917969,0
2025-01-20T05:14:42.501Z,1737350082.5016,1.1805880069732666,1.3984489440917969,0
2025-01-20T05:14:43.001Z,1737350083.0016,1.0320663452148438,1.3984489440917969,0
2025-01-20T05:14:43.501Z,1737350083.5016,0.940883994102478,1.3984489440917969,0
2025-01-20T05:14:44.001Z,1737350084.0016,1.0371613502502441,1.3984489440917969,0
2025-01-20T05:14:44.501Z,1737350084.5016,0.9139121770858765,1.3984489440917969,0
2025-01-20T05:14:45.001Z,1737350085.0016,0.9410420656204224,1.3984489440917969,0
2025-01-20T05:14:45.501Z,1737350085.5016,0.8884173631668091,1.3984489440917969,0
2025-01-20T05:14:46.001Z,1737350086.0016,0.8514732718467712,1.3984489440917969,0
2025-01-20T05:14:46.501Z,1737350086.5016,1.107595443725586,1.3984489440917969,0
2025-01-20T05:14:47.001Z,1737350087.0016,1.1636605262756348,1.3984489440917969,0
2025-01-20T05:14:47.501Z,1737350087.5016,1.093231201171875,1.3984489440917969,0
2025-01-20T05:14:48.001Z,1737350088.0016,0.7459523677825928,1.3984489440917969,0
2025-01-20T05:14:48.501Z,1737350088.5016,0.7385045289993286,1.3984489440917969,0
2025-01-20T05:14:49.001Z,1737350089.0016,0.7392606735229492,1.3984489440917969,0
2025-01-20T05:14:49.501Z,1737350089.5016,0.9585790038108826,1.3984489440917969,0
2025-01-20T05:14:50.001Z,1737350090.0016,2.6298563480377197,1.3984489440917969,5
2025-01-20T05:14:50.501Z,1737350090.5016,3.2969777584075928,1.3984489440917969,7
2025-01-20T05:14:51.001Z,1737350091.0016,2.0876150131225586,1.3984489440917969,5
2025-01-20T05:14:51.501Z,1737350091.5016,2.256458282470703,1.3984489440917969,8
2025-01-20T05:14:52.001Z,1737350092.0016,1.7378368377685547,1.3984489440917969,1
2025-01-20T05:14:52.501Z,1737350092.5016,1.6207350492477417,1.3984489440917969,0
2025-01-20T05:14:53.001Z,1737350093.0016,1.0161254405975342,1.3984489440917969,0
2025-01-20T05:14:53.501Z,1737350093.5016,0.8710623979568481,1.3984489440917969,0
2025-01-20T05:14:54.001Z,1737350094.0016,0.7632153034210205,1.3984489440917969,0
2025-01-20T05:14:54.501Z,1737350094.5016,0.7030898928642273,1.3984489440917969,0
2025-01-20T05:14:55.001Z,1737350095.0016,0.6150867938995361,1.3984489440917969,0
2025-01-20T05:14:55.501Z,1737350095.5016,0.5959385633468628,1.3984489440917969,0
2025-01-20T05:14:56.001Z,1737350096.0016,0.5405832529067993,1.3984489440917969,0
2025-01-20T05:14:56.501Z,1737350096.5016,0.45944932103157043,1.3984489440917969,0
2025-01-20T05:14:57.001Z,1737350097.0016,0.4424300789833069,1.3984489440917969,0
2025-01-20T05:14:57.501Z,1737350097.5016,0.4659093916416168,1.3984489440917969,0
2025-01-20T05:14:58.001Z,1737350098.0016,0.38203275203704834,1.3984489440917969,0
2025-01-20T05:14:58.501Z,1737350098.5016,0.5099412202835083,1.3984489440917969,0
2025-01-20T05:14:59.001Z,1737350099.0016,0.4204452633857727,1.3984489440917969,0
2025-01-20T05:14:59.501Z,1737350099.5016,0.42881813645362854,1.3984489440917969,0
2025-01-20T05:15:00.001Z,1737350100.0016,0.49501198530197144,1.3984489440917969,0
2025-01-20T05:15:00.501Z,1737350100.5016,0.48800307512283325,1.3984489440917969,0
2025-01-20T05:15:01.001Z,1737350101.0016,0.4541829526424408,1.3984489440917969,0
2025-01-20T05:15:01.501Z,1737350101.5016,0.5823639631271362,1.3984489440917969,0
2025-01-20T05:15:02.001Z,1737350102.0016,0.6566261053085327,1.3984489440917969,0
2025-01-20T05:15:02.501Z,1737350102.5016,0.7742489576339722,1.3984489440917969,0
2025-01-20T05:15:03.001Z,1737350103.0016,0.7755563259124756,1.3984489440917969,0
2025-01-20T05:15:03.501Z,1737350103.5016,0.764335036277771,1.3984489440917969,0
2025-01-20T05:15:04.001Z,1737350104.0016,0.6851475238800049,1.3984489440917969,0
2025-01-20T05:15:04.501Z,1737350104.5016,0.6886113882064819,1.3984489440917969,0
2025-01-20T05:15:05.001Z,1737350105.0016,1.0657984018325806,1.3984489440917969,0
2025-01-20T05:15:05.501Z,1737350105.5016,0.7983627319335938,1.3984489440917969,0
2025-01-20T05:15:06.001Z,1737350106.0016,0.8281477093696594,1.3984489440917969,0
2025-01-20T05:15:06.501Z,1737350106.5016,1.1597437858581543,1.3984489440917969,0
2025-01-20T05:15:07.001Z,1737350107.0016,1.2277891635894775,1.3984489440917969,0
2025-01-20T05:15:07.501Z,1737350107.5016,0.746798038482666,1.3984489440917969,0
2025-01-20T05:15:08.001Z,1737350108.0016,0.8219311237335205,1.3984489440917969,0
2025-01-20T05:15:08.501Z,1737350108.5016,0.8817251920700073,1.3984489440917969,0
2025-01-20T05:15:09.001Z,1737350109.0016,0.9781418442726135,1.3984489440917969,0
2025-01-20T05:15:09.501Z,1737350109.5016,0.8223502039909363,1.3984489440917969,0
2025-01-20T05:15:10.001Z,1737350110.0016,1.0378317832946777,1.3984489440917969,0
2025-01-20T05:15:10.501Z,1737350110.5016,0.9952620267868042,1.3984489440917969,0
2025-01-20T05:15:11.001Z,1737350111.0016,0.9234023690223694,1.3984489440917969,0
2025-01-20T05:15:11.501Z,1737350111.5016,1.166548728942871,1.3984489440917969,0
2025-01-20T05:15:12.001Z,1737350112.0016,1.0287851095199585,1.3984489440917969,0
2025-01-20T05:15:12.501Z,1737350112.5016,0.83263099193573,1.3984489440917969,0
2025-01-20T05:15:13.001Z,1737350113.0016,0.7425040602684021,1.3984489440917969,0
2025-01-20T05:15:13.501Z,1737350113.5016,0.964365541934967,1.3984489440917969,0
2025-01-20T05:15:14.001Z,1737350114.0016,0.9954606294631958,1.3984489440917969,0
2025-01-20T05:15:14.501Z,1737350114.5016,1.0620938539505005,1.3984489440917969,0
2025-01-20T05:15:15.001Z,1737350115.0016,0.786992073059082,1.3984489440917969,0
2025-01-20T05:15:15.501Z,1737350115.5016,0.9842284917831421,1.3984489440917969,0
2025-01-20T05:15:16.001Z,1737350116.0016,0.807124137878418,1.3984489440917969,0
2025-01-20T05:15:16.501Z,1737350116.5016,1.1660189628601074,1.3984489440917969,0
2025-01-20T05:15:17.001Z,1737350117.0016,0.9425855875015259,1.3984489440917969,0
2025-01-20T05:15:17.501Z,1737350117.5016,0.9887720346450806,1.3984489440917969,0
2025-01-20T05:15:18.001Z,1737350118.0016,0.7646846771240234,1.3984489440917969,0
2025-01-20T05:15:18.501Z,1737350118.5016,0.9884309768676758,1.3984489440917969,0
2025-01-20T05:15:19.001Z,1737350119.0016,0.9998252391815186,1.3984489440917969,0
2025-01-20T05:15:19.501Z,1737350119.5016,0.8458061218261719,1.3984489440917969,0
2025-01-20T05:15:20.001Z,1737350120.0016,0.9288195371627808,1.3984489440917969,0
2025-01-20T05:15:20.501Z,1737350120.5016,1.1286227703094482,1.3984489440917969,0
2025-01-20T05:15:21.001Z,1737350121.0016,0.9286900758743286,1.3984489440917969,0
2025-01-20T05:15:21.501Z,1737350121.5016,1.2895691394805908,1.3984489440917969,0
2025-01-20T05:15:22.001Z,1737350122.0016,1.2042746543884277,1.3984489440917969,0
2025-01-20T05:15:22.501Z,1737350122.5016,1.078956127166748,1.3984489440917969,0
2025-01-20T05:15:23.001Z,1737350123.0016,0.7795529365539551,1.3984489440917969,0
2025-01-20T05:15:23.501Z,1737350123.5016,1.2381449937820435,1.3984489440917969,0
2025-01-20T05:15:24.001Z,1737350124.0016,0.9657868146896362,1.3984489440917969,0
2025-01-20T05:15:24.501Z,1737350124.5016,0.8755801916122437,1.3984489440917969,0
2025-01-20T05:15:25.001Z,1737350125.0016,0.7893680334091187,1.3984489440917969,0
2025-01-20T05:15:25.501Z,1737350125.5016,0.8217793703079224,1.3984489440917969,0
2025-01-20T05:15:26.001Z,1737350126.0016,0.6500653028488159,1.3984489440917969,0
2025-01-20T05:15:26.501Z,1737350126.5016,1.0837101936340332,1.3984489440917969,0
2025-01-20T05:15:27.001Z,1737350127.0016,0.8401031494140625,1.3984489440917969,0
2025-01-20T05:15:27.501Z,1737350127.5016,0.767170786857605,1.3984489440917969,0
2025-01-20T05:15:28.001Z,1737350128.0016,0.8969045877456665,1.3984489440917969,0
2025-01-20T05:15:28.501Z,1737350128.5016,0.8510657548904419,1.3984489440917969,0
2025-01-20T05:15:29.001Z,1737350129.0016,1.1017022132873535,1.3984489440917969,0
2025-01-20T05:15:29.501Z,1737350129.5016,0.9120333194732666,1.3984489440917969,0
2025-01-20T05:15:30.001Z,1737350130.0016,1.0300835371017456,1.3984489440917969,0
2025-01-20T05:15:30.501Z,1737350130.5016,1.112928867340088,1.3984489440917969,0
2025-01-20T05:15:31.001Z,1737350131.0016,0.940699577331543,1.3984489440917969,0
2025-01-20T05:15:31.501Z,1737350131.5016,0.8180631399154663,1.3984489440917969,0
2025-01-20T05:15:32.001Z,1737350132.0016,0.808808445930481,1.3984489440917969,0
2025-01-20T05:15:32.501Z,1737350132.5016,0.950685441493988,1.3984489440917969,0
2025-01-20T05:15:33.001Z,1737350133.0016,0.7875103950500488,1.3984489440917969,0
2025-01-20T05:15:33.501Z,1737350133.5016,1.0558836460113525,1.3984489440917969,0
2025-01-20T05:15:34.001Z,1737350134.0016,1.0002999305725098,1.3984489440917969,0
2025-01-20T05:15:34.501Z,1737350134.5016,1.0222570896148682,1.3984489440917969,0
2025-01-20T05:15:35.001Z,1737350135.0016,0.6874259114265442,1.3984489440917969,0
2025-01-20T05:15:35.501Z,1737350135.5016,0.8986203074455261,1.3984489440917969,0
2025-01-20T05:15:36.001Z,1737350136.0016,0.7845933437347412,1.3984489440917969,0
2025-01-20T05:15:36.501Z,1737350136.5016,0.7811731696128845,1.3984489440917969,0
2025-01-20T05:15:37.001Z,1737350137.0016,1.1660854816436768,1.3984489440917969,0
2025-01-20T05:15:37.501Z,1737350137.5016,0.9037340879440308,1.3984489440917969,0
2025-01-20T05:15:38.001Z,1737350138.0016,1.2181594371795654,1.3984489440917969,0
2025-01-20T05:15:38.501Z,1737350138.5016,0.9667363166809082,1.3984489440917969,0
2025-01-20T05:15:39.001Z,1737350139.0016,1.17470383644104,1.3984489440917969,0
2025-01-20T05:15:39.501Z,1737350139.5016,1.0221800804138184,1.3984489440917969,0
2025-01-20T05:15:40.001Z,1737350140.0016,1.086573600769043,1.3984489440917969,0
2025-01-20T05:15:40.501Z,1737350140.5016,0.8632060289382935,1.3984489440917969,0
2025-01-20T05:15:41.001Z,1737350141.0016,0.8502280116081238,1.3984489440917969,0
2025-01-20T05:15:41.501Z,1737350141.5016,1.318016767501831,1.3984489440917969,0
2025-01-20T05:15:42.001Z,1737350142.0016,0.9690377116203308,1.3984489440917969,0
2025-01-20T05:15:42.501Z,1737350142.5016,0.9371978640556335,1.3984489440917969,0
2025-01-20T05:15:43.001Z,1737350143.0016,0.666398286819458,1.3984489440917969,0
2025-01-20T05:15:43.501Z,1737350143.5016,0.7910568714141846,1.3984489440917969,0
2025-01-20T05:15:44.001Z,1737350144.0016,0.8442059755325317,1.3984489440917969,0
2025-01-20T05:15:44.501Z,1737350144.5016,0.9004796743392944,1.3984489440917969,0
2025-01-20T05:15:45.001Z,1737350145.0016,0.9273625016212463,1.3984489440917969,0
2025-01-20T05:15:45.501Z,1737350145.5016,0.9517180919647217,1.3984489440917969,0
2025-01-20T05:15:46.001Z,1737350146.0016,0.8357850909233093,1.3984489440917969,0
2025-01-20T05:15:46.501Z,1737350146.5016,0.7627009153366089,1.3984489440917969,0
2025-01-20T05:15:47.001Z,1737350147.0016,0.543638288974762,1.3984489440917969,0
2025-01-20T05:15:47.501Z,1737350147.5016,0.9955946803092957,1.3984489440917969,0
2025-01-20T05:15:48.001Z,1737350148.0016,0.9131583571434021,1.3984489440917969,0
2025-01-20T05:15:48.501Z,1737350148.5016,1.3295867443084717,1.3984489440917969,0
2025-01-20T05:15:49.001Z,1737350149.0016,0.968583345413208,1.3984489440917969,0
2025-01-20T05:15:49.501Z,1737350149.5016,1.0120941400527954,1.3984489440917969,0
2025-01-20T05:15:50.001Z,1737350150.0016,0.8408656716346741,1.3984489440917969,0
2025-01-20T05:15:50.501Z,1737350150.5016,1.0682168006896973,1.3984489440917969,0
2025-01-20T05:15:51.001Z,1737350151.0016,0.9804518222808838,1.3984489440917969,0
2025-01-20T05:15:51.501Z,1737350151.5016,1.0279171466827393,1.3984489440917969,0
2025-01-20T05:15:52.001Z,1737350152.0016,1.00985586643219,1.3984489440917969,0
2025-01-20T05:15:52.501Z,1737350152.5016,0.9988834857940674,1.3984489440917969,0
2025-01-20T05:15:53.001Z,1737350153.0016,1.012030839920044,1.3984489440917969,0
2025-01-20T05:15:53.501Z,1737350153.5016,1.0393171310424805,1.3984489440917969,0
2025-01-20T05:15:54.001Z,1737350154.0016,1.285121202468872,1.3984489440917969,0
2025-01-20T05:15:54.501Z,1737350154.5016,1.070549726486206,1.3984489440917969,0
2025-01-20T05:15:55.001Z,1737350155.0016,0.7789335250854492,1.3984489440917969,0
2025-01-20T05:15:55.501Z,1737350155.5016,0.9169712662696838,1.3984489440917969,0
2025-01-20T05:15:56.001Z,1737350156.0016,0.8863488435745239,1.3984489440917969,0
2025-01-20T05:15:56.501Z,1737350156.5016,0.9717907309532166,1.3984489440917969,0
2025-01-20T05:15:57.001Z,1737350157.0016,0.7008243203163147,1.3984489440917969,0
2025-01-20T05:15:57.501Z,1737350157.5016,0.6905426979064941,1.3984489440917969,0
2025-01-20T05:15:58.001Z,1737350158.0016,0.8488588333129883,1.3984489440917969,0
2025-01-20T05:15:58.501Z,1737350158.5016,0.9170390367507935,1.3984489440917969,0
2025-01-20T05:15:59.001Z,1737350159.0016,0.824170708656311,1.3984489440917969,0
2025-01-20T05:15:59.501Z,1737350159.5016,0.8544449806213379,1.3984489440917969,0
2025-01-20T05:16:00.001Z,1737350160.0016,0.9217877388000488,1.3984489440917969,0
2025-01-20T05:16:00.501Z,1737350160.5016,0.8368418216705322,1.3984489440917969,0
2025-01-20T05:16:01.001Z,1737350161.0016,0.9481828212738037,1.3984489440917969,0
2025-01-20T05:16:01.501Z,1737350161.5016,0.7661057710647583,1.3984489440917969,0
2025-01-20T05:16:02.001Z,1737350162.0016,1.0372065305709839,1.3984489440917969,0
2025-01-20T05:16:02.501Z,1737350162.5016,0.8007186055183411,1.3984489440917969,0
2025-01-20T05:16:03.001Z,1737350163.0016,0.7277117967605591,1.3984489440917969,0
2025-01-20T05:16:03.501Z,1737350163.5016,0.9596644043922424,1.3984489440917969,0
2025-01-20T05:16:04.001Z,1737350164.0016,1.3383867740631104,1.3984489440917969,0
2025-01-20T05:16:04.501Z,1737350164.5016,1.119565725326538,1.3984489440917969,0
2025-01-20T05:16:05.001Z,1737350165.0016,1.1588232517242432,1.3984489440917969,0
2025-01-20T05:16:05.501Z,1737350165.5016,0.8060405850410461,1.3984489440917969,0
2025-01-20T05:16:06.001Z,1737350166.0016,1.094144582748413,1.3984489440917969,0
2025-01-20T05:16:06.501Z,1737350166.5016,1.1334083080291748,1.3984489440917969,0
2025-01-20T05:16:07.001Z,1737350167.0016,0.9662520289421082,1.3984489440917969,0
2025-01-20T05:16:07.501Z,1737350167.5016,0.8845549821853638,1.3984489440917969,0
2025-01-20T05:16:08.001Z,1737350168.0016,0.9974806308746338,1.3984489440917969,0
2025-01-20T05:16:08.501Z,1737350168.5016,0.822944164276123,1.3984489440917969,0
2025-01-20T05:16:09.001Z,1737350169.0016,0.9701874256134033,1.3984489440917969,0
2025-01-20T05:16:09.501Z,1737350169.5016,0.6382730007171631,1.3984489440917969,0
2025-01-20T05:16:10.001Z,1737350170.0016,0.9112046957015991,1.3984489440917969,0
2025-01-20T05:16:10.501Z,1737350170.5016,0.8023678064346313,1.3984489440917969,0
2025-01-20T05:16:11.001Z,1737350171.0016,0.8170753717422485,1.3984489440917969,0
2025-01-20T05:16:11.501Z,1737350171.5016,0.760272741317749,1.3984489440917969,0
2025-01-20T05:16:12.001Z,1737350172.0016,0.8496623039245605,1.3984489440917969,0
2025-01-20T05:16:12.501Z,1737350172.5016,1.0013210773468018,1.3984489440917969,0
2025-01-20T05:16:13.001Z,1737350173.0016,1.0141408443450928,1.3984489440917969,0
2025-01-20T05:16:13.501Z,1737350173.5016,0.9433462619781494,1.3984489440917969,0
2025-01-20T05:16:14.001Z,1737350174.0016,1.0216386318206787,1.3984489440917969,0
2025-01-20T05:16:14.501Z,1737350174.5016,1.2909899950027466,1.3984489440917969,0
2025-01-20T05:16:15.001Z,1737350175.0016,1.0577690601348877,1.3984489440917969,0
2025-01-20T05:16:15.501Z,1737350175.5016,1.2806644439697266,1.3984489440917969,0
2025-01-20T05:16:16.001Z,1737350176.0016,0.794272243976593,1.3984489440917969,0
2025-01-20T05:16:16.501Z,1737350176.5016,0.8732576370239258,1.3984489440917969,0
2025-01-20T05:16:17.001Z,1737350177.0016,0.9622750282287598,1.3984489440917969,0
2025-01-20T05:16:17.501Z,1737350177.5016,0.8926281929016113,1.3984489440917969,0
2025-01-20T05:16:18.001Z,1737350178.0016,0.864568829536438,1.3984489440917969,0
2025-01-20T05:16:18.501Z,1737350178.5016,0.732700526714325,1.3984489440917969,0
2025-01-20T05:16:19.001Z,1737350179.0016,0.6780544519424438,1.3984489440917969,0
2025-01-20T05:16:19.501Z,1737350179.5016,0.9837762117385864,1.3984489440917969,0
2025-01-20T05:16:20.001Z,1737350180.0016,0.9378983974456787,1.3984489440917969,0
2025-01-20T05:16:20.501Z,1737350180.5016,0.934975802898407,1.3984489440917969,0
2025-01-20T05:16:21.001Z,1737350181.0016,0.7788640260696411,1.3984489440917969,0
2025-01-20T05:16:21.501Z,1737350181.5016,0.8743100762367249,1.3984489440917969,0
2025-01-20T05:16:22.001Z,1737350182.0016,0.7157430648803711,1.3984489440917969,0
2025-01-20T05:16:22.501Z,1737350182.5016,0.969099760055542,1.3984489440917969,0
2025-01-20T05:16:23.001Z,1737350183.0016,1.0395104885101318,1.3984489440917969,0
2025-01-20T05:16:23.501Z,1737350183.5016,0.9090021848678589,1.3984489440917969,0
2025-01-20T05:16:24.001Z,1737350184.0016,1.1250176429748535,1.3984489440917969,0
2025-01-20T05:16:24.501Z,1737350184.5016,1.0232528448104858,1.3984489440917969,0
2025-01-20T05:16:25.001Z,1737350185.0016,1.000306248664856,1.3984489440917969,0
2025-01-20T05:16:25.501Z,1737350185.5016,1.0071330070495605,1.3984489440917969,0
2025-01-20T05:16:26.001Z,1737350186.0016,0.81203693151474,1.3984489440917969,0
2025-01-20T05:16:26.501Z,1737350186.5016,1.1441819667816162,1.3984489440917969,0
2025-01-20T05:16:27.001Z,1737350187.0016,0.8051501512527466,1.3984489440917969,0
2025-01-20T05:16:27.501Z,1737350187.5016,1.1592772006988525,1.3984489440917969,0
2025-01-20T05:16:28.001Z,1737350188.0016,0.9881792664527893,1.3984489440917969,0
2025-01-20T05:16:28.501Z,1737350188.5016,0.8790949583053589,1.3984489440917969,0
2025-01-20T05:16:29.001Z,1737350189.0016,0.993373692035675,1.3984489440917969,0
2025-01-20T05:16:29.501Z,1737350189.5016,0.9436547756195068,1.3984489440917969,0
2025-01-20T05:16:30.001Z,1737350190.0016,0.9281982183456421,1.3984489440917969,0
2025-01-20T05:16:30.501Z,1737350190.5016,0.9790444374084473,1.3984489440917969,0
2025-01-20T05:16:31.001Z,1737350191.0016,0.856548011302948,1.3984489440917969,0
2025-01-20T05:16:31.501Z,1737350191.5016,1.2108330726623535,1.3984489440917969,0
2025-01-20T05:16:32.001Z,1737350192.0016,0.9338799715042114,1.3984489440917969,0
2025-01-20T05:16:32.501Z,1737350192.5016,1.0285786390304565,1.3984489440917969,0
2025-01-20T05:16:33.001Z,1737350193.0016,1.0240057706832886,1.3984489440917969,0
2025-01-20T05:16:33.501Z,1737350193.5016,0.984387993812561,1.3984489440917969,0
2025-01-20T05:16:34.001Z,1737350194.0016,0.9453080296516418,1.3984489440917969,0
2025-01-20T05:16:34.501Z,1737350194.5016,0.7895679473876953,1.3984489440917969,0
2025-01-20T05:16:35.001Z,1737350195.0016,1.1500645875930786,1.3984489440917969,0
2025-01-20T05:16:35.501Z,1737350195.5016,1.0555644035339355,1.3984489440917969,0
2025-01-20T05:16:36.001Z,1737350196.0016,0.9802753925323486,1.3984489440917969,0
2025-01-20T05:16:36.501Z,1737350196.5016,0.9041714668273926,1.3984489440917969,0
2025-01-20T05:16:37.001Z,1737350197.0016,1.0389244556427002,1.3984489440917969,0
2025-01-20T05:16:37.501Z,1737350197.5016,0.9738376140594482,1.3984489440917969,0
2025-01-20T05:16:38.001Z,1737350198.0016,0.9314533472061157,1.3984489440917969,0
2025-01-20T05:16:38.501Z,1737350198.5016,0.9799114465713501,1.3984489440917969,0
2025-01-20T05:16:39.001Z,1737350199.0016,1.0201512575149536,1.3984489440917969,0
2025-01-20T05:16:39.501Z,1737350199.5016,0.9484683871269226,1.3984489440917969,0
2025-01-20T05:16:40.001Z,1737350200.0016,0.8871287107467651,1.3984489440917969,0
2025-01-20T05:16:40.501Z,1737350200.5016,0.6937233805656433,1.3984489440917969,0
2025-01-20T05:16:41.001Z,1737350201.0016,0.7985503077507019,1.3984489440917969,0
2025-01-20T05:16:41.501Z,1737350201.5016,1.029261827468872,1.3984489440917969,0
2025-01-20T05:16:42.001Z,1737350202.0016,1.214329719543457,1.3984489440917969,0
2025-01-20T05:16:42.501Z,1737350202.5016,0.8856458067893982,1.3984489440917969,0
2025-01-20T05:16:43.001Z,1737350203.0016,0.818225622177124,1.3984489440917969,0
2025-01-20T05:16:43.501Z,1737350203.5016,0.878296971321106,1.3984489440917969,0
2025-01-20T05:16:44.001Z,1737350204.0016,1.1276261806488037,1.3984489440917969,0
2025-01-20T05:16:44.501Z,1737350204.5016,0.7694895267486572,1.3984489440917969,0
2025-01-20T05:16:45.001Z,1737350205.0016,0.9781599044799805,1.3984489440917969,0
2025-01-20T05:16:45.501Z,1737350205.5016,0.860556960105896,1.3984489440917969,0
2025-01-20T05:16:46.001Z,1737350206.0016,1.0347719192504883,1.3984489440917969,0
2025-01-20T05:16:46.501Z,1737350206.5016,1.639209270477295,1.3984489440917969,0
2025-01-20T05:16:47.001Z,1737350207.0016,0.87100750207901,1.3984489440917969,0
2025-01-20T05:16:47.501Z,1737350207.5016,0.9216568470001221,1.3984489440917969,0
2025-01-20T05:16:48.001Z,1737350208.0016,0.9954696893692017,1.3984489440917969,0
2025-01-20T05:16:48.501Z,1737350208.5016,1.3379571437835693,1.3984489440917969,0
2025-01-20T05:16:49.001Z,1737350209.0016,1.1965758800506592,1.3984489440917969,0
2025-01-20T05:16:49.501Z,1737350209.5016,1.0606093406677246,1.3984489440917969,0
2025-01-20T05:16:50.001Z,1737350210.0016,1.1367648839950562,1.3984489440917969,0
2025-01-20T05:16:50.501Z,1737350210.5016,0.8474359512329102,1.3984489440917969,0
2025-01-20T05:16:51.001Z,1737350211.0016,0.7772999405860901,1.3984489440917969,0
2025-01-20T05:16:51.501Z,1737350211.5016,0.8399701118469238,1.3984489440917969,0
2025-01-20T05:16:52.001Z,1737350212.0016,1.0033729076385498,1.3984489440917969,0
2025-01-20T05:16:52.501Z,1737350212.5016,1.1372830867767334,1.3984489440917969,0
2025-01-20T05:16:53.001Z,1737350213.0016,0.964954674243927,1.3984489440917969,0
2025-01-20T05:16:53.501Z,1737350213.5016,0.8600022792816162,1.3984489440917969,0
2025-01-20T05:16:54.001Z,1737350214.0016,0.991398811340332,1.3984489440917969,0
2025-01-20T05:16:54.501Z,1737350214.5016,0.8000160455703735,1.3984489440917969,0
2025-01-20T05:16:55.001Z,1737350215.0016,0.6807386875152588,1.3984489440917969,0
2025-01-20T05:16:55.501Z,1737350215.5016,1.0287144184112549,1.3984489440917969,0
2025-01-20T05:16:56.001Z,1737350216.0016,0.9208061695098877,1.3984489440917969,0
2025-01-20T05:16:56.501Z,1737350216.5016,0.7337327599525452,1.3984489440917969,0
2025-01-20T05:16:57.001Z,1737350217.0016,1.2665421962738037,1.3984489440917969,0
2025-01-20T05:16:57.501Z,1737350217.5016,1.3534785509109497,1.3984489440917969,0
2025-01-20T05:16:58.001Z,1737350218.0016,0.8020042181015015,1.3984489440917969,0
2025-01-20T05:16:58.501Z,1737350218.5016,0.7738803625106812,1.3984489440917969,0
2025-01-20T05:16:59.001Z,1737350219.0016,1.0019476413726807,1.3984489440917969,0
2025-01-20T05:16:59.501Z,1737350219.5016,0.799801766872406,1.3984489440917969,0
2025-01-20T05:17:00.001Z,1737350220.0016,0.9433664083480835,1.3984489440917969,0
2025-01-20T05:17:00.501Z,1737350220.5016,0.9734848737716675,1.3984489440917969,0
2025-01-20T05:17:01.001Z,1737350221.0016,0.8477462530136108,1.3984489440917969,0
2025-01-20T05:17:01.501Z,1737350221.5016,0.9279751181602478,1.3984489440917969,0
2025-01-20T05:17:02.001Z,1737350222.0016,0.6921500563621521,1.3984489440917969,0
2025-01-20T05:17:02.501Z,1737350222.5016,0.8232079148292542,1.3984489440917969,0
2025-01-20T05:17:03.001Z,1737350223.0016,0.8007856011390686,1.3984489440917969,0
2025-01-20T05:17:03.501Z,1737350223.5016,0.681046724319458,1.3984489440917969,0
2025-01-20T05:17:04.001Z,1737350224.0016,0.7521246075630188,1.3984489440917969,0
2025-01-20T05:17:04.501Z,1737350224.5016,1.141350507736206,1.3984489440917969,0
2025-01-20T05:17:05.001Z,1737350225.0016,1.1618177890777588,1.3984489440917969,0
2025-01-20T05:17:05.501Z,1737350225.5016,1.0854971408843994,1.3984489440917969,0
2025-01-20T05:17:06.001Z,1737350226.0016,0.9297275543212891,1.3984489440917969,0
2025-01-20T05:17:06.501Z,1737350226.5016,0.9312591552734375,1.3984489440917969,0
2025-01-20T05:17:07.001Z,1737350227.0016,0.7367537021636963,1.3984489440917969,0
2025-01-20T05:17:07.501Z,1737350227.5016,0.9269641637802124,1.3984489440917969,0
2025-01-20T05:17:08.001Z,1737350228.0016,0.7863556146621704,1.3984489440917969,0
2025-01-20T05:17:08.501Z,1737350228.5016,1.1177737712860107,1.3984489440917969,0
2025-01-20T05:17:09.001Z,1737350229.0016,0.6693467497825623,1.3984489440917969,0
2025-01-20T05:17:09.501Z,1737350229.5016,0.8929282426834106,1.3984489440917969,0
2025-01-20T05:17:10.001Z,1737350230.0016,0.8642956018447876,1.3984489440917969,0
2025-01-20T05:17:10.501Z,1737350230.5016,0.8986685276031494,1.3984489440917969,0
2025-01-20T05:17:11.001Z,1737350231.0016,1.0946104526519775,1.3984489440917969,0
2025-01-20T05:17:11.501Z,1737350231.5016,0.955533504486084,1.3984489440917969,0
2025-01-20T05:17:12.001Z,1737350232.0016,0.8515145778656006,1.3984489440917969,0
2025-01-20T05:17:12.501Z,1737350232.5016,0.906206488609314,1.3984489440917969,0
2025-01-20T05:17:13.001Z,1737350233.0016,0.7886718511581421,1.3984489440917969,0
2025-01-20T05:17:13.501Z,1737350233.5016,0.8102976083755493,1.3984489440917969,0
2025-01-20T05:17:14.001Z,1737350234.0016,0.7540880441665649,1.3984489440917969,0
2025-01-20T05:17:14.501Z,1737350234.5016,1.0018205642700195,1.3984489440917969,0
2025-01-20T05:17:15.001Z,1737350235.0016,0.8483051061630249,1.3984489440917969,0
2025-01-20T05:17:15.501Z,1737350235.5016,1.1061522960662842,1.3984489440917969,0
2025-01-20T05:17:16.001Z,1737350236.0016,1.0493370294570923,1.3984489440917969,0
2025-01-20T05:17:16.501Z,1737350236.5016,0.9002445936203003,1.3984489440917969,0
2025-01-20T05:17:17.001Z,1737350237.0016,1.0022220611572266,1.3984489440917969,0
2025-01-20T05:17:17.501Z,1737350237.5016,1.0167829990386963,1.3984489440917969,0
2025-01-20T05:17:18.001Z,1737350238.0016,1.0302363634109497,1.3984489440917969,0
2025-01-20T05:17:18.501Z,1737350238.5016,0.8358690738677979,1.3984489440917969,0
2025-01-20T05:17:19.001Z,1737350239.0016,0.9791191816329956,1.3984489440917969,0
2025-01-20T05:17:19.501Z,1737350239.5016,1.1318325996398926,1.3984489440917969,0
2025-01-20T05:17:20.001Z,1737350240.0016,1.221457600593567,1.3984489440917969,0
2025-01-20T05:17:20.501Z,1737350240.5016,1.0420291423797607,1.3984489440917969,0
2025-01-20T05:17:21.001Z,1737350241.0016,0.9235624074935913,1.3984489440917969,0
2025-01-20T05:17:21.501Z,1737350241.5016,0.9430825710296631,1.3984489440917969,0
2025-01-20T05:17:22.001Z,1737350242.0016,0.927492082118988,1.3984489440917969,0
2025-01-20T05:17:22.501Z,1737350242.5016,0.9879452586174011,1.3984489440917969,0
2025-01-20T05:17:23.001Z,1737350243.0016,0.8540858626365662,1.3984489440917969,0
2025-01-20T05:17:23.501Z,1737350243.5016,0.9166311621665955,1.3984489440917969,0
2025-01-20T05:17:24.001Z,1737350244.0016,0.9692288637161255,1.3984489440917969,0
2025-01-20T05:17:24.501Z,1737350244.5016,0.7403873205184937,1.3984489440917969,0
2025-01-20T05:17:25.001Z,1737350245.0016,0.7599493265151978,1.3984489440917969,0
2025-01-20T05:17:25.501Z,1737350245.5016,0.7690603733062744,1.3984489440917969,0
2025-01-20T05:17:26.001Z,1737350246.0016,1.0181217193603516,1.3984489440917969,0
2025-01-20T05:17:26.501Z,1737350246.5016,1.043163537979126,1.3984489440917969,0
2025-01-20T05:17:27.001Z,1737350247.0016,0.9629318714141846,1.3984489440917969,0
2025-01-20T05:17:27.501Z,1737350247.5016,0.775328516960144,1.3984489440917969,0
2025-01-20T05:17:28.001Z,1737350248.0016,0.7085422873497009,1.3984489440917969,0
2025-01-20T05:17:28.501Z,1737350248.5016,1.118005633354187,1.3984489440917969,0
2025-01-20T05:17:29.001Z,1737350249.0016,0.8182692527770996,1.3984489440917969,0
2025-01-20T05:17:29.501Z,1737350249.5016,0.8503987789154053,1.3984489440917969,0
2025-01-20T05:17:30.001Z,1737350250.0016,1.1684396266937256,1.3984489440917969,0
2025-01-20T05:17:30.501Z,1737350250.5016,1.3673323392868042,1.3984489440917969,0
2025-01-20T05:17:31.001Z,1737350251.0016,0.9675421714782715,1.3984489440917969,0
2025-01-20T05:17:31.501Z,1737350251.5016,1.0467472076416016,1.3984489440917969,0
2025-01-20T05:17:32.001Z,1737350252.0016,0.8410765528678894,1.3984489440917969,0
2025-01-20T05:17:32.501Z,1737350252.5016,0.845252513885498,1.3984489440917969,0
2025-01-20T05:17:33.001Z,1737350253.0016,0.8976919054985046,1.3984489440917969,0
2025-01-20T05:17:33.501Z,1737350253.5016,1.1861634254455566,1.3984489440917969,0
2025-01-20T05:17:34.001Z,1737350254.0016,1.0970730781555176,1.3984489440917969,0
2025-01-20T05:17:34.501Z,1737350254.5016,0.6957254409790039,1.3984489440917969,0
2025-01-20T05:17:35.001Z,1737350255.0016,1.1498725414276123,1.3984489440917969,0
2025-01-20T05:17:35.501Z,1737350255.5016,1.08939528465271,1.3984489440917969,0
2025-01-20T05:17:36.001Z,1737350256.0016,0.9929616451263428,1.3984489440917969,0
2025-01-20T05:17:36.501Z,1737350256.5016,0.8755302429199219,1.3984489440917969,0
2025-01-20T05:17:37.001Z,1737350257.0016,0.8639068603515625,1.3984489440917969,0
2025-01-20T05:17:37.501Z,1737350257.5016,0.7513487935066223,1.3984489440917969,0
2025-01-20T05:17:38.001Z,1737350258.0016,1.0353355407714844,1.3984489440917969,0
2025-01-20T05:17:38.501Z,1737350258.5016,0.8246239423751831,1.3984489440917969,0
2025-01-20T05:17:39.001Z,1737350259.0016,0.9645668268203735,1.3984489440917969,0
2025-01-20T05:17:39.501Z,1737350259.5016,0.8586440682411194,1.3984489440917969,0
2025-01-20T05:17:40.001Z,1737350260.0016,0.8157985210418701,1.3984489440917969,0
2025-01-20T05:17:40.501Z,1737350260.5016,0.919143557548523,1.3984489440917969,0
2025-01-20T05:17:41.001Z,1737350261.0016,1.1668363809585571,1.3984489440917969,0
2025-01-20T05:17:41.501Z,1737350261.5016,1.083942174911499,1.3984489440917969,0
2025-01-20T05:17:42.001Z,1737350262.0016,1.1301963329315186,1.3984489440917969,0
2025-01-20T05:17:42.501Z,1737350262.5016,1.0619401931762695,1.3984489440917969,0
2025-01-20T05:17:43.001Z,1737350263.0016,0.8092292547225952,1.3984489440917969,0
2025-01-20T05:17:43.501Z,1737350263.5016,1.004929542541504,1.3984489440917969,0
2025-01-20T05:17:44.001Z,1737350264.0016,1.0753813982009888,1.3984489440917969,0
2025-01-20T05:17:44.501Z,1737350264.5016,1.057411789894104,1.3984489440917969,0
2025-01-20T05:17:45.001Z,1737350265.0016,0.9052501916885376,1.3984489440917969,0
2025-01-20T05:17:45.501Z,1737350265.5016,0.8551510572433472,1.3984489440917969,0
2025-01-20T05:17:46.001Z,1737350266.0016,1.0131008625030518,1.3984489440917969,0
2025-01-20T05:17:46.501Z,1737350266.5016,0.7828834056854248,1.3984489440917969,0
2025-01-20T05:17:47.001Z,1737350267.0016,1.0230395793914795,1.3984489440917969,0
2025-01-20T05:17:47.501Z,1737350267.5016,1.3179361820220947,1.3984489440917969,0
2025-01-20T05:17:48.001Z,1737350268.0016,1.3996436595916748,1.3984489440917969,0
2025-01-20T05:17:48.501Z,1737350268.5016,0.9227958917617798,1.3984489440917969,0
2025-01-20T05:17:49.001Z,1737350269.0016,0.9826803803443909,1.3984489440917969,0
2025-01-20T05:17:49.501Z,1737350269.5016,0.9278860092163086,1.3984489440917969,0
2025-01-20T05:17:50.001Z,1737350270.0016,1.2533968687057495,1.3984489440917969,0
2025-01-20T05:17:50.501Z,1737350270.5016,0.8757258653640747,1.3984489440917969,0
2025-01-20T05:17:51.001Z,1737350271.0016,0.620821475982666,1.3984489440917969,0
2025-01-20T05:17:51.501Z,1737350271.5016,0.5980777740478516,1.3984489440917969,0
2025-01-20T05:17:52.001Z,1737350272.0016,0.9312969446182251,1.3984489440917969,0
2025-01-20T05:17:52.501Z,1737350272.5016,1.0026601552963257,1.3984489440917969,0
2025-01-20T05:17:53.001Z,1737350273.0016,1.081528902053833,1.3984489440917969,0
2025-01-20T05:17:53.501Z,1737350273.5016,0.7897687554359436,1.3984489440917969,0
2025-01-20T05:17:54.001Z,1737350274.0016,1.0078017711639404,1.3984489440917969,0
2025-01-20T05:17:54.501Z,1737350274.5016,0.916641354560852,1.3984489440917969,0
2025-01-20T05:17:55.001Z,1737350275.0016,1.0741016864776611,1.3984489440917969,0
2025-01-20T05:17:55.501Z,1737350275.5016,1.0557560920715332,1.3984489440917969,0
2025-01-20T05:17:56.001Z,1737350276.0016,0.8005720973014832,1.3984489440917969,0
2025-01-20T05:17:56.501Z,1737350276.5016,0.9344347715377808,1.3984489440917969,0
2025-01-20T05:17:57.001Z,1737350277.0016,1.0990357398986816,1.3984489440917969,0
2025-01-20T05:17:57.501Z,1737350277.5016,0.7926965951919556,1.3984489440917969,0
2025-01-20T05:17:58.001Z,1737350278.0016,0.7425267696380615,1.3984489440917969,0
2025-01-20T05:17:58.501Z,1737350278.5016,0.9208880662918091,1.3984489440917969,0
2025-01-20T05:17:59.001Z,1737350279.0016,0.909579873085022,1.3984489440917969,0
2025-01-20T05:17:59.501Z,1737350279.5016,1.1037273406982422,1.3984489440917969,0
2025-01-20T05:18:00.001Z,1737350280.0016,0.8492172360420227,1.3984489440917969,0
2025-01-20T05:18:00.501Z,1737350280.5016,1.0667028427124023,1.3984489440917969,0
2025-01-20T05:18:01.001Z,1737350281.0016,1.2209599018096924,1.3984489440917969,0
2025-01-20T05:18:01.501Z,1737350281.5016,1.1318718194961548,1.3984489440917969,0
2025-01-20T05:18:02.001Z,1737350282.0016,0.8634331822395325,1.3984489440917969,0
2025-01-20T05:18:02.501Z,1737350282.5016,0.919396162033081,1.3984489440917969,0
2025-01-20T05:18:03.001Z,1737350283.0016,0.6773815155029297,1.3984489440917969,0
2025-01-20T05:18:03.501Z,1737350283.5016,0.7699254751205444,1.3984489440917969,0
2025-01-20T05:18:04.001Z,1737350284.0016,0.99214106798172,1.3984489440917969,0
2025-01-20T05:18:04.501Z,1737350284.5016,0.8612624406814575,1.3984489440917969,0
2025-01-20T05:18:05.001Z,1737350285.0016,0.9375190734863281,1.3984489440917969,0
2025-01-20T05:18:05.501Z,1737350285.5016,0.9452180862426758,1.3984489440917969,0
2025-01-20T05:18:06.001Z,1737350286.0016,0.8982659578323364,1.3984489440917969,0
2025-01-20T05:18:06.501Z,1737350286.5016,1.1421515941619873,1.3984489440917969,0
2025-01-20T05:18:07.001Z,1737350287.0016,0.9905893206596375,1.3984489440917969,0
2025-01-20T05:18:07.501Z,1737350287.5016,0.8634275197982788,1.3984489440917969,0
2025-01-20T05:18:08.001Z,1737350288.0016,0.7922328114509583,1.3984489440917969,0
2025-01-20T05:18:08.501Z,1737350288.5016,0.8558123111724854,1.3984489440917969,0
2025-01-20T05:18:09.001Z,1737350289.0016,1.1557625532150269,1.3984489440917969,0
2025-01-20T05:18:09.501Z,1737350289.5016,0.8933970928192139,1.3984489440917969,0
2025-01-20T05:18:10.001Z,1737350290.0016,0.9739871025085449,1.3984489440917969,0
2025-01-20T05:18:10.501Z,1737350290.5016,1.0826239585876465,1.3984489440917969,0
2025-01-20T05:18:11.001Z,1737350291.0016,0.9274100065231323,1.3984489440917969,0
2025-01-20T05:18:11.501Z,1737350291.5016,0.8294468522071838,1.3984489440917969,0
2025-01-20T05:18:12.001Z,1737350292.0016,0.9115018844604492,1.3984489440917969,0
2025-01-20T05:18:12.501Z,1737350292.5016,1.0640451908111572,1.3984489440917969,0
2025-01-20T05:18:13.001Z,1737350293.0016,1.025559902191162,1.3984489440917969,0
2025-01-20T05:18:13.501Z,1737350293.5016,0.8460394144058228,1.3984489440917969,0
2025-01-20T05:18:14.001Z,1737350294.0016,0.9514452219009399,1.3984489440917969,0
2025-01-20T05:18:14.501Z,1737350294.5016,0.8570214509963989,1.3984489440917969,0
2025-01-20T05:18:15.001Z,1737350295.0016,1.1806366443634033,1.3984489440917969,0
2025-01-20T05:18:15.501Z,1737350295.5016,1.1021206378936768,1.3984489440917969,0
2025-01-20T05:18:16.001Z,1737350296.0016,1.4825937747955322,1.3984489440917969,0
2025-01-20T05:18:16.501Z,1737350296.5016,1.0033354759216309,1.3984489440917969,0
2025-01-20T05:18:17.001Z,1737350297.0016,0.8763777613639832,1.3984489440917969,0
2025-01-20T05:18:17.501Z,1737350297.5016,1.0437188148498535,1.3984489440917969,0
2025-01-20T05:18:18.001Z,1737350298.0016,0.8109822273254395,1.3984489440917969,0
2025-01-20T05:18:18.501Z,1737350298.5016,0.973041832447052,1.3984489440917969,0
2025-01-20T05:18:19.001Z,1737350299.0016,1.00411057472229,1.3984489440917969,0
2025-01-20T05:18:19.501Z,1737350299.5016,1.1183128356933594,1.3984489440917969,0
2025-01-20T05:18:20.001Z,1737350300.0016,1.0270735025405884,1.3984489440917969,0
2025-01-20T05:18:20.501Z,1737350300.5016,0.9607979655265808,1.3984489440917969,0
2025-01-20T05:18:21.001Z,1737350301.0016,0.9904705286026001,1.3984489440917969,0
2025-01-20T05:18:21.501Z,1737350301.5016,1.0647540092468262,1.3984489440917969,0
2025-01-20T05:18:22.001Z,1737350302.0016,0.9658420085906982,1.3984489440917969,0
2025-01-20T05:18:22.501Z,1737350302.5016,0.8378660082817078,1.3984489440917969,0
2025-01-20T05:18:23.001Z,1737350303.0016,0.8658559322357178,1.3984489440917969,0
2025-01-20T05:18:23.501Z,1737350303.5016,1.1930211782455444,1.3984489440917969,0
2025-01-20T05:18:24.001Z,1737350304.0016,1.1401972770690918,1.3984489440917969,0
2025-01-20T05:18:24.501Z,1737350304.5016,1.1759259700775146,1.3984489440917969,0
2025-01-20T05:18:25.001Z,1737350305.0016,0.7229042053222656,1.3984489440917969,0
2025-01-20T05:18:25.501Z,1737350305.5016,0.944167971611023,1.3984489440917969,0
2025-01-20T05:18:26.001Z,1737350306.0016,0.7831194400787354,1.3984489440917969,0
2025-01-20T05:18:26.501Z,1737350306.5016,0.7303726673126221,1.3984489440917969,0
2025-01-20T05:18:27.001Z,1737350307.0016,0.8878239393234253,1.3984489440917969,0
2025-01-20T05:18:27.501Z,1737350307.5016,0.7753669023513794,1.3984489440917969,0
2025-01-20T05:18:28.001Z,1737350308.0016,0.7967245578765869,1.3984489440917969,0
2025-01-20T05:18:28.501Z,1737350308.5016,0.939900279045105,1.3984489440917969,0
2025-01-20T05:18:29.001Z,1737350309.0016,0.6737399101257324,1.3984489440917969,0
2025-01-20T05:18:29.501Z,1737350309.5016,0.9374282360076904,1.3984489440917969,0
2025-01-20T05:18:30.001Z,1737350310.0016,1.036695957183838,1.3984489440917969,0
2025-01-20T05:18:30.501Z,1737350310.5016,1.0199768543243408,1.3984489440917969,0
2025-01-20T05:18:31.001Z,1737350311.0016,0.9782407283782959,1.3984489440917969,0
2025-01-20T05:18:31.501Z,1737350311.5016,0.9173022508621216,1.3984489440917969,0
2025-01-20T05:18:32.001Z,1737350312.0016,1.2264444828033447,1.3984489440917969,0
2025-01-20T05:18:32.501Z,1737350312.5016,1.0204042196273804,1.3984489440917969,0
2025-01-20T05:18:33.001Z,1737350313.0016,0.7723120450973511,1.3984489440917969,0
2025-01-20T05:18:33.501Z,1737350313.5016,0.9801086783409119,1.3984489440917969,0
2025-01-20T05:18:34.001Z,1737350314.0016,0.9618018865585327,1.3984489440917969,0
2025-01-20T05:18:34.501Z,1737350314.5016,0.9556539058685303,1.3984489440917969,0
2025-01-20T05:18:35.001Z,1737350315.0016,0.8159948587417603,1.3984489440917969,0
2025-01-20T05:18:35.501Z,1737350315.5016,0.7895828485488892,1.3984489440917969,0
2025-01-20T05:18:36.001Z,1737350316.0016,1.0653355121612549,1.3984489440917969,0
2025-01-20T05:18:36.501Z,1737350316.5016,0.945424497127533,1.3984489440917969,0
2025-01-20T05:18:37.001Z,1737350317.0016,0.9404750466346741,1.3984489440917969,0
2025-01-20T05:18:37.501Z,1737350317.5016,1.0160646438598633,1.3984489440917969,0
2025-01-20T05:18:38.001Z,1737350318.0016,1.1786444187164307,1.3984489440917969,0
2025-01-20T05:18:38.501Z,1737350318.5016,0.8923963308334351,1.3984489440917969,0
2025-01-20T05:18:39.001Z,1737350319.0016,1.0014722347259521,1.3984489440917969,0
2025-01-20T05:18:39.501Z,1737350319.5016,0.9315977096557617,1.3984489440917969,0
2025-01-20T05:18:40.001Z,1737350320.0016,0.8788912296295166,1.3984489440917969,0
2025-01-20T05:18:40.501Z,1737350320.5016,0.8690536022186279,1.3984489440917969,0
2025-01-20T05:18:41.001Z,1737350321.0016,0.8083966374397278,1.3984489440917969,0
2025-01-20T05:18:41.501Z,1737350321.5016,0.9487203359603882,1.3984489440917969,0
2025-01-20T05:18:42.001Z,1737350322.0016,0.8339868783950806,1.3984489440917969,0
2025-01-20T05:18:42.501Z,1737350322.5016,0.7651190757751465,1.3984489440917969,0
2025-01-20T05:18:43.001Z,1737350323.0016,1.0536673069000244,1.3984489440917969,0
2025-01-20T05:18:43.501Z,1737350323.5016,0.9766361713409424,1.3984489440917969,0
2025-01-20T05:18:44.001Z,1737350324.0016,1.0637998580932617,1.3984489440917969,0
2025-01-20T05:18:44.501Z,1737350324.5016,1.029139757156372,1.3984489440917969,0
2025-01-20T05:18:45.001Z,1737350325.0016,0.8715811371803284,1.3984489440917969,0
2025-01-20T05:18:45.501Z,1737350325.5016,0.8275729417800903,1.3984489440917969,0
2025-01-20T05:18:46.001Z,1737350326.0016,0.9092389941215515,1.3984489440917969,0
2025-01-20T05:18:46.501Z,1737350326.5016,0.9035411477088928,1.3984489440917969,0
2025-01-20T05:18:47.001Z,1737350327.0016,1.0414267778396606,1.3984489440917969,0
2025-01-20T05:18:47.501Z,1737350327.5016,0.9853882789611816,1.3984489440917969,0
2025-01-20T05:18:48.001Z,1737350328.0016,1.0908950567245483,1.3984489440917969,0
2025-01-20T05:18:48.501Z,1737350328.5016,1.1754459142684937,1.3984489440917969,0
2025-01-20T05:18:49.001Z,1737350329.0016,0.9081990122795105,1.3984489440917969,0
2025-01-20T05:18:49.501Z,1737350329.5016,0.9494312405586243,1.3984489440917969,0
2025-01-20T05:18:50.001Z,1737350330.0016,1.193321943283081,1.3984489440917969,0
2025-01-20T05:18:50.501Z,1737350330.5016,1.0853593349456787,1.3984489440917969,0
2025-01-20T05:18:51.001Z,1737350331.0016,0.8518113493919373,1.3984489440917969,0
2025-01-20T05:18:51.501Z,1737350331.5016,1.1456005573272705,1.3984489440917969,0
2025-01-20T05:18:52.001Z,1737350332.0016,1.164320707321167,1.3984489440917969,0
2025-01-20T05:18:52.501Z,1737350332.5016,0.7183612585067749,1.3984489440917969,0
2025-01-20T05:18:53.001Z,1737350333.0016,0.7675797939300537,1.3984489440917969,0
2025-01-20T05:18:53.501Z,1737350333.5016,0.8974980711936951,1.3984489440917969,0
2025-01-20T05:18:54.001Z,1737350334.0016,0.8357003927230835,1.3984489440917969,0
2025-01-20T05:18:54.501Z,1737350334.5016,0.9052901268005371,1.3984489440917969,0
2025-01-20T05:18:55.001Z,1737350335.0016,0.9924492239952087,1.3984489440917969,0
2025-01-20T05:18:55.501Z,1737350335.5016,1.01717209815979,1.3984489440917969,0
2025-01-20T05:18:56.001Z,1737350336.0016,0.8932057619094849,1.3984489440917969,0
2025-01-20T05:18:56.501Z,1737350336.5016,0.8669251203536987,1.3984489440917969,0
2025-01-20T05:18:57.001Z,1737350337.0016,0.968487024307251,1.3984489440917969,0
2025-01-20T05:18:57.501Z,1737350337.5016,0.8003242015838623,1.3984489440917969,0
2025-01-20T05:18:58.001Z,1737350338.0016,0.8318735361099243,1.3984489440917969,0
2025-01-20T05:18:58.501Z,1737350338.5016,0.9089182615280151,1.3984489440917969,0
2025-01-20T05:18:59.001Z,1737350339.0016,1.2087488174438477,1.3984489440917969,0
2025-01-20T05:18:59.501Z,1737350339.5016,1.013216257095337,1.3984489440917969,0
2025-01-20T05:19:00.001Z,1737350340.0016,0.7524549961090088,1.3984489440917969,0
2025-01-20T05:19:00.501Z,1737350340.5016,0.8909875154495239,1.3984489440917969,0
2025-01-20T05:19:01.001Z,1737350341.0016,0.8891370296478271,1.3984489440917969,0
2025-01-20T05:19:01.501Z,1737350341.5016,0.8061355352401733,1.3984489440917969,0
2025-01-20T05:19:02.001Z,1737350342.0016,0.9325142502784729,1.3984489440917969,0
2025-01-20T05:19:02.501Z,1737350342.5016,0.9484890699386597,1.3984489440917969,0
2025-01-20T05:19:03.001Z,1737350343.0016,1.1074159145355225,1.3984489440917969,0
2025-01-20T05:19:03.501Z,1737350343.5016,1.0148714780807495,1.3984489440917969,0
2025-01-20T05:19:04.001Z,1737350344.0016,1.0348455905914307,1.3984489440917969,0
2025-01-20T05:19:04.501Z,1737350344.5016,1.1426891088485718,1.3984489440917969,0
2025-01-20T05:19:05.001Z,1737350345.0016,0.9550708532333374,1.3984489440917969,0
2025-01-20T05:19:05.501Z,1737350345.5016,1.1130433082580566,1.3984489440917969,0
2025-01-20T05:19:06.001Z,1737350346.0016,0.9825797080993652,1.3984489440917969,0
2025-01-20T05:19:06.501Z,1737350346.5016,0.8535467386245728,1.3984489440917969,0
2025-01-20T05:19:07.001Z,1737350347.0016,0.9290382862091064,1.3984489440917969,0
2025-01-20T05:19:07.501Z,1737350347.5016,1.1855883598327637,1.3984489440917969,0
2025-01-20T05:19:08.001Z,1737350348.0016,0.8633501529693604,1.3984489440917969,0
2025-01-20T05:19:08.501Z,1737350348.5016,0.9043782353401184,1.3984489440917969,0
2025-01-20T05:19:09.001Z,1737350349.0016,0.8147245645523071,1.3984489440917969,0
2025-01-20T05:19:09.501Z,1737350349.5016,0.7826262712478638,1.3984489440917969,0
2025-01-20T05:19:10.001Z,1737350350.0016,0.8720684051513672,1.3984489440917969,0
2025-01-20T05:19:10.501Z,1737350350.5016,0.9469940066337585,1.3984489440917969,0
2025-01-20T05:19:11.001Z,1737350351.0016,1.1119177341461182,1.3984489440917969,0
2025-01-20T05:19:11.501Z,1737350351.5016,0.8192921876907349,1.3984489440917969,0
2025-01-20T05:19:12.001Z,1737350352.0016,0.8395693302154541,1.3984489440917969,0
2025-01-20T05:19:12.501Z,1737350352.5016,0.9517126679420471,1.3984489440917969,0
2025-01-20T05:19:13.001Z,1737350353.0016,0.8954263925552368,1.3984489440917969,0
2025-01-20T05:19:13.501Z,1737350353.5016,0.8876731395721436,1.3984489440917969,0
2025-01-20T05:19:14.001Z,1737350354.0016,0.9618858098983765,1.3984489440917969,0
2025-01-20T05:19:14.501Z,1737350354.5016,1.0231503248214722,1.3984489440917969,0
2025-01-20T05:19:15.001Z,1737350355.0016,0.919670581817627,1.3984489440917969,0
2025-01-20T05:19:15.501Z,1737350355.5016,0.9606131315231323,1.3984489440917969,0
2025-01-20T05:19:16.001Z,1737350356.0016,0.9249616861343384,1.3984489440917969,0
2025-01-20T05:19:16.501Z,1737350356.5016,0.8612529039382935,1.3984489440917969,0
2025-01-20T05:19:17.001Z,1737350357.0016,1.1445484161376953,1.3984489440917969,0
2025-01-20T05:19:17.501Z,1737350357.5016,1.0329322814941406,1.3984489440917969,0
2025-01-20T05:19:18.001Z,1737350358.0016,1.267627239227295,1.3984489440917969,0
2025-01-20T05:19:18.501Z,1737350358.5016,1.1920521259307861,1.3984489440917969,0
2025-01-20T05:19:19.001Z,1737350359.0016,1.2805376052856445,1.3984489440917969,0
2025-01-20T05:19:19.501Z,1737350359.5016,1.2002573013305664,1.3984489440917969,0
2025-01-20T05:19:20.001Z,1737350360.0016,0.9721757769584656,1.3984489440917969,0
2025-01-20T05:19:20.501Z,1737350360.5016,0.9984317421913147,1.3984489440917969,0
2025-01-20T05:19:21.001Z,1737350361.0016,1.0043153762817383,1.3984489440917969,0
2025-01-20T05:19:21.501Z,1737350361.5016,0.9712312817573547,1.3984489440917969,0
2025-01-20T05:19:22.001Z,1737350362.0016,0.828479528427124,1.3984489440917969,0
2025-01-20T05:19:22.501Z,1737350362.5016,0.9612933397293091,1.3984489440917969,0
2025-01-20T05:19:23.001Z,1737350363.0016,0.8743928670883179,1.3984489440917969,0
2025-01-20T05:19:23.501Z,1737350363.5016,0.822811484336853,1.3984489440917969,0
2025-01-20T05:19:24.001Z,1737350364.0016,0.7503358721733093,1.3984489440917969,0
2025-01-20T05:19:24.501Z,1737350364.5016,0.7474727034568787,1.3984489440917969,0
2025-01-20T05:19:25.001Z,1737350365.0016,0.7329384684562683,1.3984489440917969,0
2025-01-20T05:19:25.501Z,1737350365.5016,1.0965259075164795,1.3984489440917969,0
2025-01-20T05:19:26.001Z,1737350366.0016,0.7946271896362305,1.3984489440917969,0
2025-01-20T05:19:26.501Z,1737350366.5016,0.9616323709487915,1.3984489440917969,0
2025-01-20T05:19:27.001Z,1737350367.0016,0.9618918299674988,1.3984489440917969,0
2025-01-20T05:19:27.501Z,1737350367.5016,0.9888763427734375,1.3984489440917969,0
2025-01-20T05:19:28.001Z,1737350368.0016,1.0917048454284668,1.3984489440917969,0
2025-01-20T05:19:28.501Z,1737350368.5016,0.9773695468902588,1.3984489440917969,0
2025-01-20T05:19:29.001Z,1737350369.0016,0.9162145853042603,1.3984489440917969,0
2025-01-20T05:19:29.501Z,1737350369.5016,1.0502831935882568,1.3984489440917969,0
2025-01-20T05:19:30.001Z,1737350370.0016,1.1036622524261475,1.3984489440917969,0
2025-01-20T05:19:30.501Z,1737350370.5016,0.9700394868850708,1.3984489440917969,0
2025-01-20T05:19:31.001Z,1737350371.0016,1.2547659873962402,1.3984489440917969,0
2025-01-20T05:19:31.501Z,1737350371.5016,1.3100697994232178,1.3984489440917969,0
2025-01-20T05:19:32.001Z,1737350372.0016,0.9783751964569092,1.3984489440917969,0
2025-01-20T05:19:32.501Z,1737350372.5016,0.8464994430541992,1.3984489440917969,0
2025-01-20T05:19:33.001Z,1737350373.0016,1.106860637664795,1.3984489440917969,0
2025-01-20T05:19:33.501Z,1737350373.5016,0.9637478590011597,1.3984489440917969,0
2025-01-20T05:19:34.001Z,1737350374.0016,1.0188241004943848,1.3984489440917969,0
2025-01-20T05:19:34.501Z,1737350374.5016,0.9922207593917847,1.3984489440917969,0
2025-01-20T05:19:35.001Z,1737350375.0016,0.7648143172264099,1.3984489440917969,0
2025-01-20T05:19:35.501Z,1737350375.5016,0.7092269062995911,1.3984489440917969,0
2025-01-20T05:19:36.001Z,1737350376.0016,0.9984326362609863,1.3984489440917969,0
2025-01-20T05:19:36.501Z,1737350376.5016,0.9484173059463501,1.3984489440917969,0
2025-01-20T05:19:37.001Z,1737350377.0016,0.8259004354476929,1.3984489440917969,0
2025-01-20T05:19:37.501Z,1737350377.5016,0.8620342016220093,1.3984489440917969,0
2025-01-20T05:19:38.001Z,1737350378.0016,1.0954561233520508,1.3984489440917969,0
2025-01-20T05:19:38.501Z,1737350378.5016,0.8326159715652466,1.3984489440917969,0
2025-01-20T05:19:39.001Z,1737350379.0016,0.99815434217453,1.3984489440917969,0
2025-01-20T05:19:39.501Z,1737350379.5016,0.8637424111366272,1.3984489440917969,0
2025-01-20T05:19:40.001Z,1737350380.0016,0.8400793671607971,1.3984489440917969,0
2025-01-20T05:19:40.501Z,1737350380.5016,1.0244379043579102,1.3984489440917969,0
2025-01-20T05:19:41.001Z,1737350381.0016,0.891495943069458,1.3984489440917969,0
2025-01-20T05:19:41.501Z,1737350381.5016,0.784957766532898,1.3984489440917969,0
2025-01-20T05:19:42.001Z,1737350382.0016,0.8689127564430237,1.3984489440917969,0
2025-01-20T05:19:42.501Z,1737350382.5016,0.8497340083122253,1.3984489440917969,0
2025-01-20T05:19:43.001Z,1737350383.0016,1.073734998703003,1.3984489440917969,0
2025-01-20T05:19:43.501Z,1737350383.5016,1.0978548526763916,1.3984489440917969,0
2025-01-20T05:19:44.001Z,1737350384.0016,1.0330908298492432,1.3984489440917969,0
2025-01-20T05:19:44.501Z,1737350384.5016,0.8961993455886841,1.3984489440917969,0
2025-01-20T05:19:45.001Z,1737350385.0016,0.9783345460891724,1.3984489440917969,0
2025-01-20T05:19:45.501Z,1737350385.5016,1.035020351409912,1.3984489440917969,0
2025-01-20T05:19:46.001Z,1737350386.0016,1.0027110576629639,1.3984489440917969,0
2025-01-20T05:19:46.501Z,1737350386.5016,0.9312710165977478,1.3984489440917969,0
2025-01-20T05:19:47.001Z,1737350387.0016,0.875771164894104,1.3984489440917969,0
2025-01-20T05:19:47.501Z,1737350387.5016,0.987779974937439,1.3984489440917969,0
2025-01-20T05:19:48.001Z,1737350388.0016,0.7853479385375977,1.3984489440917969,0
2025-01-20T05:19:48.501Z,1737350388.5016,0.9388930797576904,1.3984489440917969,0
2025-01-20T05:19:49.001Z,1737350389.0016,0.8760359287261963,1.3984489440917969,0
2025-01-20T05:19:49.501Z,1737350389.5016,0.8831373453140259,1.3984489440917969,0
2025-01-20T05:19:50.001Z,1737350390.0016,0.9893544912338257,1.3984489440917969,0
2025-01-20T05:19:50.501Z,1737350390.5016,1.4875876903533936,1.3984489440917969,0
2025-01-20T05:19:51.001Z,1737350391.0016,1.0775282382965088,1.3984489440917969,0
2025-01-20T05:19:51.501Z,1737350391.5016,0.8546889424324036,1.3984489440917969,0
2025-01-20T05:19:52.001Z,1737350392.0016,0.8590413928031921,1.3984489440917969,0
2025-01-20T05:19:52.501Z,1737350392.5016,0.9701171517372131,1.3984489440917969,0
2025-01-20T05:19:53.001Z,1737350393.0016,0.8503111004829407,1.3984489440917969,0
2025-01-20T05:19:53.501Z,1737350393.5016,0.9382659196853638,1.3984489440917969,0
2025-01-20T05:19:54.001Z,1737350394.0016,1.2476532459259033,1.3984489440917969,0
2025-01-20T05:19:54.501Z,1737350394.5016,0.908636748790741,1.3984489440917969,0
2025-01-20T05:19:55.001Z,1737350395.0016,0.7967932224273682,1.3984489440917969,0
2025-01-20T05:19:55.501Z,1737350395.5016,1.096862554550171,1.3984489440917969,0
2025-01-20T05:19:56.001Z,1737350396.0016,1.0568811893463135,1.3984489440917969,0
2025-01-20T05:19:56.501Z,1737350396.5016,0.6896445751190186,1.3984489440917969,0
2025-01-20T05:19:57.001Z,1737350397.0016,0.8634474277496338,1.3984489440917969,0
2025-01-20T05:19:57.501Z,1737350397.5016,0.7581847906112671,1.3984489440917969,0
2025-01-20T05:19:58.001Z,1737350398.0016,0.8312909603118896,1.3984489440917969,0
2025-01-20T05:19:58.501Z,1737350398.5016,0.8356959819793701,1.3984489440917969,0
2025-01-20T05:19:59.001Z,1737350399.0016,0.8421432375907898,1.3984489440917969,0
2025-01-20T05:19:59.501Z,1737350399.5016,0.6979665756225586,1.3984489440917969,0
2025-01-20T05:20:00.001Z,1737350400.0016,0.7926999926567078,1.3984489440917969,0
2025-01-20T05:20:00.501Z,1737350400.5016,0.8959872722625732,1.3984489440917969,0
2025-01-20T05:20:01.001Z,1737350401.0016,0.8877339959144592,1.3984489440917969,0
2025-01-20T05:20:01.501Z,1737350401.5016,0.8264821767807007,1.3984489440917969,0
2025-01-20T05:20:02.001Z,1737350402.0016,0.9210386276245117,1.3984489440917969,0
2025-01-20T05:20:02.501Z,1737350402.5016,0.9691097140312195,1.3984489440917969,0
2025-01-20T05:20:03.001Z,1737350403.0016,0.8395593762397766,1.3984489440917969,0
2025-01-20T05:20:03.501Z,1737350403.5016,0.8784041404724121,1.3984489440917969,0
2025-01-20T05:20:04.001Z,1737350404.0016,1.1159214973449707,1.3984489440917969,0
2025-01-20T05:20:04.501Z,1737350404.5016,0.9006443023681641,1.3984489440917969,0
2025-01-20T05:20:05.001Z,1737350405.0016,0.7991362810134888,1.3984489440917969,0
2025-01-20T05:20:05.501Z,1737350405.5016,0.899675726890564,1.3984489440917969,0
2025-01-20T05:20:06.001Z,1737350406.0016,0.9575329422950745,1.3984489440917969,0
2025-01-20T05:20:06.501Z,1737350406.5016,1.0642977952957153,1.3984489440917969,0
2025-01-20T05:20:07.001Z,1737350407.0016,1.3887566328048706,1.3984489440917969,0
2025-01-20T05:20:07.501Z,1737350407.5016,1.1236891746520996,1.3984489440917969,0
2025-01-20T05:20:08.001Z,1737350408.0016,1.187772512435913,1.3984489440917969,0
2025-01-20T05:20:08.501Z,1737350408.5016,1.0680739879608154,1.3984489440917969,0
2025-01-20T05:20:09.001Z,1737350409.0016,0.9359973669052124,1.3984489440917969,0
2025-01-20T05:20:09.501Z,1737350409.5016,1.106724500656128,1.3984489440917969,0
2025-01-20T05:20:10.001Z,1737350410.0016,0.9796671867370605,1.3984489440917969,0
2025-01-20T05:20:10.501Z,1737350410.5016,0.7826873064041138,1.3984489440917969,0
2025-01-20T05:20:11.001Z,1737350411.0016,1.1141912937164307,1.3984489440917969,0
2025-01-20T05:20:11.501Z,1737350411.5016,1.0536680221557617,1.3984489440917969,0
2025-01-20T05:20:12.001Z,1737350412.0016,1.2751109600067139,1.3984489440917969,0
2025-01-20T05:20:12.501Z,1737350412.5016,1.2934482097625732,1.3984489440917969,0
2025-01-20T05:20:13.001Z,1737350413.0016,0.950969934463501,1.3984489440917969,0
2025-01-20T05:20:13.501Z,1737350413.5016,0.6962428092956543,1.3984489440917969,0
2025-01-20T05:20:14.001Z,1737350414.0016,0.7305270433425903,1.3984489440917969,0
2025-01-20T05:20:14.501Z,1737350414.5016,0.8944920301437378,1.3984489440917969,0
2025-01-20T05:20:15.001Z,1737350415.0016,0.9217976927757263,1.3984489440917969,0
2025-01-20T05:20:15.501Z,1737350415.5016,0.8841438293457031,1.3984489440917969,0
2025-01-20T05:20:16.001Z,1737350416.0016,0.8148465156555176,1.3984489440917969,0
2025-01-20T05:20:16.501Z,1737350416.5016,0.7938602566719055,1.3984489440917969,0
2025-01-20T05:20:17.001Z,1737350417.0016,0.9900667667388916,1.3984489440917969,0
2025-01-20T05:20:17.501Z,1737350417.5016,1.0803982019424438,1.3984489440917969,0
2025-01-20T05:20:18.001Z,1737350418.0016,0.9111127853393555,1.3984489440917969,0
2025-01-20T05:20:18.501Z,1737350418.5016,0.8586706519126892,1.3984489440917969,0
2025-01-20T05:20:19.001Z,1737350419.0016,0.9823075532913208,1.3984489440917969,0
2025-01-20T05:20:19.501Z,1737350419.5016,0.7432256937026978,1.3984489440917969,0
2025-01-20T05:20:20.001Z,1737350420.0016,0.890642523765564,1.3984489440917969,0
2025-01-20T05:20:20.501Z,1737350420.5016,0.9130902290344238,1.3984489440917969,0
2025-01-20T05:20:21.001Z,1737350421.0016,0.9226858615875244,1.3984489440917969,0
2025-01-20T05:20:21.501Z,1737350421.5016,0.7614171504974365,1.3984489440917969,0
2025-01-20T05:20:22.001Z,1737350422.0016,1.3431377410888672,1.3984489440917969,0
2025-01-20T05:20:22.501Z,1737350422.5016,0.8215076327323914,1.3984489440917969,0
2025-01-20T05:20:23.001Z,1737350423.0016,0.8687589764595032,1.3984489440917969,0
2025-01-20T05:20:23.501Z,1737350423.5016,1.0979499816894531,1.3984489440917969,0
2025-01-20T05:20:24.001Z,1737350424.0016,1.2769670486450195,1.3984489440917969,0
2025-01-20T05:20:24.501Z,1737350424.5016,0.8717790842056274,1.3984489440917969,0
2025-01-20T05:20:25.001Z,1737350425.0016,1.139810562133789,1.3984489440917969,0
2025-01-20T05:20:25.501Z,1737350425.5016,1.0066547393798828,1.3984489440917969,0
2025-01-20T05:20:26.001Z,1737350426.0016,0.8753437995910645,1.3984489440917969,0
2025-01-20T05:20:26.501Z,1737350426.5016,0.894452691078186,1.3984489440917969,0
2025-01-20T05:20:27.001Z,1737350427.0016,0.9897595643997192,1.3984489440917969,0
2025-01-20T05:20:27.501Z,1737350427.5016,1.1779296398162842,1.3984489440917969,0
2025-01-20T05:20:28.001Z,1737350428.0016,0.9582920074462891,1.3984489440917969,0
2025-01-20T05:20:28.501Z,1737350428.5016,0.8106274604797363,1.3984489440917969,0
2025-01-20T05:20:29.001Z,1737350429.0016,1.1517770290374756,1.3984489440917969,0
2025-01-20T05:20:29.501Z,1737350429.5016,1.1048846244812012,1.3984489440917969,0
2025-01-20T05:20:30.001Z,1737350430.0016,0.9669642448425293,1.3984489440917969,0
2025-01-20T05:20:30.501Z,1737350430.5016,0.7929806709289551,1.3984489440917969,0
2025-01-20T05:20:31.001Z,1737350431.0016,0.9311573505401611,1.3984489440917969,0
2025-01-20T05:20:31.501Z,1737350431.5016,0.9963357448577881,1.3984489440917969,0
2025-01-20T05:20:32.001Z,1737350432.0016,0.7722722887992859,1.3984489440917969,0
2025-01-20T05:20:32.501Z,1737350432.5016,0.9388957023620605,1.3984489440917969,0
2025-01-20T05:20:33.001Z,1737350433.0016,0.9727803468704224,1.3984489440917969,0
2025-01-20T05:20:33.501Z,1737350433.5016,0.937934160232544,1.3984489440917969,0
2025-01-20T05:20:34.001Z,1737350434.0016,0.8154342174530029,1.3984489440917969,0
2025-01-20T05:20:34.501Z,1737350434.5016,0.8035736680030823,1.3984489440917969,0
2025-01-20T05:20:35.001Z,1737350435.0016,0.6960766315460205,1.3984489440917969,0
2025-01-20T05:20:35.501Z,1737350435.5016,0.7480003833770752,1.3984489440917969,0
2025-01-20T05:20:36.001Z,1737350436.0016,0.8542361259460449,1.3984489440917969,0
2025-01-20T05:20:36.501Z,1737350436.5016,0.930402934551239,1.3984489440917969,0
2025-01-20T05:20:37.001Z,1737350437.0016,0.7717899084091187,1.3984489440917969,0
2025-01-20T05:20:37.501Z,1737350437.5016,0.9123063087463379,1.3984489440917969,0
2025-01-20T05:20:38.001Z,1737350438.0016,0.9273836612701416,1.3984489440917969,0
2025-01-20T05:20:38.501Z,1737350438.5016,1.286759614944458,1.3984489440917969,0
2025-01-20T05:20:39.001Z,1737350439.0016,1.031388759613037,1.3984489440917969,0
2025-01-20T05:20:39.501Z,1737350439.5016,1.0251338481903076,1.3984489440917969,0
2025-01-20T05:20:40.001Z,1737350440.0016,0.9560188055038452,1.3984489440917969,0
2025-01-20T05:20:40.501Z,1737350440.5016,1.0885906219482422,1.3984489440917969,0
2025-01-20T05:20:41.001Z,1737350441.0016,1.0430934429168701,1.3984489440917969,0
2025-01-20T05:20:41.501Z,1737350441.5016,0.9870328903198242,1.3984489440917969,0
2025-01-20T05:20:42.001Z,1737350442.0016,1.2452633380889893,1.3984489440917969,0
2025-01-20T05:20:42.501Z,1737350442.5016,1.0918629169464111,1.3984489440917969,0
2025-01-20T05:20:43.001Z,1737350443.0016,1.4240503311157227,1.3984489440917969,0
2025-01-20T05:20:43.501Z,1737350443.5016,0.6342216730117798,1.3984489440917969,0
2025-01-20T05:20:44.001Z,1737350444.0016,1.0973820686340332,1.3984489440917969,0
2025-01-20T05:20:44.501Z,1737350444.5016,0.9815049767494202,1.3984489440917969,0
2025-01-20T05:20:45.001Z,1737350445.0016,0.7608962059020996,1.3984489440917969,0
2025-01-20T05:20:45.501Z,1737350445.5016,0.7859940528869629,1.3984489440917969,0
2025-01-20T05:20:46.001Z,1737350446.0016,1.0508337020874023,1.3984489440917969,0
2025-01-20T05:20:46.501Z,1737350446.5016,0.8541259765625,1.3984489440917969,0
2025-01-20T05:20:47.001Z,1737350447.0016,1.003621220588684,1.3984489440917969,0
2025-01-20T05:20:47.501Z,1737350447.5016,0.8427310585975647,1.3984489440917969,0
2025-01-20T05:20:48.001Z,1737350448.0016,1.0401734113693237,1.3984489440917969,0
2025-01-20T05:20:48.501Z,1737350448.5016,0.7923650741577148,1.3984489440917969,0
2025-01-20T05:20:49.001Z,1737350449.0016,0.9055110216140747,1.3984489440917969,0
2025-01-20T05:20:49.501Z,1737350449.5016,0.9684550762176514,1.3984489440917969,0
2025-01-20T05:20:50.001Z,1737350450.0016,1.0262067317962646,1.3984489440917969,0
2025-01-20T05:20:50.501Z,1737350450.5016,0.8872158527374268,1.3984489440917969,0
2025-01-20T05:20:51.001Z,1737350451.0016,1.053407907485962,1.3984489440917969,0
2025-01-20T05:20:51.501Z,1737350451.5016,0.9177731275558472,1.3984489440917969,0
2025-01-20T05:20:52.001Z,1737350452.0016,0.8522610068321228,1.3984489440917969,0
2025-01-20T05:20:52.501Z,1737350452.5016,0.9171383380889893,1.3984489440917969,0
2025-01-20T05:20:53.001Z,1737350453.0016,0.7253474593162537,1.3984489440917969,0
2025-01-20T05:20:53.501Z,1737350453.5016,1.28883957862854,1.3984489440917969,0
2025-01-20T05:20:54.001Z,1737350454.0016,0.9366963505744934,1.3984489440917969,0
2025-01-20T05:20:54.501Z,1737350454.5016,1.0239603519439697,1.3984489440917969,0
2025-01-20T05:20:55.001Z,1737350455.0016,0.9564307332038879,1.3984489440917969,0
2025-01-20T05:20:55.501Z,1737350455.5016,0.9213780164718628,1.3984489440917969,0
2025-01-20T05:20:56.001Z,1737350456.0016,1.283341646194458,1.3984489440917969,0
2025-01-20T05:20:56.501Z,1737350456.5016,0.8141393661499023,1.3984489440917969,0
2025-01-20T05:20:57.001Z,1737350457.0016,0.8397668600082397,1.3984489440917969,0
2025-01-20T05:20:57.501Z,1737350457.5016,0.9932882189750671,1.3984489440917969,0
2025-01-20T05:20:58.001Z,1737350458.0016,1.3096449375152588,1.3984489440917969,0
2025-01-20T05:20:58.501Z,1737350458.5016,0.892001748085022,1.3984489440917969,0
2025-01-20T05:20:59.001Z,1737350459.0016,0.6882321834564209,1.3984489440917969,0
2025-01-20T05:20:59.501Z,1737350459.5016,1.0107165575027466,1.3984489440917969,0
2025-01-20T05:21:00.001Z,1737350460.0016,1.0896837711334229,1.3984489440917969,0
2025-01-20T05:21:00.501Z,1737350460.5016,1.0121740102767944,1.3984489440917969,0
2025-01-20T05:21:01.001Z,1737350461.0016,0.8609567880630493,1.3984489440917969,0
2025-01-20T05:21:01.501Z,1737350461.5016,0.7530074119567871,1.3984489440917969,0
2025-01-20T05:21:02.001Z,1737350462.0016,0.9660727977752686,1.3984489440917969,0
2025-01-20T05:21:02.501Z,1737350462.5016,1.2435134649276733,1.3984489440917969,0
2025-01-20T05:21:03.001Z,1737350463.0016,1.0697293281555176,1.3984489440917969,0
2025-01-20T05:21:03.501Z,1737350463.5016,1.0665761232376099,1.3984489440917969,0
2025-01-20T05:21:04.001Z,1737350464.0016,0.7593204379081726,1.3984489440917969,0
2025-01-20T05:21:04.501Z,1737350464.5016,1.0512583255767822,1.3984489440917969,0
2025-01-20T05:21:05.001Z,1737350465.0016,0.8200831413269043,1.3984489440917969,0
2025-01-20T05:21:05.501Z,1737350465.5016,0.8236427307128906,1.3984489440917969,0
2025-01-20T05:21:06.001Z,1737350466.0016,0.8587886095046997,1.3984489440917969,0
2025-01-20T05:21:06.501Z,1737350466.5016,1.0072520971298218,1.3984489440917969,0
2025-01-20T05:21:07.001Z,1737350467.0016,0.857738733291626,1.3984489440917969,0
2025-01-20T05:21:07.501Z,1737350467.5016,0.6946167945861816,1.3984489440917969,0
2025-01-20T05:21:08.001Z,1737350468.0016,0.747260332107544,1.3984489440917969,0
2025-01-20T05:21:08.501Z,1737350468.5016,0.9617096185684204,1.3984489440917969,0
2025-01-20T05:21:09.001Z,1737350469.0016,0.7439123392105103,1.3984489440917969,0
2025-01-20T05:21:09.501Z,1737350469.5016,0.9663706421852112,1.3984489440917969,0
2025-01-20T05:21:10.001Z,1737350470.0016,0.9510219097137451,1.3984489440917969,0
2025-01-20T05:21:10.501Z,1737350470.5016,0.8923253417015076,1.3984489440917969,0
2025-01-20T05:21:11.001Z,1737350471.0016,1.1067941188812256,1.3984489440917969,0
2025-01-20T05:21:11.501Z,1737350471.5016,1.1242296695709229,1.3984489440917969,0
2025-01-20T05:21:12.001Z,1737350472.0016,0.7693024277687073,1.3984489440917969,0
2025-01-20T05:21:12.501Z,1737350472.5016,1.1234583854675293,1.3984489440917969,0
2025-01-20T05:21:13.001Z,1737350473.0016,0.841401219367981,1.3984489440917969,0
2025-01-20T05:21:13.501Z,1737350473.5016,0.7545552849769592,1.3984489440917969,0
2025-01-20T05:21:14.001Z,1737350474.0016,1.236924171447754,1.3984489440917969,0
2025-01-20T05:21:14.501Z,1737350474.5016,1.0803440809249878,1.3984489440917969,0
2025-01-20T05:21:15.001Z,1737350475.0016,0.9921064972877502,1.3984489440917969,0
2025-01-20T05:21:15.501Z,1737350475.5016,0.7353811860084534,1.3984489440917969,0
2025-01-20T05:21:16.001Z,1737350476.0016,0.9086529016494751,1.3984489440917969,0
2025-01-20T05:21:16.501Z,1737350476.5016,0.7072446346282959,1.3984489440917969,0
2025-01-20T05:21:17.001Z,1737350477.0016,0.8426905870437622,1.3984489440917969,0
2025-01-20T05:21:17.501Z,1737350477.5016,0.8058677315711975,1.3984489440917969,0
2025-01-20T05:21:18.001Z,1737350478.0016,1.2540922164916992,1.3984489440917969,0
2025-01-20T05:21:18.501Z,1737350478.5016,0.8555153012275696,1.3984489440917969,0
2025-01-20T05:21:19.001Z,1737350479.0016,0.879409909248352,1.3984489440917969,0
2025-01-20T05:21:19.501Z,1737350479.5016,1.0078794956207275,1.3984489440917969,0
2025-01-20T05:21:20.001Z,1737350480.0016,0.9360650777816772,1.3984489440917969,0
2025-01-20T05:21:20.501Z,1737350480.5016,0.8842993974685669,1.3984489440917969,0
2025-01-20T05:21:21.001Z,1737350481.0016,1.169335126876831,1.3984489440917969,0
2025-01-20T05:21:21.501Z,1737350481.5016,0.9112354516983032,1.3984489440917969,0
2025-01-20T05:21:22.001Z,1737350482.0016,0.995080828666687,1.3984489440917969,0
2025-01-20T05:21:22.501Z,1737350482.5016,0.9325336217880249,1.3984489440917969,0
2025-01-20T05:21:23.001Z,1737350483.0016,1.0219149589538574,1.3984489440917969,0
2025-01-20T05:21:23.501Z,1737350483.5016,1.0157678127288818,1.3984489440917969,0
2025-01-20T05:21:24.001Z,1737350484.0016,0.9497836828231812,1.3984489440917969,0
2025-01-20T05:21:24.501Z,1737350484.5016,1.1363837718963623,1.3984489440917969,0
2025-01-20T05:21:25.001Z,1737350485.0016,0.8468976020812988,1.3984489440917969,0
2025-01-20T05:21:25.501Z,1737350485.5016,0.9154672026634216,1.3984489440917969,0
2025-01-20T05:21:26.001Z,1737350486.0016,1.1469817161560059,1.3984489440917969,0
2025-01-20T05:21:26.501Z,1737350486.5016,1.0087400674819946,1.3984489440917969,0
2025-01-20T05:21:27.001Z,1737350487.0016,0.8510712385177612,1.3984489440917969,0
2025-01-20T05:21:27.501Z,1737350487.5016,0.9448127746582031,1.3984489440917969,0
2025-01-20T05:21:28.001Z,1737350488.0016,1.144622802734375,1.3984489440917969,0
2025-01-20T05:21:28.501Z,1737350488.5016,0.9302947521209717,1.3984489440917969,0
2025-01-20T05:21:29.001Z,1737350489.0016,0.7811923623085022,1.3984489440917969,0
2025-01-20T05:21:29.501Z,1737350489.5016,0.6486656665802002,1.3984489440917969,0
2025-01-20T05:21:30.001Z,1737350490.0016,0.7296096086502075,1.3984489440917969,0
2025-01-20T05:21:30.501Z,1737350490.5016,0.7639356255531311,1.3984489440917969,0
2025-01-20T05:21:31.001Z,1737350491.0016,0.8493846654891968,1.3984489440917969,0
2025-01-20T05:21:31.501Z,1737350491.5016,0.967021107673645,1.3984489440917969,0
2025-01-20T05:21:32.001Z,1737350492.0016,0.8074837923049927,1.3984489440917969,0
2025-01-20T05:21:32.501Z,1737350492.5016,1.098085880279541,1.3984489440917969,0
2025-01-20T05:21:33.001Z,1737350493.0016,0.9474803805351257,1.3984489440917969,0
2025-01-20T05:21:33.501Z,1737350493.5016,0.9534456133842468,1.3984489440917969,0
2025-01-20T05:21:34.001Z,1737350494.0016,0.9072588682174683,1.3984489440917969,0
2025-01-20T05:21:34.501Z,1737350494.5016,0.9479619264602661,1.3984489440917969,0
2025-01-20T05:21:35.001Z,1737350495.0016,1.0231380462646484,1.3984489440917969,0
2025-01-20T05:21:35.501Z,1737350495.5016,1.1790529489517212,1.3984489440917969,0
2025-01-20T05:21:36.001Z,1737350496.0016,1.5829949378967285,1.3984489440917969,0
2025-01-20T05:21:36.501Z,1737350496.5016,0.8170281648635864,1.3984489440917969,0
2025-01-20T05:21:37.001Z,1737350497.0016,0.9812618494033813,1.3984489440917969,0
2025-01-20T05:21:37.501Z,1737350497.5016,0.7761585712432861,1.3984489440917969,0
2025-01-20T05:21:38.001Z,1737350498.0016,0.9243636727333069,1.3984489440917969,0
2025-01-20T05:21:38.501Z,1737350498.5016,1.069732904434204,1.3984489440917969,0
2025-01-20T05:21:39.001Z,1737350499.0016,1.157712697982788,1.3984489440917969,0
2025-01-20T05:21:39.501Z,1737350499.5016,1.3872277736663818,1.3984489440917969,0
2025-01-20T05:21:40.001Z,1737350500.0016,0.8459752202033997,1.3984489440917969,0
2025-01-20T05:21:40.501Z,1737350500.5016,0.9237825870513916,1.3984489440917969,0
2025-01-20T05:21:41.001Z,1737350501.0016,0.9857032299041748,1.3984489440917969,0
2025-01-20T05:21:41.501Z,1737350501.5016,0.7279462814331055,1.3984489440917969,0
2025-01-20T05:21:42.001Z,1737350502.0016,0.7735494375228882,1.3984489440917969,0
2025-01-20T05:21:42.501Z,1737350502.5016,1.0082440376281738,1.3984489440917969,0
2025-01-20T05:21:43.001Z,1737350503.0016,0.9865751266479492,1.3984489440917969,0
2025-01-20T05:21:43.501Z,1737350503.5016,0.7707664966583252,1.3984489440917969,0
2025-01-20T05:21:44.001Z,1737350504.0016,0.7618248462677002,1.3984489440917969,0
2025-01-20T05:21:44.501Z,1737350504.5016,0.7755486965179443,1.3984489440917969,0
2025-01-20T05:21:45.001Z,1737350505.0016,0.81650710105896,1.3984489440917969,0
2025-01-20T05:21:45.501Z,1737350505.5016,1.093864917755127,1.3984489440917969,0
2025-01-20T05:21:46.001Z,1737350506.0016,0.996474027633667,1.3984489440917969,0
2025-01-20T05:21:46.501Z,1737350506.5016,0.7981523275375366,1.3984489440917969,0
2025-01-20T05:21:47.001Z,1737350507.0016,1.035831332206726,1.3984489440917969,0
2025-01-20T05:21:47.501Z,1737350507.5016,0.8424233198165894,1.3984489440917969,0
2025-01-20T05:21:48.001Z,1737350508.0016,0.9527750015258789,1.3984489440917969,0
2025-01-20T05:21:48.501Z,1737350508.5016,0.858173131942749,1.3984489440917969,0
2025-01-20T05:21:49.001Z,1737350509.0016,0.8470555543899536,1.3984489440917969,0
2025-01-20T05:21:49.501Z,1737350509.5016,0.8217041492462158,1.3984489440917969,0
2025-01-20T05:21:50.001Z,1737350510.0016,0.8973859548568726,1.3984489440917969,0
2025-01-20T05:21:50.501Z,1737350510.5016,0.989372968673706,1.3984489440917969,0
2025-01-20T05:21:51.001Z,1737350511.0016,0.8053328990936279,1.3984489440917969,0
2025-01-20T05:21:51.501Z,1737350511.5016,1.0727441310882568,1.3984489440917969,0
2025-01-20T05:21:52.001Z,1737350512.0016,1.0416829586029053,1.3984489440917969,0
2025-01-20T05:21:52.501Z,1737350512.5016,1.1522419452667236,1.3984489440917969,0
2025-01-20T05:21:53.001Z,1737350513.0016,0.8040386438369751,1.3984489440917969,0
2025-01-20T05:21:53.501Z,1737350513.5016,0.9520976543426514,1.3984489440917969,0
2025-01-20T05:21:54.001Z,1737350514.0016,0.9918053150177002,1.3984489440917969,0
2025-01-20T05:21:54.501Z,1737350514.5016,0.663544774055481,1.3984489440917969,0
2025-01-20T05:21:55.001Z,1737350515.0016,1.0234274864196777,1.3984489440917969,0
2025-01-20T05:21:55.501Z,1737350515.5016,1.0519298315048218,1.3984489440917969,0
2025-01-20T05:21:56.001Z,1737350516.0016,0.8769651651382446,1.3984489440917969,0
2025-01-20T05:21:56.501Z,1737350516.5016,0.8747537732124329,1.3984489440917969,0
2025-01-20T05:21:57.001Z,1737350517.0016,1.355302333831787,1.3984489440917969,0
2025-01-20T05:21:57.501Z,1737350517.5016,0.9010884761810303,1.3984489440917969,0
2025-01-20T05:21:58.001Z,1737350518.0016,0.8725070953369141,1.3984489440917969,0
2025-01-20T05:21:58.501Z,1737350518.5016,0.9023823738098145,1.3984489440917969,0
2025-01-20T05:21:59.001Z,1737350519.0016,0.9544203281402588,1.3984489440917969,0
2025-01-20T05:21:59.501Z,1737350519.5016,0.6659497022628784,1.3984489440917969,0
2025-01-20T05:22:00.001Z,1737350520.0016,0.9443243741989136,1.3984489440917969,0
2025-01-20T05:22:00.501Z,1737350520.5016,0.9396834373474121,1.3984489440917969,0
2025-01-20T05:22:01.001Z,1737350521.0016,1.1103800535202026,1.3984489440917969,0
2025-01-20T05:22:01.501Z,1737350521.5016,0.76035475730896,1.3984489440917969,0
2025-01-20T05:22:02.001Z,1737350522.0016,0.9389029741287231,1.3984489440917969,0
2025-01-20T05:22:02.501Z,1737350522.5016,1.0326433181762695,1.3984489440917969,0
2025-01-20T05:22:03.001Z,1737350523.0016,0.7294661998748779,1.3984489440917969,0
2025-01-20T05:22:03.501Z,1737350523.5016,1.0911040306091309,1.3984489440917969,0
2025-01-20T05:22:04.001Z,1737350524.0016,1.0290164947509766,1.3984489440917969,0
2025-01-20T05:22:04.501Z,1737350524.5016,0.9678021669387817,1.3984489440917969,0
2025-01-20T05:22:05.001Z,1737350525.0016,0.8788678646087646,1.3984489440917969,0
2025-01-20T05:22:05.501Z,1737350525.5016,0.9369382262229919,1.3984489440917969,0
2025-01-20T05:22:06.001Z,1737350526.0016,0.8287534713745117,1.3984489440917969,0
2025-01-20T05:22:06.501Z,1737350526.5016,0.9086929559707642,1.3984489440917969,0
2025-01-20T05:22:07.001Z,1737350527.0016,1.0938739776611328,1.3984489440917969,0
2025-01-20T05:22:07.501Z,1737350527.5016,0.8776183128356934,1.3984489440917969,0
2025-01-20T05:22:08.001Z,1737350528.0016,0.8962124586105347,1.3984489440917969,0
2025-01-20T05:22:08.501Z,1737350528.5016,0.8336124420166016,1.3984489440917969,0
2025-01-20T05:22:09.001Z,1737350529.0016,1.1093559265136719,1.3984489440917969,0
2025-01-20T05:22:09.501Z,1737350529.5016,1.040690302848816,1.3984489440917969,0
2025-01-20T05:22:10.001Z,1737350530.0016,1.0389721393585205,1.3984489440917969,0
2025-01-20T05:22:10.501Z,1737350530.5016,0.9720571637153625,1.3984489440917969,0
2025-01-20T05:22:11.001Z,1737350531.0016,1.147017478942871,1.3984489440917969,0
2025-01-20T05:22:11.501Z,1737350531.5016,1.5244131088256836,1.3984489440917969,0
2025-01-20T05:22:12.001Z,1737350532.0016,1.2288860082626343,1.3984489440917969,0
2025-01-20T05:22:12.501Z,1737350532.5016,0.7905919551849365,1.3984489440917969,0
2025-01-20T05:22:13.001Z,1737350533.0016,1.1511952877044678,1.3984489440917969,0
2025-01-20T05:22:13.501Z,1737350533.5016,0.8665490746498108,1.3984489440917969,0
2025-01-20T05:22:14.001Z,1737350534.0016,0.7347314953804016,1.3984489440917969,0
2025-01-20T05:22:14.501Z,1737350534.5016,0.853393018245697,1.3984489440917969,0
2025-01-20T05:22:15.001Z,1737350535.0016,0.7034813761711121,1.3984489440917969,0
2025-01-20T05:22:15.501Z,1737350535.5016,0.8562541007995605,1.3984489440917969,0
2025-01-20T05:22:16.001Z,1737350536.0016,1.0656156539916992,1.3984489440917969,0
2025-01-20T05:22:16.501Z,1737350536.5016,0.8506335020065308,1.3984489440917969,0
2025-01-20T05:22:17.001Z,1737350537.0016,0.897768497467041,1.3984489440917969,0
2025-01-20T05:22:17.501Z,1737350537.5016,0.7942553162574768,1.3984489440917969,0
2025-01-20T05:22:18.001Z,1737350538.0016,0.8064398765563965,1.3984489440917969,0
2025-01-20T05:22:18.501Z,1737350538.5016,1.0888161659240723,1.3984489440917969,0
2025-01-20T05:22:19.001Z,1737350539.0016,0.778327465057373,1.3984489440917969,0
2025-01-20T05:22:19.501Z,1737350539.5016,0.9730817079544067,1.3984489440917969,0
2025-01-20T05:22:20.001Z,1737350540.0016,0.9049732089042664,1.3984489440917969,0
2025-01-20T05:22:20.501Z,1737350540.5016,1.0055705308914185,1.3984489440917969,0
2025-01-20T05:22:21.001Z,1737350541.0016,0.8564011454582214,1.3984489440917969,0
2025-01-20T05:22:21.501Z,1737350541.5016,1.0089118480682373,1.3984489440917969,0
2025-01-20T05:22:22.001Z,1737350542.0016,1.1148874759674072,1.3984489440917969,0
2025-01-20T05:22:22.501Z,1737350542.5016,0.8750550150871277,1.3984489440917969,0
2025-01-20T05:22:23.001Z,1737350543.0016,0.932701051235199,1.3984489440917969,0
2025-01-20T05:22:23.501Z,1737350543.5016,0.7849569320678711,1.3984489440917969,0
2025-01-20T05:22:24.001Z,1737350544.0016,0.8649749755859375,1.3984489440917969,0
2025-01-20T05:22:24.501Z,1737350544.5016,0.9998348355293274,1.3984489440917969,0
2025-01-20T05:22:25.001Z,1737350545.0016,1.0121065378189087,1.3984489440917969,0
2025-01-20T05:22:25.501Z,1737350545.5016,1.052741289138794,1.3984489440917969,0
2025-01-20T05:22:26.001Z,1737350546.0016,0.8505407571792603,1.3984489440917969,0
2025-01-20T05:22:26.501Z,1737350546.5016,1.0171294212341309,1.3984489440917969,0
2025-01-20T05:22:27.001Z,1737350547.0016,0.8557271957397461,1.3984489440917969,0
2025-01-20T05:22:27.501Z,1737350547.5016,1.0986618995666504,1.3984489440917969,0
2025-01-20T05:22:28.001Z,1737350548.0016,1.1474703550338745,1.3984489440917969,0
2025-01-20T05:22:28.501Z,1737350548.5016,0.9455646276473999,1.3984489440917969,0
2025-01-20T05:22:29.001Z,1737350549.0016,0.987707257270813,1.3984489440917969,0
2025-01-20T05:22:29.501Z,1737350549.5016,0.8757256269454956,1.3984489440917969,0
2025-01-20T05:22:30.001Z,1737350550.0016,1.0508203506469727,1.3984489440917969,0
2025-01-20T05:22:30.501Z,1737350550.5016,1.0674023628234863,1.3984489440917969,0
2025-01-20T05:22:31.001Z,1737350551.0016,0.8719848394393921,1.3984489440917969,0
2025-01-20T05:22:31.501Z,1737350551.5016,0.9336612224578857,1.3984489440917969,0
2025-01-20T05:22:32.001Z,1737350552.0016,1.0799598693847656,1.3984489440917969,0
2025-01-20T05:22:32.501Z,1737350552.5016,1.0261270999908447,1.3984489440917969,0
2025-01-20T05:22:33.001Z,1737350553.0016,0.8154035806655884,1.3984489440917969,0
2025-01-20T05:22:33.501Z,1737350553.5016,0.8876280188560486,1.3984489440917969,0
2025-01-20T05:22:34.001Z,1737350554.0016,0.9584327936172485,1.3984489440917969,0
2025-01-20T05:22:34.501Z,1737350554.5016,0.8157842755317688,1.3984489440917969,0
2025-01-20T05:22:35.001Z,1737350555.0016,1.1098533868789673,1.3984489440917969,0
2025-01-20T05:22:35.501Z,1737350555.5016,0.8864575624465942,1.3984489440917969,0
2025-01-20T05:22:36.001Z,1737350556.0016,0.9280201196670532,1.3984489440917969,0
2025-01-20T05:22:36.501Z,1737350556.5016,0.9034637212753296,1.3984489440917969,0
2025-01-20T05:22:37.001Z,1737350557.0016,0.8187301158905029,1.3984489440917969,0
2025-01-20T05:22:37.501Z,1737350557.5016,1.318866491317749,1.3984489440917969,0
2025-01-20T05:22:38.001Z,1737350558.0016,0.9466571807861328,1.3984489440917969,0
2025-01-20T05:22:38.501Z,1737350558.5016,0.9926661252975464,1.3984489440917969,0
2025-01-20T05:22:39.001Z,1737350559.0016,1.0049904584884644,1.3984489440917969,0
2025-01-20T05:22:39.501Z,1737350559.5016,1.0397272109985352,1.3984489440917969,0
2025-01-20T05:22:40.001Z,1737350560.0016,1.0734907388687134,1.3984489440917969,0
2025-01-20T05:22:40.501Z,1737350560.5016,1.274635672569275,1.3984489440917969,0
2025-01-20T05:22:41.001Z,1737350561.0016,0.8883875608444214,1.3984489440917969,0
2025-01-20T05:22:41.501Z,1737350561.5016,0.8971072435379028,1.3984489440917969,0
2025-01-20T05:22:42.001Z,1737350562.0016,1.0937275886535645,1.3984489440917969,0
2025-01-20T05:22:42.501Z,1737350562.5016,0.9130629301071167,1.3984489440917969,0
2025-01-20T05:22:43.001Z,1737350563.0016,1.034565806388855,1.3984489440917969,0
2025-01-20T05:22:43.501Z,1737350563.5016,0.8992931842803955,1.3984489440917969,0
2025-01-20T05:22:44.001Z,1737350564.0016,0.761542022228241,1.3984489440917969,0
2025-01-20T05:22:44.501Z,1737350564.5016,0.6936890482902527,1.3984489440917969,0
2025-01-20T05:22:45.001Z,1737350565.0016,0.7653806209564209,1.3984489440917969,0
2025-01-20T05:22:45.501Z,1737350565.5016,1.0431041717529297,1.3984489440917969,0
2025-01-20T05:22:46.001Z,1737350566.0016,1.1450867652893066,1.3984489440917969,0
2025-01-20T05:22:46.501Z,1737350566.5016,0.7914621829986572,1.3984489440917969,0
2025-01-20T05:22:47.001Z,1737350567.0016,1.0531787872314453,1.3984489440917969,0
2025-01-20T05:22:47.501Z,1737350567.5016,0.8067920207977295,1.3984489440917969,0
2025-01-20T05:22:48.001Z,1737350568.0016,1.003587245941162,1.3984489440917969,0
2025-01-20T05:22:48.501Z,1737350568.5016,1.0786107778549194,1.3984489440917969,0
2025-01-20T05:22:49.001Z,1737350569.0016,0.93766188621521,1.3984489440917969,0
2025-01-20T05:22:49.501Z,1737350569.5016,1.1209907531738281,1.3984489440917969,0
2025-01-20T05:22:50.001Z,1737350570.0016,1.1806243658065796,1.3984489440917969,0
2025-01-20T05:22:50.501Z,1737350570.5016,0.9428500533103943,1.3984489440917969,0
2025-01-20T05:22:51.001Z,1737350571.0016,0.8489505052566528,1.3984489440917969,0
2025-01-20T05:22:51.501Z,1737350571.5016,0.6833574771881104,1.3984489440917969,0
2025-01-20T05:22:52.001Z,1737350572.0016,0.8346823453903198,1.3984489440917969,0
2025-01-20T05:22:52.501Z,1737350572.5016,0.8106676340103149,1.3984489440917969,0
2025-01-20T05:22:53.001Z,1737350573.0016,0.8181375861167908,1.3984489440917969,0
2025-01-20T05:22:53.501Z,1737350573.5016,0.9113198518753052,1.3984489440917969,0
2025-01-20T05:22:54.001Z,1737350574.0016,1.1703914403915405,1.3984489440917969,0
2025-01-20T05:22:54.501Z,1737350574.5016,0.9470155239105225,1.3984489440917969,0
2025-01-20T05:22:55.001Z,1737350575.0016,0.8828262090682983,1.3984489440917969,0
2025-01-20T05:22:55.501Z,1737350575.5016,0.9078211784362793,1.3984489440917969,0
2025-01-20T05:22:56.001Z,1737350576.0016,1.3703689575195312,1.3984489440917969,0
2025-01-20T05:22:56.501Z,1737350576.5016,1.2771096229553223,1.3984489440917969,0
2025-01-20T05:22:57.001Z,1737350577.0016,1.1711221933364868,1.3984489440917969,0
2025-01-20T05:22:57.501Z,1737350577.5016,0.9671604633331299,1.3984489440917969,0
2025-01-20T05:22:58.001Z,1737350578.0016,1.1141507625579834,1.3984489440917969,0
2025-01-20T05:22:58.501Z,1737350578.5016,0.9815108776092529,1.3984489440917969,0
2025-01-20T05:22:59.001Z,1737350579.0016,1.2205653190612793,1.3984489440917969,0
2025-01-20T05:22:59.501Z,1737350579.5016,0.9984435439109802,1.3984489440917969,0
2025-01-20T05:23:00.001Z,1737350580.0016,1.1080119609832764,1.3984489440917969,0
2025-01-20T05:23:00.501Z,1737350580.5016,0.8737256526947021,1.3984489440917969,0
2025-01-20T05:23:01.001Z,1737350581.0016,0.8167189359664917,1.3984489440917969,0
2025-01-20T05:23:01.501Z,1737350581.5016,0.8456545472145081,1.3984489440917969,0
2025-01-20T05:23:02.001Z,1737350582.0016,1.0161924362182617,1.3984489440917969,0
2025-01-20T05:23:02.501Z,1737350582.5016,1.0235952138900757,1.3984489440917969,0
2025-01-20T05:23:03.001Z,1737350583.0016,0.9441655874252319,1.3984489440917969,0
2025-01-20T05:23:03.501Z,1737350583.5016,0.7931386828422546,1.3984489440917969,0
2025-01-20T05:23:04.001Z,1737350584.0016,0.749423623085022,1.3984489440917969,0
2025-01-20T05:23:04.501Z,1737350584.5016,0.9710226058959961,1.3984489440917969,0
2025-01-20T05:23:05.001Z,1737350585.0016,0.7912845611572266,1.3984489440917969,0
2025-01-20T05:23:05.501Z,1737350585.5016,0.765256941318512,1.3984489440917969,0
2025-01-20T05:23:06.001Z,1737350586.0016,0.8839225769042969,1.3984489440917969,0
2025-01-20T05:23:06.501Z,1737350586.5016,0.8296646475791931,1.3984489440917969,0
2025-01-20T05:23:07.001Z,1737350587.0016,0.6743149757385254,1.3984489440917969,0
2025-01-20T05:23:07.501Z,1737350587.5016,0.7908770442008972,1.3984489440917969,0
2025-01-20T05:23:08.001Z,1737350588.0016,0.6453508734703064,1.3984489440917969,0
2025-01-20T05:23:08.501Z,1737350588.5016,1.121507167816162,1.3984489440917969,0
2025-01-20T05:23:09.001Z,1737350589.0016,0.9172167778015137,1.3984489440917969,0
2025-01-20T05:23:09.501Z,1737350589.5016,0.9748830795288086,1.3984489440917969,0
2025-01-20T05:23:10.001Z,1737350590.0016,0.8192694187164307,1.3984489440917969,0
2025-01-20T05:23:10.501Z,1737350590.5016,0.8253993988037109,1.3984489440917969,0
2025-01-20T05:23:11.001Z,1737350591.0016,1.0937671661376953,1.3984489440917969,0
2025-01-20T05:23:11.501Z,1737350591.5016,0.9201134443283081,1.3984489440917969,0
2025-01-20T05:23:12.001Z,1737350592.0016,0.937507152557373,1.3984489440917969,0
2025-01-20T05:23:12.501Z,1737350592.5016,0.9593669176101685,1.3984489440917969,0
2025-01-20T05:23:13.001Z,1737350593.0016,1.0445256233215332,1.3984489440917969,0
2025-01-20T05:23:13.501Z,1737350593.5016,1.1416678428649902,1.3984489440917969,0
2025-01-20T05:23:14.001Z,1737350594.0016,1.1560829877853394,1.3984489440917969,0
2025-01-20T05:23:14.501Z,1737350594.5016,1.0005130767822266,1.3984489440917969,0
2025-01-20T05:23:15.001Z,1737350595.0016,1.1435847282409668,1.3984489440917969,0
2025-01-20T05:23:15.501Z,1737350595.5016,0.9989132881164551,1.3984489440917969,0
2025-01-20T05:23:16.001Z,1737350596.0016,0.7329686284065247,1.3984489440917969,0
2025-01-20T05:23:16.501Z,1737350596.5016,0.7560321092605591,1.3984489440917969,0
2025-01-20T05:23:17.001Z,1737350597.0016,0.8316174745559692,1.3984489440917969,0
2025-01-20T05:23:17.501Z,1737350597.5016,1.2314660549163818,1.3984489440917969,0
2025-01-20T05:23:18.001Z,1737350598.0016,0.9871223568916321,1.3984489440917969,0
2025-01-20T05:23:18.501Z,1737350598.5016,0.9875288605690002,1.3984489440917969,0
2025-01-20T05:23:19.001Z,1737350599.0016,0.8880388736724854,1.3984489440917969,0
2025-01-20T05:23:19.501Z,1737350599.5016,0.9293521642684937,1.3984489440917969,0
2025-01-20T05:23:20.001Z,1737350600.0016,0.9501120448112488,1.3984489440917969,0
2025-01-20T05:23:20.501Z,1737350600.5016,0.6732232570648193,1.3984489440917969,0
2025-01-20T05:23:21.001Z,1737350601.0016,0.8224023580551147,1.3984489440917969,0
2025-01-20T05:23:21.501Z,1737350601.5016,0.7755627632141113,1.3984489440917969,0
2025-01-20T05:23:22.001Z,1737350602.0016,1.0185294151306152,1.3984489440917969,0
2025-01-20T05:23:22.501Z,1737350602.5016,0.9277112483978271,1.3984489440917969,0
2025-01-20T05:23:23.001Z,1737350603.0016,0.8737305402755737,1.3984489440917969,0
2025-01-20T05:23:23.501Z,1737350603.5016,0.9159640669822693,1.3984489440917969,0
2025-01-20T05:23:24.001Z,1737350604.0016,1.0467803478240967,1.3984489440917969,0
2025-01-20T05:23:24.501Z,1737350604.5016,1.0208802223205566,1.3984489440917969,0
2025-01-20T05:23:25.001Z,1737350605.0016,0.802275538444519,1.3984489440917969,0
2025-01-20T05:23:25.501Z,1737350605.5016,1.1060161590576172,1.3984489440917969,0
2025-01-20T05:23:26.001Z,1737350606.0016,0.9730383157730103,1.3984489440917969,0
2025-01-20T05:23:26.501Z,1737350606.5016,0.7590052485466003,1.3984489440917969,0
2025-01-20T05:23:27.001Z,1737350607.0016,0.8422500491142273,1.3984489440917969,0
2025-01-20T05:23:27.501Z,1737350607.5016,0.9285101890563965,1.3984489440917969,0
2025-01-20T05:23:28.001Z,1737350608.0016,1.0777664184570312,1.3984489440917969,0
2025-01-20T05:23:28.501Z,1737350608.5016,1.0062737464904785,1.3984489440917969,0
2025-01-20T05:23:29.001Z,1737350609.0016,0.7938756942749023,1.3984489440917969,0
2025-01-20T05:23:29.501Z,1737350609.5016,1.099653720855713,1.3984489440917969,0
2025-01-20T05:23:30.001Z,1737350610.0016,1.1850024461746216,1.3984489440917969,0
2025-01-20T05:23:30.501Z,1737350610.5016,1.181113839149475,1.3984489440917969,0
2025-01-20T05:23:31.001Z,1737350611.0016,0.9025875926017761,1.3984489440917969,0
2025-01-20T05:23:31.501Z,1737350611.5016,0.8332056999206543,1.3984489440917969,0
2025-01-20T05:23:32.001Z,1737350612.0016,0.8767202496528625,1.3984489440917969,0
2025-01-20T05:23:32.501Z,1737350612.5016,0.8032637238502502,1.3984489440917969,0
2025-01-20T05:23:33.001Z,1737350613.0016,0.7165405750274658,1.3984489440917969,0
2025-01-20T05:23:33.501Z,1737350613.5016,0.7541211843490601,1.3984489440917969,0
2025-01-20T05:23:34.001Z,1737350614.0016,1.1176629066467285,1.3984489440917969,0
2025-01-20T05:23:34.501Z,1737350614.5016,0.9459030628204346,1.3984489440917969,0
2025-01-20T05:23:35.001Z,1737350615.0016,0.9927206039428711,1.3984489440917969,0
2025-01-20T05:23:35.501Z,1737350615.5016,0.8407043218612671,1.3984489440917969,0
2025-01-20T05:23:36.001Z,1737350616.0016,0.9086260199546814,1.3984489440917969,0
2025-01-20T05:23:36.501Z,1737350616.5016,0.8807710409164429,1.3984489440917969,0
2025-01-20T05:23:37.001Z,1737350617.0016,0.9088487029075623,1.3984489440917969,0
2025-01-20T05:23:37.501Z,1737350617.5016,0.8150054216384888,1.3984489440917969,0
2025-01-20T05:23:38.001Z,1737350618.0016,1.3169560432434082,1.3984489440917969,0
2025-01-20T05:23:38.501Z,1737350618.5016,0.9657280445098877,1.3984489440917969,0
2025-01-20T05:23:39.001Z,1737350619.0016,1.1797306537628174,1.3984489440917969,0
2025-01-20T05:23:39.501Z,1737350619.5016,1.0100945234298706,1.3984489440917969,0
2025-01-20T05:23:40.001Z,1737350620.0016,1.0842385292053223,1.3984489440917969,0
2025-01-20T05:23:40.501Z,1737350620.5016,1.0084741115570068,1.3984489440917969,0
2025-01-20T05:23:41.001Z,1737350621.0016,1.100838303565979,1.3984489440917969,0
2025-01-20T05:23:41.501Z,1737350621.5016,1.2034873962402344,1.3984489440917969,0
2025-01-20T05:23:42.001Z,1737350622.0016,1.246941089630127,1.3984489440917969,0
2025-01-20T05:23:42.501Z,1737350622.5016,0.9747093915939331,1.3984489440917969,0
2025-01-20T05:23:43.001Z,1737350623.0016,0.796790361404419,1.3984489440917969,0
2025-01-20T05:23:43.501Z,1737350623.5016,0.9944734573364258,1.3984489440917969,0
2025-01-20T05:23:44.001Z,1737350624.0016,0.9728085994720459,1.3984489440917969,0
2025-01-20T05:23:44.501Z,1737350624.5016,0.8464375138282776,1.3984489440917969,0
2025-01-20T05:23:45.001Z,1737350625.0016,1.0025945901870728,1.3984489440917969,0
2025-01-20T05:23:45.501Z,1737350625.5016,0.9228212833404541,1.3984489440917969,0
2025-01-20T05:23:46.001Z,1737350626.0016,0.8125649690628052,1.3984489440917969,0
2025-01-20T05:23:46.501Z,1737350626.5016,0.8857942819595337,1.3984489440917969,0
2025-01-20T05:23:47.001Z,1737350627.0016,0.937228798866272,1.3984489440917969,0
2025-01-20T05:23:47.501Z,1737350627.5016,0.8173658847808838,1.3984489440917969,0
2025-01-20T05:23:48.001Z,1737350628.0016,0.8316671848297119,1.3984489440917969,0
2025-01-20T05:23:48.501Z,1737350628.5016,0.8970884084701538,1.3984489440917969,0
2025-01-20T05:23:49.001Z,1737350629.0016,1.2791045904159546,1.3984489440917969,0
2025-01-20T05:23:49.501Z,1737350629.5016,0.8435091972351074,1.3984489440917969,0
2025-01-20T05:23:50.001Z,1737350630.0016,0.9838098287582397,1.3984489440917969,0
2025-01-20T05:23:50.501Z,1737350630.5016,1.0559089183807373,1.3984489440917969,0
2025-01-20T05:23:51.001Z,1737350631.0016,1.0842204093933105,1.3984489440917969,0
2025-01-20T05:23:51.501Z,1737350631.5016,0.9630306959152222,1.3984489440917969,0
2025-01-20T05:23:52.001Z,1737350632.0016,1.2807769775390625,1.3984489440917969,0
2025-01-20T05:23:52.501Z,1737350632.5016,0.8668184876441956,1.3984489440917969,0
2025-01-20T05:23:53.001Z,1737350633.0016,0.9276065826416016,1.3984489440917969,0
2025-01-20T05:23:53.501Z,1737350633.5016,0.9152065515518188,1.3984489440917969,0
2025-01-20T05:23:54.001Z,1737350634.0016,1.099090814590454,1.3984489440917969,0
2025-01-20T05:23:54.501Z,1737350634.5016,0.8274179697036743,1.3984489440917969,0
2025-01-20T05:23:55.001Z,1737350635.0016,0.9522885680198669,1.3984489440917969,0
2025-01-20T05:23:55.501Z,1737350635.5016,0.9993861317634583,1.3984489440917969,0
2025-01-20T05:23:56.001Z,1737350636.0016,1.063575267791748,1.3984489440917969,0
2025-01-20T05:23:56.501Z,1737350636.5016,0.8205021619796753,1.3984489440917969,0
2025-01-20T05:23:57.001Z,1737350637.0016,0.7853100299835205,1.3984489440917969,0
2025-01-20T05:23:57.501Z,1737350637.5016,0.9508132338523865,1.3984489440917969,0
2025-01-20T05:23:58.001Z,1737350638.0016,0.7711318135261536,1.3984489440917969,0
2025-01-20T05:23:58.501Z,1737350638.5016,0.969935417175293,1.3984489440917969,0
2025-01-20T05:23:59.001Z,1737350639.0016,0.9048387408256531,1.3984489440917969,0
2025-01-20T05:23:59.501Z,1737350639.5016,0.9075174331665039,1.3984489440917969,0
2025-01-20T05:24:00.001Z,1737350640.0016,1.0366801023483276,1.3984489440917969,0
2025-01-20T05:24:00.501Z,1737350640.5016,1.0182784795761108,1.3984489440917969,0
2025-01-20T05:24:01.001Z,1737350641.0016,0.9526730179786682,1.3984489440917969,0
2025-01-20T05:24:01.501Z,1737350641.5016,0.9997153282165527,1.3984489440917969,0
2025-01-20T05:24:02.001Z,1737350642.0016,1.0404140949249268,1.3984489440917969,0
2025-01-20T05:24:02.501Z,1737350642.5016,0.9511299729347229,1.3984489440917969,0
2025-01-20T05:24:03.001Z,1737350643.0016,1.2958920001983643,1.3984489440917969,0
2025-01-20T05:24:03.501Z,1737350643.5016,1.0829858779907227,1.3984489440917969,0
2025-01-20T05:24:04.001Z,1737350644.0016,0.714154064655304,1.3984489440917969,0
2025-01-20T05:24:04.501Z,1737350644.5016,0.7842864990234375,1.3984489440917969,0
2025-01-20T05:24:05.001Z,1737350645.0016,0.8093223571777344,1.3984489440917969,0
2025-01-20T05:24:05.501Z,1737350645.5016,0.8252385258674622,1.3984489440917969,0
2025-01-20T05:24:06.001Z,1737350646.0016,1.122101068496704,1.3984489440917969,0
2025-01-20T05:24:06.501Z,1737350646.5016,1.1312992572784424,1.3984489440917969,0
2025-01-20T05:24:07.001Z,1737350647.0016,0.8833016157150269,1.3984489440917969,0
2025-01-20T05:24:07.501Z,1737350647.5016,0.885351300239563,1.3984489440917969,0
2025-01-20T05:24:08.001Z,1737350648.0016,0.7768933176994324,1.3984489440917969,0
2025-01-20T05:24:08.501Z,1737350648.5016,0.8281629681587219,1.3984489440917969,0
2025-01-20T05:24:09.001Z,1737350649.0016,0.7936092615127563,1.3984489440917969,0
2025-01-20T05:24:09.501Z,1737350649.5016,0.9013137817382812,1.3984489440917969,0
2025-01-20T05:24:10.001Z,1737350650.0016,1.0430433750152588,1.3984489440917969,0
2025-01-20T05:24:10.501Z,1737350650.5016,1.331423044204712,1.3984489440917969,0
2025-01-20T05:24:11.001Z,1737350651.0016,0.9675824046134949,1.3984489440917969,0
2025-01-20T05:24:11.501Z,1737350651.5016,0.7665566205978394,1.3984489440917969,0
2025-01-20T05:24:12.001Z,1737350652.0016,1.0303062200546265,1.3984489440917969,0
2025-01-20T05:24:12.501Z,1737350652.5016,0.9398016333580017,1.3984489440917969,0
2025-01-20T05:24:13.001Z,1737350653.0016,0.9154391884803772,1.3984489440917969,0
2025-01-20T05:24:13.501Z,1737350653.5016,0.8585867285728455,1.3984489440917969,0
2025-01-20T05:24:14.001Z,1737350654.0016,0.8169842958450317,1.3984489440917969,0
2025-01-20T05:24:14.501Z,1737350654.5016,0.8925901651382446,1.3984489440917969,0
2025-01-20T05:24:15.001Z,1737350655.0016,0.8874768018722534,1.3984489440917969,0
2025-01-20T05:24:15.501Z,1737350655.5016,0.9186981916427612,1.3984489440917969,0
2025-01-20T05:24:16.001Z,1737350656.0016,0.9246820211410522,1.3984489440917969,0
2025-01-20T05:24:16.501Z,1737350656.5016,0.904144823551178,1.3984489440917969,0
2025-01-20T05:24:17.001Z,1737350657.0016,0.78737473487854,1.3984489440917969,0
2025-01-20T05:24:17.501Z,1737350657.5016,0.8420882225036621,1.3984489440917969,0
2025-01-20T05:24:18.001Z,1737350658.0016,0.983397901058197,1.3984489440917969,0
2025-01-20T05:24:18.501Z,1737350658.5016,0.9853569269180298,1.3984489440917969,0
2025-01-20T05:24:19.001Z,1737350659.0016,1.1341421604156494,1.3984489440917969,0
2025-01-20T05:24:19.501Z,1737350659.5016,0.8239068984985352,1.3984489440917969,0
2025-01-20T05:24:20.001Z,1737350660.0016,1.1592812538146973,1.3984489440917969,0
2025-01-20T05:24:20.501Z,1737350660.5016,1.030707597732544,1.3984489440917969,0
2025-01-20T05:24:21.001Z,1737350661.0016,1.5176990032196045,1.3984489440917969,0
2025-01-20T05:24:21.501Z,1737350661.5016,0.9165438413619995,1.3984489440917969,0
2025-01-20T05:24:22.001Z,1737350662.0016,0.753470778465271,1.3984489440917969,0
2025-01-20T05:24:22.501Z,1737350662.5016,0.954338788986206,1.3984489440917969,0
2025-01-20T05:24:23.001Z,1737350663.0016,1.137408971786499,1.3984489440917969,0
2025-01-20T05:24:23.501Z,1737350663.5016,1.091240644454956,1.3984489440917969,0
2025-01-20T05:24:24.001Z,1737350664.0016,0.9434226155281067,1.3984489440917969,0
2025-01-20T05:24:24.501Z,1737350664.5016,1.0189690589904785,1.3984489440917969,0
2025-01-20T05:24:25.001Z,1737350665.0016,0.8599159717559814,1.3984489440917969,0
2025-01-20T05:24:25.501Z,1737350665.5016,0.9964664578437805,1.3984489440917969,0
2025-01-20T05:24:26.001Z,1737350666.0016,0.9471105337142944,1.3984489440917969,0
2025-01-20T05:24:26.501Z,1737350666.5016,0.8655438423156738,1.3984489440917969,0
2025-01-20T05:24:27.001Z,1737350667.0016,0.7995599508285522,1.3984489440917969,0
2025-01-20T05:24:27.501Z,1737350667.5016,0.9076143503189087,1.3984489440917969,0
2025-01-20T05:24:28.001Z,1737350668.0016,0.7143625617027283,1.3984489440917969,0
2025-01-20T05:24:28.501Z,1737350668.5016,0.8072447776794434,1.3984489440917969,0
2025-01-20T05:24:29.001Z,1737350669.0016,1.0292106866836548,1.3984489440917969,0
2025-01-20T05:24:29.501Z,1737350669.5016,0.9558746814727783,1.3984489440917969,0
2025-01-20T05:24:30.001Z,1737350670.0016,0.9122872352600098,1.3984489440917969,0
2025-01-20T05:24:30.501Z,1737350670.5016,1.3466161489486694,1.3984489440917969,0
2025-01-20T05:24:31.001Z,1737350671.0016,4.4272661209106445,1.3984489440917969,10
2025-01-20T05:24:31.501Z,1737350671.5016,2.2549521923065186,1.3984489440917969,7
2025-01-20T05:24:32.001Z,1737350672.0016,3.192354202270508,1.3984489440917969,10
2025-01-20T05:24:32.501Z,1737350672.5016,2.043227195739746,1.3984489440917969,4
2025-01-20T05:24:33.001Z,1737350673.0016,1.6044516563415527,1.3984489440917969,1
2025-01-20T05:24:33.501Z,1737350673.5016,1.4077873229980469,1.3984489440917969,0
2025-01-20T05:24:34.001Z,1737350674.0016,0.9252630472183228,1.3984489440917969,0
2025-01-20T05:24:34.501Z,1737350674.5016,0.8918925523757935,1.3984489440917969,0
2025-01-20T05:24:35.001Z,1737350675.0016,0.8102027773857117,1.3984489440917969,0
2025-01-20T05:24:35.501Z,1737350675.5016,0.6127461791038513,1.3984489440917969,0
2025-01-20T05:24:36.001Z,1737350676.0016,0.5393756628036499,1.3984489440917969,0
2025-01-20T05:24:36.501Z,1737350676.5016,0.41733354330062866,1.3984489440917969,0
2025-01-20T05:24:37.001Z,1737350677.0016,0.29515978693962097,1.3984489440917969,0
2025-01-20T05:24:37.501Z,1737350677.5016,0.307611346244812,1.3984489440917969,0
2025-01-20T05:24:38.001Z,1737350678.0016,0.2943246066570282,1.3984489440917969,0
2025-01-20T05:24:38.501Z,1737350678.5016,0.24204891920089722,1.3984489440917969,0
2025-01-20T05:24:39.001Z,1737350679.0016,0.18729877471923828,1.3984489440917969,0
2025-01-20T05:24:39.501Z,1737350679.5016,0.20331180095672607,1.3984489440917969,0
2025-01-20T05:24:40.001Z,1737350680.0016,0.2743244171142578,1.3984489440917969,0
2025-01-20T05:24:40.501Z,1737350680.5016,0.21310946345329285,1.3984489440917969,0
2025-01-20T05:24:41.001Z,1737350681.0016,0.18354055285453796,1.3984489440917969,0
2025-01-20T05:24:41.501Z,1737350681.5016,0.14364391565322876,1.3984489440917969,0
2025-01-20T05:24:42.001Z,1737350682.0016,0.21743619441986084,1.3984489440917969,0
2025-01-20T05:24:42.501Z,1737350682.5016,0.27823513746261597,1.3984489440917969,0
2025-01-20T05:24:43.001Z,1737350683.0016,0.30149394273757935,1.3984489440917969,0
2025-01-20T05:24:43.501Z,1737350683.5016,0.33903011679649353,1.3984489440917969,0
2025-01-20T05:24:44.001Z,1737350684.0016,0.36353400349617004,1.3984489440917969,0
2025-01-20T05:24:44.501Z,1737350684.5016,0.35768982768058777,1.3984489440917969,0
2025-01-20T05:24:45.001Z,1737350685.0016,0.40643760561943054,1.3984489440917969,0
2025-01-20T05:24:45.501Z,1737350685.5016,0.43694669008255005,1.3984489440917969,0
2025-01-20T05:24:46.001Z,1737350686.0016,0.5163756608963013,1.3984489440917969,0
2025-01-20T05:24:46.501Z,1737350686.5016,0.7206382751464844,1.3984489440917969,0
2025-01-20T05:24:47.001Z,1737350687.0016,0.7385319471359253,1.3984489440917969,0
2025-01-20T05:24:47.501Z,1737350687.5016,0.5928164720535278,1.3984489440917969,0
2025-01-20T05:24:48.001Z,1737350688.0016,0.6428629159927368,1.3984489440917969,0
2025-01-20T05:24:48.501Z,1737350688.5016,0.6955077648162842,1.3984489440917969,0
2025-01-20T05:24:49.001Z,1737350689.0016,0.6308920383453369,1.3984489440917969,0
2025-01-20T05:24:49.501Z,1737350689.5016,0.7154804468154907,1.3984489440917969,0
2025-01-20T05:24:50.001Z,1737350690.0016,0.7622860670089722,1.3984489440917969,0
2025-01-20T05:24:50.501Z,1737350690.5016,0.762656569480896,1.3984489440917969,0
2025-01-20T05:24:51.001Z,1737350691.0016,0.9459325671195984,1.3984489440917969,0
2025-01-20T05:24:51.501Z,1737350691.5016,0.6867092251777649,1.3984489440917969,0
2025-01-20T05:24:52.001Z,1737350692.0016,0.8481394052505493,1.3984489440917969,0
2025-01-20T05:24:52.501Z,1737350692.5016,0.6539403796195984,1.3984489440917969,0
2025-01-20T05:24:53.001Z,1737350693.0016,0.6991349458694458,1.3984489440917969,0
2025-01-20T05:24:53.501Z,1737350693.5016,0.8162025809288025,1.3984489440917969,0
2025-01-20T05:24:54.001Z,1737350694.0016,0.725979208946228,1.3984489440917969,0
2025-01-20T05:24:54.501Z,1737350694.5016,0.8797679543495178,1.3984489440917969,0
2025-01-20T05:24:55.001Z,1737350695.0016,0.7567669153213501,1.3984489440917969,0
2025-01-20T05:24:55.501Z,1737350695.5016,1.0168770551681519,1.3984489440917969,0
2025-01-20T05:24:56.001Z,1737350696.0016,0.711938202381134,1.3984489440917969,0
2025-01-20T05:24:56.501Z,1737350696.5016,0.6699854135513306,1.3984489440917969,0
2025-01-20T05:24:57.001Z,1737350697.0016,0.716694712638855,1.3984489440917969,0
2025-01-20T05:24:57.501Z,1737350697.5016,0.7603374123573303,1.3984489440917969,0
2025-01-20T05:24:58.001Z,1737350698.0016,0.8288309574127197,1.3984489440917969,0
2025-01-20T05:24:58.501Z,1737350698.5016,0.921560525894165,1.3984489440917969,0
2025-01-20T05:24:59.001Z,1737350699.0016,0.7808136940002441,1.3984489440917969,0
2025-01-20T05:24:59.501Z,1737350699.5016,0.7994807362556458,1.3984489440917969,0
2025-01-20T05:25:00.001Z,1737350700.0016,0.9720594882965088,1.3984489440917969,0
2025-01-20T05:25:00.501Z,1737350700.5016,0.9961673617362976,1.3984489440917969,0
2025-01-20T05:25:01.001Z,1737350701.0016,0.8118617534637451,1.3984489440917969,0
2025-01-20T05:25:01.501Z,1737350701.5016,0.9246547818183899,1.3984489440917969,0
2025-01-20T05:25:02.001Z,1737350702.0016,1.355763554573059,1.3984489440917969,0
2025-01-20T05:25:02.501Z,1737350702.5016,0.8885889053344727,1.3984489440917969,0
2025-01-20T05:25:03.001Z,1737350703.0016,0.970505952835083,1.3984489440917969,0
2025-01-20T05:25:03.501Z,1737350703.5016,0.7325839400291443,1.3984489440917969,0
2025-01-20T05:25:04.001Z,1737350704.0016,0.9675033092498779,1.3984489440917969,0
2025-01-20T05:25:04.501Z,1737350704.5016,0.9883875250816345,1.3984489440917969,0
2025-01-20T05:25:05.001Z,1737350705.0016,0.9034572839736938,1.3984489440917969,0
2025-01-20T05:25:05.501Z,1737350705.5016,0.8017323017120361,1.3984489440917969,0
2025-01-20T05:25:06.001Z,1737350706.0016,0.7609825134277344,1.3984489440917969,0
2025-01-20T05:25:06.501Z,1737350706.5016,0.9966545104980469,1.3984489440917969,0
2025-01-20T05:25:07.001Z,1737350707.0016,0.8626663684844971,1.3984489440917969,0
2025-01-20T05:25:07.501Z,1737350707.5016,0.8604311347007751,1.3984489440917969,0
2025-01-20T05:25:08.001Z,1737350708.0016,0.9309738874435425,1.3984489440917969,0
2025-01-20T05:25:08.501Z,1737350708.5016,1.043532133102417,1.3984489440917969,0
2025-01-20T05:25:09.001Z,1737350709.0016,1.224145770072937,1.3984489440917969,0
2025-01-20T05:25:09.501Z,1737350709.5016,1.0045068264007568,1.3984489440917969,0
2025-01-20T05:25:10.001Z,1737350710.0016,0.844965398311615,1.3984489440917969,0
2025-01-20T05:25:10.501Z,1737350710.5016,0.8986688852310181,1.3984489440917969,0
2025-01-20T05:25:11.001Z,1737350711.0016,0.9488150477409363,1.3984489440917969,0
2025-01-20T05:25:11.501Z,1737350711.5016,0.8958926200866699,1.3984489440917969,0
2025-01-20T05:25:12.001Z,1737350712.0016,1.096779227256775,1.3984489440917969,0
2025-01-20T05:25:12.501Z,1737350712.5016,0.87257319688797,1.3984489440917969,0
2025-01-20T05:25:13.001Z,1737350713.0016,0.9775676727294922,1.3984489440917969,0
2025-01-20T05:25:13.501Z,1737350713.5016,0.8886517286300659,1.3984489440917969,0
2025-01-20T05:25:14.001Z,1737350714.0016,0.9119839072227478,1.3984489440917969,0
2025-01-20T05:25:14.501Z,1737350714.5016,1.1637595891952515,1.3984489440917969,0
2025-01-20T05:25:15.001Z,1737350715.0016,0.9666489362716675,1.3984489440917969,0
2025-01-20T05:25:15.501Z,1737350715.5016,1.1052855253219604,1.3984489440917969,0
2025-01-20T05:25:16.001Z,1737350716.0016,1.005236268043518,1.3984489440917969,0
2025-01-20T05:25:16.501Z,1737350716.5016,1.0131577253341675,1.3984489440917969,0
2025-01-20T05:25:17.001Z,1737350717.0016,1.1121838092803955,1.3984489440917969,0
2025-01-20T05:25:17.501Z,1737350717.5016,0.9194059371948242,1.3984489440917969,0
2025-01-20T05:25:18.001Z,1737350718.0016,0.8286800384521484,1.3984489440917969,0
2025-01-20T05:25:18.501Z,1737350718.5016,0.8192775249481201,1.3984489440917969,0
2025-01-20T05:25:19.001Z,1737350719.0016,1.0466668605804443,1.3984489440917969,0
2025-01-20T05:25:19.501Z,1737350719.5016,0.9470899105072021,1.3984489440917969,0
2025-01-20T05:25:20.001Z,1737350720.0016,0.7338298559188843,1.3984489440917969,0
2025-01-20T05:25:20.501Z,1737350720.5016,1.0336863994598389,1.3984489440917969,0
2025-01-20T05:25:21.001Z,1737350721.0016,0.8929264545440674,1.3984489440917969,0
2025-01-20T05:25:21.501Z,1737350721.5016,0.8675110340118408,1.3984489440917969,0
2025-01-20T05:25:22.001Z,1737350722.0016,0.964331865310669,1.3984489440917969,0
2025-01-20T05:25:22.501Z,1737350722.5016,0.8203896284103394,1.3984489440917969,0
2025-01-20T05:25:23.001Z,1737350723.0016,0.6994378566741943,1.3984489440917969,0
2025-01-20T05:25:23.501Z,1737350723.5016,0.953595757484436,1.3984489440917969,0
2025-01-20T05:25:24.001Z,1737350724.0016,0.9913027286529541,1.3984489440917969,0
2025-01-20T05:25:24.501Z,1737350724.5016,0.7734320163726807,1.3984489440917969,0
2025-01-20T05:25:25.001Z,1737350725.0016,0.7396248579025269,1.3984489440917969,0
2025-01-20T05:25:25.501Z,1737350725.5016,0.9598502516746521,1.3984489440917969,0
2025-01-20T05:25:26.001Z,1737350726.0016,0.8421852588653564,1.3984489440917969,0
2025-01-20T05:25:26.501Z,1737350726.5016,1.1649346351623535,1.3984489440917969,0
2025-01-20T05:25:27.001Z,1737350727.0016,1.1452800035476685,1.3984489440917969,0
2025-01-20T05:25:27.501Z,1737350727.5016,0.9115439057350159,1.3984489440917969,0
2025-01-20T05:25:28.001Z,1737350728.0016,1.084132432937622,1.3984489440917969,0
2025-01-20T05:25:28.501Z,1737350728.5016,0.8537023067474365,1.3984489440917969,0
2025-01-20T05:25:29.001Z,1737350729.0016,1.0864280462265015,1.3984489440917969,0
2025-01-20T05:25:29.501Z,1737350729.5016,0.8153386116027832,1.3984489440917969,0
2025-01-20T05:25:30.001Z,1737350730.0016,0.7680818438529968,1.3984489440917969,0
2025-01-20T05:25:30.501Z,1737350730.5016,1.0896483659744263,1.3984489440917969,0
2025-01-20T05:25:31.001Z,1737350731.0016,0.8996965885162354,1.3984489440917969,0
2025-01-20T05:25:31.501Z,1737350731.5016,0.9971370100975037,1.3984489440917969,0
2025-01-20T05:25:32.001Z,1737350732.0016,0.9424580335617065,1.3984489440917969,0
2025-01-20T05:25:32.501Z,1737350732.5016,1.041460633277893,1.3984489440917969,0
2025-01-20T05:25:33.001Z,1737350733.0016,0.8495512008666992,1.3984489440917969,0
2025-01-20T05:25:33.501Z,1737350733.5016,0.9926022887229919,1.3984489440917969,0
2025-01-20T05:25:34.001Z,1737350734.0016,0.8615999221801758,1.3984489440917969,0
2025-01-20T05:25:34.501Z,1737350734.5016,0.7926698327064514,1.3984489440917969,0
2025-01-20T05:25:35.001Z,1737350735.0016,0.7922092080116272,1.3984489440917969,0
2025-01-20T05:25:35.501Z,1737350735.5016,0.8366319537162781,1.3984489440917969,0
2025-01-20T05:25:36.001Z,1737350736.0016,0.9952752590179443,1.3984489440917969,0
2025-01-20T05:25:36.501Z,1737350736.5016,1.3108724355697632,1.3984489440917969,0
2025-01-20T05:25:37.001Z,1737350737.0016,0.971700131893158,1.3984489440917969,0
2025-01-20T05:25:37.501Z,1737350737.5016,1.0219426155090332,1.3984489440917969,0
2025-01-20T05:25:38.001Z,1737350738.0016,1.217067003250122,1.3984489440917969,0
2025-01-20T05:25:38.501Z,1737350738.5016,1.1535961627960205,1.3984489440917969,0
2025-01-20T05:25:39.001Z,1737350739.0016,0.8550577163696289,1.3984489440917969,0
2025-01-20T05:25:39.501Z,1737350739.5016,0.9467140436172485,1.3984489440917969,0
2025-01-20T05:25:40.001Z,1737350740.0016,1.131781816482544,1.3984489440917969,0
2025-01-20T05:25:40.501Z,1737350740.5016,0.8953614234924316,1.3984489440917969,0
2025-01-20T05:25:41.001Z,1737350741.0016,0.8887051343917847,1.3984489440917969,0
2025-01-20T05:25:41.501Z,1737350741.5016,0.7256079316139221,1.3984489440917969,0
2025-01-20T05:25:42.001Z,1737350742.0016,1.0152196884155273,1.3984489440917969,0
2025-01-20T05:25:42.501Z,1737350742.5016,1.0978596210479736,1.3984489440917969,0
2025-01-20T05:25:43.001Z,1737350743.0016,1.0333913564682007,1.3984489440917969,0
2025-01-20T05:25:43.501Z,1737350743.5016,0.9913376569747925,1.3984489440917969,0
2025-01-20T05:25:44.001Z,1737350744.0016,0.8367472887039185,1.3984489440917969,0
2025-01-20T05:25:44.501Z,1737350744.5016,1.1258456707000732,1.3984489440917969,0
2025-01-20T05:25:45.001Z,1737350745.0016,1.0311689376831055,1.3984489440917969,0
2025-01-20T05:25:45.501Z,1737350745.5016,0.8037809133529663,1.3984489440917969,0
2025-01-20T05:25:46.001Z,1737350746.0016,0.7563253045082092,1.3984489440917969,0
2025-01-20T05:25:46.501Z,1737350746.5016,1.1668884754180908,1.3984489440917969,0
2025-01-20T05:25:47.001Z,1737350747.0016,0.7923096418380737,1.3984489440917969,0
2025-01-20T05:25:47.501Z,1737350747.5016,1.029604196548462,1.3984489440917969,0
2025-01-20T05:25:48.001Z,1737350748.0016,1.0291694402694702,1.3984489440917969,0
2025-01-20T05:25:48.501Z,1737350748.5016,0.8169711232185364,1.3984489440917969,0
2025-01-20T05:25:49.001Z,1737350749.0016,0.9057654142379761,1.3984489440917969,0
2025-01-20T05:25:49.501Z,1737350749.5016,1.1907367706298828,1.3984489440917969,0
2025-01-20T05:25:50.001Z,1737350750.0016,1.1926658153533936,1.3984489440917969,0
2025-01-20T05:25:50.501Z,1737350750.5016,0.9501017332077026,1.3984489440917969,0
2025-01-20T05:25:51.001Z,1737350751.0016,0.8901340961456299,1.3984489440917969,0
2025-01-20T05:25:51.501Z,1737350751.5016,1.0132334232330322,1.3984489440917969,0
2025-01-20T05:25:52.001Z,1737350752.0016,0.959831953048706,1.3984489440917969,0
2025-01-20T05:25:52.501Z,1737350752.5016,1.2794578075408936,1.3984489440917969,0
2025-01-20T05:25:53.001Z,1737350753.0016,0.7507815361022949,1.3984489440917969,0
2025-01-20T05:25:53.501Z,1737350753.5016,0.7678515315055847,1.3984489440917969,0
2025-01-20T05:25:54.001Z,1737350754.0016,0.9882034659385681,1.3984489440917969,0
2025-01-20T05:25:54.501Z,1737350754.5016,0.9856181144714355,1.3984489440917969,0
2025-01-20T05:25:55.001Z,1737350755.0016,0.9549975395202637,1.3984489440917969,0
2025-01-20T05:25:55.501Z,1737350755.5016,0.7419765591621399,1.3984489440917969,0
2025-01-20T05:25:56.001Z,1737350756.0016,1.10480535030365,1.3984489440917969,0
2025-01-20T05:25:56.501Z,1737350756.5016,0.9932633638381958,1.3984489440917969,0
2025-01-20T05:25:57.001Z,1737350757.0016,0.6777133941650391,1.3984489440917969,0
2025-01-20T05:25:57.501Z,1737350757.5016,0.8219841122627258,1.3984489440917969,0
2025-01-20T05:25:58.001Z,1737350758.0016,0.7547117471694946,1.3984489440917969,0
2025-01-20T05:25:58.501Z,1737350758.5016,0.9141465425491333,1.3984489440917969,0
2025-01-20T05:25:59.001Z,1737350759.0016,1.2003417015075684,1.3984489440917969,0
2025-01-20T05:25:59.501Z,1737350759.5016,1.1829111576080322,1.3984489440917969,0
2025-01-20T05:26:00.001Z,1737350760.0016,1.0084413290023804,1.3984489440917969,0
2025-01-20T05:26:00.501Z,1737350760.5016,0.8387531042098999,1.3984489440917969,0
2025-01-20T05:26:01.001Z,1737350761.0016,0.6494970917701721,1.3984489440917969,0
2025-01-20T05:26:01.501Z,1737350761.5016,1.0406651496887207,1.3984489440917969,0
2025-01-20T05:26:02.001Z,1737350762.0016,1.0341628789901733,1.3984489440917969,0
2025-01-20T05:26:02.501Z,1737350762.5016,0.9948325157165527,1.3984489440917969,0
2025-01-20T05:26:03.001Z,1737350763.0016,1.0956807136535645,1.3984489440917969,0
2025-01-20T05:26:03.501Z,1737350763.5016,0.8032100200653076,1.3984489440917969,0
2025-01-20T05:26:04.001Z,1737350764.0016,0.7275558710098267,1.3984489440917969,0
2025-01-20T05:26:04.501Z,1737350764.5016,0.8106396198272705,1.3984489440917969,0
2025-01-20T05:26:05.001Z,1737350765.0016,1.0602312088012695,1.3984489440917969,0
2025-01-20T05:26:05.501Z,1737350765.5016,1.1335804462432861,1.3984489440917969,0
2025-01-20T05:26:06.001Z,1737350766.0016,0.9802650213241577,1.3984489440917969,0
2025-01-20T05:26:06.501Z,1737350766.5016,1.1342687606811523,1.3984489440917969,0
2025-01-20T05:26:07.001Z,1737350767.0016,0.9096038341522217,1.3984489440917969,0
2025-01-20T05:26:07.501Z,1737350767.5016,1.0772193670272827,1.3984489440917969,0
2025-01-20T05:26:08.001Z,1737350768.0016,0.8655725121498108,1.3984489440917969,0
2025-01-20T05:26:08.501Z,1737350768.5016,1.2361125946044922,1.3984489440917969,0
2025-01-20T05:26:09.001Z,1737350769.0016,0.8042631149291992,1.3984489440917969,0
2025-01-20T05:26:09.501Z,1737350769.5016,0.661148190498352,1.3984489440917969,0
2025-01-20T05:26:10.001Z,1737350770.0016,1.118718147277832,1.3984489440917969,0
2025-01-20T05:26:10.501Z,1737350770.5016,1.0961347818374634,1.3984489440917969,0
2025-01-20T05:26:11.001Z,1737350771.0016,0.8992722630500793,1.3984489440917969,0
2025-01-20T05:26:11.501Z,1737350771.5016,1.1688765287399292,1.3984489440917969,0
2025-01-20T05:26:12.001Z,1737350772.0016,0.8818870782852173,1.3984489440917969,0
2025-01-20T05:26:12.501Z,1737350772.5016,0.8119294047355652,1.3984489440917969,0
2025-01-20T05:26:13.001Z,1737350773.0016,0.9350025653839111,1.3984489440917969,0
2025-01-20T05:26:13.501Z,1737350773.5016,0.8253867626190186,1.3984489440917969,0
2025-01-20T05:26:14.001Z,1737350774.0016,0.8749566078186035,1.3984489440917969,0
2025-01-20T05:26:14.501Z,1737350774.5016,0.8390831351280212,1.3984489440917969,0
2025-01-20T05:26:15.001Z,1737350775.0016,0.9510000944137573,1.3984489440917969,0
2025-01-20T05:26:15.501Z,1737350775.5016,0.9489521980285645,1.3984489440917969,0
2025-01-20T05:26:16.001Z,1737350776.0016,0.8381526470184326,1.3984489440917969,0
2025-01-20T05:26:16.501Z,1737350776.5016,1.0190205574035645,1.3984489440917969,0
2025-01-20T05:26:17.001Z,1737350777.0016,0.7813961505889893,1.3984489440917969,0
2025-01-20T05:26:17.501Z,1737350777.5016,0.7647222280502319,1.3984489440917969,0
2025-01-20T05:26:18.001Z,1737350778.0016,1.2075631618499756,1.3984489440917969,0
2025-01-20T05:26:18.501Z,1737350778.5016,0.7380796670913696,1.3984489440917969,0
2025-01-20T05:26:19.001Z,1737350779.0016,0.7991154193878174,1.3984489440917969,0
2025-01-20T05:26:19.501Z,1737350779.5016,0.8865081071853638,1.3984489440917969,0
2025-01-20T05:26:20.001Z,1737350780.0016,1.0235576629638672,1.3984489440917969,0
2025-01-20T05:26:20.501Z,1737350780.5016,1.158164620399475,1.3984489440917969,0
2025-01-20T05:26:21.001Z,1737350781.0016,1.2073192596435547,1.3984489440917969,0
2025-01-20T05:26:21.501Z,1737350781.5016,1.0256586074829102,1.3984489440917969,0
2025-01-20T05:26:22.001Z,1737350782.0016,0.9235109090805054,1.3984489440917969,0
2025-01-20T05:26:22.501Z,1737350782.5016,0.9548009634017944,1.3984489440917969,0
2025-01-20T05:26:23.001Z,1737350783.0016,1.2458975315093994,1.3984489440917969,0
2025-01-20T05:26:23.501Z,1737350783.5016,0.9781397581100464,1.3984489440917969,0
2025-01-20T05:26:24.001Z,1737350784.0016,1.2197535037994385,1.3984489440917969,0
2025-01-20T05:26:24.501Z,1737350784.5016,0.8043049573898315,1.3984489440917969,0
2025-01-20T05:26:25.001Z,1737350785.0016,1.0692660808563232,1.3984489440917969,0
2025-01-20T05:26:25.501Z,1737350785.5016,1.148320198059082,1.3984489440917969,0
2025-01-20T05:26:26.001Z,1737350786.0016,0.9276534914970398,1.3984489440917969,0
2025-01-20T05:26:26.501Z,1737350786.5016,0.847790002822876,1.3984489440917969,0
2025-01-20T05:26:27.001Z,1737350787.0016,0.8722808361053467,1.3984489440917969,0
2025-01-20T05:26:27.501Z,1737350787.5016,0.8114790916442871,1.3984489440917969,0
2025-01-20T05:26:28.001Z,1737350788.0016,0.8541131615638733,1.3984489440917969,0
2025-01-20T05:26:28.501Z,1737350788.5016,0.7353312969207764,1.3984489440917969,0
2025-01-20T05:26:29.001Z,1737350789.0016,0.6702983379364014,1.3984489440917969,0
2025-01-20T05:26:29.501Z,1737350789.5016,1.044777512550354,1.3984489440917969,0
2025-01-20T05:26:30.001Z,1737350790.0016,0.852528989315033,1.3984489440917969,0
2025-01-20T05:26:30.501Z,1737350790.5016,0.9138414859771729,1.3984489440917969,0
2025-01-20T05:26:31.001Z,1737350791.0016,0.9948852062225342,1.3984489440917969,0
2025-01-20T05:26:31.501Z,1737350791.5016,0.8033149242401123,1.3984489440917969,0
2025-01-20T05:26:32.001Z,1737350792.0016,1.1200451850891113,1.3984489440917969,0
2025-01-20T05:26:32.501Z,1737350792.5016,1.0767652988433838,1.3984489440917969,0
2025-01-20T05:26:33.001Z,1737350793.0016,1.3859403133392334,1.3984489440917969,0
2025-01-20T05:26:33.501Z,1737350793.5016,0.8310402631759644,1.3984489440917969,0
2025-01-20T05:26:34.001Z,1737350794.0016,0.9691736698150635,1.3984489440917969,0
2025-01-20T05:26:34.501Z,1737350794.5016,0.951743483543396,1.3984489440917969,0
2025-01-20T05:26:35.001Z,1737350795.0016,0.9174761772155762,1.3984489440917969,0
2025-01-20T05:26:35.501Z,1737350795.5016,0.9448255896568298,1.3984489440917969,0
2025-01-20T05:26:36.001Z,1737350796.0016,1.0333898067474365,1.3984489440917969,0
2025-01-20T05:26:36.501Z,1737350796.5016,1.0142748355865479,1.3984489440917969,0
2025-01-20T05:26:37.001Z,1737350797.0016,0.9173009991645813,1.3984489440917969,0
2025-01-20T05:26:37.501Z,1737350797.5016,0.9765921235084534,1.3984489440917969,0
2025-01-20T05:26:38.001Z,1737350798.0016,0.9513357281684875,1.3984489440917969,0
2025-01-20T05:26:38.501Z,1737350798.5016,0.9393656253814697,1.3984489440917969,0
2025-01-20T05:26:39.001Z,1737350799.0016,1.2031303644180298,1.3984489440917969,0
2025-01-20T05:26:39.501Z,1737350799.5016,1.1087721586227417,1.3984489440917969,0
2025-01-20T05:26:40.001Z,1737350800.0016,1.084681510925293,1.3984489440917969,0
2025-01-20T05:26:40.501Z,1737350800.5016,0.9262345433235168,1.3984489440917969,0
2025-01-20T05:26:41.001Z,1737350801.0016,0.9131404161453247,1.3984489440917969,0
2025-01-20T05:26:41.501Z,1737350801.5016,0.9627673625946045,1.3984489440917969,0
2025-01-20T05:26:42.001Z,1737350802.0016,0.8363305926322937,1.3984489440917969,0
2025-01-20T05:26:42.501Z,1737350802.5016,0.9922481775283813,1.3984489440917969,0
2025-01-20T05:26:43.001Z,1737350803.0016,1.31826651096344,1.3984489440917969,0
2025-01-20T05:26:43.501Z,1737350803.5016,0.8554233312606812,1.3984489440917969,0
2025-01-20T05:26:44.001Z,1737350804.0016,0.8988525867462158,1.3984489440917969,0
2025-01-20T05:26:44.501Z,1737350804.5016,0.8857342004776001,1.3984489440917969,0
2025-01-20T05:26:45.001Z,1737350805.0016,0.9020096659660339,1.3984489440917969,0
2025-01-20T05:26:45.501Z,1737350805.5016,1.077725887298584,1.3984489440917969,0
2025-01-20T05:26:46.001Z,1737350806.0016,0.948420524597168,1.3984489440917969,0
2025-01-20T05:26:46.501Z,1737350806.5016,1.1256694793701172,1.3984489440917969,0
2025-01-20T05:26:47.001Z,1737350807.0016,0.8557193875312805,1.3984489440917969,0
2025-01-20T05:26:47.501Z,1737350807.5016,0.6371297240257263,1.3984489440917969,0
2025-01-20T05:26:48.001Z,1737350808.0016,0.6817020773887634,1.3984489440917969,0
2025-01-20T05:26:48.501Z,1737350808.5016,0.7800630331039429,1.3984489440917969,0
2025-01-20T05:26:49.001Z,1737350809.0016,0.8869209289550781,1.3984489440917969,0
2025-01-20T05:26:49.501Z,1737350809.5016,0.9942930936813354,1.3984489440917969,0
2025-01-20T05:26:50.001Z,1737350810.0016,0.8838916420936584,1.3984489440917969,0
2025-01-20T05:26:50.501Z,1737350810.5016,0.7105071544647217,1.3984489440917969,0
2025-01-20T05:26:51.001Z,1737350811.0016,0.8230308890342712,1.3984489440917969,0
2025-01-20T05:26:51.501Z,1737350811.5016,0.9978162050247192,1.3984489440917969,0
2025-01-20T05:26:52.001Z,1737350812.0016,0.8747313022613525,1.3984489440917969,0
2025-01-20T05:26:52.501Z,1737350812.5016,0.7192603945732117,1.3984489440917969,0
2025-01-20T05:26:53.001Z,1737350813.0016,0.8473358154296875,1.3984489440917969,0
2025-01-20T05:26:53.501Z,1737350813.5016,0.9213593602180481,1.3984489440917969,0
2025-01-20T05:26:54.001Z,1737350814.0016,1.1690424680709839,1.3984489440917969,0
2025-01-20T05:26:54.501Z,1737350814.5016,0.7875112891197205,1.3984489440917969,0
2025-01-20T05:26:55.001Z,1737350815.0016,1.1795978546142578,1.3984489440917969,0
2025-01-20T05:26:55.501Z,1737350815.5016,0.8641411066055298,1.3984489440917969,0
2025-01-20T05:26:56.001Z,1737350816.0016,0.8817750215530396,1.3984489440917969,0
2025-01-20T05:26:56.501Z,1737350816.5016,1.0554851293563843,1.3984489440917969,0
2025-01-20T05:26:57.001Z,1737350817.0016,1.218341588973999,1.3984489440917969,0
2025-01-20T05:26:57.501Z,1737350817.5016,1.1054635047912598,1.3984489440917969,0
2025-01-20T05:26:58.001Z,1737350818.0016,0.8897362947463989,1.3984489440917969,0
2025-01-20T05:26:58.501Z,1737350818.5016,0.9718950986862183,1.3984489440917969,0
2025-01-20T05:26:59.001Z,1737350819.0016,0.974833607673645,1.3984489440917969,0
2025-01-20T05:26:59.501Z,1737350819.5016,1.0020833015441895,1.3984489440917969,0
2025-01-20T05:27:00.001Z,1737350820.0016,0.7403964400291443,1.3984489440917969,0
2025-01-20T05:27:00.501Z,1737350820.5016,0.9776400923728943,1.3984489440917969,0
2025-01-20T05:27:01.001Z,1737350821.0016,1.1403347253799438,1.3984489440917969,0
2025-01-20T05:27:01.501Z,1737350821.5016,1.1114609241485596,1.3984489440917969,0
2025-01-20T05:27:02.001Z,1737350822.0016,0.958794355392456,1.3984489440917969,0
2025-01-20T05:27:02.501Z,1737350822.5016,0.9315621852874756,1.3984489440917969,0
2025-01-20T05:27:03.001Z,1737350823.0016,0.8455302715301514,1.3984489440917969,0
2025-01-20T05:27:03.501Z,1737350823.5016,0.9994568824768066,1.3984489440917969,0
2025-01-20T05:27:04.001Z,1737350824.0016,0.9056764841079712,1.3984489440917969,0
2025-01-20T05:27:04.501Z,1737350824.5016,0.8395829796791077,1.3984489440917969,0
2025-01-20T05:27:05.001Z,1737350825.0016,0.9547967910766602,1.3984489440917969,0
2025-01-20T05:27:05.501Z,1737350825.5016,1.120366096496582,1.3984489440917969,0
2025-01-20T05:27:06.001Z,1737350826.0016,0.8516020774841309,1.3984489440917969,0
2025-01-20T05:27:06.501Z,1737350826.5016,0.912921667098999,1.3984489440917969,0
2025-01-20T05:27:07.001Z,1737350827.0016,1.0238796472549438,1.3984489440917969,0
2025-01-20T05:27:07.501Z,1737350827.5016,1.0806390047073364,1.3984489440917969,0
2025-01-20T05:27:08.001Z,1737350828.0016,0.9688446521759033,1.3984489440917969,0
2025-01-20T05:27:08.501Z,1737350828.5016,0.9265828132629395,1.3984489440917969,0
2025-01-20T05:27:09.001Z,1737350829.0016,0.9769741892814636,1.3984489440917969,0
2025-01-20T05:27:09.501Z,1737350829.5016,0.6702755689620972,1.3984489440917969,0
2025-01-20T05:27:10.001Z,1737350830.0016,1.0539931058883667,1.3984489440917969,0
2025-01-20T05:27:10.501Z,1737350830.5016,0.8127841949462891,1.3984489440917969,0
2025-01-20T05:27:11.001Z,1737350831.0016,0.7786087989807129,1.3984489440917969,0
2025-01-20T05:27:11.501Z,1737350831.5016,0.7886353731155396,1.3984489440917969,0
2025-01-20T05:27:12.001Z,1737350832.0016,1.0232937335968018,1.3984489440917969,0
2025-01-20T05:27:12.501Z,1737350832.5016,0.9709597229957581,1.3984489440917969,0
2025-01-20T05:27:13.001Z,1737350833.0016,0.9108535051345825,1.3984489440917969,0
2025-01-20T05:27:13.501Z,1737350833.5016,1.1926991939544678,1.3984489440917969,0
2025-01-20T05:27:14.001Z,1737350834.0016,0.7162731289863586,1.3984489440917969,0
2025-01-20T05:27:14.501Z,1737350834.5016,0.7739776372909546,1.3984489440917969,0
2025-01-20T05:27:15.001Z,1737350835.0016,0.7923535108566284,1.3984489440917969,0
2025-01-20T05:27:15.501Z,1737350835.5016,0.9836274981498718,1.3984489440917969,0
2025-01-20T05:27:16.001Z,1737350836.0016,1.1257152557373047,1.3984489440917969,0
2025-01-20T05:27:16.501Z,1737350836.5016,0.9079641699790955,1.3984489440917969,0
2025-01-20T05:27:17.001Z,1737350837.0016,1.067408561706543,1.3984489440917969,0
2025-01-20T05:27:17.501Z,1737350837.5016,0.9008843898773193,1.3984489440917969,0
2025-01-20T05:27:18.001Z,1737350838.0016,1.2424607276916504,1.3984489440917969,0
2025-01-20T05:27:18.501Z,1737350838.5016,0.871362566947937,1.3984489440917969,0
2025-01-20T05:27:19.001Z,1737350839.0016,0.923799991607666,1.3984489440917969,0
2025-01-20T05:27:19.501Z,1737350839.5016,0.8867392539978027,1.3984489440917969,0
2025-01-20T05:27:20.001Z,1737350840.0016,0.8444778919219971,1.3984489440917969,0
2025-01-20T05:27:20.501Z,1737350840.5016,1.0946898460388184,1.3984489440917969,0
2025-01-20T05:27:21.001Z,1737350841.0016,1.1846768856048584,1.3984489440917969,0
2025-01-20T05:27:21.501Z,1737350841.5016,1.119646430015564,1.3984489440917969,0
2025-01-20T05:27:22.001Z,1737350842.0016,0.8210378885269165,1.3984489440917969,0
2025-01-20T05:27:22.501Z,1737350842.5016,0.5749022960662842,1.3984489440917969,0
2025-01-20T05:27:23.001Z,1737350843.0016,0.9779874086380005,1.3984489440917969,0
2025-01-20T05:27:23.501Z,1737350843.5016,0.9598748683929443,1.3984489440917969,0
2025-01-20T05:27:24.001Z,1737350844.0016,0.9860564470291138,1.3984489440917969,0
2025-01-20T05:27:24.501Z,1737350844.5016,0.8728465437889099,1.3984489440917969,0
2025-01-20T05:27:25.001Z,1737350845.0016,0.892044186592102,1.3984489440917969,0
2025-01-20T05:27:25.501Z,1737350845.5016,0.9433640837669373,1.3984489440917969,0
2025-01-20T05:27:26.001Z,1737350846.0016,1.1300971508026123,1.3984489440917969,0
2025-01-20T05:27:26.501Z,1737350846.5016,1.3081228733062744,1.3984489440917969,0
2025-01-20T05:27:27.001Z,1737350847.0016,0.8456124067306519,1.3984489440917969,0
2025-01-20T05:27:27.501Z,1737350847.5016,0.7939571142196655,1.3984489440917969,0
2025-01-20T05:27:28.001Z,1737350848.0016,0.8861137628555298,1.3984489440917969,0
2025-01-20T05:27:28.501Z,1737350848.5016,0.9672431349754333,1.3984489440917969,0
2025-01-20T05:27:29.001Z,1737350849.0016,0.9248571395874023,1.3984489440917969,0
2025-01-20T05:27:29.501Z,1737350849.5016,1.0202397108078003,1.3984489440917969,0
2025-01-20T05:27:30.001Z,1737350850.0016,0.7762541770935059,1.3984489440917969,0
2025-01-20T05:27:30.501Z,1737350850.5016,1.0000312328338623,1.3984489440917969,0
2025-01-20T05:27:31.001Z,1737350851.0016,0.9727391600608826,1.3984489440917969,0
2025-01-20T05:27:31.501Z,1737350851.5016,1.0847828388214111,1.3984489440917969,0
2025-01-20T05:27:32.001Z,1737350852.0016,1.0275332927703857,1.3984489440917969,0
2025-01-20T05:27:32.501Z,1737350852.5016,1.107060194015503,1.3984489440917969,0
2025-01-20T05:27:33.001Z,1737350853.0016,0.8836455941200256,1.3984489440917969,0
2025-01-20T05:27:33.501Z,1737350853.5016,0.8447152972221375,1.3984489440917969,0
2025-01-20T05:27:34.001Z,1737350854.0016,0.8699426651000977,1.3984489440917969,0
2025-01-20T05:27:34.501Z,1737350854.5016,0.8009010553359985,1.3984489440917969,0
2025-01-20T05:27:35.001Z,1737350855.0016,0.9490025043487549,1.3984489440917969,0
2025-01-20T05:27:35.501Z,1737350855.5016,0.9440697431564331,1.3984489440917969,0
2025-01-20T05:27:36.001Z,1737350856.0016,0.876069188117981,1.3984489440917969,0
2025-01-20T05:27:36.501Z,1737350856.5016,1.1980462074279785,1.3984489440917969,0
2025-01-20T05:27:37.001Z,1737350857.0016,1.015540599822998,1.3984489440917969,0
2025-01-20T05:27:37.501Z,1737350857.5016,1.2509217262268066,1.3984489440917969,0
2025-01-20T05:27:38.001Z,1737350858.0016,1.0735152959823608,1.3984489440917969,0
2025-01-20T05:27:38.501Z,1737350858.5016,0.9123073816299438,1.3984489440917969,0
2025-01-20T05:27:39.001Z,1737350859.0016,1.078928828239441,1.3984489440917969,0
2025-01-20T05:27:39.501Z,1737350859.5016,0.7732734680175781,1.3984489440917969,0
2025-01-20T05:27:40.001Z,1737350860.0016,0.831458330154419,1.3984489440917969,0
2025-01-20T05:27:40.501Z,1737350860.5016,0.6793814301490784,1.3984489440917969,0
2025-01-20T05:27:41.001Z,1737350861.0016,0.6669948101043701,1.3984489440917969,0
2025-01-20T05:27:41.501Z,1737350861.5016,0.8500295281410217,1.3984489440917969,0
2025-01-20T05:27:42.001Z,1737350862.0016,0.8763578534126282,1.3984489440917969,0
2025-01-20T05:27:42.501Z,1737350862.5016,0.7477949857711792,1.3984489440917969,0
2025-01-20T05:27:43.001Z,1737350863.0016,0.7972390055656433,1.3984489440917969,0
2025-01-20T05:27:43.501Z,1737350863.5016,0.678464412689209,1.3984489440917969,0
2025-01-20T05:27:44.001Z,1737350864.0016,1.1011950969696045,1.3984489440917969,0
2025-01-20T05:27:44.501Z,1737350864.5016,1.0458544492721558,1.3984489440917969,0
2025-01-20T05:27:45.001Z,1737350865.0016,0.9912835359573364,1.3984489440917969,0
2025-01-20T05:27:45.501Z,1737350865.5016,1.0100769996643066,1.3984489440917969,0
2025-01-20T05:27:46.001Z,1737350866.0016,0.9285423755645752,1.3984489440917969,0
2025-01-20T05:27:46.501Z,1737350866.5016,0.8299602270126343,1.3984489440917969,0
2025-01-20T05:27:47.001Z,1737350867.0016,1.0482138395309448,1.3984489440917969,0
2025-01-20T05:27:47.501Z,1737350867.5016,0.9163870811462402,1.3984489440917969,0
2025-01-20T05:27:48.001Z,1737350868.0016,0.823235809803009,1.3984489440917969,0
2025-01-20T05:27:48.501Z,1737350868.5016,0.8330628871917725,1.3984489440917969,0
2025-01-20T05:27:49.001Z,1737350869.0016,0.9083718061447144,1.3984489440917969,0
2025-01-20T05:27:49.501Z,1737350869.5016,1.023097276687622,1.3984489440917969,0
2025-01-20T05:27:50.001Z,1737350870.0016,1.2851481437683105,1.3984489440917969,0
2025-01-20T05:27:50.501Z,1737350870.5016,0.8652422428131104,1.3984489440917969,0
2025-01-20T05:27:51.001Z,1737350871.0016,0.9586579203605652,1.3984489440917969,0
2025-01-20T05:27:51.501Z,1737350871.5016,0.9731486439704895,1.3984489440917969,0
2025-01-20T05:27:52.001Z,1737350872.0016,1.0732784271240234,1.3984489440917969,0
2025-01-20T05:27:52.501Z,1737350872.5016,1.010014295578003,1.3984489440917969,0
2025-01-20T05:27:53.001Z,1737350873.0016,1.0182069540023804,1.3984489440917969,0
2025-01-20T05:27:53.501Z,1737350873.5016,1.0142804384231567,1.3984489440917969,0
2025-01-20T05:27:54.001Z,1737350874.0016,0.995372474193573,1.3984489440917969,0
2025-01-20T05:27:54.501Z,1737350874.5016,1.0497632026672363,1.3984489440917969,0
2025-01-20T05:27:55.001Z,1737350875.0016,1.1454700231552124,1.3984489440917969,0
2025-01-20T05:27:55.501Z,1737350875.5016,0.9799814224243164,1.3984489440917969,0
2025-01-20T05:27:56.001Z,1737350876.0016,0.904231071472168,1.3984489440917969,0
2025-01-20T05:27:56.501Z,1737350876.5016,0.8602383136749268,1.3984489440917969,0
2025-01-20T05:27:57.001Z,1737350877.0016,1.0749797821044922,1.3984489440917969,0
2025-01-20T05:27:57.501Z,1737350877.5016,0.874994158744812,1.3984489440917969,0
2025-01-20T05:27:58.001Z,1737350878.0016,1.1584266424179077,1.3984489440917969,0
2025-01-20T05:27:58.501Z,1737350878.5016,0.7898181676864624,1.3984489440917969,0
2025-01-20T05:27:59.001Z,1737350879.0016,0.6697345972061157,1.3984489440917969,0
2025-01-20T05:27:59.501Z,1737350879.5016,0.8587719798088074,1.3984489440917969,0
2025-01-20T05:28:00.001Z,1737350880.0016,1.005384922027588,1.3984489440917969,0
2025-01-20T05:28:00.501Z,1737350880.5016,0.9133049249649048,1.3984489440917969,0
2025-01-20T05:28:01.001Z,1737350881.0016,1.4033827781677246,1.3984489440917969,0
2025-01-20T05:28:01.501Z,1737350881.5016,1.1183425188064575,1.3984489440917969,0
2025-01-20T05:28:02.001Z,1737350882.0016,1.0278053283691406,1.3984489440917969,0
2025-01-20T05:28:02.501Z,1737350882.5016,0.983782172203064,1.3984489440917969,0
2025-01-20T05:28:03.001Z,1737350883.0016,1.092139720916748,1.3984489440917969,0
2025-01-20T05:28:03.501Z,1737350883.5016,1.359551191329956,1.3984489440917969,0
2025-01-20T05:28:04.001Z,1737350884.0016,0.9526039958000183,1.3984489440917969,0
2025-01-20T05:28:04.501Z,1737350884.5016,0.960877537727356,1.3984489440917969,0
2025-01-20T05:28:05.001Z,1737350885.0016,0.8462527990341187,1.3984489440917969,0
2025-01-20T05:28:05.501Z,1737350885.5016,0.9668018221855164,1.3984489440917969,0
2025-01-20T05:28:06.001Z,1737350886.0016,0.8550862669944763,1.3984489440917969,0
2025-01-20T05:28:06.501Z,1737350886.5016,0.8948258757591248,1.3984489440917969,0
2025-01-20T05:28:07.001Z,1737350887.0016,0.9066470861434937,1.3984489440917969,0
2025-01-20T05:28:07.501Z,1737350887.5016,0.9708024263381958,1.3984489440917969,0
2025-01-20T05:28:08.001Z,1737350888.0016,0.8859628438949585,1.3984489440917969,0
2025-01-20T05:28:08.501Z,1737350888.5016,0.9250684976577759,1.3984489440917969,0
2025-01-20T05:28:09.001Z,1737350889.0016,0.7763509750366211,1.3984489440917969,0
2025-01-20T05:28:09.501Z,1737350889.5016,0.9456496238708496,1.3984489440917969,0
2025-01-20T05:28:10.001Z,1737350890.0016,0.8428668975830078,1.3984489440917969,0
2025-01-20T05:28:10.501Z,1737350890.5016,0.9200065732002258,1.3984489440917969,0
2025-01-20T05:28:11.001Z,1737350891.0016,1.0451154708862305,1.3984489440917969,0
2025-01-20T05:28:11.501Z,1737350891.5016,1.0992934703826904,1.3984489440917969,0
2025-01-20T05:28:12.001Z,1737350892.0016,1.0891659259796143,1.3984489440917969,0
2025-01-20T05:28:12.501Z,1737350892.5016,1.2847598791122437,1.3984489440917969,0
2025-01-20T05:28:13.001Z,1737350893.0016,0.8137961626052856,1.3984489440917969,0
2025-01-20T05:28:13.501Z,1737350893.5016,1.1496795415878296,1.3984489440917969,0
2025-01-20T05:28:14.001Z,1737350894.0016,0.8655877113342285,1.3984489440917969,0
2025-01-20T05:28:14.501Z,1737350894.5016,0.9163085222244263,1.3984489440917969,0
2025-01-20T05:28:15.001Z,1737350895.0016,0.8090004920959473,1.3984489440917969,0
2025-01-20T05:28:15.501Z,1737350895.5016,1.0164852142333984,1.3984489440917969,0
2025-01-20T05:28:16.001Z,1737350896.0016,1.0259103775024414,1.3984489440917969,0
2025-01-20T05:28:16.501Z,1737350896.5016,0.9816439151763916,1.3984489440917969,0
2025-01-20T05:28:17.001Z,1737350897.0016,0.867283821105957,1.3984489440917969,0
2025-01-20T05:28:17.501Z,1737350897.5016,0.7059504985809326,1.3984489440917969,0
2025-01-20T05:28:18.001Z,1737350898.0016,1.0950782299041748,1.3984489440917969,0
2025-01-20T05:28:18.501Z,1737350898.5016,1.0107605457305908,1.3984489440917969,0
2025-01-20T05:28:19.001Z,1737350899.0016,1.1458215713500977,1.3984489440917969,0
2025-01-20T05:28:19.501Z,1737350899.5016,0.8454850912094116,1.3984489440917969,0
2025-01-20T05:28:20.001Z,1737350900.0016,0.7394894361495972,1.3984489440917969,0
2025-01-20T05:28:20.501Z,1737350900.5016,0.893966555595398,1.3984489440917969,0
2025-01-20T05:28:21.001Z,1737350901.0016,0.960905134677887,1.3984489440917969,0
2025-01-20T05:28:21.501Z,1737350901.5016,1.083491325378418,1.3984489440917969,0
2025-01-20T05:28:22.001Z,1737350902.0016,1.0280544757843018,1.3984489440917969,0
2025-01-20T05:28:22.501Z,1737350902.5016,1.0486195087432861,1.3984489440917969,0
2025-01-20T05:28:23.001Z,1737350903.0016,1.238429307937622,1.3984489440917969,0
2025-01-20T05:28:23.501Z,1737350903.5016,1.021101474761963,1.3984489440917969,0
2025-01-20T05:28:24.001Z,1737350904.0016,0.9388911128044128,1.3984489440917969,0
2025-01-20T05:28:24.501Z,1737350904.5016,0.9873909950256348,1.3984489440917969,0
2025-01-20T05:28:25.001Z,1737350905.0016,0.811877965927124,1.3984489440917969,0
2025-01-20T05:28:25.501Z,1737350905.5016,0.7257239818572998,1.3984489440917969,0
2025-01-20T05:28:26.001Z,1737350906.0016,0.8496219515800476,1.3984489440917969,0
2025-01-20T05:28:26.501Z,1737350906.5016,0.9896935224533081,1.3984489440917969,0
2025-01-20T05:28:27.001Z,1737350907.0016,1.0073533058166504,1.3984489440917969,0
2025-01-20T05:28:27.501Z,1737350907.5016,0.7451460361480713,1.3984489440917969,0
2025-01-20T05:28:28.001Z,1737350908.0016,0.9094550609588623,1.3984489440917969,0
2025-01-20T05:28:28.501Z,1737350908.5016,1.1111007928848267,1.3984489440917969,0
2025-01-20T05:28:29.001Z,1737350909.0016,1.0528538227081299,1.3984489440917969,0
2025-01-20T05:28:29.501Z,1737350909.5016,0.963862419128418,1.3984489440917969,0
2025-01-20T05:28:30.001Z,1737350910.0016,1.0124640464782715,1.3984489440917969,0
2025-01-20T05:28:30.501Z,1737350910.5016,1.1310620307922363,1.3984489440917969,0
2025-01-20T05:28:31.001Z,1737350911.0016,0.8561801910400391,1.3984489440917969,0
2025-01-20T05:28:31.501Z,1737350911.5016,1.1651347875595093,1.3984489440917969,0
2025-01-20T05:28:32.001Z,1737350912.0016,0.8505675196647644,1.3984489440917969,0
2025-01-20T05:28:32.501Z,1737350912.5016,0.9427028894424438,1.3984489440917969,0
2025-01-20T05:28:33.001Z,1737350913.0016,0.8283532857894897,1.3984489440917969,0
2025-01-20T05:28:33.501Z,1737350913.5016,0.9812252521514893,1.3984489440917969,0
2025-01-20T05:28:34.001Z,1737350914.0016,0.8907872438430786,1.3984489440917969,0
2025-01-20T05:28:34.501Z,1737350914.5016,0.9056234955787659,1.3984489440917969,0
2025-01-20T05:28:35.001Z,1737350915.0016,1.0734772682189941,1.3984489440917969,0
2025-01-20T05:28:35.501Z,1737350915.5016,0.9975265264511108,1.3984489440917969,0
2025-01-20T05:28:36.001Z,1737350916.0016,0.8624962568283081,1.3984489440917969,0
2025-01-20T05:28:36.501Z,1737350916.5016,0.8939112424850464,1.3984489440917969,0
2025-01-20T05:28:37.001Z,1737350917.0016,0.8221325278282166,1.3984489440917969,0
2025-01-20T05:28:37.501Z,1737350917.5016,0.9405149221420288,1.3984489440917969,0
2025-01-20T05:28:38.001Z,1737350918.0016,0.8548533916473389,1.3984489440917969,0
2025-01-20T05:28:38.501Z,1737350918.5016,1.0840439796447754,1.3984489440917969,0
2025-01-20T05:28:39.001Z,1737350919.0016,1.3052704334259033,1.3984489440917969,0
2025-01-20T05:28:39.501Z,1737350919.5016,0.9305441975593567,1.3984489440917969,0
2025-01-20T05:28:40.001Z,1737350920.0016,1.1220548152923584,1.3984489440917969,0
2025-01-20T05:28:40.501Z,1737350920.5016,0.9012731909751892,1.3984489440917969,0
2025-01-20T05:28:41.001Z,1737350921.0016,0.9457850456237793,1.3984489440917969,0
2025-01-20T05:28:41.501Z,1737350921.5016,0.9476681351661682,1.3984489440917969,0
2025-01-20T05:28:42.001Z,1737350922.0016,0.9671159982681274,1.3984489440917969,0
2025-01-20T05:28:42.501Z,1737350922.5016,1.0133640766143799,1.3984489440917969,0
2025-01-20T05:28:43.001Z,1737350923.0016,0.8740894198417664,1.3984489440917969,0
2025-01-20T05:28:43.501Z,1737350923.5016,0.889769971370697,1.3984489440917969,0
2025-01-20T05:28:44.001Z,1737350924.0016,0.8383824825286865,1.3984489440917969,0
2025-01-20T05:28:44.501Z,1737350924.5016,0.8521350026130676,1.3984489440917969,0
2025-01-20T05:28:45.001Z,1737350925.0016,0.9203677177429199,1.3984489440917969,0
2025-01-20T05:28:45.501Z,1737350925.5016,1.2766528129577637,1.3984489440917969,0
2025-01-20T05:28:46.001Z,1737350926.0016,1.0472559928894043,1.3984489440917969,0
2025-01-20T05:28:46.501Z,1737350926.5016,0.9688048362731934,1.3984489440917969,0
2025-01-20T05:28:47.001Z,1737350927.0016,1.0257498025894165,1.3984489440917969,0
2025-01-20T05:28:47.501Z,1737350927.5016,0.9384974837303162,1.3984489440917969,0
2025-01-20T05:28:48.001Z,1737350928.0016,0.9861284494400024,1.3984489440917969,0
2025-01-20T05:28:48.501Z,1737350928.5016,0.7955246567726135,1.3984489440917969,0
2025-01-20T05:28:49.001Z,1737350929.0016,0.847443699836731,1.3984489440917969,0
2025-01-20T05:28:49.501Z,1737350929.5016,1.1497080326080322,1.3984489440917969,0
2025-01-20T05:28:50.001Z,1737350930.0016,1.0171781778335571,1.3984489440917969,0
2025-01-20T05:28:50.501Z,1737350930.5016,0.7898707389831543,1.3984489440917969,0
2025-01-20T05:28:51.001Z,1737350931.0016,0.8279100656509399,1.3984489440917969,0
2025-01-20T05:28:51.501Z,1737350931.5016,0.8492648601531982,1.3984489440917969,0
2025-01-20T05:28:52.001Z,1737350932.0016,0.9942061901092529,1.3984489440917969,0
2025-01-20T05:28:52.501Z,1737350932.5016,0.9565812349319458,1.3984489440917969,0
2025-01-20T05:28:53.001Z,1737350933.0016,1.1498322486877441,1.3984489440917969,0
2025-01-20T05:28:53.501Z,1737350933.5016,0.9703754782676697,1.3984489440917969,0
2025-01-20T05:28:54.001Z,1737350934.0016,0.9574040770530701,1.3984489440917969,0
2025-01-20T05:28:54.501Z,1737350934.5016,1.093191146850586,1.3984489440917969,0
2025-01-20T05:28:55.001Z,1737350935.0016,0.9866682291030884,1.3984489440917969,0
2025-01-20T05:28:55.501Z,1737350935.5016,0.9155879616737366,1.3984489440917969,0
2025-01-20T05:28:56.001Z,1737350936.0016,0.8552882671356201,1.3984489440917969,0
2025-01-20T05:28:56.501Z,1737350936.5016,0.9222461581230164,1.3984489440917969,0
2025-01-20T05:28:57.001Z,1737350937.0016,0.8042250871658325,1.3984489440917969,0
2025-01-20T05:28:57.501Z,1737350937.5016,0.8052705526351929,1.3984489440917969,0
2025-01-20T05:28:58.001Z,1737350938.0016,0.9333213567733765,1.3984489440917969,0
2025-01-20T05:28:58.501Z,1737350938.5016,1.196152925491333,1.3984489440917969,0
2025-01-20T05:28:59.001Z,1737350939.0016,0.9912153482437134,1.3984489440917969,0
2025-01-20T05:28:59.501Z,1737350939.5016,1.0701699256896973,1.3984489440917969,0
2025-01-20T05:29:00.001Z,1737350940.0016,1.1057945489883423,1.3984489440917969,0
2025-01-20T05:29:00.501Z,1737350940.5016,1.1829020977020264,1.3984489440917969,0
2025-01-20T05:29:01.001Z,1737350941.0016,1.2788000106811523,1.3984489440917969,0
2025-01-20T05:29:01.501Z,1737350941.5016,0.8180079460144043,1.3984489440917969,0
2025-01-20T05:29:02.001Z,1737350942.0016,0.91451096534729,1.3984489440917969,0
2025-01-20T05:29:02.501Z,1737350942.5016,1.1435163021087646,1.3984489440917969,0
2025-01-20T05:29:03.001Z,1737350943.0016,0.8641912937164307,1.3984489440917969,0
2025-01-20T05:29:03.501Z,1737350943.5016,0.8063526749610901,1.3984489440917969,0
2025-01-20T05:29:04.001Z,1737350944.0016,1.229100227355957,1.3984489440917969,0
2025-01-20T05:29:04.501Z,1737350944.5016,0.8433785438537598,1.3984489440917969,0
2025-01-20T05:29:05.001Z,1737350945.0016,0.7789479494094849,1.3984489440917969,0
2025-01-20T05:29:05.501Z,1737350945.5016,0.9244575500488281,1.3984489440917969,0
2025-01-20T05:29:06.001Z,1737350946.0016,1.0203557014465332,1.3984489440917969,0
2025-01-20T05:29:06.501Z,1737350946.5016,0.9251691102981567,1.3984489440917969,0
2025-01-20T05:29:07.001Z,1737350947.0016,0.9801238179206848,1.3984489440917969,0
2025-01-20T05:29:07.501Z,1737350947.5016,1.0911400318145752,1.3984489440917969,0
2025-01-20T05:29:08.001Z,1737350948.0016,0.9100301265716553,1.3984489440917969,0
2025-01-20T05:29:08.501Z,1737350948.5016,0.7883802652359009,1.3984489440917969,0
2025-01-20T05:29:09.001Z,1737350949.0016,0.9279639720916748,1.3984489440917969,0
2025-01-20T05:29:09.501Z,1737350949.5016,0.9595564007759094,1.3984489440917969,0
2025-01-20T05:29:10.001Z,1737350950.0016,0.7434850335121155,1.3984489440917969,0
2025-01-20T05:29:10.501Z,1737350950.5016,0.7166270017623901,1.3984489440917969,0
2025-01-20T05:29:11.001Z,1737350951.0016,0.9873530864715576,1.3984489440917969,0
2025-01-20T05:29:11.501Z,1737350951.5016,0.8806313276290894,1.3984489440917969,0
2025-01-20T05:29:12.001Z,1737350952.0016,1.1538584232330322,1.3984489440917969,0
2025-01-20T05:29:12.501Z,1737350952.5016,1.0195220708847046,1.3984489440917969,0
2025-01-20T05:29:13.001Z,1737350953.0016,0.9022762179374695,1.3984489440917969,0
2025-01-20T05:29:13.501Z,1737350953.5016,1.0234079360961914,1.3984489440917969,0
2025-01-20T05:29:14.001Z,1737350954.0016,0.7451276779174805,1.3984489440917969,0
2025-01-20T05:29:14.501Z,1737350954.5016,1.209549903869629,1.3984489440917969,0
2025-01-20T05:29:15.001Z,1737350955.0016,1.0474791526794434,1.3984489440917969,0
2025-01-20T05:29:15.501Z,1737350955.5016,1.0205872058868408,1.3984489440917969,0
2025-01-20T05:29:16.001Z,1737350956.0016,1.0753613710403442,1.3984489440917969,0
2025-01-20T05:29:16.501Z,1737350956.5016,1.1937342882156372,1.3984489440917969,0
2025-01-20T05:29:17.001Z,1737350957.0016,1.086355209350586,1.3984489440917969,0
2025-01-20T05:29:17.501Z,1737350957.5016,0.9005475044250488,1.3984489440917969,0
2025-01-20T05:29:18.001Z,1737350958.0016,0.8218934535980225,1.3984489440917969,0
2025-01-20T05:29:18.501Z,1737350958.5016,0.9635905027389526,1.3984489440917969,0
2025-01-20T05:29:19.001Z,1737350959.0016,1.179352045059204,1.3984489440917969,0
2025-01-20T05:29:19.501Z,1737350959.5016,0.8701024651527405,1.3984489440917969,0
2025-01-20T05:29:20.001Z,1737350960.0016,0.9448281526565552,1.3984489440917969,0
2025-01-20T05:29:20.501Z,1737350960.5016,0.8783330321311951,1.3984489440917969,0
2025-01-20T05:29:21.001Z,1737350961.0016,0.770298957824707,1.3984489440917969,0
2025-01-20T05:29:21.501Z,1737350961.5016,0.8430758714675903,1.3984489440917969,0
2025-01-20T05:29:22.001Z,1737350962.0016,0.8689334392547607,1.3984489440917969,0
2025-01-20T05:29:22.501Z,1737350962.5016,0.8968710899353027,1.3984489440917969,0
2025-01-20T05:29:23.001Z,1737350963.0016,1.0196685791015625,1.3984489440917969,0
2025-01-20T05:29:23.501Z,1737350963.5016,1.0965375900268555,1.3984489440917969,0
2025-01-20T05:29:24.001Z,1737350964.0016,1.300966501235962,1.3984489440917969,0
2025-01-20T05:29:24.501Z,1737350964.5016,0.9618766903877258,1.3984489440917969,0
2025-01-20T05:29:25.001Z,1737350965.0016,0.9510919451713562,1.3984489440917969,0
2025-01-20T05:29:25.501Z,1737350965.5016,0.8809621930122375,1.3984489440917969,0
2025-01-20T05:29:26.001Z,1737350966.0016,0.8743041753768921,1.3984489440917969,0
2025-01-20T05:29:26.501Z,1737350966.5016,0.6940375566482544,1.3984489440917969,0
2025-01-20T05:29:27.001Z,1737350967.0016,0.9391161203384399,1.3984489440917969,0
2025-01-20T05:29:27.501Z,1737350967.5016,1.2636182308197021,1.3984489440917969,0
2025-01-20T05:29:28.001Z,1737350968.0016,1.0328681468963623,1.3984489440917969,0
2025-01-20T05:29:28.501Z,1737350968.5016,0.8228200674057007,1.3984489440917969,0
2025-01-20T05:29:29.001Z,1737350969.0016,0.7984248995780945,1.3984489440917969,0
2025-01-20T05:29:29.501Z,1737350969.5016,0.8544512987136841,1.3984489440917969,0
2025-01-20T05:29:30.001Z,1737350970.0016,0.9153074026107788,1.3984489440917969,0
2025-01-20T05:29:30.501Z,1737350970.5016,0.8940496444702148,1.3984489440917969,0
2025-01-20T05:29:31.001Z,1737350971.0016,1.0720396041870117,1.3984489440917969,0
2025-01-20T05:29:31.501Z,1737350971.5016,0.7874630689620972,1.3984489440917969,0
2025-01-20T05:29:32.001Z,1737350972.0016,0.8877285718917847,1.3984489440917969,0
2025-01-20T05:29:32.501Z,1737350972.5016,0.9189008474349976,1.3984489440917969,0
2025-01-20T05:29:33.001Z,1737350973.0016,0.7910537719726562,1.3984489440917969,0
2025-01-20T05:29:33.501Z,1737350973.5016,1.0514411926269531,1.3984489440917969,0
2025-01-20T05:29:34.001Z,1737350974.0016,0.8375805020332336,1.3984489440917969,0
2025-01-20T05:29:34.501Z,1737350974.5016,1.0250751972198486,1.3984489440917969,0
2025-01-20T05:29:35.001Z,1737350975.0016,0.8363189697265625,1.3984489440917969,0
2025-01-20T05:29:35.501Z,1737350975.5016,0.9922405481338501,1.3984489440917969,0
2025-01-20T05:29:36.001Z,1737350976.0016,1.065440058708191,1.3984489440917969,0
2025-01-20T05:29:36.501Z,1737350976.5016,0.9993312358856201,1.3984489440917969,0
2025-01-20T05:29:37.001Z,1737350977.0016,0.9168477058410645,1.3984489440917969,0
2025-01-20T05:29:37.501Z,1737350977.5016,0.8579647541046143,1.3984489440917969,0
2025-01-20T05:29:38.001Z,1737350978.0016,0.8196324110031128,1.3984489440917969,0
2025-01-20T05:29:38.501Z,1737350978.5016,1.1882269382476807,1.3984489440917969,0
2025-01-20T05:29:39.001Z,1737350979.0016,1.1047391891479492,1.3984489440917969,0
2025-01-20T05:29:39.501Z,1737350979.5016,1.0946080684661865,1.3984489440917969,0
2025-01-20T05:29:40.001Z,1737350980.0016,1.0878381729125977,1.3984489440917969,0
2025-01-20T05:29:40.501Z,1737350980.5016,0.875665545463562,1.3984489440917969,0
2025-01-20T05:29:41.001Z,1737350981.0016,1.1065728664398193,1.3984489440917969,0
2025-01-20T05:29:41.501Z,1737350981.5016,1.0897130966186523,1.3984489440917969,0
2025-01-20T05:29:42.001Z,1737350982.0016,0.953802227973938,1.3984489440917969,0
2025-01-20T05:29:42.501Z,1737350982.5016,1.0653260946273804,1.3984489440917969,0
2025-01-20T05:29:43.001Z,1737350983.0016,0.9528545141220093,1.3984489440917969,0
2025-01-20T05:29:43.501Z,1737350983.5016,0.9751464128494263,1.3984489440917969,0
2025-01-20T05:29:44.001Z,1737350984.0016,0.7043330073356628,1.3984489440917969,0
2025-01-20T05:29:44.501Z,1737350984.5016,0.9961056709289551,1.3984489440917969,0
2025-01-20T05:29:45.001Z,1737350985.0016,0.9568376541137695,1.3984489440917969,0
2025-01-20T05:29:45.501Z,1737350985.5016,0.9184625148773193,1.3984489440917969,0
2025-01-20T05:29:46.001Z,1737350986.0016,0.7635757923126221,1.3984489440917969,0
2025-01-20T05:29:46.501Z,1737350986.5016,1.0748049020767212,1.3984489440917969,0
2025-01-20T05:29:47.001Z,1737350987.0016,0.7164417505264282,1.3984489440917969,0
2025-01-20T05:29:47.501Z,1737350987.5016,0.7220228910446167,1.3984489440917969,0
2025-01-20T05:29:48.001Z,1737350988.0016,0.9158074855804443,1.3984489440917969,0
2025-01-20T05:29:48.501Z,1737350988.5016,0.9819446206092834,1.3984489440917969,0
2025-01-20T05:29:49.001Z,1737350989.0016,0.813901424407959,1.3984489440917969,0
2025-01-20T05:29:49.501Z,1737350989.5016,1.080198049545288,1.3984489440917969,0
2025-01-20T05:29:50.001Z,1737350990.0016,1.017565131187439,1.3984489440917969,0
2025-01-20T05:29:50.501Z,1737350990.5016,0.7392485737800598,1.3984489440917969,0
2025-01-20T05:29:51.001Z,1737350991.0016,1.0871105194091797,1.3984489440917969,0
2025-01-20T05:29:51.501Z,1737350991.5016,0.9781320095062256,1.3984489440917969,0
2025-01-20T05:29:52.001Z,1737350992.0016,0.9907834529876709,1.3984489440917969,0
2025-01-20T05:29:52.501Z,1737350992.5016,0.7107979655265808,1.3984489440917969,0
2025-01-20T05:29:53.001Z,1737350993.0016,0.846861720085144,1.3984489440917969,0
2025-01-20T05:29:53.501Z,1737350993.5016,0.8388681411743164,1.3984489440917969,0
2025-01-20T05:29:54.001Z,1737350994.0016,0.7020362019538879,1.3984489440917969,0
2025-01-20T05:29:54.501Z,1737350994.5016,0.7939649224281311,1.3984489440917969,0
2025-01-20T05:29:55.001Z,1737350995.0016,0.883306622505188,1.3984489440917969,0
2025-01-20T05:29:55.501Z,1737350995.5016,0.8720005750656128,1.3984489440917969,0
2025-01-20T05:29:56.001Z,1737350996.0016,1.02744722366333,1.3984489440917969,0
2025-01-20T05:29:56.501Z,1737350996.5016,1.207341194152832,1.3984489440917969,0
2025-01-20T05:29:57.001Z,1737350997.0016,1.0445326566696167,1.3984489440917969,0
2025-01-20T05:29:57.501Z,1737350997.5016,0.7154695391654968,1.3984489440917969,0
2025-01-20T05:29:58.001Z,1737350998.0016,0.9464657306671143,1.3984489440917969,0
2025-01-20T05:29:58.501Z,1737350998.5016,0.9385067224502563,1.3984489440917969,0
2025-01-20T05:29:59.001Z,1737350999.0016,1.0829377174377441,1.3984489440917969,0
2025-01-20T05:29:59.501Z,1737350999.5016,1.2458102703094482,1.3984489440917969,0
2025-01-20T05:30:00.001Z,1737351000.0016,1.1782917976379395,1.3984489440917969,0
2025-01-20T05:30:00.501Z,1737351000.5016,0.8184032440185547,1.3984489440917969,0
2025-01-20T05:30:01.001Z,1737351001.0016,0.9554022550582886,1.3984489440917969,0
2025-01-20T05:30:01.501Z,1737351001.5016,0.8996498584747314,1.3984489440917969,0
2025-01-20T05:30:02.001Z,1737351002.0016,0.7746695876121521,1.3984489440917969,0
2025-01-20T05:30:02.501Z,1737351002.5016,0.8501092195510864,1.3984489440917969,0
2025-01-20T05:30:03.001Z,1737351003.0016,1.0509408712387085,1.3984489440917969,0
2025-01-20T05:30:03.501Z,1737351003.5016,0.972603440284729,1.3984489440917969,0
2025-01-20T05:30:04.001Z,1737351004.0016,1.0966707468032837,1.3984489440917969,0
2025-01-20T05:30:04.501Z,1737351004.5016,0.9694991707801819,1.3984489440917969,0
2025-01-20T05:30:05.001Z,1737351005.0016,0.822853147983551,1.3984489440917969,0
2025-01-20T05:30:05.501Z,1737351005.5016,0.9473896622657776,1.3984489440917969,0
2025-01-20T05:30:06.001Z,1737351006.0016,1.030097484588623,1.3984489440917969,0
2025-01-20T05:30:06.501Z,1737351006.5016,1.0981135368347168,1.3984489440917969,0
2025-01-20T05:30:07.001Z,1737351007.0016,0.6994679570198059,1.3984489440917969,0
2025-01-20T05:30:07.501Z,1737351007.5016,0.8546948432922363,1.3984489440917969,0
2025-01-20T05:30:08.001Z,1737351008.0016,0.8079689741134644,1.3984489440917969,0
2025-01-20T05:30:08.501Z,1737351008.5016,1.0174121856689453,1.3984489440917969,0
2025-01-20T05:30:09.001Z,1737351009.0016,1.014596939086914,1.3984489440917969,0
2025-01-20T05:30:09.501Z,1737351009.5016,1.0053735971450806,1.3984489440917969,0
2025-01-20T05:30:10.001Z,1737351010.0016,0.9708514213562012,1.3984489440917969,0
2025-01-20T05:30:10.501Z,1737351010.5016,0.861410915851593,1.3984489440917969,0
2025-01-20T05:30:11.001Z,1737351011.0016,0.8865069150924683,1.3984489440917969,0
2025-01-20T05:30:11.501Z,1737351011.5016,1.0702762603759766,1.3984489440917969,0
2025-01-20T05:30:12.001Z,1737351012.0016,0.8990563154220581,1.3984489440917969,0
2025-01-20T05:30:12.501Z,1737351012.5016,1.2967157363891602,1.3984489440917969,0
2025-01-20T05:30:13.001Z,1737351013.0016,0.9817962646484375,1.3984489440917969,0
2025-01-20T05:30:13.501Z,1737351013.5016,1.2336151599884033,1.3984489440917969,0
2025-01-20T05:30:14.001Z,1737351014.0016,1.0001468658447266,1.3984489440917969,0
2025-01-20T05:30:14.501Z,1737351014.5016,0.9319859743118286,1.3984489440917969,0
2025-01-20T05:30:15.001Z,1737351015.0016,1.1465909481048584,1.3984489440917969,0
2025-01-20T05:30:15.501Z,1737351015.5016,0.9523380994796753,1.3984489440917969,0
2025-01-20T05:30:16.001Z,1737351016.0016,1.089341640472412,1.3984489440917969,0
2025-01-20T05:30:16.501Z,1737351016.5016,0.9391282796859741,1.3984489440917969,0
2025-01-20T05:30:17.001Z,1737351017.0016,0.8417447209358215,1.3984489440917969,0
2025-01-20T05:30:17.501Z,1737351017.5016,0.9635700583457947,1.3984489440917969,0
2025-01-20T05:30:18.001Z,1737351018.0016,1.0179834365844727,1.3984489440917969,0
2025-01-20T05:30:18.501Z,1737351018.5016,0.9548120498657227,1.3984489440917969,0
2025-01-20T05:30:19.001Z,1737351019.0016,1.029963731765747,1.3984489440917969,0
2025-01-20T05:30:19.501Z,1737351019.5016,0.970130205154419,1.3984489440917969,0
2025-01-20T05:30:20.001Z,1737351020.0016,0.7558808326721191,1.3984489440917969,0
2025-01-20T05:30:20.501Z,1737351020.5016,0.8893053531646729,1.3984489440917969,0
2025-01-20T05:30:21.001Z,1737351021.0016,0.829529881477356,1.3984489440917969,0
2025-01-20T05:30:21.501Z,1737351021.5016,0.7680734395980835,1.3984489440917969,0
2025-01-20T05:30:22.001Z,1737351022.0016,0.8857830762863159,1.3984489440917969,0
2025-01-20T05:30:22.501Z,1737351022.5016,0.9556136131286621,1.3984489440917969,0
2025-01-20T05:30:23.001Z,1737351023.0016,0.8369437456130981,1.3984489440917969,0
2025-01-20T05:30:23.501Z,1737351023.5016,1.144043207168579,1.3984489440917969,0
2025-01-20T05:30:24.001Z,1737351024.0016,0.9989309906959534,1.3984489440917969,0
2025-01-20T05:30:24.501Z,1737351024.5016,0.9416190385818481,1.3984489440917969,0
2025-01-20T05:30:25.001Z,1737351025.0016,0.8265368938446045,1.3984489440917969,0
2025-01-20T05:30:25.501Z,1737351025.5016,0.9201783537864685,1.3984489440917969,0
2025-01-20T05:30:26.001Z,1737351026.0016,0.9028781652450562,1.3984489440917969,0
2025-01-20T05:30:26.501Z,1737351026.5016,0.90245521068573,1.3984489440917969,0
2025-01-20T05:30:27.001Z,1737351027.0016,1.013129472732544,1.3984489440917969,0
2025-01-20T05:30:27.501Z,1737351027.5016,1.213566541671753,1.3984489440917969,0
2025-01-20T05:30:28.001Z,1737351028.0016,1.0576251745224,1.3984489440917969,0
2025-01-20T05:30:28.501Z,1737351028.5016,1.0265538692474365,1.3984489440917969,0
2025-01-20T05:30:29.001Z,1737351029.0016,0.9238386154174805,1.3984489440917969,0
2025-01-20T05:30:29.501Z,1737351029.5016,0.7494231462478638,1.3984489440917969,0
2025-01-20T05:30:30.001Z,1737351030.0016,0.7955302596092224,1.3984489440917969,0
2025-01-20T05:30:30.501Z,1737351030.5016,0.9220681190490723,1.3984489440917969,0
2025-01-20T05:30:31.001Z,1737351031.0016,0.93345046043396,1.3984489440917969,0
2025-01-20T05:30:31.501Z,1737351031.5016,0.8638503551483154,1.3984489440917969,0
2025-01-20T05:30:32.001Z,1737351032.0016,1.0603163242340088,1.3984489440917969,0
2025-01-20T05:30:32.501Z,1737351032.5016,0.7655069828033447,1.3984489440917969,0
2025-01-20T05:30:33.001Z,1737351033.0016,0.8613623380661011,1.3984489440917969,0
2025-01-20T05:30:33.501Z,1737351033.5016,0.7839963436126709,1.3984489440917969,0
2025-01-20T05:30:34.001Z,1737351034.0016,1.0686752796173096,1.3984489440917969,0
2025-01-20T05:30:34.501Z,1737351034.5016,1.0217313766479492,1.3984489440917969,0
2025-01-20T05:30:35.001Z,1737351035.0016,0.8862478733062744,1.3984489440917969,0
2025-01-20T05:30:35.501Z,1737351035.5016,0.9437868595123291,1.3984489440917969,0
2025-01-20T05:30:36.001Z,1737351036.0016,0.8214776515960693,1.3984489440917969,0
2025-01-20T05:30:36.501Z,1737351036.5016,0.8540129661560059,1.3984489440917969,0
2025-01-20T05:30:37.001Z,1737351037.0016,0.8880000114440918,1.3984489440917969,0
2025-01-20T05:30:37.501Z,1737351037.5016,0.9983940124511719,1.3984489440917969,0
2025-01-20T05:30:38.001Z,1737351038.0016,0.952163577079773,1.3984489440917969,0
2025-01-20T05:30:38.501Z,1737351038.5016,0.8955255746841431,1.3984489440917969,0
2025-01-20T05:30:39.001Z,1737351039.0016,1.2633676528930664,1.3984489440917969,0
2025-01-20T05:30:39.501Z,1737351039.5016,1.1010676622390747,1.3984489440917969,0
2025-01-20T05:30:40.001Z,1737351040.0016,1.089024543762207,1.3984489440917969,0
2025-01-20T05:30:40.501Z,1737351040.5016,1.1415367126464844,1.3984489440917969,0
2025-01-20T05:30:41.001Z,1737351041.0016,1.2022936344146729,1.3984489440917969,0
2025-01-20T05:30:41.501Z,1737351041.5016,0.9901555776596069,1.3984489440917969,0
2025-01-20T05:30:42.001Z,1737351042.0016,0.8654229044914246,1.3984489440917969,0
2025-01-20T05:30:42.501Z,1737351042.5016,0.9041945338249207,1.3984489440917969,0
2025-01-20T05:30:43.001Z,1737351043.0016,1.0902199745178223,1.3984489440917969,0
2025-01-20T05:30:43.501Z,1737351043.5016,1.1672923564910889,1.3984489440917969,0
2025-01-20T05:30:44.001Z,1737351044.0016,0.9298053979873657,1.3984489440917969,0
2025-01-20T05:30:44.501Z,1737351044.5016,1.0497021675109863,1.3984489440917969,0
2025-01-20T05:30:45.001Z,1737351045.0016,0.9905942678451538,1.3984489440917969,0
2025-01-20T05:30:45.501Z,1737351045.5016,0.8990280628204346,1.3984489440917969,0
2025-01-20T05:30:46.001Z,1737351046.0016,0.8719004392623901,1.3984489440917969,0
2025-01-20T05:30:46.501Z,1737351046.5016,0.9390360116958618,1.3984489440917969,0
2025-01-20T05:30:47.001Z,1737351047.0016,0.8965798616409302,1.3984489440917969,0
2025-01-20T05:30:47.501Z,1737351047.5016,0.7777720093727112,1.3984489440917969,0
2025-01-20T05:30:48.001Z,1737351048.0016,0.7157028913497925,1.3984489440917969,0
2025-01-20T05:30:48.501Z,1737351048.5016,0.717793345451355,1.3984489440917969,0
2025-01-20T05:30:49.001Z,1737351049.0016,1.074208378791809,1.3984489440917969,0
2025-01-20T05:30:49.501Z,1737351049.5016,1.0350408554077148,1.3984489440917969,0
2025-01-20T05:30:50.001Z,1737351050.0016,0.8403544425964355,1.3984489440917969,0
2025-01-20T05:30:50.501Z,1737351050.5016,0.7564679384231567,1.3984489440917969,0
2025-01-20T05:30:51.001Z,1737351051.0016,0.7134205102920532,1.3984489440917969,0
2025-01-20T05:30:51.501Z,1737351051.5016,1.137791633605957,1.3984489440917969,0
2025-01-20T05:30:52.001Z,1737351052.0016,1.1433227062225342,1.3984489440917969,0
2025-01-20T05:30:52.501Z,1737351052.5016,1.0052211284637451,1.3984489440917969,0
2025-01-20T05:30:53.001Z,1737351053.0016,0.9478015899658203,1.3984489440917969,0
2025-01-20T05:30:53.501Z,1737351053.5016,0.8774712085723877,1.3984489440917969,0
2025-01-20T05:30:54.001Z,1737351054.0016,1.1409343481063843,1.3984489440917969,0
2025-01-20T05:30:54.501Z,1737351054.5016,1.4560770988464355,1.3984489440917969,0
2025-01-20T05:30:55.001Z,1737351055.0016,1.3608683347702026,1.3984489440917969,0
2025-01-20T05:30:55.501Z,1737351055.5016,1.1203174591064453,1.3984489440917969,0
2025-01-20T05:30:56.001Z,1737351056.0016,0.793964147567749,1.3984489440917969,0
2025-01-20T05:30:56.501Z,1737351056.5016,0.8377557992935181,1.3984489440917969,0
2025-01-20T05:30:57.001Z,1737351057.0016,0.912498950958252,1.3984489440917969,0
2025-01-20T05:30:57.501Z,1737351057.5016,0.8538978099822998,1.3984489440917969,0
2025-01-20T05:30:58.001Z,1737351058.0016,0.9710679054260254,1.3984489440917969,0
2025-01-20T05:30:58.501Z,1737351058.5016,0.8953848481178284,1.3984489440917969,0
2025-01-20T05:30:59.001Z,1737351059.0016,0.9526481628417969,1.3984489440917969,0
2025-01-20T05:30:59.501Z,1737351059.5016,0.9963353872299194,1.3984489440917969,0
2025-01-20T05:31:00.001Z,1737351060.0016,0.9973495006561279,1.3984489440917969,0
2025-01-20T05:31:00.501Z,1737351060.5016,0.843370795249939,1.3984489440917969,0
2025-01-20T05:31:01.001Z,1737351061.0016,1.020688772201538,1.3984489440917969,0
2025-01-20T05:31:01.501Z,1737351061.5016,1.0584049224853516,1.3984489440917969,0
2025-01-20T05:31:02.001Z,1737351062.0016,0.8551806211471558,1.3984489440917969,0
2025-01-20T05:31:02.501Z,1737351062.5016,0.7455503940582275,1.3984489440917969,0
2025-01-20T05:31:03.001Z,1737351063.0016,0.8799440860748291,1.3984489440917969,0
2025-01-20T05:31:03.501Z,1737351063.5016,0.9496471285820007,1.3984489440917969,0
2025-01-20T05:31:04.001Z,1737351064.0016,0.8312104344367981,1.3984489440917969,0
2025-01-20T05:31:04.501Z,1737351064.5016,0.9785181283950806,1.3984489440917969,0
2025-01-20T05:31:05.001Z,1737351065.0016,0.9897751808166504,1.3984489440917969,0
2025-01-20T05:31:05.501Z,1737351065.5016,0.8343325853347778,1.3984489440917969,0
2025-01-20T05:31:06.001Z,1737351066.0016,0.9338053464889526,1.3984489440917969,0
2025-01-20T05:31:06.501Z,1737351066.5016,0.9671072363853455,1.3984489440917969,0
2025-01-20T05:31:07.001Z,1737351067.0016,1.0935134887695312,1.3984489440917969,0
2025-01-20T05:31:07.501Z,1737351067.5016,0.9669781923294067,1.3984489440917969,0
2025-01-20T05:31:08.001Z,1737351068.0016,1.1872406005859375,1.3984489440917969,0
2025-01-20T05:31:08.501Z,1737351068.5016,0.8654792904853821,1.3984489440917969,0
2025-01-20T05:31:09.001Z,1737351069.0016,0.9490799903869629,1.3984489440917969,0
2025-01-20T05:31:09.501Z,1737351069.5016,0.7355597019195557,1.3984489440917969,0
2025-01-20T05:31:10.001Z,1737351070.0016,0.9754968881607056,1.3984489440917969,0
2025-01-20T05:31:10.501Z,1737351070.5016,1.2608702182769775,1.3984489440917969,0
2025-01-20T05:31:11.001Z,1737351071.0016,1.1804022789001465,1.3984489440917969,0
2025-01-20T05:31:11.501Z,1737351071.5016,1.1567230224609375,1.3984489440917969,0
2025-01-20T05:31:12.001Z,1737351072.0016,0.856173038482666,1.3984489440917969,0
2025-01-20T05:31:12.501Z,1737351072.5016,1.3021231889724731,1.3984489440917969,0
2025-01-20T05:31:13.001Z,1737351073.0016,1.2821435928344727,1.3984489440917969,0
2025-01-20T05:31:13.501Z,1737351073.5016,1.0685150623321533,1.3984489440917969,0
2025-01-20T05:31:14.001Z,1737351074.0016,0.9822409152984619,1.3984489440917969,0
2025-01-20T05:31:14.501Z,1737351074.5016,0.94080650806427,1.3984489440917969,0
2025-01-20T05:31:15.001Z,1737351075.0016,1.0627565383911133,1.3984489440917969,0
2025-01-20T05:31:15.501Z,1737351075.5016,1.0195603370666504,1.3984489440917969,0
2025-01-20T05:31:16.001Z,1737351076.0016,0.9097689390182495,1.3984489440917969,0
2025-01-20T05:31:16.501Z,1737351076.5016,0.8644323945045471,1.3984489440917969,0
2025-01-20T05:31:17.001Z,1737351077.0016,0.9327560663223267,1.3984489440917969,0
2025-01-20T05:31:17.501Z,1737351077.5016,0.8239224553108215,1.3984489440917969,0
2025-01-20T05:31:18.001Z,1737351078.0016,0.6983852386474609,1.3984489440917969,0
2025-01-20T05:31:18.501Z,1737351078.5016,0.9143433570861816,1.3984489440917969,0
2025-01-20T05:31:19.001Z,1737351079.0016,0.9715901613235474,1.3984489440917969,0
2025-01-20T05:31:19.501Z,1737351079.5016,0.8167628049850464,1.3984489440917969,0
2025-01-20T05:31:20.001Z,1737351080.0016,1.0150898694992065,1.3984489440917969,0
2025-01-20T05:31:20.501Z,1737351080.5016,0.9482361078262329,1.3984489440917969,0
2025-01-20T05:31:21.001Z,1737351081.0016,1.051120400428772,1.3984489440917969,0
2025-01-20T05:31:21.501Z,1737351081.5016,1.0531655550003052,1.3984489440917969,0
2025-01-20T05:31:22.001Z,1737351082.0016,1.0217175483703613,1.3984489440917969,0
2025-01-20T05:31:22.501Z,1737351082.5016,0.7165170907974243,1.3984489440917969,0
2025-01-20T05:31:23.001Z,1737351083.0016,0.8458439707756042,1.3984489440917969,0
2025-01-20T05:31:23.501Z,1737351083.5016,0.8980238437652588,1.3984489440917969,0
2025-01-20T05:31:24.001Z,1737351084.0016,0.9503070116043091,1.3984489440917969,0
2025-01-20T05:31:24.501Z,1737351084.5016,0.7941362261772156,1.3984489440917969,0
2025-01-20T05:31:25.001Z,1737351085.0016,0.7685260772705078,1.3984489440917969,0
2025-01-20T05:31:25.501Z,1737351085.5016,1.0236849784851074,1.3984489440917969,0
2025-01-20T05:31:26.001Z,1737351086.0016,1.0145690441131592,1.3984489440917969,0
2025-01-20T05:31:26.501Z,1737351086.5016,0.7223870158195496,1.3984489440917969,0
2025-01-20T05:31:27.001Z,1737351087.0016,0.8915404081344604,1.3984489440917969,0
2025-01-20T05:31:27.501Z,1737351087.5016,1.0605945587158203,1.3984489440917969,0
2025-01-20T05:31:28.001Z,1737351088.0016,0.9732617735862732,1.3984489440917969,0
2025-01-20T05:31:28.501Z,1737351088.5016,0.9909213185310364,1.3984489440917969,0
2025-01-20T05:31:29.001Z,1737351089.0016,0.8131029009819031,1.3984489440917969,0
2025-01-20T05:31:29.501Z,1737351089.5016,0.8283867835998535,1.3984489440917969,0
2025-01-20T05:31:30.001Z,1737351090.0016,0.946905791759491,1.3984489440917969,0
2025-01-20T05:31:30.501Z,1737351090.5016,1.0992553234100342,1.3984489440917969,0
2025-01-20T05:31:31.001Z,1737351091.0016,0.9727661609649658,1.3984489440917969,0
2025-01-20T05:31:31.501Z,1737351091.5016,0.6476792097091675,1.3984489440917969,0
2025-01-20T05:31:32.001Z,1737351092.0016,0.9888150691986084,1.3984489440917969,0
2025-01-20T05:31:32.501Z,1737351092.5016,0.6451250314712524,1.3984489440917969,0
2025-01-20T05:31:33.001Z,1737351093.0016,1.1420241594314575,1.3984489440917969,0
2025-01-20T05:31:33.501Z,1737351093.5016,0.8514635562896729,1.3984489440917969,0
2025-01-20T05:31:34.001Z,1737351094.0016,0.8701122999191284,1.3984489440917969,0
2025-01-20T05:31:34.501Z,1737351094.5016,1.1171178817749023,1.3984489440917969,0
2025-01-20T05:31:35.001Z,1737351095.0016,0.9282509088516235,1.3984489440917969,0
2025-01-20T05:31:35.501Z,1737351095.5016,0.7669309377670288,1.3984489440917969,0
2025-01-20T05:31:36.001Z,1737351096.0016,0.9122390747070312,1.3984489440917969,0
2025-01-20T05:31:36.501Z,1737351096.5016,0.8451662063598633,1.3984489440917969,0
2025-01-20T05:31:37.001Z,1737351097.0016,1.0091346502304077,1.3984489440917969,0
2025-01-20T05:31:37.501Z,1737351097.5016,1.3617353439331055,1.3984489440917969,0
2025-01-20T05:31:38.001Z,1737351098.0016,1.016980767250061,1.3984489440917969,0
2025-01-20T05:31:38.501Z,1737351098.5016,0.9438715577125549,1.3984489440917969,0
2025-01-20T05:31:39.001Z,1737351099.0016,1.2979862689971924,1.3984489440917969,0
2025-01-20T05:31:39.501Z,1737351099.5016,0.8601189851760864,1.3984489440917969,0
2025-01-20T05:31:40.001Z,1737351100.0016,1.0985150337219238,1.3984489440917969,0
2025-01-20T05:31:40.501Z,1737351100.5016,0.970863401889801,1.3984489440917969,0
2025-01-20T05:31:41.001Z,1737351101.0016,0.9465510249137878,1.3984489440917969,0
2025-01-20T05:31:41.501Z,1737351101.5016,0.9373963475227356,1.3984489440917969,0
2025-01-20T05:31:42.001Z,1737351102.0016,1.0871576070785522,1.3984489440917969,0
2025-01-20T05:31:42.501Z,1737351102.5016,1.2185442447662354,1.3984489440917969,0
2025-01-20T05:31:43.001Z,1737351103.0016,1.0022923946380615,1.3984489440917969,0
2025-01-20T05:31:43.501Z,1737351103.5016,0.7792454957962036,1.3984489440917969,0
2025-01-20T05:31:44.001Z,1737351104.0016,0.764339804649353,1.3984489440917969,0
2025-01-20T05:31:44.501Z,1737351104.5016,0.810340166091919,1.3984489440917969,0
2025-01-20T05:31:45.001Z,1737351105.0016,0.775011420249939,1.3984489440917969,0
2025-01-20T05:31:45.501Z,1737351105.5016,0.8852010369300842,1.3984489440917969,0
2025-01-20T05:31:46.001Z,1737351106.0016,0.9737210273742676,1.3984489440917969,0
2025-01-20T05:31:46.501Z,1737351106.5016,0.701526403427124,1.3984489440917969,0
2025-01-20T05:31:47.001Z,1737351107.0016,0.7391005158424377,1.3984489440917969,0
2025-01-20T05:31:47.501Z,1737351107.5016,0.9314483404159546,1.3984489440917969,0
2025-01-20T05:31:48.001Z,1737351108.0016,0.9419044256210327,1.3984489440917969,0
2025-01-20T05:31:48.501Z,1737351108.5016,1.0612950325012207,1.3984489440917969,0
2025-01-20T05:31:49.001Z,1737351109.0016,0.9755151271820068,1.3984489440917969,0
2025-01-20T05:31:49.501Z,1737351109.5016,0.9408172369003296,1.3984489440917969,0
2025-01-20T05:31:50.001Z,1737351110.0016,0.9532874226570129,1.3984489440917969,0
2025-01-20T05:31:50.501Z,1737351110.5016,1.031077265739441,1.3984489440917969,0
2025-01-20T05:31:51.001Z,1737351111.0016,0.7990177869796753,1.3984489440917969,0
2025-01-20T05:31:51.501Z,1737351111.5016,1.187943696975708,1.3984489440917969,0
2025-01-20T05:31:52.001Z,1737351112.0016,1.0919239521026611,1.3984489440917969,0
2025-01-20T05:31:52.501Z,1737351112.5016,1.0958263874053955,1.3984489440917969,0
2025-01-20T05:31:53.001Z,1737351113.0016,0.9883565902709961,1.3984489440917969,0
2025-01-20T05:31:53.501Z,1737351113.5016,1.320117473602295,1.3984489440917969,0
2025-01-20T05:31:54.001Z,1737351114.0016,1.0110554695129395,1.3984489440917969,0
2025-01-20T05:31:54.501Z,1737351114.5016,0.911200225353241,1.3984489440917969,0
2025-01-20T05:31:55.001Z,1737351115.0016,1.097186803817749,1.3984489440917969,0
2025-01-20T05:31:55.501Z,1737351115.5016,0.8689343929290771,1.3984489440917969,0
2025-01-20T05:31:56.001Z,1737351116.0016,1.0066370964050293,1.3984489440917969,0
2025-01-20T05:31:56.501Z,1737351116.5016,0.9435336589813232,1.3984489440917969,0
2025-01-20T05:31:57.001Z,1737351117.0016,1.061560869216919,1.3984489440917969,0
2025-01-20T05:31:57.501Z,1737351117.5016,0.9444618225097656,1.3984489440917969,0
2025-01-20T05:31:58.001Z,1737351118.0016,0.8586448431015015,1.3984489440917969,0
2025-01-20T05:31:58.501Z,1737351118.5016,0.9105034470558167,1.3984489440917969,0
2025-01-20T05:31:59.001Z,1737351119.0016,1.110412359237671,1.3984489440917969,0
2025-01-20T05:31:59.501Z,1737351119.5016,1.0880167484283447,1.3984489440917969,0
2025-01-20T05:32:00.001Z,1737351120.0016,0.9673931002616882,1.3984489440917969,0
2025-01-20T05:32:00.501Z,1737351120.5016,0.9987510442733765,1.3984489440917969,0
2025-01-20T05:32:01.001Z,1737351121.0016,0.9273524284362793,1.3984489440917969,0
2025-01-20T05:32:01.501Z,1737351121.5016,1.124552845954895,1.3984489440917969,0
2025-01-20T05:32:02.001Z,1737351122.0016,0.8868062496185303,1.3984489440917969,0
2025-01-20T05:32:02.501Z,1737351122.5016,0.8136721253395081,1.3984489440917969,0
2025-01-20T05:32:03.001Z,1737351123.0016,0.7432016134262085,1.3984489440917969,0
2025-01-20T05:32:03.501Z,1737351123.5016,0.8317083120346069,1.3984489440917969,0
2025-01-20T05:32:04.001Z,1737351124.0016,0.9080272912979126,1.3984489440917969,0
2025-01-20T05:32:04.501Z,1737351124.5016,0.982093095779419,1.3984489440917969,0
2025-01-20T05:32:05.001Z,1737351125.0016,0.9640520215034485,1.3984489440917969,0
2025-01-20T05:32:05.501Z,1737351125.5016,1.0564393997192383,1.3984489440917969,0
2025-01-20T05:32:06.001Z,1737351126.0016,1.1682894229888916,1.3984489440917969,0
2025-01-20T05:32:06.501Z,1737351126.5016,1.0629761219024658,1.3984489440917969,0
2025-01-20T05:32:07.001Z,1737351127.0016,1.2439324855804443,1.3984489440917969,0
2025-01-20T05:32:07.501Z,1737351127.5016,1.046378254890442,1.3984489440917969,0
2025-01-20T05:32:08.001Z,1737351128.0016,1.0559955835342407,1.3984489440917969,0
2025-01-20T05:32:08.501Z,1737351128.5016,0.8729298114776611,1.3984489440917969,0
2025-01-20T05:32:09.001Z,1737351129.0016,0.8926054239273071,1.3984489440917969,0
2025-01-20T05:32:09.501Z,1737351129.5016,0.8800541758537292,1.3984489440917969,0
2025-01-20T05:32:10.001Z,1737351130.0016,0.9025408625602722,1.3984489440917969,0
2025-01-20T05:32:10.501Z,1737351130.5016,0.7893056869506836,1.3984489440917969,0
2025-01-20T05:32:11.001Z,1737351131.0016,0.8813087940216064,1.3984489440917969,0
2025-01-20T05:32:11.501Z,1737351131.5016,0.784866213798523,1.3984489440917969,0
2025-01-20T05:32:12.001Z,1737351132.0016,1.1630786657333374,1.3984489440917969,0
2025-01-20T05:32:12.501Z,1737351132.5016,0.9644756317138672,1.3984489440917969,0
2025-01-20T05:32:13.001Z,1737351133.0016,0.7635568380355835,1.3984489440917969,0
2025-01-20T05:32:13.501Z,1737351133.5016,0.8800709247589111,1.3984489440917969,0
2025-01-20T05:32:14.001Z,1737351134.0016,0.823930025100708,1.3984489440917969,0
2025-01-20T05:32:14.501Z,1737351134.5016,0.7327274084091187,1.3984489440917969,0
2025-01-20T05:32:15.001Z,1737351135.0016,0.7230850458145142,1.3984489440917969,0
2025-01-20T05:32:15.501Z,1737351135.5016,0.9326335191726685,1.3984489440917969,0
2025-01-20T05:32:16.001Z,1737351136.0016,0.9199397563934326,1.3984489440917969,0
2025-01-20T05:32:16.501Z,1737351136.5016,1.1380701065063477,1.3984489440917969,0
2025-01-20T05:32:17.001Z,1737351137.0016,0.9316213726997375,1.3984489440917969,0
2025-01-20T05:32:17.501Z,1737351137.5016,0.9184883832931519,1.3984489440917969,0
2025-01-20T05:32:18.001Z,1737351138.0016,0.9524688124656677,1.3984489440917969,0
2025-01-20T05:32:18.501Z,1737351138.5016,1.1620759963989258,1.3984489440917969,0
2025-01-20T05:32:19.001Z,1737351139.0016,0.9325953722000122,1.3984489440917969,0
2025-01-20T05:32:19.501Z,1737351139.5016,0.7266162633895874,1.3984489440917969,0
2025-01-20T05:32:20.001Z,1737351140.0016,1.0238392353057861,1.3984489440917969,0
2025-01-20T05:32:20.501Z,1737351140.5016,0.9409890174865723,1.3984489440917969,0
2025-01-20T05:32:21.001Z,1737351141.0016,1.0111126899719238,1.3984489440917969,0
2025-01-20T05:32:21.501Z,1737351141.5016,0.952125072479248,1.3984489440917969,0
2025-01-20T05:32:22.001Z,1737351142.0016,0.9321831464767456,1.3984489440917969,0
2025-01-20T05:32:22.501Z,1737351142.5016,1.074772834777832,1.3984489440917969,0
2025-01-20T05:32:23.001Z,1737351143.0016,0.8720582723617554,1.3984489440917969,0
2025-01-20T05:32:23.501Z,1737351143.5016,1.0705698728561401,1.3984489440917969,0
2025-01-20T05:32:24.001Z,1737351144.0016,1.003232479095459,1.3984489440917969,0
2025-01-20T05:32:24.501Z,1737351144.5016,1.0724635124206543,1.3984489440917969,0
2025-01-20T05:32:25.001Z,1737351145.0016,0.941479504108429,1.3984489440917969,0
2025-01-20T05:32:25.501Z,1737351145.5016,1.0831865072250366,1.3984489440917969,0
2025-01-20T05:32:26.001Z,1737351146.0016,1.1169273853302002,1.3984489440917969,0
2025-01-20T05:32:26.501Z,1737351146.5016,1.0763449668884277,1.3984489440917969,0
2025-01-20T05:32:27.001Z,1737351147.0016,0.8549584150314331,1.3984489440917969,0
2025-01-20T05:32:27.501Z,1737351147.5016,0.7792141437530518,1.3984489440917969,0
2025-01-20T05:32:28.001Z,1737351148.0016,1.1520106792449951,1.3984489440917969,0
2025-01-20T05:32:28.501Z,1737351148.5016,0.919745683670044,1.3984489440917969,0
2025-01-20T05:32:29.001Z,1737351149.0016,0.7732239961624146,1.3984489440917969,0
2025-01-20T05:32:29.501Z,1737351149.5016,0.952517032623291,1.3984489440917969,0
2025-01-20T05:32:30.001Z,1737351150.0016,0.9163624048233032,1.3984489440917969,0
2025-01-20T05:32:30.501Z,1737351150.5016,0.9449717998504639,1.3984489440917969,0
2025-01-20T05:32:31.001Z,1737351151.0016,0.9537376761436462,1.3984489440917969,0
2025-01-20T05:32:31.501Z,1737351151.5016,0.7810276746749878,1.3984489440917969,0
2025-01-20T05:32:32.001Z,1737351152.0016,0.7803674340248108,1.3984489440917969,0
2025-01-20T05:32:32.501Z,1737351152.5016,0.8396241068840027,1.3984489440917969,0
2025-01-20T05:32:33.001Z,1737351153.0016,0.839165210723877,1.3984489440917969,0
2025-01-20T05:32:33.501Z,1737351153.5016,0.9356406927108765,1.3984489440917969,0
2025-01-20T05:32:34.001Z,1737351154.0016,0.9038655757904053,1.3984489440917969,0
2025-01-20T05:32:34.501Z,1737351154.5016,1.2138004302978516,1.3984489440917969,0
2025-01-20T05:32:35.001Z,1737351155.0016,0.8907605409622192,1.3984489440917969,0
2025-01-20T05:32:35.501Z,1737351155.5016,0.9786987900733948,1.3984489440917969,0
2025-01-20T05:32:36.001Z,1737351156.0016,0.9836252927780151,1.3984489440917969,0
2025-01-20T05:32:36.501Z,1737351156.5016,1.0066344738006592,1.3984489440917969,0
2025-01-20T05:32:37.001Z,1737351157.0016,0.8351383805274963,1.3984489440917969,0
2025-01-20T05:32:37.501Z,1737351157.5016,1.0002853870391846,1.3984489440917969,0
2025-01-20T05:32:38.001Z,1737351158.0016,0.7647836208343506,1.3984489440917969,0
2025-01-20T05:32:38.501Z,1737351158.5016,0.9552891254425049,1.3984489440917969,0
2025-01-20T05:32:39.001Z,1737351159.0016,1.1731631755828857,1.3984489440917969,0
2025-01-20T05:32:39.501Z,1737351159.5016,0.8751857280731201,1.3984489440917969,0
2025-01-20T05:32:40.001Z,1737351160.0016,1.0847362279891968,1.3984489440917969,0
2025-01-20T05:32:40.501Z,1737351160.5016,0.89483243227005,1.3984489440917969,0
2025-01-20T05:32:41.001Z,1737351161.0016,0.8985257148742676,1.3984489440917969,0
2025-01-20T05:32:41.501Z,1737351161.5016,0.7823858261108398,1.3984489440917969,0
2025-01-20T05:32:42.001Z,1737351162.0016,1.0088775157928467,1.3984489440917969,0
2025-01-20T05:32:42.501Z,1737351162.5016,0.9498010873794556,1.3984489440917969,0
2025-01-20T05:32:43.001Z,1737351163.0016,0.8947218656539917,1.3984489440917969,0
2025-01-20T05:32:43.501Z,1737351163.5016,0.9479303359985352,1.3984489440917969,0
2025-01-20T05:32:44.001Z,1737351164.0016,1.0473356246948242,1.3984489440917969,0
2025-01-20T05:32:44.501Z,1737351164.5016,0.8773607015609741,1.3984489440917969,0
2025-01-20T05:32:45.001Z,1737351165.0016,0.8787194490432739,1.3984489440917969,0
2025-01-20T05:32:45.501Z,1737351165.5016,0.834164023399353,1.3984489440917969,0
2025-01-20T05:32:46.001Z,1737351166.0016,1.2732667922973633,1.3984489440917969,0
2025-01-20T05:32:46.501Z,1737351166.5016,1.1794099807739258,1.3984489440917969,0
2025-01-20T05:32:47.001Z,1737351167.0016,0.8786406517028809,1.3984489440917969,0
2025-01-20T05:32:47.501Z,1737351167.5016,0.9597800374031067,1.3984489440917969,0
2025-01-20T05:32:48.001Z,1737351168.0016,0.9227951765060425,1.3984489440917969,0
2025-01-20T05:32:48.501Z,1737351168.5016,0.68896484375,1.3984489440917969,0
2025-01-20T05:32:49.001Z,1737351169.0016,0.9771792888641357,1.3984489440917969,0
2025-01-20T05:32:49.501Z,1737351169.5016,0.8863867521286011,1.3984489440917969,0
2025-01-20T05:32:50.001Z,1737351170.0016,1.0747528076171875,1.3984489440917969,0
2025-01-20T05:32:50.501Z,1737351170.5016,0.9153306484222412,1.3984489440917969,0
2025-01-20T05:32:51.001Z,1737351171.0016,1.0286037921905518,1.3984489440917969,0
2025-01-20T05:32:51.501Z,1737351171.5016,0.8608578443527222,1.3984489440917969,0
2025-01-20T05:32:52.001Z,1737351172.0016,1.296964168548584,1.3984489440917969,0
2025-01-20T05:32:52.501Z,1737351172.5016,1.007075309753418,1.3984489440917969,0
2025-01-20T05:32:53.001Z,1737351173.0016,0.8297392129898071,1.3984489440917969,0
2025-01-20T05:32:53.501Z,1737351173.5016,1.0367770195007324,1.3984489440917969,0
2025-01-20T05:32:54.001Z,1737351174.0016,0.8929370045661926,1.3984489440917969,0
2025-01-20T05:32:54.501Z,1737351174.5016,0.8739838004112244,1.3984489440917969,0
2025-01-20T05:32:55.001Z,1737351175.0016,0.9249703884124756,1.3984489440917969,0
2025-01-20T05:32:55.501Z,1737351175.5016,0.8049081563949585,1.3984489440917969,0
2025-01-20T05:32:56.001Z,1737351176.0016,0.7808415293693542,1.3984489440917969,0
2025-01-20T05:32:56.501Z,1737351176.5016,0.8809671998023987,1.3984489440917969,0
2025-01-20T05:32:57.001Z,1737351177.0016,1.384929895401001,1.3984489440917969,0
2025-01-20T05:32:57.501Z,1737351177.5016,1.0174949169158936,1.3984489440917969,0
2025-01-20T05:32:58.001Z,1737351178.0016,1.098160743713379,1.3984489440917969,0
2025-01-20T05:32:58.501Z,1737351178.5016,1.1031687259674072,1.3984489440917969,0
2025-01-20T05:32:59.001Z,1737351179.0016,1.1606976985931396,1.3984489440917969,0
2025-01-20T05:32:59.501Z,1737351179.5016,0.7779929637908936,1.3984489440917969,0
2025-01-20T05:33:00.001Z,1737351180.0016,0.7481791973114014,1.3984489440917969,0
2025-01-20T05:33:00.501Z,1737351180.5016,0.7585703134536743,1.3984489440917969,0
2025-01-20T05:33:01.001Z,1737351181.0016,1.0331411361694336,1.3984489440917969,0
2025-01-20T05:33:01.501Z,1737351181.5016,1.1993622779846191,1.3984489440917969,0
2025-01-20T05:33:02.001Z,1737351182.0016,0.9493032097816467,1.3984489440917969,0
2025-01-20T05:33:02.501Z,1737351182.5016,0.8889628648757935,1.3984489440917969,0
2025-01-20T05:33:03.001Z,1737351183.0016,0.9535698294639587,1.3984489440917969,0
2025-01-20T05:33:03.501Z,1737351183.5016,1.2263596057891846,1.3984489440917969,0
2025-01-20T05:33:04.001Z,1737351184.0016,0.7261635661125183,1.3984489440917969,0
2025-01-20T05:33:04.501Z,1737351184.5016,0.7887530326843262,1.3984489440917969,0
2025-01-20T05:33:05.001Z,1737351185.0016,0.7425034046173096,1.3984489440917969,0
2025-01-20T05:33:05.501Z,1737351185.5016,0.8681014776229858,1.3984489440917969,0
2025-01-20T05:33:06.001Z,1737351186.0016,0.7555521726608276,1.3984489440917969,0
2025-01-20T05:33:06.501Z,1737351186.5016,0.7955927848815918,1.3984489440917969,0
2025-01-20T05:33:07.001Z,1737351187.0016,0.9450768232345581,1.3984489440917969,0
2025-01-20T05:33:07.501Z,1737351187.5016,0.8610541224479675,1.3984489440917969,0
2025-01-20T05:33:08.001Z,1737351188.0016,0.7042157649993896,1.3984489440917969,0
2025-01-20T05:33:08.501Z,1737351188.5016,1.300588607788086,1.3984489440917969,0
2025-01-20T05:33:09.001Z,1737351189.0016,1.226136326789856,1.3984489440917969,0
2025-01-20T05:33:09.501Z,1737351189.5016,1.0113732814788818,1.3984489440917969,0
2025-01-20T05:33:10.001Z,1737351190.0016,1.0208054780960083,1.3984489440917969,0
2025-01-20T05:33:10.501Z,1737351190.5016,1.0556560754776,1.3984489440917969,0
2025-01-20T05:33:11.001Z,1737351191.0016,0.9784306287765503,1.3984489440917969,0
2025-01-20T05:33:11.501Z,1737351191.5016,0.8935226202011108,1.3984489440917969,0
2025-01-20T05:33:12.001Z,1737351192.0016,0.7853536605834961,1.3984489440917969,0
2025-01-20T05:33:12.501Z,1737351192.5016,0.8297393321990967,1.3984489440917969,0
2025-01-20T05:33:13.001Z,1737351193.0016,0.8247253894805908,1.3984489440917969,0
2025-01-20T05:33:13.501Z,1737351193.5016,1.169783353805542,1.3984489440917969,0
2025-01-20T05:33:14.001Z,1737351194.0016,1.0231999158859253,1.3984489440917969,0
2025-01-20T05:33:14.501Z,1737351194.5016,0.9758296012878418,1.3984489440917969,0
2025-01-20T05:33:15.001Z,1737351195.0016,0.9051380753517151,1.3984489440917969,0
2025-01-20T05:33:15.501Z,1737351195.5016,0.7308609485626221,1.3984489440917969,0
2025-01-20T05:33:16.001Z,1737351196.0016,0.6996863484382629,1.3984489440917969,0
2025-01-20T05:33:16.501Z,1737351196.5016,1.1746320724487305,1.3984489440917969,0
2025-01-20T05:33:17.001Z,1737351197.0016,0.8740122318267822,1.3984489440917969,0
2025-01-20T05:33:17.501Z,1737351197.5016,0.9888821244239807,1.3984489440917969,0
2025-01-20T05:33:18.001Z,1737351198.0016,0.9218064546585083,1.3984489440917969,0
2025-01-20T05:33:18.501Z,1737351198.5016,0.6714953184127808,1.3984489440917969,0
2025-01-20T05:33:19.001Z,1737351199.0016,0.8293052911758423,1.3984489440917969,0
2025-01-20T05:33:19.501Z,1737351199.5016,0.9649608135223389,1.3984489440917969,0
2025-01-20T05:33:20.001Z,1737351200.0016,0.795925498008728,1.3984489440917969,0
2025-01-20T05:33:20.501Z,1737351200.5016,1.0175037384033203,1.3984489440917969,0
2025-01-20T05:33:21.001Z,1737351201.0016,1.0119630098342896,1.3984489440917969,0
2025-01-20T05:33:21.501Z,1737351201.5016,1.034761667251587,1.3984489440917969,0
2025-01-20T05:33:22.001Z,1737351202.0016,0.988621175289154,1.3984489440917969,0
2025-01-20T05:33:22.501Z,1737351202.5016,0.9895806908607483,1.3984489440917969,0
2025-01-20T05:33:23.001Z,1737351203.0016,0.9585112929344177,1.3984489440917969,0
2025-01-20T05:33:23.501Z,1737351203.5016,1.2266113758087158,1.3984489440917969,0
2025-01-20T05:33:24.001Z,1737351204.0016,1.0414364337921143,1.3984489440917969,0
2025-01-20T05:33:24.501Z,1737351204.5016,0.9661093354225159,1.3984489440917969,0
2025-01-20T05:33:25.001Z,1737351205.0016,1.0340461730957031,1.3984489440917969,0
2025-01-20T05:33:25.501Z,1737351205.5016,0.8501623868942261,1.3984489440917969,0
2025-01-20T05:33:26.001Z,1737351206.0016,0.7286769151687622,1.3984489440917969,0
2025-01-20T05:33:26.501Z,1737351206.5016,0.7710179090499878,1.3984489440917969,0
2025-01-20T05:33:27.001Z,1737351207.0016,0.9846142530441284,1.3984489440917969,0
2025-01-20T05:33:27.501Z,1737351207.5016,0.8765647411346436,1.3984489440917969,0
2025-01-20T05:33:28.001Z,1737351208.0016,0.7202152013778687,1.3984489440917969,0
2025-01-20T05:33:28.501Z,1737351208.5016,1.0672308206558228,1.3984489440917969,0
2025-01-20T05:33:29.001Z,1737351209.0016,1.049418330192566,1.3984489440917969,0
2025-01-20T05:33:29.501Z,1737351209.5016,1.013176441192627,1.3984489440917969,0
2025-01-20T05:33:30.001Z,1737351210.0016,1.1145246028900146,1.3984489440917969,0
2025-01-20T05:33:30.501Z,1737351210.5016,0.8279836177825928,1.3984489440917969,0
2025-01-20T05:33:31.001Z,1737351211.0016,0.9955049157142639,1.3984489440917969,0
2025-01-20T05:33:31.501Z,1737351211.5016,0.8564400672912598,1.3984489440917969,0
2025-01-20T05:33:32.001Z,1737351212.0016,0.7799524068832397,1.3984489440917969,0
2025-01-20T05:33:32.501Z,1737351212.5016,1.0359916687011719,1.3984489440917969,0
2025-01-20T05:33:33.001Z,1737351213.0016,1.052337884902954,1.3984489440917969,0
2025-01-20T05:33:33.501Z,1737351213.5016,1.1950104236602783,1.3984489440917969,0
2025-01-20T05:33:34.001Z,1737351214.0016,1.1557047367095947,1.3984489440917969,0
2025-01-20T05:33:34.501Z,1737351214.5016,0.9830701351165771,1.3984489440917969,0
2025-01-20T05:33:35.001Z,1737351215.0016,0.8143672943115234,1.3984489440917969,0
2025-01-20T05:33:35.501Z,1737351215.5016,1.0180236101150513,1.3984489440917969,0
2025-01-20T05:33:36.001Z,1737351216.0016,0.7858210206031799,1.3984489440917969,0
2025-01-20T05:33:36.501Z,1737351216.5016,0.8760852813720703,1.3984489440917969,0
2025-01-20T05:33:37.001Z,1737351217.0016,1.0936781167984009,1.3984489440917969,0
2025-01-20T05:33:37.501Z,1737351217.5016,0.6652930974960327,1.3984489440917969,0
2025-01-20T05:33:38.001Z,1737351218.0016,0.9942535161972046,1.3984489440917969,0
2025-01-20T05:33:38.501Z,1737351218.5016,0.8297867774963379,1.3984489440917969,0
2025-01-20T05:33:39.001Z,1737351219.0016,0.7784041166305542,1.3984489440917969,0
2025-01-20T05:33:39.501Z,1737351219.5016,1.1911441087722778,1.3984489440917969,0
2025-01-20T05:33:40.001Z,1737351220.0016,0.8373672962188721,1.3984489440917969,0
2025-01-20T05:33:40.501Z,1737351220.5016,0.8523139357566833,1.3984489440917969,0
2025-01-20T05:33:41.001Z,1737351221.0016,1.0311694145202637,1.3984489440917969,0
2025-01-20T05:33:41.501Z,1737351221.5016,0.7937549352645874,1.3984489440917969,0
2025-01-20T05:33:42.001Z,1737351222.0016,0.8308315277099609,1.3984489440917969,0
2025-01-20T05:33:42.501Z,1737351222.5016,0.9535632729530334,1.3984489440917969,0
2025-01-20T05:33:43.001Z,1737351223.0016,0.9104156494140625,1.3984489440917969,0
2025-01-20T05:33:43.501Z,1737351223.5016,1.1119163036346436,1.3984489440917969,0
2025-01-20T05:33:44.001Z,1737351224.0016,1.1589622497558594,1.3984489440917969,0
2025-01-20T05:33:44.501Z,1737351224.5016,1.1669220924377441,1.3984489440917969,0
2025-01-20T05:33:45.001Z,1737351225.0016,1.2243599891662598,1.3984489440917969,0
2025-01-20T05:33:45.501Z,1737351225.5016,1.020340085029602,1.3984489440917969,0
2025-01-20T05:33:46.001Z,1737351226.0016,1.0809087753295898,1.3984489440917969,0
2025-01-20T05:33:46.501Z,1737351226.5016,0.9935113191604614,1.3984489440917969,0
2025-01-20T05:33:47.001Z,1737351227.0016,0.9300588965415955,1.3984489440917969,0
2025-01-20T05:33:47.501Z,1737351227.5016,0.8347879648208618,1.3984489440917969,0
2025-01-20T05:33:48.001Z,1737351228.0016,1.2942708730697632,1.3984489440917969,0
2025-01-20T05:33:48.501Z,1737351228.5016,1.060760736465454,1.3984489440917969,0
2025-01-20T05:33:49.001Z,1737351229.0016,1.0146576166152954,1.3984489440917969,0
2025-01-20T05:33:49.501Z,1737351229.5016,0.8030297756195068,1.3984489440917969,0
2025-01-20T05:33:50.001Z,1737351230.0016,0.8177268505096436,1.3984489440917969,0
2025-01-20T05:33:50.501Z,1737351230.5016,1.0304052829742432,1.3984489440917969,0
2025-01-20T05:33:51.001Z,1737351231.0016,1.1178361177444458,1.3984489440917969,0
2025-01-20T05:33:51.501Z,1737351231.5016,0.9220457673072815,1.3984489440917969,0
2025-01-20T05:33:52.001Z,1737351232.0016,0.908562421798706,1.3984489440917969,0
2025-01-20T05:33:52.501Z,1737351232.5016,0.8838601112365723,1.3984489440917969,0
2025-01-20T05:33:53.001Z,1737351233.0016,1.0684168338775635,1.3984489440917969,0
2025-01-20T05:33:53.501Z,1737351233.5016,0.9007350206375122,1.3984489440917969,0
2025-01-20T05:33:54.001Z,1737351234.0016,0.8579480648040771,1.3984489440917969,0
2025-01-20T05:33:54.501Z,1737351234.5016,0.970674455165863,1.3984489440917969,0
2025-01-20T05:33:55.001Z,1737351235.0016,0.9823050498962402,1.3984489440917969,0
2025-01-20T05:33:55.501Z,1737351235.5016,0.8317803144454956,1.3984489440917969,0
2025-01-20T05:33:56.001Z,1737351236.0016,1.1145341396331787,1.3984489440917969,0
2025-01-20T05:33:56.501Z,1737351236.5016,1.0153555870056152,1.3984489440917969,0
2025-01-20T05:33:57.001Z,1737351237.0016,0.9171162843704224,1.3984489440917969,0
2025-01-20T05:33:57.501Z,1737351237.5016,0.881600558757782,1.3984489440917969,0
2025-01-20T05:33:58.001Z,1737351238.0016,1.0160531997680664,1.3984489440917969,0
2025-01-20T05:33:58.501Z,1737351238.5016,0.8843687176704407,1.3984489440917969,0
2025-01-20T05:33:59.001Z,1737351239.0016,1.1985621452331543,1.3984489440917969,0
2025-01-20T05:33:59.501Z,1737351239.5016,0.8973126411437988,1.3984489440917969,0
2025-01-20T05:34:00.001Z,1737351240.0016,1.012558937072754,1.3984489440917969,0
2025-01-20T05:34:00.501Z,1737351240.5016,0.9441598057746887,1.3984489440917969,0
2025-01-20T05:34:01.001Z,1737351241.0016,0.9087412357330322,1.3984489440917969,0
2025-01-20T05:34:01.501Z,1737351241.5016,0.7318621277809143,1.3984489440917969,0
2025-01-20T05:34:02.001Z,1737351242.0016,0.8589620590209961,1.3984489440917969,0
2025-01-20T05:34:02.501Z,1737351242.5016,0.720742404460907,1.3984489440917969,0
2025-01-20T05:34:03.001Z,1737351243.0016,0.984390139579773,1.3984489440917969,0
2025-01-20T05:34:03.501Z,1737351243.5016,0.8943394422531128,1.3984489440917969,0
2025-01-20T05:34:04.001Z,1737351244.0016,0.9888350367546082,1.3984489440917969,0
2025-01-20T05:34:04.501Z,1737351244.5016,1.1734750270843506,1.3984489440917969,0
2025-01-20T05:34:05.001Z,1737351245.0016,1.0835671424865723,1.3984489440917969,0
2025-01-20T05:34:05.501Z,1737351245.5016,0.8975945711135864,1.3984489440917969,0
2025-01-20T05:34:06.001Z,1737351246.0016,0.969398021697998,1.3984489440917969,0
2025-01-20T05:34:06.501Z,1737351246.5016,0.8457579612731934,1.3984489440917969,0
2025-01-20T05:34:07.001Z,1737351247.0016,0.9537537097930908,1.3984489440917969,0
2025-01-20T05:34:07.501Z,1737351247.5016,0.9602012634277344,1.3984489440917969,0
2025-01-20T05:34:08.001Z,1737351248.0016,0.8664532899856567,1.3984489440917969,0
2025-01-20T05:34:08.501Z,1737351248.5016,0.8357501029968262,1.3984489440917969,0
2025-01-20T05:34:09.001Z,1737351249.0016,1.0572984218597412,1.3984489440917969,0
2025-01-20T05:34:09.501Z,1737351249.5016,0.8978317975997925,1.3984489440917969,0
2025-01-20T05:34:10.001Z,1737351250.0016,0.9201045036315918,1.3984489440917969,0
2025-01-20T05:34:10.501Z,1737351250.5016,0.9020456075668335,1.3984489440917969,0
2025-01-20T05:34:11.001Z,1737351251.0016,1.0289835929870605,1.3984489440917969,0
2025-01-20T05:34:11.501Z,1737351251.5016,0.9523187279701233,1.3984489440917969,0
2025-01-20T05:34:12.001Z,1737351252.0016,1.1402478218078613,1.3984489440917969,0
2025-01-20T05:34:12.501Z,1737351252.5016,1.0864341259002686,1.3984489440917969,0
2025-01-20T05:34:13.001Z,1737351253.0016,0.9940273761749268,1.3984489440917969,0
2025-01-20T05:34:13.501Z,1737351253.5016,0.8706802129745483,1.3984489440917969,0
2025-01-20T05:34:14.001Z,1737351254.0016,0.7237458229064941,1.3984489440917969,0
2025-01-20T05:34:14.501Z,1737351254.5016,0.9877486228942871,1.3984489440917969,0
2025-01-20T05:34:15.001Z,1737351255.0016,0.9384360313415527,1.3984489440917969,0
2025-01-20T05:34:15.501Z,1737351255.5016,0.9711856842041016,1.3984489440917969,0
2025-01-20T05:34:16.001Z,1737351256.0016,0.9560434818267822,1.3984489440917969,0
2025-01-20T05:34:16.501Z,1737351256.5016,1.0440890789031982,1.3984489440917969,0
2025-01-20T05:34:17.001Z,1737351257.0016,0.9682360887527466,1.3984489440917969,0
2025-01-20T05:34:17.501Z,1737351257.5016,1.0063743591308594,1.3984489440917969,0
2025-01-20T05:34:18.001Z,1737351258.0016,1.0482804775238037,1.3984489440917969,0
2025-01-20T05:34:18.501Z,1737351258.5016,1.0006835460662842,1.3984489440917969,0
2025-01-20T05:34:19.001Z,1737351259.0016,0.9357649683952332,1.3984489440917969,0
2025-01-20T05:34:19.501Z,1737351259.5016,1.2928931713104248,1.3984489440917969,0
2025-01-20T05:34:20.001Z,1737351260.0016,0.8390856385231018,1.3984489440917969,0
2025-01-20T05:34:20.501Z,1737351260.5016,0.8756839036941528,1.3984489440917969,0
2025-01-20T05:34:21.001Z,1737351261.0016,1.0855252742767334,1.3984489440917969,0
2025-01-20T05:34:21.501Z,1737351261.5016,1.101895809173584,1.3984489440917969,0
2025-01-20T05:34:22.001Z,1737351262.0016,0.8869746923446655,1.3984489440917969,0
2025-01-20T05:34:22.501Z,1737351262.5016,0.9055272340774536,1.3984489440917969,0
2025-01-20T05:34:23.001Z,1737351263.0016,0.8391972780227661,1.3984489440917969,0
2025-01-20T05:34:23.501Z,1737351263.5016,1.0345196723937988,1.3984489440917969,0
2025-01-20T05:34:24.001Z,1737351264.0016,1.1069188117980957,1.3984489440917969,0
2025-01-20T05:34:24.501Z,1737351264.5016,0.9818061590194702,1.3984489440917969,0
2025-01-20T05:34:25.001Z,1737351265.0016,0.9203224182128906,1.3984489440917969,0
2025-01-20T05:34:25.501Z,1737351265.5016,1.080645203590393,1.3984489440917969,0
2025-01-20T05:34:26.001Z,1737351266.0016,0.8727704286575317,1.3984489440917969,0
2025-01-20T05:34:26.501Z,1737351266.5016,0.8210194110870361,1.3984489440917969,0
2025-01-20T05:34:27.001Z,1737351267.0016,0.7750324010848999,1.3984489440917969,0
2025-01-20T05:34:27.501Z,1737351267.5016,0.9367660880088806,1.3984489440917969,0
2025-01-20T05:34:28.001Z,1737351268.0016,0.9128282070159912,1.3984489440917969,0
2025-01-20T05:34:28.501Z,1737351268.5016,0.9347763061523438,1.3984489440917969,0
2025-01-20T05:34:29.001Z,1737351269.0016,0.8471137285232544,1.3984489440917969,0
2025-01-20T05:34:29.501Z,1737351269.5016,0.9453043937683105,1.3984489440917969,0
2025-01-20T05:34:30.001Z,1737351270.0016,0.9091373085975647,1.3984489440917969,0
2025-01-20T05:34:30.501Z,1737351270.5016,1.0590699911117554,1.3984489440917969,0
2025-01-20T05:34:31.001Z,1737351271.0016,0.8230367302894592,1.3984489440917969,0
2025-01-20T05:34:31.501Z,1737351271.5016,0.9945669770240784,1.3984489440917969,0
2025-01-20T05:34:32.001Z,1737351272.0016,1.0291414260864258,1.3984489440917969,0
2025-01-20T05:34:32.501Z,1737351272.5016,1.1888370513916016,1.3984489440917969,0
2025-01-20T05:34:33.001Z,1737351273.0016,1.3285164833068848,1.3984489440917969,0
2025-01-20T05:34:33.501Z,1737351273.5016,1.1062004566192627,1.3984489440917969,0
2025-01-20T05:34:34.001Z,1737351274.0016,1.4751534461975098,1.3984489440917969,0
2025-01-20T05:34:34.501Z,1737351274.5016,1.0469058752059937,1.3984489440917969,0
2025-01-20T05:34:35.001Z,1737351275.0016,1.0385472774505615,1.3984489440917969,0
2025-01-20T05:34:35.501Z,1737351275.5016,0.8499250411987305,1.3984489440917969,0
2025-01-20T05:34:36.001Z,1737351276.0016,0.7899208068847656,1.3984489440917969,0
2025-01-20T05:34:36.501Z,1737351276.5016,0.776716947555542,1.3984489440917969,0
2025-01-20T05:34:37.001Z,1737351277.0016,1.166343092918396,1.3984489440917969,0
2025-01-20T05:34:37.501Z,1737351277.5016,0.8746722340583801,1.3984489440917969,0
2025-01-20T05:34:38.001Z,1737351278.0016,1.4336202144622803,1.3984489440917969,0
2025-01-20T05:34:38.501Z,1737351278.5016,0.9787274599075317,1.3984489440917969,0
2025-01-20T05:34:39.001Z,1737351279.0016,0.9272421598434448,1.3984489440917969,0
2025-01-20T05:34:39.501Z,1737351279.5016,0.6845048666000366,1.3984489440917969,0
2025-01-20T05:34:40.001Z,1737351280.0016,0.7782630920410156,1.3984489440917969,0
2025-01-20T05:34:40.501Z,1737351280.5016,0.6838961839675903,1.3984489440917969,0
2025-01-20T05:34:41.001Z,1737351281.0016,0.7774654626846313,1.3984489440917969,0
2025-01-20T05:34:41.501Z,1737351281.5016,0.9476741552352905,1.3984489440917969,0
2025-01-20T05:34:42.001Z,1737351282.0016,0.8388807773590088,1.3984489440917969,0
2025-01-20T05:34:42.501Z,1737351282.5016,0.8403021097183228,1.3984489440917969,0
2025-01-20T05:34:43.001Z,1737351283.0016,1.0740480422973633,1.3984489440917969,0
2025-01-20T05:34:43.501Z,1737351283.5016,1.1097769737243652,1.3984489440917969,0
2025-01-20T05:34:44.001Z,1737351284.0016,0.8577195405960083,1.3984489440917969,0
2025-01-20T05:34:44.501Z,1737351284.5016,0.6915355324745178,1.3984489440917969,0
2025-01-20T05:34:45.001Z,1737351285.0016,1.0832221508026123,1.3984489440917969,0
2025-01-20T05:34:45.501Z,1737351285.5016,0.9939714670181274,1.3984489440917969,0
2025-01-20T05:34:46.001Z,1737351286.0016,1.1074790954589844,1.3984489440917969,0
2025-01-20T05:34:46.501Z,1737351286.5016,1.029512882232666,1.3984489440917969,0
2025-01-20T05:34:47.001Z,1737351287.0016,1.0114946365356445,1.3984489440917969,0
2025-01-20T05:34:47.501Z,1737351287.5016,0.7862142324447632,1.3984489440917969,0
2025-01-20T05:34:48.001Z,1737351288.0016,0.6696337461471558,1.3984489440917969,0
2025-01-20T05:34:48.501Z,1737351288.5016,0.9049070477485657,1.3984489440917969,0
2025-01-20T05:34:49.001Z,1737351289.0016,0.7471283674240112,1.3984489440917969,0
2025-01-20T05:34:49.501Z,1737351289.5016,0.8802000284194946,1.3984489440917969,0
2025-01-20T05:34:50.001Z,1737351290.0016,1.0852110385894775,1.3984489440917969,0
2025-01-20T05:34:50.501Z,1737351290.5016,1.0483918190002441,1.3984489440917969,0
2025-01-20T05:34:51.001Z,1737351291.0016,0.9566196799278259,1.3984489440917969,0
2025-01-20T05:34:51.501Z,1737351291.5016,1.061840534210205,1.3984489440917969,0
2025-01-20T05:34:52.001Z,1737351292.0016,0.9032078385353088,1.3984489440917969,0
2025-01-20T05:34:52.501Z,1737351292.5016,0.9124562740325928,1.3984489440917969,0
2025-01-20T05:34:53.001Z,1737351293.0016,0.9336917400360107,1.3984489440917969,0
2025-01-20T05:34:53.501Z,1737351293.5016,0.7695841789245605,1.3984489440917969,0
2025-01-20T05:34:54.001Z,1737351294.0016,0.8422292470932007,1.3984489440917969,0
2025-01-20T05:34:54.501Z,1737351294.5016,0.9215067625045776,1.3984489440917969,0
2025-01-20T05:34:55.001Z,1737351295.0016,0.9598732590675354,1.3984489440917969,0
2025-01-20T05:34:55.501Z,1737351295.5016,1.0290095806121826,1.3984489440917969,0
2025-01-20T05:34:56.001Z,1737351296.0016,0.9214745759963989,1.3984489440917969,0
2025-01-20T05:34:56.501Z,1737351296.5016,0.960553765296936,1.3984489440917969,0
2025-01-20T05:34:57.001Z,1737351297.0016,1.0549485683441162,1.3984489440917969,0
2025-01-20T05:34:57.501Z,1737351297.5016,1.076939344406128,1.3984489440917969,0
2025-01-20T05:34:58.001Z,1737351298.0016,1.1644983291625977,1.3984489440917969,0
2025-01-20T05:34:58.501Z,1737351298.5016,0.7476452589035034,1.3984489440917969,0
2025-01-20T05:34:59.001Z,1737351299.0016,0.877129316329956,1.3984489440917969,0
2025-01-20T05:34:59.501Z,1737351299.5016,0.8214609026908875,1.3984489440917969,0
2025-01-20T05:35:00.001Z,1737351300.0016,0.9642512202262878,1.3984489440917969,0
2025-01-20T05:35:00.501Z,1737351300.5016,0.9876550436019897,1.3984489440917969,0
2025-01-20T05:35:01.001Z,1737351301.0016,1.0183526277542114,1.3984489440917969,0
2025-01-20T05:35:01.501Z,1737351301.5016,0.9828168153762817,1.3984489440917969,0
2025-01-20T05:35:02.001Z,1737351302.0016,0.7921887636184692,1.3984489440917969,0
2025-01-20T05:35:02.501Z,1737351302.5016,0.8789533376693726,1.3984489440917969,0
2025-01-20T05:35:03.001Z,1737351303.0016,1.083810806274414,1.3984489440917969,0
2025-01-20T05:35:03.501Z,1737351303.5016,0.9649720788002014,1.3984489440917969,0
2025-01-20T05:35:04.001Z,1737351304.0016,1.2486896514892578,1.3984489440917969,0
2025-01-20T05:35:04.501Z,1737351304.5016,0.9484103918075562,1.3984489440917969,0
2025-01-20T05:35:05.001Z,1737351305.0016,0.8257026672363281,1.3984489440917969,0
2025-01-20T05:35:05.501Z,1737351305.5016,1.1848225593566895,1.3984489440917969,0
2025-01-20T05:35:06.001Z,1737351306.0016,0.9633617401123047,1.3984489440917969,0
2025-01-20T05:35:06.501Z,1737351306.5016,1.0612064599990845,1.3984489440917969,0
2025-01-20T05:35:07.001Z,1737351307.0016,1.1893008947372437,1.3984489440917969,0
2025-01-20T05:35:07.501Z,1737351307.5016,1.1150527000427246,1.3984489440917969,0
2025-01-20T05:35:08.001Z,1737351308.0016,0.8394018411636353,1.3984489440917969,0
2025-01-20T05:35:08.501Z,1737351308.5016,1.0464794635772705,1.3984489440917969,0
2025-01-20T05:35:09.001Z,1737351309.0016,1.0147223472595215,1.3984489440917969,0
2025-01-20T05:35:09.501Z,1737351309.5016,0.818842887878418,1.3984489440917969,0
2025-01-20T05:35:10.001Z,1737351310.0016,0.8086354732513428,1.3984489440917969,0
2025-01-20T05:35:10.501Z,1737351310.5016,0.7264528274536133,1.3984489440917969,0
2025-01-20T05:35:11.001Z,1737351311.0016,1.0310555696487427,1.3984489440917969,0
2025-01-20T05:35:11.501Z,1737351311.5016,0.9128586053848267,1.3984489440917969,0
2025-01-20T05:35:12.001Z,1737351312.0016,0.9885356426239014,1.3984489440917969,0
2025-01-20T05:35:12.501Z,1737351312.5016,0.950386643409729,1.3984489440917969,0
2025-01-20T05:35:13.001Z,1737351313.0016,0.90250563621521,1.3984489440917969,0
2025-01-20T05:35:13.501Z,1737351313.5016,0.8181922435760498,1.3984489440917969,0
2025-01-20T05:35:14.001Z,1737351314.0016,0.9391104578971863,1.3984489440917969,0
2025-01-20T05:35:14.501Z,1737351314.5016,0.8452470302581787,1.3984489440917969,0
2025-01-20T05:35:15.001Z,1737351315.0016,0.954990029335022,1.3984489440917969,0
2025-01-20T05:35:15.501Z,1737351315.5016,0.9105643033981323,1.3984489440917969,0
2025-01-20T05:35:16.001Z,1737351316.0016,1.3915153741836548,1.3984489440917969,0
2025-01-20T05:35:16.501Z,1737351316.5016,0.9204237461090088,1.3984489440917969,0
2025-01-20T05:35:17.001Z,1737351317.0016,0.7512174844741821,1.3984489440917969,0
2025-01-20T05:35:17.501Z,1737351317.5016,1.0410263538360596,1.3984489440917969,0
2025-01-20T05:35:18.001Z,1737351318.0016,0.9266088008880615,1.3984489440917969,0
2025-01-20T05:35:18.501Z,1737351318.5016,1.258040428161621,1.3984489440917969,0
2025-01-20T05:35:19.001Z,1737351319.0016,0.7922493815422058,1.3984489440917969,0
2025-01-20T05:35:19.501Z,1737351319.5016,1.2061678171157837,1.3984489440917969,0
2025-01-20T05:35:20.001Z,1737351320.0016,0.9723154306411743,1.3984489440917969,0
2025-01-20T05:35:20.501Z,1737351320.5016,1.1048705577850342,1.3984489440917969,0
2025-01-20T05:35:21.001Z,1737351321.0016,0.893220067024231,1.3984489440917969,0
2025-01-20T05:35:21.501Z,1737351321.5016,0.732858419418335,1.3984489440917969,0
2025-01-20T05:35:22.001Z,1737351322.0016,0.8492295742034912,1.3984489440917969,0
2025-01-20T05:35:22.501Z,1737351322.5016,0.8488529920578003,1.3984489440917969,0
2025-01-20T05:35:23.001Z,1737351323.0016,0.8424454927444458,1.3984489440917969,0
2025-01-20T05:35:23.501Z,1737351323.5016,1.0403187274932861,1.3984489440917969,0
2025-01-20T05:35:24.001Z,1737351324.0016,0.8130554556846619,1.3984489440917969,0
2025-01-20T05:35:24.501Z,1737351324.5016,0.786391019821167,1.3984489440917969,0
2025-01-20T05:35:25.001Z,1737351325.0016,0.8768301606178284,1.3984489440917969,0
2025-01-20T05:35:25.501Z,1737351325.5016,0.7973013520240784,1.3984489440917969,0
2025-01-20T05:35:26.001Z,1737351326.0016,0.961429238319397,1.3984489440917969,0
2025-01-20T05:35:26.501Z,1737351326.5016,0.8620212078094482,1.3984489440917969,0
2025-01-20T05:35:27.001Z,1737351327.0016,0.7182179689407349,1.3984489440917969,0
2025-01-20T05:35:27.501Z,1737351327.5016,0.9222745895385742,1.3984489440917969,0
2025-01-20T05:35:28.001Z,1737351328.0016,1.0617501735687256,1.3984489440917969,0
2025-01-20T05:35:28.501Z,1737351328.5016,0.991610050201416,1.3984489440917969,0
2025-01-20T05:35:29.001Z,1737351329.0016,0.9610292911529541,1.3984489440917969,0
2025-01-20T05:35:29.501Z,1737351329.5016,0.8928881883621216,1.3984489440917969,0
2025-01-20T05:35:30.001Z,1737351330.0016,0.8315075039863586,1.3984489440917969,0
2025-01-20T05:35:30.501Z,1737351330.5016,0.8643006086349487,1.3984489440917969,0
2025-01-20T05:35:31.001Z,1737351331.0016,0.9483704566955566,1.3984489440917969,0
2025-01-20T05:35:31.501Z,1737351331.5016,1.0700275897979736,1.3984489440917969,0
2025-01-20T05:35:32.001Z,1737351332.0016,1.0197944641113281,1.3984489440917969,0
2025-01-20T05:35:32.501Z,1737351332.5016,1.2624483108520508,1.3984489440917969,0
2025-01-20T05:35:33.001Z,1737351333.0016,0.8199348449707031,1.3984489440917969,0
2025-01-20T05:35:33.501Z,1737351333.5016,0.9619605541229248,1.3984489440917969,0
2025-01-20T05:35:34.001Z,1737351334.0016,0.9516458511352539,1.3984489440917969,0
2025-01-20T05:35:34.501Z,1737351334.5016,0.9769263863563538,1.3984489440917969,0
2025-01-20T05:35:35.001Z,1737351335.0016,0.972387433052063,1.3984489440917969,0
2025-01-20T05:35:35.501Z,1737351335.5016,0.8106764554977417,1.3984489440917969,0
2025-01-20T05:35:36.001Z,1737351336.0016,0.8289048671722412,1.3984489440917969,0
2025-01-20T05:35:36.501Z,1737351336.5016,0.8716662526130676,1.3984489440917969,0
2025-01-20T05:35:37.001Z,1737351337.0016,0.883493185043335,1.3984489440917969,0
2025-01-20T05:35:37.501Z,1737351337.5016,0.9682461023330688,1.3984489440917969,0
2025-01-20T05:35:38.001Z,1737351338.0016,0.9879626035690308,1.3984489440917969,0
2025-01-20T05:35:38.501Z,1737351338.5016,0.931366503238678,1.3984489440917969,0
2025-01-20T05:35:39.001Z,1737351339.0016,1.018507480621338,1.3984489440917969,0
2025-01-20T05:35:39.501Z,1737351339.5016,1.165961503982544,1.3984489440917969,0
2025-01-20T05:35:40.001Z,1737351340.0016,1.2138835191726685,1.3984489440917969,0
2025-01-20T05:35:40.501Z,1737351340.5016,1.1422656774520874,1.3984489440917969,0
2025-01-20T05:35:41.001Z,1737351341.0016,1.04633367061615,1.3984489440917969,0
2025-01-20T05:35:41.501Z,1737351341.5016,1.0766483545303345,1.3984489440917969,0
2025-01-20T05:35:42.001Z,1737351342.0016,1.0678236484527588,1.3984489440917969,0
2025-01-20T05:35:42.501Z,1737351342.5016,1.0246295928955078,1.3984489440917969,0
2025-01-20T05:35:43.001Z,1737351343.0016,1.1821513175964355,1.3984489440917969,0
2025-01-20T05:35:43.501Z,1737351343.5016,0.9120979309082031,1.3984489440917969,0
2025-01-20T05:35:44.001Z,1737351344.0016,1.1590039730072021,1.3984489440917969,0
2025-01-20T05:35:44.501Z,1737351344.5016,1.1499621868133545,1.3984489440917969,0
2025-01-20T05:35:45.001Z,1737351345.0016,0.9608722925186157,1.3984489440917969,0
2025-01-20T05:35:45.501Z,1737351345.5016,0.9812747240066528,1.3984489440917969,0
2025-01-20T05:35:46.001Z,1737351346.0016,0.9103667736053467,1.3984489440917969,0
2025-01-20T05:35:46.501Z,1737351346.5016,0.9956756830215454,1.3984489440917969,0
2025-01-20T05:35:47.001Z,1737351347.0016,0.9232574105262756,1.3984489440917969,0
2025-01-20T05:35:47.501Z,1737351347.5016,0.80262690782547,1.3984489440917969,0
2025-01-20T05:35:48.001Z,1737351348.0016,0.8343616724014282,1.3984489440917969,0
2025-01-20T05:35:48.501Z,1737351348.5016,0.8922196626663208,1.3984489440917969,0
2025-01-20T05:35:49.001Z,1737351349.0016,0.9665414690971375,1.3984489440917969,0
2025-01-20T05:35:49.501Z,1737351349.5016,0.866634726524353,1.3984489440917969,0
2025-01-20T05:35:50.001Z,1737351350.0016,0.985423743724823,1.3984489440917969,0
2025-01-20T05:35:50.501Z,1737351350.5016,0.7022544145584106,1.3984489440917969,0
2025-01-20T05:35:51.001Z,1737351351.0016,0.8987641334533691,1.3984489440917969,0
2025-01-20T05:35:51.501Z,1737351351.5016,0.9830353260040283,1.3984489440917969,0
2025-01-20T05:35:52.001Z,1737351352.0016,1.1295573711395264,1.3984489440917969,0
2025-01-20T05:35:52.501Z,1737351352.5016,1.0436327457427979,1.3984489440917969,0
2025-01-20T05:35:53.001Z,1737351353.0016,0.7791905403137207,1.3984489440917969,0
2025-01-20T05:35:53.501Z,1737351353.5016,0.8775004148483276,1.3984489440917969,0
2025-01-20T05:35:54.001Z,1737351354.0016,0.8369439840316772,1.3984489440917969,0
2025-01-20T05:35:54.501Z,1737351354.5016,0.7308361530303955,1.3984489440917969,0
2025-01-20T05:35:55.001Z,1737351355.0016,0.7246338725090027,1.3984489440917969,0
2025-01-20T05:35:55.501Z,1737351355.5016,0.7678990364074707,1.3984489440917969,0
2025-01-20T05:35:56.001Z,1737351356.0016,0.8618561625480652,1.3984489440917969,0
2025-01-20T05:35:56.501Z,1737351356.5016,1.042093276977539,1.3984489440917969,0
2025-01-20T05:35:57.001Z,1737351357.0016,0.8714940547943115,1.3984489440917969,0
2025-01-20T05:35:57.501Z,1737351357.5016,0.9952376484870911,1.3984489440917969,0
2025-01-20T05:35:58.001Z,1737351358.0016,1.0871772766113281,1.3984489440917969,0
2025-01-20T05:35:58.501Z,1737351358.5016,0.7938067317008972,1.3984489440917969,0
2025-01-20T05:35:59.001Z,1737351359.0016,0.7675546407699585,1.3984489440917969,0
2025-01-20T05:35:59.501Z,1737351359.5016,0.900368332862854,1.3984489440917969,0
2025-01-20T05:36:00.001Z,1737351360.0016,1.2075397968292236,1.3984489440917969,0
2025-01-20T05:36:00.501Z,1737351360.5016,0.9243130683898926,1.3984489440917969,0
2025-01-20T05:36:01.001Z,1737351361.0016,1.1960852146148682,1.3984489440917969,0
2025-01-20T05:36:01.501Z,1737351361.5016,0.9442540407180786,1.3984489440917969,0
2025-01-20T05:36:02.001Z,1737351362.0016,0.9177238941192627,1.3984489440917969,0
2025-01-20T05:36:02.501Z,1737351362.5016,0.9968010187149048,1.3984489440917969,0
2025-01-20T05:36:03.001Z,1737351363.0016,1.150197982788086,1.3984489440917969,0
2025-01-20T05:36:03.501Z,1737351363.5016,1.0960923433303833,1.3984489440917969,0
2025-01-20T05:36:04.001Z,1737351364.0016,1.0380231142044067,1.3984489440917969,0
2025-01-20T05:36:04.501Z,1737351364.5016,0.9582146406173706,1.3984489440917969,0
2025-01-20T05:36:05.001Z,1737351365.0016,0.9540697336196899,1.3984489440917969,0
2025-01-20T05:36:05.501Z,1737351365.5016,1.2427408695220947,1.3984489440917969,0
2025-01-20T05:36:06.001Z,1737351366.0016,1.0661914348602295,1.3984489440917969,0
2025-01-20T05:36:06.501Z,1737351366.5016,0.9316903352737427,1.3984489440917969,0
2025-01-20T05:36:07.001Z,1737351367.0016,0.7188864350318909,1.3984489440917969,0
2025-01-20T05:36:07.501Z,1737351367.5016,0.7471830248832703,1.3984489440917969,0
2025-01-20T05:36:08.001Z,1737351368.0016,0.8572694063186646,1.3984489440917969,0
2025-01-20T05:36:08.501Z,1737351368.5016,1.1156351566314697,1.3984489440917969,0
2025-01-20T05:36:09.001Z,1737351369.0016,0.9725791215896606,1.3984489440917969,0
2025-01-20T05:36:09.501Z,1737351369.5016,0.8138049840927124,1.3984489440917969,0
2025-01-20T05:36:10.001Z,1737351370.0016,0.8878912925720215,1.3984489440917969,0
2025-01-20T05:36:10.501Z,1737351370.5016,0.8590328693389893,1.3984489440917969,0
2025-01-20T05:36:11.001Z,1737351371.0016,1.0001784563064575,1.3984489440917969,0
2025-01-20T05:36:11.501Z,1737351371.5016,0.9760036468505859,1.3984489440917969,0
2025-01-20T05:36:12.001Z,1737351372.0016,0.758745551109314,1.3984489440917969,0
2025-01-20T05:36:12.501Z,1737351372.5016,0.7515488862991333,1.3984489440917969,0
2025-01-20T05:36:13.001Z,1737351373.0016,0.7802145481109619,1.3984489440917969,0
2025-01-20T05:36:13.501Z,1737351373.5016,0.97807776927948,1.3984489440917969,0
2025-01-20T05:36:14.001Z,1737351374.0016,0.8963108658790588,1.3984489440917969,0
2025-01-20T05:36:14.501Z,1737351374.5016,0.9423300623893738,1.3984489440917969,0
2025-01-20T05:36:15.001Z,1737351375.0016,1.0174245834350586,1.3984489440917969,0
2025-01-20T05:36:15.501Z,1737351375.5016,1.1566286087036133,1.3984489440917969,0
2025-01-20T05:36:16.001Z,1737351376.0016,0.8157107830047607,1.3984489440917969,0
2025-01-20T05:36:16.501Z,1737351376.5016,1.0550636053085327,1.3984489440917969,0
2025-01-20T05:36:17.001Z,1737351377.0016,1.1671671867370605,1.3984489440917969,0
2025-01-20T05:36:17.501Z,1737351377.5016,0.8021419644355774,1.3984489440917969,0
2025-01-20T05:36:18.001Z,1737351378.0016,1.096989631652832,1.3984489440917969,0
2025-01-20T05:36:18.501Z,1737351378.5016,0.9841979742050171,1.3984489440917969,0
2025-01-20T05:36:19.001Z,1737351379.0016,1.0522291660308838,1.3984489440917969,0
2025-01-20T05:36:19.501Z,1737351379.5016,1.0804089307785034,1.3984489440917969,0
2025-01-20T05:36:20.001Z,1737351380.0016,0.9257240891456604,1.3984489440917969,0
2025-01-20T05:36:20.501Z,1737351380.5016,0.9274324774742126,1.3984489440917969,0
2025-01-20T05:36:21.001Z,1737351381.0016,0.7988473176956177,1.3984489440917969,0
2025-01-20T05:36:21.501Z,1737351381.5016,0.9938437938690186,1.3984489440917969,0
2025-01-20T05:36:22.001Z,1737351382.0016,1.0440125465393066,1.3984489440917969,0
2025-01-20T05:36:22.501Z,1737351382.5016,0.9754160046577454,1.3984489440917969,0
2025-01-20T05:36:23.001Z,1737351383.0016,1.114132046699524,1.3984489440917969,0
2025-01-20T05:36:23.501Z,1737351383.5016,0.989897608757019,1.3984489440917969,0
2025-01-20T05:36:24.001Z,1737351384.0016,0.9348268508911133,1.3984489440917969,0
2025-01-20T05:36:24.501Z,1737351384.5016,0.8532735109329224,1.3984489440917969,0
2025-01-20T05:36:25.001Z,1737351385.0016,1.0853902101516724,1.3984489440917969,0
2025-01-20T05:36:25.501Z,1737351385.5016,1.1047245264053345,1.3984489440917969,0
2025-01-20T05:36:26.001Z,1737351386.0016,0.9280536770820618,1.3984489440917969,0
2025-01-20T05:36:26.501Z,1737351386.5016,0.8264052867889404,1.3984489440917969,0
2025-01-20T05:36:27.001Z,1737351387.0016,1.0280888080596924,1.3984489440917969,0
2025-01-20T05:36:27.501Z,1737351387.5016,0.8151003122329712,1.3984489440917969,0
2025-01-20T05:36:28.001Z,1737351388.0016,0.8603858947753906,1.3984489440917969,0
2025-01-20T05:36:28.501Z,1737351388.5016,0.8061647415161133,1.3984489440917969,0
2025-01-20T05:36:29.001Z,1737351389.0016,0.9018895030021667,1.3984489440917969,0
2025-01-20T05:36:29.501Z,1737351389.5016,0.9912687540054321,1.3984489440917969,0
2025-01-20T05:36:30.001Z,1737351390.0016,0.787666916847229,1.3984489440917969,0
2025-01-20T05:36:30.501Z,1737351390.5016,0.8160187005996704,1.3984489440917969,0
2025-01-20T05:36:31.001Z,1737351391.0016,0.8161223530769348,1.3984489440917969,0
2025-01-20T05:36:31.501Z,1737351391.5016,0.9700889587402344,1.3984489440917969,0
2025-01-20T05:36:32.001Z,1737351392.0016,1.3222641944885254,1.3984489440917969,0
2025-01-20T05:36:32.501Z,1737351392.5016,1.0531666278839111,1.3984489440917969,0
2025-01-20T05:36:33.001Z,1737351393.0016,1.0887538194656372,1.3984489440917969,0
2025-01-20T05:36:33.501Z,1737351393.5016,1.0173702239990234,1.3984489440917969,0
2025-01-20T05:36:34.001Z,1737351394.0016,0.9163141250610352,1.3984489440917969,0
2025-01-20T05:36:34.501Z,1737351394.5016,1.0115094184875488,1.3984489440917969,0
2025-01-20T05:36:35.001Z,1737351395.0016,0.901623010635376,1.3984489440917969,0
2025-01-20T05:36:35.501Z,1737351395.5016,1.294224500656128,1.3984489440917969,0
2025-01-20T05:36:36.001Z,1737351396.0016,1.093711495399475,1.3984489440917969,0
2025-01-20T05:36:36.501Z,1737351396.5016,0.8824712634086609,1.3984489440917969,0
2025-01-20T05:36:37.001Z,1737351397.0016,0.8739751577377319,1.3984489440917969,0
2025-01-20T05:36:37.501Z,1737351397.5016,0.9460995197296143,1.3984489440917969,0
2025-01-20T05:36:38.001Z,1737351398.0016,1.0303573608398438,1.3984489440917969,0
2025-01-20T05:36:38.501Z,1737351398.5016,0.7589815855026245,1.3984489440917969,0
2025-01-20T05:36:39.001Z,1737351399.0016,1.0669950246810913,1.3984489440917969,0
2025-01-20T05:36:39.501Z,1737351399.5016,1.0653460025787354,1.3984489440917969,0
2025-01-20T05:36:40.001Z,1737351400.0016,0.7855581641197205,1.3984489440917969,0
2025-01-20T05:36:40.501Z,1737351400.5016,0.6860222220420837,1.3984489440917969,0
2025-01-20T05:36:41.001Z,1737351401.0016,1.057931661605835,1.3984489440917969,0
2025-01-20T05:36:41.501Z,1737351401.5016,0.9633074998855591,1.3984489440917969,0
2025-01-20T05:36:42.001Z,1737351402.0016,0.8979342579841614,1.3984489440917969,0
2025-01-20T05:36:42.501Z,1737351402.5016,1.0174665451049805,1.3984489440917969,0
2025-01-20T05:36:43.001Z,1737351403.0016,0.8973053693771362,1.3984489440917969,0
2025-01-20T05:36:43.501Z,1737351403.5016,0.8820673227310181,1.3984489440917969,0
2025-01-20T05:36:44.001Z,1737351404.0016,0.8892368078231812,1.3984489440917969,0
2025-01-20T05:36:44.501Z,1737351404.5016,1.0172760486602783,1.3984489440917969,0
2025-01-20T05:36:45.001Z,1737351405.0016,0.8192794322967529,1.3984489440917969,0
2025-01-20T05:36:45.501Z,1737351405.5016,0.9597751498222351,1.3984489440917969,0
2025-01-20T05:36:46.001Z,1737351406.0016,0.7592447996139526,1.3984489440917969,0
2025-01-20T05:36:46.501Z,1737351406.5016,0.8367016315460205,1.3984489440917969,0
2025-01-20T05:36:47.001Z,1737351407.0016,1.3282521963119507,1.3984489440917969,0
2025-01-20T05:36:47.501Z,1737351407.5016,1.1280412673950195,1.3984489440917969,0
2025-01-20T05:36:48.001Z,1737351408.0016,0.8670763969421387,1.3984489440917969,0
2025-01-20T05:36:48.501Z,1737351408.5016,0.8706700801849365,1.3984489440917969,0
2025-01-20T05:36:49.001Z,1737351409.0016,1.0501458644866943,1.3984489440917969,0
2025-01-20T05:36:49.501Z,1737351409.5016,1.2764387130737305,1.3984489440917969,0
2025-01-20T05:36:50.001Z,1737351410.0016,1.215872049331665,1.3984489440917969,0
2025-01-20T05:36:50.501Z,1737351410.5016,1.1206977367401123,1.3984489440917969,0
2025-01-20T05:36:51.001Z,1737351411.0016,1.1296756267547607,1.3984489440917969,0
2025-01-20T05:36:51.501Z,1737351411.5016,0.7453569173812866,1.3984489440917969,0
2025-01-20T05:36:52.001Z,1737351412.0016,0.9853101968765259,1.3984489440917969,0
2025-01-20T05:36:52.501Z,1737351412.5016,0.7973225116729736,1.3984489440917969,0
2025-01-20T05:36:53.001Z,1737351413.0016,0.9738064408302307,1.3984489440917969,0
2025-01-20T05:36:53.501Z,1737351413.5016,0.8728588223457336,1.3984489440917969,0
2025-01-20T05:36:54.001Z,1737351414.0016,0.9129916429519653,1.3984489440917969,0
2025-01-20T05:36:54.501Z,1737351414.5016,0.7265622615814209,1.3984489440917969,0
2025-01-20T05:36:55.001Z,1737351415.0016,0.8174042701721191,1.3984489440917969,0
2025-01-20T05:36:55.501Z,1737351415.5016,0.9137961864471436,1.3984489440917969,0
2025-01-20T05:36:56.001Z,1737351416.0016,0.8329709768295288,1.3984489440917969,0
2025-01-20T05:36:56.501Z,1737351416.5016,1.0287350416183472,1.3984489440917969,0
2025-01-20T05:36:57.001Z,1737351417.0016,1.099494457244873,1.3984489440917969,0
2025-01-20T05:36:57.501Z,1737351417.5016,0.8439334630966187,1.3984489440917969,0
2025-01-20T05:36:58.001Z,1737351418.0016,0.954587459564209,1.3984489440917969,0
2025-01-20T05:36:58.501Z,1737351418.5016,1.0435571670532227,1.3984489440917969,0
2025-01-20T05:36:59.001Z,1737351419.0016,0.9268229603767395,1.3984489440917969,0
2025-01-20T05:36:59.501Z,1737351419.5016,0.9531362652778625,1.3984489440917969,0
2025-01-20T05:37:00.001Z,1737351420.0016,1.2037665843963623,1.3984489440917969,0
2025-01-20T05:37:00.501Z,1737351420.5016,0.9414075016975403,1.3984489440917969,0
2025-01-20T05:37:01.001Z,1737351421.0016,0.8825505971908569,1.3984489440917969,0
2025-01-20T05:37:01.501Z,1737351421.5016,0.8504196405410767,1.3984489440917969,0
2025-01-20T05:37:02.001Z,1737351422.0016,1.0299715995788574,1.3984489440917969,0
2025-01-20T05:37:02.501Z,1737351422.5016,1.0199215412139893,1.3984489440917969,0
2025-01-20T05:37:03.001Z,1737351423.0016,0.8609350919723511,1.3984489440917969,0
2025-01-20T05:37:03.501Z,1737351423.5016,0.9427244663238525,1.3984489440917969,0
2025-01-20T05:37:04.001Z,1737351424.0016,0.8780574202537537,1.3984489440917969,0
2025-01-20T05:37:04.501Z,1737351424.5016,0.892593264579773,1.3984489440917969,0
2025-01-20T05:37:05.001Z,1737351425.0016,0.949795126914978,1.3984489440917969,0
2025-01-20T05:37:05.501Z,1737351425.5016,0.815802812576294,1.3984489440917969,0
2025-01-20T05:37:06.001Z,1737351426.0016,0.7636204957962036,1.3984489440917969,0
2025-01-20T05:37:06.501Z,1737351426.5016,0.7382590770721436,1.3984489440917969,0
2025-01-20T05:37:07.001Z,1737351427.0016,0.8682729005813599,1.3984489440917969,0
2025-01-20T05:37:07.501Z,1737351427.5016,0.8285043239593506,1.3984489440917969,0
2025-01-20T05:37:08.001Z,1737351428.0016,1.067793607711792,1.3984489440917969,0
2025-01-20T05:37:08.501Z,1737351428.5016,1.1893246173858643,1.3984489440917969,0
2025-01-20T05:37:09.001Z,1737351429.0016,0.8469980359077454,1.3984489440917969,0
2025-01-20T05:37:09.501Z,1737351429.5016,0.8668965101242065,1.3984489440917969,0
2025-01-20T05:37:10.001Z,1737351430.0016,0.8332573175430298,1.3984489440917969,0
2025-01-20T05:37:10.501Z,1737351430.5016,0.7988772392272949,1.3984489440917969,0
2025-01-20T05:37:11.001Z,1737351431.0016,1.0789122581481934,1.3984489440917969,0
2025-01-20T05:37:11.501Z,1737351431.5016,0.9783996939659119,1.3984489440917969,0
2025-01-20T05:37:12.001Z,1737351432.0016,0.9007924795150757,1.3984489440917969,0
2025-01-20T05:37:12.501Z,1737351432.5016,0.8438587188720703,1.3984489440917969,0
2025-01-20T05:37:13.001Z,1737351433.0016,1.063255786895752,1.3984489440917969,0
2025-01-20T05:37:13.501Z,1737351433.5016,1.0548713207244873,1.3984489440917969,0
2025-01-20T05:37:14.001Z,1737351434.0016,1.1264348030090332,1.3984489440917969,0
2025-01-20T05:37:14.501Z,1737351434.5016,1.0360989570617676,1.3984489440917969,0
2025-01-20T05:37:15.001Z,1737351435.0016,1.0256519317626953,1.3984489440917969,0
2025-01-20T05:37:15.501Z,1737351435.5016,1.3208104372024536,1.3984489440917969,0
2025-01-20T05:37:16.001Z,1737351436.0016,1.0274381637573242,1.3984489440917969,0
2025-01-20T05:37:16.501Z,1737351436.5016,0.9164489507675171,1.3984489440917969,0
2025-01-20T05:37:17.001Z,1737351437.0016,1.0893559455871582,1.3984489440917969,0
2025-01-20T05:37:17.501Z,1737351437.5016,0.965060293674469,1.3984489440917969,0
2025-01-20T05:37:18.001Z,1737351438.0016,0.9278280735015869,1.3984489440917969,0
2025-01-20T05:37:18.501Z,1737351438.5016,0.924092173576355,1.3984489440917969,0
2025-01-20T05:37:19.001Z,1737351439.0016,0.7875275611877441,1.3984489440917969,0
2025-01-20T05:37:19.501Z,1737351439.5016,0.955904483795166,1.3984489440917969,0
2025-01-20T05:37:20.001Z,1737351440.0016,0.8549289703369141,1.3984489440917969,0
2025-01-20T05:37:20.501Z,1737351440.5016,0.9488858580589294,1.3984489440917969,0
2025-01-20T05:37:21.001Z,1737351441.0016,0.947860836982727,1.3984489440917969,0
2025-01-20T05:37:21.501Z,1737351441.5016,0.8476312756538391,1.3984489440917969,0
2025-01-20T05:37:22.001Z,1737351442.0016,0.843037486076355,1.3984489440917969,0
2025-01-20T05:37:22.501Z,1737351442.5016,0.8710372447967529,1.3984489440917969,0
2025-01-20T05:37:23.001Z,1737351443.0016,0.833611786365509,1.3984489440917969,0
2025-01-20T05:37:23.501Z,1737351443.5016,0.9866033792495728,1.3984489440917969,0
2025-01-20T05:37:24.001Z,1737351444.0016,0.8462620377540588,1.3984489440917969,0
2025-01-20T05:37:24.501Z,1737351444.5016,0.9383317232131958,1.3984489440917969,0
2025-01-20T05:37:25.001Z,1737351445.0016,0.8722972273826599,1.3984489440917969,0
2025-01-20T05:37:25.501Z,1737351445.5016,0.7874755859375,1.3984489440917969,0
2025-01-20T05:37:26.001Z,1737351446.0016,1.0224652290344238,1.3984489440917969,0
2025-01-20T05:37:26.501Z,1737351446.5016,0.9992780685424805,1.3984489440917969,0
2025-01-20T05:37:27.001Z,1737351447.0016,1.0777668952941895,1.3984489440917969,0
2025-01-20T05:37:27.501Z,1737351447.5016,1.0469847917556763,1.3984489440917969,0
2025-01-20T05:37:28.001Z,1737351448.0016,0.9389625191688538,1.3984489440917969,0
2025-01-20T05:37:28.501Z,1737351448.5016,1.1724560260772705,1.3984489440917969,0
2025-01-20T05:37:29.001Z,1737351449.0016,1.0525360107421875,1.3984489440917969,0
2025-01-20T05:37:29.501Z,1737351449.5016,0.890669584274292,1.3984489440917969,0
2025-01-20T05:37:30.001Z,1737351450.0016,0.8198529481887817,1.3984489440917969,0
2025-01-20T05:37:30.501Z,1737351450.5016,1.0576517581939697,1.3984489440917969,0
2025-01-20T05:37:31.001Z,1737351451.0016,0.8807592391967773,1.3984489440917969,0
2025-01-20T05:37:31.501Z,1737351451.5016,1.03507399559021,1.3984489440917969,0
2025-01-20T05:37:32.001Z,1737351452.0016,1.2475590705871582,1.3984489440917969,0
2025-01-20T05:37:32.501Z,1737351452.5016,1.008824348449707,1.3984489440917969,0
2025-01-20T05:37:33.001Z,1737351453.0016,1.115656852722168,1.3984489440917969,0
2025-01-20T05:37:33.501Z,1737351453.5016,1.0799238681793213,1.3984489440917969,0
2025-01-20T05:37:34.001Z,1737351454.0016,1.161001205444336,1.3984489440917969,0
2025-01-20T05:37:34.501Z,1737351454.5016,0.946096658706665,1.3984489440917969,0
2025-01-20T05:37:35.001Z,1737351455.0016,0.6095031499862671,1.3984489440917969,0
2025-01-20T05:37:35.501Z,1737351455.5016,1.1270997524261475,1.3984489440917969,0
2025-01-20T05:37:36.001Z,1737351456.0016,1.0845868587493896,1.3984489440917969,0
2025-01-20T05:37:36.501Z,1737351456.5016,0.9713906049728394,1.3984489440917969,0
2025-01-20T05:37:37.001Z,1737351457.0016,1.005190372467041,1.3984489440917969,0
2025-01-20T05:37:37.501Z,1737351457.5016,0.7441669702529907,1.3984489440917969,0
2025-01-20T05:37:38.001Z,1737351458.0016,0.9970064759254456,1.3984489440917969,0
2025-01-20T05:37:38.501Z,1737351458.5016,1.0413943529129028,1.3984489440917969,0
2025-01-20T05:37:39.001Z,1737351459.0016,1.1381866931915283,1.3984489440917969,0
2025-01-20T05:37:39.501Z,1737351459.5016,0.9877957105636597,1.3984489440917969,0
2025-01-20T05:37:40.001Z,1737351460.0016,1.0612552165985107,1.3984489440917969,0
2025-01-20T05:37:40.501Z,1737351460.5016,0.9827962517738342,1.3984489440917969,0
2025-01-20T05:37:41.001Z,1737351461.0016,0.9563248157501221,1.3984489440917969,0
2025-01-20T05:37:41.501Z,1737351461.5016,0.8226829767227173,1.3984489440917969,0
2025-01-20T05:37:42.001Z,1737351462.0016,0.7767647504806519,1.3984489440917969,0
2025-01-20T05:37:42.501Z,1737351462.5016,0.890538215637207,1.3984489440917969,0
2025-01-20T05:37:43.001Z,1737351463.0016,0.8902637958526611,1.3984489440917969,0
2025-01-20T05:37:43.501Z,1737351463.5016,0.63197922706604,1.3984489440917969,0
2025-01-20T05:37:44.001Z,1737351464.0016,0.7334729433059692,1.3984489440917969,0
2025-01-20T05:37:44.501Z,1737351464.5016,0.9589978456497192,1.3984489440917969,0
2025-01-20T05:37:45.001Z,1737351465.0016,0.8252880573272705,1.3984489440917969,0
2025-01-20T05:37:45.501Z,1737351465.5016,1.0846025943756104,1.3984489440917969,0
2025-01-20T05:37:46.001Z,1737351466.0016,0.7786886692047119,1.3984489440917969,0
2025-01-20T05:37:46.501Z,1737351466.5016,0.7889053821563721,1.3984489440917969,0
2025-01-20T05:37:47.001Z,1737351467.0016,0.9615780115127563,1.3984489440917969,0
2025-01-20T05:37:47.501Z,1737351467.5016,0.9905797243118286,1.3984489440917969,0
2025-01-20T05:37:48.001Z,1737351468.0016,1.0856597423553467,1.3984489440917969,0
2025-01-20T05:37:48.501Z,1737351468.5016,1.0235927104949951,1.3984489440917969,0
2025-01-20T05:37:49.001Z,1737351469.0016,0.9532532691955566,1.3984489440917969,0
2025-01-20T05:37:49.501Z,1737351469.5016,0.9691791534423828,1.3984489440917969,0
2025-01-20T05:37:50.001Z,1737351470.0016,0.9709877967834473,1.3984489440917969,0
2025-01-20T05:37:50.501Z,1737351470.5016,0.90738844871521,1.3984489440917969,0
2025-01-20T05:37:51.001Z,1737351471.0016,0.9664511680603027,1.3984489440917969,0
2025-01-20T05:37:51.501Z,1737351471.5016,0.974539041519165,1.3984489440917969,0
2025-01-20T05:37:52.001Z,1737351472.0016,1.0612754821777344,1.3984489440917969,0
2025-01-20T05:37:52.501Z,1737351472.5016,1.0231475830078125,1.3984489440917969,0
2025-01-20T05:37:53.001Z,1737351473.0016,1.0248310565948486,1.3984489440917969,0
2025-01-20T05:37:53.501Z,1737351473.5016,1.1656250953674316,1.3984489440917969,0
2025-01-20T05:37:54.001Z,1737351474.0016,0.8561273813247681,1.3984489440917969,0
2025-01-20T05:37:54.501Z,1737351474.5016,0.9053444862365723,1.3984489440917969,0
2025-01-20T05:37:55.001Z,1737351475.0016,1.1490379571914673,1.3984489440917969,0
2025-01-20T05:37:55.501Z,1737351475.5016,0.8736919164657593,1.3984489440917969,0
2025-01-20T05:37:56.001Z,1737351476.0016,1.100847601890564,1.3984489440917969,0
2025-01-20T05:37:56.501Z,1737351476.5016,0.8480466604232788,1.3984489440917969,0
2025-01-20T05:37:57.001Z,1737351477.0016,0.9084433913230896,1.3984489440917969,0
2025-01-20T05:37:57.501Z,1737351477.5016,0.7872573137283325,1.3984489440917969,0
2025-01-20T05:37:58.001Z,1737351478.0016,0.9327224493026733,1.3984489440917969,0
2025-01-20T05:37:58.501Z,1737351478.5016,1.0485219955444336,1.3984489440917969,0
2025-01-20T05:37:59.001Z,1737351479.0016,1.0545711517333984,1.3984489440917969,0
2025-01-20T05:37:59.501Z,1737351479.5016,0.9379109144210815,1.3984489440917969,0
2025-01-20T05:38:00.001Z,1737351480.0016,0.9028922319412231,1.3984489440917969,0
2025-01-20T05:38:00.501Z,1737351480.5016,0.8289850950241089,1.3984489440917969,0
2025-01-20T05:38:01.001Z,1737351481.0016,0.6893206834793091,1.3984489440917969,0
2025-01-20T05:38:01.501Z,1737351481.5016,1.0534557104110718,1.3984489440917969,0
2025-01-20T05:38:02.001Z,1737351482.0016,0.8913977146148682,1.3984489440917969,0
2025-01-20T05:38:02.501Z,1737351482.5016,1.0151731967926025,1.3984489440917969,0
2025-01-20T05:38:03.001Z,1737351483.0016,0.8652520775794983,1.3984489440917969,0
2025-01-20T05:38:03.501Z,1737351483.5016,1.087409496307373,1.3984489440917969,0
2025-01-20T05:38:04.001Z,1737351484.0016,1.0061392784118652,1.3984489440917969,0
2025-01-20T05:38:04.501Z,1737351484.5016,0.8184174299240112,1.3984489440917969,0
2025-01-20T05:38:05.001Z,1737351485.0016,0.943046510219574,1.3984489440917969,0
2025-01-20T05:38:05.501Z,1737351485.5016,0.8259817361831665,1.3984489440917969,0
2025-01-20T05:38:06.001Z,1737351486.0016,1.034757137298584,1.3984489440917969,0
2025-01-20T05:38:06.501Z,1737351486.5016,1.0928101539611816,1.3984489440917969,0
2025-01-20T05:38:07.001Z,1737351487.0016,0.9682263135910034,1.3984489440917969,0
2025-01-20T05:38:07.501Z,1737351487.5016,0.7601057291030884,1.3984489440917969,0
2025-01-20T05:38:08.001Z,1737351488.0016,0.8744821548461914,1.3984489440917969,0
2025-01-20T05:38:08.501Z,1737351488.5016,1.0963183641433716,1.3984489440917969,0
2025-01-20T05:38:09.001Z,1737351489.0016,0.8807493448257446,1.3984489440917969,0
2025-01-20T05:38:09.501Z,1737351489.5016,0.8903409242630005,1.3984489440917969,0
2025-01-20T05:38:10.001Z,1737351490.0016,1.1638678312301636,1.3984489440917969,0
2025-01-20T05:38:10.501Z,1737351490.5016,0.9318148493766785,1.3984489440917969,0
2025-01-20T05:38:11.001Z,1737351491.0016,1.0730836391448975,1.3984489440917969,0
2025-01-20T05:38:11.501Z,1737351491.5016,0.9970633387565613,1.3984489440917969,0
2025-01-20T05:38:12.001Z,1737351492.0016,0.8042123913764954,1.3984489440917969,0
2025-01-20T05:38:12.501Z,1737351492.5016,0.7612422704696655,1.3984489440917969,0
2025-01-20T05:38:13.001Z,1737351493.0016,0.9922240972518921,1.3984489440917969,0
2025-01-20T05:38:13.501Z,1737351493.5016,1.023692011833191,1.3984489440917969,0
2025-01-20T05:38:14.001Z,1737351494.0016,1.1364152431488037,1.3984489440917969,0
2025-01-20T05:38:14.501Z,1737351494.5016,1.1897358894348145,1.3984489440917969,0
2025-01-20T05:38:15.001Z,1737351495.0016,0.9097782969474792,1.3984489440917969,0
2025-01-20T05:38:15.501Z,1737351495.5016,0.8919001817703247,1.3984489440917969,0
2025-01-20T05:38:16.001Z,1737351496.0016,1.0016095638275146,1.3984489440917969,0
2025-01-20T05:38:16.501Z,1737351496.5016,0.8395273685455322,1.3984489440917969,0
2025-01-20T05:38:17.001Z,1737351497.0016,1.04293954372406,1.3984489440917969,0
2025-01-20T05:38:17.501Z,1737351497.5016,0.9075156450271606,1.3984489440917969,0
2025-01-20T05:38:18.001Z,1737351498.0016,0.8709880113601685,1.3984489440917969,0
2025-01-20T05:38:18.501Z,1737351498.5016,0.9528189897537231,1.3984489440917969,0
2025-01-20T05:38:19.001Z,1737351499.0016,0.9672418832778931,1.3984489440917969,0
2025-01-20T05:38:19.501Z,1737351499.5016,1.0024988651275635,1.3984489440917969,0
2025-01-20T05:38:20.001Z,1737351500.0016,1.127964735031128,1.3984489440917969,0
2025-01-20T05:38:20.501Z,1737351500.5016,0.7994475960731506,1.3984489440917969,0
2025-01-20T05:38:21.001Z,1737351501.0016,0.7121215462684631,1.3984489440917969,0
2025-01-20T05:38:21.501Z,1737351501.5016,0.6864515542984009,1.3984489440917969,0
2025-01-20T05:38:22.001Z,1737351502.0016,0.8528773784637451,1.3984489440917969,0
2025-01-20T05:38:22.501Z,1737351502.5016,1.0083181858062744,1.3984489440917969,0
2025-01-20T05:38:23.001Z,1737351503.0016,1.1283613443374634,1.3984489440917969,0
2025-01-20T05:38:23.501Z,1737351503.5016,1.023112416267395,1.3984489440917969,0
2025-01-20T05:38:24.001Z,1737351504.0016,1.1814911365509033,1.3984489440917969,0
2025-01-20T05:38:24.501Z,1737351504.5016,1.0725417137145996,1.3984489440917969,0
2025-01-20T05:38:25.001Z,1737351505.0016,1.03598153591156,1.3984489440917969,0
2025-01-20T05:38:25.501Z,1737351505.5016,1.063596248626709,1.3984489440917969,0
2025-01-20T05:38:26.001Z,1737351506.0016,0.9757572412490845,1.3984489440917969,0
2025-01-20T05:38:26.501Z,1737351506.5016,1.1005768775939941,1.3984489440917969,0
2025-01-20T05:38:27.001Z,1737351507.0016,0.9958645105361938,1.3984489440917969,0
2025-01-20T05:38:27.501Z,1737351507.5016,0.8511497378349304,1.3984489440917969,0
2025-01-20T05:38:28.001Z,1737351508.0016,1.3292744159698486,1.3984489440917969,0
2025-01-20T05:38:28.501Z,1737351508.5016,0.8288663625717163,1.3984489440917969,0
2025-01-20T05:38:29.001Z,1737351509.0016,1.0394641160964966,1.3984489440917969,0
2025-01-20T05:38:29.501Z,1737351509.5016,1.0770509243011475,1.3984489440917969,0
2025-01-20T05:38:30.001Z,1737351510.0016,0.9550327658653259,1.3984489440917969,0
2025-01-20T05:38:30.501Z,1737351510.5016,0.9551098346710205,1.3984489440917969,0
2025-01-20T05:38:31.001Z,1737351511.0016,0.7967907190322876,1.3984489440917969,0
2025-01-20T05:38:31.501Z,1737351511.5016,0.8828452825546265,1.3984489440917969,0
2025-01-20T05:38:32.001Z,1737351512.0016,1.0276795625686646,1.3984489440917969,0
2025-01-20T05:38:32.501Z,1737351512.5016,1.0913076400756836,1.3984489440917969,0
2025-01-20T05:38:33.001Z,1737351513.0016,0.9308899641036987,1.3984489440917969,0
2025-01-20T05:38:33.501Z,1737351513.5016,0.7875200510025024,1.3984489440917969,0
2025-01-20T05:38:34.001Z,1737351514.0016,0.6573342084884644,1.3984489440917969,0
2025-01-20T05:38:34.501Z,1737351514.5016,0.9622796177864075,1.3984489440917969,0
2025-01-20T05:38:35.001Z,1737351515.0016,0.821357786655426,1.3984489440917969,0
2025-01-20T05:38:35.501Z,1737351515.5016,0.8077361583709717,1.3984489440917969,0
2025-01-20T05:38:36.001Z,1737351516.0016,0.8155493140220642,1.3984489440917969,0
2025-01-20T05:38:36.501Z,1737351516.5016,1.0272819995880127,1.3984489440917969,0
2025-01-20T05:38:37.001Z,1737351517.0016,0.8667724132537842,1.3984489440917969,0
2025-01-20T05:38:37.501Z,1737351517.5016,0.8966159224510193,1.3984489440917969,0
2025-01-20T05:38:38.001Z,1737351518.0016,0.7529407739639282,1.3984489440917969,0
2025-01-20T05:38:38.501Z,1737351518.5016,0.8309556245803833,1.3984489440917969,0
2025-01-20T05:38:39.001Z,1737351519.0016,0.8197406530380249,1.3984489440917969,0
2025-01-20T05:38:39.501Z,1737351519.5016,0.7005853652954102,1.3984489440917969,0
2025-01-20T05:38:40.001Z,1737351520.0016,0.8105647563934326,1.3984489440917969,0
2025-01-20T05:38:40.501Z,1737351520.5016,0.9033045172691345,1.3984489440917969,0
2025-01-20T05:38:41.001Z,1737351521.0016,1.0477676391601562,1.3984489440917969,0
2025-01-20T05:38:41.501Z,1737351521.5016,0.9049049615859985,1.3984489440917969,0
2025-01-20T05:38:42.001Z,1737351522.0016,1.0504683256149292,1.3984489440917969,0
2025-01-20T05:38:42.501Z,1737351522.5016,0.8552538156509399,1.3984489440917969,0
2025-01-20T05:38:43.001Z,1737351523.0016,0.944916844367981,1.3984489440917969,0
2025-01-20T05:38:43.501Z,1737351523.5016,0.9916861057281494,1.3984489440917969,0
2025-01-20T05:38:44.001Z,1737351524.0016,0.931338369846344,1.3984489440917969,0
2025-01-20T05:38:44.501Z,1737351524.5016,1.019744634628296,1.3984489440917969,0
2025-01-20T05:38:45.001Z,1737351525.0016,0.868087887763977,1.3984489440917969,0
2025-01-20T05:38:45.501Z,1737351525.5016,0.848405659198761,1.3984489440917969,0
2025-01-20T05:38:46.001Z,1737351526.0016,0.9285349249839783,1.3984489440917969,0
2025-01-20T05:38:46.501Z,1737351526.5016,1.0107378959655762,1.3984489440917969,0
2025-01-20T05:38:47.001Z,1737351527.0016,0.9440120458602905,1.3984489440917969,0
2025-01-20T05:38:47.501Z,1737351527.5016,1.069263219833374,1.3984489440917969,0
2025-01-20T05:38:48.001Z,1737351528.0016,1.0142568349838257,1.3984489440917969,0
2025-01-20T05:38:48.501Z,1737351528.5016,1.2108365297317505,1.3984489440917969,0
2025-01-20T05:38:49.001Z,1737351529.0016,1.2637343406677246,1.3984489440917969,0
2025-01-20T05:38:49.501Z,1737351529.5016,0.9051517844200134,1.3984489440917969,0
2025-01-20T05:38:50.001Z,1737351530.0016,0.8907841444015503,1.3984489440917969,0
2025-01-20T05:38:50.501Z,1737351530.5016,0.9554155468940735,1.3984489440917969,0
2025-01-20T05:38:51.001Z,1737351531.0016,1.0184555053710938,1.3984489440917969,0
2025-01-20T05:38:51.501Z,1737351531.5016,1.0959534645080566,1.3984489440917969,0
2025-01-20T05:38:52.001Z,1737351532.0016,1.05269455909729,1.3984489440917969,0
2025-01-20T05:38:52.501Z,1737351532.5016,1.2616546154022217,1.3984489440917969,0
2025-01-20T05:38:53.001Z,1737351533.0016,1.0210272073745728,1.3984489440917969,0
2025-01-20T05:38:53.501Z,1737351533.5016,0.9169498682022095,1.3984489440917969,0
2025-01-20T05:38:54.001Z,1737351534.0016,0.9043828248977661,1.3984489440917969,0
2025-01-20T05:38:54.501Z,1737351534.5016,1.1096806526184082,1.3984489440917969,0
2025-01-20T05:38:55.001Z,1737351535.0016,0.9274752140045166,1.3984489440917969,0
2025-01-20T05:38:55.501Z,1737351535.5016,1.1069114208221436,1.3984489440917969,0
2025-01-20T05:38:56.001Z,1737351536.0016,1.0162103176116943,1.3984489440917969,0
2025-01-20T05:38:56.501Z,1737351536.5016,0.8744200468063354,1.3984489440917969,0
2025-01-20T05:38:57.001Z,1737351537.0016,1.348332405090332,1.3984489440917969,0
2025-01-20T05:38:57.501Z,1737351537.5016,0.8981801271438599,1.3984489440917969,0
2025-01-20T05:38:58.001Z,1737351538.0016,1.0954625606536865,1.3984489440917969,0
2025-01-20T05:38:58.501Z,1737351538.5016,0.9296441078186035,1.3984489440917969,0
2025-01-20T05:38:59.001Z,1737351539.0016,0.8426253795623779,1.3984489440917969,0
2025-01-20T05:38:59.501Z,1737351539.5016,0.8936244249343872,1.3984489440917969,0
2025-01-20T05:39:00.001Z,1737351540.0016,0.9438022971153259,1.3984489440917969,0
2025-01-20T05:39:00.501Z,1737351540.5016,0.8976224660873413,1.3984489440917969,0
2025-01-20T05:39:01.001Z,1737351541.0016,0.8273641467094421,1.3984489440917969,0
2025-01-20T05:39:01.501Z,1737351541.5016,0.9730274677276611,1.3984489440917969,0
2025-01-20T05:39:02.001Z,1737351542.0016,0.8935809135437012,1.3984489440917969,0
2025-01-20T05:39:02.501Z,1737351542.5016,1.1019868850708008,1.3984489440917969,0
2025-01-20T05:39:03.001Z,1737351543.0016,0.8158679604530334,1.3984489440917969,0
2025-01-20T05:39:03.501Z,1737351543.5016,0.7722591161727905,1.3984489440917969,0
2025-01-20T05:39:04.001Z,1737351544.0016,0.8001601696014404,1.3984489440917969,0
2025-01-20T05:39:04.501Z,1737351544.5016,0.8201083540916443,1.3984489440917969,0
2025-01-20T05:39:05.001Z,1737351545.0016,0.9418478012084961,1.3984489440917969,0
2025-01-20T05:39:05.501Z,1737351545.5016,1.1452157497406006,1.3984489440917969,0
2025-01-20T05:39:06.001Z,1737351546.0016,1.03574538230896,1.3984489440917969,0
2025-01-20T05:39:06.501Z,1737351546.5016,0.8665493130683899,1.3984489440917969,0
2025-01-20T05:39:07.001Z,1737351547.0016,0.7685618996620178,1.3984489440917969,0
2025-01-20T05:39:07.501Z,1737351547.5016,0.913083553314209,1.3984489440917969,0
2025-01-20T05:39:08.001Z,1737351548.0016,0.9611845016479492,1.3984489440917969,0
2025-01-20T05:39:08.501Z,1737351548.5016,0.7829737663269043,1.3984489440917969,0
2025-01-20T05:39:09.001Z,1737351549.0016,1.0125468969345093,1.3984489440917969,0
2025-01-20T05:39:09.501Z,1737351549.5016,1.0407956838607788,1.3984489440917969,0
2025-01-20T05:39:10.001Z,1737351550.0016,0.9873119592666626,1.3984489440917969,0
2025-01-20T05:39:10.501Z,1737351550.5016,0.90198814868927,1.3984489440917969,0
2025-01-20T05:39:11.001Z,1737351551.0016,0.7270892858505249,1.3984489440917969,0
2025-01-20T05:39:11.501Z,1737351551.5016,0.8379838466644287,1.3984489440917969,0
2025-01-20T05:39:12.001Z,1737351552.0016,0.8443253040313721,1.3984489440917969,0
2025-01-20T05:39:12.501Z,1737351552.5016,1.1521341800689697,1.3984489440917969,0
2025-01-20T05:39:13.001Z,1737351553.0016,1.0885686874389648,1.3984489440917969,0
2025-01-20T05:39:13.501Z,1737351553.5016,0.843980073928833,1.3984489440917969,0
2025-01-20T05:39:14.001Z,1737351554.0016,0.9242323637008667,1.3984489440917969,0
2025-01-20T05:39:14.501Z,1737351554.5016,0.8693482279777527,1.3984489440917969,0
2025-01-20T05:39:15.001Z,1737351555.0016,0.8452115058898926,1.3984489440917969,0
2025-01-20T05:39:15.501Z,1737351555.5016,0.8745115995407104,1.3984489440917969,0
2025-01-20T05:39:16.001Z,1737351556.0016,1.0871682167053223,1.3984489440917969,0
2025-01-20T05:39:16.501Z,1737351556.5016,1.2503764629364014,1.3984489440917969,0
2025-01-20T05:39:17.001Z,1737351557.0016,0.973416268825531,1.3984489440917969,0
2025-01-20T05:39:17.501Z,1737351557.5016,1.0088647603988647,1.3984489440917969,0
2025-01-20T05:39:18.001Z,1737351558.0016,0.990517795085907,1.3984489440917969,0
2025-01-20T05:39:18.501Z,1737351558.5016,0.9343574047088623,1.3984489440917969,0
2025-01-20T05:39:19.001Z,1737351559.0016,1.0368025302886963,1.3984489440917969,0
2025-01-20T05:39:19.501Z,1737351559.5016,0.8148070573806763,1.3984489440917969,0
2025-01-20T05:39:20.001Z,1737351560.0016,0.9956073760986328,1.3984489440917969,0
2025-01-20T05:39:20.501Z,1737351560.5016,0.8377029299736023,1.3984489440917969,0
2025-01-20T05:39:21.001Z,1737351561.0016,0.8777592182159424,1.3984489440917969,0
2025-01-20T05:39:21.501Z,1737351561.5016,0.7780555486679077,1.3984489440917969,0
2025-01-20T05:39:22.001Z,1737351562.0016,0.8836606740951538,1.3984489440917969,0
2025-01-20T05:39:22.501Z,1737351562.5016,1.1155753135681152,1.3984489440917969,0
2025-01-20T05:39:23.001Z,1737351563.0016,1.0620815753936768,1.3984489440917969,0
2025-01-20T05:39:23.501Z,1737351563.5016,0.9450017809867859,1.3984489440917969,0
2025-01-20T05:39:24.001Z,1737351564.0016,0.9521193504333496,1.3984489440917969,0
2025-01-20T05:39:24.501Z,1737351564.5016,0.9154451489448547,1.3984489440917969,0
2025-01-20T05:39:25.001Z,1737351565.0016,0.7648634314537048,1.3984489440917969,0
2025-01-20T05:39:25.501Z,1737351565.5016,0.9217561483383179,1.3984489440917969,0
2025-01-20T05:39:26.001Z,1737351566.0016,0.969588041305542,1.3984489440917969,0
2025-01-20T05:39:26.501Z,1737351566.5016,1.0932995080947876,1.3984489440917969,0
2025-01-20T05:39:27.001Z,1737351567.0016,0.9973946809768677,1.3984489440917969,0
2025-01-20T05:39:27.501Z,1737351567.5016,1.235642433166504,1.3984489440917969,0
2025-01-20T05:39:28.001Z,1737351568.0016,1.2305717468261719,1.3984489440917969,0
2025-01-20T05:39:28.501Z,1737351568.5016,1.2597277164459229,1.3984489440917969,0
2025-01-20T05:39:29.001Z,1737351569.0016,0.8334159851074219,1.3984489440917969,0
2025-01-20T05:39:29.501Z,1737351569.5016,0.6528391242027283,1.3984489440917969,0
2025-01-20T05:39:30.001Z,1737351570.0016,0.8562538027763367,1.3984489440917969,0
2025-01-20T05:39:30.501Z,1737351570.5016,0.7797338962554932,1.3984489440917969,0
2025-01-20T05:39:31.001Z,1737351571.0016,1.147857666015625,1.3984489440917969,0
2025-01-20T05:39:31.501Z,1737351571.5016,0.8896983861923218,1.3984489440917969,0
2025-01-20T05:39:32.001Z,1737351572.0016,0.9851564168930054,1.3984489440917969,0
2025-01-20T05:39:32.501Z,1737351572.5016,1.0305352210998535,1.3984489440917969,0
2025-01-20T05:39:33.001Z,1737351573.0016,0.9436594843864441,1.3984489440917969,0
2025-01-20T05:39:33.501Z,1737351573.5016,0.802422046661377,1.3984489440917969,0
2025-01-20T05:39:34.001Z,1737351574.0016,1.1167716979980469,1.3984489440917969,0
2025-01-20T05:39:34.501Z,1737351574.5016,1.0610201358795166,1.3984489440917969,0
2025-01-20T05:39:35.001Z,1737351575.0016,1.1871535778045654,1.3984489440917969,0
2025-01-20T05:39:35.501Z,1737351575.5016,0.8757377862930298,1.3984489440917969,0
2025-01-20T05:39:36.001Z,1737351576.0016,0.7468113899230957,1.3984489440917969,0
2025-01-20T05:39:36.501Z,1737351576.5016,0.7215602397918701,1.3984489440917969,0
2025-01-20T05:39:37.001Z,1737351577.0016,1.1001198291778564,1.3984489440917969,0
2025-01-20T05:39:37.501Z,1737351577.5016,1.0642106533050537,1.3984489440917969,0
2025-01-20T05:39:38.001Z,1737351578.0016,0.7179231643676758,1.3984489440917969,0
2025-01-20T05:39:38.501Z,1737351578.5016,0.9232792854309082,1.3984489440917969,0
2025-01-20T05:39:39.001Z,1737351579.0016,0.8191008567810059,1.3984489440917969,0
2025-01-20T05:39:39.501Z,1737351579.5016,0.9997767210006714,1.3984489440917969,0
2025-01-20T05:39:40.001Z,1737351580.0016,0.8428764343261719,1.3984489440917969,0
2025-01-20T05:39:40.501Z,1737351580.5016,0.7639673948287964,1.3984489440917969,0
2025-01-20T05:39:41.001Z,1737351581.0016,0.9703736305236816,1.3984489440917969,0
2025-01-20T05:39:41.501Z,1737351581.5016,0.8137592077255249,1.3984489440917969,0
2025-01-20T05:39:42.001Z,1737351582.0016,0.8404110074043274,1.3984489440917969,0
2025-01-20T05:39:42.501Z,1737351582.5016,0.7564135789871216,1.3984489440917969,0
2025-01-20T05:39:43.001Z,1737351583.0016,1.0676100254058838,1.3984489440917969,0
2025-01-20T05:39:43.501Z,1737351583.5016,1.017641544342041,1.3984489440917969,0
2025-01-20T05:39:44.001Z,1737351584.0016,0.814664363861084,1.3984489440917969,0
2025-01-20T05:39:44.501Z,1737351584.5016,0.7325697541236877,1.3984489440917969,0
2025-01-20T05:39:45.001Z,1737351585.0016,0.9366638660430908,1.3984489440917969,0
2025-01-20T05:39:45.501Z,1737351585.5016,0.8846348524093628,1.3984489440917969,0
2025-01-20T05:39:46.001Z,1737351586.0016,0.6479849815368652,1.3984489440917969,0
2025-01-20T05:39:46.501Z,1737351586.5016,1.0628705024719238,1.3984489440917969,0
2025-01-20T05:39:47.001Z,1737351587.0016,1.0096428394317627,1.3984489440917969,0
2025-01-20T05:39:47.501Z,1737351587.5016,0.9254240989685059,1.3984489440917969,0
2025-01-20T05:39:48.001Z,1737351588.0016,1.0041967630386353,1.3984489440917969,0
2025-01-20T05:39:48.501Z,1737351588.5016,1.3686652183532715,1.3984489440917969,0
2025-01-20T05:39:49.001Z,1737351589.0016,0.9633277654647827,1.3984489440917969,0
2025-01-20T05:39:49.501Z,1737351589.5016,0.9548813104629517,1.3984489440917969,0
2025-01-20T05:39:50.001Z,1737351590.0016,0.884225070476532,1.3984489440917969,0
2025-01-20T05:39:50.501Z,1737351590.5016,0.8900322914123535,1.3984489440917969,0
2025-01-20T05:39:51.001Z,1737351591.0016,1.2160919904708862,1.3984489440917969,0
2025-01-20T05:39:51.501Z,1737351591.5016,0.9238072633743286,1.3984489440917969,0
2025-01-20T05:39:52.001Z,1737351592.0016,0.9454137086868286,1.3984489440917969,0
2025-01-20T05:39:52.501Z,1737351592.5016,1.0302982330322266,1.3984489440917969,0
2025-01-20T05:39:53.001Z,1737351593.0016,1.0610346794128418,1.3984489440917969,0
2025-01-20T05:39:53.501Z,1737351593.5016,0.9048006534576416,1.3984489440917969,0
2025-01-20T05:39:54.001Z,1737351594.0016,0.8689688444137573,1.3984489440917969,0
2025-01-20T05:39:54.501Z,1737351594.5016,0.9009581208229065,1.3984489440917969,0
2025-01-20T05:39:55.001Z,1737351595.0016,0.9574052095413208,1.3984489440917969,0
2025-01-20T05:39:55.501Z,1737351595.5016,1.4983519315719604,1.3984489440917969,0
2025-01-20T05:39:56.001Z,1737351596.0016,0.8878180384635925,1.3984489440917969,0
2025-01-20T05:39:56.501Z,1737351596.5016,0.7519382238388062,1.3984489440917969,0
2025-01-20T05:39:57.001Z,1737351597.0016,0.8291355967521667,1.3984489440917969,0
2025-01-20T05:39:57.501Z,1737351597.5016,0.9100077748298645,1.3984489440917969,0
2025-01-20T05:39:58.001Z,1737351598.0016,0.8775424957275391,1.3984489440917969,0
2025-01-20T05:39:58.501Z,1737351598.5016,1.0060224533081055,1.3984489440917969,0
2025-01-20T05:39:59.001Z,1737351599.0016,0.8411974906921387,1.3984489440917969,0
2025-01-20T05:39:59.501Z,1737351599.5016,1.0533559322357178,1.3984489440917969,0
2025-01-20T05:40:00.001Z,1737351600.0016,0.8508161306381226,1.3984489440917969,0
2025-01-20T05:40:00.501Z,1737351600.5016,0.7197564244270325,1.3984489440917969,0
2025-01-20T05:40:01.001Z,1737351601.0016,0.7602254748344421,1.3984489440917969,0
2025-01-20T05:40:01.501Z,1737351601.5016,0.9495093822479248,1.3984489440917969,0
2025-01-20T05:40:02.001Z,1737351602.0016,1.0840083360671997,1.3984489440917969,0
2025-01-20T05:40:02.501Z,1737351602.5016,0.7655640840530396,1.3984489440917969,0
2025-01-20T05:40:03.001Z,1737351603.0016,0.918653130531311,1.3984489440917969,0
2025-01-20T05:40:03.501Z,1737351603.5016,1.0450888872146606,1.3984489440917969,0
2025-01-20T05:40:04.001Z,1737351604.0016,1.0752874612808228,1.3984489440917969,0
2025-01-20T05:40:04.501Z,1737351604.5016,0.8873782157897949,1.3984489440917969,0
2025-01-20T05:40:05.001Z,1737351605.0016,1.0384916067123413,1.3984489440917969,0
2025-01-20T05:40:05.501Z,1737351605.5016,1.0776445865631104,1.3984489440917969,0
2025-01-20T05:40:06.001Z,1737351606.0016,1.0040335655212402,1.3984489440917969,0
2025-01-20T05:40:06.501Z,1737351606.5016,0.9779765009880066,1.3984489440917969,0
2025-01-20T05:40:07.001Z,1737351607.0016,1.0118147134780884,1.3984489440917969,0
2025-01-20T05:40:07.501Z,1737351607.5016,1.170439600944519,1.3984489440917969,0
2025-01-20T05:40:08.001Z,1737351608.0016,0.9606227874755859,1.3984489440917969,0
2025-01-20T05:40:08.501Z,1737351608.5016,1.0353713035583496,1.3984489440917969,0
2025-01-20T05:40:09.001Z,1737351609.0016,1.0796756744384766,1.3984489440917969,0
2025-01-20T05:40:09.501Z,1737351609.5016,0.8711843490600586,1.3984489440917969,0
2025-01-20T05:40:10.001Z,1737351610.0016,0.7916626930236816,1.3984489440917969,0
2025-01-20T05:40:10.501Z,1737351610.5016,0.9832038283348083,1.3984489440917969,0
2025-01-20T05:40:11.001Z,1737351611.0016,0.7857646942138672,1.3984489440917969,0
2025-01-20T05:40:11.501Z,1737351611.5016,0.8592858910560608,1.3984489440917969,0
2025-01-20T05:40:12.001Z,1737351612.0016,0.9963514804840088,1.3984489440917969,0
2025-01-20T05:40:12.501Z,1737351612.5016,1.3335071802139282,1.3984489440917969,0
2025-01-20T05:40:13.001Z,1737351613.0016,0.8824760913848877,1.3984489440917969,0
2025-01-20T05:40:13.501Z,1737351613.5016,0.9840667843818665,1.3984489440917969,0
2025-01-20T05:40:14.001Z,1737351614.0016,0.9915686845779419,1.3984489440917969,0
2025-01-20T05:40:14.501Z,1737351614.5016,0.8987165689468384,1.3984489440917969,0
2025-01-20T05:40:15.001Z,1737351615.0016,0.8197774291038513,1.3984489440917969,0
2025-01-20T05:40:15.501Z,1737351615.5016,0.9860628247261047,1.3984489440917969,0
2025-01-20T05:40:16.001Z,1737351616.0016,0.884223997592926,1.3984489440917969,0
2025-01-20T05:40:16.501Z,1737351616.5016,0.9182263612747192,1.3984489440917969,0
2025-01-20T05:40:17.001Z,1737351617.0016,0.8989606499671936,1.3984489440917969,0
2025-01-20T05:40:17.501Z,1737351617.5016,0.8245062828063965,1.3984489440917969,0
2025-01-20T05:40:18.001Z,1737351618.0016,1.1898193359375,1.3984489440917969,0
2025-01-20T05:40:18.501Z,1737351618.5016,0.766063928604126,1.3984489440917969,0
2025-01-20T05:40:19.001Z,1737351619.0016,0.7743619680404663,1.3984489440917969,0
2025-01-20T05:40:19.501Z,1737351619.5016,0.814902663230896,1.3984489440917969,0
2025-01-20T05:40:20.001Z,1737351620.0016,0.7585314512252808,1.3984489440917969,0
2025-01-20T05:40:20.501Z,1737351620.5016,1.0309644937515259,1.3984489440917969,0
2025-01-20T05:40:21.001Z,1737351621.0016,0.9475833177566528,1.3984489440917969,0
2025-01-20T05:40:21.501Z,1737351621.5016,0.9498416185379028,1.3984489440917969,0
2025-01-20T05:40:22.001Z,1737351622.0016,0.8731642961502075,1.3984489440917969,0
2025-01-20T05:40:22.501Z,1737351622.5016,1.0956586599349976,1.3984489440917969,0
2025-01-20T05:40:23.001Z,1737351623.0016,1.1041228771209717,1.3984489440917969,0
2025-01-20T05:40:23.501Z,1737351623.5016,1.1907240152359009,1.3984489440917969,0
2025-01-20T05:40:24.001Z,1737351624.0016,1.1112103462219238,1.3984489440917969,0
2025-01-20T05:40:24.501Z,1737351624.5016,1.0005385875701904,1.3984489440917969,0
2025-01-20T05:40:25.001Z,1737351625.0016,1.0536243915557861,1.3984489440917969,0
2025-01-20T05:40:25.501Z,1737351625.5016,0.9549659490585327,1.3984489440917969,0
2025-01-20T05:40:26.001Z,1737351626.0016,1.1839110851287842,1.3984489440917969,0
2025-01-20T05:40:26.501Z,1737351626.5016,0.8937979936599731,1.3984489440917969,0
2025-01-20T05:40:27.001Z,1737351627.0016,0.8362903594970703,1.3984489440917969,0
2025-01-20T05:40:27.501Z,1737351627.5016,0.9104588627815247,1.3984489440917969,0
2025-01-20T05:40:28.001Z,1737351628.0016,0.9793440699577332,1.3984489440917969,0
2025-01-20T05:40:28.501Z,1737351628.5016,1.1860393285751343,1.3984489440917969,0
2025-01-20T05:40:29.001Z,1737351629.0016,0.8967423439025879,1.3984489440917969,0
2025-01-20T05:40:29.501Z,1737351629.5016,0.7071161270141602,1.3984489440917969,0
2025-01-20T05:40:30.001Z,1737351630.0016,1.0304772853851318,1.3984489440917969,0
2025-01-20T05:40:30.501Z,1737351630.5016,1.061211109161377,1.3984489440917969,0
2025-01-20T05:40:31.001Z,1737351631.0016,1.2132740020751953,1.3984489440917969,0
2025-01-20T05:40:31.501Z,1737351631.5016,0.8884238004684448,1.3984489440917969,0
2025-01-20T05:40:32.001Z,1737351632.0016,0.9444712400436401,1.3984489440917969,0
2025-01-20T05:40:32.501Z,1737351632.5016,0.7748661041259766,1.3984489440917969,0
2025-01-20T05:40:33.001Z,1737351633.0016,0.7010629177093506,1.3984489440917969,0
2025-01-20T05:40:33.501Z,1737351633.5016,0.8534576892852783,1.3984489440917969,0
2025-01-20T05:40:34.001Z,1737351634.0016,0.9106308817863464,1.3984489440917969,0
2025-01-20T05:40:34.501Z,1737351634.5016,0.764552652835846,1.3984489440917969,0
2025-01-20T05:40:35.001Z,1737351635.0016,1.319340467453003,1.3984489440917969,0
2025-01-20T05:40:35.501Z,1737351635.5016,0.9955514669418335,1.3984489440917969,0
2025-01-20T05:40:36.001Z,1737351636.0016,0.9528858661651611,1.3984489440917969,0
2025-01-20T05:40:36.501Z,1737351636.5016,0.7688135504722595,1.3984489440917969,0
2025-01-20T05:40:37.001Z,1737351637.0016,0.8411483764648438,1.3984489440917969,0
2025-01-20T05:40:37.501Z,1737351637.5016,0.8056149482727051,1.3984489440917969,0
2025-01-20T05:40:38.001Z,1737351638.0016,0.8635365962982178,1.3984489440917969,0
2025-01-20T05:40:38.501Z,1737351638.5016,1.0342755317687988,1.3984489440917969,0
2025-01-20T05:40:39.001Z,1737351639.0016,0.753502607345581,1.3984489440917969,0
2025-01-20T05:40:39.501Z,1737351639.5016,0.9916949272155762,1.3984489440917969,0
2025-01-20T05:40:40.001Z,1737351640.0016,0.955242395401001,1.3984489440917969,0
2025-01-20T05:40:40.501Z,1737351640.5016,1.1285645961761475,1.3984489440917969,0
2025-01-20T05:40:41.001Z,1737351641.0016,0.9107003211975098,1.3984489440917969,0
2025-01-20T05:40:41.501Z,1737351641.5016,0.9178032875061035,1.3984489440917969,0
2025-01-20T05:40:42.001Z,1737351642.0016,0.9845600724220276,1.3984489440917969,0
2025-01-20T05:40:42.501Z,1737351642.5016,1.070575475692749,1.3984489440917969,0
2025-01-20T05:40:43.001Z,1737351643.0016,0.891366720199585,1.3984489440917969,0
2025-01-20T05:40:43.501Z,1737351643.5016,1.0240819454193115,1.3984489440917969,0
2025-01-20T05:40:44.001Z,1737351644.0016,0.8664969205856323,1.3984489440917969,0
2025-01-20T05:40:44.501Z,1737351644.5016,0.9787424206733704,1.3984489440917969,0
2025-01-20T05:40:45.001Z,1737351645.0016,0.8815455436706543,1.3984489440917969,0
2025-01-20T05:40:45.501Z,1737351645.5016,1.0243690013885498,1.3984489440917969,0
2025-01-20T05:40:46.001Z,1737351646.0016,1.213973045349121,1.3984489440917969,0
2025-01-20T05:40:46.501Z,1737351646.5016,1.0104278326034546,1.3984489440917969,0
2025-01-20T05:40:47.001Z,1737351647.0016,1.2543766498565674,1.3984489440917969,0
2025-01-20T05:40:47.501Z,1737351647.5016,1.1583819389343262,1.3984489440917969,0
2025-01-20T05:40:48.001Z,1737351648.0016,1.1372544765472412,1.3984489440917969,0
2025-01-20T05:40:48.501Z,1737351648.5016,1.064490556716919,1.3984489440917969,0
2025-01-20T05:40:49.001Z,1737351649.0016,0.7712673544883728,1.3984489440917969,0
2025-01-20T05:40:49.501Z,1737351649.5016,0.8890824317932129,1.3984489440917969,0
2025-01-20T05:40:50.001Z,1737351650.0016,0.7652106285095215,1.3984489440917969,0
2025-01-20T05:40:50.501Z,1737351650.5016,0.8299546837806702,1.3984489440917969,0
2025-01-20T05:40:51.001Z,1737351651.0016,0.8127416372299194,1.3984489440917969,0
2025-01-20T05:40:51.501Z,1737351651.5016,0.8929351568222046,1.3984489440917969,0
2025-01-20T05:40:52.001Z,1737351652.0016,0.713036835193634,1.3984489440917969,0
2025-01-20T05:40:52.501Z,1737351652.5016,0.8322466611862183,1.3984489440917969,0
2025-01-20T05:40:53.001Z,1737351653.0016,0.7864973545074463,1.3984489440917969,0
2025-01-20T05:40:53.501Z,1737351653.5016,0.9831771850585938,1.3984489440917969,0
2025-01-20T05:40:54.001Z,1737351654.0016,0.9446192979812622,1.3984489440917969,0
2025-01-20T05:40:54.501Z,1737351654.5016,0.8930870294570923,1.3984489440917969,0
2025-01-20T05:40:55.001Z,1737351655.0016,1.0060060024261475,1.3984489440917969,0
2025-01-20T05:40:55.501Z,1737351655.5016,0.9650171995162964,1.3984489440917969,0
2025-01-20T05:40:56.001Z,1737351656.0016,1.1032963991165161,1.3984489440917969,0
2025-01-20T05:40:56.501Z,1737351656.5016,0.8165839910507202,1.3984489440917969,0
2025-01-20T05:40:57.001Z,1737351657.0016,1.1362369060516357,1.3984489440917969,0
2025-01-20T05:40:57.501Z,1737351657.5016,1.0431880950927734,1.3984489440917969,0
2025-01-20T05:40:58.001Z,1737351658.0016,1.1866865158081055,1.3984489440917969,0
2025-01-20T05:40:58.501Z,1737351658.5016,0.8319588899612427,1.3984489440917969,0
2025-01-20T05:40:59.001Z,1737351659.0016,1.0848361253738403,1.3984489440917969,0
2025-01-20T05:40:59.501Z,1737351659.5016,0.8943384885787964,1.3984489440917969,0
2025-01-20T05:41:00.001Z,1737351660.0016,1.1571327447891235,1.3984489440917969,0
2025-01-20T05:41:00.501Z,1737351660.5016,0.8549472093582153,1.3984489440917969,0
2025-01-20T05:41:01.001Z,1737351661.0016,1.355614423751831,1.3984489440917969,0
2025-01-20T05:41:01.501Z,1737351661.5016,1.1501011848449707,1.3984489440917969,0
2025-01-20T05:41:02.001Z,1737351662.0016,0.9886050224304199,1.3984489440917969,0
2025-01-20T05:41:02.501Z,1737351662.5016,0.616331934928894,1.3984489440917969,0
2025-01-20T05:41:03.001Z,1737351663.0016,0.9278000593185425,1.3984489440917969,0
2025-01-20T05:41:03.501Z,1737351663.5016,1.0316877365112305,1.3984489440917969,0
2025-01-20T05:41:04.001Z,1737351664.0016,1.004049301147461,1.3984489440917969,0
2025-01-20T05:41:04.501Z,1737351664.5016,0.8335680961608887,1.3984489440917969,0
2025-01-20T05:41:05.001Z,1737351665.0016,0.8525790572166443,1.3984489440917969,0
2025-01-20T05:41:05.501Z,1737351665.5016,0.6615009307861328,1.3984489440917969,0
2025-01-20T05:41:06.001Z,1737351666.0016,0.7111564874649048,1.3984489440917969,0
2025-01-20T05:41:06.501Z,1737351666.5016,0.9100494384765625,1.3984489440917969,0
2025-01-20T05:41:07.001Z,1737351667.0016,0.86158287525177,1.3984489440917969,0
2025-01-20T05:41:07.501Z,1737351667.5016,0.8675855398178101,1.3984489440917969,0
2025-01-20T05:41:08.001Z,1737351668.0016,0.7868267893791199,1.3984489440917969,0
2025-01-20T05:41:08.501Z,1737351668.5016,0.9909501075744629,1.3984489440917969,0
2025-01-20T05:41:09.001Z,1737351669.0016,1.1059021949768066,1.3984489440917969,0
2025-01-20T05:41:09.501Z,1737351669.5016,1.0854690074920654,1.3984489440917969,0
2025-01-20T05:41:10.001Z,1737351670.0016,1.0077593326568604,1.3984489440917969,0
2025-01-20T05:41:10.501Z,1737351670.5016,1.0397225618362427,1.3984489440917969,0
2025-01-20T05:41:11.001Z,1737351671.0016,0.9913038015365601,1.3984489440917969,0
2025-01-20T05:41:11.501Z,1737351671.5016,0.7709754705429077,1.3984489440917969,0
2025-01-20T05:41:12.001Z,1737351672.0016,0.8856258392333984,1.3984489440917969,0
2025-01-20T05:41:12.501Z,1737351672.5016,1.0416812896728516,1.3984489440917969,0
2025-01-20T05:41:13.001Z,1737351673.0016,0.8808335065841675,1.3984489440917969,0
2025-01-20T05:41:13.501Z,1737351673.5016,0.9161806702613831,1.3984489440917969,0
2025-01-20T05:41:14.001Z,1737351674.0016,1.0073435306549072,1.3984489440917969,0
2025-01-20T05:41:14.501Z,1737351674.5016,0.8857649564743042,1.3984489440917969,0
2025-01-20T05:41:15.001Z,1737351675.0016,0.7210469245910645,1.3984489440917969,0
2025-01-20T05:41:15.501Z,1737351675.5016,0.9600105881690979,1.3984489440917969,0
2025-01-20T05:41:16.001Z,1737351676.0016,0.7242765426635742,1.3984489440917969,0
2025-01-20T05:41:16.501Z,1737351676.5016,0.7740088105201721,1.3984489440917969,0
2025-01-20T05:41:17.001Z,1737351677.0016,1.059802532196045,1.3984489440917969,0
2025-01-20T05:41:17.501Z,1737351677.5016,1.0805597305297852,1.3984489440917969,0
2025-01-20T05:41:18.001Z,1737351678.0016,0.6549524068832397,1.3984489440917969,0
2025-01-20T05:41:18.501Z,1737351678.5016,0.9349438548088074,1.3984489440917969,0
2025-01-20T05:41:19.001Z,1737351679.0016,0.8424100279808044,1.3984489440917969,0
2025-01-20T05:41:19.501Z,1737351679.5016,1.3074767589569092,1.3984489440917969,0
2025-01-20T05:41:20.001Z,1737351680.0016,0.9806848168373108,1.3984489440917969,0
2025-01-20T05:41:20.501Z,1737351680.5016,0.8878205418586731,1.3984489440917969,0
2025-01-20T05:41:21.001Z,1737351681.0016,1.1165995597839355,1.3984489440917969,0
2025-01-20T05:41:21.501Z,1737351681.5016,1.1830886602401733,1.3984489440917969,0
2025-01-20T05:41:22.001Z,1737351682.0016,1.302412986755371,1.3984489440917969,0
2025-01-20T05:41:22.501Z,1737351682.5016,1.0355249643325806,1.3984489440917969,0
2025-01-20T05:41:23.001Z,1737351683.0016,0.9628139734268188,1.3984489440917969,0
2025-01-20T05:41:23.501Z,1737351683.5016,0.8972185850143433,1.3984489440917969,0
2025-01-20T05:41:24.001Z,1737351684.0016,1.1181641817092896,1.3984489440917969,0
2025-01-20T05:41:24.501Z,1737351684.5016,0.9331643581390381,1.3984489440917969,0
2025-01-20T05:41:25.001Z,1737351685.0016,0.9716291427612305,1.3984489440917969,0
2025-01-20T05:41:25.501Z,1737351685.5016,1.2127395868301392,1.3984489440917969,0
2025-01-20T05:41:26.001Z,1737351686.0016,0.869664192199707,1.3984489440917969,0
2025-01-20T05:41:26.501Z,1737351686.5016,0.7337933778762817,1.3984489440917969,0
2025-01-20T05:41:27.001Z,1737351687.0016,0.8571804761886597,1.3984489440917969,0
2025-01-20T05:41:27.501Z,1737351687.5016,0.8052294254302979,1.3984489440917969,0
2025-01-20T05:41:28.001Z,1737351688.0016,0.9691174626350403,1.3984489440917969,0
2025-01-20T05:41:28.501Z,1737351688.5016,1.2631373405456543,1.3984489440917969,0
2025-01-20T05:41:29.001Z,1737351689.0016,0.8981554508209229,1.3984489440917969,0
2025-01-20T05:41:29.501Z,1737351689.5016,1.1756412982940674,1.3984489440917969,0
2025-01-20T05:41:30.001Z,1737351690.0016,1.0820834636688232,1.3984489440917969,0
2025-01-20T05:41:30.501Z,1737351690.5016,0.8030766248703003,1.3984489440917969,0
2025-01-20T05:41:31.001Z,1737351691.0016,0.9794070720672607,1.3984489440917969,0
2025-01-20T05:41:31.501Z,1737351691.5016,0.7433749437332153,1.3984489440917969,0
2025-01-20T05:41:32.001Z,1737351692.0016,0.905536413192749,1.3984489440917969,0
2025-01-20T05:41:32.501Z,1737351692.5016,0.9215829968452454,1.3984489440917969,0
2025-01-20T05:41:33.001Z,1737351693.0016,0.9003198742866516,1.3984489440917969,0
2025-01-20T05:41:33.501Z,1737351693.5016,1.008254051208496,1.3984489440917969,0
2025-01-20T05:41:34.001Z,1737351694.0016,0.7739706039428711,1.3984489440917969,0
2025-01-20T05:41:34.501Z,1737351694.5016,0.6108078360557556,1.3984489440917969,0
2025-01-20T05:41:35.001Z,1737351695.0016,0.8292153477668762,1.3984489440917969,0
2025-01-20T05:41:35.501Z,1737351695.5016,1.0352360010147095,1.3984489440917969,0
2025-01-20T05:41:36.001Z,1737351696.0016,0.9947811365127563,1.3984489440917969,0
2025-01-20T05:41:36.501Z,1737351696.5016,1.1306345462799072,1.3984489440917969,0
2025-01-20T05:41:37.001Z,1737351697.0016,1.0212516784667969,1.3984489440917969,0
2025-01-20T05:41:37.501Z,1737351697.5016,0.7656236886978149,1.3984489440917969,0
2025-01-20T05:41:38.001Z,1737351698.0016,1.057466983795166,1.3984489440917969,0
2025-01-20T05:41:38.501Z,1737351698.5016,0.6348659992218018,1.3984489440917969,0
2025-01-20T05:41:39.001Z,1737351699.0016,0.7395009994506836,1.3984489440917969,0
2025-01-20T05:41:39.501Z,1737351699.5016,0.7785671949386597,1.3984489440917969,0
2025-01-20T05:41:40.001Z,1737351700.0016,1.265425205230713,1.3984489440917969,0
2025-01-20T05:41:40.501Z,1737351700.5016,0.8343656063079834,1.3984489440917969,0
2025-01-20T05:41:41.001Z,1737351701.0016,0.7201997637748718,1.3984489440917969,0
2025-01-20T05:41:41.501Z,1737351701.5016,0.9610757827758789,1.3984489440917969,0
2025-01-20T05:41:42.001Z,1737351702.0016,1.001834511756897,1.3984489440917969,0
2025-01-20T05:41:42.501Z,1737351702.5016,1.1140199899673462,1.3984489440917969,0
2025-01-20T05:41:43.001Z,1737351703.0016,0.8901786804199219,1.3984489440917969,0
2025-01-20T05:41:43.501Z,1737351703.5016,0.7471435070037842,1.3984489440917969,0
2025-01-20T05:41:44.001Z,1737351704.0016,0.8698577284812927,1.3984489440917969,0
2025-01-20T05:41:44.501Z,1737351704.5016,0.9171805381774902,1.3984489440917969,0
2025-01-20T05:41:45.001Z,1737351705.0016,0.8558254241943359,1.3984489440917969,0
2025-01-20T05:41:45.501Z,1737351705.5016,0.9219847917556763,1.3984489440917969,0
2025-01-20T05:41:46.001Z,1737351706.0016,0.8970969319343567,1.3984489440917969,0
2025-01-20T05:41:46.501Z,1737351706.5016,0.7557119131088257,1.3984489440917969,0
2025-01-20T05:41:47.001Z,1737351707.0016,0.7909213304519653,1.3984489440917969,0
2025-01-20T05:41:47.501Z,1737351707.5016,0.8429684638977051,1.3984489440917969,0
2025-01-20T05:41:48.001Z,1737351708.0016,1.200057029724121,1.3984489440917969,0
2025-01-20T05:41:48.501Z,1737351708.5016,0.855940580368042,1.3984489440917969,0
2025-01-20T05:41:49.001Z,1737351709.0016,0.9955460429191589,1.3984489440917969,0
2025-01-20T05:41:49.501Z,1737351709.5016,1.078511357307434,1.3984489440917969,0
2025-01-20T05:41:50.001Z,1737351710.0016,1.1455862522125244,1.3984489440917969,0
2025-01-20T05:41:50.501Z,1737351710.5016,0.8632770776748657,1.3984489440917969,0
2025-01-20T05:41:51.001Z,1737351711.0016,0.9513818025588989,1.3984489440917969,0
2025-01-20T05:41:51.501Z,1737351711.5016,1.12275230884552,1.3984489440917969,0
2025-01-20T05:41:52.001Z,1737351712.0016,0.929487943649292,1.3984489440917969,0
2025-01-20T05:41:52.501Z,1737351712.5016,1.0671544075012207,1.3984489440917969,0
2025-01-20T05:41:53.001Z,1737351713.0016,1.0936357975006104,1.3984489440917969,0
2025-01-20T05:41:53.501Z,1737351713.5016,0.7231587171554565,1.3984489440917969,0
2025-01-20T05:41:54.001Z,1737351714.0016,0.9349125623703003,1.3984489440917969,0
2025-01-20T05:41:54.501Z,1737351714.5016,0.9746408462524414,1.3984489440917969,0
2025-01-20T05:41:55.001Z,1737351715.0016,1.122672200202942,1.3984489440917969,0
2025-01-20T05:41:55.501Z,1737351715.5016,1.4443957805633545,1.3984489440917969,0
2025-01-20T05:41:56.001Z,1737351716.0016,0.9971479773521423,1.3984489440917969,0
2025-01-20T05:41:56.501Z,1737351716.5016,0.8819150924682617,1.3984489440917969,0
2025-01-20T05:41:57.001Z,1737351717.0016,0.9785772562026978,1.3984489440917969,0
2025-01-20T05:41:57.501Z,1737351717.5016,1.0404846668243408,1.3984489440917969,0
2025-01-20T05:41:58.001Z,1737351718.0016,0.9136772155761719,1.3984489440917969,0
2025-01-20T05:41:58.501Z,1737351718.5016,0.8270187377929688,1.3984489440917969,0
2025-01-20T05:41:59.001Z,1737351719.0016,0.9338476657867432,1.3984489440917969,0
2025-01-20T05:41:59.501Z,1737351719.5016,0.7828534245491028,1.3984489440917969,0
2025-01-20T05:42:00.001Z,1737351720.0016,0.9448219537734985,1.3984489440917969,0
2025-01-20T05:42:00.501Z,1737351720.5016,0.8179708123207092,1.3984489440917969,0
2025-01-20T05:42:01.001Z,1737351721.0016,0.7479851245880127,1.3984489440917969,0
2025-01-20T05:42:01.501Z,1737351721.5016,0.9056307077407837,1.3984489440917969,0
2025-01-20T05:42:02.001Z,1737351722.0016,0.793289065361023,1.3984489440917969,0
2025-01-20T05:42:02.501Z,1737351722.5016,0.7652745246887207,1.3984489440917969,0
2025-01-20T05:42:03.001Z,1737351723.0016,0.9247387647628784,1.3984489440917969,0
2025-01-20T05:42:03.501Z,1737351723.5016,1.0779469013214111,1.3984489440917969,0
2025-01-20T05:42:04.001Z,1737351724.0016,1.045304298400879,1.3984489440917969,0
2025-01-20T05:42:04.501Z,1737351724.5016,1.174140453338623,1.3984489440917969,0
2025-01-20T05:42:05.001Z,1737351725.0016,1.2240707874298096,1.3984489440917969,0
2025-01-20T05:42:05.501Z,1737351725.5016,1.0867575407028198,1.3984489440917969,0
2025-01-20T05:42:06.001Z,1737351726.0016,0.8583353161811829,1.3984489440917969,0
2025-01-20T05:42:06.501Z,1737351726.5016,0.9955317974090576,1.3984489440917969,0
2025-01-20T05:42:07.001Z,1737351727.0016,0.9306982755661011,1.3984489440917969,0
2025-01-20T05:42:07.501Z,1737351727.5016,0.710290789604187,1.3984489440917969,0
2025-01-20T05:42:08.001Z,1737351728.0016,0.9258321523666382,1.3984489440917969,0
2025-01-20T05:42:08.501Z,1737351728.5016,0.8515534400939941,1.3984489440917969,0
2025-01-20T05:42:09.001Z,1737351729.0016,1.0416234731674194,1.3984489440917969,0
2025-01-20T05:42:09.501Z,1737351729.5016,1.0104494094848633,1.3984489440917969,0
2025-01-20T05:42:10.001Z,1737351730.0016,1.1743112802505493,1.3984489440917969,0
2025-01-20T05:42:10.501Z,1737351730.5016,0.7755002975463867,1.3984489440917969,0
2025-01-20T05:42:11.001Z,1737351731.0016,0.8352376222610474,1.3984489440917969,0
2025-01-20T05:42:11.501Z,1737351731.5016,0.9521355628967285,1.3984489440917969,0
2025-01-20T05:42:12.001Z,1737351732.0016,1.1476917266845703,1.3984489440917969,0
2025-01-20T05:42:12.501Z,1737351732.5016,0.7853492498397827,1.3984489440917969,0
2025-01-20T05:42:13.001Z,1737351733.0016,0.7463356256484985,1.3984489440917969,0
2025-01-20T05:42:13.501Z,1737351733.5016,1.1532443761825562,1.3984489440917969,0
2025-01-20T05:42:14.001Z,1737351734.0016,1.0500361919403076,1.3984489440917969,0
2025-01-20T05:42:14.501Z,1737351734.5016,0.9316197037696838,1.3984489440917969,0
2025-01-20T05:42:15.001Z,1737351735.0016,0.8850732445716858,1.3984489440917969,0
2025-01-20T05:42:15.501Z,1737351735.5016,0.8337289094924927,1.3984489440917969,0
2025-01-20T05:42:16.001Z,1737351736.0016,0.7853929996490479,1.3984489440917969,0
2025-01-20T05:42:16.501Z,1737351736.5016,0.8269116878509521,1.3984489440917969,0
2025-01-20T05:42:17.001Z,1737351737.0016,0.715550422668457,1.3984489440917969,0
2025-01-20T05:42:17.501Z,1737351737.5016,0.8069602251052856,1.3984489440917969,0
2025-01-20T05:42:18.001Z,1737351738.0016,1.0981063842773438,1.3984489440917969,0
2025-01-20T05:42:18.501Z,1737351738.5016,0.8375588655471802,1.3984489440917969,0
2025-01-20T05:42:19.001Z,1737351739.0016,1.0156753063201904,1.3984489440917969,0
2025-01-20T05:42:19.501Z,1737351739.5016,0.8410835266113281,1.3984489440917969,0
2025-01-20T05:42:20.001Z,1737351740.0016,0.9723631143569946,1.3984489440917969,0
2025-01-20T05:42:20.501Z,1737351740.5016,0.8822497129440308,1.3984489440917969,0
2025-01-20T05:42:21.001Z,1737351741.0016,0.8024824857711792,1.3984489440917969,0
2025-01-20T05:42:21.501Z,1737351741.5016,0.865422248840332,1.3984489440917969,0
2025-01-20T05:42:22.001Z,1737351742.0016,1.2792391777038574,1.3984489440917969,0
2025-01-20T05:42:22.501Z,1737351742.5016,1.0455665588378906,1.3984489440917969,0
2025-01-20T05:42:23.001Z,1737351743.0016,1.1229525804519653,1.3984489440917969,0
2025-01-20T05:42:23.501Z,1737351743.5016,1.027469515800476,1.3984489440917969,0
2025-01-20T05:42:24.001Z,1737351744.0016,0.8809834718704224,1.3984489440917969,0
2025-01-20T05:42:24.501Z,1737351744.5016,1.0179810523986816,1.3984489440917969,0
2025-01-20T05:42:25.001Z,1737351745.0016,0.8416403532028198,1.3984489440917969,0
2025-01-20T05:42:25.501Z,1737351745.5016,1.0640978813171387,1.3984489440917969,0
2025-01-20T05:42:26.001Z,1737351746.0016,0.8976724147796631,1.3984489440917969,0
2025-01-20T05:42:26.501Z,1737351746.5016,0.9286998510360718,1.3984489440917969,0
2025-01-20T05:42:27.001Z,1737351747.0016,1.0895041227340698,1.3984489440917969,0
2025-01-20T05:42:27.501Z,1737351747.5016,1.021726131439209,1.3984489440917969,0
2025-01-20T05:42:28.001Z,1737351748.0016,0.892207145690918,1.3984489440917969,0
2025-01-20T05:42:28.501Z,1737351748.5016,0.924379825592041,1.3984489440917969,0
2025-01-20T05:42:29.001Z,1737351749.0016,1.0751091241836548,1.3984489440917969,0
2025-01-20T05:42:29.501Z,1737351749.5016,1.0020023584365845,1.3984489440917969,0
2025-01-20T05:42:30.001Z,1737351750.0016,0.9859029054641724,1.3984489440917969,0
2025-01-20T05:42:30.501Z,1737351750.5016,1.3054295778274536,1.3984489440917969,0
2025-01-20T05:42:31.001Z,1737351751.0016,1.2222821712493896,1.3984489440917969,0
2025-01-20T05:42:31.501Z,1737351751.5016,0.9308000802993774,1.3984489440917969,0
2025-01-20T05:42:32.001Z,1737351752.0016,1.0624043941497803,1.3984489440917969,0
2025-01-20T05:42:32.501Z,1737351752.5016,1.0223448276519775,1.3984489440917969,0
2025-01-20T05:42:33.001Z,1737351753.0016,1.0395207405090332,1.3984489440917969,0
2025-01-20T05:42:33.501Z,1737351753.5016,1.108565330505371,1.3984489440917969,0
2025-01-20T05:42:34.001Z,1737351754.0016,1.0182621479034424,1.3984489440917969,0
2025-01-20T05:42:34.501Z,1737351754.5016,0.7765786647796631,1.3984489440917969,0
2025-01-20T05:42:35.001Z,1737351755.0016,0.8373569250106812,1.3984489440917969,0
2025-01-20T05:42:35.501Z,1737351755.5016,0.88493812084198,1.3984489440917969,0
2025-01-20T05:42:36.001Z,1737351756.0016,0.8933426141738892,1.3984489440917969,0
2025-01-20T05:42:36.501Z,1737351756.5016,0.7868993878364563,1.3984489440917969,0
2025-01-20T05:42:37.001Z,1737351757.0016,0.8145302534103394,1.3984489440917969,0
2025-01-20T05:42:37.501Z,1737351757.5016,0.925021767616272,1.3984489440917969,0
2025-01-20T05:42:38.001Z,1737351758.0016,1.0412983894348145,1.3984489440917969,0
2025-01-20T05:42:38.501Z,1737351758.5016,0.7905949950218201,1.3984489440917969,0
2025-01-20T05:42:39.001Z,1737351759.0016,0.8054888844490051,1.3984489440917969,0
2025-01-20T05:42:39.501Z,1737351759.5016,0.9715873599052429,1.3984489440917969,0
2025-01-20T05:42:40.001Z,1737351760.0016,0.7809627056121826,1.3984489440917969,0
2025-01-20T05:42:40.501Z,1737351760.5016,1.1558928489685059,1.3984489440917969,0
2025-01-20T05:42:41.001Z,1737351761.0016,1.1250159740447998,1.3984489440917969,0
2025-01-20T05:42:41.501Z,1737351761.5016,0.8229308128356934,1.3984489440917969,0
2025-01-20T05:42:42.001Z,1737351762.0016,0.7036232948303223,1.3984489440917969,0
2025-01-20T05:42:42.501Z,1737351762.5016,1.1392472982406616,1.3984489440917969,0
2025-01-20T05:42:43.001Z,1737351763.0016,1.2565522193908691,1.3984489440917969,0
2025-01-20T05:42:43.501Z,1737351763.5016,1.1296619176864624,1.3984489440917969,0
2025-01-20T05:42:44.001Z,1737351764.0016,1.0890454053878784,1.3984489440917969,0
2025-01-20T05:42:44.501Z,1737351764.5016,0.9428455829620361,1.3984489440917969,0
2025-01-20T05:42:45.001Z,1737351765.0016,0.784930944442749,1.3984489440917969,0
2025-01-20T05:42:45.501Z,1737351765.5016,1.1196768283843994,1.3984489440917969,0
2025-01-20T05:42:46.001Z,1737351766.0016,0.8195075392723083,1.3984489440917969,0
2025-01-20T05:42:46.501Z,1737351766.5016,0.8960161209106445,1.3984489440917969,0
2025-01-20T05:42:47.001Z,1737351767.0016,0.7911076545715332,1.3984489440917969,0
2025-01-20T05:42:47.501Z,1737351767.5016,0.8166828155517578,1.3984489440917969,0
2025-01-20T05:42:48.001Z,1737351768.0016,0.9102429151535034,1.3984489440917969,0
2025-01-20T05:42:48.501Z,1737351768.5016,0.9478352069854736,1.3984489440917969,0
2025-01-20T05:42:49.001Z,1737351769.0016,0.9669017195701599,1.3984489440917969,0
2025-01-20T05:42:49.501Z,1737351769.5016,1.0334336757659912,1.3984489440917969,0
2025-01-20T05:42:50.001Z,1737351770.0016,0.9241431951522827,1.3984489440917969,0
2025-01-20T05:42:50.501Z,1737351770.5016,0.9659470319747925,1.3984489440917969,0
2025-01-20T05:42:51.001Z,1737351771.0016,0.7897350788116455,1.3984489440917969,0
2025-01-20T05:42:51.501Z,1737351771.5016,0.8953609466552734,1.3984489440917969,0
2025-01-20T05:42:52.001Z,1737351772.0016,0.7854194641113281,1.3984489440917969,0
2025-01-20T05:42:52.501Z,1737351772.5016,0.877830445766449,1.3984489440917969,0
2025-01-20T05:42:53.001Z,1737351773.0016,0.9321602582931519,1.3984489440917969,0
2025-01-20T05:42:53.501Z,1737351773.5016,0.9154983758926392,1.3984489440917969,0
2025-01-20T05:42:54.001Z,1737351774.0016,0.7765346169471741,1.3984489440917969,0
2025-01-20T05:42:54.501Z,1737351774.5016,1.0496888160705566,1.3984489440917969,0
2025-01-20T05:42:55.001Z,1737351775.0016,0.8620613813400269,1.3984489440917969,0
2025-01-20T05:42:55.501Z,1737351775.5016,0.7778979539871216,1.3984489440917969,0
2025-01-20T05:42:56.001Z,1737351776.0016,1.1632956266403198,1.3984489440917969,0
2025-01-20T05:42:56.501Z,1737351776.5016,1.0315569639205933,1.3984489440917969,0
2025-01-20T05:42:57.001Z,1737351777.0016,0.8442932367324829,1.3984489440917969,0
2025-01-20T05:42:57.501Z,1737351777.5016,0.9581460952758789,1.3984489440917969,0
2025-01-20T05:42:58.001Z,1737351778.0016,0.8026049137115479,1.3984489440917969,0
2025-01-20T05:42:58.501Z,1737351778.5016,0.9289466142654419,1.3984489440917969,0
2025-01-20T05:42:59.001Z,1737351779.0016,1.1219096183776855,1.3984489440917969,0
2025-01-20T05:42:59.501Z,1737351779.5016,0.934924840927124,1.3984489440917969,0
2025-01-20T05:43:00.001Z,1737351780.0016,0.9148243069648743,1.3984489440917969,0
2025-01-20T05:43:00.501Z,1737351780.5016,1.1720600128173828,1.3984489440917969,0
2025-01-20T05:43:01.001Z,1737351781.0016,0.7650206685066223,1.3984489440917969,0
2025-01-20T05:43:01.501Z,1737351781.5016,0.9779846668243408,1.3984489440917969,0
2025-01-20T05:43:02.001Z,1737351782.0016,0.9763317704200745,1.3984489440917969,0
2025-01-20T05:43:02.501Z,1737351782.5016,0.9531674385070801,1.3984489440917969,0
2025-01-20T05:43:03.001Z,1737351783.0016,1.0880553722381592,1.3984489440917969,0
2025-01-20T05:43:03.501Z,1737351783.5016,1.0780962705612183,1.3984489440917969,0
2025-01-20T05:43:04.001Z,1737351784.0016,0.950209379196167,1.3984489440917969,0
2025-01-20T05:43:04.501Z,1737351784.5016,1.0312697887420654,1.3984489440917969,0
2025-01-20T05:43:05.001Z,1737351785.0016,1.037783145904541,1.3984489440917969,0
2025-01-20T05:43:05.501Z,1737351785.5016,1.0038979053497314,1.3984489440917969,0
2025-01-20T05:43:06.001Z,1737351786.0016,1.1170531511306763,1.3984489440917969,0
2025-01-20T05:43:06.501Z,1737351786.5016,0.750099778175354,1.3984489440917969,0
2025-01-20T05:43:07.001Z,1737351787.0016,0.9631221294403076,1.3984489440917969,0
2025-01-20T05:43:07.501Z,1737351787.5016,0.9603242874145508,1.3984489440917969,0
2025-01-20T05:43:08.001Z,1737351788.0016,0.9403351545333862,1.3984489440917969,0
2025-01-20T05:43:08.501Z,1737351788.5016,0.9696036577224731,1.3984489440917969,0
2025-01-20T05:43:09.001Z,1737351789.0016,0.8681750297546387,1.3984489440917969,0
2025-01-20T05:43:09.501Z,1737351789.5016,1.0422980785369873,1.3984489440917969,0
2025-01-20T05:43:10.001Z,1737351790.0016,1.0331614017486572,1.3984489440917969,0
2025-01-20T05:43:10.501Z,1737351790.5016,1.0226902961730957,1.3984489440917969,0
2025-01-20T05:43:11.001Z,1737351791.0016,0.7342159748077393,1.3984489440917969,0
2025-01-20T05:43:11.501Z,1737351791.5016,0.8355552554130554,1.3984489440917969,0
2025-01-20T05:43:12.001Z,1737351792.0016,0.9783527851104736,1.3984489440917969,0
2025-01-20T05:43:12.501Z,1737351792.5016,0.8523234724998474,1.3984489440917969,0
2025-01-20T05:43:13.001Z,1737351793.0016,1.0832856893539429,1.3984489440917969,0
2025-01-20T05:43:13.501Z,1737351793.5016,1.1102094650268555,1.3984489440917969,0
2025-01-20T05:43:14.001Z,1737351794.0016,1.0772113800048828,1.3984489440917969,0
2025-01-20T05:43:14.501Z,1737351794.5016,0.892343282699585,1.3984489440917969,0
2025-01-20T05:43:15.001Z,1737351795.0016,0.7789570093154907,1.3984489440917969,0
2025-01-20T05:43:15.501Z,1737351795.5016,1.1348779201507568,1.3984489440917969,0
2025-01-20T05:43:16.001Z,1737351796.0016,0.8666123151779175,1.3984489440917969,0
2025-01-20T05:43:16.501Z,1737351796.5016,0.9944701194763184,1.3984489440917969,0
2025-01-20T05:43:17.001Z,1737351797.0016,1.0428779125213623,1.3984489440917969,0
2025-01-20T05:43:17.501Z,1737351797.5016,1.135465145111084,1.3984489440917969,0
2025-01-20T05:43:18.001Z,1737351798.0016,0.831809401512146,1.3984489440917969,0
2025-01-20T05:43:18.501Z,1737351798.5016,0.9413305521011353,1.3984489440917969,0
2025-01-20T05:43:19.001Z,1737351799.0016,0.8177339434623718,1.3984489440917969,0
2025-01-20T05:43:19.501Z,1737351799.5016,0.8903554677963257,1.3984489440917969,0
2025-01-20T05:43:20.001Z,1737351800.0016,1.0992037057876587,1.3984489440917969,0
2025-01-20T05:43:20.501Z,1737351800.5016,0.9352611303329468,1.3984489440917969,0
2025-01-20T05:43:21.001Z,1737351801.0016,0.8471328020095825,1.3984489440917969,0
2025-01-20T05:43:21.501Z,1737351801.5016,0.8603103160858154,1.3984489440917969,0
2025-01-20T05:43:22.001Z,1737351802.0016,0.7236534357070923,1.3984489440917969,0
2025-01-20T05:43:22.501Z,1737351802.5016,1.082951307296753,1.3984489440917969,0
2025-01-20T05:43:23.001Z,1737351803.0016,0.9044844508171082,1.3984489440917969,0
2025-01-20T05:43:23.501Z,1737351803.5016,0.8896769285202026,1.3984489440917969,0
2025-01-20T05:43:24.001Z,1737351804.0016,1.0840593576431274,1.3984489440917969,0
2025-01-20T05:43:24.501Z,1737351804.5016,1.313161849975586,1.3984489440917969,0
2025-01-20T05:43:25.001Z,1737351805.0016,1.1810815334320068,1.3984489440917969,0
2025-01-20T05:43:25.501Z,1737351805.5016,0.9249484539031982,1.3984489440917969,0
2025-01-20T05:43:26.001Z,1737351806.0016,0.8739274740219116,1.3984489440917969,0
2025-01-20T05:43:26.501Z,1737351806.5016,1.1800000667572021,1.3984489440917969,0
2025-01-20T05:43:27.001Z,1737351807.0016,1.0548031330108643,1.3984489440917969,0
2025-01-20T05:43:27.501Z,1737351807.5016,0.9672986268997192,1.3984489440917969,0
2025-01-20T05:43:28.001Z,1737351808.0016,1.1488933563232422,1.3984489440917969,0
2025-01-20T05:43:28.501Z,1737351808.5016,0.9382407665252686,1.3984489440917969,0
2025-01-20T05:43:29.001Z,1737351809.0016,1.2549669742584229,1.3984489440917969,0
2025-01-20T05:43:29.501Z,1737351809.5016,1.1665149927139282,1.3984489440917969,0
2025-01-20T05:43:30.001Z,1737351810.0016,1.0873816013336182,1.3984489440917969,0
2025-01-20T05:43:30.501Z,1737351810.5016,1.0218186378479004,1.3984489440917969,0
2025-01-20T05:43:31.001Z,1737351811.0016,0.9449763298034668,1.3984489440917969,0
2025-01-20T05:43:31.501Z,1737351811.5016,0.887404203414917,1.3984489440917969,0
2025-01-20T05:43:32.001Z,1737351812.0016,0.9701781868934631,1.3984489440917969,0
2025-01-20T05:43:32.501Z,1737351812.5016,0.9484026432037354,1.3984489440917969,0
2025-01-20T05:43:33.001Z,1737351813.0016,0.8260984420776367,1.3984489440917969,0
2025-01-20T05:43:33.501Z,1737351813.5016,0.7741920948028564,1.3984489440917969,0
2025-01-20T05:43:34.001Z,1737351814.0016,0.8367909789085388,1.3984489440917969,0
2025-01-20T05:43:34.501Z,1737351814.5016,0.9780831336975098,1.3984489440917969,0
2025-01-20T05:43:35.001Z,1737351815.0016,0.9472278952598572,1.3984489440917969,0
2025-01-20T05:43:35.501Z,1737351815.5016,0.9580507874488831,1.3984489440917969,0
2025-01-20T05:43:36.001Z,1737351816.0016,0.9843183755874634,1.3984489440917969,0
2025-01-20T05:43:36.501Z,1737351816.5016,0.8701304793357849,1.3984489440917969,0
2025-01-20T05:43:37.001Z,1737351817.0016,1.1075109243392944,1.3984489440917969,0
2025-01-20T05:43:37.501Z,1737351817.5016,0.8835117816925049,1.3984489440917969,0
2025-01-20T05:43:38.001Z,1737351818.0016,0.7525147199630737,1.3984489440917969,0
2025-01-20T05:43:38.501Z,1737351818.5016,0.9019960165023804,1.3984489440917969,0
2025-01-20T05:43:39.001Z,1737351819.0016,1.0235949754714966,1.3984489440917969,0
2025-01-20T05:43:39.501Z,1737351819.5016,0.8560308218002319,1.3984489440917969,0
2025-01-20T05:43:40.001Z,1737351820.0016,0.8556886911392212,1.3984489440917969,0
2025-01-20T05:43:40.501Z,1737351820.5016,1.1592190265655518,1.3984489440917969,0
2025-01-20T05:43:41.001Z,1737351821.0016,0.8781816959381104,1.3984489440917969,0
2025-01-20T05:43:41.501Z,1737351821.5016,1.0020768642425537,1.3984489440917969,0
2025-01-20T05:43:42.001Z,1737351822.0016,0.6268706321716309,1.3984489440917969,0
2025-01-20T05:43:42.501Z,1737351822.5016,0.9589420557022095,1.3984489440917969,0
2025-01-20T05:43:43.001Z,1737351823.0016,0.8569767475128174,1.3984489440917969,0
2025-01-20T05:43:43.501Z,1737351823.5016,1.0171165466308594,1.3984489440917969,0
2025-01-20T05:43:44.001Z,1737351824.0016,0.9898632764816284,1.3984489440917969,0
2025-01-20T05:43:44.501Z,1737351824.5016,0.9715778827667236,1.3984489440917969,0
2025-01-20T05:43:45.001Z,1737351825.0016,1.1896381378173828,1.3984489440917969,0
2025-01-20T05:43:45.501Z,1737351825.5016,0.9926041960716248,1.3984489440917969,0
2025-01-20T05:43:46.001Z,1737351826.0016,0.9385672807693481,1.3984489440917969,0
2025-01-20T05:43:46.501Z,1737351826.5016,0.5943548083305359,1.3984489440917969,0
2025-01-20T05:43:47.001Z,1737351827.0016,1.0050411224365234,1.3984489440917969,0
2025-01-20T05:43:47.501Z,1737351827.5016,1.2336571216583252,1.3984489440917969,0
2025-01-20T05:43:48.001Z,1737351828.0016,0.9055498838424683,1.3984489440917969,0
2025-01-20T05:43:48.501Z,1737351828.5016,1.0060193538665771,1.3984489440917969,0
2025-01-20T05:43:49.001Z,1737351829.0016,0.9583626985549927,1.3984489440917969,0
2025-01-20T05:43:49.501Z,1737351829.5016,0.8262220621109009,1.3984489440917969,0
2025-01-20T05:43:50.001Z,1737351830.0016,0.9469889402389526,1.3984489440917969,0
2025-01-20T05:43:50.501Z,1737351830.5016,0.8868048191070557,1.3984489440917969,0
2025-01-20T05:43:51.001Z,1737351831.0016,0.9346404075622559,1.3984489440917969,0
2025-01-20T05:43:51.501Z,1737351831.5016,0.6626087427139282,1.3984489440917969,0
2025-01-20T05:43:52.001Z,1737351832.0016,0.7867701053619385,1.3984489440917969,0
2025-01-20T05:43:52.501Z,1737351832.5016,0.8198179006576538,1.3984489440917969,0
2025-01-20T05:43:53.001Z,1737351833.0016,0.7645491361618042,1.3984489440917969,0
2025-01-20T05:43:53.501Z,1737351833.5016,0.8930049538612366,1.3984489440917969,0
2025-01-20T05:43:54.001Z,1737351834.0016,0.9075591564178467,1.3984489440917969,0
2025-01-20T05:43:54.501Z,1737351834.5016,1.0570497512817383,1.3984489440917969,0
2025-01-20T05:43:55.001Z,1737351835.0016,0.9954009056091309,1.3984489440917969,0
2025-01-20T05:43:55.501Z,1737351835.5016,1.1270029544830322,1.3984489440917969,0
2025-01-20T05:43:56.001Z,1737351836.0016,0.813413143157959,1.3984489440917969,0
2025-01-20T05:43:56.501Z,1737351836.5016,0.8399100303649902,1.3984489440917969,0
2025-01-20T05:43:57.001Z,1737351837.0016,0.7963379621505737,1.3984489440917969,0
2025-01-20T05:43:57.501Z,1737351837.5016,0.997917652130127,1.3984489440917969,0
2025-01-20T05:43:58.001Z,1737351838.0016,0.9844096899032593,1.3984489440917969,0
2025-01-20T05:43:58.501Z,1737351838.5016,0.7428023815155029,1.3984489440917969,0
2025-01-20T05:43:59.001Z,1737351839.0016,1.201378583908081,1.3984489440917969,0
2025-01-20T05:43:59.501Z,1737351839.5016,0.9776470065116882,1.3984489440917969,0
2025-01-20T05:44:00.001Z,1737351840.0016,1.1404492855072021,1.3984489440917969,0
2025-01-20T05:44:00.501Z,1737351840.5016,1.0547682046890259,1.3984489440917969,0
2025-01-20T05:44:01.001Z,1737351841.0016,0.8655083179473877,1.3984489440917969,0
2025-01-20T05:44:01.501Z,1737351841.5016,0.7760075330734253,1.3984489440917969,0
2025-01-20T05:44:02.001Z,1737351842.0016,0.9505400061607361,1.3984489440917969,0
2025-01-20T05:44:02.501Z,1737351842.5016,0.8435821533203125,1.3984489440917969,0
2025-01-20T05:44:03.001Z,1737351843.0016,1.134447693824768,1.3984489440917969,0
2025-01-20T05:44:03.501Z,1737351843.5016,0.9611488580703735,1.3984489440917969,0
2025-01-20T05:44:04.001Z,1737351844.0016,0.956143856048584,1.3984489440917969,0
2025-01-20T05:44:04.501Z,1737351844.5016,1.0618640184402466,1.3984489440917969,0
2025-01-20T05:44:05.001Z,1737351845.0016,0.9747647047042847,1.3984489440917969,0
2025-01-20T05:44:05.501Z,1737351845.5016,1.0731258392333984,1.3984489440917969,0
2025-01-20T05:44:06.001Z,1737351846.0016,1.046362042427063,1.3984489440917969,0
2025-01-20T05:44:06.501Z,1737351846.5016,1.007478952407837,1.3984489440917969,0
2025-01-20T05:44:07.001Z,1737351847.0016,0.9872942566871643,1.3984489440917969,0
2025-01-20T05:44:07.501Z,1737351847.5016,0.8146995902061462,1.3984489440917969,0
2025-01-20T05:44:08.001Z,1737351848.0016,0.8155335783958435,1.3984489440917969,0
2025-01-20T05:44:08.501Z,1737351848.5016,0.9442044496536255,1.3984489440917969,0
2025-01-20T05:44:09.001Z,1737351849.0016,1.1105268001556396,1.3984489440917969,0
2025-01-20T05:44:09.501Z,1737351849.5016,0.9446597099304199,1.3984489440917969,0
2025-01-20T05:44:10.001Z,1737351850.0016,1.1173876523971558,1.3984489440917969,0
2025-01-20T05:44:10.501Z,1737351850.5016,0.9691628217697144,1.3984489440917969,0
2025-01-20T05:44:11.001Z,1737351851.0016,1.0360088348388672,1.3984489440917969,0
2025-01-20T05:44:11.501Z,1737351851.5016,0.9040390253067017,1.3984489440917969,0
2025-01-20T05:44:12.001Z,1737351852.0016,0.9165642857551575,1.3984489440917969,0
2025-01-20T05:44:12.501Z,1737351852.5016,0.9337104558944702,1.3984489440917969,0
2025-01-20T05:44:13.001Z,1737351853.0016,0.8874776363372803,1.3984489440917969,0
2025-01-20T05:44:13.501Z,1737351853.5016,1.1930902004241943,1.3984489440917969,0
2025-01-20T05:44:14.001Z,1737351854.0016,0.8355569839477539,1.3984489440917969,0
2025-01-20T05:44:14.501Z,1737351854.5016,0.9380141496658325,1.3984489440917969,0
2025-01-20T05:44:15.001Z,1737351855.0016,0.827650785446167,1.3984489440917969,0
2025-01-20T05:44:15.501Z,1737351855.5016,0.9442040920257568,1.3984489440917969,0
2025-01-20T05:44:16.001Z,1737351856.0016,1.0810190439224243,1.3984489440917969,0
2025-01-20T05:44:16.501Z,1737351856.5016,1.0165269374847412,1.3984489440917969,0
2025-01-20T05:44:17.001Z,1737351857.0016,1.0491602420806885,1.3984489440917969,0
2025-01-20T05:44:17.501Z,1737351857.5016,1.0235648155212402,1.3984489440917969,0
2025-01-20T05:44:18.001Z,1737351858.0016,1.1401031017303467,1.3984489440917969,0
2025-01-20T05:44:18.501Z,1737351858.5016,0.7633897066116333,1.3984489440917969,0
2025-01-20T05:44:19.001Z,1737351859.0016,1.037560224533081,1.3984489440917969,0
2025-01-20T05:44:19.501Z,1737351859.5016,0.8820322751998901,1.3984489440917969,0
2025-01-20T05:44:20.001Z,1737351860.0016,0.9238498210906982,1.3984489440917969,0
2025-01-20T05:44:20.501Z,1737351860.5016,1.1608532667160034,1.3984489440917969,0
2025-01-20T05:44:21.001Z,1737351861.0016,0.9229020476341248,1.3984489440917969,0
2025-01-20T05:44:21.501Z,1737351861.5016,1.0614268779754639,1.3984489440917969,0
2025-01-20T05:44:22.001Z,1737351862.0016,1.1327543258666992,1.3984489440917969,0
2025-01-20T05:44:22.501Z,1737351862.5016,0.9101207256317139,1.3984489440917969,0
2025-01-20T05:44:23.001Z,1737351863.0016,0.7810543179512024,1.3984489440917969,0
2025-01-20T05:44:23.501Z,1737351863.5016,0.910064697265625,1.3984489440917969,0
2025-01-20T05:44:24.001Z,1737351864.0016,1.0390701293945312,1.3984489440917969,0
2025-01-20T05:44:24.501Z,1737351864.5016,1.2128909826278687,1.3984489440917969,0
2025-01-20T05:44:25.001Z,1737351865.0016,1.0727458000183105,1.3984489440917969,0
2025-01-20T05:44:25.501Z,1737351865.5016,0.8767728805541992,1.3984489440917969,0
2025-01-20T05:44:26.001Z,1737351866.0016,1.0143849849700928,1.3984489440917969,0
2025-01-20T05:44:26.501Z,1737351866.5016,0.8285602331161499,1.3984489440917969,0
2025-01-20T05:44:27.001Z,1737351867.0016,0.7318514585494995,1.3984489440917969,0
2025-01-20T05:44:27.501Z,1737351867.5016,0.8581475019454956,1.3984489440917969,0
2025-01-20T05:44:28.001Z,1737351868.0016,0.7392336130142212,1.3984489440917969,0
2025-01-20T05:44:28.501Z,1737351868.5016,0.9997069835662842,1.3984489440917969,0
2025-01-20T05:44:29.001Z,1737351869.0016,1.017816185951233,1.3984489440917969,0
2025-01-20T05:44:29.501Z,1737351869.5016,0.9788966178894043,1.3984489440917969,0
2025-01-20T05:44:30.001Z,1737351870.0016,1.0718950033187866,1.3984489440917969,0
2025-01-20T05:44:30.501Z,1737351870.5016,0.9943996071815491,1.3984489440917969,0
2025-01-20T05:44:31.001Z,1737351871.0016,0.9187599420547485,1.3984489440917969,0
2025-01-20T05:44:31.501Z,1737351871.5016,0.777464747428894,1.3984489440917969,0
2025-01-20T05:44:32.001Z,1737351872.0016,0.7122188806533813,1.3984489440917969,0
2025-01-20T05:44:32.501Z,1737351872.5016,0.932752251625061,1.3984489440917969,0
2025-01-20T05:44:33.001Z,1737351873.0016,0.9115757346153259,1.3984489440917969,0
2025-01-20T05:44:33.501Z,1737351873.5016,0.8690303564071655,1.3984489440917969,0
2025-01-20T05:44:34.001Z,1737351874.0016,0.9636693596839905,1.3984489440917969,0
2025-01-20T05:44:34.501Z,1737351874.5016,1.0945370197296143,1.3984489440917969,0
2025-01-20T05:44:35.001Z,1737351875.0016,0.973720908164978,1.3984489440917969,0
2025-01-20T05:44:35.501Z,1737351875.5016,0.6972566246986389,1.3984489440917969,0
2025-01-20T05:44:36.001Z,1737351876.0016,1.0370814800262451,1.3984489440917969,0
2025-01-20T05:44:36.501Z,1737351876.5016,1.0612602233886719,1.3984489440917969,0
2025-01-20T05:44:37.001Z,1737351877.0016,1.0239686965942383,1.3984489440917969,0
2025-01-20T05:44:37.501Z,1737351877.5016,1.0140019655227661,1.3984489440917969,0
2025-01-20T05:44:38.001Z,1737351878.0016,0.8662154674530029,1.3984489440917969,0
2025-01-20T05:44:38.501Z,1737351878.5016,0.9222627878189087,1.3984489440917969,0
2025-01-20T05:44:39.001Z,1737351879.0016,0.9120420217514038,1.3984489440917969,0
2025-01-20T05:44:39.501Z,1737351879.5016,0.9945935010910034,1.3984489440917969,0
2025-01-20T05:44:40.001Z,1737351880.0016,0.9271799325942993,1.3984489440917969,0
2025-01-20T05:44:40.501Z,1737351880.5016,0.8104405403137207,1.3984489440917969,0
2025-01-20T05:44:41.001Z,1737351881.0016,0.8619911074638367,1.3984489440917969,0
2025-01-20T05:44:41.501Z,1737351881.5016,1.1686843633651733,1.3984489440917969,0
2025-01-20T05:44:42.001Z,1737351882.0016,0.8629209995269775,1.3984489440917969,0
2025-01-20T05:44:42.501Z,1737351882.5016,1.0960537195205688,1.3984489440917969,0
2025-01-20T05:44:43.001Z,1737351883.0016,1.1162419319152832,1.3984489440917969,0
2025-01-20T05:44:43.501Z,1737351883.5016,0.8271962404251099,1.3984489440917969,0
2025-01-20T05:44:44.001Z,1737351884.0016,0.7290977239608765,1.3984489440917969,0
2025-01-20T05:44:44.501Z,1737351884.5016,0.9180396199226379,1.3984489440917969,0
2025-01-20T05:44:45.001Z,1737351885.0016,0.9190303087234497,1.3984489440917969,0
2025-01-20T05:44:45.501Z,1737351885.5016,0.9039210677146912,1.3984489440917969,0
2025-01-20T05:44:46.001Z,1737351886.0016,1.194926142692566,1.3984489440917969,0
2025-01-20T05:44:46.501Z,1737351886.5016,0.8931931257247925,1.3984489440917969,0
2025-01-20T05:44:47.001Z,1737351887.0016,0.8941787481307983,1.3984489440917969,0
2025-01-20T05:44:47.501Z,1737351887.5016,0.8655922412872314,1.3984489440917969,0
2025-01-20T05:44:48.001Z,1737351888.0016,1.0690288543701172,1.3984489440917969,0
2025-01-20T05:44:48.501Z,1737351888.5016,1.0813775062561035,1.3984489440917969,0
2025-01-20T05:44:49.001Z,1737351889.0016,1.1873446702957153,1.3984489440917969,0
2025-01-20T05:44:49.501Z,1737351889.5016,0.9819903373718262,1.3984489440917969,0
2025-01-20T05:44:50.001Z,1737351890.0016,1.0588958263397217,1.3984489440917969,0
2025-01-20T05:44:50.501Z,1737351890.5016,0.8899105191230774,1.3984489440917969,0
2025-01-20T05:44:51.001Z,1737351891.0016,0.7507864236831665,1.3984489440917969,0
2025-01-20T05:44:51.501Z,1737351891.5016,1.1012928485870361,1.3984489440917969,0
2025-01-20T05:44:52.001Z,1737351892.0016,1.3129000663757324,1.3984489440917969,0
2025-01-20T05:44:52.501Z,1737351892.5016,0.847686767578125,1.3984489440917969,0
2025-01-20T05:44:53.001Z,1737351893.0016,1.0952625274658203,1.3984489440917969,0
2025-01-20T05:44:53.501Z,1737351893.5016,1.1825826168060303,1.3984489440917969,0
2025-01-20T05:44:54.001Z,1737351894.0016,1.0420840978622437,1.3984489440917969,0
2025-01-20T05:44:54.501Z,1737351894.5016,0.9843116998672485,1.3984489440917969,0
2025-01-20T05:44:55.001Z,1737351895.0016,1.054560899734497,1.3984489440917969,0
2025-01-20T05:44:55.501Z,1737351895.5016,0.8717870116233826,1.3984489440917969,0
2025-01-20T05:44:56.001Z,1737351896.0016,0.7886936664581299,1.3984489440917969,0
2025-01-20T05:44:56.501Z,1737351896.5016,0.9533485174179077,1.3984489440917969,0
2025-01-20T05:44:57.001Z,1737351897.0016,0.9454441666603088,1.3984489440917969,0
2025-01-20T05:44:57.501Z,1737351897.5016,0.8923254013061523,1.3984489440917969,0
2025-01-20T05:44:58.001Z,1737351898.0016,0.9361611604690552,1.3984489440917969,0
2025-01-20T05:44:58.501Z,1737351898.5016,0.7296345829963684,1.3984489440917969,0
2025-01-20T05:44:59.001Z,1737351899.0016,0.7393925189971924,1.3984489440917969,0
2025-01-20T05:44:59.501Z,1737351899.5016,0.8279497623443604,1.3984489440917969,0
